date,price,log_price,r
1992-05-21,4.38,1.4770487243883548,0.0
1992-05-22,4.53,1.5107219394949427,0.03367321510658794
1992-05-26,4.38,1.4770487243883548,-0.03367321510658794
1992-05-27,4.44,1.4906543764441336,0.013605652055778794
1992-05-28,4.47,1.4973884086254774,0.00673403218134383
1992-05-29,4.56,1.5173226235262947,0.01993421490081726
1992-06-01,4.63,1.5325568680981427,0.015234244571848077
1992-06-02,4.66,1.5390154481375546,0.00645858003941191
1992-06-03,4.5,1.5040773967762742,-0.034938051361280476
1992-06-04,4.38,1.4770487243883548,-0.027028672387919395
1992-06-05,4.31,1.4609379041156563,-0.0161108202726985
1992-06-08,4.31,1.4609379041156563,0.0
1992-06-09,4.13,1.4182774069729414,-0.042660497142714915
1992-06-10,4.13,1.4182774069729414,0.0
1992-06-11,4.1,1.410986973710262,-0.007290433262679308
1992-06-12,4.19,1.4327007339340465,0.021713760223784462
1992-06-15,4.16,1.425515074273172,-0.007185659660874588
1992-06-16,4.13,1.4182774069729414,-0.007237667300230566
1992-06-17,3.94,1.3711807233098425,-0.047096683663098826
1992-06-18,3.94,1.3711807233098425,0.0
1992-06-19,3.94,1.3711807233098425,0.0
1992-06-22,3.6,1.2809338454620642,-0.0902468778477783
1992-06-23,3.97,1.3787660946990992,0.09783224923703493
1992-06-24,3.94,1.3711807233098425,-0.007585371389256634
1992-06-25,3.88,1.355835153635182,-0.015345569674660497
1992-06-26,3.88,1.355835153635182,0.0
1992-06-29,4.22,1.4398351280479205,0.08399997441273843
1992-06-30,4.28,1.4539530095937054,0.014117881545784972
1992-07-01,4.22,1.4398351280479205,-0.014117881545784972
1992-07-02,4.44,1.4906543764441336,0.0508192483962131
1992-07-06,4.6,1.5260563034950492,0.035401927050915605
1992-07-07,4.6,1.5260563034950492,0.0
1992-07-08,4.47,1.4973884086254774,-0.028667894869571775
1992-07-09,4.53,1.5107219394949427,0.013333530869465315
1992-07-10,4.47,1.4973884086254774,-0.013333530869465315
1992-07-13,4.53,1.5107219394949427,0.013333530869465315
1992-07-14,4.66,1.5390154481375546,0.02829350864261193
1992-07-15,4.56,1.5173226235262947,-0.021692824611259987
1992-07-16,4.75,1.55814461804655,0.040821994520255256
1992-07-17,4.66,1.5390154481375546,-0.01912916990899527
1992-07-20,4.5,1.5040773967762742,-0.034938051361280476
1992-07-21,4.75,1.55814461804655,0.054067221270275745
1992-07-22,4.85,1.5789787049493917,0.02083408690284183
1992-07-23,4.81,1.5706970841176697,-0.008281620831722014
1992-07-24,4.72,1.5518087995974639,-0.018888284520205856
1992-07-27,4.63,1.5325568680981427,-0.01925193149932114
1992-07-28,4.85,1.5789787049493917,0.04642183685124901
1992-07-29,5.0,1.6094379124341003,0.03045920748470854
1992-07-30,5.0,1.6094379124341003,0.0
1992-07-31,5.0,1.6094379124341003,0.0
1992-08-03,4.97,1.6034198401085373,-0.006018072325562951
1992-08-04,4.97,1.6034198401085373,0.0
1992-08-05,4.94,1.5973653311998313,-0.006054508908706069
1992-08-06,5.0,1.6094379124341003,0.01207258123426902
1992-08-07,4.91,1.5912739418064292,-0.018163970627671056
1992-08-10,4.85,1.5789787049493917,-0.012295236857037484
1992-08-11,4.63,1.5325568680981427,-0.04642183685124901
1992-08-12,4.56,1.5173226235262947,-0.015234244571848077
1992-08-13,4.5,1.5040773967762742,-0.013245226750020489
1992-08-14,4.35,1.4701758451005926,-0.03390155167568154
1992-08-17,4.44,1.4906543764441336,0.02047853134354094
1992-08-18,4.41,1.4838746894587547,-0.006779686985378897
1992-08-19,4.53,1.5107219394949427,0.02684725003618804
1992-08-20,4.56,1.5173226235262947,0.006600684031351944
1992-08-21,4.56,1.5173226235262947,0.0
1992-08-24,4.5,1.5040773967762742,-0.013245226750020489
1992-08-25,4.63,1.5325568680981427,0.028479471321868566
1992-08-26,4.75,1.55814461804655,0.02558774994840718
1992-08-27,4.81,1.5706970841176697,0.012552466071119817
1992-08-28,4.85,1.5789787049493917,0.008281620831722014
1992-08-31,4.85,1.5789787049493917,0.0
1992-09-01,4.78,1.5644405465033646,-0.014538158446027127
1992-09-02,4.78,1.5644405465033646,0.0
1992-09-03,4.5,1.5040773967762742,-0.06036314972709045
1992-09-04,4.6,1.5260563034950492,0.021978906718775004
1992-09-08,4.63,1.5325568680981427,0.0065005646030935615
1992-09-09,4.78,1.5644405465033646,0.03188367840522188
1992-09-10,4.91,1.5912739418064292,0.02683339530306461
1992-09-11,4.97,1.6034198401085373,0.012145898302108105
1992-09-14,4.94,1.5973653311998313,-0.006054508908706069
1992-09-15,4.97,1.6034198401085373,0.006054508908706069
1992-09-16,4.94,1.5973653311998313,-0.006054508908706069
1992-09-17,5.1,1.62924053973028,0.031875208530448784
1992-09-18,4.91,1.5912739418064292,-0.03796659792385082
1992-09-21,4.91,1.5912739418064292,0.0
1992-09-22,4.78,1.5644405465033646,-0.02683339530306461
1992-09-23,4.72,1.5518087995974639,-0.012631746905900743
1992-09-24,4.72,1.5518087995974639,0.0
1992-09-25,4.6,1.5260563034950492,-0.0257524961024147
1992-09-28,4.44,1.4906543764441336,-0.035401927050915605
1992-09-29,4.47,1.4973884086254774,0.00673403218134383
1992-09-30,4.44,1.4906543764441336,-0.00673403218134383
1992-10-01,4.47,1.4973884086254774,0.00673403218134383
1992-10-02,4.19,1.4327007339340465,-0.06468767469143089
1992-10-05,4.13,1.4182774069729414,-0.014423326961105154
1992-10-06,4.22,1.4398351280479205,0.021557721074979108
1992-10-07,4.38,1.4770487243883548,0.03721359634043431
1992-10-08,4.56,1.5173226235262947,0.040273899137939884
1992-10-09,4.44,1.4906543764441336,-0.02666824708216109
1992-10-12,4.44,1.4906543764441336,0.0
1992-10-13,4.44,1.4906543764441336,0.0
1992-10-14,4.5,1.5040773967762742,0.0134230203321406
1992-10-15,4.47,1.4973884086254774,-0.006688988150796771
1992-10-16,4.5,1.5040773967762742,0.006688988150796771
1992-10-19,4.56,1.5173226235262947,0.013245226750020489
1992-10-20,4.66,1.5390154481375546,0.021692824611259987
1992-10-21,4.56,1.5173226235262947,-0.021692824611259987
1992-10-22,4.6,1.5260563034950492,0.008733679968754515
1992-10-23,4.56,1.5173226235262947,-0.008733679968754515
1992-10-26,4.66,1.5390154481375546,0.021692824611259987
1992-10-27,4.78,1.5644405465033646,0.025425098365809973
1992-10-28,4.97,1.6034198401085373,0.038979293605172716
1992-10-29,5.13,1.6351056591826783,0.03168581907414092
1992-10-30,5.19,1.6467336971777973,0.011628037995119023
1992-11-02,4.97,1.6034198401085373,-0.04331385706925994
1992-11-03,4.91,1.5912739418064292,-0.012145898302108105
1992-11-04,4.94,1.5973653311998313,0.006091389393402036
1992-11-05,5.0,1.6094379124341003,0.01207258123426902
1992-11-06,4.94,1.5973653311998313,-0.01207258123426902
1992-11-09,4.85,1.5789787049493917,-0.01838662625043952
1992-11-10,4.91,1.5912739418064292,0.012295236857037484
1992-11-11,5.03,1.6154199841116479,0.024146042305218662
1992-11-12,5.03,1.6154199841116479,0.0
1992-11-13,4.91,1.5912739418064292,-0.024146042305218662
1992-11-16,4.75,1.55814461804655,-0.033129323759879314
1992-11-17,4.75,1.55814461804655,0.0
1992-11-18,4.81,1.5706970841176697,0.012552466071119817
1992-11-19,4.85,1.5789787049493917,0.008281620831722014
1992-11-20,4.81,1.5706970841176697,-0.008281620831722014
1992-11-23,4.85,1.5789787049493917,0.008281620831722014
1992-11-24,4.75,1.55814461804655,-0.02083408690284183
1992-11-25,4.75,1.55814461804655,0.0
1992-11-27,4.72,1.5518087995974639,-0.006335818449086039
1992-11-30,4.69,1.545432582458188,-0.0063762171392758304
1992-12-01,4.75,1.55814461804655,0.01271203558836187
1992-12-02,4.72,1.5518087995974639,-0.006335818449086039
1992-12-03,4.78,1.5644405465033646,0.012631746905900743
1992-12-04,4.81,1.5706970841176697,0.006256537614305113
1992-12-07,4.88,1.5851452198650557,0.014448135747386015
1992-12-08,4.72,1.5518087995974639,-0.03333642026759187
1992-12-09,4.75,1.55814461804655,0.006335818449086039
1992-12-10,4.69,1.545432582458188,-0.01271203558836187
1992-12-11,4.72,1.5518087995974639,0.0063762171392758304
1992-12-14,4.69,1.545432582458188,-0.0063762171392758304
1992-12-15,4.66,1.5390154481375546,-0.0064171343206334
1992-12-16,4.56,1.5173226235262947,-0.021692824611259987
1992-12-17,4.69,1.545432582458188,0.028109958931893386
1992-12-18,4.72,1.5518087995974639,0.0063762171392758304
1992-12-21,4.75,1.55814461804655,0.006335818449086039
1992-12-22,4.78,1.5644405465033646,0.006295928456814703
1992-12-23,4.69,1.545432582458188,-0.019007964045176573
1992-12-24,4.66,1.5390154481375546,-0.0064171343206334
1992-12-28,4.88,1.5851452198650557,0.0461297717275011
1992-12-29,4.91,1.5912739418064292,0.006128721941373483
1992-12-30,4.97,1.6034198401085373,0.012145898302108105
1992-12-31,5.22,1.6524974018945473,0.04907756178600997
1993-01-04,5.28,1.6639260977181702,0.011428695823622936
1993-01-05,5.22,1.6524974018945473,-0.011428695823622936
1993-01-06,5.25,1.6582280766035324,0.0057306747089851395
1993-01-07,5.16,1.6409365794934714,-0.01729149711006106
1993-01-08,5.19,1.6467336971777973,0.005797117684325892
1993-01-11,5.25,1.6582280766035324,0.011494379425735168
1993-01-12,5.16,1.6409365794934714,-0.01729149711006106
1993-01-13,5.25,1.6582280766035324,0.01729149711006106
1993-01-14,5.22,1.6524974018945473,-0.0057306747089851395
1993-01-15,5.19,1.6467336971777973,-0.005763704716750029
1993-01-18,5.16,1.6409365794934714,-0.005797117684325892
1993-01-19,5.22,1.6524974018945473,0.01156082240107592
1993-01-20,5.25,1.6582280766035324,0.0057306747089851395
1993-01-21,5.28,1.6639260977181702,0.005698021114637797
1993-01-22,5.47,1.6992786164338898,0.03535251871571954
1993-01-25,5.69,1.7387102481382397,0.039431631704349934
1993-01-26,5.78,1.7544036826842861,0.015693434546046436
1993-01-27,5.66,1.7334238922150915,-0.020979790469194626
1993-01-28,5.56,1.715598108262491,-0.017825783952600593
1993-01-29,5.63,1.728109442151599,0.012511333889108078
1993-02-01,5.63,1.728109442151599,0.0
1993-02-02,5.6,1.7227665977411035,-0.005342844410495484
1993-02-03,5.56,1.715598108262491,-0.007168489478612594
1993-02-04,5.44,1.6937790608678513,-0.02181904739463958
1993-02-05,5.31,1.6695918352538475,-0.024187225614003882
1993-02-08,5.28,1.6639260977181702,-0.005665737535677229
1993-02-09,5.25,1.6582280766035324,-0.005698021114637797
1993-02-10,5.25,1.6582280766035324,0.0
1993-02-11,5.22,1.6524974018945473,-0.0057306747089851395
1993-02-12,5.25,1.6582280766035324,0.0057306747089851395
1993-02-16,5.03,1.6154199841116479,-0.04280809249188455
1993-02-17,4.72,1.5518087995974639,-0.06361118451418402
1993-02-18,4.63,1.5325568680981427,-0.01925193149932114
1993-02-19,4.5,1.5040773967762742,-0.028479471321868566
1993-02-22,4.0,1.3862943611198906,-0.1177830356563836
1993-02-23,4.19,1.4327007339340465,0.04640637281415594
1993-02-24,4.6,1.5260563034950492,0.09335556956100266
1993-02-25,4.6,1.5260563034950492,0.0
1993-02-26,4.66,1.5390154481375546,0.012959144642505471
1993-03-01,4.56,1.5173226235262947,-0.021692824611259987
1993-03-02,4.66,1.5390154481375546,0.021692824611259987
1993-03-03,4.6,1.5260563034950492,-0.012959144642505471
1993-03-04,4.41,1.4838746894587547,-0.0421816140362945
1993-03-05,4.5,1.5040773967762742,0.020202707317519497
1993-03-08,4.44,1.4906543764441336,-0.0134230203321406
1993-03-09,4.41,1.4838746894587547,-0.006779686985378897
1993-03-10,4.47,1.4973884086254774,0.013513719166722726
1993-03-11,4.31,1.4609379041156563,-0.036450504509821124
1993-03-12,4.03,1.3937663759585917,-0.06717152815706462
1993-03-15,4.03,1.3937663759585917,0.0
1993-03-16,3.85,1.3480731482996928,-0.04569322765889883
1993-03-17,3.72,1.3137236682850553,-0.03434948001463756
1993-03-18,3.85,1.3480731482996928,0.03434948001463756
1993-03-19,3.69,1.3056264580524357,-0.04244669024725711
1993-03-22,3.78,1.3297240096314962,0.02409755157906046
1993-03-23,3.69,1.3056264580524357,-0.02409755157906046
1993-03-24,3.63,1.2892326482767593,-0.016393809775676393
1993-03-25,3.69,1.3056264580524357,0.016393809775676393
1993-03-26,3.69,1.3056264580524357,0.0
1993-03-29,3.66,1.297463147413275,-0.008163310639160759
1993-03-30,3.72,1.3137236682850553,0.016260520871780315
1993-03-31,4.0,1.3862943611198906,0.0725706928348353
1993-04-01,3.38,1.2178757094949273,-0.16841865162496328
1993-04-02,3.44,1.235471471385307,0.017595761890379702
1993-04-05,3.44,1.235471471385307,0.0
1993-04-06,3.47,1.244154593958768,0.008683122573460933
1993-04-07,3.38,1.2178757094949273,-0.026278884463840635
1993-04-08,3.25,1.1786549963416462,-0.03922071315328113
1993-04-12,3.35,1.208960345836975,0.030305349495328926
1993-04-13,3.31,1.1969481893889715,-0.012012156448003575
1993-04-14,3.31,1.1969481893889715,0.0
1993-04-15,3.25,1.1786549963416462,-0.01829319304732535
1993-04-16,3.22,1.169381359556317,-0.00927363678532922
1993-04-19,3.22,1.169381359556317,0.0
1993-04-20,3.28,1.1878434223960523,0.018462062839735394
1993-04-21,3.25,1.1786549963416462,-0.009188426054406174
1993-04-22,3.35,1.208960345836975,0.030305349495328926
1993-04-23,3.44,1.235471471385307,0.026511125548331904
1993-04-26,3.47,1.244154593958768,0.008683122573460933
1993-04-27,3.56,1.269760544863939,0.02560595090517115
1993-04-28,3.56,1.269760544863939,0.0
1993-04-29,3.6,1.2809338454620642,0.011173300598125158
1993-04-30,3.6,1.2809338454620642,0.0
1993-05-03,3.66,1.297463147413275,0.016529301951210718
1993-05-04,3.81,1.3376291891386096,0.04016604172533467
1993-05-05,3.94,1.3711807233098425,0.03355153417123291
1993-05-06,3.72,1.3137236682850553,-0.05745705502478726
1993-05-07,3.75,1.3217558399823195,0.008032171697264223
1993-05-10,3.63,1.2892326482767593,-0.03252319170556017
1993-05-11,3.56,1.269760544863939,-0.01947210341282024
1993-05-12,3.5,1.252762968495368,-0.01699757636857102
1993-05-13,3.5,1.252762968495368,0.0
1993-05-14,3.47,1.244154593958768,-0.008608374536600127
1993-05-17,3.53,1.2612978709452054,0.017143276986437472
1993-05-18,3.66,1.297463147413275,0.03616527646806955
1993-05-19,3.72,1.3137236682850553,0.016260520871780315
1993-05-20,4.0,1.3862943611198906,0.0725706928348353
1993-05-21,4.06,1.4011829736136412,0.01488861249375062
1993-05-24,3.97,1.3787660946990992,-0.022416878914542027
1993-05-25,3.91,1.3635373739972745,-0.015228720701824683
1993-05-26,3.88,1.355835153635182,-0.007702220362092449
1993-05-27,3.91,1.3635373739972745,0.007702220362092449
1993-05-28,3.88,1.355835153635182,-0.007702220362092449
1993-06-01,3.97,1.3787660946990992,0.022930941063917132
1993-06-02,3.97,1.3787660946990992,0.0
1993-06-03,3.91,1.3635373739972745,-0.015228720701824683
1993-06-04,3.94,1.3711807233098425,0.0076433493125680485
1993-06-07,3.94,1.3711807233098425,0.0
1993-06-08,3.88,1.355835153635182,-0.015345569674660497
1993-06-09,3.81,1.3376291891386096,-0.018205964496572413
1993-06-10,3.69,1.3056264580524357,-0.03200273108617391
1993-06-11,3.72,1.3137236682850553,0.008097210232619556
1993-06-14,3.69,1.3056264580524357,-0.008097210232619556
1993-06-15,3.66,1.297463147413275,-0.008163310639160759
1993-06-16,3.63,1.2892326482767593,-0.008230499136515634
1993-06-17,3.66,1.297463147413275,0.008230499136515634
1993-06-18,3.56,1.269760544863939,-0.027702602549335875
1993-06-21,3.69,1.3056264580524357,0.035865913188496634
1993-06-22,3.6,1.2809338454620642,-0.024692612590371477
1993-06-23,3.44,1.235471471385307,-0.04546237407675724
1993-06-24,3.5,1.252762968495368,0.01729149711006106
1993-06-25,3.6,1.2809338454620642,0.02817087696669618
1993-06-28,3.75,1.3217558399823195,0.040821994520255256
1993-06-29,3.66,1.297463147413275,-0.02429269256904454
1993-06-30,3.5,1.252762968495368,-0.044700178917906896
1993-07-01,3.69,1.3056264580524357,0.052863489557067656
1993-07-02,3.72,1.3137236682850553,0.008097210232619556
1993-07-06,3.69,1.3056264580524357,-0.008097210232619556
1993-07-07,3.88,1.355835153635182,0.05020869558274632
1993-07-08,3.69,1.3056264580524357,-0.05020869558274632
1993-07-09,3.72,1.3137236682850553,0.008097210232619556
1993-07-12,3.78,1.3297240096314962,0.016000341346440905
1993-07-13,3.75,1.3217558399823195,-0.007968169649176682
1993-07-14,3.75,1.3217558399823195,0.0
1993-07-15,3.72,1.3137236682850553,-0.008032171697264223
1993-07-16,3.6,1.2809338454620642,-0.03278982282299103
1993-07-19,3.56,1.269760544863939,-0.011173300598125158
1993-07-20,3.44,1.235471471385307,-0.03428907347863208
1993-07-21,3.44,1.235471471385307,0.0
1993-07-22,3.28,1.1878434223960523,-0.04762804898925466
1993-07-23,3.35,1.208960345836975,0.021116923440922752
1993-07-26,3.44,1.235471471385307,0.026511125548331904
1993-07-27,3.47,1.244154593958768,0.008683122573460933
1993-07-28,3.6,1.2809338454620642,0.036779251503296306
1993-07-29,3.66,1.297463147413275,0.016529301951210718
1993-07-30,3.69,1.3056264580524357,0.008163310639160759
1993-08-02,3.6,1.2809338454620642,-0.024692612590371477
1993-08-03,3.53,1.2612978709452054,-0.019635974516858834
1993-08-04,3.56,1.269760544863939,0.008462673918733676
1993-08-05,3.5,1.252762968495368,-0.01699757636857102
1993-08-06,3.41,1.2267122912954254,-0.026050677199942696
1993-08-09,3.38,1.2178757094949273,-0.008836581800498067
1993-08-10,3.44,1.235471471385307,0.017595761890379702
1993-08-11,3.38,1.2178757094949273,-0.017595761890379702
1993-08-12,3.38,1.2178757094949273,0.0
1993-08-13,3.35,1.208960345836975,-0.008915363657952202
1993-08-16,3.41,1.2267122912954254,0.01775194545845027
1993-08-17,3.5,1.252762968495368,0.026050677199942696
1993-08-18,3.56,1.269760544863939,0.01699757636857102
1993-08-19,3.63,1.2892326482767593,0.01947210341282024
1993-08-20,3.63,1.2892326482767593,0.0
1993-08-23,3.56,1.269760544863939,-0.01947210341282024
1993-08-24,3.56,1.269760544863939,0.0
1993-08-25,3.5,1.252762968495368,-0.01699757636857102
1993-08-26,3.38,1.2178757094949273,-0.03488725900044076
1993-08-27,3.41,1.2267122912954254,0.008836581800498067
1993-08-30,3.35,1.208960345836975,-0.01775194545845027
1993-08-31,3.31,1.1969481893889715,-0.012012156448003575
1993-09-01,3.35,1.208960345836975,0.012012156448003575
1993-09-02,3.44,1.235471471385307,0.026511125548331904
1993-09-03,3.41,1.2267122912954254,-0.008759180089881635
1993-09-07,3.44,1.235471471385307,0.008759180089881635
1993-09-08,3.56,1.269760544863939,0.03428907347863208
1993-09-09,3.53,1.2612978709452054,-0.008462673918733676
1993-09-10,3.5,1.252762968495368,-0.008534902449837345
1993-09-13,3.44,1.235471471385307,-0.01729149711006106
1993-09-14,3.35,1.208960345836975,-0.026511125548331904
1993-09-15,2.81,1.0331844833456545,-0.1757758624913206
1993-09-16,2.53,0.9282193027394288,-0.10496518060622573
1993-09-17,2.6,0.9555114450274363,0.02729214228800758
1993-09-20,2.66,0.9783261227936078,0.02281467776617141
1993-09-21,2.69,0.9895411936137477,0.01121507082013995
1993-09-22,2.72,1.000631880307906,0.011090686694158247
1993-09-23,2.69,0.9895411936137477,-0.011090686694158247
1993-09-24,2.63,0.9669838461896731,-0.02255734742407456
1993-09-27,2.66,0.9783261227936078,0.011342276603934609
1993-09-28,2.63,0.9669838461896731,-0.011342276603934609
1993-09-29,2.6,0.9555114450274363,-0.0114724011622368
1993-09-30,2.56,0.9400072584914712,-0.015504186535965192
1993-10-01,2.53,0.9282193027394288,-0.01178795575204239
1993-10-04,2.5,0.9162907318741551,-0.011928570865273658
1993-10-05,2.44,0.8919980393051105,-0.02429269256904465
1993-10-06,2.44,0.8919980393051105,0.0
1993-10-07,2.41,0.8796267475025636,-0.012371291802546813
1993-10-08,2.44,0.8919980393051105,0.012371291802546813
1993-10-11,2.6,0.9555114450274363,0.06351340572232589
1993-10-12,2.63,0.9669838461896731,0.0114724011622368
1993-10-13,3.06,1.1184149159642893,0.15143106977461618
1993-10-14,3.0,1.0986122886681098,-0.019802627296179542
1993-10-15,3.19,1.1600209167967532,0.06140862812864345
1993-10-18,3.16,1.1505720275988207,-0.00944888919793252
1993-10-19,3.03,1.1085626195212777,-0.04200940807754305
1993-10-20,2.94,1.0784095813505903,-0.030153038170687374
1993-10-21,2.97,1.0885619528146082,0.010152371464017929
1993-10-22,3.0,1.0986122886681098,0.010050335853501569
1993-10-25,3.06,1.1184149159642893,0.019802627296179542
1993-10-26,3.19,1.1600209167967532,0.04160600083246391
1993-10-27,3.19,1.1600209167967532,0.0
1993-10-28,3.1,1.1314021114911006,-0.02861880530565264
1993-10-29,3.19,1.1600209167967532,0.02861880530565264
1993-11-01,3.31,1.1969481893889715,0.036927272592218285
1993-11-02,3.19,1.1600209167967532,-0.036927272592218285
1993-11-03,3.25,1.1786549963416462,0.018634079544892934
1993-11-04,3.25,1.1786549963416462,0.0
1993-11-05,3.25,1.1786549963416462,0.0
1993-11-08,3.35,1.208960345836975,0.030305349495328926
1993-11-09,3.31,1.1969481893889715,-0.012012156448003575
1993-11-10,3.31,1.1969481893889715,0.0
1993-11-11,3.38,1.2178757094949273,0.020927520105955777
1993-11-12,3.35,1.208960345836975,-0.008915363657952202
1993-11-15,3.35,1.208960345836975,0.0
1993-11-16,3.25,1.1786549963416462,-0.030305349495328926
1993-11-17,3.31,1.1969481893889715,0.01829319304732535
1993-11-18,3.38,1.2178757094949273,0.020927520105955777
1993-11-19,3.31,1.1969481893889715,-0.020927520105955777
1993-11-22,3.22,1.169381359556317,-0.02756682983265457
1993-11-23,3.13,1.1410330045520618,-0.028348355004255144
1993-11-24,3.19,1.1600209167967532,0.01898791224469143
1993-11-26,3.19,1.1600209167967532,0.0
1993-11-29,3.1,1.1314021114911006,-0.02861880530565264
1993-11-30,3.1,1.1314021114911006,0.0
1993-12-01,3.16,1.1505720275988207,0.01916991610772012
1993-12-02,3.06,1.1184149159642893,-0.03215711163453139
1993-12-03,3.16,1.1505720275988207,0.03215711163453139
1993-12-06,3.13,1.1410330045520618,-0.00953902304675891
1993-12-07,3.13,1.1410330045520618,0.0
1993-12-08,3.13,1.1410330045520618,0.0
1993-12-09,3.1,1.1314021114911006,-0.00963089306096121
1993-12-10,3.0,1.0986122886681098,-0.03278982282299081
1993-12-13,2.91,1.0681530811834012,-0.03045920748470854
1993-12-14,2.91,1.0681530811834012,0.0
1993-12-15,2.81,1.0331844833456545,-0.03496859783774675
1993-12-16,2.97,1.0885619528146082,0.05537746946895372
1993-12-17,2.97,1.0885619528146082,0.0
1993-12-20,2.94,1.0784095813505903,-0.010152371464017929
1993-12-21,2.97,1.0885619528146082,0.010152371464017929
1993-12-22,2.94,1.0784095813505903,-0.010152371464017929
1993-12-23,3.03,1.1085626195212777,0.030153038170687374
1993-12-27,3.06,1.1184149159642893,0.009852296443011666
1993-12-28,3.16,1.1505720275988207,0.03215711163453139
1993-12-29,3.13,1.1410330045520618,-0.00953902304675891
1993-12-30,3.1,1.1314021114911006,-0.00963089306096121
1993-12-31,3.13,1.1410330045520618,0.00963089306096121
1994-01-03,3.0,1.0986122886681098,-0.04242071588395202
1994-01-04,3.0,1.0986122886681098,0.0
1994-01-05,3.1,1.1314021114911006,0.03278982282299081
1994-01-06,3.22,1.169381359556317,0.03797924806521635
1994-01-07,3.22,1.169381359556317,0.0
1994-01-10,3.38,1.2178757094949273,0.04849434993861035
1994-01-11,3.56,1.269760544863939,0.051884835369011784
1994-01-12,3.53,1.2612978709452054,-0.008462673918733676
1994-01-13,3.63,1.2892326482767593,0.027934777331553917
1994-01-14,3.63,1.2892326482767593,0.0
1994-01-17,3.66,1.297463147413275,0.008230499136515634
1994-01-18,3.85,1.3480731482996928,0.05061000088641787
1994-01-19,3.85,1.3480731482996928,0.0
1994-01-20,3.85,1.3480731482996928,0.0
1994-01-21,3.75,1.3217558399823195,-0.026317308317373334
1994-01-24,3.81,1.3376291891386096,0.01587334915629013
1994-01-25,3.75,1.3217558399823195,-0.01587334915629013
1994-01-26,3.75,1.3217558399823195,0.0
1994-01-27,3.69,1.3056264580524357,-0.01612938192988378
1994-01-28,3.69,1.3056264580524357,0.0
1994-01-31,3.81,1.3376291891386096,0.03200273108617391
1994-02-01,3.78,1.3297240096314962,-0.007905179507113447
1994-02-02,3.85,1.3480731482996928,0.018349138668196652
1994-02-03,3.78,1.3297240096314962,-0.018349138668196652
1994-02-04,3.63,1.2892326482767593,-0.040491361354736854
1994-02-07,3.66,1.297463147413275,0.008230499136515634
1994-02-08,3.63,1.2892326482767593,-0.008230499136515634
1994-02-09,3.66,1.297463147413275,0.008230499136515634
1994-02-10,3.72,1.3137236682850553,0.016260520871780315
1994-02-11,3.69,1.3056264580524357,-0.008097210232619556
1994-02-14,3.66,1.297463147413275,-0.008163310639160759
1994-02-15,3.69,1.3056264580524357,0.008163310639160759
1994-02-16,3.72,1.3137236682850553,0.008097210232619556
1994-02-17,3.75,1.3217558399823195,0.008032171697264223
1994-02-18,3.75,1.3217558399823195,0.0
1994-02-22,3.94,1.3711807233098425,0.04942488332752304
1994-02-23,3.91,1.3635373739972745,-0.0076433493125680485
1994-02-24,3.85,1.3480731482996928,-0.015464225697581657
1994-02-25,3.88,1.355835153635182,0.007762005335489208
1994-02-28,3.91,1.3635373739972745,0.007702220362092449
1994-03-01,3.88,1.355835153635182,-0.007702220362092449
1994-03-02,3.91,1.3635373739972745,0.007702220362092449
1994-03-03,3.97,1.3787660946990992,0.015228720701824683
1994-03-04,3.94,1.3711807233098425,-0.007585371389256634
1994-03-07,4.06,1.4011829736136412,0.03000225030379866
1994-03-08,4.0,1.3862943611198906,-0.01488861249375062
1994-03-09,4.06,1.4011829736136412,0.01488861249375062
1994-03-10,3.94,1.3711807233098425,-0.03000225030379866
1994-03-11,3.97,1.3787660946990992,0.007585371389256634
1994-03-14,3.94,1.3711807233098425,-0.007585371389256634
1994-03-15,3.94,1.3711807233098425,0.0
1994-03-16,3.91,1.3635373739972745,-0.0076433493125680485
1994-03-17,3.91,1.3635373739972745,0.0
1994-03-18,3.88,1.355835153635182,-0.007702220362092449
1994-03-21,3.88,1.355835153635182,0.0
1994-03-22,3.91,1.3635373739972745,0.007702220362092449
1994-03-23,3.78,1.3297240096314962,-0.03381336436577831
1994-03-24,3.63,1.2892326482767593,-0.040491361354736854
1994-03-25,3.53,1.2612978709452054,-0.027934777331553917
1994-03-28,3.6,1.2809338454620642,0.019635974516858834
1994-03-29,3.53,1.2612978709452054,-0.019635974516858834
1994-03-30,3.44,1.235471471385307,-0.025826399559898405
1994-03-31,3.38,1.2178757094949273,-0.017595761890379702
1994-04-04,3.38,1.2178757094949273,0.0
1994-04-05,3.5,1.252762968495368,0.03488725900044076
1994-04-06,3.53,1.2612978709452054,0.008534902449837345
1994-04-07,3.56,1.269760544863939,0.008462673918733676
1994-04-08,3.6,1.2809338454620642,0.011173300598125158
1994-04-11,3.63,1.2892326482767593,0.008298802814695083
1994-04-12,3.6,1.2809338454620642,-0.008298802814695083
1994-04-13,3.6,1.2809338454620642,0.0
1994-04-14,3.56,1.269760544863939,-0.011173300598125158
1994-04-15,3.53,1.2612978709452054,-0.008462673918733676
1994-04-18,3.5,1.252762968495368,-0.008534902449837345
1994-04-19,3.56,1.269760544863939,0.01699757636857102
1994-04-20,3.47,1.244154593958768,-0.02560595090517115
1994-04-21,3.44,1.235471471385307,-0.008683122573460933
1994-04-22,3.41,1.2267122912954254,-0.008759180089881635
1994-04-25,3.5,1.252762968495368,0.026050677199942696
1994-04-26,3.47,1.244154593958768,-0.008608374536600127
1994-04-28,3.47,1.244154593958768,0.0
1994-04-29,3.47,1.244154593958768,0.0
1994-05-02,3.53,1.2612978709452054,0.017143276986437472
1994-05-03,3.56,1.269760544863939,0.008462673918733676
1994-05-04,3.63,1.2892326482767593,0.01947210341282024
1994-05-05,3.6,1.2809338454620642,-0.008298802814695083
1994-05-06,3.56,1.269760544863939,-0.011173300598125158
1994-05-09,3.66,1.297463147413275,0.027702602549335875
1994-05-10,3.6,1.2809338454620642,-0.016529301951210718
1994-05-11,3.75,1.3217558399823195,0.040821994520255256
1994-05-12,3.75,1.3217558399823195,0.0
1994-05-13,3.72,1.3137236682850553,-0.008032171697264223
1994-05-16,3.69,1.3056264580524357,-0.008097210232619556
1994-05-17,3.72,1.3137236682850553,0.008097210232619556
1994-05-18,3.66,1.297463147413275,-0.016260520871780315
1994-05-19,3.69,1.3056264580524357,0.008163310639160759
1994-05-20,3.75,1.3217558399823195,0.01612938192988378
1994-05-23,3.75,1.3217558399823195,0.0
1994-05-24,3.72,1.3137236682850553,-0.008032171697264223
1994-05-25,3.66,1.297463147413275,-0.016260520871780315
1994-05-26,3.72,1.3137236682850553,0.016260520871780315
1994-05-27,3.72,1.3137236682850553,0.0
1994-05-31,3.69,1.3056264580524357,-0.008097210232619556
1994-06-01,3.72,1.3137236682850553,0.008097210232619556
1994-06-02,3.75,1.3217558399823195,0.008032171697264223
1994-06-03,3.81,1.3376291891386096,0.01587334915629013
1994-06-06,3.85,1.3480731482996928,0.010443959161083205
1994-06-07,3.88,1.355835153635182,0.007762005335489208
1994-06-08,3.78,1.3297240096314962,-0.02611114400368586
1994-06-09,3.81,1.3376291891386096,0.007905179507113447
1994-06-10,3.75,1.3217558399823195,-0.01587334915629013
1994-06-13,3.78,1.3297240096314962,0.007968169649176682
1994-06-14,3.78,1.3297240096314962,0.0
1994-06-15,3.63,1.2892326482767593,-0.040491361354736854
1994-06-16,3.66,1.297463147413275,0.008230499136515634
1994-06-17,3.56,1.269760544863939,-0.027702602549335875
1994-06-20,3.35,1.208960345836975,-0.060800199026963986
1994-06-21,3.35,1.208960345836975,0.0
1994-06-22,3.28,1.1878434223960523,-0.021116923440922752
1994-06-23,3.22,1.169381359556317,-0.018462062839735394
1994-06-24,3.06,1.1184149159642893,-0.05096644359202762
1994-06-27,3.03,1.1085626195212777,-0.009852296443011666
1994-06-28,3.16,1.1505720275988207,0.04200940807754305
1994-06-29,3.31,1.1969481893889715,0.046376161790150805
1994-06-30,3.16,1.1505720275988207,-0.046376161790150805
1994-07-01,3.22,1.169381359556317,0.018809331957496234
1994-07-05,3.28,1.1878434223960523,0.018462062839735394
1994-07-06,3.28,1.1878434223960523,0.0
1994-07-07,3.35,1.208960345836975,0.021116923440922752
1994-07-08,3.31,1.1969481893889715,-0.012012156448003575
1994-07-11,3.28,1.1878434223960523,-0.009104766992919178
1994-07-12,3.5,1.252762968495368,0.06491954609931572
1994-07-13,3.41,1.2267122912954254,-0.026050677199942696
1994-07-14,3.44,1.235471471385307,0.008759180089881635
1994-07-15,3.38,1.2178757094949273,-0.017595761890379702
1994-07-18,3.5,1.252762968495368,0.03488725900044076
1994-07-19,3.47,1.244154593958768,-0.008608374536600127
1994-07-20,3.41,1.2267122912954254,-0.017442302663342568
1994-07-21,3.47,1.244154593958768,0.017442302663342568
1994-07-22,3.47,1.244154593958768,0.0
1994-07-25,3.35,1.208960345836975,-0.03519424812179284
1994-07-26,3.35,1.208960345836975,0.0
1994-07-27,3.44,1.235471471385307,0.026511125548331904
1994-07-28,3.41,1.2267122912954254,-0.008759180089881635
1994-07-29,3.41,1.2267122912954254,0.0
1994-08-01,3.44,1.235471471385307,0.008759180089881635
1994-08-02,3.38,1.2178757094949273,-0.017595761890379702
1994-08-03,3.38,1.2178757094949273,0.0
1994-08-04,3.38,1.2178757094949273,0.0
1994-08-05,3.38,1.2178757094949273,0.0
1994-08-08,3.35,1.208960345836975,-0.008915363657952202
1994-08-09,3.41,1.2267122912954254,0.01775194545845027
1994-08-10,3.6,1.2809338454620642,0.054221554166638875
1994-08-11,3.44,1.235471471385307,-0.04546237407675724
1994-08-12,3.53,1.2612978709452054,0.025826399559898405
1994-08-15,3.41,1.2267122912954254,-0.03458557964978004
1994-08-16,3.44,1.235471471385307,0.008759180089881635
1994-08-17,3.47,1.244154593958768,0.008683122573460933
1994-08-18,3.69,1.3056264580524357,0.06147186409366778
1994-08-19,3.75,1.3217558399823195,0.01612938192988378
1994-08-22,3.75,1.3217558399823195,0.0
1994-08-23,3.78,1.3297240096314962,0.007968169649176682
1994-08-24,3.97,1.3787660946990992,0.04904208506760299
1994-08-25,3.94,1.3711807233098425,-0.007585371389256634
1994-08-26,3.97,1.3787660946990992,0.007585371389256634
1994-08-29,4.0,1.3862943611198906,0.007528266420791407
1994-08-30,4.13,1.4182774069729414,0.031983045853050784
1994-08-31,4.16,1.425515074273172,0.007237667300230566
1994-09-01,4.13,1.4182774069729414,-0.007237667300230566
1994-09-02,4.03,1.3937663759585917,-0.024511031014349705
1994-09-06,4.03,1.3937663759585917,0.0
1994-09-07,4.03,1.3937663759585917,0.0
1994-09-08,4.13,1.4182774069729414,0.024511031014349705
1994-09-09,4.13,1.4182774069729414,0.0
1994-09-12,3.97,1.3787660946990992,-0.03951131227384219
1994-09-13,4.0,1.3862943611198906,0.007528266420791407
1994-09-14,4.13,1.4182774069729414,0.031983045853050784
1994-09-15,4.06,1.4011829736136412,-0.017094433359300165
1994-09-16,4.06,1.4011829736136412,0.0
1994-09-19,3.97,1.3787660946990992,-0.022416878914542027
1994-09-20,4.0,1.3862943611198906,0.007528266420791407
1994-09-21,4.03,1.3937663759585917,0.00747201483870108
1994-09-22,4.0,1.3862943611198906,-0.00747201483870108
1994-09-23,4.0,1.3862943611198906,0.0
1994-09-26,3.97,1.3787660946990992,-0.007528266420791407
1994-09-27,3.94,1.3711807233098425,-0.007585371389256634
1994-09-28,4.0,1.3862943611198906,0.015113637810048042
1994-09-29,3.94,1.3711807233098425,-0.015113637810048042
1994-09-30,3.97,1.3787660946990992,0.007585371389256634
1994-10-03,4.0,1.3862943611198906,0.007528266420791407
1994-10-04,4.0,1.3862943611198906,0.0
1994-10-05,3.97,1.3787660946990992,-0.007528266420791407
1994-10-06,4.0,1.3862943611198906,0.007528266420791407
1994-10-07,4.06,1.4011829736136412,0.01488861249375062
1994-10-10,4.19,1.4327007339340465,0.03151776032040532
1994-10-11,4.16,1.425515074273172,-0.007185659660874588
1994-10-12,4.13,1.4182774069729414,-0.007237667300230566
1994-10-13,4.16,1.425515074273172,0.007237667300230566
1994-10-14,4.25,1.4469189829363254,0.021403908663153448
1994-10-17,4.13,1.4182774069729414,-0.028641575963384014
1994-10-18,4.0,1.3862943611198906,-0.031983045853050784
1994-10-19,4.13,1.4182774069729414,0.031983045853050784
1994-10-20,4.16,1.425515074273172,0.007237667300230566
1994-10-21,4.19,1.4327007339340465,0.007185659660874588
1994-10-24,4.22,1.4398351280479205,0.007134394113873954
1994-10-25,4.16,1.425515074273172,-0.014320053774748542
1994-10-26,4.16,1.425515074273172,0.0
1994-10-27,4.16,1.425515074273172,0.0
1994-10-28,4.22,1.4398351280479205,0.014320053774748542
1994-10-31,4.41,1.4838746894587547,0.044039561410834205
1994-11-01,4.41,1.4838746894587547,0.0
1994-11-02,4.31,1.4609379041156563,-0.022936785343098398
1994-11-03,4.25,1.4469189829363254,-0.014018921179330901
1994-11-04,4.22,1.4398351280479205,-0.007083854888404906
1994-11-07,4.28,1.4539530095937054,0.014117881545784972
1994-11-08,4.16,1.425515074273172,-0.028437935320533514
1994-11-09,4.03,1.3937663759585917,-0.03174869831458027
1994-11-10,4.0,1.3862943611198906,-0.00747201483870108
1994-11-11,4.03,1.3937663759585917,0.00747201483870108
1994-11-14,4.0,1.3862943611198906,-0.00747201483870108
1994-11-15,4.06,1.4011829736136412,0.01488861249375062
1994-11-16,4.06,1.4011829736136412,0.0
1994-11-17,3.97,1.3787660946990992,-0.022416878914542027
1994-11-18,4.0,1.3862943611198906,0.007528266420791407
1994-11-21,4.06,1.4011829736136412,0.01488861249375062
1994-11-22,3.97,1.3787660946990992,-0.022416878914542027
1994-11-23,3.97,1.3787660946990992,0.0
1994-11-25,4.0,1.3862943611198906,0.007528266420791407
1994-11-28,4.0,1.3862943611198906,0.0
1994-11-29,4.0,1.3862943611198906,0.0
1994-11-30,4.0,1.3862943611198906,0.0
1994-12-01,4.03,1.3937663759585917,0.00747201483870108
1994-12-02,4.0,1.3862943611198906,-0.00747201483870108
1994-12-05,3.97,1.3787660946990992,-0.007528266420791407
1994-12-06,4.0,1.3862943611198906,0.007528266420791407
1994-12-07,4.0,1.3862943611198906,0.0
1994-12-08,3.91,1.3635373739972745,-0.02275698712261609
1994-12-09,3.85,1.3480731482996928,-0.015464225697581657
1994-12-12,3.88,1.355835153635182,0.007762005335489208
1994-12-13,3.94,1.3711807233098425,0.015345569674660497
1994-12-14,3.97,1.3787660946990992,0.007585371389256634
1994-12-15,4.0,1.3862943611198906,0.007528266420791407
1994-12-16,4.0,1.3862943611198906,0.0
1994-12-19,3.97,1.3787660946990992,-0.007528266420791407
1994-12-20,4.03,1.3937663759585917,0.015000281259492487
1994-12-21,4.1,1.410986973710262,0.017220597751670397
1994-12-22,4.13,1.4182774069729414,0.007290433262679308
1994-12-23,4.16,1.425515074273172,0.007237667300230566
1994-12-27,4.13,1.4182774069729414,-0.007237667300230566
1994-12-28,4.13,1.4182774069729414,0.0
1994-12-29,4.19,1.4327007339340465,0.014423326961105154
1994-12-30,4.35,1.4701758451005926,0.037475111166546116
1995-01-03,4.19,1.4327007339340465,-0.037475111166546116
1995-01-04,4.53,1.5107219394949427,0.0780212055608962
1995-01-05,4.72,1.5518087995974639,0.04108686010252116
1995-01-06,4.78,1.5644405465033646,0.012631746905900743
1995-01-09,4.69,1.545432582458188,-0.019007964045176573
1995-01-10,4.6,1.5260563034950492,-0.01937627896313887
1995-01-11,4.53,1.5107219394949427,-0.01533436400010646
1995-01-12,4.53,1.5107219394949427,0.0
1995-01-13,4.56,1.5173226235262947,0.006600684031351944
1995-01-16,4.6,1.5260563034950492,0.008733679968754515
1995-01-17,4.6,1.5260563034950492,0.0
1995-01-18,4.6,1.5260563034950492,0.0
1995-01-19,4.66,1.5390154481375546,0.012959144642505471
1995-01-20,4.56,1.5173226235262947,-0.021692824611259987
1995-01-23,4.5,1.5040773967762742,-0.013245226750020489
1995-01-24,4.56,1.5173226235262947,0.013245226750020489
1995-01-25,4.56,1.5173226235262947,0.0
1995-01-26,4.66,1.5390154481375546,0.021692824611259987
1995-01-27,4.56,1.5173226235262947,-0.021692824611259987
1995-01-30,4.47,1.4973884086254774,-0.01993421490081726
1995-01-31,4.63,1.5325568680981427,0.03516845947266534
1995-02-01,4.6,1.5260563034950492,-0.0065005646030935615
1995-02-02,4.53,1.5107219394949427,-0.01533436400010646
1995-02-03,4.47,1.4973884086254774,-0.013333530869465315
1995-02-06,4.5,1.5040773967762742,0.006688988150796771
1995-02-07,4.5,1.5040773967762742,0.0
1995-02-08,4.5,1.5040773967762742,0.0
1995-02-09,4.5,1.5040773967762742,0.0
1995-02-10,4.56,1.5173226235262947,0.013245226750020489
1995-02-13,4.63,1.5325568680981427,0.015234244571848077
1995-02-14,4.63,1.5325568680981427,0.0
1995-02-15,4.69,1.545432582458188,0.01287571436004531
1995-02-16,4.69,1.545432582458188,0.0
1995-02-17,4.69,1.545432582458188,0.0
1995-02-21,4.6,1.5260563034950492,-0.01937627896313887
1995-02-22,4.85,1.5789787049493917,0.05292240145434257
1995-02-23,5.13,1.6351056591826783,0.05612695423328651
1995-02-24,5.13,1.6351056591826783,0.0
1995-02-27,5.35,1.6770965609079151,0.041990901725236895
1995-02-28,5.41,1.6882490928583902,0.011152531950475053
1995-03-01,5.6,1.7227665977411035,0.034517504882713324
1995-03-02,5.5,1.7047480922384253,-0.01801850550267825
1995-03-03,5.5,1.7047480922384253,0.0
1995-03-06,5.5,1.7047480922384253,0.0
1995-03-07,5.38,1.682688374173693,-0.02205971806473217
1995-03-08,5.5,1.7047480922384253,0.02205971806473217
1995-03-09,5.47,1.6992786164338898,-0.005469475804535495
1995-03-10,5.66,1.7334238922150915,0.034145275781201745
1995-03-13,5.66,1.7334238922150915,0.0
1995-03-14,5.94,1.7817091333745536,0.04828524115946209
1995-03-15,6.16,1.8180767775454285,0.0363676441708749
1995-03-16,6.13,1.81319474994812,-0.0048820275973084915
1995-03-17,6.06,1.801709800081223,-0.011484949866896965
1995-03-20,6.06,1.801709800081223,0.0
1995-03-21,6.19,1.8229350866965048,0.02122528661528178
1995-03-22,6.22,1.827769906751088,0.004834820054583133
1995-03-23,6.35,1.8484548129046001,0.02068490615351215
1995-03-24,6.38,1.8531680973566984,0.0047132844520982875
1995-03-27,6.53,1.8764069432883397,0.023238845931641272
1995-03-28,6.47,1.8671761085128091,-0.00923083477553055
1995-03-29,6.35,1.8484548129046001,-0.01872129560820901
1995-03-30,6.22,1.827769906751088,-0.02068490615351215
1995-03-31,6.16,1.8180767775454285,-0.009693129205659456
1995-04-03,6.31,1.8421356765531218,0.024058899007693313
1995-04-04,6.44,1.8625285401162623,0.020392863563140518
1995-04-05,6.91,1.9329696377795786,0.0704410976633163
1995-04-06,7.0,1.9459101490553132,0.01294051127573459
1995-04-07,6.72,1.9050881545350582,-0.040821994520255034
1995-04-10,6.88,1.9286186519452522,0.023530497410193973
1995-04-11,6.85,1.9242486522741338,-0.004369999671118396
1995-04-12,6.81,1.918392120161421,-0.0058565321127128644
1995-04-13,6.91,1.9329696377795786,0.014577517618157732
1995-04-17,6.94,1.937301774518713,0.004332136739134462
1995-04-18,6.91,1.9329696377795786,-0.004332136739134462
1995-04-19,6.72,1.9050881545350582,-0.027881483244520444
1995-04-20,6.6,1.8870696490323797,-0.018018505502678472
1995-04-21,6.6,1.8870696490323797,0.0
1995-04-24,6.66,1.8961194845522977,0.009049835519918004
1995-04-25,6.5,1.8718021769015913,-0.024317307650706388
1995-04-26,6.56,1.8809906029559975,0.009188426054406174
1995-04-27,6.69,1.900613874140137,0.019623271184139535
1995-04-28,6.81,1.918392120161421,0.01777824602128386
1995-05-01,6.78,1.9139771019523042,-0.004415018209116717
1995-05-02,7.1,1.9600947840472698,0.046117682094965584
1995-05-03,7.13,1.9643112344262046,0.004216450378934811
1995-05-04,7.13,1.9643112344262046,0.0
1995-05-05,6.81,1.918392120161421,-0.04591911426478368
1995-05-08,6.94,1.937301774518713,0.018909654357292194
1995-05-09,6.94,1.937301774518713,0.0
1995-05-10,7.1,1.9600947840472698,0.022793009528556674
1995-05-11,7.0,1.9459101490553132,-0.014184634991956546
1995-05-12,6.94,1.937301774518713,-0.008608374536600127
1995-05-15,6.91,1.9329696377795786,-0.004332136739134462
1995-05-16,6.97,1.9416152247724325,0.008645586992853893
1995-05-17,6.81,1.918392120161421,-0.023223104611011625
1995-05-18,6.47,1.8671761085128091,-0.05121601164861178
1995-05-19,6.5,1.8718021769015913,0.004626068388782212
1995-05-22,6.66,1.8961194845522977,0.024317307650706388
1995-05-23,6.81,1.918392120161421,0.02227263560912318
1995-05-24,6.88,1.9286186519452522,0.01022653178383126
1995-05-25,6.78,1.9139771019523042,-0.014641549992947978
1995-05-26,6.94,1.937301774518713,0.02332467256640891
1995-05-30,6.91,1.9329696377795786,-0.004332136739134462
1995-05-31,7.19,1.9726911717329554,0.03972153395337674
1995-06-01,7.06,1.9544450515051506,-0.018246120227804807
1995-06-02,7.0,1.9459101490553132,-0.008534902449837345
1995-06-05,7.1,1.9600947840472698,0.014184634991956546
1995-06-06,7.1,1.9600947840472698,0.0
1995-06-07,7.1,1.9600947840472698,0.0
1995-06-08,7.03,1.9501867058225735,-0.009908078224696304
1995-06-09,7.1,1.9600947840472698,0.009908078224696304
1995-06-12,7.22,1.9768549529047348,0.016760168857465008
1995-06-13,7.44,2.0068708488450007,0.03001589594026588
1995-06-14,7.5,2.0149030205422647,0.008032171697264001
1995-06-15,7.6,2.028148247292285,0.013245226750020489
1995-06-16,7.81,2.0554049638515948,0.027256716559309613
1995-06-19,8.0,2.0794415416798357,0.02403657782824098
1995-06-20,8.06,2.086913556518537,0.007472014838701302
1995-06-21,8.19,2.102913897864978,0.016000341346440905
1995-06-22,8.19,2.102913897864978,0.0
1995-06-23,8.16,2.0992441689760155,-0.0036697288889624424
1995-06-26,7.75,2.0476928433652555,-0.051551325610760035
1995-06-27,7.81,2.0554049638515948,0.007712120486339291
1995-06-28,8.0,2.0794415416798357,0.02403657782824098
1995-06-29,7.94,2.0719132752590443,-0.007528266420791407
1995-06-30,7.97,2.075684492802124,0.003771217543079519
1995-07-03,7.97,2.075684492802124,0.0
1995-07-05,7.94,2.0719132752590443,-0.003771217543079519
1995-07-06,8.25,2.1102132003465894,0.038299925087545095
1995-07-07,8.1,2.0918640616783932,-0.018349138668196208
1995-07-10,7.63,2.0320878452963655,-0.05977621638202768
1995-07-11,8.22,2.1065702090680887,0.07448236377172313
1995-07-12,8.16,2.0992441689760155,-0.0073260400920731605
1995-07-13,8.1,2.0918640616783932,-0.007380107297622285
1995-07-14,8.28,2.1138429683971682,0.021978906718775004
1995-07-17,8.25,2.1102132003465894,-0.0036297680505787966
1995-07-18,8.1,2.0918640616783932,-0.018349138668196208
1995-07-19,7.81,2.0554049638515948,-0.03645909782679846
1995-07-20,8.16,2.0992441689760155,0.043839205124420744
1995-07-21,8.28,2.1138429683971682,0.01459879942115272
1995-07-24,8.38,2.125847914493992,0.012004946096823677
1995-07-25,8.75,2.169053700369523,0.043205785875531255
1995-07-26,8.75,2.169053700369523,0.0
1995-07-27,9.38,2.238579763018133,0.06952606264861005
1995-07-28,8.97,2.1938856760707046,-0.0446940869474286
1995-07-31,9.13,2.211565694606877,0.017680018536172515
1995-08-01,9.03,2.200552367428894,-0.01101332717798309
1995-08-02,9.25,2.224623551524334,0.024071184095439957
1995-08-03,9.19,2.2181159363675955,-0.006507615156738478
1995-08-04,9.28,2.2278615467981093,0.009745610430513807
1995-08-07,9.25,2.224623551524334,-0.0032379952737753293
1995-08-08,9.44,2.244955980157409,0.02033242863307505
1995-08-09,9.5,2.2512917986064953,0.006335818449086261
1995-08-10,9.69,2.2710944259026746,0.01980262729617932
1995-08-11,9.53,2.254444717666111,-0.016649708236563754
1995-08-14,9.75,2.277267285009756,0.022822567343645073
1995-08-15,9.5,2.2512917986064953,-0.02597548640326064
1995-08-16,9.6,2.2617630984737906,0.010471299867295336
1995-08-17,9.75,2.277267285009756,0.015504186535965303
1995-08-18,9.66,2.2679936482244267,-0.00927363678532922
1995-08-21,9.44,2.244955980157409,-0.02303766806701768
1995-08-22,9.28,2.2278615467981093,-0.01709443335929972
1995-08-23,9.5,2.2512917986064953,0.023430251808385982
1995-08-24,9.78,2.280339484046726,0.02904768544023062
1995-08-25,9.69,2.2710944259026746,-0.009245058144051299
1995-08-28,9.72,2.2741856184723477,0.0030911925696730513
1995-08-29,9.75,2.277267285009756,0.0030816665374082675
1995-08-30,9.97,2.299580583973747,0.022313298963990924
1995-08-31,9.94,2.2965670206684825,-0.0030135633052643662
1995-09-01,9.97,2.299580583973747,0.0030135633052643662
1995-09-05,9.97,2.299580583973747,0.0
1995-09-06,9.94,2.2965670206684825,-0.0030135633052643662
1995-09-07,9.97,2.299580583973747,0.0030135633052643662
1995-09-08,9.91,2.2935443483418965,-0.006036235631850406
1995-09-11,9.88,2.2905125117597764,-0.003031836582120029
1995-09-12,9.75,2.277267285009756,-0.013245226750020489
1995-09-13,9.94,2.2965670206684825,0.019299735658726558
1995-09-14,10.13,2.315501318260592,0.018934297592109406
1995-09-15,10.35,2.336986519711378,0.02148520145078603
1995-09-18,10.35,2.336986519711378,0.0
1995-09-19,10.53,2.354228326145884,0.017241806434506124
1995-09-20,10.47,2.3485140248824456,-0.005714301263438415
1995-09-21,10.31,2.333114298028869,-0.015399726853576823
1995-09-22,10.22,2.3243465847755584,-0.008767713253310383
1995-09-25,10.16,2.318458442150336,-0.0058881426252224145
1995-09-26,10.25,2.327277705584417,0.008819263434081126
1995-09-27,10.22,2.3243465847755584,-0.0029311208088587115
1995-09-28,10.5,2.3513752571634776,0.027028672387919173
1995-09-29,10.88,2.3869262414277967,0.03555098426431913
1995-10-02,10.63,2.363680192353857,-0.0232460490739399
1995-10-03,10.28,2.330200260027019,-0.03347993232683777
1995-10-04,10.44,2.3456445824544927,0.015444322427473622
1995-10-05,10.6,2.3608540011180215,0.015209418663528762
1995-10-06,10.44,2.3456445824544927,-0.015209418663528762
1995-10-09,10.16,2.318458442150336,-0.02718614030415667
1995-10-10,10.03,2.305580601973844,-0.012877840176491961
1995-10-11,10.06,2.3085671646715933,0.0029865626977492177
1995-10-12,10.56,2.3570732782781154,0.04850611360652213
1995-10-13,10.41,2.3427668826268775,-0.014306395651237924
1995-10-16,10.41,2.3427668826268775,0.0
1995-10-17,10.53,2.354228326145884,0.011461443519006576
1995-10-18,10.53,2.354228326145884,0.0
1995-10-19,10.44,2.3456445824544927,-0.008583743691391366
1995-10-20,10.0,2.302585092994046,-0.0430594894604468
1995-10-23,10.53,2.354228326145884,0.051643233151838164
1995-10-24,10.69,2.3693087250369538,0.015080398891069713
1995-10-25,10.53,2.354228326145884,-0.015080398891069713
1995-10-26,10.47,2.3485140248824456,-0.005714301263438415
1995-10-27,10.47,2.3485140248824456,0.0
1995-10-30,10.66,2.3664984187376983,0.017984393855252634
1995-10-31,10.53,2.354228326145884,-0.012270092591814219
1995-11-01,10.31,2.333114298028869,-0.021114028117015238
1995-11-02,10.16,2.318458442150336,-0.014655855878532797
1995-11-03,10.38,2.3398808777377424,0.02142243558740642
1995-11-06,10.19,2.321406847234633,-0.01847403050310925
1995-11-07,10.28,2.330200260027019,0.00879341279238588
1995-11-08,10.25,2.327277705584417,-0.002922554442601921
1995-11-09,10.44,2.3456445824544927,0.018366876870075544
1995-11-10,10.38,2.3398808777377424,-0.005763704716750251
1995-11-13,10.56,2.3570732782781154,0.017192400540372965
1995-11-14,10.41,2.3427668826268775,-0.014306395651237924
1995-11-15,10.19,2.321406847234633,-0.021360035392244292
1995-11-16,10.1,2.312535423847214,-0.00887142338741942
1995-11-17,10.31,2.333114298028869,0.02057887418165505
1995-11-20,10.53,2.354228326145884,0.021114028117015238
1995-11-21,10.53,2.354228326145884,0.0
1995-11-22,10.38,2.3398808777377424,-0.014347448408141616
1995-11-24,10.38,2.3398808777377424,0.0
1995-11-27,10.19,2.321406847234633,-0.01847403050310925
1995-11-28,10.19,2.321406847234633,0.0
1995-11-29,10.28,2.330200260027019,0.00879341279238588
1995-11-30,10.13,2.315501318260592,-0.014698941766427165
1995-12-01,9.94,2.2965670206684825,-0.018934297592109406
1995-12-04,9.66,2.2679936482244267,-0.028573372444055778
1995-12-05,10.13,2.315501318260592,0.047507670036165184
1995-12-06,10.25,2.327277705584417,0.011776387323825244
1995-12-07,10.35,2.336986519711378,0.009708814126960785
1995-12-08,10.44,2.3456445824544927,0.008658062743114758
1995-12-11,10.75,2.3749057545736716,0.02926117211917889
1995-12-12,10.81,2.3804716316511167,0.005565877077445158
1995-12-13,11.06,2.403334996094189,0.022863364443072243
1995-12-14,11.6,2.451005098112319,0.047670102018130045
1995-12-15,11.72,2.4612967841488667,0.01029168603654762
1995-12-18,11.1,2.4069451083182885,-0.054351675830578206
1995-12-19,11.35,2.4292177439274116,0.02227263560912318
1995-12-20,11.56,2.4475508632442313,0.01833311931681969
1995-12-21,11.69,2.458733775483977,0.011182912239745768
1995-12-22,11.81,2.468946630209271,0.010212854725293763
1995-12-26,11.75,2.463853240590168,-0.005093389619102773
1995-12-27,11.78,2.4664031782234406,0.002549937633272492
1995-12-28,11.85,2.47232786758114,0.005924689357699631
1995-12-29,12.31,2.510411940196362,0.03808407261522184
1996-01-02,11.94,2.479894107964456,-0.030517832231906183
1996-01-03,12.22,2.503073953743449,0.023179845778993347
1996-01-04,11.81,2.468946630209271,-0.034127323534178355
1996-01-05,12.1,2.4932054526026954,0.024258822393424584
1996-01-08,11.85,2.47232786758114,-0.020877585021555234
1996-01-09,11.13,2.4096441652874536,-0.06268370229368658
1996-01-10,10.41,2.3427668826268775,-0.06687728266057613
1996-01-11,11.0,2.3978952727983707,0.05512839017149318
1996-01-12,11.0,2.3978952727983707,0.0
1996-01-15,10.44,2.3456445824544927,-0.05225069034387797
1996-01-16,10.75,2.3749057545736716,0.02926117211917889
1996-01-17,10.69,2.3693087250369538,-0.0055970295367178124
1996-01-18,11.63,2.453587966530573,0.08427924149361932
1996-01-19,11.47,2.4397349311412793,-0.013853035389293833
1996-01-22,11.25,2.4203681286504293,-0.019366802490849988
1996-01-23,11.06,2.403334996094189,-0.017033132556240282
1996-01-24,11.53,2.4449523342809676,0.041617338186778596
1996-01-25,11.75,2.463853240590168,0.018900906309200494
1996-01-26,12.38,2.5160822672564502,0.05222902666628215
1996-01-29,12.25,2.505525936990736,-0.01055633026571412
1996-01-30,12.53,2.528125768907977,0.02259983191724091
1996-01-31,12.81,2.550226115908643,0.022100347000665987
1996-02-01,12.56,2.5305171610400525,-0.019708954868590478
1996-02-02,12.38,2.5160822672564502,-0.014434893783602298
1996-02-05,12.13,2.495681722955959,-0.02040054430049132
1996-02-06,12.35,2.513656063073986,0.017974340118027232
1996-02-07,12.13,2.495681722955959,-0.017974340118027232
1996-02-08,12.16,2.498151876538021,0.002470153582061929
1996-02-09,12.38,2.5160822672564502,0.01793039071842939
1996-02-12,12.47,2.523325759691945,0.007243492435494936
1996-02-13,12.31,2.510411940196362,-0.012913819495583123
1996-02-14,11.78,2.4664031782234406,-0.04400876197292147
1996-02-15,11.75,2.463853240590168,-0.002549937633272492
1996-02-16,11.56,2.4475508632442313,-0.016302377345936758
1996-02-20,11.28,2.423031246069913,-0.024519617174318498
1996-02-21,11.28,2.423031246069913,0.0
1996-02-22,11.47,2.4397349311412793,0.016703685071366436
1996-02-23,11.16,2.412335956953165,-0.027398974188114433
1996-02-26,10.78,2.377692565480851,-0.034643391472313656
1996-02-27,10.63,2.363680192353857,-0.014012373126994326
1996-02-28,11.88,2.474856313934499,0.11117612158064194
1996-02-29,12.0,2.4849066497880004,0.010050335853501569
1996-03-01,12.1,2.4932054526026954,0.008298802814695083
1996-03-04,11.85,2.47232786758114,-0.020877585021555234
1996-03-05,11.88,2.474856313934499,0.002528446353358582
1996-03-06,11.75,2.463853240590168,-0.011003073344330705
1996-03-07,12.1,2.4932054526026954,0.029352212012527357
1996-03-08,11.66,2.4561641809223462,-0.03704127168034921
1996-03-11,11.66,2.4561641809223462,0.0
1996-03-12,11.72,2.4612967841488667,0.005132603226520427
1996-03-13,11.75,2.463853240590168,0.0025564564413014246
1996-03-14,11.66,2.4561641809223462,-0.0076890596678218515
1996-03-15,11.63,2.453587966530573,-0.002576214391773135
1996-03-18,11.66,2.4561641809223462,0.002576214391773135
1996-03-19,11.66,2.4561641809223462,0.0
1996-03-20,11.75,2.463853240590168,0.0076890596678218515
1996-03-21,12.35,2.513656063073986,0.049802822483818066
1996-03-22,12.22,2.503073953743449,-0.010582109330536937
1996-03-25,12.31,2.510411940196362,0.007337986452912837
1996-03-26,12.03,2.4874035299865875,-0.02300841020977451
1996-03-27,11.66,2.4561641809223462,-0.031239349064241306
1996-03-28,11.53,2.4449523342809676,-0.011211846641378642
1996-03-29,11.5,2.4423470353692043,-0.0026052989117633096
1996-04-01,11.6,2.451005098112319,0.008658062743114758
1996-04-02,11.72,2.4612967841488667,0.01029168603654762
1996-04-03,11.53,2.4449523342809676,-0.01634444986789907
1996-04-04,11.31,2.425687290128029,-0.019265044152938504
1996-04-08,10.81,2.3804716316511167,-0.045215658476912335
1996-04-09,10.69,2.3693087250369538,-0.01116290661416297
1996-04-10,9.94,2.2965670206684825,-0.07274170436847127
1996-04-11,10.53,2.354228326145884,0.05766130547740156
1996-04-12,10.91,2.3896797998449792,0.03545147369909518
1996-04-15,10.94,2.392425796993835,0.0027459971488559276
1996-04-16,10.85,2.3841650799864684,-0.008260717007366747
1996-04-17,10.66,2.3664984187376983,-0.017666661248770144
1996-04-18,10.66,2.3664984187376983,0.0
1996-04-19,10.63,2.363680192353857,-0.002818226383841438
1996-04-22,10.6,2.3608540011180215,-0.0028261912358353847
1996-04-23,10.66,2.3664984187376983,0.0056444176196768225
1996-04-24,10.53,2.354228326145884,-0.012270092591814219
1996-04-25,10.25,2.327277705584417,-0.02695062056146691
1996-04-26,10.0,2.302585092994046,-0.024692612590371255
1996-04-29,10.94,2.392425796993835,0.08984070399978927
1996-04-30,10.78,2.377692565480851,-0.014733231512984002
1996-05-01,11.28,2.423031246069913,0.04533868058906165
1996-05-02,11.06,2.403334996094189,-0.019696249975723834
1996-05-03,10.6,2.3608540011180215,-0.04248099497616753
1996-05-06,10.63,2.363680192353857,0.0028261912358353847
1996-05-07,10.66,2.3664984187376983,0.002818226383841438
1996-05-08,10.56,2.3570732782781154,-0.00942514045958287
1996-05-09,10.35,2.336986519711378,-0.020086758566737473
1996-05-10,10.44,2.3456445824544927,0.008658062743114758
1996-05-13,10.5,2.3513752571634776,0.0057306747089849175
1996-05-14,10.47,2.3485140248824456,-0.002861232281031967
1996-05-15,10.56,2.3570732782781154,0.008559253395669764
1996-05-16,10.5,2.3513752571634776,-0.005698021114637797
1996-05-17,10.63,2.363680192353857,0.01230493519037923
1996-05-20,10.47,2.3485140248824456,-0.015166167471411196
1996-05-21,10.56,2.3570732782781154,0.008559253395669764
1996-05-22,10.85,2.3841650799864684,0.027091801708353014
1996-05-23,10.88,2.3869262414277967,0.002761161441328319
1996-05-24,11.25,2.4203681286504293,0.03344188722263253
1996-05-28,10.75,2.3749057545736716,-0.04546237407675768
1996-05-29,10.85,2.3841650799864684,0.009259325412796837
1996-05-30,10.94,2.392425796993835,0.008260717007366747
1996-05-31,10.72,2.372111155642656,-0.02031464135117922
1996-06-03,10.63,2.363680192353857,-0.00843096328879911
1996-06-04,10.81,2.3804716316511167,0.016791439297259902
1996-06-05,11.13,2.4096441652874536,0.029172533636336873
1996-06-06,11.25,2.4203681286504293,0.010723963362975653
1996-06-07,11.19,2.4150205223238337,-0.005347606326595589
1996-06-10,11.13,2.4096441652874536,-0.005376357036380064
1996-06-11,10.81,2.3804716316511167,-0.029172533636336873
1996-06-12,10.38,2.3398808777377424,-0.0405907539133743
1996-06-13,10.38,2.3398808777377424,0.0
1996-06-14,10.22,2.3243465847755584,-0.015534292962184004
1996-06-17,9.94,2.2965670206684825,-0.027779564107075938
1996-06-18,9.88,2.2905125117597764,-0.006054508908706069
1996-06-19,9.78,2.280339484046726,-0.010173027713050509
1996-06-20,9.88,2.2905125117597764,0.010173027713050509
1996-06-21,10.0,2.302585092994046,0.012072581234269464
1996-06-24,10.44,2.3456445824544927,0.0430594894604468
1996-06-25,10.63,2.363680192353857,0.018035609899364147
1996-06-26,10.47,2.3485140248824456,-0.015166167471411196
1996-06-27,10.5,2.3513752571634776,0.002861232281031967
1996-06-28,11.25,2.4203681286504293,0.06899287148695166
1996-07-01,10.88,2.3869262414277967,-0.03344188722263253
1996-07-02,10.6,2.3608540011180215,-0.026072240309775285
1996-07-03,10.25,2.327277705584417,-0.033576295533604306
1996-07-05,10.1,2.312535423847214,-0.014742281737203378
1996-07-08,9.97,2.299580583973747,-0.012954839873466906
1996-07-09,10.78,2.377692565480851,0.0781119815071043
1996-07-10,11.19,2.4150205223238337,0.03732795684298251
1996-07-11,11.19,2.4150205223238337,0.0
1996-07-12,11.31,2.425687290128029,0.010666767804195398
1996-07-15,11.13,2.4096441652874536,-0.016043124840575462
1996-07-16,10.91,2.3896797998449792,-0.019964365442474374
1996-07-17,11.31,2.425687290128029,0.03600749028304984
1996-07-18,12.1,2.4932054526026954,0.06751816247466635
1996-07-19,11.72,2.4612967841488667,-0.03190866845382878
1996-07-22,11.6,2.451005098112319,-0.01029168603654762
1996-07-23,11.38,2.431857428698185,-0.01914766941413415
1996-07-24,11.35,2.4292177439274116,-0.002639684770773254
1996-07-25,11.35,2.4292177439274116,0.0
1996-07-26,11.31,2.425687290128029,-0.003530453799382549
1996-07-29,11.16,2.412335956953165,-0.013351333174864255
1996-07-30,11.28,2.423031246069913,0.010695289116747997
1996-07-31,11.94,2.479894107964456,0.05686286189454304
1996-08-01,12.06,2.4898941912990393,0.010000083334583465
1996-08-02,12.16,2.498151876538021,0.008257685238981516
1996-08-05,11.94,2.479894107964456,-0.01825776857356498
1996-08-06,12.16,2.498151876538021,0.01825776857356498
1996-08-07,12.1,2.4932054526026954,-0.004946423935325406
1996-08-08,12.16,2.498151876538021,0.004946423935325406
1996-08-09,12.0,2.4849066497880004,-0.013245226750020489
1996-08-12,12.16,2.498151876538021,0.013245226750020489
1996-08-13,12.03,2.4874035299865875,-0.010748346551433308
1996-08-14,11.85,2.47232786758114,-0.015075662405447332
1996-08-15,12.0,2.4849066497880004,0.01257878220686015
1996-08-16,11.94,2.479894107964456,-0.005012541823544492
1996-08-19,11.94,2.479894107964456,0.0
1996-08-20,11.56,2.4475508632442313,-0.03234324472022454
1996-08-21,11.78,2.4664031782234406,0.01885231497920925
1996-08-22,11.72,2.4612967841488667,-0.005106394074573917
1996-08-23,11.56,2.4475508632442313,-0.013745920904635334
1996-08-26,11.5,2.4423470353692043,-0.005203827875027045
1996-08-27,11.56,2.4475508632442313,0.005203827875027045
1996-08-28,11.6,2.451005098112319,0.0034542348680877133
1996-08-29,11.53,2.4449523342809676,-0.006052763831351449
1996-08-30,11.47,2.4397349311412793,-0.005217403139688326
1996-09-03,11.72,2.4612967841488667,0.021561853007587395
1996-09-04,11.66,2.4561641809223462,-0.005132603226520427
1996-09-05,11.44,2.437115985951652,-0.019048194970694432
1996-09-06,11.66,2.4561641809223462,0.019048194970694432
1996-09-09,12.25,2.505525936990736,0.049361756068389884
1996-09-10,12.25,2.505525936990736,0.0
1996-09-11,12.44,2.5209170873110334,0.015391150320297253
1996-09-12,13.35,2.5915163848462583,0.07059929753522498
1996-09-13,13.63,2.612273245708441,0.02075686086218287
1996-09-16,13.91,2.6326080059353516,0.020334760226910387
1996-09-17,13.91,2.6326080059353516,0.0
1996-09-18,13.53,2.604909442182697,-0.02769856375265478
1996-09-19,13.56,2.6071242825122494,0.0022148403295525476
1996-09-20,13.69,2.6166656393003573,0.009541356788107969
1996-09-23,13.81,2.6253929674212007,0.008727328120843314
1996-09-24,14.13,2.6483001966964363,0.022907229275235697
1996-09-25,14.1,2.6461747973841225,-0.0021253993123138137
1996-09-26,14.1,2.6461747973841225,0.0
1996-09-27,14.03,2.6411978941143697,-0.004976903269752864
1996-09-30,14.38,2.6658383522929006,0.02464045817853089
1996-10-01,14.31,2.6609585935683597,-0.004879758724540828
1996-10-02,14.1,2.6461747973841225,-0.014783796184237197
1996-10-03,13.81,2.6253929674212007,-0.020781829962921883
1996-10-04,14.16,2.6504210882655737,0.025028120844373003
1996-10-07,14.0,2.6390573296152584,-0.011363758650315248
1996-10-08,14.16,2.6504210882655737,0.011363758650315248
1996-10-09,14.13,2.6483001966964363,-0.0021208915691373065
1996-10-10,14.22,2.6546494243750947,0.006349227678658309
1996-10-11,13.78,2.6232182655855123,-0.03143115878958236
1996-10-14,13.75,2.6210388241125804,-0.00217944147293192
1996-10-15,13.25,2.583997552432231,-0.03704127168034921
1996-10-16,13.56,2.6071242825122494,0.0231267300800182
1996-10-17,13.66,2.614471854142644,0.007347571630394789
1996-10-18,13.69,2.6166656393003573,0.0021937851577131795
1996-10-21,13.69,2.6166656393003573,0.0
1996-10-22,13.41,2.596000697293587,-0.02066494200677038
1996-10-23,13.66,2.614471854142644,0.018471156849057202
1996-10-24,13.44,2.5982353350950036,-0.016236519047640563
1996-10-25,13.44,2.5982353350950036,0.0
1996-10-28,13.44,2.5982353350950036,0.0
1996-10-29,13.41,2.596000697293587,-0.002234637801416639
1996-10-30,13.47,2.6004649904222727,0.004464293128685792
1996-10-31,13.6,2.6100697927420065,0.009604802319733707
1996-11-01,13.66,2.614471854142644,0.004402061400637702
1996-11-04,13.6,2.6100697927420065,-0.004402061400637702
1996-11-05,13.81,2.6253929674212007,0.015323174679194196
1996-11-06,14.44,2.67000213346468,0.04460916604347931
1996-11-07,14.78,2.6932749155200555,0.02327278205537553
1996-11-08,14.66,2.6851226964585053,-0.00815221906155017
1996-11-11,14.69,2.6871669901857858,0.002044293727280433
1996-11-12,14.35,2.66374994220563,-0.023417047980155647
1996-11-13,14.25,2.6567569067146595,-0.006993035490970634
1996-11-14,14.22,2.6546494243750947,-0.0021074823395648146
1996-11-15,14.25,2.6567569067146595,0.0021074823395648146
1996-11-18,14.28,2.658859956911438,0.0021030501967786996
1996-11-19,14.63,2.683074215032033,0.024214258120594856
1996-11-20,14.69,2.6871669901857858,0.004092775153752726
1996-11-21,14.72,2.6892071133007303,0.002040123114944503
1996-11-22,14.85,2.6979998652487085,0.008792751947978239
1996-11-25,14.78,2.6932749155200555,-0.004724949728653005
1996-11-26,14.63,2.683074215032033,-0.010200700488022463
1996-11-27,14.56,2.67827804276854,-0.004796172263493048
1996-11-29,14.6,2.681021528714291,0.002743485945750912
1996-12-02,14.6,2.681021528714291,0.0
1996-12-03,14.38,2.6658383522929006,-0.015183176421390332
1996-12-04,14.22,2.6546494243750947,-0.011188927917805902
1996-12-05,14.19,2.6525374911719513,-0.0021119332031434013
1996-12-06,14.28,2.658859956911438,0.0063224657394869155
1996-12-09,14.47,2.6720775406433925,0.013217583731954363
1996-12-10,14.41,2.667922410011431,-0.004155130631961601
1996-12-11,14.38,2.6658383522929006,-0.0020840577185303744
1996-12-12,14.31,2.6609585935683597,-0.004879758724540828
1996-12-13,14.25,2.6567569067146595,-0.004201686853700259
1996-12-16,14.35,2.66374994220563,0.006993035490970634
1996-12-17,14.31,2.6609585935683597,-0.0027913486372703744
1996-12-18,14.31,2.6609585935683597,0.0
1996-12-19,14.91,2.702032128776647,0.04107353520828738
1996-12-20,14.88,2.700018029404946,-0.0020140993717010502
1996-12-23,15.01,2.7087166456453704,0.00869861624042434
1996-12-24,15.13,2.7166795278002644,0.007962882154894046
1996-12-26,15.13,2.7166795278002644,0.0
1996-12-27,15.22,2.7226103524335397,0.005930824633275211
1996-12-30,15.25,2.7245795030534206,0.0019691506198808995
1996-12-31,15.0,2.70805020110221,-0.016529301951210496
1997-01-02,14.85,2.6979998652487085,-0.010050335853501569
1997-01-03,15.0,2.70805020110221,0.010050335853501569
1997-01-06,14.94,2.7040421797046714,-0.004008021397538641
1997-01-07,15.1,2.714694743820879,0.010652564116207408
1997-01-08,15.44,2.73696154459663,0.02226680077575116
1997-01-09,16.28,2.7899373605743945,0.05297581597776446
1997-01-10,16.69,2.8148097376737438,0.024872377099349308
1997-01-13,16.85,2.8243506567983707,0.009540919124626956
1997-01-14,16.78,2.8201877010390604,-0.0041629557593103605
1997-01-15,16.75,2.8183982582710754,-0.0017894427679849834
1997-01-16,16.97,2.831447079246135,0.013048820975059439
1997-01-17,17.88,2.883682769745368,0.05223569049923338
1997-01-20,16.72,2.8166056076565553,-0.06707716208881287
1997-01-21,17.24,2.847232265235547,0.030626657578991523
1997-01-22,17.19,2.844327819394758,-0.0029044458407887497
1997-01-23,17.25,2.847812143477369,0.00348432408261079
1997-01-24,17.0,2.833213344056216,-0.01459879942115272
1997-01-27,16.88,2.826129489167811,-0.007083854888405128
1997-01-28,16.81,2.821973947420524,-0.004155541747286939
1997-01-29,16.75,2.8183982582710754,-0.003575689149448724
1997-01-30,16.69,2.8148097376737438,-0.0035885205973316125
1997-01-31,17.06,2.836736542063533,0.021926804389789112
1997-02-03,16.66,2.8130106367386967,-0.023725905324836205
1997-02-04,16.5,2.803360380906535,-0.009650255832161836
1997-02-05,16.22,2.7862450486872667,-0.017115332219268087
1997-02-06,16.06,2.7763317085186157,-0.009913340168651086
1997-02-07,16.13,2.7806808921371173,0.004349183618501673
1997-02-10,16.56,2.8069901489571136,0.026309256819996296
1997-02-11,16.5,2.803360380906535,-0.0036297680505787966
1997-02-12,16.81,2.821973947420524,0.018613566513989266
1997-02-13,17.31,2.851284369188118,0.02931042176759391
1997-02-14,17.25,2.847812143477369,-0.0034722257107491217
1997-02-18,16.94,2.8296776892239084,-0.018134454253460497
1997-02-19,17.06,2.836736542063533,0.007058852839624485
1997-02-20,16.85,2.8243506567983707,-0.012385885265162155
1997-02-21,16.69,2.8148097376737438,-0.009540919124626956
1997-02-24,16.22,2.7862450486872667,-0.028564688986477016
1997-02-25,16.03,2.7744619666214616,-0.01178308206580514
1997-02-26,17.13,2.8408313123360287,0.0663693457145671
1997-02-27,17.14,2.8414149131696336,0.0005836008336048693
1997-02-28,16.56,2.8069901489571136,-0.03442476421251994
1997-03-03,16.41,2.7978909051019993,-0.009099243855114292
1997-03-04,16.53,2.805176911832933,0.007286006730933714
1997-03-05,16.75,2.8183982582710754,0.013221346438142323
1997-03-06,16.81,2.821973947420524,0.003575689149448724
1997-03-07,16.81,2.821973947420524,0.0
1997-03-10,16.97,2.831447079246135,0.009473131825610714
1997-03-11,16.75,2.8183982582710754,-0.013048820975059439
1997-03-12,16.35,2.7942278973432626,-0.024170360927812773
1997-03-13,15.94,2.768831673362069,-0.02539622398119379
1997-03-14,16.19,2.784393767689544,0.01556209432747524
1997-03-17,16.16,2.7825390530929495,-0.0018547145965945866
1997-03-18,16.16,2.7825390530929495,0.0
1997-03-19,15.97,2.770711962226921,-0.01182709086602829
1997-03-20,15.94,2.768831673362069,-0.0018802888648523641
1997-03-21,16.31,2.7917784166329223,0.022946743270853442
1997-03-24,16.44,2.799717389628034,0.007938972995111815
1997-03-25,16.0,2.772588722239781,-0.027128667388252925
1997-03-26,15.88,2.7650604558189897,-0.007528266420791407
1997-03-27,15.94,2.768831673362069,0.003771217543079075
1997-03-31,15.44,2.73696154459663,-0.03187012876543882
1997-04-01,14.94,2.7040421797046714,-0.03291936489195857
1997-04-02,15.16,2.7186603802142257,0.014618200509554313
1997-04-03,14.97,2.706048198431537,-0.012612181782688747
1997-04-04,15.22,2.7226103524335397,0.01656215400200267
1997-04-07,14.97,2.706048198431537,-0.01656215400200267
1997-04-08,14.85,2.6979998652487085,-0.008048333182828493
1997-04-09,14.81,2.6953026282797072,-0.00269723696900126
1997-04-10,15.13,2.7166795278002644,0.021376899520557213
1997-04-11,11.53,2.4449523342809676,-0.27172719351929686
1997-04-14,11.6,2.451005098112319,0.006052763831351449
1997-04-15,11.38,2.431857428698185,-0.01914766941413415
1997-04-16,10.63,2.363680192353857,-0.06817723634432804
1997-04-17,11.13,2.4096441652874536,0.045963972933596775
1997-04-18,11.03,2.400618833265411,-0.009025332022042587
1997-04-21,10.41,2.3427668826268775,-0.057851950638533545
1997-04-22,10.44,2.3456445824544927,0.00287769982761521
1997-04-23,10.69,2.3693087250369538,0.02366414258246108
1997-04-24,10.66,2.3664984187376983,-0.002810306299255494
1997-04-25,10.72,2.372111155642656,0.005612736904957671
1997-04-28,10.85,2.3841650799864684,0.012053924343812472
1997-04-29,10.63,2.363680192353857,-0.02048488763261158
1997-04-30,12.06,2.4898941912990393,0.12621399894518248
1997-05-01,11.97,2.482403519569882,-0.007490671729157405
1997-05-02,12.53,2.528125768907977,0.0457222493380951
1997-05-05,12.41,2.5185025992165158,-0.009623169691461264
1997-05-06,12.53,2.528125768907977,0.009623169691461264
1997-05-07,13.03,2.567254391136754,0.03912862222877678
1997-05-08,13.16,2.5771819258971713,0.009927534760417522
1997-05-09,12.72,2.543175557911976,-0.03400636798519541
1997-05-12,13.13,2.574899688314705,0.031724130402729145
1997-05-13,13.53,2.604909442182697,0.030009753867991762
1997-05-14,12.6,2.533696813957432,-0.07121262822526475
1997-05-15,12.5,2.5257286443082556,-0.00796816964917646
1997-05-16,12.25,2.505525936990736,-0.020202707317519497
1997-05-19,12.25,2.505525936990736,0.0
1997-05-20,12.47,2.523325759691945,0.017799822701209056
1997-05-21,12.81,2.550226115908643,0.02690035621669784
1997-05-22,12.88,2.5556757206762075,0.005449604767564509
1997-05-23,12.85,2.553343811341229,-0.0023319093349787323
1997-05-27,13.25,2.583997552432231,0.030653741091002384
1997-05-28,13.22,2.5817308344235403,-0.0022667180086908267
1997-05-29,13.56,2.6071242825122494,0.025393448088709025
1997-05-30,13.35,2.5915163848462583,-0.015607897665991022
1997-06-02,13.19,2.579458966729223,-0.012057418117035201
1997-06-03,12.97,2.5626389983283526,-0.016819968400870522
1997-06-04,13.19,2.579458966729223,0.016819968400870522
1997-06-05,13.5,2.6026896854443837,0.02323071871516058
1997-06-06,14.31,2.6609585935683597,0.058268908123976004
1997-06-09,14.0,2.6390573296152584,-0.021901263953101324
1997-06-10,14.06,2.643333886382519,0.004276556767260686
1997-06-11,14.6,2.681021528714291,0.0376876423317718
1997-06-12,14.78,2.6932749155200555,0.012253386805764599
1997-06-13,14.88,2.700018029404946,0.0067431138848905725
1997-06-16,14.5,2.6741486494265287,-0.025869379978417317
1997-06-17,14.91,2.702032128776647,0.027883479350118368
1997-06-18,15.22,2.7226103524335397,0.020578223656892547
1997-06-19,15.5,2.740840023925201,0.018229671491661215
1997-06-20,15.1,2.714694743820879,-0.026145280104322044
1997-06-23,14.72,2.6892071133007303,-0.025487630520148574
1997-06-24,15.41,2.7350166493320245,0.04580953603129423
1997-06-25,15.47,2.738902664584975,0.0038860152529505143
1997-06-26,15.05,2.711377991194885,-0.027524673390090015
1997-06-27,15.11,2.715356776284648,0.003978785089763015
1997-06-30,15.36,2.731766727719526,0.01640995143487789
1997-07-01,15.35,2.731115474033206,-0.0006512536863199081
1997-07-02,15.22,2.7226103524335397,-0.008505121599666321
1997-07-03,16.03,2.7744619666214616,0.051851614187921946
1997-07-07,15.81,2.7606426512213806,-0.013819315400080967
1997-07-08,17.42,2.857618971424357,0.09697632020297631
1997-07-09,17.11,2.839663087904102,-0.0179558835202549
1997-07-10,17.46,2.859912550411456,0.020249462507353932
1997-07-11,17.74,2.8758219768814333,0.015909426469977284
1997-07-14,17.75,2.8763855159214247,0.0005635390399914009
1997-07-15,17.72,2.8746939451769347,-0.0016915707444900008
1997-07-16,18.47,2.9161477942111484,0.041453849034213786
1997-07-17,18.06,2.8936995479888394,-0.02244824622230901
1997-07-18,17.91,2.8853592160726205,-0.008340331916218968
1997-07-21,17.83,2.8808824318750488,-0.004476784197571693
1997-07-22,18.06,2.8936995479888394,0.01281711611379066
1997-07-23,19.1,2.9496883350525844,0.055988787063744994
1997-07-24,19.0,2.9444389791664403,-0.005249355886144169
1997-07-25,18.66,2.926382195419198,-0.01805678374724229
1997-07-28,18.5,2.917770732084279,-0.008611463334919023
1997-07-29,18.39,2.91180703861623,-0.005963693468049147
1997-07-30,18.28,2.905807566026004,-0.005999472590225707
1997-07-31,17.94,2.88703285663065,-0.018774709395354083
1997-08-01,17.74,2.8758219768814333,-0.011210879749216751
1997-08-04,18.13,2.8975680247667595,0.021746047885326192
1997-08-05,18.25,2.9041650800285006,0.006597055261741147
1997-08-06,19.25,2.9575110607337933,0.05334598070529273
1997-08-07,18.85,2.93651291389402,-0.020998146839773302
1997-08-08,18.91,2.9396908826703663,0.0031779687763462405
1997-08-11,18.75,2.9311937524164198,-0.008497130253946494
1997-08-12,18.3,2.9069010598473755,-0.024292692569044316
1997-08-13,18.17,2.89977188240808,-0.007129177439295642
1997-08-14,18.25,2.9041650800285006,0.004393197620420786
1997-08-15,17.78,2.8780742300857587,-0.02609084994274191
1997-08-18,17.81,2.87976009730157,0.0016858672158113208
1997-08-19,18.31,2.907447358686419,0.027687261384849116
1997-08-20,18.5,2.917770732084279,0.010323373397859825
1997-08-21,18.28,2.905807566026004,-0.011963166058274854
1997-08-22,18.46,2.9156062290747062,0.009798663048702139
1997-08-25,18.49,2.9172300453990334,0.0016238163243271764
1997-08-26,18.19,2.900871992530031,-0.016358052869002382
1997-08-27,18.21,2.9019708937395166,0.0010989012094855255
1997-08-28,17.85,2.8820035082256483,-0.01996738551386823
1997-08-29,17.63,2.869601996409779,-0.012401511815869348
1997-09-02,18.13,2.8975680247667595,0.027966028356980477
1997-09-03,18.46,2.9156062290747062,0.01803820430794678
1997-09-04,18.97,2.9428587839469227,0.02725255487221645
1997-09-05,15.66,2.751109690562657,-0.19174909338426582
1997-09-08,15.86,2.7638002162067017,0.012690525644044826
1997-09-09,15.77,2.758109400974947,-0.00569081523175452
1997-09-10,15.19,2.7206373166076814,-0.03747208436726579
1997-09-11,15.67,2.7517480563679295,0.03111073976024814
1997-09-12,15.89,2.7656899805486246,0.013941924180695064
1997-09-15,15.69,2.753023566744941,-0.012666413803683607
1997-09-16,16.0,2.772588722239781,0.01956515549484017
1997-09-17,15.85,2.7631695003232895,-0.009419221916491693
1997-09-18,15.5,2.740840023925201,-0.022329476398088577
1997-09-19,15.83,2.761906873892921,0.021066849967720014
1997-09-22,16.13,2.7806808921371173,0.018774018244196444
1997-09-23,15.88,2.7650604558189897,-0.015620436318127595
1997-09-24,15.94,2.768831673362069,0.003771217543079075
1997-09-25,15.78,2.7587433154177283,-0.010088357944340487
1997-09-26,14.71,2.688527534613346,-0.07021578080438218
1997-09-29,13.78,2.6232182655855123,-0.06530926902783385
1997-09-30,13.8,2.624668592163159,0.0014503265776468766
1997-10-01,13.74,2.620311286794203,-0.004357305368956066
1997-10-02,13.88,2.6304489550786583,0.01013766828445517
1997-10-03,14.16,2.6504210882655737,0.019972133186915375
1997-10-06,14.5,2.6741486494265287,0.02372756116095509
1997-10-07,14.35,2.66374994220563,-0.01039870722089864
1997-10-08,13.81,2.6253929674212007,-0.038356974784429454
1997-10-09,14.0,2.6390573296152584,0.013664362194057755
1997-10-10,14.13,2.6483001966964363,0.009242867081177941
1997-10-13,14.27,2.658159431488745,0.009859234792308769
1997-10-14,14.24,2.65605490598383,-0.0021045255049152445
1997-10-15,14.6,2.681021528714291,0.02496662273046102
1997-10-16,14.69,2.6871669901857858,0.006145461471494862
1997-10-17,14.63,2.683074215032033,-0.004092775153752726
1997-10-20,14.5,2.6741486494265287,-0.008925565605504282
1997-10-21,14.36,2.664446563620078,-0.009702085806450711
1997-10-22,12.75,2.545531271604435,-0.1189152920156431
1997-10-23,12.35,2.513656063073986,-0.031875208530448784
1997-10-24,12.16,2.498151876538021,-0.015504186535965303
1997-10-27,11.21,2.4168062370840686,-0.08134563945395223
1997-10-28,12.0,2.4849066497880004,0.06810041270393175
1997-10-29,11.85,2.47232786758114,-0.01257878220686015
1997-10-30,11.41,2.4344901638739844,-0.03783770370715578
1997-10-31,11.38,2.431857428698185,-0.0026327351757995388
1997-11-03,11.64,2.454447442303292,0.02259001360510693
1997-11-04,12.11,2.494031557565001,0.03958411526170913
1997-11-05,13.35,2.5915163848462583,0.0974848272812574
1997-11-06,13.35,2.5915163848462583,0.0
1997-11-07,13.72,2.6188546222977394,0.027338237451481007
1997-11-10,13.5,2.6026896854443837,-0.016164936853355627
1997-11-11,13.47,2.6004649904222727,-0.0022246950221109785
1997-11-12,12.86,2.554121718809473,-0.04634327161279961
1997-11-13,13.33,2.5900171341906173,0.03589541538114416
1997-11-14,13.75,2.6210388241125804,0.03102168992196308
1997-11-17,14.06,2.643333886382519,0.022295062269938715
1997-11-18,13.63,2.612273245708441,-0.031060640674077877
1997-11-19,13.24,2.5832425505088623,-0.029030695199578904
1997-11-20,13.17,2.5779415157551897,-0.005301034753672607
1997-11-21,13.19,2.579458966729223,0.0015174509740334408
1997-11-24,12.5,2.5257286443082556,-0.053730322420967536
1997-11-25,11.13,2.4096441652874536,-0.11608447902080199
1997-11-26,11.33,2.427454075039915,0.01780990975246155
1997-11-28,11.3,2.424802725718295,-0.0026513493216202555
1997-12-01,11.56,2.4475508632442313,0.022748137525936407
1997-12-02,11.38,2.431857428698185,-0.015693434546046436
1997-12-03,11.56,2.4475508632442313,0.015693434546046436
1997-12-04,11.47,2.4397349311412793,-0.007815932102952061
1997-12-05,11.58,2.449279472144849,0.00954454100356994
1997-12-08,11.33,2.427454075039915,-0.02182539710493403
1997-12-09,11.06,2.403334996094189,-0.02411907894572618
1997-12-10,11.25,2.4203681286504293,0.017033132556240282
1997-12-11,10.78,2.377692565480851,-0.0426755631695781
1997-12-12,10.55,2.3561258599220753,-0.021566705558775823
1997-12-15,10.83,2.382320061012899,0.02619420109082382
1997-12-16,10.97,2.395164274287139,0.012844213274239902
1997-12-17,10.88,2.3869262414277967,-0.008238032859342326
1997-12-18,10.66,2.3664984187376983,-0.020427822690098463
1997-12-19,10.39,2.340843805111136,-0.025654613626562295
1997-12-22,10.97,2.395164274287139,0.05432046917600308
1997-12-23,11.06,2.403334996094189,0.008170721807049919
1997-12-24,11.03,2.400618833265411,-0.002716162828777957
1997-12-26,10.94,2.392425796993835,-0.00819303627157586
1997-12-29,10.72,2.372111155642656,-0.02031464135117922
1997-12-30,11.3,2.424802725718295,0.05269157007563896
1997-12-31,11.47,2.4397349311412793,0.014932205422984346
1998-01-02,11.56,2.4475508632442313,0.007815932102952061
1998-01-05,11.75,2.463853240590168,0.016302377345936758
1998-01-06,11.53,2.4449523342809676,-0.018900906309200494
1998-01-07,11.56,2.4475508632442313,0.0025985289632637354
1998-01-08,12.31,2.510411940196362,0.06286107695213072
1998-01-09,11.83,2.4706386779902956,-0.03977326220606647
1998-01-12,11.47,2.4397349311412793,-0.03090374684901631
1998-01-13,11.06,2.403334996094189,-0.03639993504709027
1998-01-14,10.81,2.3804716316511167,-0.022863364443072243
1998-01-15,10.77,2.3767644911682972,-0.0037071404828195043
1998-01-16,11.64,2.454447442303292,0.07768295113499457
1998-01-20,12.24,2.50470927708418,0.050261834780888304
1998-01-21,12.13,2.495681722955959,-0.009027554128221205
1998-01-22,12.17,2.498973906999436,0.0032921840434769756
1998-01-23,12.33,2.512035317176253,0.013061410176816945
1998-01-26,12.24,2.50470927708418,-0.0073260400920727164
1998-01-27,12.52,2.5273273656719524,0.022618088587772256
1998-01-28,12.75,2.545531271604435,0.018203905932482556
1998-01-29,12.86,2.554121718809473,0.00859044720503821
1998-01-30,12.69,2.540814281726296,-0.013307437083176943
1998-02-02,13.25,2.583997552432231,0.04318327070593497
1998-02-03,12.85,2.553343811341229,-0.030653741091002384
1998-02-04,13.56,2.6071242825122494,0.05378047117102058
1998-02-05,13.6,2.6100697927420065,0.0029455102297570868
1998-02-06,14.08,2.644755350729896,0.03468555798788975
1998-02-09,14.21,2.6539459421090092,0.009190591379113044
1998-02-10,14.5,2.6741486494265287,0.020202707317519497
1998-02-11,14.61,2.681706225762608,0.007557576336079119
1998-02-12,14.47,2.6720775406433925,-0.00962868511921533
1998-02-13,14.38,2.6658383522929006,-0.006239188350491975
1998-02-17,14.63,2.683074215032033,0.017235862739132468
1998-02-18,14.81,2.6953026282797072,0.012228413247674208
1998-02-19,14.94,2.7040421797046714,0.008739551424964187
1998-02-20,14.5,2.6741486494265287,-0.029893530278142677
1998-02-23,13.83,2.626840145676667,-0.04730850374986195
1998-02-24,13.96,2.6361960973342264,0.009355951657559647
1998-02-25,14.71,2.688527534613346,0.05233143727911971
1998-02-26,14.83,2.696652156149841,0.008124621536494736
1998-02-27,14.94,2.7040421797046714,0.007390023554830538
1998-03-02,14.88,2.700018029404946,-0.00402415029972536
1998-03-03,14.91,2.702032128776647,0.0020140993717010502
1998-03-04,14.72,2.6892071133007303,-0.012825015475916857
1998-03-05,14.5,2.6741486494265287,-0.015058463874201511
1998-03-06,14.53,2.6762154775821916,0.0020668281556628365
1998-03-09,14.91,2.702032128776647,0.02581665119445553
1998-03-10,15.46,2.738256043159276,0.03622391438262884
1998-03-11,15.28,2.7265447837383743,-0.011711259420901676
1998-03-12,16.35,2.7942278973432626,0.06768311360488832
1998-03-13,17.03,2.834976494674597,0.0407485973313344
1998-03-16,17.52,2.8633430855082453,0.028366590833648342
1998-03-17,17.44,2.8587664184808337,-0.004576667027411663
1998-03-18,17.52,2.8633430855082453,0.004576667027411663
1998-03-19,17.74,2.8758219768814333,0.012478891373187917
1998-03-20,17.75,2.8763855159214247,0.0005635390399914009
1998-03-23,17.56,2.8656235882069705,-0.010761927714454167
1998-03-24,17.35,2.8535925063928684,-0.012031081814102063
1998-03-25,16.91,2.827905162910489,-0.025687343482379443
1998-03-26,16.69,2.8148097376737438,-0.013095425236745228
1998-03-27,16.77,2.8195915758351173,0.004781838161373564
1998-03-30,16.63,2.811208293204836,-0.008383282630281208
1998-03-31,16.88,2.826129489167811,0.01492119596297492
1998-04-01,16.97,2.831447079246135,0.005317590078323775
1998-04-02,16.81,2.821973947420524,-0.009473131825610714
1998-04-03,17.81,2.87976009730157,0.05778614988104591
1998-04-06,17.44,2.8587664184808337,-0.020993678820736328
1998-04-07,17.46,2.859912550411456,0.0011461319306222961
1998-04-08,17.25,2.847812143477369,-0.012100406934087093
1998-04-09,17.13,2.8408313123360287,-0.0069808311413401825
1998-04-13,16.92,2.8284963541780774,-0.01233495815795127
1998-04-14,17.1,2.8390784635086144,0.010582109330536937
1998-04-15,16.78,2.8201877010390604,-0.018890762469554012
1998-04-16,16.8,2.8213788864092133,0.0011911853701529473
1998-04-17,17.52,2.8633430855082453,0.04196419909903204
1998-04-20,17.49,2.8616292890305104,-0.0017137964777349524
1998-04-21,17.42,2.857618971424357,-0.004010317606153446
1998-04-22,17.47,2.8604851241459652,0.002866152721608284
1998-04-23,17.42,2.857618971424357,-0.002866152721608284
1998-04-24,17.13,2.8408313123360287,-0.016787659088328244
1998-04-27,16.6,2.8094026953624978,-0.03142861697353094
1998-04-28,17.13,2.8408313123360287,0.03142861697353094
1998-04-29,18.13,2.8975680247667595,0.05673671243073075
1998-04-30,18.08,2.89480635496403,-0.002761669802729294
1998-05-01,18.5,2.917770732084279,0.02296437712024879
1998-05-04,18.46,2.9156062290747062,-0.002164503009572716
1998-05-05,18.35,2.9096295745005794,-0.005976654574126883
1998-05-06,18.19,2.900871992530031,-0.008757581970548323
1998-05-07,18.05,2.89314568477889,-0.007726307751140915
1998-05-08,18.05,2.89314568477889,0.0
1998-05-11,17.69,2.872999508171694,-0.020146176607195976
1998-05-12,17.75,2.8763855159214247,0.003386007749730524
1998-05-13,17.94,2.88703285663065,0.01064734070922535
1998-05-14,17.46,2.859912550411456,-0.027120306219194035
1998-05-15,17.16,2.8425810940598164,-0.017331456351639574
1998-05-18,17.22,2.8460714989995846,0.0034904049397681547
1998-05-19,17.35,2.8535925063928684,0.007521007393283874
1998-05-20,17.19,2.844327819394758,-0.009264686998110339
1998-05-21,17.13,2.8408313123360287,-0.0034965070587293923
1998-05-22,16.89,2.826721730819709,-0.014109581516319913
1998-05-26,16.86,2.8249439525737094,-0.0017777782459993396
1998-05-27,16.38,2.7960610784249234,-0.028882874148786097
1998-05-28,15.81,2.7606426512213806,-0.03541842720354271
1998-05-29,15.91,2.7669478423496954,0.0063051911283147355
1998-06-01,15.27,2.725890119230541,-0.04105772311915423
1998-06-02,15.75,2.7568403652716422,0.03095024604110108
1998-06-03,15.99,2.771963526845863,0.015123161574220667
1998-06-04,16.13,2.7806808921371173,0.008717365291254442
1998-06-05,16.31,2.7917784166329223,0.011097524495804922
1998-06-08,16.61,2.8100049236252036,0.018226506992281344
1998-06-09,16.1,2.7788192719904172,-0.03118565163478637
1998-06-10,16.08,2.77757626375082,-0.0012430082395971098
1998-06-11,15.75,2.7568403652716422,-0.020735898479177894
1998-06-12,15.53,2.7427736371605955,-0.0140667281110467
1998-06-15,15.25,2.7245795030534206,-0.018194134107174964
1998-06-16,15.69,2.753023566744941,0.028444063691520416
1998-06-17,16.28,2.7899373605743945,0.03691379382945348
1998-06-18,17.16,2.8425810940598164,0.05264373348542195
1998-06-19,16.94,2.8296776892239084,-0.012903404835908017
1998-06-22,17.03,2.834976494674597,0.005298805450688615
1998-06-23,16.96,2.830857630363757,-0.004118864310839854
1998-06-24,17.5,2.8622008809294686,0.03134325056571141
1998-06-25,17.5,2.8622008809294686,0.0
1998-06-26,17.5,2.8622008809294686,0.0
1998-06-29,17.99,2.8898160479624417,0.027615167032973176
1998-06-30,17.91,2.8853592160726205,-0.004456831889821267
1998-07-01,18.11,2.896464271895322,0.011105055822701715
1998-07-02,18.5,2.917770732084279,0.021306460188956766
1998-07-06,19.5,2.970414465569701,0.05264373348542195
1998-07-07,19.08,2.9486406660201405,-0.02177379954956038
1998-07-08,19.16,2.9528247725427144,0.004184106522573838
1998-07-09,18.67,2.9269179575536315,-0.02590681498908287
1998-07-10,18.6,2.9231615807191558,-0.0037563768344757165
1998-07-13,18.44,2.914522218128448,-0.008639362590707744
1998-07-14,18.49,2.9172300453990334,0.0027078272705853834
1998-07-15,18.53,2.9193910402972683,0.002160994898234847
1998-07-16,18.8,2.9338568698359038,0.01446582953863551
1998-07-17,18.75,2.9311937524164198,-0.0026631174194839957
1998-07-20,19.05,2.94706710157271,0.01587334915629013
1998-07-21,18.77,2.9322598505984176,-0.014807250974292252
1998-07-22,19.31,2.960623096440423,0.028363245842005558
1998-07-23,18.63,2.924773184613497,-0.035849911826926206
1998-07-24,18.16,2.8992213731731473,-0.02555181144034968
1998-07-27,18.52,2.918851229218033,0.019629856044885763
1998-07-28,17.61,2.8684669225081145,-0.05038430670991856
1998-07-29,19.03,2.946016681308058,0.07754975879994364
1998-07-30,19.28,2.9590682891823996,0.013051607874341453
1998-07-31,19.16,2.9528247725427144,-0.006243516639685254
1998-08-03,19.11,2.950211758252182,-0.0026130142905325116
1998-08-04,18.78,2.932792473780117,-0.017419284472064867
1998-08-05,18.58,2.922085733385692,-0.010706740394424763
1998-08-06,17.97,2.8887037007954675,-0.033382032590224764
1998-08-07,18.69,2.9279886214674717,0.039284920672004287
1998-08-10,18.78,2.932792473780117,0.00480385231264524
1998-08-11,18.08,2.89480635496403,-0.03798611881608682
1998-08-12,18.6,2.9231615807191558,0.028355225755125613
1998-08-13,19.22,2.9559514035421466,0.03278982282299081
1998-08-14,19.5,2.970414465569701,0.014463062027554319
1998-08-17,19.52,2.9714395809849465,0.0010251154152456365
1998-08-18,19.96,2.993730270883318,0.02229068989837124
1998-08-19,20.28,3.0096351787229825,0.015904907839664695
1998-08-20,20.06,2.9987277825337895,-0.010907396189193008
1998-08-21,20.21,3.00617753141553,0.007449748881740437
1998-08-24,19.92,2.991724252156452,-0.01445327925907769
1998-08-25,19.8,2.9856819377004897,-0.006042314455962483
1998-08-26,19.53,2.9719517448885875,-0.013730192811902242
1998-08-27,18.91,2.9396908826703663,-0.03226086221822122
1998-08-28,18.24,2.9036169846461855,-0.03607389802418082
1998-08-31,17.31,2.851284369188118,-0.052332615458067444
1998-09-01,18.05,2.89314568477889,0.04186131559077211
1998-09-02,18.0,2.8903717578961645,-0.002773926882725597
1998-09-03,17.72,2.8746939451769347,-0.015677812719229856
1998-09-04,17.39,2.855895328366192,-0.018798616810742796
1998-09-08,17.83,2.8808824318750488,0.02498710350885691
1998-09-09,17.44,2.8587664184808337,-0.022116013394215095
1998-09-10,17.06,2.836736542063533,-0.02202987641730081
1998-09-11,16.64,2.8118094353930627,-0.024927106670470156
1998-09-14,17.1,2.8390784635086144,0.027269028115551652
1998-09-15,16.22,2.7862450486872667,-0.052833414821347624
1998-09-16,16.75,2.8183982582710754,0.03215320958380863
1998-09-17,16.19,2.784393767689544,-0.03400449058153132
1998-09-18,15.92,2.767576180416237,-0.016817587273306955
1998-09-21,14.55,2.6775909936175015,-0.08998518679873557
1998-09-22,15.1,2.714694743820879,0.037103750203377306
1998-09-23,14.94,2.7040421797046714,-0.010652564116207408
1998-09-24,13.88,2.6304489550786583,-0.07359322462601314
1998-09-25,13.66,2.614471854142644,-0.01597710093601412
1998-09-28,13.25,2.583997552432231,-0.030474301710412988
1998-09-29,12.88,2.5556757206762075,-0.028321831756023652
1998-09-30,12.85,2.553343811341229,-0.0023319093349787323
1998-10-01,12.05,2.489064659936664,-0.06427915140456486
1998-10-02,12.88,2.5556757206762075,0.06661106073954359
1998-10-05,12.5,2.5257286443082556,-0.029947076367951908
1998-10-06,13.16,2.5771819258971713,0.05145328158891571
1998-10-07,13.5,2.6026896854443837,0.025507759547212405
1998-10-08,13.05,2.5687881337687024,-0.03390155167568132
1998-10-09,12.5,2.5257286443082556,-0.0430594894604468
1998-10-12,11.74,2.4630018143999504,-0.06272682990830525
1998-10-13,12.24,2.50470927708418,0.04170746268422976
1998-10-14,12.25,2.505525936990736,0.0008166599065559943
1998-10-15,12.1,2.4932054526026954,-0.012320484388040676
1998-10-16,12.38,2.5160822672564502,0.022876814653754796
1998-10-19,12.81,2.550226115908643,0.034143848652192776
1998-10-20,13.52,2.604170070614818,0.05394395470617486
1998-10-21,14.17,2.6511270537025893,0.04695698308777141
1998-10-22,14.33,2.6623552418400807,0.01122818813749138
1998-10-23,13.63,2.612273245708441,-0.05008199613163944
1998-10-26,14.21,2.6539459421090092,0.04167269640056803
1998-10-27,14.19,2.6525374911719513,-0.0014084509370579923
1998-10-28,13.75,2.6210388241125804,-0.03149866705937088
1998-10-29,13.5,2.6026896854443837,-0.018349138668196652
1998-10-30,13.63,2.612273245708441,0.009583560264057489
1998-11-02,13.06,2.569554123848285,-0.04271912186015614
1998-11-03,11.6,2.451005098112319,-0.11854902573596604
1998-11-04,10.88,2.3869262414277967,-0.06407885668452229
1998-11-05,11.1,2.4069451083182885,0.020018866890491704
1998-11-06,10.94,2.392425796993835,-0.014519311324453277
1998-11-09,10.6,2.3608540011180215,-0.03157179587581371
1998-11-10,10.6,2.3608540011180215,0.0
1998-11-11,10.92,2.390595970316759,0.029741969198737728
1998-11-12,11.22,2.4176979000945504,0.027101929777791245
1998-11-13,12.0,2.4849066497880004,0.06720874969344992
1998-11-16,12.25,2.505525936990736,0.02061928720273576
1998-11-17,12.06,2.4898941912990393,-0.015631745691696786
1998-11-18,12.21,2.502255288122613,0.012361096823573892
1998-11-19,12.67,2.5392369943330477,0.036981706210434506
1998-11-20,12.86,2.554121718809473,0.014884724476425415
1998-11-23,13.36,2.5922651681085,0.03814344929902669
1998-11-24,12.86,2.554121718809473,-0.03814344929902669
1998-11-25,12.38,2.5160822672564502,-0.03803945155302291
1998-11-27,12.85,2.553343811341229,0.03726154408477855
1998-11-30,12.38,2.5160822672564502,-0.03726154408477855
1998-12-01,13.53,2.604909442182697,0.08882717492624659
1998-12-02,14.06,2.643333886382519,0.03842444419982227
1998-12-03,13.19,2.579458966729223,-0.06387491965329595
1998-12-04,13.6,2.6100697927420065,0.03061082601278331
1998-12-07,13.44,2.5982353350950036,-0.01183445764700286
1998-12-08,12.75,2.545531271604435,-0.052704063490568664
1998-12-09,13.53,2.604909442182697,0.05937817057826189
1998-12-10,13.22,2.5817308344235403,-0.023178607759156478
1998-12-11,13.28,2.5862591440482876,0.004528309624747262
1998-12-14,12.78,2.5478814489493886,-0.03837769509889899
1998-12-15,12.75,2.545531271604435,-0.0023501773449536856
1998-12-16,13.06,2.569554123848285,0.024022852243850146
1998-12-17,12.85,2.553343811341229,-0.01621031250705629
1998-12-18,11.56,2.4475508632442313,-0.10579294809699746
1998-12-21,11.44,2.437115985951652,-0.010434877292579525
1998-12-22,12.56,2.5305171610400525,0.09340117508840073
1998-12-23,12.44,2.5209170873110334,-0.009600073729019165
1998-12-24,12.94,2.5603232890727545,0.03940620176172116
1998-12-28,13.28,2.5862591440482876,0.02593585497553308
1998-12-29,13.22,2.5817308344235403,-0.004528309624747262
1998-12-30,13.35,2.5915163848462583,0.009785550422718003
1998-12-31,13.41,2.596000697293587,0.004484312447328609
1999-01-04,13.22,2.5817308344235403,-0.014269862870046612
1999-01-05,13.06,2.569554123848285,-0.012176710575255267
1999-01-06,13.66,2.614471854142644,0.04491773029435908
1999-01-07,13.6,2.6100697927420065,-0.004402061400637702
1999-01-08,13.03,2.567254391136754,-0.042815401605252656
1999-01-11,12.85,2.553343811341229,-0.013910579795525013
1999-01-12,12.56,2.5305171610400525,-0.022826650301176254
1999-01-13,12.38,2.5160822672564502,-0.014434893783602298
1999-01-14,12.03,2.4874035299865875,-0.028678737269862697
1999-01-15,12.25,2.505525936990736,0.018122407004148577
1999-01-19,11.88,2.474856313934499,-0.030669623056237327
1999-01-20,12.31,2.510411940196362,0.03555562626186326
1999-01-21,12.06,2.4898941912990393,-0.02051774889732272
1999-01-22,11.66,2.4561641809223462,-0.0337300103766931
1999-01-25,11.81,2.468946630209271,0.012782449286924624
1999-01-26,11.91,2.477378383367209,0.008431753157938093
1999-01-27,11.88,2.474856313934499,-0.002522069432710161
1999-01-28,12.13,2.495681722955959,0.02082540902146013
1999-01-29,12.19,2.5006159434931803,0.004934220537221368
1999-02-01,12.06,2.4898941912990393,-0.010721752194140954
1999-02-02,11.91,2.477378383367209,-0.01251580793183038
1999-02-03,12.75,2.545531271604435,0.06815288823722598
1999-02-04,12.75,2.545531271604435,0.0
1999-02-05,12.6,2.533696813957432,-0.01183445764700286
1999-02-08,13.0,2.5649493574615367,0.03125254350410467
1999-02-09,12.81,2.550226115908643,-0.014723241552893729
1999-02-10,12.69,2.540814281726296,-0.009411834182346812
1999-02-11,13.0,2.5649493574615367,0.02413507573524054
1999-02-12,13.41,2.596000697293587,0.031051339832050218
1999-02-16,13.63,2.612273245708441,0.01627254841485426
1999-02-17,13.53,2.604909442182697,-0.0073638035257443946
1999-02-18,14.0,2.6390573296152584,0.034147887432561586
1999-02-19,13.72,2.6188546222977394,-0.020202707317519053
1999-02-22,14.25,2.6567569067146595,0.03790228441692012
1999-02-23,13.81,2.6253929674212007,-0.03136393929345882
1999-02-24,13.28,2.5862591440482876,-0.039133823372913046
1999-02-25,13.1,2.5726122302071057,-0.013646913841181885
1999-02-26,13.25,2.583997552432231,0.01138532222512545
1999-03-01,13.94,2.6347624053323777,0.05076485290014654
1999-03-02,14.81,2.6953026282797072,0.060540222947329525
1999-03-03,14.97,2.706048198431537,0.010745570151829753
1999-03-04,15.03,2.710048203764883,0.004000005333346213
1999-03-05,15.38,2.733067964077498,0.023019760312614768
1999-03-08,15.06,2.7120422223717475,-0.021025741705750445
1999-03-09,15.19,2.7206373166076814,0.008595094235933853
1999-03-10,14.91,2.702032128776647,-0.018605187831034264
1999-03-11,16.06,2.7763317085186157,0.07429957974196855
1999-03-12,16.38,2.7960610784249234,0.019729369906307692
1999-03-15,16.94,2.8296776892239084,0.033616610798985036
1999-03-16,17.16,2.8425810940598164,0.012903404835908017
1999-03-17,17.0,2.833213344056216,-0.00936775000360024
1999-03-18,19.25,2.9575110607337933,0.12429771667757716
1999-03-19,20.75,3.0325462466767075,0.07503518594291414
1999-03-22,19.81,2.9861868607104594,-0.04635938596624811
1999-03-23,19.28,2.9590682891823996,-0.027118571528059743
1999-03-24,19.13,2.9512577834521614,-0.007810505730238226
1999-03-25,19.19,2.9543893100196086,0.003131526567447196
1999-03-26,18.88,2.9381031607173544,-0.016286149302254138
1999-03-29,19.63,2.9770590082883697,0.03895584757101522
1999-03-30,19.66,2.9785861147190205,0.001527106430650793
1999-03-31,20.31,3.011113375592293,0.032527260873272734
1999-04-01,19.88,2.989714201228428,-0.021399174363865292
1999-04-05,20.03,2.997231149677727,0.007516948449298955
1999-04-06,20.5,3.0204248861443626,0.023193736466635695
1999-04-07,20.0,2.995732273553991,-0.0246926125903717
1999-04-08,19.94,2.9927277645336923,-0.0030045090202985847
1999-04-09,19.94,2.9927277645336923,0.0
1999-04-12,20.31,3.011113375592293,0.018385611058600926
1999-04-13,20.56,3.0233474405869645,0.012234064994671279
1999-04-14,20.0,2.995732273553991,-0.02761516703297362
1999-04-15,19.75,2.9831534913471307,-0.01257878220686015
1999-04-16,18.35,2.9096295745005794,-0.07352391684655135
1999-04-19,17.88,2.883682769745368,-0.02594680475521116
1999-04-20,19.38,2.96424160646262,0.08055883671725184
1999-04-21,21.94,3.088311454847084,0.124069848384464
1999-04-22,21.88,3.0855729775537806,-0.002738477293303454
1999-04-23,21.63,3.0740812399649675,-0.011491737588813056
1999-04-26,21.97,3.089677886396519,0.015596646431551342
1999-04-27,21.91,3.086943153607375,-0.0027347327891438233
1999-04-28,21.85,3.084200921541599,-0.0027422320657759514
1999-04-29,21.22,3.054944133185837,-0.029256788355762176
1999-04-30,21.28,3.0577676644734435,0.0028235312876065954
1999-05-03,20.5,3.0204248861443626,-0.03734277832908095
1999-05-04,20.63,3.0267463270831603,0.006321440938797718
1999-05-05,20.19,3.005187432324746,-0.021558894758414215
1999-05-06,20.38,3.0145540277945786,0.00936659546983254
1999-05-07,20.41,3.0160249768217535,0.0014709490271749281
1999-05-10,20.03,2.997231149677727,-0.018793827144026665
1999-05-11,20.0,2.995732273553991,-0.0014988761237360038
1999-05-12,21.25,3.056356895370426,0.06062462181643502
1999-05-13,21.66,3.0754672415728446,0.019110346202418693
1999-05-14,21.13,3.0506938316279655,-0.024773409944879088
1999-05-17,20.91,3.0402275134405423,-0.010466318187423163
1999-05-18,21.13,3.0506938316279655,0.010466318187423163
1999-05-19,20.47,3.018960399673198,-0.03173343195476752
1999-05-20,21.63,3.0740812399649675,0.05512084029176956
1999-05-21,20.63,3.0267463270831603,-0.047334912881807245
1999-05-24,19.5,2.970414465569701,-0.05633186151345937
1999-05-25,19.0,2.9444389791664403,-0.02597548640326064
1999-05-26,19.0,2.9444389791664403,0.0
1999-05-27,18.94,2.9412760877579323,-0.003162891408508006
1999-05-28,19.0,2.9444389791664403,0.003162891408508006
1999-06-01,17.91,2.8853592160726205,-0.05907976309381979
1999-06-02,18.03,2.8920370372152258,0.006677821142605289
1999-06-03,19.69,2.9801108926510342,0.08807385543580848
1999-06-04,20.72,3.031099417391282,0.050988524740247954
1999-06-07,20.28,3.0096351787229825,-0.021464238668299718
1999-06-08,20.06,2.9987277825337895,-0.010907396189193008
1999-06-09,20.35,3.013080911888604,0.014353129354814698
1999-06-10,20.31,3.011113375592293,-0.0019675362963109677
1999-06-11,20.44,3.017493765335504,0.006380389743210646
1999-06-14,20.16,3.0037004432031678,-0.013793322132336083
1999-06-15,20.6,3.0252910757955354,0.021590632592367598
1999-06-16,21.41,3.0638581026015914,0.03856702680605606
1999-06-17,21.03,3.0459499897146083,-0.01790811288698313
1999-06-18,20.38,3.0145540277945786,-0.03139596192002969
1999-06-21,20.06,2.9987277825337895,-0.01582624526078913
1999-06-22,19.88,2.989714201228428,-0.009013581305361562
1999-06-23,19.88,2.989714201228428,0.0
1999-06-24,19.94,2.9927277645336923,0.0030135633052643662
1999-06-25,20.5,3.0204248861443626,0.027697121610670283
1999-06-28,20.22,3.006672213592325,-0.013752672552037382
1999-06-29,21.38,3.062455905596899,0.055783692004574004
1999-06-30,21.97,3.089677886396519,0.027221980799619683
1999-07-01,21.88,3.0855729775537806,-0.004104908842738286
1999-07-02,22.16,3.098288861879083,0.012715884325302351
1999-07-06,22.06,3.0937660138253564,-0.0045228480537264915
1999-07-07,22.56,3.1161784266298582,0.02241241280450179
1999-07-08,22.56,3.1161784266298582,0.0
1999-07-09,22.94,3.1328821117012247,0.016703685071366436
1999-07-12,23.0,3.1354942159291497,0.002612104227925016
1999-07-13,22.53,3.114847754444153,-0.020646461484996603
1999-07-14,22.66,3.12060125559986,0.0057535011557070526
1999-07-15,22.72,3.1232455938529506,0.002644338253090517
1999-07-16,23.25,3.1463051320333655,0.02305953818041484
1999-07-19,23.03,3.136797713832594,-0.0095074182007715
1999-07-20,22.69,3.1219242987917504,-0.014873415040843607
1999-07-21,21.35,3.0610517396746335,-0.060872559117116865
1999-07-22,21.13,3.0506938316279655,-0.01035790804666803
1999-07-23,21.38,3.062455905596899,0.011762073968933695
1999-07-26,21.35,3.0610517396746335,-0.0014041659222656655
1999-07-27,21.0,3.044522437723423,-0.016529301951210496
1999-07-28,21.13,3.0506938316279655,0.006171393904542466
1999-07-29,21.47,3.0666566118906897,0.01596278026272424
1999-07-30,20.28,3.0096351787229825,-0.05702143316770725
1999-08-02,20.19,3.005187432324746,-0.0044477463982364185
1999-08-03,19.5,2.970414465569701,-0.034772966755045154
1999-08-04,18.66,2.926382195419198,-0.04403227015050293
1999-08-05,18.25,2.9041650800285006,-0.022217115390697373
1999-08-06,15.0,2.70805020110221,-0.19611487892629054
1999-08-09,16.63,2.811208293204836,0.10315809210262605
1999-08-10,15.85,2.7631695003232895,-0.048038792881546666
1999-08-11,16.44,2.799717389628034,0.03654788930474462
1999-08-12,17.19,2.844327819394758,0.044610429766724025
1999-08-13,17.47,2.8604851241459652,0.016157304751207135
1999-08-16,17.5,2.8622008809294686,0.0017157567835033305
1999-08-17,17.94,2.88703285663065,0.024831975701181452
1999-08-18,17.28,2.8495497633759097,-0.03748309325474031
1999-08-19,17.0,2.833213344056216,-0.01633641931969354
1999-08-20,17.91,2.8853592160726205,0.052145872016404304
1999-08-23,18.0,2.8903717578961645,0.005012541823544048
1999-08-24,17.63,2.869601996409779,-0.02076976148638554
1999-08-25,17.81,2.87976009730157,0.010158100891791033
1999-08-26,18.06,2.8936995479888394,0.013939450687269428
1999-08-27,18.06,2.8936995479888394,0.0
1999-08-30,17.56,2.8656235882069705,-0.028075959781868942
1999-08-31,16.97,2.831447079246135,-0.03417650896083568
1999-09-01,17.0,2.833213344056216,0.0017662648100813527
1999-09-02,16.66,2.8130106367386967,-0.020202707317519497
1999-09-03,17.6,2.8678989020441064,0.05488826530540969
1999-09-07,17.91,2.8853592160726205,0.017460314028514112
1999-09-08,17.41,2.8570447537800976,-0.02831446229252288
1999-09-09,17.38,2.8553201198372458,-0.0017246339428518276
1999-09-10,17.72,2.8746939451769347,0.0193738253396889
1999-09-13,17.63,2.869601996409779,-0.005091948767155685
1999-09-14,17.66,2.8713021951758138,0.0017001987660347773
1999-09-15,13.5,2.6026896854443837,-0.26861250973143
1999-09-16,13.19,2.579458966729223,-0.02323071871516058
1999-09-17,13.81,2.6253929674212007,0.045934000691977506
1999-09-20,13.91,2.6326080059353516,0.007215038514150951
1999-09-21,13.63,2.612273245708441,-0.020334760226910387
1999-09-22,13.75,2.6210388241125804,0.008765578404139163
1999-09-23,12.38,2.5160822672564502,-0.10495655685613015
1999-09-24,11.97,2.482403519569882,-0.03367874768656831
1999-09-27,11.41,2.4344901638739844,-0.0479133556958975
1999-09-28,11.0,2.3978952727983707,-0.036594891075613756
1999-09-29,11.88,2.474856313934499,0.07696104113612812
1999-09-30,12.38,2.5160822672564502,0.04122595332195145
1999-10-01,11.6,2.451005098112319,-0.0650771691441312
1999-10-04,11.97,2.482403519569882,0.031398421457562886
1999-10-05,12.13,2.495681722955959,0.013278203386076992
1999-10-06,12.0,2.4849066497880004,-0.01077507316795856
1999-10-07,12.28,2.5079719227189963,0.023065272930995917
1999-10-08,12.66,2.5384474167160302,0.030475493997033976
1999-10-11,12.41,2.5185025992165158,-0.01994481749951449
1999-10-12,11.63,2.453587966530573,-0.06491463268594266
1999-10-13,10.5,2.3513752571634776,-0.10221270936709548
1999-10-14,10.13,2.315501318260592,-0.035873938902885705
1999-10-15,9.91,2.2935443483418965,-0.021956969918695446
1999-10-18,9.66,2.2679936482244267,-0.025550700117469738
1999-10-19,9.25,2.224623551524334,-0.04337009670009273
1999-10-20,9.22,2.2213750375685026,-0.003248513955831367
1999-10-21,9.06,2.203869120054888,-0.017505917513614744
1999-10-22,9.47,2.248128907197987,0.04425978714309897
1999-10-25,8.91,2.187174241482718,-0.06095466571526886
1999-10-26,9.0,2.1972245773362196,0.010050335853501569
1999-10-27,9.56,2.25758772706331,0.06036314972709045
1999-10-28,10.06,2.3085671646715933,0.05097943760828327
1999-10-29,10.1,2.312535423847214,0.003968259175620492
1999-11-01,10.44,2.3456445824544927,0.03310915860727892
1999-11-02,10.56,2.3570732782781154,0.011428695823622714
1999-11-03,10.35,2.336986519711378,-0.020086758566737473
1999-11-04,10.25,2.327277705584417,-0.009708814126960785
1999-11-05,10.6,2.3608540011180215,0.033576295533604306
1999-11-08,10.16,2.318458442150336,-0.04239555896768543
1999-11-09,10.25,2.327277705584417,0.008819263434081126
1999-11-10,10.25,2.327277705584417,0.0
1999-11-11,10.5,2.3513752571634776,0.02409755157906046
1999-11-12,10.63,2.363680192353857,0.01230493519037923
1999-11-15,11.13,2.4096441652874536,0.045963972933596775
1999-11-17,10.91,2.3896797998449792,-0.019964365442474374
1999-11-18,10.81,2.3804716316511167,-0.009208168193862498
1999-11-19,10.85,2.3841650799864684,0.003693448335351679
1999-11-22,11.0,2.3978952727983707,0.013730192811902242
1999-11-23,10.94,2.392425796993835,-0.005469475804535495
1999-11-24,11.22,2.4176979000945504,0.02527210310071526
1999-11-26,11.25,2.4203681286504293,0.0026702285558788397
1999-11-29,11.13,2.4096441652874536,-0.010723963362975653
1999-11-30,10.56,2.3570732782781154,-0.05257088700933821
1999-12-01,10.47,2.3485140248824456,-0.008559253395669764
1999-12-02,10.5,2.3513752571634776,0.002861232281031967
1999-12-03,10.25,2.327277705584417,-0.02409755157906046
1999-12-06,10.0,2.302585092994046,-0.024692612590371255
1999-12-07,10.25,2.327277705584417,0.024692612590371255
1999-12-08,10.5,2.3513752571634776,0.02409755157906046
1999-12-09,10.19,2.321406847234633,-0.02996840992884442
1999-12-10,10.0,2.302585092994046,-0.018821754240587296
1999-12-13,10.25,2.327277705584417,0.024692612590371255
1999-12-14,9.5,2.2512917986064953,-0.07598590697792185
1999-12-15,10.0,2.302585092994046,0.05129329438755059
1999-12-16,9.63,2.2648832258100344,-0.03770186718401147
1999-12-17,9.6,2.2617630984737906,-0.003120127336243783
1999-12-20,9.81,2.2834022735772717,0.021639175103481012
1999-12-21,10.0,2.302585092994046,0.019182819416774244
1999-12-22,10.16,2.318458442150336,0.01587334915629013
1999-12-23,10.63,2.363680192353857,0.045221750203520816
1999-12-27,10.38,2.3398808777377424,-0.023799314616114398
1999-12-28,10.5,2.3513752571634776,0.011494379425735168
1999-12-29,10.41,2.3427668826268775,-0.008608374536600127
1999-12-30,11.19,2.4150205223238337,0.0722536396969562
1999-12-31,10.94,2.392425796993835,-0.02259472532999851
2000-01-03,11.5,2.4423470353692043,0.049921238375369104
2000-01-04,11.69,2.458733775483977,0.016386740114772813
2000-01-05,12.53,2.528125768907977,0.06939199342399993
2000-01-06,12.88,2.5556757206762075,0.027549951768230496
2000-01-07,12.41,2.5185025992165158,-0.03717312145969176
2000-01-10,12.0,2.4849066497880004,-0.033595949428515404
2000-01-11,11.85,2.47232786758114,-0.01257878220686015
2000-01-12,11.44,2.437115985951652,-0.035211881629488406
2000-01-13,11.35,2.4292177439274116,-0.007898242024240165
2000-01-14,11.5,2.4423470353692043,0.013129291441792645
2000-01-18,11.63,2.453587966530573,0.011240931161368817
2000-01-19,11.35,2.4292177439274116,-0.024370222603161462
2000-01-20,10.56,2.3570732782781154,-0.07214446564929622
2000-01-21,10.35,2.336986519711378,-0.020086758566737473
2000-01-24,10.56,2.3570732782781154,0.020086758566737473
2000-01-25,10.41,2.3427668826268775,-0.014306395651237924
2000-01-26,10.6,2.3608540011180215,0.018087118491143972
2000-01-27,10.56,2.3570732782781154,-0.0037807228399060477
2000-01-28,10.44,2.3456445824544927,-0.011428695823622714
2000-01-31,10.38,2.3398808777377424,-0.005763704716750251
2000-02-01,10.19,2.321406847234633,-0.01847403050310925
2000-02-02,10.5,2.3513752571634776,0.02996840992884442
2000-02-03,9.97,2.299580583973747,-0.051794673189730744
2000-02-04,9.75,2.277267285009756,-0.022313298963990924
2000-02-07,9.56,2.25758772706331,-0.019679557946445936
2000-02-08,9.63,2.2648832258100344,0.007295498746724416
2000-02-09,10.53,2.354228326145884,0.08934510033584964
2000-02-10,9.97,2.299580583973747,-0.05464774217213719
2000-02-11,9.5,2.2512917986064953,-0.04828878536725156
2000-02-14,9.69,2.2710944259026746,0.01980262729617932
2000-02-15,9.81,2.2834022735772717,0.012307847674597028
2000-02-16,9.47,2.248128907197987,-0.0352733663792848
2000-02-17,9.81,2.2834022735772717,0.0352733663792848
2000-02-18,9.63,2.2648832258100344,-0.01851904776723723
2000-02-22,9.72,2.2741856184723477,0.009302392662313252
2000-02-23,9.5,2.2512917986064953,-0.02289381986585237
2000-02-24,9.31,2.231089091288976,-0.020202707317519497
2000-02-25,8.94,2.190535589185423,-0.04055350210355302
2000-02-28,9.0,2.1972245773362196,0.006688988150796771
2000-02-29,9.13,2.211565694606877,0.014341117270657566
2000-03-01,8.96,2.192770226986839,-0.018795467620038142
2000-03-02,8.91,2.187174241482718,-0.005595985504120993
2000-03-03,9.0,2.1972245773362196,0.010050335853501569
2000-03-06,9.38,2.238579763018133,0.04135518568191365
2000-03-07,9.03,2.200552367428894,-0.03802739558923918
2000-03-08,9.56,2.25758772706331,0.05703535963441597
2000-03-09,10.66,2.3664984187376983,0.10891069167438827
2000-03-10,10.69,2.3693087250369538,0.002810306299255494
2000-03-13,10.47,2.3485140248824456,-0.020794700154508128
2000-03-14,10.35,2.336986519711378,-0.011527505171067709
2000-03-15,10.66,2.3664984187376983,0.029511899026320343
2000-03-16,12.38,2.5160822672564502,0.14958384851875195
2000-03-17,11.5,2.4423470353692043,-0.07373523188724596
2000-03-20,10.97,2.395164274287139,-0.047182761082065205
2000-03-21,10.85,2.3841650799864684,-0.010999194300670645
2000-03-22,11.03,2.400618833265411,0.016453753278942607
2000-03-23,11.03,2.400618833265411,0.0
2000-03-24,11.16,2.412335956953165,0.011717123687753794
2000-03-27,10.97,2.395164274287139,-0.017171682666025756
2000-03-28,10.69,2.3693087250369538,-0.025855549250185295
2000-03-29,10.47,2.3485140248824456,-0.020794700154508128
2000-03-30,10.13,2.315501318260592,-0.03301270662185374
2000-03-31,10.66,2.3664984187376983,0.05099710047710637
2000-04-03,10.35,2.336986519711378,-0.029511899026320343
2000-04-04,10.56,2.3570732782781154,0.020086758566737473
2000-04-05,10.5,2.3513752571634776,-0.005698021114637797
2000-04-06,10.63,2.363680192353857,0.01230493519037923
2000-04-07,10.5,2.3513752571634776,-0.01230493519037923
2000-04-10,10.56,2.3570732782781154,0.005698021114637797
2000-04-11,10.53,2.354228326145884,-0.0028449521322313487
2000-04-12,10.91,2.3896797998449792,0.03545147369909518
2000-04-13,11.25,2.4203681286504293,0.030688328805450027
2000-04-14,10.88,2.3869262414277967,-0.03344188722263253
2000-04-17,10.56,2.3570732782781154,-0.029852963149681333
2000-04-18,11.53,2.4449523342809676,0.08787905600285217
2000-04-19,12.63,2.5360749363624,0.09112260208143219
2000-04-20,12.16,2.498151876538021,-0.037923059824378935
2000-04-24,12.69,2.540814281726296,0.042662405188275354
2000-04-25,13.94,2.6347624053323777,0.09394812360608151
2000-04-26,13.63,2.612273245708441,-0.022489159623936494
2000-04-27,13.5,2.6026896854443837,-0.009583560264057489
2000-04-28,13.25,2.583997552432231,-0.018692133012152556
2000-05-01,13.28,2.5862591440482876,0.0022615916160564353
2000-05-02,13.75,2.6210388241125804,0.03477968006429277
2000-05-03,13.47,2.6004649904222727,-0.02057383369030763
2000-05-04,13.16,2.5771819258971713,-0.023283064525101427
2000-05-05,13.28,2.5862591440482876,0.009077218151116284
2000-05-08,13.69,2.6166656393003573,0.030406495252069732
2000-05-09,14.16,2.6504210882655737,0.03375544896521632
2000-05-10,13.35,2.5915163848462583,-0.05890470341931531
2000-05-11,12.63,2.5360749363624,-0.05544144848385857
2000-05-12,12.03,2.4874035299865875,-0.04867140637581224
2000-05-15,12.56,2.5305171610400525,0.043113631053464996
2000-05-16,12.5,2.5257286443082556,-0.004788516731796921
2000-05-17,12.66,2.5384474167160302,0.012718772407774637
2000-05-18,13.13,2.574899688314705,0.03645227159867481
2000-05-19,12.97,2.5626389983283526,-0.012260689986352435
2000-05-22,12.5,2.5257286443082556,-0.036910354020097014
2000-05-23,12.38,2.5160822672564502,-0.009646377051805377
2000-05-24,12.38,2.5160822672564502,0.0
2000-05-25,12.91,2.558002204858551,0.04191993760210089
2000-05-26,12.53,2.528125768907977,-0.0298764359505741
2000-05-30,13.06,2.569554123848285,0.041428354940308054
2000-05-31,12.81,2.550226115908643,-0.019328007939642067
2000-06-01,11.97,2.482403519569882,-0.06782259633876109
2000-06-02,11.38,2.431857428698185,-0.050546090871697036
2000-06-05,11.6,2.451005098112319,0.01914766941413415
2000-06-06,11.5,2.4423470353692043,-0.008658062743114758
2000-06-07,11.5,2.4423470353692043,0.0
2000-06-08,11.72,2.4612967841488667,0.01894974877966238
2000-06-09,11.78,2.4664031782234406,0.005106394074573917
2000-06-12,11.85,2.47232786758114,0.005924689357699631
2000-06-13,12.22,2.503073953743449,0.030746086162309005
2000-06-14,12.35,2.513656063073986,0.010582109330536937
2000-06-15,12.44,2.5209170873110334,0.00726102423704722
2000-06-16,12.16,2.498151876538021,-0.022765210773012523
2000-06-19,11.66,2.4561641809223462,-0.041987695615674614
2000-06-20,11.44,2.437115985951652,-0.019048194970694432
2000-06-21,11.5,2.4423470353692043,0.00523104941755248
2000-06-22,11.0,2.3978952727983707,-0.04445176257083361
2000-06-23,10.85,2.3841650799864684,-0.013730192811902242
2000-06-26,10.94,2.392425796993835,0.008260717007366747
2000-06-27,10.63,2.363680192353857,-0.028745604639978328
2000-06-28,10.85,2.3841650799864684,0.02048488763261158
2000-06-29,10.91,2.3896797998449792,0.005514719858510819
2000-06-30,10.97,2.395164274287139,0.005484474442159826
2000-07-03,10.91,2.3896797998449792,-0.005484474442159826
2000-07-05,10.81,2.3804716316511167,-0.009208168193862498
2000-07-06,11.22,2.4176979000945504,0.037226268443433685
2000-07-07,11.69,2.458733775483977,0.04103587538942666
2000-07-10,12.03,2.4874035299865875,0.028669754502610445
2000-07-11,11.91,2.477378383367209,-0.010025146619378589
2000-07-12,13.0,2.5649493574615367,0.08757097409432779
2000-07-13,12.94,2.5603232890727545,-0.004626068388782212
2000-07-14,12.72,2.543175557911976,-0.017147731160778612
2000-07-17,13.28,2.5862591440482876,0.04308358613631169
2000-07-18,12.88,2.5556757206762075,-0.030583423372080087
2000-07-19,9.44,2.244955980157409,-0.31071974051879847
2000-07-20,8.85,2.180417459019838,-0.06453852113757108
2000-07-21,8.75,2.169053700369523,-0.011363758650314804
2000-07-24,8.53,2.1435893615035875,-0.025464338865935687
2000-07-25,8.5,2.1400661634962708,-0.003523198007316708
2000-07-26,8.75,2.169053700369523,0.028987536873252395
2000-07-27,9.1,2.2082744135228043,0.03922071315328113
2000-07-28,8.56,2.1471001901536506,-0.06117422336915368
2000-07-31,8.28,2.1138429683971682,-0.03325722175648238
2000-08-01,8.75,2.169053700369523,0.05521073197235493
2000-08-02,9.06,2.203869120054888,0.034815419685364724
2000-08-03,8.88,2.1838015570040787,-0.020067563050809145
2000-08-04,8.88,2.1838015570040787,0.0
2000-08-07,8.8,2.174751721484161,-0.009049835519917782
2000-08-08,8.56,2.1471001901536506,-0.02765153133051035
2000-08-09,8.31,2.1174596088673567,-0.029640581286293877
2000-08-10,8.28,2.1138429683971682,-0.0036166404701885035
2000-08-11,8.31,2.1174596088673567,0.0036166404701885035
2000-08-14,8.22,2.1065702090680887,-0.010889399799268062
2000-08-15,8.06,2.086913556518537,-0.019656652549551623
2000-08-16,8.13,2.0955609235597192,0.008647367041182186
2000-08-17,8.19,2.102913897864978,0.007352974305258719
2000-08-18,8.19,2.102913897864978,0.0
2000-08-21,8.91,2.187174241482718,0.08426034361774004
2000-08-22,8.6,2.151762203259462,-0.035412038223256115
2000-08-23,8.91,2.187174241482718,0.035412038223256115
2000-08-24,8.85,2.180417459019838,-0.006756782462880029
2000-08-25,8.88,2.1838015570040787,0.003384097984240775
2000-08-28,9.1,2.2082744135228043,0.02447285651872555
2000-08-29,9.0,2.1972245773362196,-0.011049836186584727
2000-08-30,9.41,2.2417729535972883,0.04454837626106878
2000-08-31,9.48,2.2491843162669305,0.007411362669642152
2000-09-01,9.28,2.2278615467981093,-0.021322769468821168
2000-09-05,9.31,2.231089091288976,0.003227544490866485
2000-09-06,9.28,2.2278615467981093,-0.003227544490866485
2000-09-07,9.16,2.214846178686039,-0.01301536811207038
2000-09-08,9.35,2.2353763433005955,0.02053016461455659
2000-09-11,9.53,2.254444717666111,0.01906837436551534
2000-09-12,9.5,2.2512917986064953,-0.0031529190596155665
2000-09-13,9.38,2.238579763018133,-0.012712035588362092
2000-09-14,9.22,2.2213750375685026,-0.017204725449630587
2000-09-15,9.53,2.254444717666111,0.033069680097608245
2000-09-18,9.56,2.25758772706331,0.003143009397199137
2000-09-19,9.38,2.238579763018133,-0.019007964045176795
2000-09-20,9.13,2.211565694606877,-0.027014068411256087
2000-09-21,9.28,2.2278615467981093,0.016295852191232196
2000-09-22,9.0,2.1972245773362196,-0.030636969461889763
2000-09-25,9.0,2.1972245773362196,0.0
2000-09-26,8.5,2.1400661634962708,-0.057158413839948796
2000-09-27,8.19,2.102913897864978,-0.03715226563129281
2000-09-28,8.41,2.1294214739848565,0.02650757611987853
2000-09-29,8.22,2.1065702090680887,-0.02285126491676781
2000-10-02,8.0,2.0794415416798357,-0.027128667388252925
2000-10-03,8.19,2.102913897864978,0.023472356185142207
2000-10-04,7.78,2.0515563381903004,-0.05135755967467759
2000-10-05,7.91,2.0681277817795625,0.016571443589262103
2000-10-06,7.63,2.0320878452963655,-0.03603993648319692
2000-10-09,7.53,2.018895041811802,-0.01319280348456342
2000-10-10,7.47,2.010894999144726,-0.008000042667076102
2000-10-11,7.5,2.0149030205422647,0.004008021397538641
2000-10-12,7.25,1.9810014688665833,-0.03390155167568132
2000-10-13,7.44,2.0068708488450007,0.025869379978417317
2000-10-16,7.85,2.060513531794317,0.05364268294931618
2000-10-17,7.75,2.0476928433652555,-0.012820688429061367
2000-10-18,8.03,2.0831845279586703,0.035491684593414785
2000-10-19,7.88,2.064327903869788,-0.018856624088882334
2000-10-20,7.91,2.0681277817795625,0.0037998779097745405
2000-10-23,8.0,2.0794415416798357,0.01131375990027328
2000-10-24,7.97,2.075684492802124,-0.0037570488777118882
2000-10-25,7.97,2.075684492802124,0.0
2000-10-26,8.03,2.0831845279586703,0.007500035156546403
2000-10-27,8.03,2.0831845279586703,0.0
2000-10-30,8.13,2.0955609235597192,0.012376395601048973
2000-10-31,7.97,2.075684492802124,-0.019876430757595376
2000-11-01,7.78,2.0515563381903004,-0.024128154611823494
2000-11-02,8.06,2.086913556518537,0.035357218328236684
2000-11-03,8.25,2.1102132003465894,0.023299643828052385
2000-11-06,8.03,2.0831845279586703,-0.027028672387919173
2000-11-07,8.03,2.0831845279586703,0.0
2000-11-08,7.88,2.064327903869788,-0.018856624088882334
2000-11-09,7.69,2.0399207835175526,-0.024407120352235356
2000-11-10,7.47,2.010894999144726,-0.029025784372826546
2000-11-13,7.44,2.0068708488450007,-0.00402415029972536
2000-11-14,7.5,2.0149030205422647,0.008032171697264001
2000-11-15,7.28,1.9851308622085946,-0.029772158333670085
2000-11-16,7.47,2.010894999144726,0.025764136936131443
2000-11-17,7.5,2.0149030205422647,0.004008021397538641
2000-11-20,7.6,2.028148247292285,0.013245226750020489
2000-11-21,7.19,1.9726911717329554,-0.05545707555932977
2000-11-22,7.1,1.9600947840472698,-0.012596387685685606
2000-11-24,7.31,1.9892432737616872,0.029148489714417414
2000-11-27,7.0,1.9459101490553132,-0.04333312470637396
2000-11-28,6.81,1.918392120161421,-0.02751802889389232
2000-11-29,6.56,1.8809906029559975,-0.037401517205423396
2000-11-30,6.44,1.8625285401162623,-0.01846206283973517
2000-12-01,6.53,1.8764069432883397,0.013878403172077336
2000-12-04,6.5,1.8718021769015913,-0.004604766386748338
2000-12-05,6.5,1.8718021769015913,0.0
2000-12-06,6.13,1.81319474994812,-0.05860742695347132
2000-12-07,6.38,1.8531680973566984,0.039973347408578386
2000-12-08,6.41,1.8578592709325787,0.004691173575880336
2000-12-11,6.53,1.8764069432883397,0.018547672355760936
2000-12-12,6.72,1.9050881545350582,0.02868121124671852
2000-12-13,6.5,1.8718021769015913,-0.03328597763346686
2000-12-14,6.6,1.8870696490323797,0.015267472130788384
2000-12-15,6.53,1.8764069432883397,-0.010662705744040046
2000-12-18,6.72,1.9050881545350582,0.02868121124671852
2000-12-19,6.66,1.8961194845522977,-0.008968669982760469
2000-12-20,6.72,1.9050881545350582,0.008968669982760469
2000-12-21,6.66,1.8961194845522977,-0.008968669982760469
2000-12-22,6.47,1.8671761085128091,-0.0289433760394886
2000-12-26,6.6,1.8870696490323797,0.019893540519570596
2000-12-27,6.53,1.8764069432883397,-0.010662705744040046
2000-12-28,6.78,1.9139771019523042,0.037570158663964515
2000-12-29,6.85,1.9242486522741338,0.010271550321829581
2001-01-02,6.75,1.9095425048844386,-0.014706147389695223
2001-01-03,6.75,1.9095425048844386,0.0
2001-01-04,7.5,2.0149030205422647,0.10536051565782611
2001-01-05,7.78,2.0515563381903004,0.0366533176480357
2001-01-08,7.75,2.0476928433652555,-0.0038634948250448886
2001-01-09,7.88,2.064327903869788,0.01663506050453245
2001-01-10,7.47,2.010894999144726,-0.0534329047250619
2001-01-11,7.44,2.0068708488450007,-0.00402415029972536
2001-01-12,7.5,2.0149030205422647,0.008032171697264001
2001-01-16,7.5,2.0149030205422647,0.0
2001-01-17,7.85,2.060513531794317,0.04561051125205218
2001-01-18,7.75,2.0476928433652555,-0.012820688429061367
2001-01-19,7.25,1.9810014688665833,-0.06669137449867213
2001-01-22,7.78,2.0515563381903004,0.07055486932371702
2001-01-23,8.03,2.0831845279586703,0.031628189768369896
2001-01-24,8.0,2.0794415416798357,-0.0037429862788345147
2001-01-25,8.28,2.1138429683971682,0.034401426717332484
2001-01-26,8.63,2.155244505095337,0.041401536698168595
2001-01-29,8.73,2.166765369851511,0.011520864756174198
2001-01-30,8.48,2.1377104498038118,-0.029054920047699273
2001-01-31,8.38,2.125847914493992,-0.011862535309819844
2001-02-01,8.8,2.174751721484161,0.04890380699016905
2001-02-02,8.38,2.125847914493992,-0.04890380699016905
2001-02-05,8.02,2.081938421878423,-0.04390949261556898
2001-02-06,8.06,2.086913556518537,0.0049751346401141205
2001-02-07,7.96,2.0744289998562917,-0.01248455666224535
2001-02-08,8.0,2.0794415416798357,0.005012541823544048
2001-02-09,7.95,2.0731719286662407,-0.006269613013595077
2001-02-12,8.26,2.1114245875328868,0.03825265886664608
2001-02-13,8.13,2.0955609235597192,-0.01586366397316752
2001-02-14,8.15,2.0980179272527715,0.00245700369305224
2001-02-15,8.13,2.0955609235597192,-0.00245700369305224
2001-02-16,7.87,2.063058062429312,-0.03250286113040746
2001-02-20,7.93,2.0706530356467567,0.007594973217444956
2001-02-21,7.93,2.0706530356467567,0.0
2001-02-22,8.0,2.0794415416798357,0.008788506033079013
2001-02-23,7.88,2.064327903869788,-0.01511363781004782
2001-02-26,8.0,2.0794415416798357,0.01511363781004782
2001-02-27,7.91,2.0681277817795625,-0.01131375990027328
2001-02-28,8.25,2.1102132003465894,0.042085418567026966
2001-03-01,8.73,2.166765369851511,0.05655216950492159
2001-03-02,8.78,2.172476407647025,0.005711037795514073
2001-03-05,9.36,2.2364452904895007,0.0639688828424756
2001-03-06,9.11,2.209372711271867,-0.02707257921763384
2001-03-07,9.07,2.2049722641270453,-0.004400447144821573
2001-03-08,8.89,2.1849270495258133,-0.020045214601231987
2001-03-09,9.0,2.1972245773362196,0.012297527810406272
2001-03-12,8.98,2.194999882314108,-0.0022246950221114226
2001-03-13,9.23,2.222459048514761,0.027459166200652696
2001-03-14,9.0,2.1972245773362196,-0.025234471178541273
2001-03-15,9.15,2.21375387928743,0.016529301951210496
2001-03-16,9.23,2.222459048514761,0.008705169227330778
2001-03-19,9.6,2.2617630984737906,0.03930404995902981
2001-03-20,9.29,2.2289385528257473,-0.03282454564804338
2001-03-21,8.59,2.150598735996164,-0.07833981682958324
2001-03-22,8.54,2.1447610078004784,-0.005837728195685621
2001-03-23,8.98,2.194999882314108,0.05023887451362974
2001-03-26,9.42,2.2428350885882717,0.0478352062741636
2001-03-27,9.46,2.247072383063787,0.004237294475515352
2001-03-28,9.58,2.259677591982769,0.01260520891898187
2001-03-29,10.05,2.307572634505085,0.04789504252231591
2001-03-30,10.09,2.3115448343655176,0.003972199860432735
2001-04-02,9.97,2.299580583973747,-0.011964250391770737
2001-04-03,9.69,2.2710944259026746,-0.028486158071072243
2001-04-04,9.5,2.2512917986064953,-0.01980262729617932
2001-04-05,8.9,2.186051276738094,-0.06524052186840112
2001-04-06,7.59,2.0268315914075385,-0.15921968533055564
2001-04-09,7.78,2.0515563381903004,0.02472474678276182
2001-04-10,8.0,2.0794415416798357,0.027885203489535382
2001-04-11,7.98,2.0769384114617173,-0.0025031302181184323
2001-04-12,8.03,2.0831845279586703,0.006246116496952947
2001-04-16,7.83,2.057962510002712,-0.025222017955958353
2001-04-17,7.99,2.0781907597781832,0.02022824977547133
2001-04-18,8.1,2.0918640616783932,0.013673301900209989
2001-04-19,8.05,2.0856720914304723,-0.006191970247920953
2001-04-20,7.97,2.075684492802124,-0.009987598628348415
2001-04-23,7.55,2.0215475632609334,-0.054136929541190426
2001-04-24,7.5,2.0149030205422647,-0.006644542718668767
2001-04-25,7.75,2.0476928433652555,0.03278982282299081
2001-04-26,7.57,2.0241930674493576,-0.023499775915897914
2001-04-27,7.51,2.0162354657760435,-0.007957601673314052
2001-04-30,7.94,2.0719132752590443,0.05567780948300083
2001-05-01,8.15,2.0980179272527715,0.026104651993727135
2001-05-02,7.94,2.0719132752590443,-0.026104651993727135
2001-05-03,7.86,2.061786606441115,-0.010126668817929119
2001-05-04,7.8,2.0541237336955462,-0.007662872745568983
2001-05-07,7.69,2.0399207835175526,-0.014202950177993667
2001-05-08,7.77,2.050270164379556,0.010349380862003432
2001-05-09,7.76,2.048982334195127,-0.0012878301844287954
2001-05-10,7.65,2.0347056478384444,-0.014276686356682777
2001-05-11,7.71,2.0425181875752383,0.007812539736793855
2001-05-14,7.64,2.033397603178429,-0.009120584396809406
2001-05-15,7.97,2.075684492802124,0.04228688962369498
2001-05-16,8.03,2.0831845279586703,0.007500035156546403
2001-05-17,8.16,2.0992441689760155,0.01605964101734525
2001-05-18,8.19,2.102913897864978,0.0036697288889624424
2001-05-21,8.75,2.169053700369523,0.06613980250454521
2001-05-22,8.58,2.149433913499871,-0.019619786869652156
2001-05-23,8.61,2.152924318439639,0.0034904049397681547
2001-05-24,8.63,2.155244505095337,0.0023201866556976647
2001-05-25,8.49,2.138889000323256,-0.01635550477208092
2001-05-29,8.4,2.128231705849268,-0.010657294473988
2001-05-30,8.62,2.1540850846756014,0.02585337882633354
2001-05-31,8.66,2.1587147225743437,0.004629637898742267
2001-06-01,8.63,2.155244505095337,-0.0034702174790068874
2001-06-04,8.78,2.172476407647025,0.017231902551688272
2001-06-05,8.99,2.196112848483529,0.023636440836503958
2001-06-06,8.92,2.188295946591918,-0.007816901891611217
2001-06-07,8.85,2.180417459019838,-0.007878487572079873
2001-06-08,8.77,2.1713368063840917,-0.009080652635746311
2001-06-11,8.68,2.1610215286722587,-0.010315277711832938
2001-06-12,8.86,2.1815467646169897,0.02052523594473099
2001-06-13,8.79,2.1736147116970854,-0.007932052919904287
2001-06-14,8.68,2.1610215286722587,-0.012593183024826704
2001-06-15,8.57,2.1482677326096886,-0.0127537960625701
2001-06-18,8.59,2.150598735996164,0.0023310033864754054
2001-06-19,8.52,2.1424163408412245,-0.00818239515493957
2001-06-20,9.2,2.2192034840549946,0.07678714321377011
2001-06-21,9.03,2.200552367428894,-0.018651116626100528
2001-06-22,8.86,2.1815467646169897,-0.019005602811904332
2001-06-25,8.82,2.1770218700187,-0.004524894598289642
2001-06-26,8.91,2.187174241482718,0.010152371464017929
2001-06-27,8.86,2.1815467646169897,-0.005627476865728287
2001-06-28,8.76,2.1701959049483,-0.011350859668689761
2001-06-29,8.5,2.1400661634962708,-0.03012974145202918
2001-07-02,8.78,2.172476407647025,0.03241024415075433
2001-07-03,8.72,2.1656192379208883,-0.006857169726136814
2001-07-05,8.69,2.162172939277301,-0.0034462986435874754
2001-07-06,8.59,2.150598735996164,-0.011574203281136786
2001-07-09,8.76,2.1701959049483,0.019597168952135924
2001-07-10,8.74,2.167910189667444,-0.002285715280855971
2001-07-11,8.98,2.194999882314108,0.027089692646664165
2001-07-12,8.89,2.1849270495258133,-0.01007283278829485
2001-07-13,9.0,2.1972245773362196,0.012297527810406272
2001-07-16,9.01,2.1983350716202463,0.001110494284026764
2001-07-17,8.99,2.196112848483529,-0.002222223136717272
2001-07-18,8.99,2.196112848483529,0.0
2001-07-19,9.01,2.1983350716202463,0.002222223136717272
2001-07-20,9.13,2.211565694606877,0.013230622986630802
2001-07-23,9.0,2.1972245773362196,-0.014341117270657566
2001-07-24,9.0,2.1972245773362196,0.0
2001-07-25,9.24,2.2235418856535927,0.02631730831737311
2001-07-26,9.08,2.206074192613202,-0.017467693040390753
2001-07-27,9.13,2.211565694606877,0.005491501993675207
2001-07-30,9.19,2.2181159363675955,0.006550241760718389
2001-07-31,9.01,2.1983350716202463,-0.01978086474734919
2001-08-01,8.99,2.196112848483529,-0.002222223136717272
2001-08-02,9.08,2.206074192613202,0.009961344129672867
2001-08-03,9.13,2.211565694606877,0.005491501993675207
2001-08-06,9.19,2.2181159363675955,0.006550241760718389
2001-08-07,9.45,2.2460147415056513,0.02789880513805576
2001-08-08,9.14,2.2126603854660587,-0.03335435603959258
2001-08-09,9.25,2.224623551524334,0.011963166058275299
2001-08-10,9.23,2.222459048514761,-0.00216450300957316
2001-08-13,9.55,2.256541154492639,0.034082105977878197
2001-08-14,9.32,2.2321626286975,-0.024378525795138994
2001-08-15,9.43,2.2438960966453663,0.011733467947866227
2001-08-16,9.37,2.2375130962503307,-0.006383000395035587
2001-08-17,9.28,2.2278615467981093,-0.009651549452221353
2001-08-20,9.25,2.224623551524334,-0.0032379952737753293
2001-08-21,9.32,2.2321626286975,0.007539077173166042
2001-08-22,9.36,2.2364452904895007,0.004282661792000653
2001-08-23,9.55,2.256541154492639,0.020095864003138342
2001-08-24,9.8,2.2823823856765264,0.02584123118388737
2001-08-27,9.79,2.281361456542419,-0.0010209291341074511
2001-08-28,9.74,2.2762411176544437,-0.005120338887975251
2001-08-29,9.51,2.252343876557299,-0.02389724109714475
2001-08-30,9.45,2.2460147415056513,-0.006329135051647672
2001-08-31,9.55,2.256541154492639,0.010526412986987754
2001-09-04,9.83,2.285438934159075,0.02889777966643603
2001-09-05,9.88,2.2905125117597764,0.005073577600701373
2001-09-06,9.7,2.272125885509337,-0.01838662625043952
2001-09-07,9.15,2.21375387928743,-0.05837200622190686
2001-09-10,9.45,2.2460147415056513,0.03226086221822122
2001-09-17,8.84,2.179286876649552,-0.06672786485609938
2001-09-18,9.04,2.201659174404085,0.02237229775453331
2001-09-19,9.03,2.200552367428894,-0.0011068069751911658
2001-09-20,9.05,2.2027647577118348,0.002212390282940735
2001-09-21,9.25,2.224623551524334,0.021858793812499222
2001-09-24,10.3,2.33214389523559,0.10752034371125596
2001-09-25,9.83,2.285438934159075,-0.046704961076514895
2001-09-26,9.95,2.2975725511705014,0.012133617011426345
2001-09-27,10.18,2.3204250111223765,0.022852459951875126
2001-09-28,10.25,2.327277705584417,0.0068526944620406205
2001-10-01,10.27,2.329227023940467,0.001949318356049723
2001-10-02,10.5,2.3513752571634776,0.022148233223010738
2001-10-03,10.68,2.3683728335320486,0.01699757636857102
2001-10-04,10.95,2.3933394562625097,0.02496662273046102
2001-10-05,11.32,2.4265710727750367,0.03323161651252704
2001-10-08,11.05,2.402430427963762,-0.024140644811274647
2001-10-09,11.0,2.3978952727983707,-0.00453515516539138
2001-10-10,10.85,2.3841650799864684,-0.013730192811902242
2001-10-11,10.99,2.39698576841553,0.012820688429061367
2001-10-12,11.08,2.405141681319138,0.008155912903608176
2001-10-15,11.35,2.4292177439274116,0.024076062608273663
2001-10-16,11.72,2.4612967841488667,0.032079040221455024
2001-10-17,11.08,2.405141681319138,-0.05615510282972869
2001-10-18,10.92,2.390595970316759,-0.01454571100237878
2001-10-19,11.35,2.4292177439274116,0.03862177361065244
2001-10-22,11.12,2.4087452888224363,-0.020472455104975307
2001-10-23,11.38,2.431857428698185,0.02311213987574856
2001-10-24,11.56,2.4475508632442313,0.015693434546046436
2001-10-25,11.55,2.446685436967803,-0.0008654262764284937
2001-10-26,11.68,2.457877977400081,0.011192540432278353
2001-10-29,11.47,2.4397349311412793,-0.01814304625880192
2001-10-30,11.38,2.431857428698185,-0.007877502443094375
2001-10-31,11.37,2.4309783077624445,-0.0008791209357403851
2001-11-01,11.75,2.463853240590168,0.03287493282772358
2001-11-02,11.9,2.4765384001174837,0.012685159527315637
2001-11-05,12.14,2.4965057856313524,0.019967385513868674
2001-11-06,12.11,2.494031557565001,-0.002474228066351447
2001-11-07,11.93,2.4790562361098245,-0.014975321455176438
2001-11-08,11.8,2.468099531471619,-0.010956704638205306
2001-11-09,11.62,2.4527277514237653,-0.015371780047853889
2001-11-12,11.55,2.446685436967803,-0.006042314455962483
2001-11-13,11.57,2.448415541205585,0.001730104237782193
2001-11-14,11.55,2.446685436967803,-0.001730104237782193
2001-11-15,11.8,2.468099531471619,0.021414094503816372
2001-11-16,12.28,2.5079719227189963,0.03987239124737707
2001-11-19,12.5,2.5257286443082556,0.01775672158925934
2001-11-20,13.25,2.583997552432231,0.05826890812397556
2001-11-21,13.33,2.5900171341906173,0.006019581758386128
2001-11-23,13.84,2.6275629501895237,0.037545815998906384
2001-11-26,13.46,2.599722324216582,-0.02784062597294179
2001-11-27,13.48,2.601207105484161,0.001484781267579116
2001-11-28,13.4,2.5952547069568657,-0.005952398527295344
2001-11-29,13.33,2.5900171341906173,-0.005237572766248366
2001-11-30,13.3,2.5877640352277083,-0.002253098962909039
2001-12-03,13.42,2.5967461315435356,0.00898209631582736
2001-12-04,13.4,2.5952547069568657,-0.0014914245866699538
2001-12-05,13.25,2.583997552432231,-0.011257154524634494
2001-12-06,13.13,2.574899688314705,-0.009097864117526111
2001-12-07,12.58,2.5321082512722946,-0.04279143704241051
2001-12-10,12.79,2.548663615590751,0.01655536431845661
2001-12-11,12.95,2.5610957881455465,0.01243217255479534
2001-12-12,12.59,2.532902848056256,-0.02819294008929063
2001-12-13,12.5,2.5257286443082556,-0.007174203748000263
2001-12-14,12.43,2.5201129055226197,-0.005615738785635926
2001-12-17,12.5,2.5257286443082556,0.005615738785635926
2001-12-18,12.29,2.5087859235779435,-0.01694272073031211
2001-12-19,12.33,2.512035317176253,0.003249393598309336
2001-12-20,12.23,2.503891949699081,-0.008143367477171815
2001-12-21,12.4,2.517696472610991,0.013804522911910144
2001-12-24,12.46,2.522523513359307,0.004827040748315969
2001-12-26,12.32,2.511223958105374,-0.011299555253933224
2001-12-27,12.2,2.501435951739211,-0.00978800636616306
2001-12-28,12.3,2.509599262378372,0.008163310639161203
2001-12-31,12.06,2.4898941912990393,-0.019705071079332726
2002-01-02,11.38,2.431857428698185,-0.05803676260085444
2002-01-03,11.11,2.4078456036515385,-0.02401182504664634
2002-01-04,11.36,2.4300984132930052,0.022252809641466698
2002-01-07,11.5,2.4423470353692043,0.012248622076199034
2002-01-08,11.48,2.4406063908914204,-0.0017406444777838814
2002-01-09,11.38,2.431857428698185,-0.00874896219323551
2002-01-10,11.17,2.413231613081109,-0.01862581561707577
2002-01-11,11.2,2.4159137783010487,0.0026821652199395807
2002-01-14,11.03,2.400618833265411,-0.015294945035637664
2002-01-15,11.34,2.428336298299606,0.027717465034195143
2002-01-16,10.69,2.3693087250369538,-0.0590275732626524
2002-01-17,10.67,2.367436065313662,-0.0018726597232916475
2002-01-18,10.56,2.3570732782781154,-0.010362787035546717
2002-01-22,11.0,2.3978952727983707,0.040821994520255256
2002-01-23,10.93,2.391511302188447,-0.006383970609923573
2002-01-24,11.09,2.4060438013622756,0.014532499173828484
2002-01-25,11.1,2.4069451083182885,0.0009013069560128706
2002-01-28,11.02,2.3997118037247684,-0.007233304593520007
2002-01-29,10.9,2.388762789235098,-0.01094901448967045
2002-01-30,11.03,2.400618833265411,0.01185604403031304
2002-01-31,11.24,2.419478844465545,0.01886001120013381
2002-02-01,11.08,2.405141681319138,-0.014337163146406873
2002-02-04,10.76,2.3758355547336385,-0.02930612658549947
2002-02-05,10.97,2.395164274287139,0.019328719553500573
2002-02-06,10.97,2.395164274287139,0.0
2002-02-07,10.87,2.386006701133118,-0.009157573154021215
2002-02-08,11.74,2.4630018143999504,0.0769951132668325
2002-02-11,11.83,2.4706386779902956,0.007636863590345211
2002-02-12,11.8,2.468099531471619,-0.0025391465186763718
2002-02-13,11.85,2.47232786758114,0.004228336109521003
2002-02-14,12.38,2.5160822672564502,0.04375439967531003
2002-02-15,12.44,2.5209170873110334,0.004834820054583133
2002-02-19,12.35,2.513656063073986,-0.00726102423704722
2002-02-20,12.29,2.5087859235779435,-0.004870139496042647
2002-02-21,11.77,2.4655539212721855,-0.043232002305757966
2002-02-22,11.67,2.4570214462984645,-0.008532474973721005
2002-02-25,11.38,2.431857428698185,-0.025164017600279642
2002-02-26,11.13,2.4096441652874536,-0.022213263410731265
2002-02-27,11.44,2.437115985951652,0.027471820664198177
2002-02-28,11.18,2.414126467726953,-0.022989518224698635
2002-03-01,11.62,2.4527277514237653,0.03860128369681215
2002-03-04,11.53,2.4449523342809676,-0.007775417142797725
2002-03-05,10.83,2.382320061012899,-0.06263227326806842
2002-03-06,11.0,2.3978952727983707,0.015575211785471499
2002-03-07,10.81,2.3804716316511167,-0.01742364114725392
2002-03-08,11.2,2.4159137783010487,0.03544214664993195
2002-03-11,11.5,2.4423470353692043,0.02643325706815558
2002-03-12,11.93,2.4790562361098245,0.03670920074062023
2002-03-13,11.96,2.481567748522486,0.002511512412661343
2002-03-14,11.72,2.4612967841488667,-0.020270964373619194
2002-03-15,12.03,2.4874035299865875,0.02610674583772088
2002-03-18,12.17,2.498973906999436,0.011570377012848354
2002-03-19,12.33,2.512035317176253,0.013061410176816945
2002-03-20,12.34,2.5128460184772416,0.0008107013009888142
2002-03-21,12.35,2.513656063073986,0.0008100445967444969
2002-03-22,12.38,2.5160822672564502,0.0024262041824640868
2002-03-25,12.24,2.50470927708418,-0.011372990172270114
2002-03-26,12.2,2.501435951739211,-0.003273325344969269
2002-03-27,12.39,2.516889695641051,0.015453743901840067
2002-03-28,12.55,2.529720665577793,0.012830969936742154
2002-04-01,12.4,2.517696472610991,-0.012024192966801905
2002-04-02,12.46,2.522523513359307,0.004827040748315969
2002-04-03,12.27,2.50715725872282,-0.01536625463648722
2002-04-04,12.25,2.505525936990736,-0.0016313217320838014
2002-04-05,12.18,2.4997952622817508,-0.005730674708985362
2002-04-08,12.23,2.503891949699081,0.004096687417330269
2002-04-09,12.31,2.510411940196362,0.006519990497281025
2002-04-10,12.42,2.519308076505333,0.008896136308970792
2002-04-11,12.66,2.5384474167160302,0.01913934021069741
2002-04-12,13.0,2.5649493574615367,0.02650194074550649
2002-04-15,13.13,2.574899688314705,0.009950330853168321
2002-04-16,13.01,2.565718292524414,-0.009181395790291091
2002-04-17,12.45,2.5217206229107165,-0.04399766961369744
2002-04-18,12.57,2.531313022602156,0.009592399691439546
2002-04-19,12.63,2.5360749363624,0.004761913760243708
2002-04-22,12.3,2.509599262378372,-0.026475673984027726
2002-04-23,12.29,2.5087859235779435,-0.0008133388004285536
2002-04-24,12.2,2.501435951739211,-0.00734997183873265
2002-04-25,12.32,2.511223958105374,0.00978800636616306
2002-04-26,12.35,2.513656063073986,0.0024321049686122365
2002-04-29,12.12,2.4948569806411682,-0.018799082432817915
2002-04-30,12.46,2.522523513359307,0.027666532718138903
2002-05-01,12.58,2.5321082512722946,0.009584737912987418
2002-05-02,12.5,2.5257286443082556,-0.006379606964038942
2002-05-03,12.39,2.516889695641051,-0.008838948667204694
2002-05-06,12.14,2.4965057856313524,-0.020383910009698525
2002-05-07,12.34,2.5128460184772416,0.016340232845889258
2002-05-08,12.6,2.533696813957432,0.02085079548019042
2002-05-09,12.46,2.522523513359307,-0.011173300598124936
2002-05-10,12.45,2.5217206229107165,-0.0008028904485906097
2002-05-13,12.46,2.522523513359307,0.0008028904485906097
2002-05-14,12.57,2.531313022602156,0.008789509242848936
2002-05-15,12.47,2.523325759691945,-0.007987262910210902
2002-05-16,12.66,2.5384474167160302,0.015121657024085078
2002-05-17,12.8,2.5494451709255714,0.010997754209541188
2002-05-20,13.15,2.5764217586237734,0.026976587698201993
2002-05-21,13.37,2.5930133911138515,0.016591632490078112
2002-05-22,13.08,2.5710843460290524,-0.021929045084799093
2002-05-23,13.77,2.6224923127405635,0.051407966711511044
2002-05-24,13.48,2.601207105484161,-0.021285207256402483
2002-05-28,13.31,2.58851563240702,-0.012691473077140802
2002-05-29,13.57,2.6078614738467776,0.019345841439757372
2002-05-30,13.7,2.617395832834079,0.009534358987301594
2002-05-31,13.93,2.6340447877917144,0.016648954957635187
2002-06-03,13.6,2.6100697927420065,-0.023974995049707903
2002-06-04,13.28,2.5862591440482876,-0.02381064869371885
2002-06-05,13.2,2.580216829592325,-0.006042314455962483
2002-06-06,13.15,2.5764217586237734,-0.003795070968551695
2002-06-07,13.01,2.565718292524414,-0.01070346609935946
2002-06-10,13.18,2.578700529074361,0.012982236549947235
2002-06-11,13.0,2.5649493574615367,-0.013751171612824464
2002-06-12,12.56,2.5305171610400525,-0.03443219642148421
2002-06-13,13.43,2.5974910105351463,0.06697384949509377
2002-06-14,13.63,2.612273245708441,0.014782235173294911
2002-06-17,14.2,2.653241964607215,0.04096871889877374
2002-06-18,14.38,2.6658383522929006,0.012596387685685606
2002-06-19,14.76,2.6919208191723265,0.026082466879425947
2002-06-20,15.83,2.761906873892921,0.06998605472059438
2002-06-21,15.54,2.7434173449395014,-0.018489528953419487
2002-06-24,15.77,2.758109400974947,0.014692056035445766
2002-06-25,15.45,2.7376090033437546,-0.0205003976311926
2002-06-26,15.84,2.7625383863862796,0.02492938304252501
2002-06-27,15.43,2.7363136663750693,-0.026224720011210234
2002-06-28,14.66,2.6851226964585053,-0.05119096991656402
2002-07-01,14.37,2.6651427000909336,-0.01997999636757175
2002-07-02,14.0,2.6390573296152584,-0.026085370475675163
2002-07-03,14.23,2.655352412101761,0.016295082486502466
2002-07-05,14.68,2.6864860231863696,0.03113361108460877
2002-07-08,14.26,2.65745841498615,-0.029027608200219657
2002-07-09,13.94,2.6347624053323777,-0.022696009653772276
2002-07-10,13.3,2.5877640352277083,-0.04699837010466945
2002-07-11,13.54,2.605648267484129,0.017884232256420773
2002-07-12,13.56,2.6071242825122494,0.0014760150281203366
2002-07-15,13.3,2.5877640352277083,-0.01936024728454111
2002-07-16,13.5,2.6026896854443837,0.014925650216675468
2002-07-17,13.47,2.6004649904222727,-0.0022246950221109785
2002-07-18,13.0,2.5649493574615367,-0.03551563296073601
2002-07-19,12.35,2.513656063073986,-0.05129329438755059
2002-07-22,12.2,2.501435951739211,-0.012220111334775297
2002-07-23,11.65,2.4553061800117097,-0.0461297717275011
2002-07-24,13.55,2.60638654732571,0.15108036731400043
2002-07-25,14.14,2.6490076604684267,0.04262111314271655
2002-07-26,13.83,2.626840145676667,-0.022167514791759935
2002-07-29,14.75,2.691243082785829,0.06440293710916212
2002-07-30,14.34,2.663052835171474,-0.028190247614354735
2002-07-31,15.0,2.70805020110221,0.04499736593073589
2002-08-01,14.1,2.6461747973841225,-0.06187540371808753
2002-08-02,13.95,2.6354795082673745,-0.010695289116747997
2002-08-05,13.5,2.6026896854443837,-0.03278982282299081
2002-08-06,13.53,2.604909442182697,0.0022197567383130945
2002-08-07,13.93,2.6340447877917144,0.029135345609017538
2002-08-08,14.7,2.6878474937846906,0.05380270599297621
2002-08-09,14.82,2.695977619867941,0.008130126083250477
2002-08-12,14.51,2.6748380668960965,-0.021139552971844555
2002-08-13,13.83,2.626840145676667,-0.047997921219429696
2002-08-14,13.96,2.6361960973342264,0.009355951657559647
2002-08-16,14.18,2.6518325211039815,0.015636423769755048
2002-08-19,14.09,2.645465325910589,-0.006367195193392572
2002-08-20,14.09,2.645465325910589,0.0
2002-08-21,14.05,2.642622395779755,-0.0028429301308339205
2002-08-22,14.38,2.6658383522929006,0.023215956513145564
2002-08-23,14.66,2.6851226964585053,0.01928434416560476
2002-08-26,14.63,2.683074215032033,-0.002048481426472293
2002-08-27,14.65,2.6844403354630764,0.0013661204310433384
2002-08-28,14.47,2.6720775406433925,-0.012362794819683831
2002-08-29,14.36,2.664446563620078,-0.0076309770233145
2002-08-30,14.58,2.6796507265805123,0.015204162960434253
2002-09-03,13.86,2.6290069937617573,-0.050643732818755005
2002-09-04,14.07,2.644044871126298,0.015037877364540542
2002-09-05,13.96,2.6361960973342264,-0.007848773792071384
2002-09-06,14.26,2.65745841498615,0.021262317651923546
2002-09-09,14.88,2.700018029404946,0.04255961441879608
2002-09-10,15.08,2.71336936257981,0.013351333174863811
2002-09-11,15.35,2.731115474033206,0.017746111453396107
2002-09-12,15.2,2.7212954278522306,-0.009820046180975428
2002-09-13,15.09,2.7140322727797574,-0.007263155072473104
2002-09-17,15.16,2.7186603802142257,0.004628107434468287
2002-09-18,14.47,2.6720775406433925,-0.0465828395708332
2002-09-19,14.53,2.6762154775821916,0.004137936938799047
2002-09-20,14.65,2.6844403354630764,0.008224857880884784
2002-09-23,14.67,2.6858045921548905,0.0013642566918141696
2002-09-24,14.39,2.6665335208992764,-0.019271071255614114
2002-09-25,15.03,2.710048203764883,0.04351468286560678
2002-09-26,15.0,2.70805020110221,-0.0019980026626731373
2002-09-27,15.74,2.756205242989257,0.04815504188704711
2002-09-30,15.78,2.7587433154177283,0.0025380724284711498
2002-10-01,16.14,2.7813006628418027,0.022557347424074337
2002-10-02,17.8,2.8791984572980396,0.09789779445623692
2002-10-03,17.2,2.8449093838194073,-0.034289073478632304
2002-10-04,17.57,2.866192902199006,0.021283518379598743
2002-10-07,17.53,2.863913698933143,-0.00227920326586295
2002-10-08,17.6,2.8678989020441064,0.003985203110963287
2002-10-09,17.72,2.8746939451769347,0.0067950431328283045
2002-10-10,18.42,2.913437030827161,0.03874308565022622
2002-10-11,18.15,2.8986705607108596,-0.014766470116301278
2002-10-14,18.04,2.8925915146344776,-0.006079046076381989
2002-10-15,17.6,2.8678989020441064,-0.024692612590371255
2002-10-16,17.8,2.8791984572980396,0.011299555253933224
2002-10-17,18.2,2.9014215940827497,0.022223136784710107
2002-10-18,18.05,2.89314568477889,-0.008275909303859574
2002-10-21,18.25,2.9041650800285006,0.011019395249610486
2002-10-22,18.03,2.8920370372152258,-0.012128042813274842
2002-10-23,19.08,2.9486406660201405,0.05660362880491476
2002-10-24,19.38,2.96424160646262,0.015600940442479505
2002-10-25,19.05,2.94706710157271,-0.017174504889910125
2002-10-28,18.76,2.9317269435780786,-0.015340157994631287
2002-10-29,18.73,2.930126516455997,-0.001600427122081527
2002-10-30,18.97,2.9428587839469227,0.012732267490925597
2002-10-31,18.82,2.9349201341572337,-0.007938649789688945
2002-11-01,19.2,2.954910279033736,0.019990144876502303
2002-11-04,19.4,2.9652730660692823,0.010362787035546273
2002-11-05,20.06,2.9987277825337895,0.03345471646450715
2002-11-06,19.76,2.983659692319722,-0.015068090214067631
2002-11-07,19.59,2.9750192319564492,-0.008640460363272595
2002-11-08,19.45,2.9678470700644555,-0.007172161891993767
2002-11-11,19.5,2.970414465569701,0.002567395505245429
2002-11-12,19.63,2.9770590082883697,0.006644542718668767
2002-11-13,19.62,2.976549454137217,-0.0005095541511526136
2002-11-14,19.53,2.9719517448885875,-0.004597709248629567
2002-11-15,19.88,2.989714201228428,0.017762456339840416
2002-11-18,19.89,2.9902170928658807,0.0005028916374527626
2002-11-19,20.0,2.995732273553991,0.005515180688110188
2002-11-20,20.33,3.012097627640255,0.016365354086264272
2002-11-21,20.55,3.022860940942244,0.010763313301988653
2002-11-22,19.98,2.9947317732204075,-0.028129167721836268
2002-11-25,20.0,2.995732273553991,0.001000500333583343
2002-11-26,19.6,2.975529566236472,-0.020202707317519053
2002-11-27,20.95,3.0421386463681466,0.06660908013167477
2002-11-29,21.0,3.044522437723423,0.0023837913552764434
2002-12-02,21.4,3.0633909220278057,0.018868484304382704
2002-12-03,21.11,3.0497468618602293,-0.013644060167576466
2002-12-04,21.59,3.072230244526716,0.02248338266648675
2002-12-05,21.72,3.0782334950657346,0.006003250539018623
2002-12-06,21.37,3.0619880693310564,-0.016245425734678243
2002-12-09,21.26,3.056827372913802,-0.005160696417254584
2002-12-10,21.2,3.054001181677967,-0.0028261912358349406
2002-12-11,21.11,3.0497468618602293,-0.004254319817737606
2002-12-12,21.1,3.0492730404820207,-0.00047382137820850545
2002-12-13,20.88,3.038791763014438,-0.01048127746758265
2002-12-16,21.57,3.071303460401065,0.03251169738662707
2002-12-17,21.34,3.060583245873607,-0.010720214527458083
2002-12-18,21.63,3.0740812399649675,0.013497994091360432
2002-12-19,21.85,3.084200921541599,0.010119681576631567
2002-12-20,22.09,3.095125017432026,0.010924095890426866
2002-12-23,22.11,3.096029994869355,0.0009049774373290909
2002-12-24,21.93,3.0878555624297968,-0.008174432439558288
2002-12-26,21.67,3.075928815548268,-0.011926746881528949
2002-12-27,21.04,3.046425387869509,-0.029503427678758687
2002-12-30,21.17,3.0525850851467737,0.00615969727726462
2002-12-31,21.26,3.056827372913802,0.004242287767028063
2003-01-02,21.5,3.068052935133617,0.011225562219815188
2003-01-03,21.9,3.086486636822455,0.018433701688838067
2003-01-06,22.34,3.1063787936410545,0.01989215681859946
2003-01-07,22.46,3.111735949310297,0.005357155669242442
2003-01-08,22.1,3.095577608523707,-0.016158340786589953
2003-01-09,22.41,3.1095072878128356,0.013929679289128583
2003-01-10,22.51,3.113959654918641,0.004452367105805433
2003-01-13,22.14,3.0973859272804907,-0.01657372763815035
2003-01-14,21.7,3.077312260546414,-0.020073666734076845
2003-01-15,21.87,3.0851158346886765,0.007803574142262626
2003-01-16,22.59,3.1175073304799117,0.032391495791235236
2003-01-17,22.89,3.1307001339644756,0.013192803484563864
2003-01-21,22.03,3.092405160814252,-0.038294973150223566
2003-01-22,22.5,3.1135153092103742,0.02111014839612224
2003-01-23,22.44,3.110845080654496,-0.0026702285558783956
2003-01-24,21.89,3.0860299115347716,-0.024815169119724256
2003-01-27,20.85,3.0373539482448106,-0.04867596328996093
2003-01-28,20.5,3.0204248861443626,-0.01692906210044809
2003-01-29,20.43,3.0170044088295307,-0.00342047731483186
2003-01-30,19.88,2.989714201228428,-0.02729020760110279
2003-01-31,20.23,3.007166651179654,0.01745244995122608
2003-02-03,20.51,3.0209125720842893,0.013745920904635334
2003-02-04,20.54,3.0223742045004123,0.00146163241612296
2003-02-05,20.24,3.0076608444192647,-0.014713360081147542
2003-02-06,20.35,3.013080911888604,0.005420067469339429
2003-02-07,20.26,3.0086484988205373,-0.004432413068066854
2003-02-10,20.08,2.9997242948235283,-0.008924203997008995
2003-02-11,19.84,2.987700101856727,-0.012024192966801461
2003-02-12,19.98,2.9947317732204075,0.007031671363680658
2003-02-13,19.99,2.995232148512309,0.0005003752919012783
2003-02-14,20.48,3.019448800171307,0.024216651658998334
2003-02-18,20.93,3.0411835364579085,0.021734736286601386
2003-02-19,20.9,3.039749158970765,-0.001434377487143479
2003-02-20,21.2,3.054001181677967,0.014252022707201828
2003-02-21,21.48,3.067122269640664,0.013121087962697064
2003-02-24,21.26,3.056827372913802,-0.010294896726862124
2003-02-25,21.78,3.0809921175048145,0.0241647445910127
2003-02-26,21.7,3.077312260546414,-0.0036798569584006735
2003-02-27,21.73,3.078693794268338,0.0013815337219242885
2003-02-28,22.09,3.095125017432026,0.016431223163687836
2003-03-03,21.54,3.0699116717282426,-0.025213345703783308
2003-03-04,21.36,3.061520014091994,-0.008391657636248606
2003-03-05,21.82,3.0828269804049246,0.02130696631293061
2003-03-06,21.09,3.0487989944906833,-0.03402798591424139
2003-03-07,21.03,3.0459499897146083,-0.0028490047760749704
2003-03-10,20.78,3.0339909856710814,-0.0119590040435269
2003-03-11,20.81,3.035433640405543,0.0014426547344617013
2003-03-12,20.75,3.0325462466767075,-0.002887393728835619
2003-03-13,22.03,3.092405160814252,0.05985891413754452
2003-03-14,21.78,3.0809921175048145,-0.011413043309437487
2003-03-17,22.99,3.1350593387750902,0.054067221270275745
2003-03-18,22.99,3.1350593387750902,0.0
2003-03-19,23.19,3.1437211512674406,0.008661812492350318
2003-03-20,23.41,3.1531632815028194,0.009442130235378876
2003-03-21,23.7,3.1654750481410856,0.012311766638266164
2003-03-24,22.84,3.1285133847878095,-0.03696166335327611
2003-03-25,22.98,3.1346242724206097,0.00611088763280021
2003-03-26,21.63,3.0740812399649675,-0.06054303245564219
2003-03-27,21.48,3.067122269640664,-0.006958970324303593
2003-03-28,20.93,3.0411835364579085,-0.025938733182755414
2003-03-31,20.38,3.0145540277945786,-0.026629508663329915
2003-04-01,20.86,3.0378334495726262,0.02327942177804765
2003-04-02,21.24,3.055886196373738,0.018052746801111574
2003-04-03,21.4,3.0633909220278057,0.007504725654067901
2003-04-04,20.63,3.0267463270831603,-0.03664459494464545
2003-04-07,20.98,3.043569602968151,0.016823275884990885
2003-04-08,21.33,3.0601145324832593,0.01654492951510811
2003-04-09,21.54,3.0699116717282426,0.009797139244983377
2003-04-10,21.63,3.0740812399649675,0.004169568236724874
2003-04-11,21.45,3.065724645374026,-0.008356594590941402
2003-04-14,21.36,3.061520014091994,-0.004204631282032079
2003-04-15,21.56,3.070839746040796,0.00931973194880209
2003-04-16,21.38,3.062455905596899,-0.00838384044389695
2003-04-17,21.1,3.0492730404820207,-0.013182865114878428
2003-04-21,20.84,3.0368742168851663,-0.012398823596854402
2003-04-22,21.11,3.0497468618602293,0.012872644975062908
2003-04-23,21.82,3.0828269804049246,0.03308011854469539
2003-04-24,21.83,3.0832851705618523,0.000458190156927607
2003-04-25,21.46,3.0661907372025525,-0.01709443335929972
2003-04-28,21.57,3.071303460401065,0.0051127231985126365
2003-04-29,21.78,3.0809921175048145,0.009688657103749332
2003-04-30,21.53,3.0694473113762717,-0.011544806128542806
2003-05-01,21.81,3.0823685802135374,0.012921268837265742
2003-05-02,22.94,3.1328821117012247,0.050513531487687224
2003-05-05,22.94,3.1328821117012247,0.0
2003-05-06,23.26,3.1467351470905185,0.013853035389293833
2003-05-07,22.97,3.134189016701007,-0.012546130389511578
2003-05-08,23.06,3.138099514840913,0.003910498139906071
2003-05-09,23.46,3.1552968432253294,0.017197328384416455
2003-05-12,24.0,3.1780538303479458,0.022756987122616312
2003-05-13,24.0,3.1780538303479458,0.0
2003-05-14,23.73,3.166740070447672,-0.011313759900273723
2003-05-15,24.23,3.1875915348284343,0.02085146438076224
2003-05-16,24.35,3.192531849528599,0.004940314700164539
2003-05-19,23.8,3.169685580677429,-0.022846268851169693
2003-05-20,24.01,3.178470410233162,0.008784829555732898
2003-05-21,25.04,3.2204745462318978,0.04200413599873576
2003-05-22,25.39,3.234355395716587,0.01388084948468915
2003-05-23,25.26,3.229222116922345,-0.005133278794241747
2003-05-27,25.09,3.222469360378331,-0.0067527565440141935
2003-05-28,25.03,3.2200751054436827,-0.0023942549346482878
2003-05-29,25.58,3.2418107961506966,0.021735690707013866
2003-05-30,26.05,3.260017768199376,0.018206972048679493
2003-06-02,25.4,3.2347491740244907,-0.02526859417488536
2003-06-03,25.93,3.255400599550573,0.020651425526082345
2003-06-04,27.6,3.3178157727231046,0.062415173172531535
2003-06-05,28.43,3.3474449256629084,0.029629152939803838
2003-06-06,28.03,3.333275365176697,-0.014169560486211541
2003-06-09,28.05,3.3339886319687055,0.000713266792008671
2003-06-10,27.5,3.3141860046725258,-0.019802627296179764
2003-06-11,29.88,3.3971893602646164,0.0830033555920906
2003-06-12,30.43,3.4154289639088797,0.018239603644263358
2003-06-13,30.88,3.4301087251565754,0.014679761247695655
2003-06-16,31.64,3.4544221428994533,0.024313417742877874
2003-06-17,32.3,3.475067230228611,0.020645087329157708
2003-06-18,31.55,3.4515735889872223,-0.02349364124138864
2003-06-19,30.85,3.4291367503513968,-0.022436838635825573
2003-06-20,30.0,3.4011973816621555,-0.027939368689241295
2003-06-23,29.9,3.3978584803966405,-0.0033389012655149486
2003-06-24,29.9,3.3978584803966405,0.0
2003-06-25,30.17,3.40684805317097,0.008989572774329435
2003-06-26,31.51,3.4503049557691834,0.04345690259821344
2003-06-27,31.23,3.441379171294987,-0.008925784474196341
2003-06-30,30.55,3.4193646856176043,-0.022014485677382734
2003-07-01,30.47,3.416742592997618,-0.0026220926199864714
2003-07-02,31.02,3.4346321577483927,0.017889564750774856
2003-07-03,31.28,3.4429789156771102,0.00834675792871753
2003-07-07,31.2,3.4404180948154366,-0.0025608208616736405
2003-07-08,31.21,3.440738556282688,0.00032046146725139835
2003-07-09,30.69,3.4239368686316447,-0.016801687651043284
2003-07-10,30.14,3.4058531931983493,-0.018083675433295365
2003-07-11,30.33,3.41213732170049,0.00628412850214044
2003-07-14,30.54,3.4190372997904865,0.006899978089996761
2003-07-15,29.91,3.398192872641857,-0.020844427148629663
2003-07-16,28.85,3.3621099929541085,-0.03608287968774837
2003-07-17,28.33,3.3439213138424253,-0.018188679111683204
2003-07-18,28.78,3.359680701459222,0.015759387616796516
2003-07-21,28.93,3.3648791189880436,0.005198417528821775
2003-07-22,28.88,3.3631493140246254,-0.0017298049634182355
2003-07-23,29.16,3.3727979071404572,0.009648593115831883
2003-07-24,29.5,3.3843902633457743,0.011592356205317067
2003-07-25,30.4,3.414442608412176,0.030052345066401642
2003-07-28,30.78,3.426865128410733,0.012422519998557036
2003-07-29,31.9,3.462606009790799,0.035740881380065925
2003-07-30,31.8,3.459466289786131,-0.0031397200046678897
2003-07-31,31.62,3.453789831781326,-0.005676458004804985
2003-08-01,31.92,3.463232772581608,0.009442940800282074
2003-08-04,32.11,3.4691675081014224,0.0059347355198142715
2003-08-05,32.05,3.467297183366679,-0.001870324734743356
2003-08-06,31.6,3.4531571205928664,-0.014140062773812634
2003-08-07,31.52,3.4506222649896783,-0.002534855603188113
2003-08-08,32.12,3.469478889078561,0.01885662408888278
2003-08-11,32.57,3.4833916192881422,0.01391273020958117
2003-08-12,31.75,3.457892725338701,-0.02549889394944138
2003-08-13,31.05,3.435598808379488,-0.0222939169592129
2003-08-14,31.23,3.441379171294987,0.005780362915499104
2003-08-15,31.63,3.4541060373175574,0.012726866022570338
2003-08-18,32.09,3.4685444551217657,0.014438417804208292
2003-08-19,32.48,3.480624515293477,0.01208006017171126
2003-08-20,32.28,3.474447843401748,-0.00617667189172888
2003-08-21,33.25,3.5040547671018634,0.029606923700115306
2003-08-22,32.81,3.4907333469730104,-0.013321420128852957
2003-08-25,32.88,3.492864570187979,0.002131223214968614
2003-08-26,32.69,3.487069220736119,-0.005795349451859888
2003-08-27,31.63,3.4541060373175574,-0.03296318341856175
2003-08-28,31.35,3.4452142670789296,-0.00889177023862775
2003-08-29,30.05,3.4028626609812167,-0.042351606097712935
2003-09-02,30.75,3.4258899942525267,0.023027333271310013
2003-09-03,30.0,3.4011973816621555,-0.024692612590371255
2003-09-04,29.34,3.3789517727148355,-0.022245608947319973
2003-09-05,29.49,3.3840512228271846,0.005099450112349135
2003-09-08,29.55,3.386083743852107,0.0020325210249225734
2003-09-09,28.95,3.3655702040190043,-0.02051353983310289
2003-09-10,29.0,3.367295829986474,0.0017256259674698349
2003-09-11,30.0,3.4011973816621555,0.03390155167568132
2003-09-12,30.7,3.4242626545931514,0.023065272930995917
2003-09-15,33.01,3.4968105458651015,0.07254789127195016
2003-09-16,33.25,3.5040547671018634,0.0072442212367618275
2003-09-17,33.54,3.5127387563950627,0.008683989293199357
2003-09-18,34.08,3.528710701961115,0.01597194556605208
2003-09-19,34.21,3.5325179989895132,0.0038072970283984375
2003-09-22,33.56,3.5133348815990053,-0.01918311739050793
2003-09-23,32.8,3.490428515390098,-0.022906366208907514
2003-09-24,32.5,3.481240089335692,-0.009188426054405952
2003-09-25,32.41,3.4784670171534557,-0.0027730721822361026
2003-09-26,31.88,3.461978853922014,-0.016488163231441533
2003-09-29,31.71,3.456632088550256,-0.005346765371758266
2003-09-30,31.9,3.462606009790799,0.005973921240542968
2003-10-01,32.9,3.493472657771326,0.030866647980527073
2003-10-02,32.9,3.493472657771326,0.0
2003-10-03,33.16,3.501344330267094,0.007871672495768145
2003-10-06,32.59,3.4840054928494704,-0.017338837417623765
2003-10-07,31.48,3.4493524235492026,-0.03465306930026779
2003-10-08,31.5,3.449987545831587,0.0006351222823846037
2003-10-09,31.8,3.459466289786131,0.009478743954543845
2003-10-10,31.69,3.4560011737028296,-0.003465116083301467
2003-10-13,31.09,3.4368862240706624,-0.0191149496321672
2003-10-14,31.92,3.463232772581608,0.026346548510945755
2003-10-15,32.38,3.477540948249489,0.014308175667880896
2003-10-16,32.41,3.4784670171534557,0.0009260689039667369
2003-10-17,31.74,3.457577715098263,-0.020889302055192793
2003-10-20,31.8,3.459466289786131,0.001888574687868072
2003-10-21,31.92,3.463232772581608,0.0037664827954770885
2003-10-22,32.27,3.4741380060638707,0.010905233482262577
2003-10-23,32.62,3.4849255971928677,0.010787591128996965
2003-10-24,32.29,3.4747575847701837,-0.010168012422683947
2003-10-27,32.75,3.488902962081261,0.014145377311077123
2003-10-28,32.78,3.4898185733156835,0.0009156112344226308
2003-10-29,33.93,3.5242995787961386,0.034481005480455185
2003-10-30,33.91,3.523709956137547,-0.0005896226585915265
2003-10-31,33.86,3.522234376704989,-0.0014755794325580496
2003-11-03,34.25,3.5336865647082343,0.011452188003245212
2003-11-04,33.85,3.521938999358284,-0.01174756534995014
2003-11-05,34.86,3.551340040091875,0.029401040733590733
2003-11-06,35.71,3.575430761606357,0.024090721514482105
2003-11-07,34.55,3.542407550213679,-0.033023211392678053
2003-11-10,33.8,3.520460802488973,-0.02194674772470595
2003-11-11,34.03,3.5272424885128144,0.006781686023841438
2003-11-12,34.42,3.5386377907833935,0.011395302270579055
2003-11-13,34.72,3.5473158897921495,0.008678099008756046
2003-11-14,34.65,3.5452977256359124,-0.0020181641562371233
2003-11-17,34.64,3.5450090836942345,-0.0002886419416778807
2003-11-18,33.87,3.5225296668296804,-0.022479416864554125
2003-11-19,34.45,3.539508997459668,0.016979330629987466
2003-11-20,35.14,3.559340082758951,0.019831085299283124
2003-11-21,33.91,3.523709956137547,-0.03563012662140386
2003-11-24,35.7,3.5751506887855933,0.05144073264804616
2003-11-25,35.47,3.5686872687855304,-0.006463420000062836
2003-11-26,35.24,3.562181801067979,-0.006505467717551561
2003-11-28,35.89,3.580458705159516,0.018276904091536927
2003-12-01,36.17,3.5882300459640066,0.007771340804490823
2003-12-02,35.93,3.581572601125427,-0.0066574448385794405
2003-12-03,36.14,3.5874002851640823,0.005827684038655079
2003-12-04,35.75,3.5765502691400166,-0.010850016024065656
2003-12-05,35.41,3.566994266123812,-0.009556003016204517
2003-12-08,35.22,3.56161410306806,-0.005380163055752174
2003-12-09,34.38,3.5374749999547035,-0.02413910311335643
2003-12-10,34.0,3.5263605246161616,-0.01111447533854193
2003-12-11,34.79,3.5493299891638506,0.022969464547689
2003-12-12,34.69,3.5464514609816584,-0.0028785281821921416
2003-12-15,34.29,3.534853766474829,-0.011597694506829459
2003-12-16,33.8,3.520460802488973,-0.014392963985855989
2003-12-17,35.78,3.5773890780805733,0.0569282755916003
2003-12-18,35.45,3.5681232529781366,-0.009265825102436676
2003-12-19,35.27,3.563032744247961,-0.005090508730175802
2003-12-22,34.66,3.54558628428746,-0.01744645996050087
2003-12-23,34.73,3.5476038667559826,0.002017582468522683
2003-12-24,34.7,3.5467396869528134,-0.0008641798031692183
2003-12-26,35.13,3.559055466277736,0.012315779324922449
2003-12-29,36.08,3.585738695194423,0.026683228916687174
2003-12-30,36.54,3.5984075509498608,0.012668855755437747
2003-12-31,36.76,3.6044102974874863,0.006002746537625558
2004-01-02,36.25,3.590439381300684,-0.013970916186802462
2004-01-05,36.1,3.586292865338835,-0.004146515961848785
2004-01-06,35.86,3.5796224681769866,-0.006670397161848474
2004-01-07,35.92,3.581294243433999,0.0016717752570123423
2004-01-08,36.05,3.584906863730958,0.0036126202969590793
2004-01-09,36.31,3.5920931854262443,0.007186321695286324
2004-01-12,36.4,3.594568774642695,0.0024755892164507465
2004-01-13,36.43,3.5953926110204724,0.0008238363777772761
2004-01-14,37.4,3.6216707044204863,0.02627809340001397
2004-01-15,37.12,3.6141559079179997,-0.007514796502486654
2004-01-16,37.55,3.6256733782101436,0.011517470292143894
2004-01-20,37.18,3.6157709822932977,-0.00990239591684583
2004-01-21,37.93,3.6357423557008075,0.019971373407509763
2004-01-22,39.26,3.670206188848315,0.03446383314750756
2004-01-23,38.82,3.658935577740864,-0.011270611107450978
2004-01-26,40.0,3.6888794541139363,0.029943876373072165
2004-01-27,40.01,3.6891294228691436,0.0002499687552073304
2004-01-28,38.88,3.6604799795922385,-0.028649443276905107
2004-01-29,39.96,3.687878953780353,0.027398974188114433
2004-01-30,40.79,3.708436953329467,0.020557999549114303
2004-02-02,41.0,3.713572066704308,0.0051351133748407385
2004-02-03,42.26,3.7438410121879104,0.030268945483602483
2004-02-04,41.88,3.734808386002336,-0.009032626185574433
2004-02-05,42.03,3.7383836490170252,0.003575263014689245
2004-02-06,42.08,3.7395725684294545,0.001188919412429268
2004-02-09,41.6,3.728100167267218,-0.01147240116223669
2004-02-10,41.96,3.7367167835280966,0.008616616260878729
2004-02-11,42.94,3.759803792450635,0.023087008922538566
2004-02-12,42.42,3.7476199491365363,-0.01218384331409883
2004-02-13,42.6,3.751854253275325,0.004234304138788669
2004-02-17,43.1,3.763522997109702,0.011668743834376993
2004-02-18,41.78,3.7324177561284198,-0.0311052409812822
2004-02-19,41.5,3.7256934272366524,-0.006724328891767328
2004-02-20,41.94,3.7362400254737738,0.01054659823712134
2004-02-23,41.3,3.720862499966987,-0.015377525506786949
2004-02-24,41.27,3.7201358437644907,-0.0007266562024961232
2004-02-25,41.25,3.71965111278069,-0.00048473098380075186
2004-02-26,40.85,3.709906821306012,-0.009744291474678146
2004-02-27,40.85,3.709906821306012,0.0
2004-03-01,41.98,3.7371933143924867,0.027286493086474906
2004-03-02,42.2,3.742420221041966,0.005226906649479446
2004-03-03,43.15,3.764682417529437,0.022262196487470742
2004-03-04,44.12,3.786913194385302,0.022230776855864942
2004-03-05,43.53,3.773450355564206,-0.01346283882109578
2004-03-08,43.42,3.7709201644501458,-0.002530191114060276
2004-03-09,42.78,3.7560707036542595,-0.014849460795886227
2004-03-10,42.05,3.738859386418957,-0.01721131723530256
2004-03-11,41.18,3.717952701599643,-0.020906684819313792
2004-03-12,41.24,3.719408659148759,0.0014559575491159826
2004-03-15,40.29,3.696103299203256,-0.023305359945503312
2004-03-16,39.85,3.685122405236224,-0.010980893967031946
2004-03-17,41.01,3.713815939403968,0.028693534167743895
2004-03-18,40.22,3.6943643843445058,-0.019451555059462056
2004-03-19,39.98,3.6883793290722537,-0.005985055272252016
2004-03-22,39.76,3.6828613817883733,-0.005517947283880442
2004-03-23,41.66,3.729541435832826,0.046680054044452746
2004-03-24,41.35,3.7220724214697003,-0.007469014363125748
2004-03-25,41.81,3.733135545368474,0.011063123898773508
2004-03-26,42.21,3.7426571597944074,0.009521614425933578
2004-03-29,43.14,3.76445064096101,0.021793481166602735
2004-03-30,42.94,3.759803792450635,-0.004646848510375001
2004-03-31,42.38,3.746676552840153,-0.013127239610482011
2004-04-01,43.44,3.77138067562568,0.024704122785526916
2004-04-02,44.92,3.8048831298702424,0.03350245424456233
2004-04-05,45.81,3.8245024078986507,0.01961927802840835
2004-04-06,45.45,3.816612820623488,-0.007889587275162757
2004-04-07,44.9,3.8044377947482086,-0.0121750258752793
2004-04-08,43.89,3.7816865037001426,-0.022751291048066058
2004-04-12,44.67,3.7993021353640275,0.017615631663884912
2004-04-13,43.75,3.7784916128036232,-0.020810522560404277
2004-04-14,43.4,3.770459441106359,-0.008032171697264001
2004-04-15,42.57,3.751149779840061,-0.019309661266298406
2004-04-16,43.6,3.775057150354989,0.023907370514927972
2004-04-19,43.4,3.770459441106359,-0.004597709248629567
2004-04-20,41.7,3.730501128804756,-0.03995831230160318
2004-04-21,41.45,3.724487881581304,-0.0060132472234522005
2004-04-22,42.25,3.7436043538031827,0.019116472221878844
2004-04-23,41.81,3.733135545368474,-0.010468808434708876
2004-04-26,41.2,3.7184382563554808,-0.014697289012993053
2004-04-27,40.25,3.6951100038645723,-0.02332825249090842
2004-04-28,40.21,3.6941157209091826,-0.0009942829553897248
2004-04-29,40.78,3.708191765146309,0.014076044237126606
2004-04-30,41.19,3.718195508447989,0.010003743301679968
2004-05-03,40.47,3.7005609588877744,-0.01763454956021482
2004-05-04,40.4,3.6988297849671046,-0.001731173920669793
2004-05-05,40.57,3.703028877218356,0.004199092251251368
2004-05-06,39.5,3.676300671907076,-0.02672820531127984
2004-05-07,39.77,3.6831128592195994,0.00681218731252331
2004-05-10,38.99,3.663305202994506,-0.019807656225093506
2004-05-11,39.3,3.6712245188752153,0.007919315880709377
2004-05-12,39.33,3.671987586443718,0.0007630675685028621
2004-05-13,39.13,3.666889436222321,-0.005098150221396924
2004-05-14,39.57,3.678071255397333,0.011181819175011931
2004-05-17,39.63,3.679586407202344,0.0015151518050107171
2004-05-18,38.98,3.6630486940794147,-0.016537713122929176
2004-05-19,38.24,3.643882088183201,-0.019166605896213884
2004-05-20,37.32,3.619529375979143,-0.02435271220405788
2004-05-21,37.9,3.634951112088381,0.015421736109237916
2004-05-24,37.49,3.6240742307478206,-0.010876881340560196
2004-05-25,40.36,3.6978391954854084,0.07376496473758776
2004-05-26,44.82,3.802654468372781,0.10481527288737258
2004-05-27,45.12,3.8093256071898036,0.006671138817022637
2004-05-28,44.3,3.7909846770510898,-0.01834093013871385
2004-06-01,45.6,3.8199077165203406,0.02892303946925079
2004-06-02,44.7,3.7999735016195233,-0.01993421490081726
2004-06-03,43.7,3.7773481021015445,-0.022625399517978817
2004-06-04,42.9,3.758871825933971,-0.018476276167573413
2004-06-07,43.2,3.765840495250065,0.006968669316093745
2004-06-08,43.02,3.761665123839584,-0.004175371410480633
2004-06-09,41.88,3.734808386002336,-0.02685673783724818
2004-06-10,41.71,3.730740908208854,-0.004067477793482155
2004-06-14,42.0,3.7376696182833684,0.006928710074514566
2004-06-15,41.98,3.7371933143924867,-0.000476303890881713
2004-06-16,40.49,3.7010550300440697,-0.03613828434841704
2004-06-17,41.42,3.723763855967438,0.022708825923368536
2004-06-18,40.96,3.7125959807312525,-0.011167875236185676
2004-06-21,40.85,3.709906821306012,-0.002689159425240728
2004-06-22,41.04,3.714547200862514,0.0046403795565024275
2004-06-23,42.05,3.738859386418957,0.024312185556442767
2004-06-24,41.85,3.7340917969354845,-0.004767589483472445
2004-06-25,41.56,3.727138166231027,-0.006953630704457758
2004-06-28,41.39,3.7230393057606412,-0.004098860470385546
2004-06-29,40.99,3.7133281345162463,-0.009711171244394912
2004-06-30,42.8,3.756538102587751,0.04320996807150479
2004-07-01,42.7,3.754198920234579,-0.002339182353172209
2004-07-02,42.67,3.7534960971999087,-0.0007028230346701747
2004-07-06,42.34,3.745732265706719,-0.007763831493189599
2004-07-07,42.37,3.7464405646384678,0.0007082989317486188
2004-07-08,41.65,3.7293013686128518,-0.017139196025615977
2004-07-09,41.4,3.7232808808312687,-0.006020487781583039
2004-07-12,41.4,3.7232808808312687,0.0
2004-07-13,41.15,3.717223927123079,-0.006056953708189816
2004-07-14,40.52,3.7017956793804827,-0.015428247742596213
2004-07-15,40.49,3.7010550300440697,-0.0007406493364130462
2004-07-16,37.4,3.6216707044204863,-0.07938432562358333
2004-07-19,36.15,3.5876769486047735,-0.033993755815712845
2004-07-20,34.7,3.5467396869528134,-0.0409372616519601
2004-07-21,35.35,3.565298392342582,0.01855870538976845
2004-07-22,33.27,3.5046560900303856,-0.06064230231219625
2004-07-23,33.59,3.5142284036242013,0.009572313593815718
2004-07-26,35.71,3.575430761606357,0.061202357982155675
2004-07-27,37.6,3.6270040503958487,0.051573288789491745
2004-07-28,36.53,3.5981338408071912,-0.02887020958865749
2004-07-29,37.27,3.618188713491167,0.020054872683975766
2004-07-30,38.26,3.644404964012107,0.026216250520939788
2004-08-02,37.44,3.622739651609391,-0.021665312402715742
2004-08-03,36.68,3.602231647388264,-0.020508004221126974
2004-08-04,36.31,3.5920931854262443,-0.01013846196201973
2004-08-05,33.9,3.5234150143864045,-0.06867817103983986
2004-08-06,33.21,3.5028510353886553,-0.0205639789977492
2004-08-09,32.12,3.469478889078561,-0.03337214631009422
2004-08-10,33.34,3.506757877322648,0.03727898824408715
2004-08-11,33.62,3.5151211279804695,0.008363250657821286
2004-08-12,33.29,3.5052570515869337,-0.009864076393535814
2004-08-13,32.37,3.4772320679381528,-0.02802498364878092
2004-08-16,32.75,3.488902962081261,0.011670894143108068
2004-08-17,33.01,3.4968105458651015,0.00790758378384071
2004-08-18,33.9,3.5234150143864045,0.026604468521302937
2004-08-19,35.0,3.5553480614894135,0.03193304710300904
2004-08-20,34.52,3.541538866215227,-0.013809195274186337
2004-08-23,35.2,3.5610460826040513,0.019507216388824133
2004-08-24,35.78,3.5773890780805733,0.01634299547652196
2004-08-25,36.8,3.6054978451748854,0.028108767094312093
2004-08-26,36.76,3.6044102974874863,-0.0010875476873990486
2004-08-27,37.29,3.6187251941907292,0.01431489670324293
2004-08-30,36.0,3.58351893845611,-0.03520625573461933
2004-08-31,35.73,3.5759906720353185,-0.007528266420791407
2004-09-01,38.28,3.6449275665847534,0.06893689454943486
2004-09-02,38.8,3.6584202466292277,0.013492680044474348
2004-09-03,39.06,3.665098925448533,0.006678678819305173
2004-09-07,39.0,3.6635616461296463,-0.0015372793188865863
2004-09-08,39.78,3.683364273425826,0.019802627296179764
2004-09-09,39.35,3.6724959748634123,-0.01086829856241378
2004-09-10,39.47,3.675540889674756,0.003044914811343613
2004-09-13,38.9,3.6609942506244004,-0.01454663905035547
2004-09-14,39.06,3.665098925448533,0.004104674824132459
2004-09-15,38.74,3.65687265797885,-0.008226267469682913
2004-09-16,38.64,3.654288009344317,-0.0025846486345328934
2004-09-17,38.34,3.6464937376174986,-0.007794271726818458
2004-09-20,38.29,3.6451887654892032,-0.0013049721282953897
2004-09-21,38.6,3.653252276470785,0.008063510981581867
2004-09-22,38.05,3.6389010843076948,-0.014351192163090332
2004-09-23,37.79,3.6320445173613978,-0.006856566946296994
2004-09-24,38.28,3.6449275665847534,0.012883049223355592
2004-09-27,38.0,3.6375861597263857,-0.007341406858367705
2004-09-28,38.44,3.6490985841020915,0.011512424375705876
2004-09-29,39.2,3.6686767467964168,0.01957816269432522
2004-09-30,39.73,3.6821065698265074,0.01342982303009066
2004-10-01,39.46,3.6752875005944694,-0.006819069232038011
2004-10-04,38.76,3.6573887870225654,-0.01789871357190398
2004-10-05,38.41,3.6483178423578133,-0.009070944664752112
2004-10-06,38.67,3.6550641056192057,0.006746263261392382
2004-10-07,38.04,3.6386382376771897,-0.016425867942015948
2004-10-08,37.96,3.636532973741727,-0.00210526393546262
2004-10-11,37.7,3.629660094453965,-0.006872879287762146
2004-10-12,37.65,3.6283329542459026,-0.0013271402080623496
2004-10-13,37.59,3.6267380575760866,-0.0015948966698160483
2004-10-14,37.39,3.6214032889890224,-0.005334768587064165
2004-10-15,37.0,3.6109179126442243,-0.01048537634479807
2004-10-18,37.81,3.6325736179028416,0.021655705258617264
2004-10-19,35.15,3.5596246182566738,-0.07294899964616786
2004-10-20,36.24,3.5901634811747787,0.030538862918104925
2004-10-21,35.5,3.56953269648137,-0.02063078469340862
2004-10-22,35.21,3.5613301331669613,-0.008202563314408717
2004-10-25,34.6,3.543853682063679,-0.017476451103282553
2004-10-26,34.98,3.554776469590456,0.010922787526777
2004-10-27,35.28,3.5633162311385904,0.008539761548134628
2004-10-28,35.27,3.563032744247961,-0.00028348689062962507
2004-10-29,35.3,3.563882963939251,0.0008502196912902882
2004-11-01,34.7,3.5467396869528134,-0.017143276986437694
2004-11-02,34.87,3.5516268606875596,0.004887173734746231
2004-11-03,36.1,3.586292865338835,0.03466600465127545
2004-11-04,36.34,3.592919062968025,0.006626197629190145
2004-11-05,36.65,3.6014134283326604,0.008494365364635215
2004-11-08,36.44,3.5956670723917576,-0.005746355940902781
2004-11-09,36.18,3.588506479967149,-0.007160592424608758
2004-11-10,35.3,3.563882963939251,-0.024623516027897807
2004-11-11,35.5,3.56953269648137,0.005649732542118979
2004-11-12,34.7,3.5467396869528134,-0.022793009528556674
2004-11-15,34.6,3.543853682063679,-0.002886004889134597
2004-11-16,33.73,3.5183876490735586,-0.02546603299012018
2004-11-17,33.95,3.5248888540047054,0.006501204931146809
2004-11-18,33.84,3.521643534738023,-0.003245319266682589
2004-11-19,34.02,3.5269485869677157,0.005305052229692908
2004-11-22,33.84,3.521643534738023,-0.005305052229692908
2004-11-23,33.36,3.507357577490546,-0.014285957247476944
2004-11-24,33.6,3.5145260669691587,0.007168489478612816
2004-11-26,34.32,3.5357282746197614,0.021202207650602656
2004-11-29,34.14,3.5304697173662944,-0.005258557253466911
2004-11-30,34.81,3.5499047018233476,0.01943498445705316
2004-12-01,35.52,3.5700959181239695,0.020191216300621928
2004-12-02,35.56,3.571221410645704,0.0011254925217345502
2004-12-03,34.54,3.5421180727185324,-0.02910333792717168
2004-12-06,34.5,3.5409593240373143,-0.0011587486812181247
2004-12-07,34.15,3.530762586016799,-0.010196738020515461
2004-12-08,34.4,3.5380565643793527,0.007293978362553855
2004-12-09,34.23,3.533102452542094,-0.00495411183725869
2004-12-10,34.26,3.5339784928959737,0.0008760403538796702
2004-12-13,35.0,3.5553480614894135,0.021369568593439858
2004-12-14,35.88,3.5801800371905954,0.024831975701181896
2004-12-15,36.49,3.5970382504483562,0.016858213257760823
2004-12-16,35.47,3.5686872687855304,-0.02835098166282579
2004-12-17,35.47,3.5686872687855304,0.0
2004-12-20,35.5,3.56953269648137,0.0008454276958396179
2004-12-21,35.86,3.5796224681769866,0.010089771695616534
2004-12-22,36.24,3.5901634811747787,0.010541012997792087
2004-12-23,35.89,3.580458705159516,-0.009704776015262873
2004-12-27,35.63,3.5731879796177446,-0.007270725541771217
2004-12-28,36.32,3.5923685537330927,0.019180574115348126
2004-12-29,35.97,3.5826852577075323,-0.009683296025560395
2004-12-30,35.89,3.580458705159516,-0.002226552548016514
2004-12-31,35.55,3.5709401562492498,-0.009518548910266045
2005-01-03,34.29,3.534853766474829,-0.0360863897744208
2005-01-04,34.17,3.5313480661272005,-0.0035057003476284265
2005-01-05,34.7,3.5467396869528134,0.01539162082561285
2005-01-06,35.19,3.5607619513334936,0.014022264380680216
2005-01-07,34.74,3.5478917608129588,-0.012870190520534841
2005-01-10,34.28,3.534562093729579,-0.013329667083379793
2005-01-11,33.9,3.5234150143864045,-0.011147079343174493
2005-01-12,33.49,3.5112468868061133,-0.012168127580291177
2005-01-13,33.5,3.5115454388310208,0.00029855202490747246
2005-01-14,33.14,3.500741011998417,-0.010804426832603742
2005-01-18,33.53,3.512440560478137,0.01169954847971999
2005-01-19,33.4,3.5085558999826545,-0.003884660495482528
2005-01-20,33.29,3.5052570515869337,-0.0032988483957208103
2005-01-21,32.91,3.4937765629552486,-0.011480488631685049
2005-01-24,32.2,3.4719664525503626,-0.021810110404886007
2005-01-25,31.88,3.461978853922014,-0.009987598628348415
2005-01-26,31.78,3.45883716110857,-0.00314169281344423
2005-01-27,32.22,3.472587377748828,0.013750216640258106
2005-01-28,32.2,3.4719664525503626,-0.0006209251984654607
2005-01-31,33.06,3.498324092392878,0.02635763984251538
2005-02-01,34.81,3.5499047018233476,0.051580609430469604
2005-02-02,34.78,3.549042508926137,-0.0008621928972107895
2005-02-03,34.41,3.538347219809389,-0.010695289116747997
2005-02-04,34.12,3.5298837226234783,-0.008463497185910551
2005-02-07,33.8,3.520460802488973,-0.009422920134505297
2005-02-08,33.25,3.5040547671018634,-0.016406035387109608
2005-02-09,32.68,3.486763269991802,-0.017291497110061282
2005-02-10,32.65,3.48584485572244,-0.0009184142693619002
2005-02-11,33.0,3.4965075614664802,0.010662705744040046
2005-02-14,32.94,3.494687724749494,-0.0018198367169861562
2005-02-15,33.0,3.4965075614664802,0.0018198367169861562
2005-02-16,33.27,3.5046560900303856,0.008148528563905355
2005-02-17,33.3,3.505557396986398,0.0009013069560124265
2005-02-18,32.76,3.4892082589848687,-0.016349138001529262
2005-02-22,32.15,3.4704124506836282,-0.018795808301240502
2005-02-23,32.24,3.4732079176384274,0.002795466954799153
2005-02-24,33.02,3.497113438491982,0.023905520853554574
2005-02-25,33.31,3.5058576522055884,0.008744213713606452
2005-02-28,32.66,3.4861510875423187,-0.0197065646632697
2005-03-01,32.7,3.487375077903208,0.001223990360889271
2005-03-02,31.56,3.4518904959776733,-0.03548458192553472
2005-03-03,30.9,3.4307561839036995,-0.02113431207397376
2005-03-04,31.39,3.4464893708538624,0.015733186950162903
2005-03-07,30.73,3.425239376142393,-0.021249994711469267
2005-03-08,29.77,3.393501175027685,-0.031738201114708264
2005-03-09,29.75,3.392829131991639,-0.0006720430360460661
2005-03-10,30.0,3.4011973816621555,0.008368249670516636
2005-03-11,30.0,3.4011973816621555,0.0
2005-03-14,30.32,3.411807560774171,0.010610179112015672
2005-03-15,30.33,3.41213732170049,0.0003297609263186452
2005-03-16,30.41,3.4147715016892732,0.0026341799887834583
2005-03-17,30.26,3.40982670836021,-0.0049447933290633905
2005-03-18,29.87,3.3968546322280186,-0.012972076132191201
2005-03-21,29.36,3.3796332037463146,-0.01722142848170405
2005-03-22,28.98,3.3666059368925363,-0.013027266853778308
2005-03-23,29.0,3.367295829986474,0.0006898930939378545
2005-03-24,29.08,3.3700506526653187,0.0027548226788445263
2005-03-28,28.91,3.364187556028255,-0.005863096637063858
2005-03-29,28.67,3.3558512798952784,-0.008336276132976383
2005-03-30,29.24,3.3755376348815775,0.019686354986299115
2005-03-31,29.29,3.377246160839642,0.0017085259580644774
2005-04-01,28.67,3.3558512798952784,-0.021394880944363592
2005-04-04,29.29,3.377246160839642,0.021394880944363592
2005-04-05,30.71,3.424588334452731,0.04734217361308879
2005-04-06,30.61,3.421326752957321,-0.003261581495409782
2005-04-07,30.58,3.420346200500916,-0.0009805524564048262
2005-04-08,30.5,3.417726683613366,-0.002619516887550244
2005-04-11,30.54,3.4190372997904865,0.0013106161771205826
2005-04-12,30.65,3.4226326623822203,0.003595362591733764
2005-04-13,30.2,3.407841924380824,-0.01479073800139652
2005-04-14,29.9,3.3978584803966405,-0.009983443984183271
2005-04-15,29.93,3.3988613218646075,0.0010028414679670306
2005-04-18,30.75,3.4258899942525267,0.027028672387919173
2005-04-19,29.05,3.3690184832979204,-0.0568715109546063
2005-04-20,28.75,3.3586377672433594,-0.010380716054561034
2005-04-21,29.29,3.377246160839642,0.018608393596282635
2005-04-22,29.35,3.3792925462741055,0.002046385434463449
2005-04-25,29.6,3.3877743613300146,0.00848181505590917
2005-04-26,29.11,3.371081757757532,-0.01669260357248259
2005-04-27,29.37,3.379973745210529,0.008891987452996908
2005-04-28,29.47,3.3833727967496032,0.0033990515390742715
2005-04-29,29.58,3.3870984572826535,0.0037256605330502346
2005-05-02,29.36,3.3796332037463146,-0.007465253536338867
2005-05-03,29.84,3.3958497753355603,0.01621657158924572
2005-05-04,29.36,3.3796332037463146,-0.01621657158924572
2005-05-05,29.5,3.3843902633457743,0.004757059599459712
2005-05-06,29.61,3.3881121421135,0.0037218787677257836
2005-05-09,29.5,3.3843902633457743,-0.0037218787677257836
2005-05-10,29.75,3.392829131991639,0.008438868645864517
2005-05-11,30.42,3.4151002868311466,0.022271154839507812
2005-05-12,30.36,3.4131259525274293,-0.0019743343037172956
2005-05-13,30.3,3.4111477125153233,-0.001978240012106003
2005-05-16,30.75,3.4258899942525267,0.014742281737203378
2005-05-17,30.8,3.427514689979529,0.001624695727002301
2005-05-18,30.6,3.4210000089583352,-0.006514681021193791
2005-05-19,30.36,3.4131259525274293,-0.007874056430905885
2005-05-20,30.32,3.411807560774171,-0.001318391753258208
2005-05-23,30.7,3.4242626545931514,0.012455093818980245
2005-05-24,30.6,3.4210000089583352,-0.0032626456348161526
2005-05-25,29.46,3.3830334110344844,-0.03796659792385082
2005-05-26,28.16,3.3379025312898416,-0.045130879744642804
2005-05-27,27.95,3.3304171996011083,-0.007485331688733332
2005-05-31,27.09,3.2991646560970036,-0.03125254350410467
2005-06-01,27.29,3.306520334720247,0.007355678623243378
2005-06-02,27.85,3.326832966373293,0.020312631653045976
2005-06-03,27.8,3.3250360206965914,-0.0017969456767015224
2005-06-06,27.86,3.3271919683516598,0.0021559476550683243
2005-06-07,27.98,3.331489969237335,0.004298000885675446
2005-06-08,28.05,3.3339886319687055,0.002498662731370338
2005-06-09,28.54,3.3513066120486905,0.017317980079984974
2005-06-10,28.6,3.353406717825807,0.00210010577711639
2005-06-13,28.7,3.3568971227655755,0.0034904049397685988
2005-06-14,28.89,3.363495514478144,0.0065983917125684854
2005-06-15,28.91,3.364187556028255,0.0006920415501108224
2005-06-16,29.04,3.3686741899565953,0.004486633928340478
2005-06-17,29.0,3.367295829986474,-0.0013783599701211457
2005-06-20,28.62,3.3541057741283047,-0.013190055858169458
2005-06-21,28.7,3.3568971227655755,0.0027913486372708185
2005-06-22,28.29,3.342508385313476,-0.014388737452099676
2005-06-23,27.81,3.3253956682458736,-0.0171127170676022
2005-06-24,27.51,3.3145495749364833,-0.010846093309390348
2005-06-27,27.52,3.314913013065143,0.0003634381286596877
2005-06-28,27.71,3.321793358874887,0.0068803458097441705
2005-06-29,27.49,3.3138223021771545,-0.007971056697732681
2005-06-30,27.0,3.295836866004329,-0.01798543617282533
2005-07-01,26.89,3.2917544702807735,-0.004082395723555621
2005-07-05,28.6,3.353406717825807,0.0616522475450334
2005-07-06,28.0,3.332204510175204,-0.0212022076506031
2005-07-07,27.8,3.3250360206965914,-0.007168489478612372
2005-07-08,27.8,3.3250360206965914,0.0
2005-07-11,27.97,3.3311325072138684,0.006096486517277011
2005-07-12,27.86,3.3271919683516598,-0.003940538862208687
2005-07-13,27.49,3.3138223021771545,-0.013369666174505301
2005-07-14,27.45,3.3123661679555396,-0.0014561342216148354
2005-07-15,27.66,3.319987326236612,0.007621158281072571
2005-07-18,27.17,3.3021134234382563,-0.01787390279835588
2005-07-19,28.32,3.343568268825519,0.04145484538726274
2005-07-20,28.83,3.3614165116503107,0.017848242824791694
2005-07-21,28.19,3.338967305126021,-0.02244920652428961
2005-07-22,28.43,3.3474449256629084,0.008477620536887276
2005-07-25,28.33,3.3439213138424253,-0.003523611820483108
2005-07-26,28.26,3.3414473772563813,-0.002473936586044001
2005-07-27,28.88,3.3631493140246254,0.021701936768244057
2005-07-28,28.78,3.359680701459222,-0.0034686125654035393
2005-07-29,28.95,3.3655702040190043,0.005889502559782489
2005-08-01,28.42,3.3470931226689546,-0.018477081350049662
2005-08-02,28.73,3.3579418729911983,0.010848750322243639
2005-08-03,28.4,3.3463891451671604,-0.011552727824037934
2005-08-04,27.95,3.3304171996011083,-0.01597194556605208
2005-08-05,28.68,3.3562000157314196,0.025782816130311303
2005-08-08,28.85,3.3621099929541085,0.0059099772226889336
2005-08-09,28.82,3.361069590571376,-0.0010404023827326192
2005-08-10,28.58,3.3527071725017215,-0.008362418069654431
2005-08-11,28.63,3.354455119110024,0.0017479466083023532
2005-08-12,28.31,3.343215099123808,-0.01124001998621571
2005-08-15,28.4,3.3463891451671604,0.003174046043352252
2005-08-16,28.03,3.333275365176697,-0.013113779990463481
2005-08-17,27.52,3.314913013065143,-0.018362352111553903
2005-08-18,27.52,3.314913013065143,0.0
2005-08-19,27.56,3.3163654461454577,0.00145243308031473
2005-08-22,27.15,3.3013770463799443,-0.01498839976551336
2005-08-23,25.92,3.255014871484074,-0.04636217489587047
2005-08-24,26.38,3.2726061472891685,0.017591275805094675
2005-08-25,26.58,3.2801590532850993,0.007552905995930725
2005-08-26,26.23,3.2669037938787824,-0.013255259406316888
2005-08-29,26.53,3.2782761681496484,0.011372374270866015
2005-08-30,26.6,3.2809112157876537,0.002635047638005261
2005-08-31,26.88,3.2913825156549485,0.010471299867294892
2005-09-01,26.45,3.2752561583043085,-0.016126357350640053
2005-09-02,26.34,3.271088696315135,-0.004167461989173393
2005-09-06,26.21,3.266141017335315,-0.004947678979819958
2005-09-07,24.26,3.1888289035159043,-0.07731211381941083
2005-09-08,25.18,3.2260500286162013,0.03722112510029696
2005-09-09,25.1,3.2228678461377385,-0.0031821824784628028
2005-09-12,25.04,3.2204745462318978,-0.0023932999058406956
2005-09-13,25.0,3.2188758248682006,-0.0015987213636972086
2005-09-14,24.98,3.2180755046974316,-0.00080032017076892
2005-09-15,24.58,3.201933104137889,-0.016142400559542747
2005-09-16,24.2,3.186352633162641,-0.015580470975248062
2005-09-19,23.93,3.175132901920282,-0.011219731242358755
2005-09-20,23.65,3.1633631149379418,-0.011769786982340324
2005-09-21,23.17,3.142858338444285,-0.020504776493656784
2005-09-22,23.79,3.1692653243148663,0.026406985870581323
2005-09-23,24.36,3.192942442841696,0.023677118526829855
2005-09-26,23.59,3.1608228934195837,-0.03211954942211248
2005-09-27,23.6,3.1612467120315646,0.0004238186119809306
2005-09-28,23.05,3.1376657694426577,-0.02358094258890686
2005-09-29,23.35,3.150596984114906,0.012931214672248448
2005-09-30,23.37,3.1514531485507664,0.0008561644358602294
2005-10-03,23.37,3.1514531485507664,0.0
2005-10-04,23.98,3.177220149599368,0.025767001048601745
2005-10-05,23.8,3.169685580677429,-0.007534568921939044
2005-10-06,23.62,3.1620938107692163,-0.007591769908212864
2005-10-07,23.6,3.1612467120315646,-0.0008470987376516526
2005-10-10,23.8,3.169685580677429,0.008438868645864517
2005-10-11,23.47,3.1557230098629323,-0.01396257081449681
2005-10-12,23.48,3.1561489949598958,0.0004259850969634549
2005-10-13,24.3,3.190476350346503,0.03432735538660703
2005-10-14,23.86,3.17220341666977,-0.018272933676732883
2005-10-17,23.57,3.1599747169480397,-0.01222869972173024
2005-10-18,22.95,3.133317936506554,-0.026656780441485672
2005-10-19,23.73,3.166740070447672,0.03342213394111804
2005-10-20,23.74,3.167161389181522,0.0004213187338497626
2005-10-21,23.89,3.173459961337718,0.006298572156196336
2005-10-24,24.65,3.204776900488699,0.03131693915098088
2005-10-25,24.35,3.192531849528599,-0.012245050960100201
2005-10-26,24.33,3.1917101567954314,-0.0008216927331674562
2005-10-27,24.28,3.1896529661912973,-0.002057190604134007
2005-10-28,24.59,3.202339856228101,0.012686890036803788
2005-10-31,25.12,3.223664341599998,0.021324485371896795
2005-11-01,25.29,3.2304090606818736,0.006744719081875683
2005-11-02,25.29,3.2304090606818736,0.0
2005-11-03,25.62,3.2433732964685884,0.012964235786714795
2005-11-04,25.56,3.241028629509334,-0.0023446669592543934
2005-11-07,25.6,3.242592351485517,0.0015637219761828192
2005-11-08,25.3,3.2308043957334744,-0.01178795575204239
2005-11-09,25.9,3.254242968705492,0.023438572972017457
2005-11-10,25.97,3.256942025674657,0.00269905696916517
2005-11-11,25.45,3.2367157429965316,-0.02022628267812543
2005-11-14,25.02,3.219675505038765,-0.017040237957766546
2005-11-15,25.08,3.22207071576472,0.0023952107259548328
2005-11-16,25.0,3.2188758248682006,-0.0031948908965193645
2005-11-17,25.94,3.255786178888298,0.03691035402009746
2005-11-18,26.1,3.261935314328648,0.006149135440349784
2005-11-21,26.26,3.26804686887465,0.006111554546002207
2005-11-22,25.97,3.256942025674657,-0.011104843199992942
2005-11-23,26.3,3.269568939183719,0.012626913509061755
2005-11-25,26.57,3.279782759771722,0.01021382058800313
2005-11-28,26.37,3.2722270003651954,-0.00755575940652653
2005-11-29,26.45,3.2752561583043085,0.0030291579391130696
2005-11-30,26.48,3.2763897310688073,0.0011335727644987692
2005-12-01,26.68,3.283914221047423,0.007524489978615545
2005-12-02,27.33,3.3079849999399764,0.0240707788925536
2005-12-05,26.35,3.2714682749873716,-0.03651672495260483
2005-12-06,26.34,3.271088696315135,-0.00037957867223648023
2005-12-07,25.81,3.2507620137305224,-0.020326682584612676
2005-12-08,26.0,3.258096538021482,0.00733452429095971
2005-12-09,26.17,3.2646137165420543,0.006517178520572209
2005-12-12,25.87,3.2530839961979376,-0.0115297203441167
2005-12-13,25.6,3.242592351485517,-0.010491644712420811
2005-12-14,25.3,3.2308043957334744,-0.01178795575204239
2005-12-15,25.56,3.241028629509334,0.01022423377585957
2005-12-16,25.64,3.2441536320524693,0.0031250025431353023
2005-12-19,25.61,3.242982900211434,-0.001170731841035444
2005-12-20,25.16,3.22525543183224,-0.017727468379193922
2005-12-21,25.36,3.233173129569025,0.00791769773678519
2005-12-22,25.39,3.234355395716587,0.0011822661475617835
2005-12-23,25.84,3.2519236789144013,0.01756828319781434
2005-12-27,25.07,3.221671912170202,-0.03025176674419905
2005-12-28,24.8,3.2108436531709366,-0.01082825899926565
2005-12-29,24.74,3.208421366964342,-0.0024222862065945705
2005-12-30,24.49,3.1982648709640764,-0.01015649600026558
2006-01-03,24.46,3.1970391302590264,-0.0012257407050499936
2006-01-04,25.31,3.2311995745570328,0.034160444298006354
2006-01-05,25.87,3.2530839961979376,0.021884421640904872
2006-01-06,26.24,3.267284964075888,0.014200967877950443
2006-01-09,25.88,3.2534704696327,-0.013814494443188163
2006-01-10,26.48,3.2763897310688073,0.02291926143610734
2006-01-11,25.41,3.2351427973320726,-0.041246933736734714
2006-01-12,25.05,3.2208738275308737,-0.01426896980119885
2006-01-13,25.2,3.2268439945173775,0.0059701669865037665
2006-01-17,23.9,3.173878458937465,-0.05296553557991235
2006-01-18,23.93,3.175132901920282,0.0012544429828169612
2006-01-19,23.95,3.175968323856924,0.000835421936641989
2006-01-20,23.59,3.1608228934195837,-0.015145430437340401
2006-01-23,23.34,3.15016862685841,-0.010654266561173742
2006-01-24,24.0,3.1780538303479458,0.027885203489535826
2006-01-25,23.54,3.1587011018321305,-0.019352728515815265
2006-01-26,23.15,3.1419947805322432,-0.01670632129988725
2006-01-27,21.63,3.0740812399649675,-0.06791354056727572
2006-01-30,20.9,3.039749158970765,-0.034332080994202485
2006-01-31,21.87,3.0851158346886765,0.04536667571791142
2006-02-01,21.89,3.0860299115347716,0.0009140768460951243
2006-02-02,21.74,3.0791538816930633,-0.00687602984170832
2006-02-03,21.8,3.0819099697950434,0.0027560881019801364
2006-02-06,21.62,3.073618812211062,-0.008291157583981246
2006-02-07,22.26,3.102791345847399,0.029172533636336873
2006-02-08,22.23,3.101442727976105,-0.0013486178712938113
2006-02-09,21.97,3.089677886396519,-0.01176484157958635
2006-02-10,21.86,3.0846584827483925,-0.005019403648126364
2006-02-13,21.77,3.080532875246456,-0.004125607501936468
2006-02-14,22.03,3.092405160814252,0.01187228556779596
2006-02-15,22.61,3.1183922862898785,0.025987125475626538
2006-02-16,24.58,3.201933104137889,0.08354081784801037
2006-02-17,24.45,3.196630215920881,-0.005302888217007862
2006-02-21,24.37,3.193352867637115,-0.003277348283766024
2006-02-22,24.13,3.1834558796369405,-0.009896988000174467
2006-02-23,24.2,3.186352633162641,0.0028967535257002908
2006-02-24,24.3,3.190476350346503,0.004123717183861952
2006-02-27,24.93,3.2160718975354663,0.025595547188963508
2006-02-28,24.42,3.1954024686825586,-0.02066942885290768
2006-03-01,24.0,3.1780538303479458,-0.017348638334612865
2006-03-02,23.8,3.169685580677429,-0.008368249670516636
2006-03-03,23.53,3.158276202739271,-0.011409377938158105
2006-03-06,23.6,3.1612467120315646,0.0029705092922935883
2006-03-07,23.33,3.1497400860333387,-0.011506625998225939
2006-03-08,22.96,3.133753571451366,-0.015986514581972866
2006-03-09,22.51,3.113959654918641,-0.019793916532724776
2006-03-10,22.62,3.1188344706879745,0.004874815769333463
2006-03-13,22.76,3.1250046092581303,0.006170138570155803
2006-03-14,22.95,3.133317936506554,0.008313327248423708
2006-03-15,22.78,3.125882958019036,-0.0074349784875180625
2006-03-16,22.5,3.1135153092103742,-0.012367648808661702
2006-03-17,22.62,3.1188344706879745,0.005319161477600254
2006-03-20,23.5,3.1570004211501135,0.038165950462139
2006-03-21,23.57,3.1599747169480397,0.0029742957979261853
2006-03-22,23.47,3.1557230098629323,-0.004251707085107359
2006-03-23,23.47,3.1557230098629323,0.0
2006-03-24,23.49,3.1565747986708215,0.0008517888078891644
2006-03-27,23.43,3.1540172525197043,-0.0025575461511171405
2006-03-28,23.54,3.1587011018321305,0.004683849312426158
2006-03-29,23.25,3.1463051320333655,-0.012395969798765005
2006-03-30,23.32,3.1493113614822916,0.0030062294489261454
2006-03-31,23.05,3.1376657694426577,-0.01164559203963389
2006-04-03,22.63,3.119276459645446,-0.018389309797211872
2006-04-04,22.14,3.0973859272804907,-0.021890532364955195
2006-04-05,21.69,3.076851324838783,-0.020534602441707683
2006-04-06,21.93,3.0878555624297968,0.011004237591013766
2006-04-07,21.57,3.071303460401065,-0.016552102028731586
2006-04-10,21.53,3.0694473113762717,-0.0018561490247934742
2006-04-11,21.36,3.061520014091994,-0.007927297284277657
2006-04-12,22.16,3.098288861879083,0.03676884778708889
2006-04-13,21.55,3.070375816549757,-0.027913045329325925
2006-04-17,21.48,3.067122269640664,-0.0032535469090930746
2006-04-18,21.74,3.0791538816930633,0.012031612052399332
2006-04-19,21.79,3.0814511489565284,0.0022972672634651303
2006-04-20,22.26,3.102791345847399,0.021340196890870633
2006-04-21,22.49,3.1130707659712242,0.010279420123825211
2006-04-24,22.08,3.0946722214088944,-0.01839854456232981
2006-04-25,22.44,3.110845080654496,0.016172859245601412
2006-04-26,23.06,3.138099514840913,0.027254434186417154
2006-04-27,23.3,3.1484533605716547,0.010353845730741718
2006-04-28,23.24,3.1458749319837103,-0.002578428587944437
2006-05-01,22.28,3.1036894150590832,-0.04218551692462702
2006-05-02,22.07,3.094219220268645,-0.009470194790438313
2006-05-03,21.66,3.0754672415728446,-0.018751978695800364
2006-05-04,21.86,3.0846584827483925,0.009191241175547926
2006-05-05,21.91,3.086943153607375,0.0022846708589825404
2006-05-08,21.93,3.0878555624297968,0.0009124088224217175
2006-05-09,21.35,3.0610517396746335,-0.026803822755163242
2006-05-10,21.01,3.044998514856909,-0.01605322481772431
2006-05-11,21.27,3.0572976292121457,0.012299114355236451
2006-05-12,20.7,3.0301337002713233,-0.027163928940822313
2006-05-15,20.57,3.0238337036648657,-0.006299996606457636
2006-05-16,20.92,3.040705639196722,0.016871935531856508
2006-05-17,20.6,3.0252910757955354,-0.015414563401186854
2006-05-18,20.29,3.0101281538377234,-0.015162921957811992
2006-05-19,20.15,3.0032042883926917,-0.006923865445031652
2006-05-22,19.96,2.993730270883318,-0.009474017509373933
2006-05-23,19.5,2.970414465569701,-0.023315805313616877
2006-05-24,20.03,2.997231149677727,0.026816684108025957
2006-05-25,19.89,2.9902170928658807,-0.007014056811846192
2006-05-26,20.47,3.018960399673198,0.028743306807317293
2006-05-30,20.32,3.011605622710281,-0.007354776962916976
2006-05-31,20.68,3.0291670496402285,0.017561426929947554
2006-06-01,20.45,3.017982882488811,-0.011184167151417679
2006-06-02,20.7,3.0301337002713233,0.01215081778251248
2006-06-05,20.38,3.0145540277945786,-0.015579672476744744
2006-06-06,20.53,3.0218872310308424,0.007333203236263852
2006-06-07,20.22,3.006672213592325,-0.015215017438517275
2006-06-08,19.99,2.995232148512309,-0.011440065080016382
2006-06-09,19.71,2.9811261211646287,-0.014106027347680072
2006-06-12,19.41,2.9657883971809187,-0.015337723983710028
2006-06-13,19.1,2.9496883350525844,-0.016100062128334258
2006-06-14,19.0,2.9444389791664403,-0.005249355886144169
2006-06-15,19.52,2.9714395809849465,0.027000601818506276
2006-06-16,20.09,3.000222178826843,0.028782597841896518
2006-06-19,19.7,2.9806186357439426,-0.019603543082900465
2006-06-20,19.18,2.953868069455292,-0.026750566288650468
2006-06-21,19.11,2.950211758252182,-0.003656311203110274
2006-06-22,18.61,2.9236990706541595,-0.02651268759802239
2006-06-23,18.26,2.9047128751668225,-0.018986195487336932
2006-06-26,17.06,2.836736542063533,-0.06797633310328965
2006-06-27,16.65,2.8124102164264526,-0.02432632563708026
2006-06-28,16.95,2.830267833826459,0.017857617400006465
2006-06-29,16.94,2.8296776892239084,-0.0005901446025506907
2006-06-30,16.84,2.8237570088141806,-0.005920680409727819
2006-07-03,16.7,2.8154087194227095,-0.008348289391471031
2006-07-05,16.19,2.784393767689544,-0.031014951733165486
2006-07-06,15.75,2.7568403652716422,-0.02755340241790183
2006-07-07,16.06,2.7763317085186157,0.019491343246973436
2006-07-10,16.36,2.794839331174601,0.01850762265598549
2006-07-11,16.18,2.7837759116303458,-0.011063419544255382
2006-07-12,16.11,2.779440197188883,-0.004335714441462635
2006-07-13,15.98,2.7713379403381286,-0.008102256850754497
2006-07-14,15.85,2.7631695003232895,-0.008168440014839184
2006-07-17,15.8,2.760009940032921,-0.003159560290368457
2006-07-18,15.59,2.7466296830696852,-0.013380256963235748
2006-07-19,16.05,2.775708849576025,0.029079166506339682
2006-07-20,15.98,2.7713379403381286,-0.004370909237896292
2006-07-21,15.86,2.7638002162067017,-0.007537724131426948
2006-07-24,16.02,2.7738379416402132,0.010037725433511557
2006-07-25,16.73,2.8172035149987327,0.04336557335851943
2006-07-26,17.06,2.836736542063533,0.0195330270648002
2006-07-27,17.75,2.8763855159214247,0.03964897385789179
2006-07-28,17.5,2.8622008809294686,-0.014184634991956102
2006-07-31,17.01,2.8338014064077703,-0.02839947452169822
2006-08-01,17.26,2.848391685655282,0.01459027924751144
2006-08-02,17.62,2.8690346205080335,0.020642934852751704
2006-08-03,16.27,2.7893229212309465,-0.07971169927708699
2006-08-04,15.95,2.7694588292308535,-0.01986409200009298
2006-08-07,15.81,2.7606426512213806,-0.008816178009472875
2006-08-08,15.8,2.760009940032921,-0.0006327111884596448
2006-08-09,15.66,2.751109690562657,-0.008900249470264132
2006-08-10,15.7,2.7536607123542622,0.002551021791605379
2006-08-11,16.3,2.791165107812717,0.03750439545845463
2006-08-14,16.14,2.7813006628418027,-0.00986444497091421
2006-08-15,16.31,2.7917784166329223,0.010477753791119593
2006-08-16,16.43,2.799108932049177,0.007330515416254624
2006-08-17,16.82,2.822568654544802,0.023459722495625
2006-08-18,16.72,2.8166056076565553,-0.005963046888246559
2006-08-21,16.82,2.822568654544802,0.005963046888246559
2006-08-22,16.87,2.825536896557877,0.0029682420130749954
2006-08-23,16.78,2.8201877010390604,-0.0053491955188165186
2006-08-24,17.19,2.844327819394758,0.024140118355697737
2006-08-25,17.33,2.8524391037275145,0.00811128433275643
2006-08-28,17.51,2.8627721462977607,0.010333042570246143
2006-08-29,17.47,2.8604851241459652,-0.002287022151795437
2006-08-30,17.25,2.847812143477369,-0.012672980668596345
2006-08-31,17.44,2.8587664184808337,0.010954275003464797
2006-09-01,17.37,2.854744580253014,-0.004021838227819874
2006-09-05,17.23,2.8466520505398383,-0.008092529713175534
2006-09-06,17.27,2.848970892158587,0.002318841618748735
2006-09-07,16.7,2.8154087194227095,-0.03356217273587747
2006-09-08,16.67,2.813610696762703,-0.0017980226600067262
2006-09-11,16.51,2.8039662579320366,-0.009644438830666235
2006-09-12,16.77,2.8195915758351173,0.01562531790308075
2006-09-13,16.21,2.785628335747585,-0.03396324008753249
2006-09-14,16.4,2.797281334830153,0.011652999082568005
2006-09-15,16.23,2.7868613815264998,-0.010419953303653084
2006-09-18,16.48,2.8021475244813256,0.015286142954825888
2006-09-19,16.38,2.7960610784249234,-0.006086446056402295
2006-09-20,16.5,2.803360380906535,0.00729930248161148
2006-09-21,16.36,2.794839331174601,-0.008521049731933683
2006-09-22,14.85,2.6979998652487085,-0.09683946592589265
2006-09-25,14.95,2.7047112998366956,0.006711434587987064
2006-09-26,14.8,2.6946271807700692,-0.010084119066626318
2006-09-27,14.81,2.6953026282797072,0.0006754475096379942
2006-09-28,14.77,2.6925980965432883,-0.002704531736418936
2006-09-29,14.79,2.6939512767227085,0.0013531801794202103
2006-10-02,14.67,2.6858045921548905,-0.008146684567817974
2006-10-03,14.77,2.6925980965432883,0.006793504388397764
2006-10-04,14.65,2.6844403354630764,-0.008157761080211934
2006-10-05,14.92,2.702702594775615,0.018262259312538554
2006-10-06,14.82,2.695977619867941,-0.006724974907673875
2006-10-09,14.9,2.7013612129514133,0.005383593083472249
2006-10-10,15.25,2.7245795030534206,0.023218290102007266
2006-10-11,15.12,2.716018370751387,-0.008561132302033592
2006-10-12,15.43,2.7363136663750693,0.020295295623682374
2006-10-13,15.34,2.73046379593911,-0.0058498704359593034
2006-10-16,15.21,2.7219531062712017,-0.008510689667908355
2006-10-17,15.23,2.7232671669070703,0.0013140606358685858
2006-10-18,15.14,2.717340248009303,-0.005926918897767308
2006-10-19,16.02,2.7738379416402132,0.056497693630910284
2006-10-20,16.24,2.787477334733532,0.013639393093318741
2006-10-23,16.14,2.7813006628418027,-0.006176671891729324
2006-10-24,15.72,2.7549337870010606,-0.026366875840742043
2006-10-25,15.73,2.7555697170701863,0.0006359300691256564
2006-10-26,16.05,2.775708849576025,0.020139132505838653
2006-10-27,16.05,2.775708849576025,0.0
2006-10-30,15.85,2.7631695003232895,-0.012539349252735477
2006-10-31,15.91,2.7669478423496954,0.003778342026405923
2006-11-01,15.97,2.770711962226921,0.003764119877225802
2006-11-02,16.02,2.7738379416402132,0.003125979413292068
2006-11-03,16.4,2.797281334830153,0.0234433931899396
2006-11-06,16.89,2.826721730819709,0.029440395989555945
2006-11-07,16.64,2.8118094353930627,-0.014912295426646072
2006-11-08,16.31,2.7917784166329223,-0.020031018760140462
2006-11-09,16.06,2.7763317085186157,-0.015446708114306595
2006-11-10,16.06,2.7763317085186157,0.0
2006-11-13,15.86,2.7638002162067017,-0.012531492311913972
2006-11-14,15.94,2.768831673362069,0.005031457155367125
2006-11-15,16.0,2.772588722239781,0.0037570488777123323
2006-11-16,16.3,2.791165107812717,0.018576385572935727
2006-11-17,16.23,2.7868613815264998,-0.004303726286217113
2006-11-20,16.17,2.783157673589016,-0.00370370793748398
2006-11-21,16.56,2.8069901489571136,0.02383247536809785
2006-11-22,16.53,2.805176911832933,-0.0018132371241805778
2006-11-24,16.49,2.8027541365715076,-0.002422775261425425
2006-11-27,15.95,2.7694588292308535,-0.03329530734065411
2006-11-28,16.07,2.776954179749421,0.007495350518567534
2006-11-29,15.85,2.7631695003232895,-0.013784679426131596
2006-11-30,15.82,2.761274962339508,-0.0018945379837815857
2006-12-01,15.76,2.757475084429733,-0.0037998779097749846
2006-12-04,15.94,2.768831673362069,0.011356588932335931
2006-12-05,16.56,2.8069901489571136,0.038158475595044816
2006-12-06,16.99,2.8326249356838407,0.025634786726727032
2006-12-07,16.94,2.8296776892239084,-0.0029472464599322734
2006-12-08,16.71,2.8160073426073025,-0.013670346616605933
2006-12-11,16.64,2.8118094353930627,-0.004197907214239738
2006-12-12,16.51,2.8039662579320366,-0.00784317746102614
2006-12-13,16.27,2.7893229212309465,-0.014643336701090082
2006-12-14,16.47,2.8015405441895487,0.012217622958602181
2006-12-15,16.29,2.790551422613954,-0.01098912157559484
2006-12-18,16.0,2.772588722239781,-0.01796270037417269
2006-12-19,16.11,2.779440197188883,0.006851474949101988
2006-12-20,16.68,2.8142103969306005,0.034770199741717356
2006-12-21,16.81,2.821973947420524,0.00776355048992361
2006-12-22,16.78,2.8201877010390604,-0.0017862463814637408
2006-12-26,16.93,2.829087196145044,0.008899495105983757
2006-12-27,17.04,2.8355635214011694,0.006476325256125293
2006-12-28,17.16,2.8425810940598164,0.007017572658646998
2006-12-29,17.18,2.8437459165561094,0.0011648224962930165
2007-01-03,16.91,2.827905162910489,-0.01584075364562043
2007-01-04,17.06,2.836736542063533,0.008831379153043883
2007-01-05,17.1,2.8390784635086144,0.0023419214450814962
2007-01-08,17.81,2.87976009730157,0.04068163379295564
2007-01-09,17.6,2.8678989020441064,-0.011861195257463653
2007-01-10,17.83,2.8808824318750488,0.01298352983094242
2007-01-11,18.04,2.8925915146344776,0.011709082759428835
2007-01-12,18.21,2.9019708937395166,0.009379379105038943
2007-01-16,18.12,2.8970163006148333,-0.004954593124683271
2007-01-17,18.2,2.9014215940827497,0.004405293467916405
2007-01-18,18.09,2.895359299407204,-0.006062294675545754
2007-01-19,18.19,2.900871992530031,0.005512693122827095
2007-01-22,18.07,2.8942531046041373,-0.006618887925893713
2007-01-23,17.7,2.8735646395797834,-0.020688465024353953
2007-01-24,17.69,2.872999508171694,-0.0005651314080892256
2007-01-25,17.64,2.8701690505786455,-0.002830457593048674
2007-01-26,17.47,2.8604851241459652,-0.009683926432680234
2007-01-29,17.97,2.8887037007954675,0.028218576649502225
2007-01-30,18.59,2.922623801733353,0.033920100937885334
2007-01-31,18.45,2.915064370486536,-0.0075594312468165725
2007-02-01,18.33,2.9085390618516134,-0.006525308634922844
2007-02-02,18.26,2.9047128751668225,-0.0038261866847908443
2007-02-05,18.08,2.89480635496403,-0.009906520202792368
2007-02-06,17.5,2.8622008809294686,-0.0326054740345616
2007-02-07,17.36,2.854168709232204,-0.008032171697264445
2007-02-08,17.49,2.8616292890305104,0.007460579798306277
2007-02-09,17.37,2.854744580253014,-0.006884708777496584
2007-02-12,17.04,2.8355635214011694,-0.0191810588518444
2007-02-13,17.12,2.840247370713596,0.004683849312426602
2007-02-14,17.21,2.845490610223448,0.00524323950985206
2007-02-15,17.06,2.836736542063533,-0.008754068159915196
2007-02-16,17.01,2.8338014064077703,-0.002935135655762533
2007-02-20,16.96,2.830857630363757,-0.002943776044013191
2007-02-21,17.04,2.8355635214011694,0.0047058910374122576
2007-02-22,17.1,2.8390784635086144,0.0035149421074449627
2007-02-23,17.12,2.840247370713596,0.0011689072049816396
2007-02-26,16.79,2.8207834710894493,-0.01946389962414674
2007-02-27,16.01,2.7732135270086236,-0.04756994408082571
2007-02-28,16.31,2.7917784166329223,0.018564889624298697
2007-03-01,16.21,2.785628335747585,-0.006150080885337417
2007-03-02,15.99,2.771963526845863,-0.013664808901721948
2007-03-05,15.51,2.7414849771884473,-0.030478549657415588
2007-03-06,15.7,2.7536607123542622,0.012175735165814938
2007-03-07,15.95,2.7694588292308535,0.015798116876591273
2007-03-08,15.47,2.738902664584975,-0.030556164645878514
2007-03-09,15.77,2.758109400974947,0.019206736389972168
2007-03-12,15.16,2.7186603802142257,-0.03944902076072143
2007-03-13,15.08,2.71336936257981,-0.005291017634415862
2007-03-14,15.24,2.7239235502585,0.010554187678690319
2007-03-15,14.98,2.7067159780890733,-0.01720757216942692
2007-03-16,14.83,2.696652156149841,-0.010063821939232387
2007-03-19,15.05,2.711377991194885,0.0147258350450441
2007-03-20,15.12,2.716018370751387,0.004640379556501983
2007-03-21,15.38,2.733067964077498,0.017049593326111
2007-03-22,15.59,2.7466296830696852,0.013561718992187277
2007-03-23,15.22,2.7226103524335397,-0.024019330636145586
2007-03-26,14.22,2.6546494243750947,-0.067960928058445
2007-03-27,14.31,2.6609585935683597,0.006309169193265074
2007-03-28,14.38,2.6658383522929006,0.004879758724540828
2007-03-29,14.54,2.6769034721053733,0.011065119812472712
2007-03-30,14.54,2.6769034721053733,0.0
2007-04-02,14.59,2.6803363625346943,0.003432890429321045
2007-04-03,14.79,2.6939512767227085,0.013614914188014193
2007-04-04,14.85,2.6979998652487085,0.004048588525999985
2007-04-05,14.97,2.706048198431537,0.008048333182828493
2007-04-09,14.94,2.7040421797046714,-0.002006018726865566
2007-04-10,15.0,2.70805020110221,0.004008021397538641
2007-04-11,15.3,2.72785282839839,0.019802627296179764
2007-04-12,15.35,2.731115474033206,0.0032626456348161526
2007-04-13,15.01,2.7087166456453704,-0.02239882838783558
2007-04-16,16.0,2.772588722239781,0.06387207659441074
2007-04-17,16.1,2.7788192719904172,0.006230549750636083
2007-04-18,15.73,2.7555697170701863,-0.023249554920230953
2007-04-19,15.62,2.7485521444115397,-0.007017572658646554
2007-04-20,15.98,2.7713379403381286,0.022785795926588914
2007-04-23,16.09,2.7781979610042917,0.006860020666163091
2007-04-24,15.84,2.7625383863862796,-0.01565957461801215
2007-04-25,15.81,2.7606426512213806,-0.0018957351648989373
2007-04-26,15.89,2.7656899805486246,0.0050473293272439435
2007-04-27,15.72,2.7549337870010606,-0.010756193547563964
2007-04-30,15.44,2.73696154459663,-0.017972242404430627
2007-05-01,15.97,2.770711962226921,0.033750417630291185
2007-05-02,16.33,2.7930039069823738,0.022291944755452597
2007-05-03,16.29,2.790551422613954,-0.0024524843684199382
2007-05-04,16.16,2.7825390530929495,-0.00801236952100437
2007-05-07,16.67,2.813610696762703,0.031071643669753346
2007-05-08,16.58,2.8081971497071487,-0.00541354705555408
2007-05-09,16.24,2.787477334733532,-0.020719814973616746
2007-05-10,15.96,2.7700855920216627,-0.017391742711869274
2007-05-11,15.85,2.7631695003232895,-0.006916091698373261
2007-05-14,15.59,2.7466296830696852,-0.016539817253604205
2007-05-15,15.59,2.7466296830696852,0.0
2007-05-16,15.81,2.7606426512213806,0.014012968151695393
2007-05-17,15.45,2.7376090033437546,-0.023033647877626073
2007-05-18,15.44,2.73696154459663,-0.0006474587471245741
2007-05-21,15.53,2.7427736371605955,0.005812092563965532
2007-05-22,15.61,2.7479117345273405,0.005138097366744976
2007-05-23,15.71,2.75429745226753,0.006385717740189367
2007-05-24,15.77,2.758109400974947,0.003811948707417301
2007-05-25,15.75,2.7568403652716422,-0.0012690357033049438
2007-05-29,15.61,2.7479117345273405,-0.008928630744301724
2007-05-30,15.43,2.7363136663750693,-0.011598068152271157
2007-05-31,15.67,2.7517480563679295,0.015434389992860176
2007-06-01,15.69,2.753023566744941,0.0012755103770114573
2007-06-04,15.98,2.7713379403381286,0.01831437359318766
2007-06-05,15.91,2.7669478423496954,-0.004390097988433261
2007-06-06,16.09,2.7781979610042917,0.011250118654596353
2007-06-07,15.97,2.770711962226921,-0.0074859987773705505
2007-06-08,16.15,2.7819200496686656,0.011208087441744397
2007-06-11,16.17,2.783157673589016,0.001237623920350206
2007-06-12,16.05,2.775708849576025,-0.007448824012990851
2007-06-13,16.14,2.7813006628418027,0.005591813265777734
2007-06-14,16.49,2.8027541365715076,0.021453473729704964
2007-06-15,16.38,2.7960610784249234,-0.006693058146584274
2007-06-18,16.35,2.7942278973432626,-0.0018331810816607508
2007-06-19,16.32,2.792391349535961,-0.0018365478073016916
2007-06-20,16.01,2.7732135270086236,-0.01917782252733735
2007-06-21,16.01,2.7732135270086236,0.0
2007-06-22,15.78,2.7587433154177283,-0.014470211590895232
2007-06-25,15.48,2.739548868161581,-0.019194447256147384
2007-06-26,15.47,2.738902664584975,-0.0006462035766059415
2007-06-27,15.46,2.738256043159276,-0.0006466214256990455
2007-06-28,15.5,2.740840023925201,0.0025839807659249203
2007-06-29,15.34,2.73046379593911,-0.010376227986090836
2007-07-02,15.48,2.739548868161581,0.009085072222470902
2007-07-03,15.68,2.7523860149222616,0.012837146760680707
2007-07-05,15.57,2.745345985845907,-0.0070400290763545925
2007-07-06,15.51,2.7414849771884473,-0.0038610086574597524
2007-07-09,15.72,2.7549337870010606,0.013448809812613316
2007-07-10,15.32,2.729159164312445,-0.025774622688615523
2007-07-11,15.47,2.738902664584975,0.009743500272529904
2007-07-12,15.46,2.738256043159276,-0.0006466214256990455
2007-07-13,15.41,2.7350166493320245,-0.003239393827251469
2007-07-16,15.5,2.740840023925201,0.005823374593176389
2007-07-17,15.38,2.733067964077498,-0.007772059847702906
2007-07-18,15.12,2.716018370751387,-0.017049593326111
2007-07-19,15.17,2.719319793360441,0.0033014226090539722
2007-07-20,14.79,2.6939512767227085,-0.02536851663773243
2007-07-23,14.7,2.6878474937846906,-0.006103782938017943
2007-07-24,14.37,2.6651427000909336,-0.022704793693756997
2007-07-25,14.07,2.644044871126298,-0.021097828964635745
2007-07-26,13.64,2.613006652415316,-0.03103821871098189
2007-07-27,13.36,2.5922651681085,-0.020741484306816105
2007-07-30,13.3,2.5877640352277083,-0.00450113288079157
2007-07-31,13.15,2.5764217586237734,-0.011342276603934831
2007-08-01,13.19,2.579458966729223,0.003037208105449718
2007-08-02,13.43,2.5974910105351463,0.01803204380592316
2007-08-03,13.09,2.5718485799218085,-0.02564243061333782
2007-08-06,12.91,2.558002204858551,-0.013846375063257366
2007-08-07,12.93,2.559550192783766,0.0015479879252149331
2007-08-08,13.2,2.580216829592325,0.02066663680855907
2007-08-09,13.76,2.6217658325051976,0.041549002912872446
2007-08-10,13.08,2.5710843460290524,-0.05068148647614512
2007-08-13,13.04,2.5680215564985067,-0.0030627895305457287
2007-08-14,13.03,2.567254391136754,-0.0007671653617529195
2007-08-15,12.91,2.558002204858551,-0.009252186278202679
2007-08-16,12.74,2.5447466501440172,-0.01325555471453388
2007-08-17,12.52,2.5273273656719524,-0.017419284472064867
2007-08-20,12.23,2.503891949699081,-0.023435415972871354
2007-08-21,12.16,2.498151876538021,-0.005740073161060177
2007-08-22,12.47,2.523325759691945,0.025173883153924326
2007-08-23,12.71,2.542389085201363,0.019063325509417695
2007-08-24,12.69,2.540814281726296,-0.0015748034750666662
2007-08-27,12.65,2.5376572151735295,-0.0031570665527667074
2007-08-28,12.57,2.531313022602156,-0.006344192571373419
2007-08-29,12.85,2.553343811341229,0.022030788739072715
2007-08-30,12.69,2.540814281726296,-0.012529529614932589
2007-08-31,12.83,2.551786178627545,0.01097189690124889
2007-09-04,13.2,2.580216829592325,0.028430650964780035
2007-09-05,13.1,2.5726122302071057,-0.007604599385219402
2007-09-06,13.23,2.5824869781268642,0.009874747919758509
2007-09-07,13.21,2.580974118534234,-0.0015128595926303667
2007-09-10,13.17,2.5779415157551897,-0.003032602779044158
2007-09-11,13.49,2.6019486702196644,0.024007154464474656
2007-09-12,13.14,2.5756610130564646,-0.026287657163199807
2007-09-13,13.17,2.5779415157551897,0.002280502698725151
2007-09-14,13.5,2.6026896854443837,0.02474816968919402
2007-09-17,13.43,2.5974910105351463,-0.005198674909237422
2007-09-18,13.51,2.6034301519721073,0.0059391414369609485
2007-09-19,13.68,2.615934912194404,0.012504760222296962
2007-09-20,13.7,2.617395832834079,0.0014609206396749563
2007-09-21,13.75,2.6210388241125804,0.0036429912785012064
2007-09-24,14.11,2.6468837658647226,0.025844941752142248
2007-09-25,14.2,2.653241964607215,0.006358198742492327
2007-09-26,14.2,2.653241964607215,0.0
2007-09-27,13.92,2.6333266549062735,-0.019915309700941464
2007-09-28,13.95,2.6354795082673745,0.002152853361101048
2007-10-01,14.12,2.647592232065096,0.012112723797721436
2007-10-02,13.88,2.6304489550786583,-0.017143276986437694
2007-10-03,13.91,2.6326080059353516,0.002159050856693323
2007-10-04,13.92,2.6333266549062735,0.0007186489709218868
2007-10-05,14.26,2.65745841498615,0.024131760079876496
2007-10-08,14.19,2.6525374911719513,-0.00492092381419873
2007-10-09,14.65,2.6844403354630764,0.03190284429112511
2007-10-10,14.64,2.6837575085331657,-0.0006828269299106182
2007-10-11,15.01,2.7087166456453704,0.024959137112204655
2007-10-12,15.02,2.7093826463359885,0.0006660006906180627
2007-10-15,15.03,2.710048203764883,0.0006655574288947363
2007-10-16,14.3,2.6602595372658615,-0.049788666499021694
2007-10-17,14.14,2.6490076604684267,-0.011251876797434779
2007-10-18,13.85,2.6282852326333477,-0.02072242783507905
2007-10-19,14.42,2.668616131856803,0.04033089922345523
2007-10-22,14.3,2.6602595372658615,-0.008356594590941402
2007-10-23,14.55,2.6775909936175015,0.017331456351640018
2007-10-24,14.04,2.641910398597665,-0.03568059501983667
2007-10-25,13.8,2.624668592163159,-0.01724180643450568
2007-10-26,13.76,2.6217658325051976,-0.0029027596579616066
2007-10-29,13.7,2.617395832834079,-0.004369999671118396
2007-10-30,13.93,2.6340447877917144,0.016648954957635187
2007-10-31,13.87,2.6297282343267403,-0.00431655346497406
2007-11-01,13.3,2.5877640352277083,-0.04196419909903204
2007-11-02,13.24,2.5832425505088623,-0.004521484718845947
2007-11-05,13.2,2.580216829592325,-0.003025720916537189
2007-11-06,13.12,2.574137783515943,-0.006079046076381989
2007-11-07,12.52,2.5273273656719524,-0.04681041784399076
2007-11-08,12.49,2.5249283241374862,-0.0023990415344661287
2007-11-09,12.66,2.5384474167160302,0.013519092578544
2007-11-12,12.66,2.5384474167160302,0.0
2007-11-13,12.94,2.5603232890727545,0.02187587235672428
2007-11-14,12.75,2.545531271604435,-0.014792017468319596
2007-11-15,12.53,2.528125768907977,-0.01740550269645791
2007-11-16,12.1,2.4932054526026954,-0.034920316305281585
2007-11-19,12.21,2.502255288122613,0.009049835519917782
2007-11-20,12.38,2.5160822672564502,0.013826979133837014
2007-11-21,12.42,2.519308076505333,0.003225809248882605
2007-11-23,12.51,2.5265283244788197,0.00722024797348686
2007-11-26,12.24,2.50470927708418,-0.02181904739463958
2007-11-27,12.69,2.540814281726296,0.03610500464211608
2007-11-28,12.73,2.543961412569315,0.003147130843018875
2007-11-29,12.55,2.529720665577793,-0.014240746991522002
2007-11-30,12.63,2.5360749363624,0.006354270784606708
2007-12-03,13.0,2.5649493574615367,0.02887442109913696
2007-12-04,12.63,2.5360749363624,-0.02887442109913696
2007-12-05,12.95,2.5610957881455465,0.025020851783146725
2007-12-06,12.99,2.5641798306825083,0.0030840425369618174
2007-12-07,12.73,2.543961412569315,-0.02021841811319325
2007-12-10,13.04,2.5680215564985067,0.024060143929191646
2007-12-11,12.7,2.5416019934645457,-0.02641956303396098
2007-12-12,12.63,2.5360749363624,-0.00552705710214596
2007-12-13,12.22,2.503073953743449,-0.03300098261895057
2007-12-14,11.95,2.4807312783775197,-0.022342675365929487
2007-12-17,11.47,2.4397349311412793,-0.04099634723624046
2007-12-18,11.67,2.4570214462984645,0.017286515157185267
2007-12-19,11.51,2.4432162227337915,-0.013805223564673064
2007-12-20,11.59,2.4501426573516603,0.006926434617868793
2007-12-21,11.83,2.4706386779902956,0.020496020638635315
2007-12-24,11.47,2.4397349311412793,-0.03090374684901631
2007-12-26,11.86,2.4731713935695794,0.03343646242830012
2007-12-27,11.71,2.460443177609626,-0.012728215959953548
2007-12-28,11.72,2.4612967841488667,0.0008536065392408254
2007-12-31,11.63,2.453587966530573,-0.007708817618293562
2008-01-02,11.41,2.4344901638739844,-0.01909780265658867
2008-01-03,11.39,2.432735777459091,-0.0017543864148934496
2008-01-04,11.31,2.425687290128029,-0.007048487331061892
2008-01-07,11.53,2.4449523342809676,0.019265044152938504
2008-01-08,10.98,2.3960754360813845,-0.048876898199583074
2008-01-09,10.98,2.3960754360813845,0.0
2008-01-10,11.7,2.4595888418037104,0.06351340572232589
2008-01-11,11.74,2.4630018143999504,0.0034129725962399604
2008-01-14,11.93,2.4790562361098245,0.016054421709874145
2008-01-15,11.51,2.4432162227337915,-0.03584001337603304
2008-01-16,12.05,2.489064659936664,0.04584843720287246
2008-01-17,12.35,2.513656063073986,0.02459140313732222
2008-01-18,12.13,2.495681722955959,-0.017974340118027232
2008-01-22,12.13,2.495681722955959,0.0
2008-01-23,12.09,2.492378664626701,-0.003303058329257702
2008-01-24,11.96,2.481567748522486,-0.010810916104215362
2008-01-25,11.84,2.4714836294558595,-0.010084119066626318
2008-01-28,11.85,2.47232786758114,0.0008442381252806719
2008-01-29,11.96,2.481567748522486,0.009239880941345646
2008-01-30,11.95,2.4807312783775197,-0.0008364701449661283
2008-01-31,12.15,2.4973291697865574,0.01659789140903767
2008-02-01,12.37,2.5152741864043966,0.017945016617839205
2008-02-04,12.85,2.553343811341229,0.03806962493683219
2008-02-05,12.77,2.547098670044448,-0.006245141296780776
2008-02-06,12.63,2.5360749363624,-0.011023733682048231
2008-02-07,12.24,2.50470927708418,-0.03136565927821966
2008-02-08,12.33,2.512035317176253,0.0073260400920727164
2008-02-11,12.41,2.5185025992165158,0.006467282040262923
2008-02-12,12.52,2.5273273656719524,0.008824766455436617
2008-02-13,12.59,2.532902848056256,0.005575482384303498
2008-02-14,12.57,2.531313022602156,-0.0015898254540998025
2008-02-15,12.81,2.550226115908643,0.01891309330648694
2008-02-19,12.75,2.545531271604435,-0.004694844304208079
2008-02-20,12.61,2.534490149976828,-0.011041121627606731
2008-02-21,12.43,2.5201129055226197,-0.014377244454208515
2008-02-22,12.31,2.510411940196362,-0.009700965326257638
2008-02-25,13.05,2.5687881337687024,0.05837619357234036
2008-02-26,13.21,2.580974118534234,0.012185984765531455
2008-02-27,13.0,2.5649493574615367,-0.016024761072697125
2008-02-28,12.72,2.543175557911976,-0.021773799549560824
2008-02-29,12.59,2.532902848056256,-0.010272709855720041
2008-03-03,12.65,2.5376572151735295,0.004754367117273617
2008-03-04,12.75,2.545531271604435,0.00787405643090544
2008-03-05,12.79,2.548663615590751,0.003132343986316233
2008-03-06,12.68,2.5400259490090797,-0.008637666581671422
2008-03-07,12.35,2.513656063073986,-0.026369885935093595
2008-03-10,12.33,2.512035317176253,-0.0016207458977333111
2008-03-11,12.56,2.5305171610400525,0.018481843863799696
2008-03-12,12.75,2.545531271604435,0.015014110564382399
2008-03-13,12.86,2.554121718809473,0.00859044720503821
2008-03-14,12.63,2.5360749363624,-0.018046782447073362
2008-03-17,12.2,2.501435951739211,-0.03463898462318893
2008-03-18,12.6,2.533696813957432,0.03226086221822122
2008-03-19,12.54,2.5289235352047745,-0.004773278752657539
2008-03-20,12.43,2.5201129055226197,-0.008810629682154847
2008-03-24,12.85,2.553343811341229,0.0332309058186091
2008-03-25,12.97,2.5626389983283526,0.009295186987123838
2008-03-26,12.74,2.5447466501440172,-0.017892348184335383
2008-03-27,12.83,2.551786178627545,0.007039528483527846
2008-03-28,12.61,2.534490149976828,-0.017296028650716888
2008-03-31,12.87,2.554899021608035,0.02040887163120697
2008-04-01,13.6,2.6100697927420065,0.055170771133971286
2008-04-02,13.59,2.6093342281630525,-0.0007355645789539622
2008-04-03,13.52,2.604170070614818,-0.005164157548234627
2008-04-04,14.11,2.6468837658647226,0.04271369524990476
2008-04-07,13.74,2.620311286794203,-0.026572479070519517
2008-04-08,13.63,2.612273245708441,-0.008038041085761893
2008-04-09,13.46,2.599722324216582,-0.012550921491859324
2008-04-10,13.27,2.5855058483441162,-0.014216475872465661
2008-04-11,12.88,2.5556757206762075,-0.029830127667908712
2008-04-14,12.76,2.546315277916644,-0.009360442759563714
2008-04-15,12.48,2.5241273629412815,-0.02218791497536232
2008-04-16,12.58,2.5321082512722946,0.00798088833101307
2008-04-17,12.48,2.5241273629412815,-0.00798088833101307
2008-04-18,12.65,2.5376572151735295,0.013529852232248007
2008-04-21,13.03,2.567254391136754,0.02959717596322431
2008-04-22,12.9,2.5572273113676265,-0.010027079769127312
2008-04-23,12.64,2.5368663887187113,-0.020360922648915203
2008-04-24,12.6,2.533696813957432,-0.0031695747612792147
2008-04-25,12.77,2.547098670044448,0.01340185608701594
2008-04-28,12.9,2.5572273113676265,0.010128641323178478
2008-04-29,13.28,2.5862591440482876,0.029031832680661118
2008-04-30,13.33,2.5900171341906173,0.0037579901423296924
2008-05-01,13.56,2.6071242825122494,0.01710714832163207
2008-05-02,13.42,2.5967461315435356,-0.01037815096871375
2008-05-05,13.29,2.587011872725154,-0.009734258818381747
2008-05-06,13.73,2.6195832197798796,0.03257134705472575
2008-05-07,13.6,2.6100697927420065,-0.009513427037873168
2008-05-08,13.68,2.615934912194404,0.00586511945239776
2008-05-09,13.42,2.5967461315435356,-0.019188780650868598
2008-05-12,13.41,2.596000697293587,-0.0007454342499486621
2008-05-13,13.01,2.565718292524414,-0.030282404769172988
2008-05-14,13.29,2.587011872725154,0.021293580200739903
2008-05-15,13.43,2.5974910105351463,0.010479137809992434
2008-05-16,13.4,2.5952547069568657,-0.0022363035782806406
2008-05-19,13.38,2.5937610547000824,-0.0014936522567832178
2008-05-20,13.55,2.60638654732571,0.012625492625627732
2008-05-21,13.47,2.6004649904222727,-0.0059215569034374305
2008-05-22,13.5,2.6026896854443837,0.0022246950221109785
2008-05-23,13.12,2.574137783515943,-0.028551901928440593
2008-05-27,13.44,2.5982353350950036,0.02409755157906046
2008-05-28,13.16,2.5771819258971713,-0.021053409197832273
2008-05-29,13.27,2.5855058483441162,0.008323922446944909
2008-05-30,13.29,2.587011872725154,0.0015060243810376406
2008-06-02,13.11,2.5733752977756086,-0.013636574949545288
2008-06-03,13.4,2.5952547069568657,0.02187940918125708
2008-06-04,13.51,2.6034301519721073,0.00817544501524159
2008-06-05,13.8,2.624668592163159,0.02123844019105192
2008-06-06,13.49,2.6019486702196644,-0.022719921943494814
2008-06-09,13.33,2.5900171341906173,-0.011931536029047063
2008-06-10,13.1,2.5726122302071057,-0.017404903983511577
2008-06-11,12.84,2.552565298261815,-0.020046931945290503
2008-06-12,13.18,2.578700529074361,0.026135230812545984
2008-06-13,13.29,2.587011872725154,0.008311343650792669
2008-06-16,13.64,2.613006652415316,0.025994779690162062
2008-06-17,13.66,2.614471854142644,0.0014652017273282247
2008-06-18,13.57,2.6078614738467776,-0.00661038029586658
2008-06-19,13.27,2.5855058483441162,-0.022355625502661347
2008-06-20,12.68,2.5400259490090797,-0.04547989933503649
2008-06-23,12.26,2.506341930508065,-0.033684018501014545
2008-06-24,12.49,2.5249283241374862,0.01858639362942105
2008-06-25,12.65,2.5376572151735295,0.012728891036043244
2008-06-26,12.31,2.510411940196362,-0.027245274977167444
2008-06-27,12.23,2.503891949699081,-0.006519990497281025
2008-06-30,12.29,2.5087859235779435,0.004893973878862479
2008-07-01,12.19,2.5006159434931803,-0.008169980084763218
2008-07-02,12.41,2.5185025992165158,0.017886655723335476
2008-07-03,12.35,2.513656063073986,-0.004846536142529612
2008-07-07,12.5,2.5257286443082556,0.012072581234269464
2008-07-08,12.85,2.553343811341229,0.027615167032973176
2008-07-09,12.56,2.5305171610400525,-0.022826650301176254
2008-07-10,12.23,2.503891949699081,-0.02662521134097151
2008-07-11,12.09,2.492378664626701,-0.011513285072379809
2008-07-14,12.44,2.5209170873110334,0.028538422684332154
2008-07-15,12.85,2.553343811341229,0.03242672403019542
2008-07-16,13.49,2.6019486702196644,0.048604858878435575
2008-07-17,13.66,2.614471854142644,0.012523183922979797
2008-07-18,13.89,2.6311691567662523,0.016697302623608135
2008-07-21,13.8,2.624668592163159,-0.0065005646030931175
2008-07-22,12.28,2.5079719227189963,-0.1166966694441629
2008-07-23,12.48,2.5241273629412815,0.01615544022228521
2008-07-24,12.19,2.5006159434931803,-0.0235114194481012
2008-07-25,12.09,2.492378664626701,-0.00823727886647907
2008-07-28,11.82,2.469793011977952,-0.02258565264874912
2008-07-29,12.0,2.4849066497880004,0.015113637810048264
2008-07-30,11.75,2.463853240590168,-0.021053409197832273
2008-07-31,11.89,2.4756977107026903,0.01184447011252221
2008-08-01,11.96,2.481567748522486,0.005870037819795559
2008-08-04,12.13,2.495681722955959,0.014113974433473064
2008-08-05,12.83,2.551786178627545,0.05610445567158617
2008-08-06,13.09,2.5718485799218085,0.0200624012942634
2008-08-07,12.78,2.5478814489493886,-0.02396713097241987
2008-08-08,13.27,2.5855058483441162,0.037624399394727615
2008-08-11,13.25,2.583997552432231,-0.0015082959118850603
2008-08-12,13.23,2.5824869781268642,-0.0015105743053669407
2008-08-13,13.38,2.5937610547000824,0.011274076573218217
2008-08-14,13.1,2.5726122302071057,-0.021148824492976726
2008-08-15,13.22,2.5817308344235403,0.009118604216434623
2008-08-18,12.9,2.5572273113676265,-0.024503523055913856
2008-08-19,12.76,2.546315277916644,-0.010912033450982683
2008-08-20,12.76,2.546315277916644,0.0
2008-08-21,13.0,2.5649493574615367,0.018634079544892934
2008-08-22,12.76,2.546315277916644,-0.018634079544892934
2008-08-25,12.47,2.523325759691945,-0.022989518224698635
2008-08-26,12.45,2.5217206229107165,-0.0016051367812286443
2008-08-27,12.5,2.5257286443082556,0.0040080213975390855
2008-08-28,12.84,2.552565298261815,0.026836653953559608
2008-08-29,12.56,2.5305171610400525,-0.022048137221762687
2008-09-02,12.69,2.540814281726296,0.010297120686243666
2008-09-03,12.72,2.543175557911976,0.002361276185679717
2008-09-04,12.26,2.506341930508065,-0.03683362740391072
2008-09-05,12.57,2.531313022602156,0.024971092094090874
2008-09-08,12.38,2.5160822672564502,-0.015230755345705838
2008-09-09,12.4,2.517696472610991,0.0016142053545409318
2008-09-10,12.65,2.5376572151735295,0.019960742562538325
2008-09-11,13.39,2.5945081597030812,0.05685094452955175
2008-09-12,13.51,2.6034301519721073,0.008921992269026013
2008-09-15,13.2,2.580216829592325,-0.02321332237978213
2008-09-16,12.23,2.503891949699081,-0.0763248798932441
2008-09-17,12.07,2.4907230351094403,-0.013168914589640757
2008-09-18,13.5,2.6026896854443837,0.11196665033494346
2008-09-19,13.65,2.613739521630969,0.011049836186585171
2008-09-22,12.47,2.523325759691945,-0.09041376193902373
2008-09-23,12.45,2.5217206229107165,-0.0016051367812286443
2008-09-24,12.61,2.534490149976828,0.012769527066111674
2008-09-25,12.98,2.563409711275944,0.02891956129911577
2008-09-26,12.74,2.5447466501440172,-0.018663061131926728
2008-09-29,11.84,2.4714836294558595,-0.07326302068815771
2008-09-30,12.27,2.50715725872282,0.03567362926696038
2008-10-01,11.34,2.428336298299606,-0.07882096042321374
2008-10-02,11.47,2.4397349311412793,0.011398632841673084
2008-10-03,11.05,2.402430427963762,-0.03730450317751721
2008-10-06,10.33,2.3350522831315472,-0.06737814483221483
2008-10-07,9.96,2.298577071596507,-0.03647521153504041
2008-10-08,8.95,2.191653532286764,-0.10692353930974274
2008-10-09,8.39,2.127040520479115,-0.06461301180764911
2008-10-10,7.31,1.9892432737616872,-0.13779724671742777
2008-10-13,9.22,2.2213750375685026,0.23213176380681544
2008-10-14,9.3,2.2300144001592104,0.008639362590707744
2008-10-15,8.75,2.169053700369523,-0.06096069978968721
2008-10-16,8.64,2.1564025828159643,-0.012651117553558855
2008-10-17,8.67,2.1598687907924505,0.003466207976486224
2008-10-20,8.9,2.186051276738094,0.026182485945643652
2008-10-21,8.62,2.1540850846756014,-0.03196619206249274
2008-10-22,8.19,2.102913897864978,-0.05117118681062349
2008-10-23,8.45,2.134166441369082,0.031252543504104224
2008-10-24,7.93,2.0706530356467567,-0.06351340572232544
2008-10-27,7.11,1.9615022438151495,-0.10915079183160725
2008-10-28,7.71,2.0425181875752383,0.0810159437600888
2008-10-29,8.03,2.0831845279586703,0.040666340383431976
2008-10-30,8.71,2.1644717908644115,0.08128726290574129
2008-10-31,9.03,2.200552367428894,0.03608057656448249
2008-11-03,8.84,2.179286876649552,-0.021265490779342144
2008-11-04,8.94,2.190535589185423,0.011248712535870897
2008-11-05,8.77,2.1713368063840917,-0.019198782801331138
2008-11-06,8.17,2.1004689088719113,-0.07086789751218037
2008-11-07,8.55,2.145931282948669,0.04546237407675768
2008-11-10,8.27,2.1126345090356,-0.03329677391306918
2008-11-11,7.88,2.064327903869788,-0.04830660516581187
2008-11-12,7.01,1.9473377010464987,-0.1169902028232892
2008-11-13,7.81,2.0554049638515948,0.10806726280509604
2008-11-14,7.39,2.0001277349601105,-0.05527722889148423
2008-11-17,7.19,1.9726911717329554,-0.027436563227155153
2008-11-18,7.26,1.9823798288367047,0.009688657103749332
2008-11-19,6.55,1.8794650496471605,-0.10291477918954417
2008-11-20,5.48,1.7011051009599243,-0.17835994868723626
2008-11-21,6.14,1.814824742159051,0.11371964119912681
2008-11-24,6.04,1.7984040119467235,-0.016420730212327594
2008-11-25,6.12,1.8115620965242347,0.01315808457751122
2008-11-26,6.06,1.801709800081223,-0.009852296443011666
2008-11-28,6.17,1.8196988379172965,0.017989037836073418
2008-12-01,5.91,1.776645831418007,-0.04305300649928956
2008-12-02,6.23,1.8293763327993617,0.05273050138135482
2008-12-03,6.91,1.9329696377795786,0.1035933049802169
2008-12-04,6.57,1.8825138324965192,-0.050455805283059485
2008-12-05,7.61,2.0294631718735947,0.14694933937707555
2008-12-08,7.53,2.018895041811802,-0.01056813006179258
2008-12-09,7.36,1.9960599327407849,-0.022835109071017268
2008-12-10,7.22,1.9768549529047348,-0.019204979836050073
2008-12-11,7.26,1.9823798288367047,0.00552487593196993
2008-12-12,7.17,1.969905654611529,-0.012474174225175716
2008-12-15,7.23,1.9782390361706734,0.008333381559144426
2008-12-16,7.43,2.005525858729668,0.027286822558994395
2008-12-17,7.77,2.050270164379556,0.04474430564988818
2008-12-18,7.8,2.0541237336955462,0.003853569315990235
2008-12-19,7.78,2.0515563381903004,-0.002567395505245873
2008-12-22,7.53,2.018895041811802,-0.03266129637849824
2008-12-23,7.37,1.9974177062012453,-0.02147733561055687
2008-12-24,7.44,2.0068708488450007,0.009453142643755408
2008-12-26,7.39,2.0001277349601105,-0.006743113884890128
2008-12-29,7.36,1.9960599327407849,-0.004067802219325678
2008-12-30,7.39,2.0001277349601105,0.004067802219325678
2008-12-31,7.74,2.046401687601636,0.04627395264152545
2009-01-02,7.88,2.064327903869788,0.01792621626815194
2009-01-05,7.56,2.0228711901914416,-0.04145671367834636
2009-01-06,7.99,2.0781907597781832,0.05531956958674167
2009-01-07,7.76,2.048982334195127,-0.02920842558305603
2009-01-08,7.8,2.0541237336955462,0.0051413995004190305
2009-01-09,7.65,2.0347056478384444,-0.019418085857101808
2009-01-12,7.35,1.9947003132247452,-0.04000533461369926
2009-01-13,7.43,2.005525858729668,0.010825545504922651
2009-01-14,7.4,2.0014800002101243,-0.004045858519543533
2009-01-15,7.6,2.028148247292285,0.026668247082160867
2009-01-16,7.87,2.063058062429312,0.03490981513702662
2009-01-20,7.52,2.017566137961748,-0.04549192446756356
2009-01-21,7.88,2.064327903869788,0.04676176590803971
2009-01-22,7.94,2.0719132752590443,0.007585371389256412
2009-01-23,7.68,2.038619547159581,-0.033293728099463404
2009-01-26,7.96,2.0744289998562917,0.035809452696710764
2009-01-27,8.5,2.1400661634962708,0.06563716363997907
2009-01-28,8.5,2.1400661634962708,0.0
2009-01-29,8.76,2.1701959049483,0.03012974145202918
2009-01-30,8.87,2.182674796321488,0.012478891373187917
2009-02-02,8.78,2.172476407647025,-0.010198388674462766
2009-02-03,8.77,2.1713368063840917,-0.0011396012629334429
2009-02-04,9.11,2.209372711271867,0.038035904887775196
2009-02-05,9.31,2.231089091288976,0.02171638001710896
2009-02-06,9.41,2.2417729535972883,0.01068386230831253
2009-02-09,9.18,2.217027204632399,-0.024745748964889458
2009-02-10,8.59,2.150598735996164,-0.06642846863623486
2009-02-11,8.8,2.174751721484161,0.024152985487996936
2009-02-12,8.8,2.174751721484161,0.0
2009-02-13,8.66,2.1587147225743437,-0.016036998909817246
2009-02-17,8.55,2.145931282948669,-0.012783439625674742
2009-02-18,8.46,2.135349173618132,-0.010582109330536937
2009-02-19,8.69,2.162172939277301,0.026823765659168775
2009-02-20,8.18,2.1016921506146558,-0.06048078866264506
2009-02-23,8.06,2.086913556518537,-0.014778594096118702
2009-02-24,8.3,2.1162555148025524,0.029341958284015313
2009-02-25,8.05,2.0856720914304723,-0.030583423372080087
2009-02-26,7.44,2.0068708488450007,-0.07880124258547161
2009-02-27,7.02,1.9487632180377197,-0.058107630807280986
2009-03-02,6.64,1.8931119634883424,-0.05565125454937725
2009-03-03,6.78,1.9139771019523042,0.020865138463961763
2009-03-04,7.05,1.9530276168241774,0.039050514871873165
2009-03-05,6.46,1.8656293177945105,-0.08739829902966689
2009-03-06,6.33,1.8453002361560848,-0.020329081638425617
2009-03-09,6.14,1.814824742159051,-0.030475493997033754
2009-03-10,6.7,1.9021075263969205,0.08728278423786939
2009-03-11,6.79,1.9154509415706047,0.013343415173684203
2009-03-12,7.19,1.9726911717329554,0.05724023016235069
2009-03-13,7.42,2.004179057179289,0.03148788544633363
2009-03-16,7.6,2.028148247292285,0.02396919011299614
2009-03-17,7.63,2.0320878452963655,0.003939598004080391
2009-03-18,8.19,2.102913897864978,0.07082605256861241
2009-03-19,7.77,2.050270164379556,-0.05264373348542195
2009-03-20,7.56,2.0228711901914416,-0.027398974188114433
2009-03-23,8.05,2.0856720914304723,0.0628009012390307
2009-03-24,8.19,2.102913897864978,0.01724180643450568
2009-03-25,8.06,2.086913556518537,-0.016000341346440905
2009-03-26,8.57,2.1482677326096886,0.06135417609115157
2009-03-27,8.2,2.1041341542702074,-0.04413357833948117
2009-03-30,7.96,2.0744289998562917,-0.029705154413915746
2009-03-31,7.95,2.0731719286662407,-0.001257071190051029
2009-04-01,8.23,2.1077860146889784,0.034614086022737744
2009-04-02,8.5,2.1400661634962708,0.03228014880729235
2009-04-03,8.39,2.127040520479115,-0.013025643017155808
2009-04-06,8.46,2.135349173618132,0.008308653139017075
2009-04-07,8.35,2.122261538862764,-0.013087634755367894
2009-04-08,8.66,2.1587147225743437,0.03645318371157957
2009-04-09,9.0,2.1972245773362196,0.03850985476187585
2009-04-13,8.98,2.194999882314108,-0.0022246950221114226
2009-04-14,8.92,2.188295946591918,-0.006703935722190302
2009-04-15,9.08,2.206074192613202,0.017778246021284083
2009-04-16,9.05,2.2027647577118348,-0.0033094349013671476
2009-04-17,9.02,2.199444334074532,-0.003320423637302561
2009-04-20,8.69,2.162172939277301,-0.037271394797231405
2009-04-21,8.45,2.134166441369082,-0.02800649790821863
2009-04-22,8.66,2.1587147225743437,0.024548281205261535
2009-04-23,8.3,2.1162555148025524,-0.04245920777179135
2009-04-24,8.39,2.127040520479115,0.010785005676562598
2009-04-27,8.23,2.1077860146889784,-0.019254505790136545
2009-04-28,8.05,2.0856720914304723,-0.02211392325850614
2009-04-29,8.32,2.1186622548331173,0.032990163402645045
2009-04-30,8.41,2.1294214739848565,0.010759219151739163
2009-05-01,8.32,2.1186622548331173,-0.010759219151739163
2009-05-04,8.67,2.1598687907924505,0.04120653595933321
2009-05-05,8.62,2.1540850846756014,-0.0057837061168490855
2009-05-06,8.5,2.1400661634962708,-0.014018921179330679
2009-05-07,8.79,2.1736147116970854,0.033548548200814654
2009-05-08,9.31,2.231089091288976,0.05747437959189039
2009-05-11,9.07,2.2049722641270453,-0.026116827161930534
2009-05-12,9.01,2.1983350716202463,-0.00663719250679895
2009-05-13,8.67,2.1598687907924505,-0.038466280827795796
2009-05-14,8.82,2.1770218700187,0.017153079226249535
2009-05-15,8.76,2.1701959049483,-0.00682596507040012
2009-05-18,8.83,2.178155014615869,0.007959109667568853
2009-05-19,8.93,2.189416394888408,0.011261380272538979
2009-05-20,8.87,2.182674796321488,-0.006741598566919915
2009-05-21,8.8,2.174751721484161,-0.007923074837326904
2009-05-22,8.8,2.174751721484161,0.0
2009-05-26,9.01,2.1983350716202463,0.023583350136085368
2009-05-27,8.98,2.194999882314108,-0.0033351893061381865
2009-05-28,9.1,2.2082744135228043,0.01327453120869615
2009-05-29,9.4,2.2407096892759584,0.03243527575315408
2009-06-01,9.55,2.256541154492639,0.015831465216680662
2009-06-02,10.03,2.305580601973844,0.049039447481205034
2009-06-03,9.71,2.2731562823032334,-0.03242431967061066
2009-06-04,9.4,2.2407096892759584,-0.03244659302727504
2009-06-05,9.54,2.255493485460195,0.014783796184236753
2009-06-08,9.41,2.2417729535972883,-0.013720531862906782
2009-06-09,9.4,2.2407096892759584,-0.0010632643213299708
2009-06-10,9.41,2.2417729535972883,0.0010632643213299708
2009-06-11,9.35,2.2353763433005955,-0.006396610296692806
2009-06-12,9.37,2.2375130962503307,0.0021367529497351434
2009-06-15,9.0,2.1972245773362196,-0.040288518914111116
2009-06-16,9.01,2.1983350716202463,0.001110494284026764
2009-06-17,9.22,2.2213750375685026,0.023039965948256302
2009-06-18,9.39,2.2396452932201716,0.018270255651668954
2009-06-19,9.42,2.2428350885882717,0.0031897953681001567
2009-06-22,9.24,2.2235418856535927,-0.019293202934679066
2009-06-23,9.51,2.252343876557299,0.028801990903706276
2009-06-24,9.51,2.252343876557299,0.0
2009-06-25,10.0,2.302585092994046,0.05024121643674695
2009-06-26,10.35,2.336986519711378,0.03440142671733204
2009-06-29,10.42,2.343727036325221,0.006740516613843006
2009-06-30,10.14,2.316487998163037,-0.02723903816218387
2009-07-01,10.11,2.3135250330323798,-0.0029629651306573024
2009-07-02,9.86,2.288486168614544,-0.02503886441783587
2009-07-06,9.8,2.2823823856765264,-0.006103782938017499
2009-07-07,9.95,2.2975725511705014,0.015190165493975005
2009-07-08,9.87,2.28949985344539,-0.008072697725111322
2009-07-09,9.66,2.2679936482244267,-0.02150620522096336
2009-07-10,9.63,2.2648832258100344,-0.0031104224143923
2009-07-13,9.92,2.2945529212967815,0.029669695486747028
2009-07-14,10.13,2.315501318260592,0.020948396963810456
2009-07-15,10.18,2.3204250111223765,0.004923692861784623
2009-07-16,10.24,2.3263016196113617,0.005876608488985191
2009-07-17,10.04,2.306577114263583,-0.01972450534777881
2009-07-20,10.3,2.33214389523559,0.02556678097200704
2009-07-21,10.32,2.334083760053417,0.0019398648178268196
2009-07-22,10.16,2.318458442150336,-0.01562531790308075
2009-07-23,10.43,2.344686269012681,0.026227826862344816
2009-07-24,10.57,2.3580197998821464,0.013333530869465537
2009-07-27,10.49,2.3504224224082058,-0.007597377473940625
2009-07-28,10.7,2.3702437414678603,0.019821319059654563
2009-07-29,10.94,2.392425796993835,0.022182055525974853
2009-07-30,10.69,2.3693087250369538,-0.023117071956881396
2009-07-31,10.74,2.3739750890807185,0.004666364043764748
2009-08-03,11.02,2.3997118037247684,0.02573671464404992
2009-08-04,11.0,2.3978952727983707,-0.0018165309263977747
2009-08-05,11.18,2.414126467726953,0.016231194928582493
2009-08-06,11.17,2.413231613081109,-0.0008948546458440454
2009-08-07,11.32,2.4265710727750367,0.01333945969392758
2009-08-10,11.22,2.4176979000945504,-0.008873172680486263
2009-08-11,11.03,2.400618833265411,-0.0170790668291394
2009-08-12,11.2,2.4159137783010487,0.015294945035637664
2009-08-13,11.04,2.401525040848949,-0.014388737452099676
2009-08-14,11.14,2.410542234499138,0.009017193650188826
2009-08-17,10.91,2.3896797998449792,-0.0208624346541586
2009-08-18,11.17,2.413231613081109,0.02355181323612987
2009-08-19,11.24,2.419478844465545,0.006247231384435725
2009-08-20,11.32,2.4265710727750367,0.007092228309491855
2009-08-21,11.37,2.4309783077624445,0.004407234987407804
2009-08-24,11.46,2.4388627112865935,0.007884403524148986
2009-08-25,11.57,2.448415541205585,0.009552829918991534
2009-08-26,11.43,2.4362414778067194,-0.01217406339886562
2009-08-27,11.49,2.4414770918606643,0.005235614053944904
2009-08-28,11.44,2.437115985951652,-0.004361105909012508
2009-08-31,11.75,2.463853240590168,0.026737254638516283
2009-09-01,11.25,2.4203681286504293,-0.04348511193973881
2009-09-02,11.13,2.4096441652874536,-0.010723963362975653
2009-09-03,11.3,2.424802725718295,0.015158560430841295
2009-09-04,11.36,2.4300984132930052,0.005295687574710328
2009-09-08,11.23,2.418588768750352,-0.011509644542653241
2009-09-09,11.46,2.4388627112865935,0.020273942536241485
2009-09-10,11.64,2.454447442303292,0.015584731016698328
2009-09-11,11.34,2.428336298299606,-0.026111144003685638
2009-09-14,11.35,2.4292177439274116,0.000881445627805455
2009-09-15,11.16,2.412335956953165,-0.016881786974246804
2009-09-16,11.03,2.400618833265411,-0.011717123687753794
2009-09-17,11.01,2.3988039507345884,-0.0018148825308226257
2009-09-18,10.97,2.395164274287139,-0.003639676447449336
2009-09-21,11.04,2.401525040848949,0.00636076656180995
2009-09-22,10.99,2.39698576841553,-0.004539272433419228
2009-09-23,10.82,2.3813962734183356,-0.015589494997194198
2009-09-24,10.63,2.363680192353857,-0.01771608106447875
2009-09-25,10.35,2.336986519711378,-0.026693672642478905
2009-09-28,10.81,2.3804716316511167,0.04348511193973881
2009-09-29,10.68,2.3683728335320486,-0.01209879811906811
2009-09-30,10.59,2.359910159613315,-0.008462673918733454
2009-10-01,10.25,2.327277705584417,-0.03263245402889803
2009-10-02,10.01,2.303584593327129,-0.023693112257288096
2009-10-05,10.12,2.3145136638593193,0.010929070532190277
2009-10-06,9.95,2.2975725511705014,-0.016941112688817928
2009-10-07,10.15,2.3174737054877963,0.01990115431729489
2009-10-08,10.25,2.327277705584417,0.009804000096620857
2009-10-09,10.29,2.331172549845958,0.003894844261540964
2009-10-12,10.0,2.302585092994046,-0.02858745685191222
2009-10-13,9.94,2.2965670206684825,-0.006018072325563395
2009-10-14,10.06,2.3085671646715933,0.01200014400311078
2009-10-15,10.1,2.312535423847214,0.003968259175620492
2009-10-16,10.02,2.3045830956567186,-0.007952328190495184
2009-10-19,10.16,2.318458442150336,0.013875346493617435
2009-10-20,8.57,2.1482677326096886,-0.1701907095406474
2009-10-21,8.21,2.105352923464337,-0.04291480914535173
2009-10-22,8.38,2.125847914493992,0.02049499102965502
2009-10-23,8.75,2.169053700369523,0.043205785875531255
2009-10-26,8.47,2.136530508663963,-0.03252319170556017
2009-10-27,8.37,2.124653884501384,-0.011876624162578953
2009-10-28,8.12,2.0943301541735866,-0.03032373032779745
2009-10-29,8.33,2.1198634561787513,0.025533302005164682
2009-10-30,8.12,2.0943301541735866,-0.025533302005164682
2009-11-02,8.21,2.105352923464337,0.0110227692907503
2009-11-03,7.99,2.0781907597781832,-0.02716216368615365
2009-11-04,8.05,2.0856720914304723,0.007481331652289036
2009-11-05,8.05,2.0856720914304723,0.0
2009-11-06,8.08,2.089391872533004,0.003719781102531794
2009-11-09,8.31,2.1174596088673567,0.028067736334352666
2009-11-10,8.27,2.1126345090356,-0.0048250998317569405
2009-11-11,8.38,2.125847914493992,0.013213405458392113
2009-11-12,8.19,2.102913897864978,-0.022934016629013954
2009-11-13,8.26,2.1114245875328868,0.0085106896679088
2009-11-16,8.38,2.125847914493992,0.014423326961105154
2009-11-17,8.27,2.1126345090356,-0.013213405458392113
2009-11-18,8.39,2.127040520479115,0.014406011443515165
2009-11-19,8.21,2.105352923464337,-0.02168759701477807
2009-11-20,8.09,2.0906287310704004,-0.01472419239393652
2009-11-23,8.16,2.0992441689760155,0.008615437905615142
2009-11-24,8.56,2.1471001901536506,0.0478560211776351
2009-11-25,8.64,2.1564025828159643,0.009302392662313697
2009-11-27,8.5,2.1400661634962708,-0.01633641931969354
2009-11-30,8.37,2.124653884501384,-0.01541227899488673
2009-12-01,8.44,2.1329823086078656,0.008328424106481602
2009-12-02,8.59,2.150598735996164,0.017616427388298384
2009-12-03,8.47,2.136530508663963,-0.014068227332201033
2009-12-04,8.52,2.1424163408412245,0.005885832177261463
2009-12-07,8.5,2.1400661634962708,-0.0023501773449536856
2009-12-08,8.48,2.1377104498038118,-0.002355713692459016
2009-12-09,8.48,2.1377104498038118,0.0
2009-12-10,8.72,2.1656192379208883,0.027908788117076533
2009-12-11,8.67,2.1598687907924505,-0.005750447128437752
2009-12-14,8.93,2.189416394888408,0.029547604095957247
2009-12-15,8.86,2.1815467646169897,-0.007869630271418071
2009-12-16,8.78,2.172476407647025,-0.00907035696996461
2009-12-17,8.7,2.163323025660538,-0.009153381986487297
2009-12-18,8.9,2.186051276738094,0.022728251077556383
2009-12-21,8.83,2.178155014615869,-0.007896262122225384
2009-12-22,8.8,2.174751721484161,-0.0034032931317078408
2009-12-23,8.82,2.1770218700187,0.002270148534539107
2009-12-24,8.85,2.180417459019838,0.0033955890011378997
2009-12-28,8.83,2.178155014615869,-0.002262444403969166
2009-12-29,8.82,2.1770218700187,-0.0011331445971687337
2009-12-30,9.05,2.2027647577118348,0.02574288769313471
2009-12-31,9.0,2.1972245773362196,-0.005540180375615211
2010-01-04,9.01,2.1983350716202463,0.001110494284026764
2010-01-05,9.04,2.201659174404085,0.003324102783838878
2010-01-06,9.16,2.214846178686039,0.01318700428195374
2010-01-07,9.09,2.2071749081893874,-0.0076712704966515055
2010-01-08,9.0,2.1972245773362196,-0.009950330853167877
2010-01-11,9.07,2.2049722641270453,0.007747686790825714
2010-01-12,9.14,2.2126603854660587,0.007688121339013421
2010-01-13,9.15,2.21375387928743,0.0010934938213713608
2010-01-14,9.51,2.252343876557299,0.03858999726986889
2010-01-15,9.43,2.2438960966453663,-0.008447779911932685
2010-01-19,9.62,2.263844264677615,0.01994816803224886
2010-01-20,9.48,2.2491843162669305,-0.014659948410684631
2010-01-21,9.2,2.2192034840549946,-0.029980832211935926
2010-01-22,9.0,2.1972245773362196,-0.021978906718775004
2010-01-25,9.01,2.1983350716202463,0.001110494284026764
2010-01-26,9.03,2.200552367428894,0.0022172958086477124
2010-01-27,8.93,2.189416394888408,-0.01113597254048626
2010-01-28,8.72,2.1656192379208883,-0.023797156967519495
2010-01-29,8.63,2.155244505095337,-0.010374732825551458
2010-02-01,8.42,2.130609828254235,-0.024634676841101655
2010-02-02,8.4,2.128231705849268,-0.0023781224049672645
2010-02-03,8.36,2.1234584270966104,-0.004773278752657539
2010-02-04,8.18,2.1016921506146558,-0.021766276481954616
2010-02-05,8.21,2.105352923464337,0.0036607728496811376
2010-02-08,8.15,2.0980179272527715,-0.007334996211565414
2010-02-09,8.23,2.1077860146889784,0.00976808743620694
2010-02-10,8.29,2.1150499691472033,0.007263954458224919
2010-02-11,7.47,2.010894999144726,-0.10415497000247731
2010-02-12,7.39,2.0001277349601105,-0.010767264184615488
2010-02-16,7.41,2.0028304393079956,0.00270270434788511
2010-02-17,7.75,2.0476928433652555,0.04486240405725983
2010-02-18,7.79,2.052840859882657,0.005148016517401377
2010-02-19,7.69,2.0399207835175526,-0.012920076365104283
2010-02-22,7.87,2.063058062429312,0.023137278911759207
2010-02-23,7.75,2.0476928433652555,-0.015365219064056301
2010-02-24,7.8,2.0541237336955462,0.006430890330290762
2010-02-25,7.73,2.0451088625993306,-0.009014871096215682
2010-02-26,7.74,2.046401687601636,0.001292825002305431
2010-03-01,7.77,2.050270164379556,0.0038684767779200158
2010-03-02,7.82,2.05668455455722,0.006414390177663876
2010-03-03,7.9,2.066862759472976,0.010178204915756162
2010-03-04,7.92,2.0693912058263346,0.002528446353358582
2010-03-05,7.89,2.065596134857783,-0.003795070968551695
2010-03-08,7.9,2.066862759472976,0.0012666246151931126
2010-03-09,7.74,2.046401687601636,-0.020461071871340053
2010-03-10,7.65,2.0347056478384444,-0.011696039763191557
2010-03-11,7.86,2.061786606441115,0.02708095860267079
2010-03-12,7.78,2.0515563381903004,-0.010230268250814856
2010-03-15,6.8,1.916922612182061,-0.1346337260082393
2010-03-16,7.09,1.958685340544036,0.04176272836197503
2010-03-17,6.95,1.9387416595767009,-0.01994368096733523
2010-03-18,7.07,1.9558604799084813,0.01711882033178047
2010-03-19,7.13,1.9643112344262046,0.008450754517723258
2010-03-22,6.95,1.9387416595767009,-0.02556957484950373
2010-03-23,7.02,1.9487632180377197,0.01002155846101882
2010-03-24,7.04,1.951608170169951,0.0028449521322313487
2010-03-25,6.96,1.9401794743463283,-0.011428695823622714
2010-03-26,7.01,1.9473377010464987,0.007158226700170411
2010-03-29,7.19,1.9726911717329554,0.02535347068645666
2010-03-30,7.25,1.9810014688665833,0.008310297133627964
2010-03-31,7.22,1.9768549529047348,-0.0041465159618485625
2010-04-01,7.23,1.9782390361706734,0.0013840832659386404
2010-04-05,7.21,1.9754689512968577,-0.0027700848738156925
2010-04-06,7.14,1.965712776351493,-0.009756174945364737
2010-04-07,7.15,1.9671123567059163,0.0013995803544233354
2010-04-08,6.98,1.9430489167742813,-0.024063439931635067
2010-04-09,6.97,1.9416152247724325,-0.0014336920018487298
2010-04-12,6.94,1.937301774518713,-0.004313450253719431
2010-04-13,6.9,1.9315214116032138,-0.005780362915499326
2010-04-14,7.16,1.9685099809725544,0.036988569369340585
2010-04-15,7.14,1.965712776351493,-0.0027972046210613666
2010-04-16,7.34,1.9933388426264242,0.02762606627493125
2010-04-19,7.35,1.9947003132247452,0.001361470598320924
2010-04-20,7.33,1.9919755158985601,-0.0027247973261850245
2010-04-21,7.23,1.9782390361706734,-0.013736479727886719
2010-04-22,7.21,1.9754689512968577,-0.0027700848738156925
2010-04-23,7.21,1.9754689512968577,0.0
2010-04-26,7.06,1.9544450515051506,-0.021023899791707157
2010-04-27,7.1,1.9600947840472698,0.005649732542119201
2010-04-28,6.99,1.944480556245719,-0.01561422780155075
2010-04-29,6.96,1.9401794743463283,-0.004301081899390713
2010-04-30,6.88,1.9286186519452522,-0.011560822401076143
2010-05-03,6.86,1.925707441737794,-0.0029112102074582147
2010-05-04,6.68,1.8991179875485542,-0.026589454189239747
2010-05-05,6.76,1.9110228900548727,0.011904902506318482
2010-05-06,6.59,1.8855533485144158,-0.025469541540456886
2010-05-07,6.38,1.8531680973566984,-0.0323852511577174
2010-05-10,6.6,1.8870696490323797,0.03390155167568132
2010-05-11,6.58,1.884034745337226,-0.003034903695153801
2010-05-12,6.81,1.918392120161421,0.034357374824194986
2010-05-13,6.85,1.9242486522741338,0.0058565321127128644
2010-05-14,6.83,1.9213246735826988,-0.002923978691435014
2010-05-17,6.81,1.918392120161421,-0.0029325534212778503
2010-05-18,6.69,1.900613874140137,-0.01777824602128386
2010-05-19,6.7,1.9021075263969205,0.0014936522567834398
2010-05-20,6.34,1.8468787684491346,-0.05522875794778592
2010-05-21,6.24,1.8309801823813363,-0.01589858606779826
2010-05-24,6.25,1.8325814637483102,0.0016012813669739057
2010-05-25,6.1,1.8082887711792655,-0.02429269256904476
2010-05-26,6.04,1.7984040119467235,-0.009884759232541951
2010-05-27,6.2,1.824549292051046,0.026145280104322488
2010-05-28,6.05,1.80005827204275,-0.02449102000829595
2010-06-01,5.97,1.7867469274045107,-0.013311344638239353
2010-06-02,6.11,1.809926773183504,0.023179845778993347
2010-06-03,6.03,1.7967470107390942,-0.013179762444409882
2010-06-04,5.74,1.747459210331475,-0.04928780040761915
2010-06-07,5.59,1.7209792871670078,-0.026479923164467234
2010-06-08,5.52,1.7083778602890038,-0.012601426878003918
2010-06-09,5.44,1.6937790608678513,-0.014598799421152497
2010-06-10,5.57,1.7173950539391927,0.023615993071341324
2010-06-11,5.77,1.7526720805200082,0.03527702658081555
2010-06-14,5.82,1.7613002617433464,0.008628181223338194
2010-06-15,6.11,1.809926773183504,0.048626511440157616
2010-06-16,6.1,1.8082887711792655,-0.0016380020042385812
2010-06-17,6.11,1.809926773183504,0.0016380020042385812
2010-06-18,6.33,1.8453002361560848,0.035373462972580816
2010-06-21,6.18,1.8213182714695995,-0.02398196468648539
2010-06-22,6.02,1.7950872593207297,-0.026231012148869803
2010-06-23,6.04,1.7984040119467235,0.0033167526259938462
2010-06-24,5.96,1.7850704810772584,-0.013333530869465093
2010-06-25,6.11,1.809926773183504,0.024856292106245625
2010-06-28,6.05,1.80005827204275,-0.009868501140753994
2010-06-29,5.77,1.7526720805200082,-0.047386191522741816
2010-06-30,5.8,1.7578579175523736,0.005185837032365415
2010-07-01,5.9,1.7749523509116738,0.017094433359300165
2010-07-02,6.14,1.814824742159051,0.03987239124737729
2010-07-06,6.03,1.7967470107390942,-0.018077731419956944
2010-07-07,6.28,1.8373699804801074,0.040622969741013204
2010-07-08,6.38,1.8531680973566984,0.01579811687659105
2010-07-09,6.46,1.8656293177945105,0.01246122043781206
2010-07-12,6.45,1.864080130807681,-0.0015491869868293762
2010-07-13,6.5,1.8718021769015913,0.007722046093910251
2010-07-14,6.52,1.8748743759385615,0.0030721990369702024
2010-07-15,6.59,1.8855533485144158,0.010678972575854262
2010-07-16,6.11,1.809926773183504,-0.07562657533091177
2010-07-19,6.11,1.809926773183504,0.0
2010-07-20,6.27,1.8357763546448294,0.02584958146132532
2010-07-21,5.97,1.7867469274045107,-0.04902942724031867
2010-07-22,5.93,1.780024213009634,-0.006722714394876705
2010-07-23,5.95,1.7833912195575383,0.0033670065479043387
2010-07-26,5.95,1.7833912195575383,0.0
2010-07-27,5.9,1.7749523509116738,-0.008438868645864517
2010-07-28,5.69,1.7387102481382397,-0.03624210277343409
2010-07-29,5.6,1.7227665977411035,-0.01594365039713619
2010-07-30,5.6,1.7227665977411035,0.0
2010-08-02,5.54,1.7119945007591924,-0.010772096981911172
2010-08-03,5.55,1.713797927758343,0.0018034269991507035
2010-08-04,5.75,1.749199854809259,0.03540192705091605
2010-08-05,5.69,1.7387102481382397,-0.010489606671019391
2010-08-06,5.8,1.7578579175523736,0.019147669414133928
2010-08-09,5.88,1.7715567619105355,0.013698844358161821
2010-08-10,5.84,1.7647307968401356,-0.0068259650703998975
2010-08-11,5.57,1.7173950539391927,-0.04733574290094289
2010-08-12,5.52,1.7083778602890038,-0.009017193650188826
2010-08-13,5.48,1.7011051009599243,-0.007272759329079559
2010-08-16,5.47,1.6992786164338898,-0.0018264845260345108
2010-08-17,5.8,1.7578579175523736,0.05857930111848386
2010-08-18,5.95,1.7833912195575383,0.025533302005164682
2010-08-19,5.84,1.7647307968401356,-0.018660422717402758
2010-08-20,5.69,1.7387102481382397,-0.02602054870189585
2010-08-23,5.63,1.728109442151599,-0.010600805986640705
2010-08-24,5.49,1.7029282555214393,-0.02518118663015967
2010-08-25,5.45,1.6956156086751528,-0.007312646846286519
2010-08-26,5.4,1.6863989535702288,-0.009216655104923976
2010-08-27,5.49,1.7029282555214393,0.016529301951210496
2010-08-30,5.4,1.6863989535702288,-0.016529301951210496
2010-08-31,5.19,1.6467336971777973,-0.03966525639243157
2010-09-01,5.13,1.6351056591826783,-0.011628037995119023
2010-09-02,5.31,1.6695918352538475,0.03448617607116922
2010-09-03,5.35,1.6770965609079151,0.007504725654067679
2010-09-07,5.21,1.6505798557652755,-0.026516705142639596
2010-09-08,5.15,1.6389967146756448,-0.011583141089630766
2010-09-09,5.3,1.667706820558076,0.02871010588243128
2010-09-10,5.33,1.673351238177753,0.005644417619677045
2010-09-13,5.24,1.6563214983329508,-0.017029739844802272
2010-09-14,5.33,1.673351238177753,0.017029739844802272
2010-09-15,5.39,1.6845453849209058,0.011194146743152666
2010-09-16,5.45,1.6956156086751528,0.011070223754247044
2010-09-17,5.42,1.6900958154515549,-0.0055197932235979685
2010-09-20,5.54,1.7119945007591924,0.0218986853076375
2010-09-21,5.59,1.7209792871670078,0.008984786407815415
2010-09-22,5.62,1.7263316639055997,0.005352376738591902
2010-09-23,5.53,1.7101878155342434,-0.016143848371356295
2010-09-24,5.75,1.749199854809259,0.03901203927501573
2010-09-27,5.73,1.7457155307266483,-0.00348432408261079
2010-09-28,6.18,1.8213182714695995,0.07560274074295115
2010-09-29,6.11,1.809926773183504,-0.011391498286095425
2010-09-30,6.13,1.81319474994812,0.0032679767646159874
2010-10-01,6.07,1.803358605071407,-0.009836144876713027
2010-10-04,6.08,1.8050046959780757,0.0016460909066686735
2010-10-05,6.24,1.8309801823813363,0.02597548640326064
2010-10-06,6.14,1.814824742159051,-0.01615544022228521
2010-10-07,6.16,1.8180767775454285,0.0032520353863774165
2010-10-08,6.13,1.81319474994812,-0.0048820275973084915
2010-10-11,6.13,1.81319474994812,0.0
2010-10-12,6.13,1.81319474994812,0.0
2010-10-13,6.21,1.8261608959453874,0.01296614599726742
2010-10-14,6.16,1.8180767775454285,-0.008084118399958928
2010-10-15,6.15,1.8164520818184267,-0.001624695727001857
2010-10-18,6.2,1.824549292051046,0.008097210232619334
2010-10-19,5.97,1.7867469274045107,-0.0378023646465353
2010-10-20,6.3,1.840549633397487,0.05380270599297621
2010-10-21,6.34,1.8468787684491346,0.006329135051647672
2010-10-22,6.3,1.840549633397487,-0.006329135051647672
2010-10-25,6.31,1.8421356765531218,0.0015860431556349308
2010-10-26,6.29,1.8389610707123492,-0.0031746058407726707
2010-10-27,6.31,1.8421356765531218,0.0031746058407726707
2010-10-28,6.38,1.8531680973566984,0.011032420803576581
2010-10-29,6.39,1.8547342683894434,0.001566171032745034
2010-11-01,6.32,1.843719208158766,-0.011015060230677332
2010-11-02,6.44,1.8625285401162623,0.018809331957496234
2010-11-03,6.46,1.8656293177945105,0.0031007776782481233
2010-11-04,6.49,1.8702625307159986,0.004633212921488106
2010-11-05,6.92,1.9344157696295783,0.06415323891357971
2010-11-08,6.79,1.9154509415706047,-0.018964828058973593
2010-11-09,6.69,1.900613874140137,-0.014837067430467643
2010-11-10,6.84,1.922787731634459,0.02217385749432199
2010-11-11,6.85,1.9242486522741338,0.0014609206396747343
2010-11-12,6.74,1.9080599249242156,-0.016188727349918164
2010-11-15,6.69,1.900613874140137,-0.007446050784078562
2010-11-16,6.52,1.8748743759385615,-0.025739498201575506
2010-11-17,6.56,1.8809906029559975,0.006116227017435971
2010-11-18,6.56,1.8809906029559975,0.0
2010-11-19,6.77,1.9125010869241836,0.03151048396818612
2010-11-22,6.66,1.8961194845522977,-0.016381602371885906
2010-11-23,6.57,1.8825138324965192,-0.013605652055778572
2010-11-24,6.73,1.9065751436566365,0.024061311160117338
2010-11-26,6.58,1.884034745337226,-0.02254039831941057
2010-11-29,6.5,1.8718021769015913,-0.012232568435634583
2010-11-30,6.42,1.8594181177018698,-0.01238405919972152
2010-12-01,6.52,1.8748743759385615,0.015456258236691722
2010-12-02,6.67,1.8976198599275322,0.022745483988970694
2010-12-03,6.83,1.9213246735826988,0.023704813655166523
2010-12-06,6.68,1.8991179875485542,-0.02220668603414455
2010-12-07,6.62,1.890095369948917,-0.009022617599637295
2010-12-08,6.67,1.8976198599275322,0.007524489978615323
2010-12-09,6.87,1.927164106234258,0.029544246306725697
2010-12-10,7.11,1.9615022438151495,0.03433813758089155
2010-12-13,7.09,1.958685340544036,-0.0028169032711133912
2010-12-14,7.04,1.951608170169951,-0.007077170374085062
2010-12-15,6.97,1.9416152247724325,-0.009992945397518493
2010-12-16,7.22,1.9768549529047348,0.03523972813230225
2010-12-17,7.65,2.0347056478384444,0.057850694933709645
2010-12-20,7.82,2.05668455455722,0.02197890671877545
2010-12-21,7.85,2.060513531794317,0.0038289772370969644
2010-12-22,7.71,2.0425181875752383,-0.017995344219078557
2010-12-23,7.7,2.0412203288596382,-0.0012978587156000643
2010-12-27,7.7,2.0412203288596382,0.0
2010-12-28,7.82,2.05668455455722,0.015464225697581657
2010-12-29,7.76,2.048982334195127,-0.007702220362092671
2010-12-30,7.72,2.0438143640366846,-0.005167970158442614
2010-12-31,7.57,2.0241930674493576,-0.01962129658732703
2011-01-03,7.6,2.028148247292285,0.003955179842927592
2011-01-04,7.48,2.012232791986386,-0.01591545530589933
2011-01-05,7.53,2.018895041811802,0.0066622498254163
2011-01-06,7.41,2.0028304393079956,-0.01606460250380648
2011-01-07,7.28,1.9851308622085946,-0.017699577099401065
2011-01-10,7.39,2.0001277349601105,0.014996872751515955
2011-01-11,7.47,2.010894999144726,0.010767264184615488
2011-01-12,7.44,2.0068708488450007,-0.00402415029972536
2011-01-13,7.47,2.010894999144726,0.00402415029972536
2011-01-14,7.53,2.018895041811802,0.008000042667076102
2011-01-18,7.33,1.9919755158985601,-0.026919525913241982
2011-01-19,7.15,1.9671123567059163,-0.024863159192643813
2011-01-20,7.27,1.9837562915454279,0.016643934839511543
2011-01-21,7.16,1.9685099809725544,-0.015246310572873512
2011-01-24,7.14,1.965712776351493,-0.0027972046210613666
2011-01-25,7.03,1.9501867058225735,-0.015526070528919522
2011-01-26,7.15,1.9671123567059163,0.016925650883342858
2011-01-27,7.16,1.9685099809725544,0.0013976242666380312
2011-01-28,6.99,1.944480556245719,-0.024029424726835336
2011-01-31,6.98,1.9430489167742813,-0.0014316394714377623
2011-02-01,7.13,1.9643112344262046,0.021262317651923324
2011-02-02,6.85,1.9242486522741338,-0.040062582152070814
2011-02-03,6.97,1.9416152247724325,0.01736657249829876
2011-02-04,6.99,1.944480556245719,0.002865331473286492
2011-02-07,6.95,1.9387416595767009,-0.0057388966690181675
2011-02-08,6.95,1.9387416595767009,0.0
2011-02-09,6.88,1.9286186519452522,-0.010123007631448688
2011-02-10,6.91,1.9329696377795786,0.004350985834326471
2011-02-11,6.88,1.9286186519452522,-0.004350985834326471
2011-02-14,6.97,1.9416152247724325,0.012996572827180364
2011-02-15,6.97,1.9416152247724325,0.0
2011-02-16,7.1,1.9600947840472698,0.018479559274837243
2011-02-17,7.4,2.0014800002101243,0.04138521616285451
2011-02-18,7.54,2.020222182019865,0.018742181809740632
2011-02-22,7.28,1.9851308622085946,-0.03509131981127034
2011-02-23,7.04,1.951608170169951,-0.03352269203864355
2011-02-24,7.02,1.9487632180377197,-0.0028449521322313487
2011-02-25,7.18,1.9712993830601329,0.02253616502241318
2011-02-28,7.16,1.9685099809725544,-0.0027894020875784964
2011-03-01,7.52,2.017566137961748,0.049056156989193855
2011-03-02,7.37,1.9974177062012453,-0.02014843176050296
2011-03-03,7.56,2.0228711901914416,0.025453483990196313
2011-03-04,7.53,2.018895041811802,-0.003976148379639444
2011-03-07,7.47,2.010894999144726,-0.008000042667076102
2011-03-08,7.63,2.0320878452963655,0.02119284615163952
2011-03-09,7.78,2.0515563381903004,0.01946849289393482
2011-03-10,7.44,2.0068708488450007,-0.0446854893452997
2011-03-11,7.51,2.0162354657760435,0.009364616931042846
2011-03-14,7.3,1.9878743481543455,-0.028361117621698018
2011-03-15,7.08,1.9572739077056285,-0.030600440448717015
2011-03-16,6.93,1.9358598132018119,-0.021414094503816594
2011-03-17,7.12,1.9629077254238845,0.02704791222207259
2011-03-18,7.2,1.9740810260220096,0.011173300598125158
2011-03-21,7.33,1.9919755158985601,0.017894489876550512
2011-03-22,6.98,1.9430489167742813,-0.04892659912427888
2011-03-23,7.0,1.9459101490553132,0.002861232281031967
2011-03-24,7.1,1.9600947840472698,0.014184634991956546
2011-03-25,7.21,1.9754689512968577,0.015374167249587956
2011-03-28,7.28,1.9851308622085946,0.009661910911736848
2011-03-29,7.31,1.9892432737616872,0.00411241155309261
2011-03-30,7.41,2.0028304393079956,0.013587165546308455
2011-03-31,7.19,1.9726911717329554,-0.030139267575040263
2011-04-01,7.3,1.9878743481543455,0.01518317642139011
2011-04-04,7.23,1.9782390361706734,-0.009635311983672068
2011-04-05,7.06,1.9544450515051506,-0.02379398466552285
2011-04-06,7.23,1.9782390361706734,0.02379398466552285
2011-04-07,7.42,2.004179057179289,0.025940021008615588
2011-04-08,7.35,1.9947003132247452,-0.009478743954543845
2011-04-11,7.22,1.9768549529047348,-0.017845360320010384
2011-04-12,7.1,1.9600947840472698,-0.016760168857465008
2011-04-13,6.98,1.9430489167742813,-0.017045867272988513
2011-04-14,7.13,1.9643112344262046,0.021262317651923324
2011-04-15,7.08,1.9572739077056285,-0.007037326720576109
2011-04-18,6.98,1.9430489167742813,-0.014224990931347214
2011-04-19,7.03,1.9501867058225735,0.007137789048292209
2011-04-20,7.08,1.9572739077056285,0.007087201883055005
2011-04-21,7.16,1.9685099809725544,0.011236073266925883
2011-04-25,7.31,1.9892432737616872,0.02073329278913283
2011-04-26,7.27,1.9837562915454279,-0.005486982216259317
2011-04-27,7.3,1.9878743481543455,0.00411805660891762
2011-04-28,7.43,2.005525858729668,0.017651510575322327
2011-04-29,7.49,2.0135687975291283,0.008042938799460497
2011-05-02,7.72,2.0438143640366846,0.030245566507556276
2011-05-03,7.79,2.052840859882657,0.00902649584597226
2011-05-04,7.74,2.046401687601636,-0.006439172281020866
2011-05-05,7.56,2.0228711901914416,-0.023530497410194418
2011-05-06,7.72,2.0438143640366846,0.020943173845243024
2011-05-09,7.71,2.0425181875752383,-0.0012961764614463078
2011-05-10,7.02,1.9487632180377197,-0.0937549695375186
2011-05-11,7.02,1.9487632180377197,0.0
2011-05-12,6.91,1.9329696377795786,-0.015793580258141038
2011-05-13,6.84,1.922787731634459,-0.010181906145119601
2011-05-16,6.85,1.9242486522741338,0.0014609206396747343
2011-05-17,6.83,1.9213246735826988,-0.002923978691435014
2011-05-18,6.81,1.918392120161421,-0.0029325534212778503
2011-05-19,6.9,1.9315214116032138,0.013129291441792867
2011-05-20,6.8,1.916922612182061,-0.01459879942115272
2011-05-23,6.57,1.8825138324965192,-0.0344087796855419
2011-05-24,6.67,1.8976198599275322,0.01510602743101308
2011-05-25,6.91,1.9329696377795786,0.035349777852046405
2011-05-26,6.95,1.9387416595767009,0.005772021797122218
2011-05-27,7.04,1.951608170169951,0.012866510593250169
2011-05-31,7.18,1.9712993830601329,0.01969121289018183
2011-06-01,7.03,1.9501867058225735,-0.021112677237559385
2011-06-02,6.96,1.9401794743463283,-0.01000723147624516
2011-06-03,6.87,1.927164106234258,-0.01301536811207038
2011-06-06,6.85,1.9242486522741338,-0.002915453960124159
2011-06-07,6.82,1.9198594718553708,-0.004389180418763017
2011-06-08,6.71,1.9035989509835904,-0.016260520871780315
2011-06-09,6.88,1.9286186519452522,0.02501970096166173
2011-06-10,6.76,1.9110228900548727,-0.01759576189037948
2011-06-13,6.67,1.8976198599275322,-0.013403030127340454
2011-06-14,6.74,1.9080599249242156,0.010440064996683374
2011-06-15,6.93,1.9358598132018119,0.027799888277596274
2011-06-16,6.83,1.9213246735826988,-0.014535139619113124
2011-06-17,6.79,1.9154509415706047,-0.005873732012094068
2011-06-20,6.74,1.9080599249242156,-0.007391016646389081
2011-06-21,6.92,1.9344157696295783,0.026355844705362674
2011-06-22,7.06,1.9544450515051506,0.02002928187557229
2011-06-23,7.09,1.958685340544036,0.004240289038885514
2011-06-24,6.89,1.9300710850255671,-0.028614255518468967
2011-06-27,6.87,1.927164106234258,-0.0029069787913091893
2011-06-28,6.98,1.9430489167742813,0.01588481054002333
2011-06-29,6.93,1.9358598132018119,-0.00718910357246938
2011-06-30,6.91,1.9329696377795786,-0.002890175422233243
2011-07-01,7.23,1.9782390361706734,0.045269398391094784
2011-07-05,7.14,1.965712776351493,-0.01252625981918043
2011-07-06,7.16,1.9685099809725544,0.0027972046210613666
2011-07-07,7.24,1.979621206397625,0.011111225425070703
2011-07-08,7.17,1.969905654611529,-0.009715551786096066
2011-07-11,7.27,1.9837562915454279,0.013850636933898874
2011-07-12,7.28,1.9851308622085946,0.0013745706631667076
2011-07-13,7.18,1.9712993830601329,-0.013831479148461723
2011-07-14,7.09,1.958685340544036,-0.012614042516096768
2011-07-15,7.01,1.9473377010464987,-0.011347639497537365
2011-07-18,6.92,1.9344157696295783,-0.01292193141692044
2011-07-19,7.14,1.965712776351493,0.03129700672191471
2011-07-20,7.0,1.9459101490553132,-0.019802627296179764
2011-07-21,7.08,1.9572739077056285,0.011363758650315248
2011-07-22,7.21,1.9754689512968577,0.018195043591229254
2011-07-25,7.12,1.9629077254238845,-0.012561225872973258
2011-07-26,6.9,1.9315214116032138,-0.0313863138206707
2011-07-27,6.71,1.9035989509835904,-0.027922460619623335
2011-07-28,7.28,1.9851308622085946,0.08153191122500414
2011-07-29,7.16,1.9685099809725544,-0.01662088123604022
2011-08-01,6.92,1.9344157696295783,-0.03409421134297608
2011-08-02,6.64,1.8931119634883424,-0.041303806141235855
2011-08-03,6.77,1.9125010869241836,0.019389123435841205
2011-08-04,6.39,1.8547342683894434,-0.057766818534740194
2011-08-05,6.49,1.8702625307159986,0.015528262326555131
2011-08-08,6.0,1.791759469228055,-0.07850306148794362
2011-08-09,6.34,1.8468787684491346,0.05511929922107961
2011-08-10,5.91,1.776645831418007,-0.07023293703112765
2011-08-11,6.35,1.8484548129046001,0.0718089814865932
2011-08-12,6.41,1.8578592709325787,0.009404458027978624
2011-08-15,6.53,1.8764069432883397,0.018547672355760936
2011-08-16,6.41,1.8578592709325787,-0.018547672355760936
2011-08-17,6.48,1.8687205103641833,0.010861239431604552
2011-08-18,6.06,1.801709800081223,-0.06701071028296024
2011-08-19,6.12,1.8115620965242347,0.009852296443011666
2011-08-22,6.09,1.8066480817218056,-0.004914014802429145
2011-08-23,6.34,1.8468787684491346,0.04023068672732899
2011-08-24,6.32,1.843719208158766,-0.003159560290368457
2011-08-25,6.35,1.8484548129046001,0.00473560474583401
2011-08-26,6.37,1.851599469584072,0.0031446566794719466
2011-08-29,6.64,1.8931119634883424,0.041512493904270364
2011-08-30,6.64,1.8931119634883424,0.0
2011-08-31,6.78,1.9139771019523042,0.020865138463961763
2011-09-01,6.72,1.9050881545350582,-0.008888947417245996
2011-09-02,6.42,1.8594181177018698,-0.04567003683318838
2011-09-06,6.31,1.8421356765531218,-0.017282441148747996
2011-09-07,6.49,1.8702625307159986,0.028126854162876747
2011-09-08,6.49,1.8702625307159986,0.0
2011-09-09,6.2,1.824549292051046,-0.04571323866495258
2011-09-12,6.22,1.827769906751088,0.0032206147000419794
2011-09-13,6.26,1.8341801851120072,0.00641027836091923
2011-09-14,6.46,1.8656293177945105,0.03144913268250327
2011-09-15,6.57,1.8825138324965192,0.01688451470200869
2011-09-16,6.53,1.8764069432883397,-0.006106889208179478
2011-09-19,6.31,1.8421356765531218,-0.034271266735217853
2011-09-20,6.23,1.8293763327993617,-0.012759343753760088
2011-09-21,5.93,1.780024213009634,-0.049352119789727755
2011-09-22,5.62,1.7263316639055997,-0.053692549104034315
2011-09-23,5.76,1.7509374747078,0.024605810802200256
2011-09-26,5.93,1.780024213009634,0.02908673830183406
2011-09-27,6.09,1.8066480817218056,0.026623868712171594
2011-09-28,6.09,1.8066480817218056,0.0
2011-09-29,6.1,1.8082887711792655,0.0016406894574598763
2011-09-30,5.91,1.776645831418007,-0.03164293976125854
2011-10-03,5.53,1.7101878155342434,-0.06645801588376354
2011-10-04,5.63,1.728109442151599,0.017921626617355635
2011-10-05,5.69,1.7387102481382397,0.010600805986640705
2011-10-06,5.64,1.7298840655099674,-0.008826182628272283
2011-10-07,5.62,1.7263316639055997,-0.003552401604367761
2011-10-10,5.7,1.7404661748405046,0.01413451093490492
2011-10-11,5.63,1.728109442151599,-0.01235673268890558
2011-10-12,5.65,1.7316555451583497,0.0035461030067507338
2011-10-13,5.62,1.7263316639055997,-0.005323881252750073
2011-10-14,5.69,1.7387102481382397,0.012378584232640044
2011-10-17,5.55,1.713797927758343,-0.024912320379896657
2011-10-18,5.66,1.7334238922150915,0.019625964456748468
2011-10-19,5.64,1.7298840655099674,-0.003539826705124094
2011-10-20,5.39,1.6845453849209058,-0.04533868058906165
2011-10-21,5.39,1.6845453849209058,0.0
2011-10-24,5.51,1.706564623164823,0.022019238243917272
2011-10-25,5.42,1.6900958154515549,-0.016468807713268196
2011-10-26,5.46,1.6974487897568136,0.007352974305258719
2011-10-27,5.64,1.7298840655099674,0.03243527575315386
2011-10-28,5.81,1.7595805708638197,0.029696505353852265
2011-10-31,5.89,1.7732559976634952,0.013675426799675483
2011-11-01,5.58,1.7191887763932197,-0.05406722127027552
2011-11-02,5.69,1.7387102481382397,0.019521471745020058
2011-11-03,5.87,1.7698546338400052,0.031144385701765476
2011-11-04,5.77,1.7526720805200082,-0.017182553319996963
2011-11-07,5.79,1.7561322915849038,0.0034602110648955797
2011-11-08,5.84,1.7647307968401356,0.008598505255231759
2011-11-09,5.76,1.7509374747078,-0.01379332213233564
2011-11-10,5.86,1.7681496035889213,0.017212128881121336
2011-11-11,5.9,1.7749523509116738,0.006802747322752545
2011-11-14,5.84,1.7647307968401356,-0.010221554071538241
2011-11-15,5.82,1.7613002617433464,-0.0034305350967891446
2011-11-16,5.58,1.7191887763932197,-0.042111485350126765
2011-11-17,5.46,1.6974487897568136,-0.021739986636406083
2011-11-18,5.42,1.6900958154515549,-0.007352974305258719
2011-11-21,5.3,1.667706820558076,-0.022388994893478786
2011-11-22,5.31,1.6695918352538475,0.0018850146957714031
2011-11-23,5.32,1.6714733033535532,0.0018814680997056854
2011-11-25,5.27,1.6620303625532709,-0.009442940800282296
2011-11-28,5.43,1.691939133945844,0.029908771392573197
2011-11-29,5.55,1.713797927758343,0.021858793812499
2011-11-30,5.9,1.7749523509116738,0.06115442315333075
2011-12-01,5.9,1.7749523509116738,0.0
2011-12-02,5.5,1.7047480922384253,-0.07020425867324853
2011-12-05,5.6,1.7227665977411035,0.01801850550267825
2011-12-06,5.59,1.7209792871670078,-0.0017873105740957573
2011-12-07,5.59,1.7209792871670078,0.0
2011-12-08,5.32,1.6714733033535532,-0.04950598381345461
2011-12-09,5.34,1.6752256529721035,0.0037523496185503102
2011-12-12,5.29,1.665818245870208,-0.00940740710189547
2011-12-13,5.33,1.673351238177753,0.007532992307545117
2011-12-14,5.13,1.6351056591826783,-0.03824557899507486
2011-12-15,5.11,1.631199404215613,-0.003906254967065204
2011-12-16,5.14,1.6370530794670737,0.005853675251460633
2011-12-19,5.09,1.6272778305624314,-0.00977524890464232
2011-12-20,5.15,1.6389967146756448,0.011718884113213424
2011-12-21,5.21,1.6505798557652755,0.011583141089630766
2011-12-22,5.23,1.6544112780768316,0.0038314223115560875
2011-12-23,5.23,1.6544112780768316,0.0
2011-12-27,5.23,1.6544112780768316,0.0
2011-12-28,5.17,1.6428726885203377,-0.011538589556493895
2011-12-29,5.33,1.673351238177753,0.030478549657415366
2011-12-30,5.34,1.6752256529721035,0.0018744147943503542
2012-01-03,5.36,1.6789639750827108,0.0037383221106073172
2012-01-04,5.31,1.6695918352538475,-0.009372139828863313
2012-01-05,5.34,1.6752256529721035,0.005633817718255996
2012-01-06,5.3,1.667706820558076,-0.007518832414027399
2012-01-09,5.35,1.6770965609079151,0.009389740349839082
2012-01-10,5.53,1.7101878155342434,0.033091254626328226
2012-01-11,5.54,1.7119945007591924,0.0018066852249489784
2012-01-12,5.56,1.715598108262491,0.003603607503298578
2012-01-13,5.52,1.7083778602890038,-0.007220247973487082
2012-01-17,5.53,1.7101878155342434,0.0018099552452395251
2012-01-18,5.72,1.7439688053917064,0.03378098985746303
2012-01-19,5.87,1.7698546338400052,0.025885828448298787
2012-01-20,5.98,1.7884205679625405,0.018565934122535266
2012-01-23,5.97,1.7867469274045107,-0.0016736405580297653
2012-01-24,5.97,1.7867469274045107,0.0
2012-01-25,6.13,1.81319474994812,0.026447822543609334
2012-01-26,5.96,1.7850704810772584,-0.028124268870861613
2012-01-27,5.93,1.780024213009634,-0.0050462680676244265
2012-01-30,5.99,1.7900914121273581,0.010067199117724135
2012-01-31,5.96,1.7850704810772584,-0.005020931050099708
2012-02-01,6.09,1.8066480817218056,0.021577600644547168
2012-02-02,5.84,1.7647307968401356,-0.041917284881670014
2012-02-03,6.03,1.7967470107390942,0.03201621389895859
2012-02-06,6.02,1.7950872593207297,-0.0016597514183644968
2012-02-07,5.95,1.7833912195575383,-0.011696039763191335
2012-02-08,5.95,1.7833912195575383,0.0
2012-02-09,5.95,1.7833912195575383,0.0
2012-02-10,5.93,1.780024213009634,-0.0033670065479043387
2012-02-13,5.94,1.7817091333745536,0.0016849203649196287
2012-02-14,5.92,1.7783364488959144,-0.003372684478639254
2012-02-15,5.89,1.7732559976634952,-0.005080451232419181
2012-02-16,5.97,1.7867469274045107,0.013490929741015512
2012-02-17,6.09,1.8066480817218056,0.01990115431729489
2012-02-21,5.98,1.7884205679625405,-0.018227513759265124
2012-02-22,5.92,1.7783364488959144,-0.010084119066626096
2012-02-23,5.9,1.7749523509116738,-0.0033840979842405527
2012-02-24,6.25,1.8325814637483102,0.05762911283663641
2012-02-27,6.28,1.8373699804801074,0.004788516731797143
2012-02-28,6.36,1.8500283773520307,0.012658396871923383
2012-02-29,6.22,1.827769906751088,-0.02225847060094277
2012-03-01,6.08,1.8050046959780757,-0.0227652107730123
2012-03-02,6.0,1.791759469228055,-0.013245226750020711
2012-03-05,5.84,1.7647307968401356,-0.027028672387919395
2012-03-06,5.7,1.7404661748405046,-0.024264621999630975
2012-03-07,5.73,1.7457155307266483,0.005249355886143725
2012-03-08,5.93,1.780024213009634,0.03430868228298567
2012-03-09,5.95,1.7833912195575383,0.0033670065479043387
2012-03-12,5.85,1.766441661243765,-0.016949558313773316
2012-03-13,5.96,1.7850704810772584,0.018628819833493404
2012-03-14,5.88,1.7715567619105355,-0.013513719166722948
2012-03-15,6.0,1.791759469228055,0.020202707317519497
2012-03-16,6.12,1.8115620965242347,0.019802627296179764
2012-03-19,6.04,1.7984040119467235,-0.01315808457751122
2012-03-20,6.03,1.7967470107390942,-0.0016570012076293494
2012-03-21,6.03,1.7967470107390942,0.0
2012-03-22,6.0,1.791759469228055,-0.004987541511039195
2012-03-23,5.97,1.7867469274045107,-0.00501254182354427
2012-03-26,6.08,1.8050046959780757,0.01825776857356498
2012-03-27,6.18,1.8213182714695995,0.01631357549152379
2012-03-28,6.04,1.7984040119467235,-0.022914259522875957
2012-03-29,6.0,1.791759469228055,-0.006644542718668545
2012-03-30,5.98,1.7884205679625405,-0.0033389012655145045
2012-04-02,5.97,1.7867469274045107,-0.0016736405580297653
2012-04-03,5.97,1.7867469274045107,0.0
2012-04-04,5.89,1.7732559976634952,-0.013490929741015512
2012-04-05,5.88,1.7715567619105355,-0.0016992357529597157
2012-04-09,5.84,1.7647307968401356,-0.0068259650703998975
2012-04-10,5.74,1.747459210331475,-0.017271586508660564
2012-04-11,5.74,1.747459210331475,0.0
2012-04-12,5.82,1.7613002617433464,0.013841051411871419
2012-04-13,5.62,1.7263316639055997,-0.03496859783774675
2012-04-16,5.51,1.706564623164823,-0.01976704074077662
2012-04-17,5.58,1.7191887763932197,0.012624153228396606
2012-04-18,5.54,1.7119945007591924,-0.007194275634027303
2012-04-19,5.85,1.766441661243765,0.054447160484572654
2012-04-20,5.94,1.7817091333745536,0.015267472130788606
2012-04-23,5.86,1.7681496035889213,-0.013559529785632352
2012-04-24,6.05,1.80005827204275,0.03190866845382878
2012-04-25,6.15,1.8164520818184267,0.016393809775676615
2012-04-26,6.18,1.8213182714695995,0.004866189651172803
2012-04-27,6.27,1.8357763546448294,0.014458083175229897
2012-04-30,6.26,1.8341801851120072,-0.001596169532822156
2012-05-01,6.26,1.8341801851120072,0.0
2012-05-02,6.25,1.8325814637483102,-0.0015987213636969866
2012-05-03,6.22,1.827769906751088,-0.004811556997222244
2012-05-04,6.19,1.8229350866965048,-0.004834820054583133
2012-05-07,6.31,1.8421356765531218,0.01920058985661699
2012-05-08,6.22,1.827769906751088,-0.014365769802033856
2012-05-09,6.17,1.8196988379172965,-0.008071068833791495
2012-05-10,6.28,1.8373699804801074,0.017671142562810882
2012-05-11,6.31,1.8421356765531218,0.004765696073014469
2012-05-14,6.23,1.8293763327993617,-0.012759343753760088
2012-05-15,6.14,1.814824742159051,-0.014551590640310641
2012-05-16,6.09,1.8066480817218056,-0.00817666043724552
2012-05-17,6.1,1.8082887711792655,0.0016406894574598763
2012-05-18,5.96,1.7850704810772584,-0.023218290102007044
2012-05-21,5.99,1.7900914121273581,0.005020931050099708
2012-05-22,5.94,1.7817091333745536,-0.008382278752804506
2012-05-23,5.91,1.776645831418007,-0.005063301956546695
2012-05-24,5.91,1.776645831418007,0.0
2012-05-25,5.87,1.7698546338400052,-0.006791197578001729
2012-05-29,5.9,1.7749523509116738,0.005097717071668617
2012-05-30,5.77,1.7526720805200082,-0.02228027039166558
2012-05-31,5.74,1.747459210331475,-0.005212870188533225
2012-06-01,5.61,1.724550719534605,-0.022908490796869962
2012-06-04,5.59,1.7209792871670078,-0.0035714323675972715
2012-06-05,5.57,1.7173950539391927,-0.0035842332278150923
2012-06-06,5.66,1.7334238922150915,0.01602883827589885
2012-06-07,5.66,1.7334238922150915,0.0
2012-06-08,5.71,1.742219023667919,0.008795131452827398
2012-06-11,5.68,1.7369512327330598,-0.0052677909348590735
2012-06-12,5.87,1.7698546338400052,0.03290340110694534
2012-06-13,5.71,1.742219023667919,-0.027635610172086267
2012-06-14,5.8,1.7578579175523736,0.01563889388445472
2012-06-15,5.95,1.7833912195575383,0.025533302005164682
2012-06-18,5.78,1.7544036826842861,-0.028987536873252173
2012-06-19,5.79,1.7561322915849038,0.0017286089006176564
2012-06-20,5.72,1.7439688053917064,-0.012163486193197404
2012-06-21,5.62,1.7263316639055997,-0.017637141486106733
2012-06-22,5.7,1.7404661748405046,0.01413451093490492
2012-06-25,5.52,1.7083778602890038,-0.03208831455150074
2012-06-26,5.52,1.7083778602890038,0.0
2012-06-27,5.64,1.7298840655099674,0.02150620522096358
2012-06-28,5.55,1.713797927758343,-0.016086137751624374
2012-06-29,5.67,1.7351891177396608,0.021391189981317726
2012-07-02,5.8,1.7578579175523736,0.02266879981271286
2012-07-03,5.8,1.7578579175523736,0.0
2012-07-05,5.72,1.7439688053917064,-0.013889112160667239
2012-07-06,5.65,1.7316555451583497,-0.01231326023335666
2012-07-09,5.62,1.7263316639055997,-0.005323881252750073
2012-07-10,5.51,1.706564623164823,-0.01976704074077662
2012-07-11,5.62,1.7263316639055997,0.01976704074077662
2012-07-12,5.57,1.7173950539391927,-0.008936609966406994
2012-07-13,5.59,1.7209792871670078,0.0035842332278150923
2012-07-16,5.57,1.7173950539391927,-0.0035842332278150923
2012-07-17,5.63,1.728109442151599,0.010714388212406334
2012-07-18,5.56,1.715598108262491,-0.012511333889108078
2012-07-19,5.58,1.7191887763932197,0.0035906681307287247
2012-07-20,5.38,1.682688374173693,-0.03650040221952655
2012-07-23,5.26,1.6601310267496185,-0.02255734742407456
2012-07-24,5.2,1.6486586255873816,-0.011472401162236912
2012-07-25,5.33,1.673351238177753,0.024692612590371477
2012-07-26,4.97,1.6034198401085373,-0.06993139806921578
2012-07-27,5.22,1.6524974018945473,0.04907756178600997
2012-07-30,5.16,1.6409365794934714,-0.01156082240107592
2012-07-31,5.17,1.6428726885203377,0.0019361090268663617
2012-08-01,5.21,1.6505798557652755,0.007707167244937807
2012-08-02,5.12,1.6331544390514163,-0.01742541671385922
2012-08-03,5.31,1.6695918352538475,0.03643739620243114
2012-08-06,5.26,1.6601310267496185,-0.009460808504228924
2012-08-07,5.33,1.673351238177753,0.013220211428134565
2012-08-08,5.38,1.682688374173693,0.009337135995939994
2012-08-09,5.5,1.7047480922384253,0.02205971806473217
2012-08-10,5.54,1.7119945007591924,0.007246408520767078
2012-08-13,5.51,1.706564623164823,-0.005429877594369303
2012-08-14,5.46,1.6974487897568136,-0.009115833408009477
2012-08-15,5.53,1.7101878155342434,0.012739025777429802
2012-08-16,5.51,1.706564623164823,-0.003623192369420325
2012-08-17,5.59,1.7209792871670078,0.014414664002184718
2012-08-20,5.61,1.724550719534605,0.0035714323675972715
2012-08-21,5.63,1.728109442151599,0.00355872261699397
2012-08-22,5.52,1.7083778602890038,-0.01973158186259516
2012-08-23,5.4,1.6863989535702288,-0.021978906718775004
2012-08-24,5.5,1.7047480922384253,0.01834913866819643
2012-08-27,5.43,1.691939133945844,-0.012808958292581218
2012-08-28,5.48,1.7011051009599243,0.009165967014080234
2012-08-29,5.55,1.713797927758343,0.012692826798418766
2012-08-30,5.43,1.691939133945844,-0.021858793812499
2012-08-31,5.4,1.6863989535702288,-0.005540180375615211
2012-09-04,5.41,1.6882490928583902,0.0018501392881613565
2012-09-05,5.52,1.7083778602890038,0.020128767430613648
2012-09-06,5.55,1.713797927758343,0.005420067469339207
2012-09-07,5.63,1.728109442151599,0.014311514393255953
2012-09-10,5.6,1.7227665977411035,-0.005342844410495484
2012-09-11,5.58,1.7191887763932197,-0.0035778213478838694
2012-09-12,5.64,1.7298840655099674,0.010695289116747775
2012-09-13,5.78,1.7544036826842861,0.02451961717431872
2012-09-14,5.82,1.7613002617433464,0.0068965790590602705
2012-09-17,5.78,1.7544036826842861,-0.0068965790590602705
2012-09-18,5.75,1.749199854809259,-0.005203827875027045
2012-09-19,5.76,1.7509374747078,0.0017376198985408209
2012-09-20,5.79,1.7561322915849038,0.0051948168771038805
2012-09-21,5.79,1.7561322915849038,0.0
2012-09-24,5.64,1.7298840655099674,-0.026248226074936376
2012-09-25,5.63,1.728109442151599,-0.0017746233583684212
2012-09-26,5.61,1.724550719534605,-0.00355872261699397
2012-09-27,5.66,1.7334238922150915,0.008873172680486485
2012-09-28,5.74,1.747459210331475,0.014035318116383477
2012-10-01,5.69,1.7387102481382397,-0.008748962193235288
2012-10-02,5.66,1.7334238922150915,-0.005286355923148189
2012-10-03,5.69,1.7387102481382397,0.005286355923148189
2012-10-04,5.81,1.7595805708638197,0.02087032272557998
2012-10-05,5.76,1.7509374747078,-0.00864309615601977
2012-10-08,5.75,1.749199854809259,-0.0017376198985408209
2012-10-09,5.6,1.7227665977411035,-0.02643325706815558
2012-10-10,5.57,1.7173950539391927,-0.00537154380191085
2012-10-11,5.58,1.7191887763932197,0.0017937224540269803
2012-10-12,5.57,1.7173950539391927,-0.0017937224540269803
2012-10-15,5.63,1.728109442151599,0.010714388212406334
2012-10-16,5.66,1.7334238922150915,0.005314450063492515
2012-10-17,5.62,1.7263316639055997,-0.007092228309491855
2012-10-18,5.4,1.6863989535702288,-0.039932710335370825
2012-10-19,5.22,1.6524974018945473,-0.03390155167568154
2012-10-22,5.23,1.6544112780768316,0.0019138761822843353
2012-10-23,5.1,1.62924053973028,-0.02517073834655159
2012-10-24,5.07,1.623340817603092,-0.005899722127188145
2012-10-25,5.12,1.6331544390514163,0.009813621448324428
2012-10-26,5.17,1.6428726885203377,0.009718249468921414
2012-10-31,5.14,1.6370530794670737,-0.005819609053264063
2012-11-01,5.24,1.6563214983329508,0.019268418865877157
2012-11-02,5.2,1.6486586255873816,-0.007662872745569205
2012-11-05,5.34,1.6752256529721035,0.02656702738472183
2012-11-06,5.35,1.6770965609079151,0.0018709079358116831
2012-11-07,5.16,1.6409365794934714,-0.036159981414443765
2012-11-08,5.08,1.6253112615903906,-0.01562531790308075
2012-11-09,5.15,1.6389967146756448,0.013685453085254151
2012-11-12,5.21,1.6505798557652755,0.011583141089630766
2012-11-13,5.19,1.6467336971777973,-0.0038461585874782767
2012-11-14,5.12,1.6331544390514163,-0.013579258126380944
2012-11-15,5.11,1.631199404215613,-0.001955034835803282
2012-11-16,5.14,1.6370530794670737,0.005853675251460633
2012-11-19,5.21,1.6505798557652755,0.01352677629820187
2012-11-20,5.23,1.6544112780768316,0.0038314223115560875
2012-11-21,5.5,1.7047480922384253,0.050336814161593635
2012-11-23,5.59,1.7209792871670078,0.016231194928582493
2012-11-26,5.66,1.7334238922150915,0.012444605048083757
2012-11-27,5.63,1.728109442151599,-0.005314450063492515
2012-11-28,5.69,1.7387102481382397,0.010600805986640705
2012-11-29,5.63,1.728109442151599,-0.010600805986640705
2012-11-30,5.54,1.7119945007591924,-0.016114941392406656
2012-12-03,5.52,1.7083778602890038,-0.0036166404701885035
2012-12-04,5.55,1.713797927758343,0.005420067469339207
2012-12-05,5.57,1.7173950539391927,0.003597126180849619
2012-12-06,5.59,1.7209792871670078,0.0035842332278150923
2012-12-07,5.6,1.7227665977411035,0.0017873105740957573
2012-12-10,5.71,1.742219023667919,0.019452425926815398
2012-12-11,5.74,1.747459210331475,0.005240186663556079
2012-12-12,5.67,1.7351891177396608,-0.012270092591814219
2012-12-13,5.63,1.728109442151599,-0.0070796755880617734
2012-12-14,5.67,1.7351891177396608,0.0070796755880617734
2012-12-17,5.74,1.747459210331475,0.012270092591814219
2012-12-18,5.79,1.7561322915849038,0.008673081253428805
2012-12-19,5.74,1.747459210331475,-0.008673081253428805
2012-12-20,5.81,1.7595805708638197,0.012121360532344694
2012-12-21,5.82,1.7613002617433464,0.0017196908795267252
2012-12-24,5.78,1.7544036826842861,-0.0068965790590602705
2012-12-26,5.7,1.7404661748405046,-0.01393750784378156
2012-12-27,5.7,1.7404661748405046,0.0
2012-12-28,5.58,1.7191887763932197,-0.021277398447284934
2012-12-31,5.73,1.7457155307266483,0.02652675433342866
2013-01-02,5.89,1.7732559976634952,0.027540466936846864
2013-01-03,5.95,1.7833912195575383,0.010135221894043145
2013-01-04,5.92,1.7783364488959144,-0.005054770661623964
2013-01-07,5.98,1.7884205679625405,0.010084119066626096
2013-01-08,6.12,1.8115620965242347,0.02314152856169427
2013-01-09,6.28,1.8373699804801074,0.025807883955872635
2013-01-10,6.3,1.840549633397487,0.0031796529173795385
2013-01-11,6.36,1.8500283773520307,0.009478743954543845
2013-01-14,6.32,1.843719208158766,-0.00630916919326463
2013-01-15,6.51,1.873339456220478,0.029620248061711818
2013-01-16,6.45,1.864080130807681,-0.009259325412796837
2013-01-17,6.61,1.888583653863595,0.024503523055913856
2013-01-18,6.7,1.9021075263969205,0.013523872533325543
2013-01-22,6.86,1.925707441737794,0.023599915340873467
2013-01-23,6.86,1.925707441737794,0.0
2013-01-24,6.84,1.922787731634459,-0.002919710103334916
2013-01-25,6.86,1.925707441737794,0.002919710103334916
2013-01-28,6.86,1.925707441737794,0.0
2013-01-29,7.1,1.9600947840472698,0.03438734230947582
2013-01-30,7.31,1.9892432737616872,0.029148489714417414
2013-01-31,7.47,2.010894999144726,0.021651725383038833
2013-02-01,7.64,2.033397603178429,0.022502604033702855
2013-02-04,7.45,2.0082140323914683,-0.02518357078696054
2013-02-05,7.67,2.0373166153791646,0.0291025829876963
2013-02-06,7.66,2.0360119837525,-0.0013046316266644986
2013-02-07,7.64,2.033397603178429,-0.0026143805740712622
2013-02-08,7.7,2.0412203288596382,0.007822725681209342
2013-02-11,7.63,2.0320878452963655,-0.009132483563272675
2013-02-12,7.59,2.0268315914075385,-0.0052562538888270005
2013-02-13,7.45,2.0082140323914683,-0.018617559016070206
2013-02-14,7.53,2.018895041811802,0.010681009420333787
2013-02-15,7.54,2.020222182019865,0.0013271402080627936
2013-02-19,7.5,2.0149030205422647,-0.005319161477600254
2013-02-20,7.29,1.986503546020567,-0.028399474521697776
2013-02-21,7.26,1.9823798288367047,-0.0041237171838621745
2013-02-22,7.37,1.9974177062012453,0.015037877364540542
2013-02-25,7.23,1.9782390361706734,-0.01917867003057183
2013-02-26,7.31,1.9892432737616872,0.011004237591013766
2013-02-27,7.33,1.9919755158985601,0.0027322421368729533
2013-02-28,7.39,2.0001277349601105,0.008152219061550392
2013-03-01,7.37,1.9974177062012453,-0.0027100287588652794
2013-03-04,7.36,1.9960599327407849,-0.0013577734604603986
2013-03-05,7.38,1.998773638612381,0.0027137058715962503
2013-03-06,7.52,2.017566137961748,0.01879249934936711
2013-03-07,7.43,2.005525858729668,-0.012040279232080398
2013-03-08,7.49,2.0135687975291283,0.008042938799460497
2013-03-11,7.5,2.0149030205422647,0.0013342230131363486
2013-03-12,7.59,2.0268315914075385,0.01192857086527388
2013-03-13,7.53,2.018895041811802,-0.00793654959573642
2013-03-14,7.52,2.017566137961748,-0.0013289038500539085
2013-03-15,7.39,2.0001277349601105,-0.01743840300163768
2013-03-18,7.32,1.9906103279732201,-0.009517406986890409
2013-03-19,7.27,1.9837562915454279,-0.006854036427792254
2013-03-20,7.45,2.0082140323914683,0.024457740846040465
2013-03-21,7.37,1.9974177062012453,-0.010796326190223082
2013-03-22,7.4,2.0014800002101243,0.0040622940088790305
2013-03-25,7.32,1.9906103279732201,-0.01086967223690416
2013-03-26,7.44,2.0068708488450007,0.016260520871780537
2013-03-27,7.65,2.0347056478384444,0.027834798993443766
2013-03-28,7.81,2.0554049638515948,0.020699316013150337
2013-04-01,7.8,2.0541237336955462,-0.0012812301560485295
2013-04-02,7.89,2.065596134857783,0.01147240116223669
2013-04-03,7.75,2.0476928433652555,-0.01790329149252745
2013-04-04,7.92,2.0693912058263346,0.021698362461079146
2013-04-05,7.86,2.061786606441115,-0.007604599385219402
2013-04-08,7.81,2.0554049638515948,-0.006381642589520453
2013-04-09,7.82,2.05668455455722,0.001279590705625111
2013-04-10,7.79,2.052840859882657,-0.003843694674563025
2013-04-11,7.67,2.0373166153791646,-0.015524244503492213
2013-04-12,7.66,2.0360119837525,-0.0013046316266644986
2013-04-15,7.47,2.010894999144726,-0.025116984607774118
2013-04-16,7.43,2.005525858729668,-0.0053691404150582045
2013-04-17,7.28,1.9851308622085946,-0.02039499652107324
2013-04-18,7.09,1.958685340544036,-0.02644552166455849
2013-04-19,7.27,1.9837562915454279,0.025070951001391784
2013-04-22,7.27,1.9837562915454279,0.0
2013-04-23,7.35,1.9947003132247452,0.010944021679317295
2013-04-24,7.36,1.9960599327407849,0.0013596195160396896
2013-04-25,7.54,2.020222182019865,0.02416224927908006
2013-04-26,7.45,2.0082140323914683,-0.01200814962839658
2013-04-29,7.49,2.0135687975291283,0.005354765137659978
2013-04-30,7.49,2.0135687975291283,0.0
2013-05-01,7.49,2.0135687975291283,0.0
2013-05-02,7.61,2.0294631718735947,0.01589437434446639
2013-05-03,7.69,2.0399207835175526,0.010457611643957865
2013-05-06,7.74,2.046401687601636,0.0064809040840834164
2013-05-07,7.69,2.0399207835175526,-0.0064809040840834164
2013-05-08,7.85,2.060513531794317,0.020592748276764272
2013-05-09,8.3,2.1162555148025524,0.05574198300823552
2013-05-10,8.45,2.134166441369082,0.017910926566529817
2013-05-13,8.65,2.157559320943788,0.023392879574705816
2013-05-14,8.7,2.163323025660538,0.005763704716749807
2013-05-15,9.1,2.2082744135228043,0.04495138786226649
2013-05-16,9.04,2.201659174404085,-0.006615239118719085
2013-05-17,9.1,2.2082744135228043,0.006615239118719085
2013-05-20,9.25,2.224623551524334,0.016349138001529706
2013-05-21,9.23,2.222459048514761,-0.00216450300957316
2013-05-22,9.13,2.211565694606877,-0.010893353907883707
2013-05-23,9.16,2.214846178686039,0.003280484079161816
2013-05-24,9.08,2.206074192613202,-0.008771986072837024
2013-05-28,9.22,2.2213750375685026,0.015300844955300708
2013-05-29,9.16,2.214846178686039,-0.006528858882463684
2013-05-30,9.27,2.2267833795777636,0.011937200891724675
2013-05-31,9.24,2.2235418856535927,-0.003241493924170946
2013-06-03,9.41,2.2417729535972883,0.018231067943695667
2013-06-04,9.15,2.21375387928743,-0.028019074309858283
2013-06-05,9.0,2.1972245773362196,-0.016529301951210496
2013-06-06,9.18,2.217027204632399,0.01980262729617932
2013-06-07,9.3,2.2300144001592104,0.01298719552681149
2013-06-10,9.45,2.2460147415056513,0.016000341346440905
2013-06-11,9.44,2.244955980157409,-0.001058761348242232
2013-06-12,9.42,2.2428350885882717,-0.0021208915691373065
2013-06-13,9.58,2.259677591982769,0.01684250339449722
2013-06-14,9.51,2.252343876557299,-0.007333715425470011
2013-06-17,9.64,2.265921108622454,0.013577232065155265
2013-06-18,9.54,2.255493485460195,-0.010427623162259092
2013-06-19,9.4,2.2407096892759584,-0.014783796184236753
2013-06-20,9.11,2.209372711271867,-0.03133697800409152
2013-06-21,9.14,2.2126603854660587,0.0032876741941918475
2013-06-24,9.21,2.2202898502672155,0.007629464801156782
2013-06-25,9.03,2.200552367428894,-0.01973748283832144
2013-06-26,9.25,2.224623551524334,0.024071184095439957
2013-06-27,9.22,2.2213750375685026,-0.003248513955831367
2013-06-28,9.27,2.2267833795777636,0.005408342009260991
2013-07-01,9.37,2.2375130962503307,0.010729716672567058
2013-07-02,9.17,2.2159372862683733,-0.021575809981957406
2013-07-03,9.15,2.21375387928743,-0.0021834069809432144
2013-07-05,9.3,2.2300144001592104,0.016260520871780315
2013-07-08,9.37,2.2375130962503307,0.007498696091120305
2013-07-09,9.15,2.21375387928743,-0.02375921696290062
2013-07-10,9.23,2.222459048514761,0.008705169227330778
2013-07-11,9.46,2.247072383063787,0.024613334549026256
2013-07-12,9.61,2.262804222982201,0.015731839918414092
2013-07-15,9.57,2.258633205464863,-0.004171017517338171
2013-07-16,9.47,2.248128907197987,-0.010504298266876155
2013-07-17,9.54,2.255493485460195,0.007364578262208266
2013-07-18,9.6,2.2617630984737906,0.006269613013595521
2013-07-19,9.67,2.269028309465203,0.0072652109914121965
2013-07-22,10.02,2.3045830956567186,0.03555478619151575
2013-07-23,9.7,2.272125885509337,-0.03245721014738168
2013-07-24,9.61,2.262804222982201,-0.009321662527135732
2013-07-25,10.83,2.382320061012899,0.11951583803069799
2013-07-26,10.96,2.3942522815198695,0.011932220506970292
2013-07-29,10.97,2.395164274287139,0.0009119927672696093
2013-07-30,10.83,2.382320061012899,-0.012844213274239902
2013-07-31,10.92,2.390595970316759,0.008275909303860018
2013-08-01,11.15,2.411439497906128,0.020843527589368804
2013-08-02,11.24,2.419478844465545,0.008039346559416849
2013-08-05,11.22,2.4176979000945504,-0.0017809443709944084
2013-08-06,11.18,2.414126467726953,-0.0035714323675972715
2013-08-07,11.11,2.4078456036515385,-0.006280864075414616
2013-08-08,11.32,2.4265710727750367,0.01872546912349815
2013-08-09,11.35,2.4292177439274116,0.0026466711523749353
2013-08-12,11.33,2.427454075039915,-0.0017636688874964612
2013-08-13,11.24,2.419478844465545,-0.007975230574370329
2013-08-14,11.28,2.423031246069913,0.003552401604367983
2013-08-15,11.0,2.3978952727983707,-0.025135973271542156
2013-08-16,11.06,2.403334996094189,0.005439723295818322
2013-08-19,10.99,2.39698576841553,-0.006349227678659197
2013-08-20,11.01,2.3988039507345884,0.0018181823190586144
2013-08-21,11.1,2.4069451083182885,0.008141157583700043
2013-08-22,11.18,2.414126467726953,0.0071813594086647115
2013-08-23,11.14,2.410542234499138,-0.0035842332278153144
2013-08-26,11.28,2.423031246069913,0.012489011570774977
2013-08-27,10.7,2.3702437414678603,-0.052787504602052504
2013-08-28,10.69,2.3693087250369538,-0.0009350164309065434
2013-08-29,10.66,2.3664984187376983,-0.002810306299255494
2013-08-30,10.58,2.3589654264301534,-0.007532992307544895
2013-09-03,10.9,2.388762789235098,0.029797362804944605
2013-09-04,10.93,2.391511302188447,0.0027485129533491026
2013-09-05,11.57,2.448415541205585,0.056904239017137925
2013-09-06,11.5,2.4423470353692043,-0.006068505836380744
2013-09-09,11.99,2.4840729690394228,0.041725933670218485
2013-09-10,11.95,2.4807312783775197,-0.0033416906619030406
2013-09-11,11.92,2.4782176616372036,-0.002513616740316138
2013-09-12,11.91,2.477378383367209,-0.0008392782699946366
2013-09-13,11.84,2.4714836294558595,-0.005894753911349415
2013-09-16,11.92,2.4782176616372036,0.006734032181344052
2013-09-17,11.9,2.4765384001174837,-0.0016792615197198657
2013-09-18,11.93,2.4790562361098245,0.002517835992340789
2013-09-19,11.74,2.4630018143999504,-0.016054421709874145
2013-09-20,11.63,2.453587966530573,-0.009413847869377268
2013-09-23,11.5,2.4423470353692043,-0.011240931161368817
2013-09-24,11.46,2.4388627112865935,-0.00348432408261079
2013-09-25,11.45,2.4379897300002487,-0.0008729812863448316
2013-09-26,11.67,2.4570214462984645,0.019031716298215873
2013-09-27,11.52,2.444084655267745,-0.01293679103071943
2013-09-30,11.74,2.4630018143999504,0.018917159132205263
2013-10-01,11.76,2.464703942470481,0.0017021280705304953
2013-10-02,11.75,2.463853240590168,-0.0008507018803127764
2013-10-03,11.66,2.4561641809223462,-0.0076890596678218515
2013-10-04,11.69,2.458733775483977,0.0025695945616308613
2013-10-07,11.63,2.453587966530573,-0.005145808953403996
2013-10-08,11.46,2.4388627112865935,-0.014725255243979607
2013-10-09,11.72,2.4612967841488667,0.02243407286227317
2013-10-10,11.88,2.474856313934499,0.01355952978563213
2013-10-11,11.87,2.4740142086215764,-0.0008421053129223921
2013-10-14,12.21,2.502255288122613,0.028241079501036825
2013-10-15,12.08,2.4915511925066687,-0.010704095615944542
2013-10-16,12.38,2.5160822672564502,0.024531074749781556
2013-10-17,12.38,2.5160822672564502,0.0
2013-10-18,12.28,2.5079719227189963,-0.008110344537453962
2013-10-21,12.22,2.503073953743449,-0.004897968975547062
2013-10-22,12.29,2.5087859235779435,0.00571196983449429
2013-10-23,12.29,2.5087859235779435,0.0
2013-10-24,11.54,2.4458192610799534,-0.0629666624979901
2013-10-25,11.62,2.4527277514237653,0.006908490343811913
2013-10-28,11.58,2.449279472144849,-0.003448279278916111
2013-10-29,11.79,2.4672517145492794,0.017972242404430183
2013-10-30,11.7,2.4595888418037104,-0.007662872745568983
2013-10-31,11.69,2.458733775483977,-0.0008550663197333108
2013-11-01,11.75,2.463853240590168,0.00511946510619099
2013-11-04,11.99,2.4840729690394228,0.02021972844925468
2013-11-05,12.0,2.4849066497880004,0.0008336807485775921
2013-11-06,11.91,2.477378383367209,-0.007528266420791407
2013-11-07,11.64,2.454447442303292,-0.022930941063917132
2013-11-08,11.88,2.474856313934499,0.02040887163120697
2013-11-11,12.05,2.489064659936664,0.01420834600216514
2013-11-12,11.91,2.477378383367209,-0.011686276569454979
2013-11-13,11.93,2.4790562361098245,0.0016778527426155598
2013-11-14,11.96,2.481567748522486,0.002511512412661343
2013-11-15,11.89,2.4756977107026903,-0.005870037819795559
2013-11-18,11.57,2.448415541205585,-0.02728216949710527
2013-11-19,11.96,2.481567748522486,0.03315220731690083
2013-11-20,11.97,2.482403519569882,0.0008357710473960722
2013-11-21,11.93,2.4790562361098245,-0.0033472834600574153
2013-11-22,12.05,2.489064659936664,0.010008423826839419
2013-11-25,11.89,2.4756977107026903,-0.013366949233973635
2013-11-26,11.73,2.462149662665384,-0.013548048037306248
2013-11-27,11.71,2.460443177609626,-0.0017064850557582112
2013-11-29,11.58,2.449279472144849,-0.01116370546477663
2013-12-02,11.63,2.453587966530573,0.004308494385723893
2013-12-03,11.82,2.469793011977952,0.016205045447378996
2013-12-04,11.31,2.425687290128029,-0.04410572184992301
2013-12-05,11.34,2.428336298299606,0.002649008171577094
2013-12-06,11.85,2.47232786758114,0.043991569281534026
2013-12-09,11.72,2.4612967841488667,-0.011031083432273547
2013-12-10,11.58,2.449279472144849,-0.012017312004017455
2013-12-11,11.18,2.414126467726953,-0.03515300441789604
2013-12-12,11.48,2.4406063908914204,0.026479923164467234
2013-12-13,11.39,2.432735777459091,-0.00787061343232942
2013-12-16,11.4,2.4336133554004498,0.000877577941358787
2013-12-17,11.44,2.437115985951652,0.003502630551202035
2013-12-18,11.54,2.4458192610799534,0.008703275128301602
2013-12-19,11.62,2.4527277514237653,0.006908490343811913
2013-12-20,11.84,2.4714836294558595,0.01875587803209422
2013-12-23,11.97,2.482403519569882,0.01091989011402239
2013-12-24,11.99,2.4840729690394228,0.0016694494695408402
2013-12-26,12.17,2.498973906999436,0.014900937960013128
2013-12-27,12.06,2.4898941912990393,-0.009079715700396562
2013-12-30,12.02,2.4865719291070616,-0.0033222621919777318
2013-12-31,12.02,2.4865719291070616,0.0
2014-01-02,11.91,2.477378383367209,-0.009193545739852649
2014-01-03,11.93,2.4790562361098245,0.0016778527426155598
2014-01-06,12.33,2.512035317176253,0.03297908106642833
2014-01-07,12.44,2.5209170873110334,0.008881770134780531
2014-01-08,12.79,2.548663615590751,0.027746528279717797
2014-01-09,12.78,2.5478814489493886,-0.0007821666413625472
2014-01-10,13.11,2.5733752977756086,0.025493848826219967
2014-01-13,12.92,2.558776498354456,-0.01459879942115272
2014-01-14,13.18,2.578700529074361,0.01992403071990534
2014-01-15,13.34,2.590767040487478,0.012066511413116654
2014-01-16,13.55,2.60638654732571,0.015619506838232322
2014-01-17,13.51,2.6034301519721073,-0.0029563953536029253
2014-01-21,13.98,2.637627736805664,0.03419758483355695
2014-01-22,13.87,2.6297282343267403,-0.007899502478923903
2014-01-23,13.65,2.613739521630969,-0.0159887126957714
2014-01-24,13.34,2.590767040487478,-0.02297248114349104
2014-01-27,13.21,2.580974118534234,-0.009792921953243994
2014-01-28,13.28,2.5862591440482876,0.005285025514053743
2014-01-29,13.18,2.578700529074361,-0.007558614973926403
2014-01-30,13.56,2.6071242825122494,0.028423753437888166
2014-01-31,13.53,2.604909442182697,-0.0022148403295525476
2014-02-03,13.01,2.565718292524414,-0.03919114965828285
2014-02-04,12.85,2.553343811341229,-0.012374481183185182
2014-02-05,12.76,2.546315277916644,-0.007028533424584982
2014-02-06,12.83,2.551786178627545,0.005470900710901283
2014-02-07,13.1,2.5726122302071057,0.020826051579560634
2014-02-10,12.91,2.558002204858551,-0.0146100253485546
2014-02-11,12.85,2.553343811341229,-0.0046583935173223345
2014-02-12,12.96,2.561867690924129,0.008523879582900129
2014-02-13,13.03,2.567254391136754,0.005386700212624884
2014-02-14,13.3,2.5877640352277083,0.02050964409095446
2014-02-18,13.38,2.5937610547000824,0.005997019472374188
2014-02-19,13.06,2.569554123848285,-0.02420693085179737
2014-02-20,13.23,2.5824869781268642,0.012932854278579153
2014-02-21,13.14,2.5756610130564646,-0.0068259650703996755
2014-02-24,13.08,2.5710843460290524,-0.004576667027412107
2014-02-25,13.39,2.5945081597030812,0.023423813674028793
2014-02-26,13.34,2.590767040487478,-0.0037411192156033835
2014-02-27,13.3,2.5877640352277083,-0.0030030052597695978
2014-02-28,13.1,2.5726122302071057,-0.015151805020602538
2014-03-03,13.0,2.5649493574615367,-0.007662872745568983
2014-03-04,13.23,2.5824869781268642,0.01753762066532749
2014-03-05,13.38,2.5937610547000824,0.011274076573218217
2014-03-06,13.55,2.60638654732571,0.012625492625627732
2014-03-07,13.7,2.617395832834079,0.011009285508368993
2014-03-10,13.46,2.599722324216582,-0.01767350861749728
2014-03-11,13.18,2.578700529074361,-0.02102179514222069
2014-03-12,12.88,2.5556757206762075,-0.023024808398153684
2014-03-13,12.74,2.5447466501440172,-0.010929070532190277
2014-03-14,13.01,2.565718292524414,0.020971642380396727
2014-03-17,12.98,2.563409711275944,-0.0023085812484699986
2014-03-18,13.21,2.580974118534234,0.017564407258289894
2014-03-19,13.15,2.5764217586237734,-0.004552359910460435
2014-03-20,13.1,2.5726122302071057,-0.003809528416667707
2014-03-21,12.82,2.551006451492524,-0.021605778714581803
2014-03-24,12.84,2.552565298261815,0.0015588467692913
2014-03-25,13.26,2.5847519847577165,0.032186686495901284
2014-03-26,13.23,2.5824869781268642,-0.002265006630852273
2014-03-27,13.21,2.580974118534234,-0.0015128595926303667
2014-03-28,13.2,2.580216829592325,-0.0007572889419087403
2014-03-31,13.52,2.604170070614818,0.023953241022492744
2014-04-01,13.62,2.611539300721366,0.007369230106548219
2014-04-02,13.69,2.6166656393003573,0.005126338578991252
2014-04-03,13.77,2.6224923127405635,0.005826673440206154
2014-04-04,13.5,2.6026896854443837,-0.019802627296179764
2014-04-07,13.22,2.5817308344235403,-0.020958851020843383
2014-04-08,12.91,2.558002204858551,-0.023728629564989223
2014-04-09,13.54,2.605648267484129,0.04764606262557791
2014-04-10,12.93,2.559550192783766,-0.04609807470036298
2014-04-11,12.69,2.540814281726296,-0.018735911057469856
2014-04-14,13.31,2.58851563240702,0.04770135068072401
2014-04-15,13.35,2.5915163848462583,0.0030007524392381413
2014-04-16,13.5,2.6026896854443837,0.01117330059812538
2014-04-17,13.65,2.613739521630969,0.011049836186585171
2014-04-21,13.72,2.6188546222977394,0.005115100666770456
2014-04-22,13.75,2.6210388241125804,0.0021842018148410247
2014-04-23,13.69,2.6166656393003573,-0.004373184812223041
2014-04-24,13.75,2.6210388241125804,0.004373184812223041
2014-04-25,13.38,2.5937610547000824,-0.027277769412497932
2014-04-28,13.58,2.60859812213055,0.014837067430467421
2014-04-29,12.73,2.543961412569315,-0.0646367095612348
2014-04-30,12.61,2.534490149976828,-0.009471262592486873
2014-05-01,12.6,2.533696813957432,-0.0007933360193961292
2014-05-02,12.81,2.550226115908643,0.01652930195121094
2014-05-05,13.07,2.570319527636131,0.020093411727487798
2014-05-06,12.95,2.5610957881455465,-0.009223739490584304
2014-05-07,12.77,2.547098670044448,-0.013997118101098494
2014-05-08,12.8,2.5494451709255714,0.0023465008811234256
2014-05-09,12.73,2.543961412569315,-0.005483758356256363
2014-05-12,12.93,2.559550192783766,0.015588780214450981
2014-05-13,12.8,2.5494451709255714,-0.010105021858194618
2014-05-14,12.79,2.548663615590751,-0.000781555334820272
2014-05-15,12.69,2.540814281726296,-0.007849333864454966
2014-05-16,12.8,2.5494451709255714,0.008630889199275238
2014-05-19,12.83,2.551786178627545,0.002341007701973652
2014-05-20,12.62,2.5352828571130672,-0.016503321514477864
2014-05-21,12.8,2.5494451709255714,0.014162313812504213
2014-05-22,12.68,2.5400259490090797,-0.009419221916491693
2014-05-23,12.83,2.551786178627545,0.011760229618465345
2014-05-27,12.95,2.5610957881455465,0.009309609518001416
2014-05-28,13.15,2.5764217586237734,0.015325970478226925
2014-05-29,12.99,2.5641798306825083,-0.012241927941265107
2014-05-30,12.83,2.551786178627545,-0.012393652054963233
2014-06-02,12.88,2.5556757206762075,0.003889542048662431
2014-06-03,12.97,2.5626389983283526,0.006963277652145106
2014-06-04,13.05,2.5687881337687024,0.006149135440349784
2014-06-05,13.18,2.578700529074361,0.009912395305658794
2014-06-06,13.13,2.574899688314705,-0.0038008407596561433
2014-06-09,12.76,2.546315277916644,-0.028584410398061255
2014-06-10,12.84,2.552565298261815,0.006250020345171414
2014-06-11,12.87,2.554899021608035,0.0023337233462199514
2014-06-12,12.8,2.5494451709255714,-0.0054538506824637345
2014-06-13,12.8,2.5494451709255714,0.0
2014-06-16,12.92,2.558776498354456,0.009331327428884428
2014-06-17,12.6,2.533696813957432,-0.025079684397023794
2014-06-18,12.64,2.5368663887187113,0.0031695747612792147
2014-06-19,12.66,2.5384474167160302,0.0015810279973189623
2014-06-20,12.71,2.542389085201363,0.003941668485332617
2014-06-23,12.62,2.5352828571130672,-0.007106228088295641
2014-06-24,12.58,2.5321082512722946,-0.0031746058407726707
2014-06-25,12.7,2.5416019934645457,0.009493742192251187
2014-06-26,12.63,2.5360749363624,-0.00552705710214596
2014-06-27,12.76,2.546315277916644,0.010240341554244026
2014-06-30,12.77,2.547098670044448,0.0007833921278042055
2014-07-01,12.99,2.5641798306825083,0.01708116063806031
2014-07-02,13.13,2.574899688314705,0.010719857632196739
2014-07-03,13.11,2.5733752977756086,-0.0015243905390964763
2014-07-07,13.02,2.5664866367804233,-0.006888660995185258
2014-07-08,13.0,2.5649493574615367,-0.0015372793188865863
2014-07-09,13.02,2.5664866367804233,0.0015372793188865863
2014-07-10,13.1,2.5726122302071057,0.006125593426682396
2014-07-11,13.29,2.587011872725154,0.01439964251804815
2014-07-14,13.03,2.567254391136754,-0.019757481588400072
2014-07-15,12.85,2.553343811341229,-0.013910579795525013
2014-07-16,12.87,2.554899021608035,0.0015552102668063839
2014-07-17,12.46,2.522523513359307,-0.032375508248728035
2014-07-18,12.67,2.5392369943330477,0.01671348097374059
2014-07-21,12.55,2.529720665577793,-0.009516328755254655
2014-07-22,12.85,2.553343811341229,0.023623145763435716
2014-07-23,13.02,2.5664866367804233,0.013142825439194539
2014-07-24,13.26,2.5847519847577165,0.018265347977293178
2014-07-25,13.11,2.5733752977756086,-0.01137668698210792
2014-07-28,12.97,2.5626389983283526,-0.01073629944725596
2014-07-29,12.89,2.556451816951096,-0.00618718137725649
2014-07-30,13.14,2.5756610130564646,0.01920919610536842
2014-07-31,12.78,2.5478814489493886,-0.027779564107075938
2014-08-01,12.59,2.532902848056256,-0.014978600893132743
2014-08-04,12.81,2.550226115908643,0.017323267852387136
2014-08-05,12.88,2.5556757206762075,0.005449604767564509
2014-08-06,12.85,2.553343811341229,-0.0023319093349787323
2014-08-07,12.26,2.506341930508065,-0.04700188083316359
2014-08-08,12.33,2.512035317176253,0.005693386668187639
2014-08-11,12.26,2.506341930508065,-0.005693386668187639
2014-08-12,12.37,2.5152741864043966,0.008932255896331398
2014-08-13,12.48,2.5241273629412815,0.008853176536884888
2014-08-14,12.58,2.5321082512722946,0.00798088833101307
2014-08-15,12.46,2.522523513359307,-0.009584737912987418
2014-08-18,12.64,2.5368663887187113,0.01434287535940415
2014-08-19,12.59,2.532902848056256,-0.0039635406624554115
2014-08-20,12.6,2.533696813957432,0.0007939659011761968
2014-08-21,12.66,2.5384474167160302,0.004750602758598177
2014-08-22,12.49,2.5249283241374862,-0.013519092578544
2014-08-25,12.46,2.522523513359307,-0.0024048107781791117
2014-08-26,12.44,2.5209170873110334,-0.001606426048273768
2014-08-27,12.38,2.5160822672564502,-0.004834820054583133
2014-08-28,12.35,2.513656063073986,-0.0024262041824640868
2014-08-29,12.68,2.5400259490090797,0.026369885935093595
2014-09-02,12.59,2.532902848056256,-0.007123100952823869
2014-09-03,12.44,2.5209170873110334,-0.011985760745222507
2014-09-04,12.24,2.50470927708418,-0.016207810226853248
2014-09-05,12.01,2.485739636091892,-0.01896964099228793
2014-09-08,12.32,2.511223958105374,0.02548432201348172
2014-09-09,12.38,2.5160822672564502,0.004858309151076323
2014-09-10,12.51,2.5265283244788197,0.010446057222369465
2014-09-11,12.54,2.5289235352047745,0.0023952107259548328
2014-09-12,12.5,2.5257286443082556,-0.0031948908965189204
2014-09-15,12.39,2.516889695641051,-0.008838948667204694
2014-09-16,12.34,2.5128460184772416,-0.004043677163809267
2014-09-17,12.22,2.503073953743449,-0.00977206473379244
2014-09-18,12.42,2.519308076505333,0.01623412276188363
2014-09-19,12.41,2.5185025992165158,-0.0008054772888170803
2014-09-22,12.33,2.512035317176253,-0.006467282040262923
2014-09-23,12.17,2.498973906999436,-0.013061410176816945
2014-09-24,12.15,2.4973291697865574,-0.0016447372128784998
2014-09-25,11.95,2.4807312783775197,-0.01659789140903767
2014-09-26,12.03,2.4874035299865875,0.006672251609067814
2014-09-29,11.92,2.4782176616372036,-0.009185868349383952
2014-09-30,11.81,2.468946630209271,-0.00927103142793273
2014-10-01,11.8,2.468099531471619,-0.0008470987376516526
2014-10-02,11.85,2.47232786758114,0.004228336109521003
2014-10-03,11.93,2.4790562361098245,0.006728368528684303
2014-10-06,11.93,2.4790562361098245,0.0
2014-10-07,11.78,2.4664031782234406,-0.012653057886383934
2014-10-08,12.14,2.4965057856313524,0.03010260740791182
2014-10-09,11.92,2.4782176616372036,-0.01828812399414881
2014-10-10,11.92,2.4782176616372036,0.0
2014-10-13,11.74,2.4630018143999504,-0.015215847237253222
2014-10-14,11.56,2.4475508632442313,-0.01545095115571904
2014-10-15,11.44,2.437115985951652,-0.010434877292579525
2014-10-16,11.45,2.4379897300002487,0.0008737440485968584
2014-10-17,11.37,2.4309783077624445,-0.007011422237804155
2014-10-20,11.61,2.4518667957098,0.02088848794735565
2014-10-21,12.03,2.4874035299865875,0.035536734276787385
2014-10-22,12.32,2.511223958105374,0.023820428118786374
2014-10-23,12.71,2.542389085201363,0.031165127095988954
2014-10-24,12.99,2.5641798306825083,0.021790745481145457
2014-10-27,13.1,2.5726122302071057,0.0084323995245974
2014-10-28,13.21,2.580974118534234,0.008361888327128142
2014-10-29,13.14,2.5756610130564646,-0.005313105477769309
2014-10-30,13.18,2.578700529074361,0.0030395160178966485
2014-10-31,13.28,2.5862591440482876,0.007558614973926403
2014-11-03,13.3,2.5877640352277083,0.0015048911794206532
2014-11-04,13.26,2.5847519847577165,-0.003012050469991756
2014-11-05,13.33,2.5900171341906173,0.005265149432900795
2014-11-06,13.36,2.5922651681085,0.0022480339178825304
2014-11-07,13.24,2.5832425505088623,-0.009022617599637517
2014-11-10,13.45,2.598979106047848,0.015736555538985897
2014-11-11,13.41,2.596000697293587,-0.0029784087542612525
2014-11-12,13.41,2.596000697293587,0.0
2014-11-13,13.41,2.596000697293587,0.0
2014-11-14,13.36,2.5922651681085,-0.0037355291850871275
2014-11-17,13.38,2.5937610547000824,0.001495886591582618
2014-11-18,13.68,2.615934912194404,0.02217385749432177
2014-11-19,13.09,2.5718485799218085,-0.04408633227259573
2014-11-20,12.95,2.5610957881455465,-0.010752791776261983
2014-11-21,12.94,2.5603232890727545,-0.0007724990727919767
2014-11-24,13.14,2.5756610130564646,0.015337723983710028
2014-11-25,12.86,2.554121718809473,-0.021539294246991414
2014-11-26,12.81,2.550226115908643,-0.0038956029008301307
2014-11-28,12.87,2.554899021608035,0.00467290569939216
2014-12-01,12.89,2.556451816951096,0.0015527953430609642
2014-12-02,12.94,2.5603232890727545,0.0038714721216583925
2014-12-03,13.04,2.5680215564985067,0.007698267425752192
2014-12-04,12.78,2.5478814489493886,-0.020140107549118103
2014-12-05,12.91,2.558002204858551,0.010120755909162504
2014-12-08,12.94,2.5603232890727545,0.002321084214203406
2014-12-09,13.04,2.5680215564985067,0.007698267425752192
2014-12-10,12.6,2.533696813957432,-0.03432474254107465
2014-12-11,12.89,2.556451816951096,0.022755002993664064
2014-12-12,13.0,2.5649493574615367,0.008497540510440604
2014-12-15,12.8,2.5494451709255714,-0.015504186535965303
2014-12-16,12.95,2.5610957881455465,0.011650617219975068
2014-12-17,13.02,2.5664866367804233,0.005390848634876821
2014-12-18,13.26,2.5847519847577165,0.018265347977293178
2014-12-19,13.15,2.5764217586237734,-0.008330226133943075
2014-12-22,13.1,2.5726122302071057,-0.003809528416667707
2014-12-23,13.06,2.569554123848285,-0.0030581063588206447
2014-12-24,13.13,2.574899688314705,0.005345564466419983
2014-12-26,13.17,2.5779415157551897,0.0030418274404846457
2014-12-29,13.23,2.5824869781268642,0.004545462371674525
2014-12-30,13.37,2.5930133911138515,0.01052641298698731
2014-12-31,13.25,2.583997552432231,-0.00901583868162037
2015-01-02,13.22,2.5817308344235403,-0.0022667180086908267
2015-01-05,13.81,2.6253929674212007,0.04366213299766031
2015-01-06,13.7,2.617395832834079,-0.00799713458712148
2015-01-07,14.03,2.6411978941143697,0.0238020612802905
2015-01-08,14.59,2.6803363625346943,0.039138468420324646
2015-01-09,14.65,2.6844403354630764,0.004103972928382049
2015-01-12,14.58,2.6796507265805123,-0.004789608882564078
2015-01-13,14.5,2.6741486494265287,-0.005502077153983542
2015-01-14,14.5,2.6741486494265287,0.0
2015-01-15,14.31,2.6609585935683597,-0.013190055858169014
2015-01-16,14.46,2.671386216730619,0.010427623162259092
2015-01-20,14.33,2.6623552418400807,-0.009030974890538168
2015-01-21,14.39,2.6665335208992764,0.004178279059195766
2015-01-22,14.93,2.703372611551099,0.03683909065182256
2015-01-23,14.84,2.6973262377392344,-0.006046373811864569
2015-01-26,14.96,2.7053799725463312,0.008053734807096813
2015-01-27,14.74,2.6905648867611904,-0.014815085785140791
2015-01-28,14.59,2.6803363625346943,-0.010228524226496116
2015-01-29,14.85,2.6979998652487085,0.01766350271401418
2015-01-30,14.81,2.6953026282797072,-0.00269723696900126
2015-02-02,14.61,2.681706225762608,-0.01359640251709937
2015-02-03,14.65,2.6844403354630764,0.002734109700468501
2015-02-04,14.96,2.7053799725463312,0.02093963708325486
2015-02-05,15.13,2.7166795278002644,0.011299555253933224
2015-02-06,14.72,2.6892071133007303,-0.027472414499534192
2015-02-09,14.45,2.670694414558441,-0.018512698742289224
2015-02-10,14.72,2.6892071133007303,0.018512698742289224
2015-02-11,14.58,2.6796507265805123,-0.009556386720217969
2015-02-12,14.74,2.6905648867611904,0.010914160180678145
2015-02-13,14.98,2.7067159780890733,0.01615109132788284
2015-02-17,14.84,2.6973262377392344,-0.00938974034983886
2015-02-18,16.68,2.8142103969306005,0.11688415919136608
2015-02-19,16.45,2.800325477211381,-0.013884919719219457
2015-02-20,16.47,2.8015405441895487,0.0012150669781676449
2015-02-23,16.31,2.7917784166329223,-0.009762127556626421
2015-02-24,16.62,2.810606789427302,0.018828372794379877
2015-02-25,16.92,2.8284963541780774,0.0178895647507753
2015-02-26,16.82,2.822568654544802,-0.005927699633275552
2015-02-27,16.9,2.8273136219290276,0.004744967384225696
2015-03-02,17.06,2.836736542063533,0.009422920134505297
2015-03-03,16.76,2.818995095053937,-0.017741447009596012
2015-03-04,16.79,2.8207834710894493,0.0017883760355124068
2015-03-05,16.97,2.831447079246135,0.010663608156685545
2015-03-06,16.56,2.8069901489571136,-0.024456930289021184
2015-03-09,16.6,2.8094026953624978,0.0024125464053841306
2015-03-10,16.42,2.7985001040242823,-0.010902591338215473
2015-03-11,16.58,2.8081971497071487,0.009697045682866445
2015-03-12,16.89,2.826721730819709,0.018524581112560057
2015-03-13,16.61,2.8100049236252036,-0.01671680719450519
2015-03-16,17.24,2.847232265235547,0.037227341610343245
2015-03-17,17.4,2.856470206220483,0.009237940984936355
2015-03-18,17.76,2.876948737564024,0.02047853134354094
2015-03-19,17.81,2.87976009730157,0.002811359737545871
2015-03-20,17.84,2.8814431271518632,0.0016830298502932273
2015-03-23,17.98,2.8892600290434745,0.007816901891611217
2015-03-24,17.83,2.8808824318750488,-0.008377597168425677
2015-03-25,17.52,2.8633430855082453,-0.017539346366803432
2015-03-26,17.44,2.8587664184808337,-0.004576667027411663
2015-03-27,17.83,2.8808824318750488,0.022116013394215095
2015-03-30,18.07,2.8942531046041373,0.01337067272908854
2015-03-31,17.75,2.8763855159214247,-0.017867588682712654
2015-04-01,17.65,2.8707357833793057,-0.005649732542118979
2015-04-02,17.72,2.8746939451769347,0.0039581617976289785
2015-04-06,17.68,2.8724340572094973,-0.0022598879674373684
2015-04-07,17.69,2.872999508171694,0.0005654509621968451
2015-04-08,17.89,2.884241897520628,0.011242389348933735
2015-04-09,18.1,2.89591193827178,0.0116700407511523
2015-04-10,18.1,2.89591193827178,0.0
2015-04-13,17.8,2.8791984572980396,-0.01671348097374059
2015-04-14,17.9,2.884800712846709,0.005602255548669444
2015-04-15,18.04,2.8925915146344776,0.0077908017877685865
2015-04-16,18.16,2.8992213731731473,0.006629858538669708
2015-04-17,18.4,2.91235066461494,0.013129291441792645
2015-04-20,18.19,2.900871992530031,-0.011478672084908936
2015-04-21,18.31,2.907447358686419,0.006575366156388096
2015-04-22,18.41,2.9128939952449864,0.005446636558567253
2015-04-23,18.42,2.913437030827161,0.0005430355821745003
2015-04-24,18.34,2.9090844668283187,-0.004352563998842207
2015-04-27,17.98,2.8892600290434745,-0.019824437784844218
2015-04-28,17.75,2.8763855159214247,-0.012874513122049791
2015-04-29,17.59,2.8673305587494666,-0.009054957171958034
2015-04-30,17.82,2.8803214220426634,0.012990863293196764
2015-05-01,17.74,2.8758219768814333,-0.004499445161230131
2015-05-04,17.88,2.883682769745368,0.007860792863934929
2015-05-05,17.37,2.854744580253014,-0.028938189492354383
2015-05-06,17.3,2.8507065015037334,-0.004038078749280416
2015-05-07,17.18,2.8437459165561094,-0.006960584947623971
2015-05-08,17.51,2.8627721462977607,0.019026229741651246
2015-05-11,17.47,2.8604851241459652,-0.002287022151795437
2015-05-12,17.27,2.848970892158587,-0.01151423198737822
2015-05-13,17.23,2.8466520505398383,-0.002318841618748735
2015-05-14,17.91,2.8853592160726205,0.038707165532782195
2015-05-15,17.85,2.8820035082256483,-0.0033557078469721446
2015-05-18,18.06,2.8936995479888394,0.011696039763191113
2015-05-19,18.12,2.8970163006148333,0.0033167526259938462
2015-05-20,17.98,2.8892600290434745,-0.00775627157135883
2015-05-21,17.87,2.8831233291713367,-0.006136699872137719
2015-05-22,17.83,2.8808824318750488,-0.002240897296287958
2015-05-26,17.77,2.87751164216656,-0.0033707897084886973
2015-05-27,17.99,2.8898160479624417,0.012304405795881657
2015-05-28,18.27,2.9052603703899154,0.015444322427473622
2015-05-29,18.27,2.9052603703899154,0.0
2015-06-01,18.51,2.9183111265854063,0.013050756195490898
2015-06-02,18.29,2.906354462402774,-0.011956664182632082
2015-06-03,18.23,2.9030685886905716,-0.0032858737122025694
2015-06-04,17.91,2.8853592160726205,-0.017709372617951136
2015-06-05,17.85,2.8820035082256483,-0.0033557078469721446
2015-06-08,17.7,2.8735646395797834,-0.008438868645864961
2015-06-09,17.39,2.855895328366192,-0.0176693112135915
2015-06-10,17.74,2.8758219768814333,0.019926648515241396
2015-06-11,17.81,2.87976009730157,0.003938120420136748
2015-06-12,17.56,2.8656235882069705,-0.014136509094599514
2015-06-15,17.37,2.854744580253014,-0.010879007953956688
2015-06-16,17.58,2.866761892257031,0.012017312004017011
2015-06-17,17.61,2.8684669225081145,0.0017050302510837057
2015-06-18,18.02,2.8914822521801917,0.0230153296720772
2015-06-19,17.84,2.8814431271518632,-0.010039125028328488
2015-06-22,17.89,2.884241897520628,0.002798770368764636
2015-06-23,17.95,2.8875901149342877,0.003348217413659871
2015-06-24,17.94,2.88703285663065,-0.000557258303637731
2015-06-25,18.23,2.9030685886905716,0.016035732059921592
2015-06-26,18.09,2.895359299407204,-0.007709289283367671
2015-06-29,17.81,2.87976009730157,-0.015599202105633925
2015-06-30,17.7,2.8735646395797834,-0.006195457721786646
2015-07-01,17.8,2.8791984572980396,0.005633817718256218
2015-07-02,17.57,2.866192902199006,-0.013005555099033561
2015-07-06,17.55,2.865053949911875,-0.001138952287131012
2015-07-07,17.79,2.8786365016777435,0.013582551765868534
2015-07-08,17.45,2.859339648648436,-0.019296853029307393
2015-07-09,17.45,2.859339648648436,0.0
2015-07-10,17.6,2.8678989020441064,0.008559253395670208
2015-07-13,17.67,2.871868286331605,0.003969384287498823
2015-07-14,17.89,2.884241897520628,0.012373611189022693
2015-07-15,17.73,2.8752581200861167,-0.008983777434511175
2015-07-16,17.95,2.8875901149342877,0.012331994848171046
2015-07-17,17.94,2.88703285663065,-0.000557258303637731
2015-07-20,17.88,2.883682769745368,-0.003350086885281822
2015-07-21,17.76,2.876948737564024,-0.006734032181344052
2015-07-22,18.02,2.8914822521801917,0.014533514616167587
2015-07-23,17.61,2.8684669225081145,-0.0230153296720772
2015-07-24,17.36,2.854168709232204,-0.01429821327591041
2015-07-27,17.11,2.839663087904102,-0.01450562132810207
2015-07-28,17.51,2.8627721462977607,0.02310905839365862
2015-07-29,17.32,2.851861903134289,-0.010910243163471556
2015-07-30,17.25,2.847812143477369,-0.0040497596569202265
2015-07-31,17.34,2.853015971352396,0.005203827875027045
2015-08-03,17.11,2.839663087904102,-0.013352883448293884
2015-08-04,17.09,2.8384934971274993,-0.0011695907766027247
2015-08-05,17.67,2.871868286331605,0.03337478920410586
2015-08-06,17.42,2.857618971424357,-0.014249314907248234
2015-08-07,17.29,2.850128299695199,-0.0074906717291578495
2015-08-10,17.33,2.8524391037275145,0.0023108040323154277
2015-08-11,17.14,2.8414149131696336,-0.011024190557880953
2015-08-12,17.31,2.851284369188118,0.009869456018484435
2015-08-13,17.25,2.847812143477369,-0.0034722257107491217
2015-08-14,17.43,2.8581928595319295,0.01038071605456059
2015-08-17,17.57,2.866192902199006,0.008000042667076546
2015-08-18,17.56,2.8656235882069705,-0.000569313992035525
2015-08-19,17.36,2.854168709232204,-0.01145487897476638
2015-08-20,16.87,2.825536896557877,-0.02863181267432724
2015-08-21,16.35,2.7942278973432626,-0.031308999214614275
2015-08-24,15.85,2.7631695003232895,-0.03105839701997315
2015-08-25,15.78,2.7587433154177283,-0.004426184905561126
2015-08-26,16.37,2.7954503913830435,0.036707075965315195
2015-08-27,16.94,2.8296776892239084,0.03422729784086487
2015-08-28,17.07,2.837322536806349,0.007644847582440661
2015-08-31,16.74,2.817801065061329,-0.019521471745020058
2015-09-01,16.09,2.7781979610042917,-0.039603104057037264
2015-09-02,16.51,2.8039662579320366,0.02576829692774485
2015-09-03,16.53,2.805176911832933,0.0012106539008964745
2015-09-04,16.24,2.787477334733532,-0.017699577099401065
2015-09-08,16.95,2.830267833826459,0.04279049909292709
2015-09-09,16.63,2.811208293204836,-0.01905954062162296
2015-09-10,16.78,2.8201877010390604,0.00897940783422424
2015-09-11,16.89,2.826721730819709,0.0065340297806484315
2015-09-14,16.73,2.8172035149987327,-0.009518215820976117
2015-09-15,17.08,2.837908188360424,0.020704673361691128
2015-09-16,17.11,2.839663087904102,0.0017548995436782455
2015-09-17,17.2,2.8449093838194073,0.005246295915305232
2015-09-18,16.75,2.8183982582710754,-0.026511125548331904
2015-09-21,16.72,2.8166056076565553,-0.0017926506145200527
2015-09-22,16.55,2.806386101823072,-0.0102195058334833
2015-09-23,16.75,2.8183982582710754,0.012012156448003353
2015-09-24,16.79,2.8207834710894493,0.002385212818373894
2015-09-25,16.31,2.7917784166329223,-0.029005054456527013
2015-09-28,15.88,2.7650604558189897,-0.026717960813932518
2015-09-29,16.0,2.772588722239781,0.007528266420791407
2015-09-30,16.41,2.7978909051019993,0.025302182862218192
2015-10-01,16.69,2.8148097376737438,0.016918832571744424
2015-10-02,16.92,2.8284963541780774,0.01368661650433367
2015-10-05,17.07,2.837322536806349,0.008826182628271617
2015-10-06,16.57,2.8075938314384716,-0.029728705367877417
2015-10-07,16.82,2.822568654544802,0.014974823106330248
2015-10-08,16.79,2.8207834710894493,-0.0017851834553526125
2015-10-09,16.88,2.826129489167811,0.0053460180783617695
2015-10-12,16.94,2.8296776892239084,0.0035482000560973503
2015-10-13,16.73,2.8172035149987327,-0.012474174225175716
2015-10-14,16.66,2.8130106367386967,-0.004192878260036004
2015-10-15,16.85,2.8243506567983707,0.01134002005967405
2015-10-16,17.07,2.837322536806349,0.012971880007978331
2015-10-19,17.08,2.837908188360424,0.0005856515540747509
2015-10-20,17.19,2.844327819394758,0.006419631034334294
2015-10-21,17.19,2.844327819394758,0.0
2015-10-22,16.42,2.7985001040242823,-0.04582771537047581
2015-10-23,16.73,2.8172035149987327,0.018703410974450385
2015-10-26,16.7,2.8154087194227095,-0.0017947955760231338
2015-10-27,16.82,2.822568654544802,0.007159935122092342
2015-10-28,18.4,2.91235066461494,0.08978201007013809
2015-10-29,18.18,2.900322088749333,-0.012028575865607127
2015-10-30,18.28,2.905807566026004,0.005485477276671258
2015-11-02,18.86,2.937043277205311,0.031235711179307124
2015-11-03,18.67,2.9269179575536315,-0.010125319651679732
2015-11-04,18.67,2.9269179575536315,0.0
2015-11-05,18.94,2.9412760877579323,0.014358130204300767
2015-11-06,18.78,2.932792473780117,-0.008483613977815274
2015-11-09,18.59,2.922623801733353,-0.010168672046764193
2015-11-10,18.8,2.9338568698359038,0.01123306810255098
2015-11-11,18.01,2.8909271591878647,-0.04292971064803908
2015-11-12,17.74,2.8758219768814333,-0.01510518230643143
2015-11-13,17.51,2.8627721462977607,-0.013049830583672595
2015-11-16,17.74,2.8758219768814333,0.013049830583672595
2015-11-17,17.58,2.866761892257031,-0.009060084624402442
2015-11-18,17.77,2.87751164216656,0.01074974990952926
2015-11-19,17.62,2.8690346205080335,-0.008477021658526596
2015-11-20,17.87,2.8831233291713367,0.014088708663303251
2015-11-23,18.1,2.89591193827178,0.012788609100443438
2015-11-24,18.32,2.9079933592459843,0.012081420974204171
2015-11-25,18.38,2.911263116927541,0.003269757681556573
2015-11-27,18.33,2.9085390618516134,-0.002724055075927545
2015-11-30,18.28,2.905807566026004,-0.002731495825609276
2015-12-01,18.52,2.918851229218033,0.013043663192028987
2015-12-02,18.41,2.9128939952449864,-0.005957233973046705
2015-12-03,18.04,2.8925915146344776,-0.020302480610508766
2015-12-04,18.51,2.9183111265854063,0.025719611950928645
2015-12-07,18.57,2.9215473753646144,0.0032362487792081396
2015-12-08,18.73,2.930126516455997,0.008579141091382692
2015-12-09,18.48,2.916689066213538,-0.013437450242459015
2015-12-10,18.44,2.914522218128448,-0.002166848085090045
2015-12-11,18.1,2.89591193827178,-0.018610279856667855
2015-12-14,18.39,2.91180703861623,0.01589510034444963
2015-12-15,18.66,2.926382195419198,0.01457515680296817
2015-12-16,18.88,2.9381031607173544,0.011720965298156472
2015-12-17,18.6,2.9231615807191558,-0.014941579998198673
2015-12-18,18.19,2.900871992530031,-0.022289588189124743
2015-12-21,18.27,2.9052603703899154,0.004388377859884329
2015-12-22,18.49,2.9172300453990334,0.011969675009118053
2015-12-23,18.74,2.930660276810276,0.013430231411242666
2015-12-24,18.72,2.929592471049446,-0.0010678057608299873
2015-12-28,18.73,2.930126516455997,0.0005340454065509981
2015-12-29,18.74,2.930660276810276,0.0005337603542789893
2015-12-30,18.61,2.9236990706541595,-0.006961206156116617
2015-12-31,18.44,2.914522218128448,-0.009176852525711432
2016-01-04,17.99,2.8898160479624417,-0.02470617016600629
2016-01-05,18.18,2.900322088749333,0.010506040786891102
2016-01-06,18.0,2.8903717578961645,-0.009950330853168321
2016-01-07,17.64,2.8701690505786455,-0.020202707317519053
2016-01-08,17.43,2.8581928595319295,-0.01197619104671599
2016-01-11,17.13,2.8408313123360287,-0.017361547195900773
2016-01-12,17.79,2.8786365016777435,0.03780518934171484
2016-01-13,17.55,2.865053949911875,-0.013582551765868534
2016-01-14,18.16,2.8992213731731473,0.03416742326127231
2016-01-15,17.87,2.8831233291713367,-0.016098044001810585
2016-01-19,17.57,2.866192902199006,-0.016930426972330714
2016-01-20,17.54,2.864483986944037,-0.001708915254968968
2016-01-21,17.56,2.8656235882069705,0.0011396012629334429
2016-01-22,17.85,2.8820035082256483,0.01637992001867783
2016-01-25,17.53,2.863913698933143,-0.018089809292505254
2016-01-26,17.38,2.8553201198372458,-0.008593579095897308
2016-01-27,17.22,2.8460714989995846,-0.009248620837661203
2016-01-28,16.9,2.8273136219290276,-0.018757877070556983
2016-01-29,17.53,2.863913698933143,0.036600077004115494
2016-02-01,17.88,2.883682769745368,0.01976907081222512
2016-02-02,17.84,2.8814431271518632,-0.0022396425935049535
2016-02-03,17.73,2.8752581200861167,-0.0061850070657465395
2016-02-04,17.34,2.853015971352396,-0.022242148733720768
2016-02-05,16.62,2.810606789427302,-0.0424091819250938
2016-02-08,16.07,2.776954179749421,-0.033652609677881085
2016-02-09,16.87,2.825536896557877,0.04858271680845583
2016-02-10,16.92,2.8284963541780774,0.0029594576202005562
2016-02-11,16.58,2.8081971497071487,-0.0202992044709287
2016-02-12,16.64,2.8118094353930627,0.003612285685913985
2016-02-16,17.16,2.8425810940598164,0.030771658666753687
2016-02-17,17.57,2.866192902199006,0.023611808139189616
2016-02-18,17.21,2.845490610223448,-0.02070229197555795
2016-02-19,17.16,2.8425810940598164,-0.0029095161636316647
2016-02-22,17.26,2.848391685655282,0.005810591595465375
2016-02-23,17.24,2.847232265235547,-0.0011594204197349356
2016-02-24,17.33,2.8524391037275145,0.00520683849196768
2016-02-25,17.32,2.851861903134289,-0.0005772005932254132
2016-02-26,17.21,2.845490610223448,-0.006371292910841042
2016-02-29,16.98,2.8320361808832013,-0.013454429340246765
2016-03-01,17.22,2.8460714989995846,0.014035318116383255
2016-03-02,17.37,2.854744580253014,0.008673081253429249
2016-03-03,17.41,2.8570447537800976,0.002300173527083782
2016-03-04,17.44,2.8587664184808337,0.001721664700736092
2016-03-07,17.33,2.8524391037275145,-0.006327314753319158
2016-03-08,17.35,2.8535925063928684,0.0011534026653539087
2016-03-09,17.42,2.857618971424357,0.004026465031488513
2016-03-10,17.48,2.8610573702273894,0.0034383988030324275
2016-03-11,18.05,2.89314568477889,0.03208831455150074
2016-03-14,18.14,2.8981194446869907,0.004973759908100561
2016-03-15,17.91,2.8853592160726205,-0.012760228614370206
2016-03-16,17.89,2.884241897520628,-0.0011173185519925966
2016-03-17,17.93,2.8864752876170416,0.0022333900964137676
2016-03-18,18.12,2.8970163006148333,0.010541012997791643
2016-03-21,18.11,2.896464271895322,-0.0005520287195110996
2016-03-22,18.29,2.906354462402774,0.00989019050745199
2016-03-23,18.16,2.8992213731731473,-0.007133089229626854
2016-03-24,17.93,2.8864752876170416,-0.01274608555610568
2016-03-28,18.04,2.8925915146344776,0.006116227017435971
2016-03-29,18.55,2.920469789053444,0.02787827441896651
2016-03-30,18.82,2.9349201341572337,0.014450345103789619
2016-03-31,18.81,2.934388643312939,-0.000531490844294602
2016-04-01,18.94,2.9412760877579323,0.006887444444993118
2016-04-04,19.47,2.968874819384108,0.027598731626175876
2016-04-05,19.17,2.9533465570575532,-0.015528262326554909
2016-04-06,19.56,2.9734866646066713,0.020140107549118103
2016-04-07,19.29,2.9595868269176377,-0.013899837689033578
2016-04-08,19.31,2.960623096440423,0.0010362695227854601
2016-04-11,19.17,2.9533465570575532,-0.007276539382869984
2016-04-12,19.31,2.960623096440423,0.007276539382869984
2016-04-13,19.57,2.9739977814079848,0.013374684967561556
2016-04-14,19.55,2.972975286431375,-0.001022494976609778
2016-04-15,19.46,2.968361076757859,-0.004614209673516001
2016-04-18,19.47,2.968874819384108,0.0005137426262491473
2016-04-19,19.67,2.979094632400968,0.010219813016859813
2016-04-20,19.65,2.9780773383152703,-0.0010172940856976176
2016-04-21,19.59,2.9750192319564492,-0.003058106358821089
2016-04-22,19.76,2.983659692319722,0.008640460363272595
2016-04-25,19.74,2.9826470340053355,-0.00101265831438635
2016-04-26,19.69,2.9801108926510342,-0.0025361413543012468
2016-04-27,21.89,3.0860299115347716,0.10591901888373734
2016-04-28,21.83,3.0832851705618523,-0.002744740972919324
2016-04-29,21.92,3.087399462079815,0.004114291517962609
2016-05-02,22.0,3.091042453358316,0.0036429912785012064
2016-05-03,21.78,3.0809921175048145,-0.010050335853501569
2016-05-04,21.81,3.0823685802135374,0.0013764627087229364
2016-05-05,21.8,3.0819099697950434,-0.00045861041849404316
2016-05-06,22.03,3.092405160814252,0.010495191019208594
2016-05-09,22.14,3.0973859272804907,0.004980766466238684
2016-05-10,22.22,3.100992784211484,0.003606856930993274
2016-05-11,22.06,3.0937660138253564,-0.007226770386127512
2016-05-12,22.05,3.093312601892855,-0.00045341193250125755
2016-05-13,22.35,3.106826321059578,0.013513719166722726
2016-05-16,22.67,3.1210424645194377,0.014216143459859776
2016-05-17,22.31,3.105035008444441,-0.01600745607499654
2016-05-18,22.29,3.1041381473977774,-0.000896861046663755
2016-05-19,22.17,3.09874002362822,-0.005398123769557284
2016-05-20,22.37,3.107720775502038,0.008980751873818082
2016-05-23,22.36,3.1072736482868986,-0.00044712721513961995
2016-05-24,22.53,3.114847754444153,0.007574106157254512
2016-05-25,22.39,3.1086144306106633,-0.0062333238334897345
2016-05-26,22.56,3.1161784266298582,0.007563996019194885
2016-05-27,22.58,3.1170645587215158,0.0008861320916575544
2016-05-31,22.71,3.122805356117467,0.005740797395951347
2016-06-01,22.71,3.122805356117467,0.0
2016-06-02,22.99,3.1350593387750902,0.01225398265762312
2016-06-03,22.8,3.126760535960395,-0.008298802814695083
2016-06-06,22.75,3.1245651453969594,-0.0021953905634357618
2016-06-07,22.63,3.119276459645446,-0.005288685751513533
2016-06-08,22.8,3.126760535960395,0.007484076314949295
2016-06-09,23.32,3.1493113614822916,0.022550825521896467
2016-06-10,23.02,3.1363634032937364,-0.012947958188555209
2016-06-13,22.95,3.133317936506554,-0.003045466787182427
2016-06-14,22.93,3.132446096869813,-0.0008718396367410897
2016-06-15,22.8,3.126760535960395,-0.005685560909417742
2016-06-16,22.83,3.1280754605417043,0.001314924581309107
2016-06-17,22.49,3.1130707659712242,-0.015004694570480037
2016-06-20,22.85,3.128951117340214,0.015880351368989576
2016-06-21,22.76,3.1250046092581303,-0.003946508082083522
2016-06-22,22.66,3.12060125559986,-0.004403353658270159
2016-06-23,22.97,3.134189016701007,0.01358776110114679
2016-06-24,22.37,3.107720775502038,-0.026468241198968734
2016-06-27,21.98,3.090132948975475,-0.01758782652656299
2016-06-28,22.35,3.106826321059578,0.01669337208410271
2016-06-29,23.03,3.136797713832594,0.02997139277301608
2016-06-30,23.37,3.1514531485507664,0.014655434718172433
2016-07-01,23.41,3.1531632815028194,0.0017101329520530228
2016-07-05,23.3,3.1484533605716547,-0.004709920931164735
2016-07-06,23.67,3.1642084235258925,0.015755062954237786
2016-07-07,23.66,3.1637858585502405,-0.00042256497565196227
2016-07-08,23.9,3.173878458937465,0.010092600387224593
2016-07-11,23.77,3.1684242813721024,-0.005454177565362706
2016-07-12,23.64,3.1629401925378975,-0.005484088834204925
2016-07-13,23.63,3.1625170911988163,-0.00042310133908118885
2016-07-14,23.78,3.1688448912626357,0.006327800063819389
2016-07-15,23.58,3.160398895109225,-0.008445996153410906
2016-07-18,23.58,3.160398895109225,0.0
2016-07-19,23.75,3.1675825304806504,0.007183635371425634
2016-07-20,24.26,3.1888289035159043,0.021246373035253896
2016-07-21,23.92,3.1747149290824312,-0.014113974433473064
2016-07-22,23.92,3.1747149290824312,0.0
2016-07-25,23.7,3.1654750481410856,-0.009239880941345646
2016-07-26,23.98,3.177220149599368,0.011745101458282559
2016-07-27,23.66,3.1637858585502405,-0.013434291049127633
2016-07-28,24.34,3.1921210875593813,0.02833522900914076
2016-07-29,24.28,3.1896529661912973,-0.002468121368083942
2016-08-01,24.43,3.195811885269649,0.0061589190783517545
2016-08-02,24.17,3.1851121947153915,-0.010699690554257568
2016-08-03,23.84,3.171364842197149,-0.01374735251824255
2016-08-04,24.14,3.1838702156693857,0.01250537347223668
2016-08-05,24.14,3.1838702156693857,0.0
2016-08-08,23.88,3.1730412885244013,-0.010828927144984402
2016-08-09,24.15,3.184284380098582,0.011243091574180575
2016-08-10,23.88,3.1730412885244013,-0.011243091574180575
2016-08-11,23.86,3.17220341666977,-0.0008378718546313557
2016-08-12,23.89,3.173459961337718,0.0012565446679482228
2016-08-15,23.97,3.176803048446293,0.0033430871085746716
2016-08-16,23.87,3.1726224403507386,-0.004180608095554206
2016-08-17,23.9,3.173878458937465,0.0012560185867265261
2016-08-18,23.96,3.1763857732472487,0.0025073143097835704
2016-08-19,24.17,3.1851121947153915,0.008726421468142842
2016-08-22,24.12,3.1830413718589847,-0.0020708228564068065
2016-08-23,24.11,3.1826266921930797,-0.0004146796659050267
2016-08-24,23.63,3.1625170911988163,-0.0201096009942634
2016-08-25,23.77,3.1684242813721024,0.005907190173286114
2016-08-26,23.97,3.176803048446293,0.008378767074190385
2016-08-29,24.3,3.190476350346503,0.013673301900209989
2016-08-30,24.21,3.1867657709499673,-0.0037105793965355183
2016-08-31,23.82,3.170525563927154,-0.01624020702281337
2016-09-01,24.33,3.1917101567954314,0.021184592868277452
2016-09-02,24.26,3.1888289035159043,-0.0028812532795270407
2016-09-06,24.33,3.1917101567954314,0.0028812532795270407
2016-09-07,24.41,3.1949928844048685,0.0032827276094371527
2016-09-08,24.48,3.1978564576441255,0.0028635732392570112
2016-09-09,23.51,3.157425862551978,-0.0404305950921473
2016-09-12,23.75,3.1675825304806504,0.010156667928672203
2016-09-13,23.26,3.1467351470905185,-0.020847383390131924
2016-09-14,23.11,3.1402654242862895,-0.006469722804228972
2016-09-15,23.62,3.1620938107692163,0.02182838648292673
2016-09-16,23.5,3.1570004211501135,-0.005093389619102773
2016-09-19,23.51,3.157425862551978,0.00042544140186473456
2016-09-20,23.31,3.1488824530476656,-0.008543409504312649
2016-09-21,23.73,3.166740070447672,0.017857617400006465
2016-09-22,23.73,3.166740070447672,0.0
2016-09-23,23.71,3.165896900077314,-0.0008431703703579707
2016-09-26,23.73,3.166740070447672,0.0008431703703579707
2016-09-27,23.72,3.1663185741295248,-0.00042149631814725197
2016-09-28,23.75,3.1675825304806504,0.001263956351125639
2016-09-29,23.3,3.1484533605716547,-0.019129169908995713
2016-09-30,23.8,3.169685580677429,0.021232220105774413
2016-10-03,23.5,3.1570004211501135,-0.012685159527315637
2016-10-04,23.28,3.147594622863237,-0.009405798286876266
2016-10-05,23.43,3.1540172525197043,0.006422629656467116
2016-10-06,23.48,3.1561489949598958,0.002131742440191431
2016-10-07,23.48,3.1561489949598958,0.0
2016-10-10,23.77,3.1684242813721024,0.012275286412206654
2016-10-11,23.16,3.1424266527047946,-0.025997628667307815
2016-10-12,23.18,3.1432898379116057,0.0008631852068110568
2016-10-13,23.15,3.1419947805322432,-0.0012950573793624187
2016-10-14,22.95,3.133317936506554,-0.008676844025689245
2016-10-17,22.82,3.1276373444339294,-0.005680592072624613
2016-10-18,23.12,3.1406980438041767,0.013060699370247342
2016-10-19,22.87,3.12982600803469,-0.01087203576948692
2016-10-20,23.01,3.1359289040472746,0.006102896012584846
2016-10-21,22.82,3.1276373444339294,-0.008291559613345267
2016-10-24,22.97,3.134189016701007,0.006551672267077535
2016-10-25,22.44,3.110845080654496,-0.023343936046511082
2016-10-26,22.09,3.095125017432026,-0.015720063222469882
2016-10-27,21.49,3.067587710654419,-0.027537306777607018
2016-10-28,22.09,3.095125017432026,0.027537306777607018
2016-10-31,22.0,3.091042453358316,-0.004082564073709882
2016-11-01,21.71,3.0777729838902004,-0.013269469468115691
2016-11-02,21.6,3.0726933146901194,-0.005079669200080961
2016-11-03,21.54,3.0699116717282426,-0.0027816429618767735
2016-11-04,21.56,3.070839746040796,0.000928074312553484
2016-11-07,22.04,3.092858984284714,0.022019238243917716
2016-11-08,22.25,3.1023420086122493,0.00948302432753545
2016-11-09,21.84,3.083743150876704,-0.01859885773554515
2016-11-10,21.88,3.0855729775537806,0.0018298266770764293
2016-11-11,21.5,3.068052935133617,-0.017520042420163584
2016-11-14,20.79,3.0344721018699214,-0.03358083326369554
2016-11-15,21.14,3.051166980442092,0.016694878572170335
2016-11-16,21.36,3.061520014091994,0.010353033649902255
2016-11-17,21.61,3.0731561705187946,0.011636156426800603
2016-11-18,21.34,3.060583245873607,-0.012572924645187555
2016-11-21,21.46,3.0661907372025525,0.0056074913289454464
2016-11-22,20.84,3.0368742168851663,-0.029316520317386185
2016-11-23,20.98,3.043569602968151,0.006695386082984811
2016-11-25,21.15,3.0516399054922867,0.008070302524135542
2016-11-28,20.75,3.0325462466767075,-0.01909365881557923
2016-11-29,20.77,3.033509637888021,0.0009633912113136134
2016-11-30,20.46,3.0184717605234805,-0.015037877364540542
2016-12-01,20.09,3.000222178826843,-0.018249581696637485
2016-12-02,20.35,3.013080911888604,0.012858733061761107
2016-12-05,20.71,3.030616675407493,0.017535763518888636
2016-12-06,20.81,3.035433640405543,0.004816964998050288
2016-12-07,20.61,3.0257763949023677,-0.009657245503175371
2016-12-08,20.61,3.0257763949023677,0.0
2016-12-09,20.81,3.035433640405543,0.009657245503175371
2016-12-12,21.09,3.0487989944906833,0.013365354085140169
2016-12-13,21.34,3.060583245873607,0.011784251382923827
2016-12-14,21.21,3.0544727685765913,-0.006110477297015748
2016-12-15,21.26,3.056827372913802,0.002354604337210464
2016-12-16,21.4,3.0633909220278057,0.006563549114003919
2016-12-19,21.47,3.0666566118906897,0.0032656898628840025
2016-12-20,21.53,3.0694473113762717,0.002790699485581971
2016-12-21,21.48,3.067122269640664,-0.002325041735607769
2016-12-22,21.66,3.0754672415728446,0.008344971932180645
2016-12-23,21.81,3.0823685802135374,0.006901338640692867
2016-12-27,21.76,3.080073421987742,-0.0022951582257952907
2016-12-28,21.62,3.073618812211062,-0.006454609776679998
2016-12-29,21.7,3.077312260546414,0.003693448335351679
2016-12-30,21.63,3.0740812399649675,-0.003231020581446309
2017-01-03,21.88,3.0855729775537806,0.011491737588813056
2017-01-04,22.08,3.0946722214088944,0.009099243855113848
2017-01-05,22.05,3.093312601892855,-0.0013596195160392455
2017-01-06,22.15,3.0978374964911444,0.0045248945982891975
2017-01-09,22.19,3.0996417369445024,0.0018042404533580303
2017-01-10,23.61,3.1616703510974213,0.06202861415291894
2017-01-11,23.31,3.1488824530476656,-0.012787898049755775
2017-01-12,23.52,3.1578511230304263,0.00896866998276069
2017-01-13,23.82,3.170525563927154,0.012674440896727646
2017-01-17,23.9,3.173878458937465,0.0033528950103112187
2017-01-18,23.92,3.1747149290824312,0.0008364701449661283
2017-01-19,23.88,3.1730412885244013,-0.0016736405580299873
2017-01-20,23.9,3.173878458937465,0.0008371704130638591
2017-01-23,23.68,3.164630810015805,-0.00924764892166019
2017-01-24,23.54,3.1587011018321305,-0.0059297081836744425
2017-01-25,23.58,3.160398895109225,0.001697793277094295
2017-01-26,23.42,3.1535903581695712,-0.006808536939653553
2017-01-27,23.87,3.1726224403507386,0.019032082181167365
2017-01-30,23.85,3.1717842173343502,-0.0008382230163883619
2017-01-31,24.06,3.180550710546533,0.008766493212182702
2017-02-01,23.96,3.1763857732472487,-0.004164937299284244
2017-02-02,25.1,3.2228678461377385,0.04648207289048978
2017-02-03,25.22,3.2276373305367736,0.004769484399035129
2017-02-06,25.14,3.2244602031621015,-0.0031771273746721285
2017-02-07,25.23,3.2280337626529665,0.0035735594908650192
2017-02-08,25.24,3.228430037673012,0.0003962750200456888
2017-02-09,25.34,3.232384174892993,0.003954137219980947
2017-02-10,25.2,3.2268439945173775,-0.005540180375615655
2017-02-13,25.3,3.2308043957334744,0.003960401216096976
2017-02-14,25.18,3.2260500286162013,-0.004754367117273173
2017-02-15,25.41,3.2351427973320726,0.00909276871587128
2017-02-16,25.36,3.233173129569025,-0.0019696677630474113
2017-02-17,25.39,3.234355395716587,0.0011822661475617835
2017-02-21,25.28,3.2300135692786567,-0.004341826437930241
2017-02-22,25.16,3.22525543183224,-0.0047581374464167325
2017-02-23,24.48,3.1978564576441255,-0.027398974188114433
2017-02-24,24.78,3.2100368762009963,0.012180418556870798
2017-02-27,24.81,3.21124679770371,0.0012099215027134846
2017-02-28,24.55,3.2007118542405295,-0.01053494346318029
2017-03-01,24.96,3.217274543501227,0.016562689260697372
2017-03-02,25.0,3.2188758248682006,0.0016012813669736836
2017-03-03,24.98,3.2180755046974316,-0.00080032017076892
2017-03-06,24.76,3.2092294478163956,-0.008846056881036013
2017-03-07,24.48,3.1978564576441255,-0.011372990172270114
2017-03-08,24.52,3.1994891110680106,0.0016326534238850776
2017-03-09,24.69,3.206398303357088,0.006909192289077382
2017-03-10,24.64,3.204371138665319,-0.002027164691769112
2017-03-13,24.74,3.208421366964342,0.004050228299023129
2017-03-14,24.43,3.195811885269649,-0.012609481694692892
2017-03-15,24.65,3.204776900488699,0.00896501521904991
2017-03-16,24.29,3.190064743014081,-0.01471215747461807
2017-03-17,24.43,3.195811885269649,0.005747142255568161
2017-03-20,24.39,3.194173212227829,-0.0016386730418203044
2017-03-21,24.14,3.1838702156693857,-0.010302996558443134
2017-03-22,24.27,3.18924101973851,0.005370804069124269
2017-03-23,24.25,3.188416617383492,-0.0008244023550179058
2017-03-24,24.32,3.1912990570979662,0.0028824397144742164
2017-03-27,24.58,3.201933104137889,0.010634047039922656
2017-03-28,24.7,3.2068032436339315,0.004870139496042647
2017-03-29,24.71,3.2072080200005186,0.0004047763665870896
2017-03-30,24.45,3.196630215920881,-0.010577804079637598
2017-03-31,24.87,3.2136622578153133,0.017032041894432304
2017-04-03,24.92,3.2156706939192525,0.002008436103939193
2017-04-04,24.63,3.2039652121324464,-0.011705481786806082
2017-04-05,24.42,3.1954024686825586,-0.008562743449887833
2017-04-06,24.6,3.202746442938317,0.00734397425575839
2017-04-07,24.65,3.204776900488699,0.0020304575503820033
2017-04-10,24.52,3.1994891110680106,-0.005287789420688416
2017-04-11,24.57,3.201526186533088,0.002037075465077365
2017-04-12,24.53,3.199896858270398,-0.0016293282626897998
2017-04-13,24.44,3.1962211343033946,-0.0036757239670035524
2017-04-17,24.62,3.2035591207563074,0.007337986452912837
2017-04-18,24.47,3.19744787745458,-0.006111243301727409
2017-04-19,24.81,3.21124679770371,0.013798920249129765
2017-04-20,25.02,3.219675505038765,0.008428707335055297
2017-04-21,24.86,3.213260086082565,-0.006415418956200014
2017-04-24,25.56,3.241028629509334,0.027768543426768932
2017-04-25,25.74,3.2480462021679806,0.007017572658646554
2017-04-26,25.97,3.256942025674657,0.008895823506676503
2017-04-27,26.18,3.264995760481754,0.008053734807096813
2017-04-28,26.38,3.2726061472891685,0.00761038680741466
2017-05-01,26.4,3.2733640101522705,0.0007578628631019768
2017-05-02,26.59,3.2805352052549286,0.007171195102658068
2017-05-03,26.46,3.2756341586868096,-0.004901046568118961
2017-05-04,26.35,3.2714682749873716,-0.004165883699438044
2017-05-05,26.51,3.277522020300934,0.0060537453135625086
2017-05-08,26.39,3.2729851505152325,-0.004536869785701558
2017-05-09,26.38,3.2726061472891685,-0.00037900322606398973
2017-05-10,26.46,3.2756341586868096,0.003028011397641084
2017-05-11,26.37,3.2722270003651954,-0.003407158321614201
2017-05-12,26.23,3.2669037938787824,-0.005323206486413046
2017-05-15,26.42,3.2741212990941793,0.00721750521539688
2017-05-16,26.48,3.2763897310688073,0.0022684319746280046
2017-05-17,25.94,3.255786178888298,-0.020603552180509244
2017-05-18,26.14,3.2634667081960758,0.007680529307777739
2017-05-19,26.41,3.273742726309041,0.01027601811296508
2017-05-22,26.8,3.288401887516811,0.014659161207770222
2017-05-23,26.67,3.283539338193923,-0.00486254932288821
2017-05-24,27.05,3.2976870052924907,0.014147667098567851
2017-05-25,27.26,3.3054204262683866,0.0077334209758959105
2017-05-26,27.32,3.307619034702589,0.002198608434202498
2017-05-30,27.36,3.3090820927543496,0.0014630580517605019
2017-05-31,27.03,3.2969473602883563,-0.012134732465993281
2017-06-01,27.61,3.3181780259420632,0.021230665653706904
2017-06-02,27.6,3.3178157727231046,-0.0003622532189586636
2017-06-05,27.51,3.3145495749364833,-0.0032661977866212943
2017-06-06,27.5,3.3141860046725258,-0.00036357026395750225
2017-06-07,27.84,3.326473835466219,0.01228783079369311
2017-06-08,27.91,3.328985047548231,0.0025112120820121042
2017-06-09,27.82,3.325755186495297,-0.003229861052933991
2017-06-12,27.75,3.3232358401924436,-0.0025193463028534424
2017-06-13,27.92,3.329343277894172,0.00610743770172828
2017-06-14,27.82,3.325755186495297,-0.0035880913988748375
2017-06-15,27.75,3.3232358401924436,-0.0025193463028534424
2017-06-16,27.75,3.3232358401924436,0.0
2017-06-19,28.25,3.34109345759245,0.017857617400006465
2017-06-20,28.01,3.332561589272017,-0.008531868320432956
2017-06-21,27.91,3.328985047548231,-0.0035765417237860753
2017-06-22,27.86,3.3271919683516598,-0.0017930791965712345
2017-06-23,28.1,3.3357695763397,0.008577607988040192
2017-06-26,27.72,3.3221541743217022,-0.013615402017997713
2017-06-27,27.81,3.3253956682458736,0.0032414939241713903
2017-06-28,28.12,3.336481066942464,0.01108539869659042
2017-06-29,27.82,3.325755186495297,-0.010725880447167047
2017-06-30,27.72,3.3221541743217022,-0.0036010121735947642
2017-07-03,27.63,3.318902138935325,-0.0032520353863771945
2017-07-05,27.63,3.318902138935325,0.0
2017-07-06,27.31,3.3072529354856135,-0.011649203449711543
2017-07-07,27.59,3.3174533882291946,0.010200452743581057
2017-07-10,27.56,3.3163654461454577,-0.0010879420837368592
2017-07-11,27.53,3.315276319154516,-0.0010891269909416579
2017-07-12,27.82,3.325755186495297,0.010478867340780962
2017-07-13,27.59,3.3174533882291946,-0.008301798266102445
2017-07-14,27.78,3.3243163373261977,0.006862949097003135
2017-07-17,27.69,3.3210713371828704,-0.0032450001433272924
2017-07-18,27.79,3.3246762437544124,0.0036049065715419992
2017-07-19,27.93,3.3297013799570854,0.005025136202672975
2017-07-20,27.73,3.322514859627687,-0.0071865203293985935
2017-07-21,27.62,3.318540147981146,-0.0039747116465407295
2017-07-24,27.62,3.318540147981146,0.0
2017-07-25,27.58,3.3170908723651555,-0.0014492756159905085
2017-07-26,27.42,3.3112726741341683,-0.0058181982309872815
2017-07-27,27.05,3.2976870052924907,-0.013585668841677556
2017-07-28,27.01,3.2962071678045244,-0.0014798374879663179
2017-07-31,26.62,3.2816628129669656,-0.014544354837558782
2017-08-01,26.48,3.2763897310688073,-0.005273081898158338
2017-08-02,26.51,3.277522020300934,0.0011322892321268263
2017-08-03,26.74,3.286160571673797,0.008638551372862846
2017-08-04,26.83,3.2895206644375325,0.0033600927637356115
2017-08-07,26.76,3.286908235260028,-0.002612429177504705
2017-08-08,26.51,3.277522020300934,-0.009386214959093753
2017-08-09,26.57,3.279782759771722,0.0022607394707878647
2017-08-10,26.26,3.26804686887465,-0.011735890897071943
2017-08-11,26.41,3.273742726309041,0.0056958574343908275
2017-08-14,26.68,3.283914221047423,0.01017149473838197
2017-08-15,26.47,3.27601201623901,-0.007902204808412971
2017-08-16,26.68,3.283914221047423,0.007902204808412971
2017-08-17,26.64,3.2824138456721883,-0.0015003753752345084
2017-08-18,26.89,3.2917544702807735,0.009340624608585202
2017-08-21,26.89,3.2917544702807735,0.0
2017-08-22,27.21,3.303584552795155,0.011830082514381335
2017-08-23,26.84,3.289893312103481,-0.013691240691673823
2017-08-24,26.71,3.2850380271218693,-0.004855284981611696
2017-08-25,26.72,3.285412348668445,0.00037432154657546235
2017-08-28,26.97,3.2947251371516386,0.009312788483193835
2017-08-29,27.05,3.2976870052924907,0.0029618681408520864
2017-08-30,27.08,3.298795448044074,0.0011084427515832829
2017-08-31,27.55,3.3160025355989236,0.017207087554849565
2017-09-01,27.5,3.3141860046725258,-0.0018165309263977747
2017-09-05,27.57,3.3167282250357055,0.002542220363179748
2017-09-06,28.22,3.340030946424668,0.0233027213889625
2017-09-07,28.54,3.3513066120486905,0.01127566562402249
2017-09-08,28.79,3.3600281046240843,0.008721492575393786
2017-09-11,28.95,3.3655702040190043,0.005542099394920008
2017-09-12,29.01,3.367640598133313,0.002070394114308538
2017-09-13,29.08,3.3700506526653187,0.002410054532005823
2017-09-14,28.97,3.366260811781259,-0.0037898408840595366
2017-09-15,28.93,3.3648791189880436,-0.0013816927932155387
2017-09-18,28.99,3.3669509429335642,0.0020718239455206344
2017-09-19,28.69,3.3565486299932736,-0.010402312940290592
2017-09-20,28.84,3.3617633124167483,0.00521468242347467
2017-09-21,28.76,3.358985532852846,-0.0027777795639023495
2017-09-22,28.85,3.3621099929541085,0.0031244601012625495
2017-09-25,28.75,3.3586377672433594,-0.0034722257107491217
2017-09-26,28.68,3.3562000157314196,-0.002437751511939812
2017-09-27,28.86,3.3624565533457247,0.006256537614305113
2017-09-28,28.74,3.358289880650879,-0.004166672694845719
2017-09-29,29.17,3.37314078387963,0.014850903228750933
2017-10-02,29.47,3.3833727967496032,0.010232012869973328
2017-10-03,29.02,3.367985247456042,-0.015387549293561342
2017-10-04,29.24,3.3755376348815775,0.007552387425535656
2017-10-05,29.43,3.382014562245381,0.006476927363803675
2017-10-06,29.5,3.3843902633457743,0.0023757011003930906
2017-10-09,29.33,3.3786108829893595,-0.005779380356414787
2017-10-10,29.34,3.3789517727148355,0.00034088972547596796
2017-10-11,29.27,3.3765631007037946,-0.002388672011040871
2017-10-12,29.43,3.382014562245381,0.0054514615415866
2017-10-13,29.44,3.3823542938606757,0.0003397316152944363
2017-10-16,29.16,3.3727979071404572,-0.009556386720218413
2017-10-17,29.4,3.380994674344636,0.008196767204178723
2017-10-18,29.52,3.385067999732272,0.00407332538763594
2017-10-19,29.57,3.3867603338643857,0.001692334132113782
2017-10-20,29.69,3.3908102887756684,0.004049954911282683
2017-10-23,29.61,3.3881121421135,-0.002698146662168277
2017-10-24,29.8,3.3945083935113587,0.006396251397858599
2017-10-25,29.61,3.3881121421135,-0.006396251397858599
2017-10-26,28.82,3.361069590571376,-0.027042551542124205
2017-10-27,28.5,3.349904087274605,-0.011165503296771018
2017-10-30,28.16,3.3379025312898416,-0.012001555984763268
2017-10-31,28.14,3.337192051686243,-0.0007104796035983796
2017-11-01,27.85,3.326832966373293,-0.010359085312950267
2017-11-02,27.44,3.3120018028576843,-0.014831163515608647
2017-11-03,27.86,3.3271919683516598,0.01519016549397545
2017-11-06,27.81,3.3253956682458736,-0.0017963001057861305
2017-11-07,27.96,3.3307749173656096,0.005379249119735974
2017-11-08,28.1,3.3357695763397,0.004994658974090349
2017-11-09,28.59,3.3530570063342204,0.017287429994520487
2017-11-10,28.36,3.344979701663927,-0.00807730467029355
2017-11-13,28.45,3.34814816057234,0.0031684589084131076
2017-11-14,28.32,3.343568268825519,-0.004579891746820941
2017-11-15,28.01,3.332561589272017,-0.011006679553501986
2017-11-16,28.28,3.342154841028372,0.009593251756355059
2017-11-17,28.26,3.3414473772563813,-0.0007074637719908239
2017-11-20,28.35,3.3446270301737613,0.0031796529173799826
2017-11-21,28.8,3.3603753871419,0.01574835696813892
2017-11-22,28.47,3.3488509012899463,-0.01152448585195387
2017-11-24,28.66,3.3555024224000256,0.006651521110079273
2017-11-27,28.51,3.3502549029245805,-0.005247519475445106
2017-11-28,26.39,3.2729851505152325,-0.07726975240934797
2017-11-29,25.95,3.2561716096118976,-0.016813540903334978
2017-11-30,26.28,3.26880819361641,0.012636584004512397
2017-12-01,26.15,3.263849190510932,-0.004959003105478033
2017-12-04,24.9,3.214867803470662,-0.04898138704027
2017-12-05,24.94,3.2164729402518906,0.0016051367812286443
2017-12-06,25.24,3.228430037673012,0.01195709742112161
2017-12-07,25.04,3.2204745462318978,-0.007955491441114404
2017-12-08,25.77,3.2492110246642736,0.02873647843237581
2017-12-11,25.5,3.2386784521643803,-0.010532572499893256
2017-12-12,25.61,3.242982900211434,0.004304448047053544
2017-12-13,25.71,3.246880021277798,0.0038971210663643063
2017-12-14,25.62,3.2433732964685884,-0.0035067248092097714
2017-12-15,25.78,3.2495989975110415,0.0062257010424531245
2017-12-18,25.78,3.2495989975110415,0.0
2017-12-19,25.49,3.238286218388024,-0.011312779123017425
2017-12-20,25.37,3.2335673736111907,-0.004718844776833375
2017-12-21,25.14,3.2244602031621015,-0.009107170449089264
2017-12-22,25.1,3.2228678461377385,-0.0015923570243630003
2017-12-26,25.13,3.2240623515555007,0.001194505417762226
2017-12-27,25.2,3.2268439945173775,0.0027816429618767735
2017-12-28,25.19,3.226447090364519,-0.0003969041528586459
2017-12-29,24.79,3.210440346047099,-0.016006744317419663
2018-01-02,25.28,3.2300135692786567,0.019573223231557524
2018-01-03,25.56,3.241028629509334,0.011015060230677332
2018-01-04,25.32,3.2315945972759756,-0.00943403223335837
2018-01-05,25.97,3.256942025674657,0.025347428398681426
2018-01-08,25.81,3.2507620137305224,-0.006180011944134645
2018-01-09,27.96,3.3307749173656096,0.08001290363508717
2018-01-10,27.52,3.314913013065143,-0.015861904300466634
2018-01-11,27.43,3.311637304949512,-0.0032757081156309376
2018-01-12,27.46,3.312730400339825,0.0010930953903129925
2018-01-16,26.98,3.2950958507796098,-0.017634549560215262
2018-01-17,27.25,3.305053521109253,0.009957670329643342
2018-01-18,27.4,3.3105430133940246,0.005489492284771469
2018-01-19,27.65,3.3196257279683437,0.009082714574319084
2018-01-22,27.71,3.321793358874887,0.002167630906543483
2018-01-23,27.82,3.325755186495297,0.0039618276204098635
2018-01-24,27.91,3.328985047548231,0.003229861052933991
2018-01-25,28.26,3.3414473772563813,0.01246232970815031
2018-01-26,28.42,3.3470931226689546,0.005645745412573344
2018-01-29,28.33,3.3439213138424253,-0.003171808826529343
2018-01-30,28.03,3.333275365176697,-0.010645948665728433
2018-01-31,27.96,3.3307749173656096,-0.0025004478110872697
2018-02-01,27.63,3.318902138935325,-0.011872778430284558
2018-02-02,27.39,3.3101779832749867,-0.00872415566033835
2018-02-05,26.4,3.2733640101522705,-0.03681397312271617
2018-02-06,26.72,3.285412348668445,0.012048338516174262
2018-02-07,26.32,3.2703291064571163,-0.015083242211328507
2018-02-08,25.2,3.2268439945173775,-0.04348511193973881
2018-02-09,25.92,3.255014871484074,0.0281708769666964
2018-02-12,26.18,3.264995760481754,0.009980888997680015
2018-02-13,26.11,3.2623183827110376,-0.002677377770716305
2018-02-14,26.81,3.2887749522478678,0.026456569536830177
2018-02-15,27.09,3.2991646560970036,0.010389703849135845
2018-02-16,27.2,3.3032169733019514,0.0040523172049478084
2018-02-20,26.83,3.2895206644375325,-0.01369630886441886
2018-02-21,26.77,3.2872818575322613,-0.002238806905271229
2018-02-22,26.48,3.2763897310688073,-0.010892126463454055
2018-02-23,27.2,3.3032169733019514,0.026827242233144144
2018-02-26,27.62,3.318540147981146,0.01532317467919464
2018-02-27,27.45,3.3123661679555396,-0.006173980025606429
2018-02-28,27.26,3.3054204262683866,-0.0069457416871530064
2018-03-01,26.5,3.2771447329921766,-0.028275693276210045
2018-03-02,26.77,3.2872818575322613,0.010137124540084752
2018-03-05,27.41,3.3109079103146946,0.023626052782433238
2018-03-06,27.41,3.3109079103146946,0.0
2018-03-07,27.59,3.3174533882291946,0.0065454779144999975
2018-03-08,27.85,3.326832966373293,0.0093795781440984
2018-03-09,28.54,3.3513066120486905,0.02447364567539756
2018-03-12,28.54,3.3513066120486905,0.0
2018-03-13,28.43,3.3474449256629084,-0.0038616863857821038
2018-03-14,28.01,3.332561589272017,-0.014883336390891344
2018-03-15,27.84,3.326473835466219,-0.0060877538057981795
2018-03-16,27.93,3.3297013799570854,0.003227544490866485
2018-03-19,27.62,3.318540147981146,-0.011161231975939323
2018-03-20,27.67,3.3203487937988347,0.0018086458176886921
2018-03-21,27.66,3.319987326236612,-0.0003614675622225505
2018-03-22,26.94,3.293612170982218,-0.026375155254394045
2018-03-23,26.3,3.269568939183719,-0.02404323179849932
2018-03-26,27.25,3.305053521109253,0.035484581925534275
2018-03-27,27.03,3.2969473602883563,-0.008106160820896768
2018-03-28,26.68,3.283914221047423,-0.013033139240933522
2018-03-29,27.32,3.307619034702589,0.0237048136551663
2018-04-02,26.84,3.289893312103481,-0.017725722599108096
2018-04-03,27.46,3.312730400339825,0.022837088236344005
2018-04-04,27.74,3.3228754148866853,0.010145014546860232
2018-04-05,28.09,3.335413641116152,0.012538226229466876
2018-04-06,27.35,3.3087165288679903,-0.026697112248161847
2018-04-09,27.51,3.3145495749364833,0.0058330460684929974
2018-04-10,27.9,3.32862668882732,0.014077113890836657
2018-04-11,27.93,3.3297013799570854,0.0010746911297654371
2018-04-12,28.23,3.340385242265398,0.01068386230831253
2018-04-13,28.31,3.343215099123808,0.0028298568584101957
2018-04-16,28.83,3.3614165116503107,0.018201412526502647
2018-04-17,28.86,3.3624565533457247,0.0010400416954139402
2018-04-18,28.94,3.365224721203338,0.0027681678576132462
2018-04-19,28.89,3.363495514478144,-0.0017292067251939436
2018-04-20,28.84,3.3617633124167483,-0.0017322020613956823
2018-04-23,28.82,3.361069590571376,-0.0006937218453724192
2018-04-24,28.5,3.349904087274605,-0.011165503296771018
2018-04-25,29.42,3.3816747151732915,0.031770627898686676
2018-04-26,29.45,3.3826939100975957,0.0010191949243041343
2018-04-27,29.23,3.3751955791231545,-0.007498330974441192
2018-04-30,28.72,3.3575937441800234,-0.017601834943131056
2018-05-01,29.48,3.383712067321136,0.0261183231411124
2018-05-02,29.27,3.3765631007037946,-0.0071489666173412125
2018-05-03,29.43,3.382014562245381,0.0054514615415866
2018-05-04,29.55,3.386083743852107,0.00406918160672598
2018-05-07,29.94,3.3991953789914824,0.013111635139375188
2018-05-08,29.83,3.395514598526657,-0.0036807804648253395
2018-05-09,29.83,3.395514598526657,0.0
2018-05-10,30.28,3.410487428569248,0.014972830042590868
2018-05-11,29.97,3.4001968813285717,-0.01029054724067624
2018-05-14,29.86,3.3965197921110444,-0.0036770892175272962
2018-05-15,29.62,3.3884498088396526,-0.008069983271391745
2018-05-16,29.97,3.4001968813285717,0.011747072488919041
2018-05-17,30.32,3.411807560774171,0.011610679445599459
2018-05-18,30.45,3.416085994155906,0.004278433381734725
2018-05-21,30.65,3.4226326623822203,0.006546668226314445
2018-05-22,30.27,3.410157123033627,-0.012475539348593134
2018-05-23,30.46,3.4164143474670157,0.006257224433388497
2018-05-24,30.4,3.414442608412176,-0.0019717390548397162
2018-05-25,30.31,3.4114776910697118,-0.0029649173424641795
2018-05-29,30.2,3.407841924380824,-0.003635766688887987
2018-05-30,30.51,3.418054498728578,0.010212574347754355
2018-05-31,30.39,3.414113606928702,-0.003940891799876223
2018-06-01,30.59,3.420673158162812,0.006559551234110117
2018-06-04,30.6,3.4210000089583352,0.0003268507955231925
2018-06-05,30.72,3.4249139082794713,0.003913899321136061
2018-06-06,30.8,3.427514689979529,0.0026007817000577305
2018-06-07,31.03,3.434954478460289,0.00743978848075999
2018-06-08,31.95,3.4641721808235437,0.029217702363254716
2018-06-11,34.32,3.5357282746197614,0.07155609379621763
2018-06-12,33.84,3.521643534738023,-0.014084739881738528
2018-06-13,31.73,3.4572626055951043,-0.06438092914291849
2018-06-14,32.51,3.481547734315814,0.024285128720709537
2018-06-15,32.96,3.495294705041271,0.013746970725457164
2018-06-18,32.29,3.4747575847701837,-0.02053712027108734
2018-06-19,31.92,3.463232772581608,-0.011524812188575595
2018-06-20,32.23,3.4728976958273465,0.009664923245738422
2018-06-21,32.15,3.4704124506836282,-0.0024852451437182843
2018-06-22,32.62,3.4849255971928677,0.014513146509239405
2018-06-25,32.12,3.469478889078561,-0.015446708114306595
2018-06-26,32.0,3.4657359027997265,-0.0037429862788345147
2018-06-27,31.85,3.4610373820181723,-0.004698520781554194
2018-06-28,32.5,3.481240089335692,0.020202707317519497
2018-06-29,32.7,3.487375077903208,0.006134988567516153
2018-07-02,32.83,3.4913427315135013,0.003967653610293276
2018-07-03,33.21,3.5028510353886553,0.011508303875154002
2018-07-05,33.22,3.503152104185149,0.00030106879649371976
2018-07-06,33.61,3.5148236417370144,0.011671537551865452
2018-07-09,33.79,3.5201649007261984,0.005341258989183917
2018-07-10,33.56,3.5133348815990053,-0.006830019127193054
2018-07-11,33.34,3.506757877322648,-0.006577004276357101
2018-07-12,33.34,3.506757877322648,0.0
2018-07-13,33.35,3.507057772361633,0.00029989503898475434
2018-07-16,33.15,3.5010427166318716,-0.006015055729761354
2018-07-17,33.95,3.5248888540047054,0.02384613737283381
2018-07-18,33.74,3.5186840771178223,-0.0062047768868831454
2018-07-19,33.72,3.518091133133655,-0.0005929439841674267
2018-07-20,33.77,3.5195728343974766,0.0014817012638217442
2018-07-23,33.71,3.5177945292459696,-0.0017783051515070092
2018-07-24,33.57,3.5136328109919437,-0.004161718254025892
2018-07-25,34.32,3.5357282746197614,0.02209546362781767
2018-07-26,34.33,3.5360196074696004,0.0002913328498390655
2018-07-27,33.77,3.5195728343974766,-0.016446773072123833
2018-07-30,32.93,3.494384096388273,-0.025188738009203515
2018-07-31,33.61,3.5148236417370144,0.020439545348741373
2018-08-01,33.39,3.508256453955563,-0.006567187781451267
2018-08-02,33.38,3.507956918233689,-0.00029953572187402244
2018-08-03,33.53,3.512440560478137,0.004483642244447861
2018-08-06,33.15,3.5010427166318716,-0.01139784384626541
2018-08-07,33.22,3.503152104185149,0.0021093875532773865
2018-08-08,34.29,3.534853766474829,0.031701662289679966
2018-08-09,33.85,3.521938999358284,-0.012914767116544823
2018-08-10,33.55,3.5130368634176907,-0.008902135940593414
2018-08-13,33.3,3.505557396986398,-0.007479466431292714
2018-08-14,33.7,3.517497837358316,0.011940440371918104
2018-08-15,34.89,3.5522002551986827,0.03470241784036654
2018-08-16,34.29,3.534853766474829,-0.017346488723853692
2018-08-17,34.41,3.538347219809389,0.0034934533345598595
2018-08-20,34.57,3.5429862539335333,0.004639034124144459
2018-08-21,34.49,3.5406694269487495,-0.0023168269847837486
2018-08-22,34.47,3.540089380528774,-0.0005800464199756661
2018-08-23,34.35,3.536602018668358,-0.0034873618604156498
2018-08-24,34.72,3.5473158897921495,0.010713871123791296
2018-08-27,34.94,3.5536323047059106,0.006316414913761115
2018-08-28,35.06,3.5570608794930885,0.0034285747871778405
2018-08-29,35.54,3.570658822726505,0.013597943233416565
2018-08-30,35.4,3.5667118201397288,-0.0039470025867762715
2018-08-31,35.56,3.571221410645704,0.004509590505975325
2018-09-04,36.05,3.584906863730958,0.013685453085253929
2018-09-05,35.75,3.5765502691400166,-0.008356594590941402
2018-09-06,35.99,3.5832411220909393,0.006690852950922643
2018-09-07,35.85,3.5793435670456293,-0.003897555045309975
2018-09-10,35.84,3.57906458810673,-0.000278978938899499
2018-09-11,36.14,3.5874002851640823,0.008335697057352487
2018-09-12,36.44,3.5956670723917576,0.008266787227675376
2018-09-13,37.62,3.627535823872884,0.031868751481126445
2018-09-14,37.39,3.6214032889890224,-0.006132534883861673
2018-09-17,37.27,3.618188713491167,-0.003214575497855421
2018-09-18,37.62,3.627535823872884,0.009347110381717094
2018-09-19,37.49,3.6240742307478206,-0.0034615931250634446
2018-09-20,37.82,3.6328380632303117,0.008763832482491019
2018-09-21,37.77,3.6315151367243654,-0.0013229265059462314
2018-09-24,38.4,3.648057459593681,0.016542322869315562
2018-09-25,38.61,3.653511310276145,0.005453850682464179
2018-09-26,38.63,3.65402917667819,0.0005178664020446533
2018-09-27,38.34,3.6464937376174986,-0.007535439060691207
2018-09-28,38.5,3.6506582412937387,0.0041645036762401055
2018-10-01,38.98,3.6630486940794147,0.012390452785675965
2018-10-02,39.04,3.664586761544892,0.0015380674654772442
2018-10-03,38.61,3.653511310276145,-0.011075451268746761
2018-10-04,38.0,3.6375861597263857,-0.015925150549759515
2018-10-05,37.85,3.6336309798834576,-0.003955179842928036
2018-10-08,37.3,3.6189933266497696,-0.014637653233688042
2018-10-09,37.41,3.6219380483600547,0.0029447217102851475
2018-10-10,36.11,3.5865698352893665,-0.03536821307068827
2018-10-11,36.0,3.58351893845611,-0.0030508968332565445
2018-10-12,36.99,3.610647605844363,0.027128667388252925
2018-10-15,36.43,3.5953926110204724,-0.015254994823890478
2018-10-16,38.11,3.640476714885769,0.04508410386529649
2018-10-17,38.0,3.6375861597263857,-0.00289055515938319
2018-10-18,37.53,3.6251406131469297,-0.012445546579455957
2018-10-19,36.54,3.5984075509498608,-0.026733062197068946
2018-10-22,36.62,3.6005945392463645,0.002186988296503767
2018-10-23,36.03,3.5843519247600018,-0.016242614486362772
2018-10-24,35.68,3.5745903077118086,-0.009761617048193116
2018-10-25,36.39,3.5942940116240685,0.01970370391225984
2018-10-26,35.83,3.5787855313168624,-0.015508480307206085
2018-10-29,35.38,3.566146688731639,-0.012638842585223298
2018-10-30,35.91,3.5810158082379915,0.01486911950635239
2018-10-31,36.14,3.5874002851640823,0.006384476926090787
2018-11-01,36.99,3.610647605844363,0.02324732068028057
2018-11-02,36.81,3.60576954739093,-0.004878058453432921
2018-11-05,36.36,3.5934692693092782,-0.012300278081651683
2018-11-06,36.85,3.6068556186353455,0.013386349326067304
2018-11-07,37.95,3.636269503841639,0.02941388520629351
2018-11-08,38.44,3.6490985841020915,0.012829080260452486
2018-11-09,38.6,3.653252276470785,0.004153692368693562
2018-11-12,36.93,3.6090242288644716,-0.04422804760631349
2018-11-13,36.66,3.6016862424115588,-0.007337986452912837
2018-11-14,36.21,3.58933532377755,-0.012350918634008945
2018-11-15,36.47,3.596490004820589,0.007154681043039179
2018-11-16,37.21,3.6165775423585313,0.020087537537942346
2018-11-19,35.29,3.5635996376871786,-0.05297790467135277
2018-11-20,34.05,3.527830032595521,-0.035769605091657386
2018-11-21,34.6,3.543853682063679,0.016023649468157597
2018-11-23,34.8,3.5496173867804286,0.005763704716749807
2018-11-26,35.01,3.555633734966574,0.006016348186145493
2018-11-27,35.26,3.562749176969724,0.007115442003149841
2018-11-28,36.65,3.6014134283326604,0.0386642513629365
2018-11-29,37.04,3.6119984097779785,0.010584981445318054
2018-11-30,37.67,3.62886402170395,0.016865611925971358
2018-12-03,38.51,3.6509179478268177,0.02205392612286783
2018-12-04,36.52,3.597860055726768,-0.05305789210004974
2018-12-06,36.77,3.6046822953131805,0.006822239586412593
2018-12-07,35.48,3.5689691574413787,-0.03571313787180186
2018-12-10,36.15,3.5876769486047735,0.018707791163394827
2018-12-11,36.56,3.5989547465859495,0.011277797981176008
2018-12-12,37.1,3.6136169696133895,0.014662223027440024
2018-12-13,36.98,3.610377225958979,-0.0032397436544107094
2018-12-14,35.8,3.5779478934066544,-0.032429332552324386
2018-12-17,34.05,3.527830032595521,-0.05011786081113323
2018-12-18,34.31,3.5354368568703585,0.007606824274837276
2018-12-19,33.98,3.525772116243786,-0.00966474062657241
2018-12-20,33.26,3.5043554737647815,-0.021416642479004544
2018-12-21,32.83,3.4913427315135013,-0.01301274225128024
2018-12-24,31.73,3.4572626055951043,-0.03408012591839693
2018-12-26,33.68,3.516904189374126,0.05964158377902162
2018-12-27,34.48,3.5403794457954922,0.023475256421366275
2018-12-28,34.67,3.545874759696932,0.005495313901439758
2018-12-31,35.34,3.5650154668915506,0.019140707194618578
2019-01-02,34.46,3.5397992310997837,-0.025216235791766906
2019-01-03,32.91,3.4937765629552486,-0.04602266814453504
2019-01-04,34.21,3.5325179989895132,0.03874143603426461
2019-01-07,34.42,3.5386377907833935,0.006119791793880225
2019-01-08,35.38,3.566146688731639,0.027508897948245625
2019-01-09,35.88,3.5801800371905954,0.014033348458956318
2019-01-10,35.95,3.5821290841670557,0.0019490469764602558
2019-01-11,35.56,3.571221410645704,-0.01090767352135158
2019-01-14,35.31,3.564166209940295,-0.007055200705408993
2019-01-15,36.72,3.6033215657522897,0.039155355811994585
2019-01-16,36.62,3.6005945392463645,-0.0027270265059251564
2019-01-17,36.81,3.60576954739093,0.005175008144565396
2019-01-18,37.69,3.629394807279044,0.023625259888114147
2019-01-22,37.26,3.6179203651734424,-0.011474442105601668
2019-01-23,37.19,3.6160399079369787,-0.001880457236463684
2019-01-24,37.23,3.6171148878846253,0.0010749799476466038
2019-01-25,37.45,3.6230067099632284,0.0058918220786030595
2019-01-28,36.85,3.6068556186353455,-0.01615109132788284
2019-01-29,37.01,3.6111881463980646,0.004332527762719085
2019-01-30,37.42,3.6222053208459437,0.011017174447879086
2019-01-31,38.15,3.641525757730466,0.01932043688452234
2019-02-01,37.93,3.6357423557008075,-0.0057834020296585464
2019-02-04,37.93,3.6357423557008075,0.0
2019-02-05,37.75,3.6309854756950335,-0.004756880005774011
2019-02-06,38.77,3.657646751682838,0.026661275987804434
2019-02-07,38.85,3.6597080768136565,0.002061325130818581
2019-02-08,39.19,3.66842161221154,0.008713535397883554
2019-02-11,39.31,3.671478939433769,0.003057327222228956
2019-02-12,40.04,3.68987895444702,0.018400015013250837
2019-02-13,39.6,3.6788291182604347,-0.011049836186585171
2019-02-14,39.92,3.686877451443263,0.008048333182828493
2019-02-15,40.01,3.6891294228691436,0.0022519714258804058
2019-02-19,39.86,3.685373314784649,-0.0037561080844947803
2019-02-20,40.11,3.6916256797819615,0.006252364997312743
2019-02-21,40.12,3.691874963093735,0.0002492833117733184
2019-02-22,40.52,3.7017956793804827,0.009920716286747844
2019-02-25,39.99,3.688629422858727,-0.013166256521755848
2019-02-26,39.86,3.685373314784649,-0.003256108074078057
2019-02-27,39.93,3.6871279210751298,0.0017546062904809645
2019-02-28,40.12,3.691874963093735,0.0047470420186050966
2019-03-01,40.75,3.7074558396868715,0.015580876593136672
2019-03-04,40.3,3.696351468952637,-0.011104370734234426
2019-03-05,40.19,3.6936182084611096,-0.002733260491527556
2019-03-06,39.78,3.683364273425826,-0.01025393503528349
2019-03-07,39.59,3.678576561118039,-0.004787712307786851
2019-03-08,39.51,3.6765538044232993,-0.0020227566947399467
2019-03-11,39.9,3.686376323895818,0.009822519472518554
2019-03-12,40.26,3.695358420211645,0.00898209631582736
2019-03-13,40.23,3.694612985961697,-0.000745434249948218
2019-03-14,40.05,3.6901286735143684,-0.004484312447328609
2019-03-15,40.21,3.6941157209091826,0.003987047394814258
2019-03-18,37.97,3.636796374243711,-0.05731934666547156
2019-03-19,38.17,3.6420498667571386,0.005253492513427549
2019-03-20,37.86,3.633895145781177,-0.008154720975961816
2019-03-21,38.15,3.641525757730466,0.007630611949289268
2019-03-22,37.3,3.6189933266497696,-0.02253243108069647
2019-03-25,37.64,3.6280673147171787,0.009073988067409111
2019-03-26,37.84,3.6333667441836774,0.005299429466498751
2019-03-27,37.49,3.6240742307478206,-0.009292513435856797
2019-03-28,37.92,3.6354786773868213,0.011404446639000643
2019-03-29,38.38,3.647536490579554,0.012057813192732691
2019-04-01,38.66,3.654805473780185,0.007268983200630963
2019-04-02,38.52,3.651177586929925,-0.0036278868502601647
2019-04-03,38.33,3.6462328793924637,-0.004944707537461124
2019-04-04,38.16,3.6417878465800855,-0.00444503281237818
2019-04-05,38.16,3.6417878465800855,0.0
2019-04-08,38.15,3.641525757730466,-0.000262088849619424
2019-04-09,38.21,3.6430972614588084,0.0015715037283423605
2019-04-10,38.36,3.6470152500152375,0.003917988556429108
2019-04-11,37.92,3.6354786773868213,-0.01153657262841623
2019-04-12,37.73,3.6304555339762192,-0.00502314341060206
2019-04-15,37.81,3.6325736179028416,0.0021180839266223828
2019-04-16,36.17,3.5882300459640066,-0.04434357193883498
2019-04-17,34.91,3.5527733211169448,-0.03545672484706186
2019-04-18,35.11,3.558485990180341,0.005712669063396181
2019-04-22,34.93,3.5533460588187404,-0.005139931361600514
2019-04-23,35.89,3.580458705159516,0.02711264634077537
2019-04-24,35.44,3.56784112573688,-0.01261757942263575
2019-04-25,36.93,3.6090242288644716,0.04118310312759155
2019-04-26,37.38,3.6211358020274167,0.012111573162945088
2019-04-29,36.73,3.6035938598315758,-0.01754194219584093
2019-04-30,37.12,3.6141559079179997,0.010562048086423914
2019-05-01,36.38,3.5940191730899764,-0.02013673482802325
2019-05-02,36.89,3.607940511608584,0.013921338518607662
2019-05-03,37.2,3.616308761279101,0.00836824967051708
2019-05-06,37.37,3.6208682434973927,0.0045594822182915
2019-05-07,36.77,3.6046822953131805,-0.01618594818421215
2019-05-08,36.7,3.6027767550605247,-0.0019055402526557685
2019-05-09,37.07,3.612808017162641,0.010031262102116134
2019-05-10,36.58,3.5995016429627196,-0.013306374199921311
2019-05-13,35.97,3.5826852577075323,-0.01681638525518725
2019-05-14,36.76,3.6044102974874863,0.021725039779953992
2019-05-15,37.07,3.612808017162641,0.008397719675154569
2019-05-16,37.62,3.627535823872884,0.014727806710243208
2019-05-17,37.32,3.619529375979143,-0.008006447893741164
2019-05-20,37.29,3.6187251941907292,-0.0008041817884136826
2019-05-21,37.7,3.629660094453965,0.010934900263235736
2019-05-22,37.73,3.6304555339762192,0.0007954395222542487
2019-05-23,37.79,3.6320445173613978,0.001588983385178544
2019-05-24,38.47,3.6498787167642037,0.01783419940280595
2019-05-28,38.45,3.649358695951653,-0.0005200208125506478
2019-05-29,38.07,3.639426570394406,-0.009932125557246874
2019-05-30,38.44,3.6490985841020915,0.009672013707685334
2019-05-31,38.41,3.6483178423578133,-0.0007807417442782238
2019-06-03,38.29,3.6451887654892032,-0.003129076868610081
2019-06-04,39.05,3.664842876285695,0.019654110796491597
2019-06-05,40.01,3.6891294228691436,0.024286546583448754
2019-06-06,40.54,3.702289141023854,0.013159718154710287
2019-06-07,41.28,3.720378121173307,0.01808898014945326
2019-06-10,41.45,3.724487881581304,0.00410976040799671
2019-06-11,41.17,3.7177098357818132,-0.006778045799490595
2019-06-12,40.8,3.708682081410116,-0.009027754371697227
2019-06-13,40.66,3.7052448082002005,-0.0034372732099154923
2019-06-14,40.42,3.699324711975475,-0.005920096224725668
2019-06-17,40.68,3.7057365711803594,0.006411859204884518
2019-06-18,40.94,3.7121075802331434,0.0063710090527839824
2019-06-19,41.66,3.729541435832826,0.01743385559968269
2019-06-20,41.86,3.7343307170178535,0.004789281185027416
2019-06-21,41.69,3.7302612918927056,-0.004069425125147852
2019-06-24,42.01,3.7379076851812907,0.007646393288585074
2019-06-25,41.72,3.7309806301325716,-0.006927055048719044
2019-06-26,41.39,3.7230393057606412,-0.007941324371930403
2019-06-27,41.93,3.7360015611826713,0.012962255422030111
2019-06-28,42.98,3.7607348912143643,0.02473333003169298
2019-07-01,42.9,3.758871825933971,-0.0018630652803932612
2019-07-02,42.69,3.7539647007698704,-0.004907125164100634
2019-07-03,42.63,3.752558230777119,-0.0014064699927516244
2019-07-05,42.62,3.752323626670471,-0.0002346041066476623
2019-07-08,42.61,3.7520889675118205,-0.0002346591586506186
2019-07-09,43.06,3.762594491936217,0.010505524424396562
2019-07-10,42.89,3.758638698528789,-0.003955793407428132
2019-07-11,43.2,3.765840495250065,0.007201796721275855
2019-07-12,42.25,3.7436043538031827,-0.02223614144688213
2019-07-15,42.45,3.7483269127573564,0.004722558954173728
2019-07-16,41.86,3.7343307170178535,-0.013996195739502948
2019-07-17,42.24,3.743367639398006,0.009036922380152745
2019-07-18,42.64,3.752792779857589,0.00942514045958287
2019-07-19,42.25,3.7436043538031827,-0.009188426054406396
2019-07-22,42.5,3.7495040759303713,0.005899722127188589
2019-07-23,42.88,3.7584055167625467,0.008901440832175478
2019-07-24,42.87,3.7581722806098856,-0.0002332361526611315
2019-07-25,42.01,3.7379076851812907,-0.020264595428594934
2019-07-26,42.08,3.7395725684294545,0.0016648832481638287
2019-07-29,42.29,3.7445506514843974,0.00497808305494285
2019-07-30,42.86,3.7579389900454307,0.013388338561033386
2019-07-31,42.46,3.74856245627511,-0.009376533770320883
2019-08-01,42.61,3.7520889675118205,0.003526511236710661
2019-08-02,42.75,3.755369195382769,0.0032802278709485044
2019-08-05,41.36,3.7223142302001735,-0.03305496518259554
2019-08-06,42.33,3.745496054532832,0.023181824332658696
2019-08-07,42.18,3.7419461750506287,-0.003549879482203533
2019-08-08,42.76,3.7556030861568446,0.013656911106215919
2019-08-09,43.2,3.765840495250065,0.01023740909322024
2019-08-12,42.33,3.745496054532832,-0.020344440717232626
2019-08-13,42.86,3.7579389900454307,0.012442935512598563
2019-08-14,41.43,3.7240052560893107,-0.03393373395612009
2019-08-15,41.87,3.734569580031052,0.01056432394174145
2019-08-16,42.15,3.7412346844478646,0.006665104416812451
2019-08-19,42.74,3.755135249891002,0.013900565443137225
2019-08-20,42.5,3.7495040759303713,-0.005631173960630509
2019-08-21,42.55,3.750679855019383,0.0011757790890118969
2019-08-22,42.69,3.7539647007698704,0.003284845750487264
2019-08-23,41.17,3.7177098357818132,-0.03625486498805719
2019-08-26,41.85,3.7340917969354845,0.0163819611536713
2019-08-27,42.22,3.7428940424201746,0.008802245484690108
2019-08-28,42.49,3.7492687541267204,0.006374711706545799
2019-08-29,42.84,3.757472245579548,0.008203491452827727
2019-08-30,42.73,3.7549012496559335,-0.0025709959236146496
2019-09-03,41.67,3.7297814454343623,-0.02511980422157123
2019-09-04,42.05,3.738859386418957,0.00907794098459469
2019-09-05,42.61,3.7520889675118205,0.01322958109286354
2019-09-06,43.45,3.7716108517114013,0.019521884199580786
2019-09-09,41.74,3.7314599016490546,-0.0401509500623467
2019-09-10,41.3,3.720862499966987,-0.010597401682067797
2019-09-11,42.3,3.744787086052232,0.02392458608524528
2019-09-12,42.24,3.743367639398006,-0.0014194466542258866
2019-09-13,41.81,3.733135545368474,-0.010232094029532401
2019-09-16,41.94,3.7362400254737738,0.003104480105299956
2019-09-17,42.32,3.7452597875500437,0.009019762076269977
2019-09-18,42.9,3.758871825933971,0.013612038383927327
2019-09-19,43.06,3.762594491936217,0.0037226660022460223
2019-09-20,43.29,3.7679216614538893,0.005327169517672203
2019-09-23,43.15,3.764682417529437,-0.0032392439244524063
2019-09-24,42.33,3.745496054532832,-0.0191863629966047
2019-09-25,42.2,3.742420221041966,-0.0030758334908660423
2019-09-26,42.35,3.7459684210980635,0.0035482000560973503
2019-09-27,40.31,3.6965995771290743,-0.04936884396898922
2019-09-30,40.69,3.7059823620135983,0.009382784884524042
2019-10-01,40.24,3.6948615257914836,-0.011120836222114683
2019-10-02,39.15,3.667400422436812,-0.027461103354671668
2019-10-03,39.75,3.6826098411003407,0.015209418663528762
2019-10-04,40.53,3.7020424406402173,0.019432599539876527
2019-10-07,40.35,3.6975913947159578,-0.004451045924259489
2019-10-08,37.87,3.634159241913703,-0.06343215280225456
2019-10-09,38.61,3.653511310276145,0.019352068362441965
2019-10-10,37.98,3.63705970538414,-0.016451604892005367
2019-10-11,38.23,3.6436205477083212,0.006560842324181415
2019-10-14,37.97,3.636796374243711,-0.006824173464610173
2019-10-15,38.46,3.6496187401606335,0.012822365916922429
2019-10-16,38.18,3.6423118182976015,-0.0073069218630319455
2019-10-17,38.17,3.6420498667571386,-0.0002619515404629347
2019-10-18,38.47,3.6498787167642037,0.007828850007065125
2019-10-21,38.65,3.654546775033431,0.004668058269227338
2019-10-22,38.18,3.6423118182976015,-0.012234956735829527
2019-10-23,40.09,3.6911269266544156,0.04881510835681402
2019-10-24,40.54,3.702289141023854,0.011162214369438317
2019-10-25,40.85,3.709906821306012,0.007617680282157924
2019-10-28,41.57,3.727378753264546,0.01747193195853436
2019-10-29,41.75,3.7316994512968646,0.004320698032318493
2019-10-30,42.01,3.7379076851812907,0.00620823388442604
2019-10-31,41.7,3.730501128804756,-0.007406556376534645
2019-11-01,41.51,3.7259343620649474,-0.004566766739808603
2019-11-04,40.98,3.7130841428107537,-0.012850219254193718
2019-11-05,40.59,3.7035217308508064,-0.009562411959947337
2019-11-06,40.72,3.7067193722422673,0.003197641391460948
2019-11-07,40.72,3.7067193722422673,0.0
2019-11-08,40.51,3.701548857214599,-0.005170515027668188
2019-11-11,40.17,3.693120448371191,-0.008428408843408342
2019-11-12,41.22,3.718923575462313,0.025803127091122313
2019-11-13,41.42,3.723763855967438,0.004840280505125083
2019-11-14,41.57,3.727378753264546,0.003614897297107955
2019-11-15,42.31,3.7450234647319762,0.017644711467430074
2019-11-18,42.29,3.7445506514843974,-0.00047281324757886267
2019-11-19,42.63,3.752558230777119,0.008007579292721445
2019-11-20,42.61,3.7520889675118205,-0.0004692632652982809
2019-11-21,42.36,3.7462045207332055,-0.0058844467786149934
2019-11-22,41.85,3.7340917969354845,-0.012112723797720992
2019-11-25,42.85,3.7577056450437887,0.023613848108304136
2019-11-26,42.83,3.7572387916272794,-0.00046685341650931633
2019-11-27,43.21,3.766071949943842,0.008833158316562617
2019-11-29,43.25,3.7669972333778885,0.0009252834340465199
2019-12-02,42.72,3.7546671946519394,-0.012330038725949066
2019-12-03,42.61,3.7520889675118205,-0.002578227140118905
2019-12-04,43.01,3.7614326467956447,0.00934367928382418
2019-12-05,43.26,3.7672284205249125,0.005795773729267761
2019-12-06,44.08,3.786006164844659,0.018777744319746326
2019-12-09,43.71,3.7775769088752233,-0.008429255969435445
2019-12-10,44.01,3.784416880823,0.006839971947776746
2019-12-11,43.82,3.7800903341673204,-0.004326546655679664
2019-12-12,44.67,3.7993021353640275,0.019211801196707068
2019-12-13,45.09,3.8086604924329928,0.009358357068965262
2019-12-16,45.2,3.8110970868381857,0.002436594405192949
2019-12-17,44.75,3.8010914447208646,-0.010005642117321134
2019-12-18,44.74,3.8008679560619836,-0.00022348865888099922
2019-12-19,44.83,3.802877558167348,0.002009602105364383
2019-12-20,45.37,3.8148510936758724,0.011973535508524424
2019-12-23,45.22,3.811539466849824,-0.003311626826048464
2019-12-24,45.31,3.813527758679047,0.001988291829222888
2019-12-26,45.26,3.8124236402053913,-0.0011041184736555465
2019-12-27,45.22,3.811539466849824,-0.0008841733555673414
2019-12-30,44.99,3.806440242853081,-0.0050992239967428965
2019-12-31,45.22,3.811539466849824,0.0050992239967428965
2020-01-02,45.33,3.813969064952758,0.002429598102934083
2020-01-03,44.98,3.8062179465311696,-0.007751118421588377
2020-01-06,45.35,3.814410176561146,0.008192230029976155
2020-01-07,45.4,3.8155121050473024,0.0011019284861566447
2020-01-08,45.64,3.8207845249938748,0.005272419946572349
2020-01-09,45.71,3.822317092343653,0.0015325673497783576
2020-01-10,45.67,3.821441627196908,-0.0008754651467453023
2020-01-13,45.47,3.8170527678369193,-0.004388859359988562
2020-01-14,42.66,3.753261713043204,-0.06379105479371505
2020-01-15,42.57,3.751149779840061,-0.0021119332031434013
2020-01-16,43.2,3.765840495250065,0.014690715410003996
2020-01-17,44.28,3.790533107840436,0.024692612590371255
2020-01-21,44.07,3.7857792788538958,-0.004753828986540309
2020-01-22,44.05,3.7853253523821886,-0.0004539264717071667
2020-01-23,43.57,3.774368840129351,-0.010956512252837669
2020-01-24,43.21,3.766071949943842,-0.008296890185508943
2020-01-27,42.65,3.753027273937688,-0.013044676006153999
2020-01-28,43.45,3.7716108517114013,0.018583577773713333
2020-01-29,43.95,3.783052624131186,0.011441772419784613
2020-01-30,43.41,3.770689829311502,-0.012362794819683831
2020-01-31,41.87,3.734569580031052,-0.03612024928044999
2020-02-03,42.23,3.743130868945852,0.008561288914799903
2020-02-04,42.88,3.7584055167625467,0.015274647816694742
2020-02-05,42.62,3.752323626670471,-0.006081890092075604
2020-02-06,43.01,3.7614326467956447,0.009109020125173561
2020-02-07,42.19,3.7421832261362473,-0.019249420659397387
2020-02-10,42.22,3.7428940424201746,0.0007108162839273291
2020-02-11,42.57,3.751149779840061,0.008255737419886167
2020-02-12,42.23,3.743130868945852,-0.008018910894208808
2020-02-13,42.18,3.7419461750506287,-0.0011846938952233543
2020-02-14,42.31,3.7450234647319762,0.0030772896813475725
2020-02-18,42.16,3.741471904233107,-0.0035515604988693994
2020-02-19,43.02,3.761665123839584,0.020193219606477353
2020-02-20,42.5,3.7495040759303713,-0.012161047909212908
2020-02-21,42.62,3.752323626670471,0.0028195507400998743
2020-02-24,41.08,3.7155213850603572,-0.03680224161011392
2020-02-25,39.91,3.686626919060642,-0.028894465999715013
2020-02-26,39.39,3.6735119769828146,-0.013114942077827596
2020-02-27,37.92,3.6354786773868213,-0.03803329959599333
2020-02-28,37.39,3.6214032889890224,-0.014075388397798871
2020-03-02,38.27,3.644666299437611,0.023263010448588695
2020-03-03,37.23,3.6171148878846253,-0.027551411552985794
2020-03-04,38.75,3.657130755799356,0.04001586791473066
2020-03-05,37.46,3.6232736970159425,-0.033857058783413496
2020-03-06,37.6,3.6270040503958487,0.003730353379906237
2020-03-09,34.09,3.5290040861498118,-0.09799996424603696
2020-03-10,35.18,3.560477739309412,0.03147365315960027
2020-03-11,33.86,3.522234376704989,-0.03824336260442296
2020-03-12,31.0,3.4339872044851463,-0.0882471722198428
2020-03-13,32.33,3.4759955917373415,0.042008387252195245
2020-03-16,27.55,3.3160025355989236,-0.15999305613841797
2020-03-17,28.79,3.3600281046240843,0.04402556902516075
2020-03-18,27.24,3.3046864812813115,-0.05534162334277282
2020-03-19,28.27,3.341801171705499,0.03711469042418747
2020-03-20,27.24,3.3046864812813115,-0.03711469042418747
2020-03-23,25.83,3.251536607107749,-0.05314987417356232
2020-03-24,28.22,3.340030946424668,0.08849433931691886
2020-03-25,29.92,3.3985271531062766,0.0584962066816086
2020-03-26,31.42,3.4474446328274753,0.04891747972119864
2020-03-27,30.61,3.421326752957321,-0.026117879870154237
2020-03-30,31.64,3.4544221428994533,0.033095389942132236
2020-03-31,32.63,3.4852321106052293,0.030809967705776042
2020-04-01,30.19,3.4075107437187473,-0.07772136688648201
2020-04-02,31.05,3.435598808379488,0.028088064660740653
2020-04-03,31.17,3.4394560937792455,0.003857285399757604
2020-04-06,32.88,3.492864570187979,0.053408476408733474
2020-04-07,33.69,3.5172010574184616,0.02433648723048254
2020-04-08,35.13,3.559055466277736,0.04185440885927427
2020-04-09,36.83,3.606312730456974,0.047257264179238145
2020-04-13,35.21,3.5613301331669613,-0.04498259729001264
2020-04-14,35.92,3.581294243433999,0.019964110267037594
2020-04-15,34.79,3.5493299891638506,-0.03196425427014837
2020-04-16,35.45,3.5681232529781366,0.018793263814286032
2020-04-17,38.29,3.6451887654892032,0.07706551251106664
2020-04-20,37.25,3.6176519448255684,-0.02753682066363483
2020-04-21,35.05,3.5567756134805992,-0.06087633134496917
2020-04-22,35.49,3.569250966658405,0.012475353177805903
2020-04-23,36.4,3.594568774642695,0.025317807984289953
2020-04-24,36.9,3.6082115510464816,0.013642776403786527
2020-04-27,37.0,3.6109179126442243,0.0027063615977427347
2020-04-28,35.93,3.581572601125427,-0.029345311518797157
2020-04-29,37.43,3.6224725219163374,0.040899920790910205
2020-04-30,37.48,3.6238074573702215,0.0013349354538840785
2020-05-01,35.99,3.5832411220909393,-0.04056633527928222
2020-05-04,35.83,3.5787855313168624,-0.004455590774076867
2020-05-05,36.81,3.60576954739093,0.02698401607406753
2020-05-06,35.89,3.580458705159516,-0.02531084223141411
2020-05-07,37.0,3.6109179126442243,0.03045920748470854
2020-05-08,38.18,3.6423118182976015,0.031393905653377185
2020-05-11,37.78,3.6317798620733637,-0.01053195622423786
2020-05-12,36.98,3.610377225958979,-0.021402636114384865
2020-05-13,35.77,3.5771095532709265,-0.03326767268805231
2020-05-14,35.5,3.56953269648137,-0.007576856789556441
2020-05-15,34.83,3.5504790843779097,-0.01905361210346035
2020-05-18,36.42,3.595118074299462,0.04463898992155224
2020-05-19,35.43,3.5675589188773804,-0.027559155422081538
2020-05-20,37.18,3.6157709822932977,0.04821206341591733
2020-05-21,34.79,3.5493299891638506,-0.06644099312944718
2020-05-22,35.91,3.5810158082379915,0.03168581907414092
2020-05-26,36.19,3.588782837575651,0.007767029337659714
2020-05-27,37.14,3.61469455592456,0.025911718348908597
2020-05-28,37.47,3.623540612805596,0.008846056881036013
2020-05-29,37.99,3.6373229671995344,0.0137823543939386
2020-06-01,37.5,3.624340932976365,-0.012982034223169236
2020-06-02,37.54,3.6254070311583626,0.0010660981819974324
2020-06-03,37.91,3.635214929528243,0.009807898369880608
2020-06-04,37.42,3.6222053208459437,-0.0130096086822995
2020-06-05,38.83,3.659193143743576,0.03698782289763214
2020-06-08,39.11,3.666378188767423,0.007185045023847092
2020-06-09,38.26,3.644404964012107,-0.021973224755316156
2020-06-10,37.49,3.6240742307478206,-0.020330733264286138
2020-06-11,35.05,3.5567756134805992,-0.06729861726722142
2020-06-12,35.35,3.565298392342582,0.008522778861982605
2020-06-15,35.87,3.579901291544191,0.014602899201609176
2020-06-16,36.7,3.6027767550605247,0.02287546351633374
2020-06-17,36.89,3.607940511608584,0.0051637565480593395
2020-06-18,36.68,3.602231647388264,-0.00570886422032002
2020-06-19,36.59,3.5997749790311153,-0.00245666835714875
2020-06-22,35.97,3.5826852577075323,-0.017089721323582996
2020-06-23,36.25,3.590439381300684,0.0077541235931515295
2020-06-24,33.85,3.521938999358284,-0.06850038194239971
2020-06-25,33.89,3.52311998561896,0.0011809862606759758
2020-06-26,33.28,3.5049566159530077,-0.018163369665952445
2020-06-29,34.65,3.5452977256359124,0.04034110968290472
2020-06-30,35.11,3.558485990180341,0.013188264544428563
2020-07-01,35.28,3.5633162311385904,0.004830240958249465
2020-07-02,35.38,3.566146688731639,0.002830457593048674
2020-07-06,35.59,3.5720646995221013,0.005918010790462169
2020-07-07,34.64,3.5450090836942345,-0.027055615827866752
2020-07-08,34.55,3.542407550213679,-0.0026015334805555845
2020-07-09,34.5,3.5409593240373143,-0.001448226176364642
2020-07-10,34.68,3.546163151912341,0.005203827875026601
2020-07-13,34.44,3.53921867955953,-0.0069444723528109265
2020-07-14,35.22,3.56161410306806,0.022395423508529966
2020-07-15,36.7,3.6027767550605247,0.04116265199246483
2020-07-16,36.37,3.5937442589988975,-0.00903249606162726
2020-07-17,37.71,3.6299253112702656,0.03618105227136814
2020-07-20,37.17,3.615501984309161,-0.01442332696110471
2020-07-21,37.48,3.6238074573702215,0.008305473061060553
2020-07-22,38.39,3.6477970090127063,0.02398955164248484
2020-07-23,38.43,3.6488384045767526,0.0010413955640462547
2020-07-24,38.6,3.653252276470785,0.004413871894032528
2020-07-27,38.35,3.646754527813265,-0.006497748657519953
2020-07-28,38.27,3.644666299437611,-0.002088228375654033
2020-07-29,39.81,3.684118137012226,0.03945183757461468
2020-07-30,38.94,3.6620219999440535,-0.02209613706817226
2020-07-31,38.57,3.6524747722201365,-0.009547227723917029
2020-08-03,38.0,3.6375861597263857,-0.014888612493750841
2020-08-04,37.15,3.6149637711637683,-0.022622388562617335
2020-08-05,37.73,3.6304555339762192,0.015491762812450904
2020-08-06,37.89,3.6346872250305093,0.00423169105429011
2020-08-07,38.97,3.662792119350618,0.028104894320108542
2020-08-10,38.98,3.6630486940794147,0.0002565747287968101
2020-08-11,39.31,3.671478939433769,0.008430245354354327
2020-08-12,39.96,3.687878953780353,0.01640001434658389
2020-08-13,39.75,3.6826098411003407,-0.005269112680012178
2020-08-14,39.16,3.6676558176623097,-0.014954023438030983
2020-08-17,39.35,3.6724959748634123,0.004840157201102535
2020-08-18,39.33,3.671987586443718,-0.0005083884196941391
2020-08-19,39.35,3.6724959748634123,0.0005083884196941391
2020-08-20,38.86,3.659965443949294,-0.012530530914118376
2020-08-21,38.43,3.6488384045767526,-0.011127039372541336
2020-08-24,38.94,3.6620219999440535,0.01318359536730096
2020-08-25,39.64,3.6798387094617873,0.01781670951773373
2020-08-26,39.35,3.6724959748634123,-0.007342734598374978
2020-08-27,40.78,3.708191765146309,0.03569579028289693
2020-08-28,41.03,3.714303506454095,0.006111741307785579
2020-08-31,41.02,3.7140597526442347,-0.0002437538098600811
2020-09-01,41.47,3.7249702742582897,0.010910521614055035
2020-09-02,42.23,3.743130868945852,0.01816059468756226
2020-09-03,41.49,3.725452434344777,-0.01767843460107521
2020-09-04,41.48,3.7252113833613265,-0.00024105098345028608
2020-09-08,40.92,3.711618941083426,-0.013592442277900574
2020-09-09,41.53,3.726416057642662,0.014797116559236212
2020-09-10,40.97,3.7128400915587796,-0.013575966083882562
2020-09-11,40.29,3.696103299203256,-0.016736792355523722
2020-09-14,41.12,3.7164946211469094,0.020391321943653562
2020-09-15,41.02,3.7140597526442347,-0.002434868502674714
2020-09-16,40.19,3.6936182084611096,-0.02044154418312516
2020-09-17,39.67,3.6805952345262387,-0.01302297393487084
2020-09-18,38.48,3.6501386257975055,-0.030456608728733237
2020-09-21,38.55,3.6519561000093383,0.0018174742118328702
2020-09-22,38.6,3.653252276470785,0.001296176461446752
2020-09-23,37.72,3.6301904577652566,-0.02306181870552848
2020-09-24,37.12,3.6141559079179997,-0.01603454984725694
2020-09-25,37.34,3.6200651381135764,0.0059092301955767645
2020-09-28,38.0,3.6375861597263857,0.017521021612809218
2020-09-29,37.76,3.6312503412773,-0.006335818449085817
2020-09-30,38.21,3.6430972614588084,0.011846920181508569
2020-10-01,38.42,3.6485781573404106,0.005480895881602166
2020-10-02,38.48,3.6501386257975055,0.001560468457094899
2020-10-05,39.24,3.6696966346971625,0.019558008899656976
2020-10-06,39.33,3.671987586443718,0.0022909517465556917
2020-10-07,40.18,3.6933693593867885,0.02138177294307031
2020-10-08,40.49,3.7010550300440697,0.007685670657281207
2020-10-09,41.14,3.716980884224811,0.01592585418074144
2020-10-12,41.97,3.7369550773454994,0.019974193120688266
2020-10-13,40.92,3.711618941083426,-0.025336136262073428
2020-10-14,40.62,3.7042605561522386,-0.007358384931187345
2020-10-15,39.0,3.6635616461296463,-0.040698910022592294
2020-10-16,38.44,3.6490985841020915,-0.014463062027554763
2020-10-19,37.77,3.6315151367243654,-0.017583447377726102
2020-10-20,37.54,3.6254070311583626,-0.0061081055660028305
2020-10-21,37.15,3.6149637711637683,-0.010443259994594278
2020-10-22,36.86,3.607126952241677,-0.007836818922091204
2020-10-23,37.17,3.615501984309161,0.0083750320674838
2020-10-26,36.86,3.607126952241677,-0.0083750320674838
2020-10-27,36.05,3.584906863730958,-0.022220088510719105
2020-10-28,34.07,3.5284172316728752,-0.05648963205808277
2020-10-29,33.5,3.5115454388310208,-0.01687179284185447
2020-10-30,34.27,3.5342703358865175,0.02272489705549674
2020-11-02,34.55,3.542407550213679,0.008137214327161413
2020-11-03,35.15,3.5596246182566738,0.017217068042994832
2020-11-04,35.29,3.5635996376871786,0.0039750194305048225
2020-11-05,35.21,3.5613301331669613,-0.002269504520217236
2020-11-06,35.7,3.5751506887855933,0.013820555618631936
2020-11-09,38.21,3.6430972614588084,0.06794657267321513
2020-11-10,38.2,3.6428355156125294,-0.00026174584627902675
2020-11-11,37.4,3.6216707044204863,-0.021164811192043054
2020-11-12,36.74,3.6038660797869797,-0.017804624633506627
2020-11-13,37.98,3.63705970538414,0.033193625597160104
2020-11-16,38.03,3.638375321940168,0.0013156165560284094
2020-11-17,35.03,3.5562048372093953,-0.08217048473077293
2020-11-18,34.26,3.5339784928959737,-0.02222634431342163
2020-11-19,34.21,3.5325179989895132,-0.0014604939064604139
2020-11-20,33.7,3.517497837358316,-0.015020161631197126
2020-11-23,33.33,3.506457892319648,-0.011039945038668009
2020-11-24,33.79,3.5201649007261984,0.013707008406550258
2020-11-25,33.55,3.5130368634176907,-0.00712803730850764
2020-11-27,33.6,3.5145260669691587,0.001489203551467977
2020-11-30,33.15,3.5010427166318716,-0.013483350337287092
2020-12-01,33.65,3.5160130560907366,0.014970339458864945
2020-12-02,34.15,3.530762586016799,0.014749529926062266
2020-12-03,33.81,3.520756616719795,-0.010005969297004036
2020-12-04,34.41,3.538347219809389,0.017590603089594037
2020-12-07,34.25,3.5336865647082343,-0.004660655101154543
2020-12-08,33.97,3.5254777821724925,-0.008208782535741754
2020-12-09,34.13,3.530176762918616,0.0046989807461232935
2020-12-10,34.0,3.5263605246161616,-0.0038162383024542557
2020-12-11,33.6,3.5145260669691587,-0.01183445764700286
2020-12-14,33.45,3.5100517865742376,-0.0044742803949211485
2020-12-15,34.67,3.545874759696932,0.035822973122694446
2020-12-16,35.13,3.559055466277736,0.013180706580803836
2020-12-17,35.39,3.566429294357372,0.007373828079636269
2020-12-18,35.45,3.5681232529781366,0.0016939586207644908
2020-12-21,34.82,3.550191934340043,-0.017931318638093607
2020-12-22,34.36,3.536893097116055,-0.01329883722398817
2020-12-23,34.37,3.5371840908617425,0.0002909937456876399
2020-12-24,34.59,3.5435646229490776,0.0063805320873351334
2020-12-28,34.92,3.5530597309714014,0.009495108022323784
2020-12-29,35.5,3.56953269648137,0.016472965509968684
2020-12-30,35.55,3.5709401562492498,0.001407459767879704
2020-12-31,35.95,3.5821290841670557,0.011188927917805902
2021-01-04,35.27,3.563032744247961,-0.019096339919094873
2021-01-05,36.24,3.5901634811747787,0.02713073692681789
2021-01-06,36.76,3.6044102974874863,0.014246816312707633
2021-01-07,36.56,3.5989547465859495,-0.005455550901536821
2021-01-08,36.75,3.6041382256588457,0.00518347907289618
2021-01-11,36.44,3.5956670723917576,-0.008471153267088027
2021-01-12,35.33,3.5647324613710536,-0.03093461102070405
2021-01-13,36.06,3.585184217775171,0.02045175640411756
2021-01-14,36.16,3.5879535355239756,0.0027693177488044007
2021-01-15,36.33,3.5926438462331105,0.004690310709134948
2021-01-19,36.27,3.590990953294811,-0.0016528929382992885
2021-01-20,36.66,3.6016862424115588,0.010695289116747553
2021-01-21,37.52,3.624874124138024,0.023187881726465243
2021-01-22,37.03,3.6117283949255214,-0.013145729212502566
2021-01-25,36.78,3.604954219176175,-0.006774175749346245
2021-01-26,36.64,3.6011405398059297,-0.0038136793702454597
2021-01-27,35.82,3.578506396632566,-0.022634143173363874
2021-01-28,36.34,3.592919062968025,0.014412666335459345
2021-01-29,35.44,3.56784112573688,-0.025077937231145153
2021-02-01,35.95,3.5821290841670557,0.014287958430175607
2021-02-02,36.64,3.6011405398059297,0.019011455638874075
2021-02-03,37.45,3.6230067099632284,0.021866170157298637
2021-02-04,38.76,3.6573887870225654,0.034382077059337046
2021-02-05,38.96,3.6625354787743345,0.0051466917517690725
2021-02-08,39.57,3.678071255397333,0.015535776622998654
2021-02-09,39.25,3.6699514442284173,-0.008119811168915803
2021-02-10,38.85,3.6597080768136565,-0.01024336741476084
2021-02-11,38.87,3.660222744864132,0.0005146680504752865
2021-02-12,38.39,3.6477970090127063,-0.012425735851425479
2021-02-16,37.93,3.6357423557008075,-0.01205465331189881
2021-02-17,37.5,3.624340932976365,-0.011401422724442334
2021-02-18,37.52,3.624874124138024,0.0005331911616588414
2021-02-19,38.03,3.638375321940168,0.013501197802144205
2021-02-22,39.2,3.6686767467964168,0.030301424856248538
2021-02-23,38.75,3.657130755799356,-0.011545990997060773
2021-02-24,39.53,3.677059877308594,0.01992912150923809
2021-02-25,39.67,3.6805952345262387,0.0035353572176446413
2021-02-26,38.78,3.6579046498145056,-0.02269058471173313
2021-03-01,38.9,3.6609942506244004,0.0030896008098948435
2021-03-02,38.76,3.6573887870225654,-0.0036054636018350017
2021-03-03,38.82,3.658935577740864,0.0015467907182986629
2021-03-04,37.93,3.6357423557008075,-0.023193222040056583
2021-03-05,39.54,3.6773128177424708,0.04157046204166326
2021-03-08,39.52,3.6768068728796672,-0.0005059448628035312
2021-03-09,39.55,3.677565694213663,0.0007588213339957406
2021-03-10,39.34,3.672241812960913,-0.005323881252750073
2021-03-11,38.65,3.654546775033431,-0.017695037927481838
2021-03-12,38.85,3.6597080768136565,0.005161301780225447
2021-03-15,39.4,3.673765816303888,0.01405773949023148
2021-03-16,38.86,3.659965443949294,-0.013800372354594082
2021-03-17,38.88,3.6604799795922385,0.0005145356429445691
2021-03-18,38.19,3.6425737012374246,-0.017906278354813843
2021-03-19,38.17,3.6420498667571386,-0.000523834480286034
2021-03-22,38.23,3.6436205477083212,0.0015706809511826236
2021-03-23,37.24,3.617383452408866,-0.02623709529945506
2021-03-24,37.58,3.6264719939853194,0.009088541576453224
2021-03-25,37.92,3.6354786773868213,0.009006683401501903
2021-03-26,38.22,3.643358938812127,0.007880261425305513
2021-03-29,38.59,3.6529931755495273,0.009634236737400492
2021-03-30,38.96,3.6625354787743345,0.009542303224807203
2021-03-31,38.65,3.654546775033431,-0.007988703740903436
2021-04-01,38.58,3.652734007477583,-0.0018127675558479162
2021-04-05,39.04,3.664586761544892,0.01185275406730879
2021-04-06,38.95,3.6622787723167574,-0.002307989228134577
2021-04-07,38.85,3.6597080768136565,-0.0025706955031008505
2021-04-08,38.72,3.656356262408376,-0.003351814405280429
2021-04-09,39.32,3.671733295278966,0.01537703287058978
2021-04-12,39.34,3.672241812960913,0.0005085176819470405
2021-04-13,39.41,3.6740195912069122,0.0017777782459993396
2021-04-14,39.67,3.6805952345262387,0.006575643319326474
2021-04-15,40.86,3.710151589389476,0.029556354863237377
2021-04-16,40.91,3.711374531941307,0.0012229425518310855
2021-04-19,40.88,3.7106409458954492,-0.0007335860458579369
2021-04-20,41.13,3.716737782242333,0.006096836346883627
2021-04-21,42.31,3.7450234647319762,0.02828568248964336
2021-04-22,42.57,3.751149779840061,0.00612631510808459
2021-04-23,42.73,3.7549012496559335,0.00375146981587271
2021-04-26,42.27,3.7440776145786985,-0.01082363507723505
2021-04-27,42.41,3.747384183486499,0.0033065689078006777
2021-04-28,44.24,3.7896293572140793,0.04224517372758019
2021-04-29,44.1,3.7864597824528,-0.0031695747612792147
2021-04-30,43.6,3.775057150354989,-0.011402632097811338
2021-05-03,43.63,3.775744987135518,0.0006878367805294161
2021-05-04,43.33,3.768845235751818,-0.006899751383700359
2021-05-05,43.09,3.763290951627747,-0.005554284124070996
2021-05-06,43.04,3.762129915853529,-0.001161035774218
2021-05-07,43.13,3.764218810659752,0.002088894806222985
2021-05-10,43.25,3.7669972333778885,0.002778422718136664
2021-05-11,42.53,3.750209709265542,-0.016787524112346297
2021-05-12,41.35,3.7220724214697003,-0.028137287795841903
2021-05-13,41.61,3.72834052299485,0.006268101525149561
2021-05-14,41.55,3.7268975213014572,-0.0014430016933926204
2021-05-17,41.72,3.7309806301325716,0.0040831088311144015
2021-05-18,41.77,3.732178378509084,0.0011977483765122088
2021-05-19,41.43,3.7240052560893107,-0.008173122419773193
2021-05-20,41.92,3.735763040012787,0.01175778392347615
2021-05-21,42.11,3.740285242173836,0.004522202161049371
2021-05-24,42.8,3.756538102587751,0.016252860413914938
2021-05-25,43.03,3.7618975468505083,0.00535944426275714
2021-05-26,41.83,3.733613785454107,-0.028283761396401097
2021-05-27,41.96,3.7367167835280966,0.0031029980739893936
2021-05-28,42.55,3.750679855019383,0.013963071491286616
2021-06-01,42.93,3.7595708822364693,0.008891027217086123
2021-06-02,41.61,3.72834052299485,-0.031230359241619432
2021-06-03,41.35,3.7220724214697003,-0.006268101525149561
2021-06-04,42.03,3.7383836490170252,0.016311227547324947
2021-06-07,42.14,3.740997408376043,0.0026137593590176422
2021-06-08,42.02,3.7381456954168546,-0.0028517129591882906
2021-06-09,42.33,3.745496054532832,0.007350359115977589
2021-06-10,42.84,3.757472245579548,0.01197619104671599
2021-06-11,42.91,3.7591048990034333,0.0016326534238850776
2021-06-14,42.54,3.750444809772091,-0.008660089231342205
2021-06-15,42.75,3.755369195382769,0.004924385610677984
2021-06-16,42.78,3.7560707036542595,0.0007015082714905141
2021-06-17,43.35,3.769306703226551,0.01323599957229149
2021-06-18,43.02,3.761665123839584,-0.007641579386966857
2021-06-21,43.6,3.775057150354989,0.01339202651540461
2021-06-22,43.83,3.780318514430718,0.00526136407572908
2021-06-23,43.79,3.779405480813307,-0.0009130336174107967
2021-06-24,43.71,3.7775769088752233,-0.0018285719380837229
2021-06-25,44.1,3.7864597824528,0.008882873577576778
2021-06-28,43.33,3.768845235751818,-0.01761454670098228
2021-06-29,43.23,3.7665346986795405,-0.002310537072277352
2021-06-30,42.76,3.7556030861568446,-0.010931612522695922
2021-07-01,43.36,3.769537357131391,0.013934270974546248
2021-07-02,43.92,3.7823697972012753,0.012832440069884488
2021-07-06,43.62,3.775515760773483,-0.006854036427792476
2021-07-07,43.93,3.782597457987688,0.007081697214205374
2021-07-08,43.34,3.769075996108213,-0.013521461879475005
2021-07-09,43.59,3.774827766250301,0.005751770142087942
2021-07-12,43.49,3.772531026609547,-0.002296739640754275
2021-07-13,43.06,3.762594491936217,-0.009936534673329778
2021-07-14,42.74,3.755135249891002,-0.0074592420452153085
2021-07-15,42.16,3.741471904233107,-0.013663345657894954
2021-07-16,42.1,3.7400477406883357,-0.001424163544771151
2021-07-19,41.23,3.7191661467188086,-0.020881593969527046
2021-07-20,42.79,3.7563044304287256,0.03713828370991701
2021-07-21,43.58,3.774598329516474,0.018293899087748144
2021-07-22,43.55,3.7739097032985116,-0.0006886262179621738
2021-07-23,44.12,3.786913194385302,0.01300349108679022
2021-07-26,43.97,3.7835075831927187,-0.003405611192583091
2021-07-27,45.51,3.8179320820285505,0.03442449883583176
2021-07-28,45.43,3.816172679771312,-0.0017594022572384738
2021-07-29,45.32,3.8137484361598055,-0.0024242436115065047
2021-07-30,45.6,3.8199077165203406,0.0061592803605350355
2021-08-02,45.88,3.82602929226117,0.006121575740829499
2021-08-03,45.54,3.8185910606355935,-0.007438231625576552
2021-08-04,44.26,3.7900813346229034,-0.028509726012690084
2021-08-05,44.65,3.798854307322508,0.00877297269960442
2021-08-06,44.7,3.7999735016195233,0.0011191942970154578
2021-08-09,43.81,3.779862101825807,-0.020111399793716345
2021-08-10,42.65,3.753027273937688,-0.026834827888118973
2021-08-11,43.63,3.775744987135518,0.022717713197830225
2021-08-12,44.07,3.7857792788538958,0.010034291718377553
2021-08-13,44.33,3.7916616487569623,0.005882369903066564
2021-08-16,44.66,3.799078246412012,0.007416597655049539
2021-08-17,45.15,3.8099902798629945,0.010912033450982683
2021-08-18,44.09,3.7862329993698465,-0.02375728049314807
2021-08-19,44.27,3.7903072467440495,0.004074247374203033
2021-08-20,44.44,3.7941399647714293,0.0038327180273798334
2021-08-23,43.99,3.7839623353606284,-0.010177629410800915
2021-08-24,44.85,3.803323588504805,0.019361253144176693
2021-08-25,44.81,3.802431328798052,-0.0008922597067533289
2021-08-26,44.66,3.799078246412012,-0.0033530823860399295
2021-08-27,44.8,3.8022081394209395,0.003129893008927631
2021-08-30,44.83,3.802877558167348,0.0006694187464084678
2021-08-31,45.15,3.8099902798629945,0.007112721695646584
2021-09-01,45.58,3.819469023817538,0.0094787439545434
2021-09-02,45.06,3.8079949350040985,-0.011474088813439476
2021-09-03,44.92,3.8048831298702424,-0.003111805133856116
2021-09-07,45.1,3.8088822465086327,0.003999116638390365
2021-09-08,45.51,3.8179320820285505,0.009049835519917782
2021-09-09,45.41,3.8157323451098595,-0.00219973691869102
2021-09-10,44.46,3.7945899085360506,-0.021142436573808876
2021-09-13,44.21,3.788951007838152,-0.005638900697898741
2021-09-14,44.85,3.803323588504805,0.014372580666653256
2021-09-15,45.01,3.806884687304841,0.0035610988000360777
2021-09-16,44.9,3.8044377947482086,-0.0024468925566325517
2021-09-17,44.37,3.792563565390818,-0.011874229357390576
2021-09-20,43.64,3.77597416096487,-0.01658940442594803
2021-09-21,43.36,3.769537357131391,-0.006436803833479221
2021-09-22,44.31,3.7912103852113983,0.021673028080007484
2021-09-23,45.0,3.8066624897703196,0.01545210455892132
2021-09-24,44.7,3.7999735016195233,-0.006688988150796327
2021-09-27,44.46,3.7945899085360506,-0.005383593083472693
2021-09-28,43.67,3.7766613674974696,-0.017928541038580992
2021-09-29,43.89,3.7816865037001426,0.005025136202672975
2021-09-30,43.39,3.7702289998102594,-0.011457503889883203
2021-10-01,43.8,3.7796338173824005,0.009404817572141067
2021-10-04,42.41,3.747384183486499,-0.0322496338959013
2021-10-05,42.44,3.7480913137457823,0.0007071302592831508
2021-10-06,42.86,3.7579389900454307,0.009847676299648445
2021-10-07,43.62,3.775515760773483,0.017576770728052082
2021-10-08,43.16,3.764914140389934,-0.010601620383548838
2021-10-11,42.14,3.740997408376043,-0.023916732013891107
2021-10-12,42.09,3.7398101827824792,-0.0011872255935636566
2021-10-13,41.79,3.732657076459824,-0.0071531063226553115
2021-10-14,43.25,3.7669972333778885,0.03434015691806458
2021-10-15,43.4,3.770459441106359,0.003462207728470723
2021-10-18,42.8,3.756538102587751,-0.013921338518608106
2021-10-19,44.13,3.7871398232814557,0.030601720693704593
2021-10-20,44.47,3.794814804522605,0.007674981241149403
2021-10-21,44.87,3.803769419987892,0.008954615465286864
2021-10-22,44.84,3.8031005982039594,-0.0006688217839325716
2021-10-25,44.49,3.7952644448179504,-0.00783615338600896
2021-10-26,44.32,3.7914360424390283,-0.0038284023789221244
2021-10-27,43.73,3.778034365424829,-0.013401677014199365
2021-10-28,43.24,3.7667659927710075,-0.011268372653821412
2021-10-29,43.13,3.764218810659752,-0.002547182111255708
2021-11-01,42.8,3.756538102587751,-0.007680708072000719
2021-11-02,43.21,3.766071949943842,0.009533847356090863
2021-11-03,42.91,3.7591048990034333,-0.0069670509404087255
2021-11-04,42.5,3.7495040759303713,-0.009600823073061981
2021-11-05,43.16,3.764914140389934,0.015410064459562722
2021-11-08,43.35,3.769306703226551,0.004392562836617042
2021-11-09,42.79,3.7563044304287256,-0.013002272797825398
2021-11-10,42.45,3.7483269127573564,-0.007977517671369228
2021-11-11,41.96,3.7367167835280966,-0.011610129229259858
2021-11-12,42.07,3.7393348976024297,0.0026181140743331
2021-11-15,41.34,3.7218305542536223,-0.01750434334880735
2021-11-16,41.42,3.723763855967438,0.0019333017138158937
2021-11-17,41.61,3.72834052299485,0.004576667027411663
2021-11-18,41.21,3.718680945350726,-0.009659577644123729
2021-11-19,41.03,3.714303506454095,-0.004377438896631336
2021-11-22,40.7,3.7062280924485496,-0.008075414005545234
2021-11-23,40.23,3.694612985961697,-0.0116151064868526
2021-11-24,40.7,3.7062280924485496,0.0116151064868526
2021-11-26,38.57,3.6524747722201365,-0.05375332022841306
2021-11-29,38.59,3.6529931755495273,0.000518403329390793
2021-11-30,38.07,3.639426570394406,-0.013566605155121092
2021-12-01,38.14,3.641263600172273,0.0018370297778669276
2021-12-02,39.6,3.6788291182604347,0.037565518088161554
2021-12-03,39.46,3.6752875005944694,-0.00354161766596528
2021-12-06,40.7,3.7062280924485496,0.030940591854080157
2021-12-07,41.4,3.7232808808312687,0.017052788382719175
2021-12-08,41.66,3.729541435832826,0.006260555001557311
2021-12-09,41.28,3.720378121173307,-0.009163314659518917
2021-12-10,41.17,3.7177098357818132,-0.0026682853914938853
2021-12-13,41.43,3.7240052560893107,0.0062954203074974124
2021-12-14,40.85,3.709906821306012,-0.014098434783298863
2021-12-15,40.24,3.6948615257914836,-0.015045295514528156
2021-12-16,40.43,3.6995720836526793,0.0047105578611956744
2021-12-17,40.86,3.710151589389476,0.01057950573679678
2021-12-20,39.5,3.676300671907076,-0.03385091748239999
2021-12-21,41.11,3.716251400909787,0.039950729002710794
2021-12-22,42.16,3.741471904233107,0.02522050332331993
2021-12-23,42.72,3.7546671946519394,0.013195290418832606
2021-12-27,43.12,3.7639869266007415,0.00931973194880209
2021-12-28,43.24,3.7667659927710075,0.00277906617026602
2021-12-29,43.17,3.765145809567386,-0.0016201832036215613
2021-12-30,42.99,3.76096753050819,-0.004178279059195766
2021-12-31,42.48,3.749033376933683,-0.011934153574507
2022-01-03,43.12,3.7639869266007415,0.014953549667058308
2022-01-04,43.64,3.77597416096487,0.011987234364128518
2022-01-05,43.05,3.7623622308737397,-0.013611930091130375
2022-01-06,42.59,3.751619483935122,-0.010742746938617653
2022-01-07,42.11,3.740285242173836,-0.011334241761285835
2022-01-10,42.41,3.747384183486499,0.007098941312662976
2022-01-11,43.4,3.770459441106359,0.023075257619860068
2022-01-12,44.41,3.7934646693040106,0.023005228197651384
2022-01-13,44.57,3.7970609869584644,0.0035963176544537845
2022-01-14,44.86,3.803546529092062,0.006485542133597644
2022-01-18,44.22,3.7891771754293,-0.014369353662762041
2022-01-19,44.05,3.7853253523821886,-0.0038518230471114023
2022-01-20,43.45,3.7716108517114013,-0.013714500670787277
2022-01-21,42.97,3.7605021977869035,-0.01110865392449778
2022-01-24,42.66,3.753261713043204,-0.007240484743699316
2022-01-25,42.51,3.749739342370699,-0.0035223706725053816
2022-01-26,43.04,3.762129915853529,0.012390573482830014
2022-01-27,43.23,3.7665346986795405,0.004404782826011644
2022-01-28,42.74,3.755135249891002,-0.011399448788538713
2022-01-31,42.9,3.758871825933971,0.0037365760429692862
2022-02-01,43.5,3.7727609380946383,0.013889112160667239
2022-02-02,41.44,3.7242465979512276,-0.04851434014341072
2022-02-03,42.61,3.7520889675118205,0.02784236956059294
2022-02-04,42.77,3.7558369222388173,0.0037479547269967384
2022-02-07,42.91,3.7591048990034333,0.0032679767646159874
2022-02-08,44.16,3.78781940196884,0.028714502965406563
2022-02-09,44.75,3.8010914447208646,0.01327204275202476
2022-02-10,43.75,3.7784916128036232,-0.022599831917241353
2022-02-11,43.11,3.763754988759043,-0.014736624044580093
2022-02-14,42.73,3.7549012496559335,-0.008853739103109604
2022-02-15,44.01,3.784416880823,0.02951563116706657
2022-02-16,44.19,3.7884985191426486,0.004081638319648473
2022-02-17,42.83,3.7572387916272794,-0.03125972751536921
2022-02-18,42.55,3.750679855019383,-0.006558936607896193
2022-02-22,42.98,3.7607348912143643,0.01005503619498116
2022-02-23,43.71,3.7775769088752233,0.01684201766085902
2022-02-24,43.95,3.783052624131186,0.005475715255962577
2022-02-25,45.1,3.8088822465086327,0.025829622377446793
2022-02-28,44.17,3.7880458256084353,-0.02083642090019744
2022-03-01,43.36,3.769537357131391,-0.01850846847704446
2022-03-02,43.9,3.7819143200811256,0.012376962949734782
2022-03-03,43.96,3.7832801295354206,0.0013658094542949861
2022-03-04,43.96,3.7832801295354206,0.0
2022-03-07,42.55,3.750679855019383,-0.03260027451603742
2022-03-08,40.9,3.711130063048756,-0.03954979197062736
2022-03-09,42.07,3.7393348976024297,0.02820483455367384
2022-03-10,41.74,3.7314599016490546,-0.007874995953375041
2022-03-11,41.7,3.730501128804756,-0.0009587728442985721
2022-03-14,41.9,3.735285826928092,0.004784698123335929
2022-03-15,42.66,3.753261713043204,0.01797588611511225
2022-03-16,43.84,3.7805466426397603,0.02728492959655604
2022-03-17,44.21,3.788951007838152,0.008404365198391606
2022-03-18,44.22,3.7891771754293,0.0002261675911481298
2022-03-21,44.32,3.7914360424390283,0.002258867009728327
2022-03-22,43.74,3.778263015248622,-0.013173027190406472
2022-03-23,42.3,3.744787086052232,-0.03347592919638975
2022-03-24,42.87,3.7581722806098856,0.013385194557653524
2022-03-25,43.5,3.7727609380946383,0.014588657484752687
2022-03-28,44.27,3.7903072467440495,0.017546308649411202
2022-03-29,44.85,3.803323588504805,0.013016341760755612
2022-03-30,44.7,3.7999735016195233,-0.003350086885281822
2022-03-31,44.29,3.790758917935107,-0.00921458368441641
2022-04-01,44.99,3.806440242853081,0.015681324917974138
2022-04-04,44.16,3.78781940196884,-0.018620840884241208
2022-04-05,44.35,3.7921127087555884,0.004293306786748552
2022-04-06,44.58,3.797285327957723,0.00517261920213441
2022-04-07,44.96,3.8057732055854356,0.008487877627712859
2022-04-08,44.84,3.8031005982039594,-0.002672607381476233
2022-04-11,44.22,3.7891771754293,-0.01392342277465941
2022-04-12,43.76,3.7787201581137255,-0.010457017315574468
2022-04-13,44.43,3.7939149169478172,0.015194758834091715
2022-04-14,44.25,3.7898553714539385,-0.004059545493878769
2022-04-18,43.74,3.778263015248622,-0.011592356205316623
2022-04-19,45.72,3.8225358389266098,0.044272823677987905
2022-04-20,47.1,3.8522730010223722,0.029737162095762493
2022-04-21,46.31,3.8353579204926604,-0.0169150805297118
2022-04-22,43.9,3.7819143200811256,-0.05344360041153484
2022-04-25,44.59,3.7975096186393853,0.015595298558259696
2022-04-26,42.6,3.751854253275325,-0.04565536536406034
2022-04-27,43.06,3.762594491936217,0.010740238660892132
2022-04-28,42.73,3.7549012496559335,-0.007693242280283563
2022-04-29,42.11,3.740285242173836,-0.014616007482097348
2022-05-02,41.63,3.728821061206884,-0.011464180966952231
2022-05-03,41.77,3.732178378509084,0.0033573173021999025
2022-05-04,42.75,3.755369195382769,0.023190816873685183
2022-05-05,42.03,3.7383836490170252,-0.016985546365743787
2022-05-06,40.85,3.709906821306012,-0.028476827711013453
2022-05-09,38.29,3.6451887654892032,-0.06471805581680856
2022-05-10,38.65,3.654546775033431,0.00935800954422783
2022-05-11,38.74,3.65687265797885,0.002325882945418911
2022-05-12,38.79,3.6581624814518756,0.001289823473025642
2022-05-13,39.66,3.68034312309165,0.02218064163977429
2022-05-16,39.82,3.6843692986360503,0.004026175544400434
2022-05-17,41.32,3.721346644251438,0.03697734561538768
2022-05-18,40.23,3.694612985961697,-0.026733658289741058
2022-05-19,39.49,3.676047475298558,-0.01856551066313905
2022-05-20,39.22,3.6691868207682004,-0.006860654530357557
2022-05-23,39.89,3.686125665917315,0.016938845149114812
2022-05-24,40.15,3.6926224403927708,0.006496774475455602
2022-05-25,40.09,3.6911269266544156,-0.0014955137383552142
2022-05-26,40.14,3.692373343368192,0.0012464167137764548
2022-05-27,41.2,3.7184382563554808,0.026064912987288746
2022-05-31,41.01,3.713815939403968,-0.004622316951512939
2022-06-01,39.92,3.686877451443263,-0.026938487960704638
2022-06-02,40.67,3.7054907199191334,0.018613268475870193
2022-06-03,39.91,3.686626919060642,-0.018863800858491153
2022-06-06,39.38,3.6732580732109796,-0.01336884584966258
2022-06-07,39.58,3.6783239401744194,0.005065866963439802
2022-06-08,39.11,3.666378188767423,-0.011945751406996497
2022-06-09,37.97,3.636796374243711,-0.02958181452371189
2022-06-10,37.23,3.6171148878846253,-0.01968148635908573
2022-06-13,36.41,3.594843462187342,-0.02227142569728313
2022-06-14,35.24,3.562181801067979,-0.032661661119363306
2022-06-15,36.03,3.5843519247600018,0.02217012369202287
2022-06-16,35.51,3.5698143469549963,-0.01453757780500542
2022-06-17,36.01,3.583796677660784,0.013982330705787582
2022-06-21,36.3,3.591817741270805,0.008021063610021084
2022-06-22,37.03,3.6117283949255214,0.019910653654716448
2022-06-23,36.94,3.609294974771094,-0.0024334201544276013
2022-06-24,38.02,3.6381123370602833,0.028817362289189408
2022-06-27,37.82,3.6328380632303117,-0.0052742738299715874
2022-06-28,37.5,3.624340932976365,-0.008497130253946494
2022-06-29,37.8,3.632309102625542,0.007968169649176904
2022-06-30,37.27,3.618188713491167,-0.014120389134375078
2022-07-01,38.01,3.6378492830011573,0.01966056950999029
2022-07-05,37.76,3.6312503412773,-0.006598941723857443
2022-07-06,37.66,3.628598523229006,-0.0026518180482937304
2022-07-07,37.85,3.6336309798834576,0.0050324566544515115
2022-07-08,37.84,3.6333667441836774,-0.0002642356997801798
2022-07-11,37.51,3.624607564093796,-0.008759180089881635
2022-07-12,36.88,3.607669398688393,-0.016938165405402827
2022-07-13,36.77,3.6046822953131805,-0.002987103375212463
2022-07-14,36.71,3.603049197508743,-0.0016330978044374334
2022-07-15,37.55,3.6256733782101436,0.022624180701400487
2022-07-18,37.17,3.615501984309161,-0.01017139390098265
2022-07-19,37.71,3.6299253112702656,0.01442332696110471
2022-07-20,37.28,3.6184569898173904,-0.01146832145287524
2022-07-21,38.12,3.6407390787860012,0.022282088968610836
2022-07-22,38.12,3.6407390787860012,0.0
2022-07-25,38.0,3.6375861597263857,-0.0031529190596155665
2022-07-26,37.96,3.636532973741727,-0.0010531859846585334
2022-07-27,40.31,3.6965995771290743,0.06006660338734715
2022-07-28,41.16,3.717466910965849,0.020867333836774637
2022-07-29,41.05,3.714790835898437,-0.002676075067411965
2022-08-01,41.05,3.714790835898437,0.0
2022-08-02,41.46,3.7247291070076334,0.009938271109196428
2022-08-03,41.62,3.7285808209654885,0.0038517139578551074
2022-08-04,41.23,3.7191661467188086,-0.009414674246679855
2022-08-05,40.94,3.7121075802331434,-0.007058566485665274
2022-08-08,40.97,3.7128400915587796,0.0007325113256362314
2022-08-09,41.03,3.714303506454095,0.001463414895315207
2022-08-10,41.86,3.7343307170178535,0.02002721056375867
2022-08-11,41.76,3.731938943574383,-0.002391773443470413
2022-08-12,42.33,3.745496054532832,0.013557110958449137
2022-08-15,42.15,3.7412346844478646,-0.004261370084967631
2022-08-16,42.35,3.7459684210980635,0.004733736650198939
2022-08-17,42.43,3.7478556592142334,0.0018872381161698648
2022-08-18,42.63,3.752558230777119,0.004702571562885449
2022-08-19,42.02,3.7381456954168546,-0.014412535360264211
2022-08-22,41.26,3.7198935076431057,-0.01825218777374893
2022-08-23,40.86,3.710151589389476,-0.009741918253629578
2022-08-24,41.15,3.717223927123079,0.007072337733602829
2022-08-25,41.78,3.7324177561284198,0.015193829005340831
2022-08-26,40.52,3.7017956793804827,-0.030622076747937044
2022-08-29,40.39,3.6985822295753215,-0.0032134498051612503
2022-08-30,40.04,3.68987895444702,-0.008703275128301602
2022-08-31,40.31,3.6965995771290743,0.006720622682054422
2022-09-01,40.99,3.7133281345162463,0.01672855738717205
2022-09-02,40.49,3.7010550300440697,-0.012273104472176666
2022-09-06,40.38,3.6983346128846915,-0.002720417159378208
2022-09-07,41.47,3.7249702742582897,0.026635661373598296
2022-09-08,42.71,3.754433084853375,0.029462810595085376
2022-09-09,42.94,3.759803792450635,0.005370707597259994
2022-09-12,43.46,3.7718409748282835,0.012037182377648392
2022-09-13,42.18,3.7419461750506287,-0.029894799777654857
2022-09-14,42.07,3.7393348976024297,-0.002611277448199001
2022-09-15,42.2,3.742420221041966,0.0030853234395364915
2022-09-16,41.7,3.730501128804756,-0.011919092237210105
2022-09-19,41.18,3.717952701599643,-0.012548427205112844
2022-09-20,40.43,3.6995720836526793,-0.018380617946963884
2022-09-21,39.76,3.6828613817883733,-0.01671070186430601
2022-09-22,39.3,3.6712245188752153,-0.01163686291315802
2022-09-23,38.9,3.6609942506244004,-0.010230268250814856
2022-09-26,38.36,3.6470152500152375,-0.013979000609162906
2022-09-27,38.14,3.641263600172273,-0.00575164984296439
2022-09-28,39.13,3.666889436222321,0.02562583605004809
2022-09-29,39.34,3.672241812960913,0.00535237673859168
2022-09-30,38.73,3.6566144935266607,-0.015627319434252218
2022-10-03,39.88,3.6858749450936377,0.029260451566976986
2022-10-04,41.03,3.714303506454095,0.028428561360457127
2022-10-05,41.3,3.720862499966987,0.00655899351289202
2022-10-06,40.65,3.7049988359938197,-0.015863663973167075
2022-10-07,39.76,3.6828613817883733,-0.02213745420544644
2022-10-10,39.64,3.6798387094617873,-0.00302267232658604
2022-10-11,39.56,3.6778185067545115,-0.0020202027072757645
2022-10-12,39.6,3.6788291182604347,0.0010106115059231868
2022-10-13,40.35,3.6975913947159578,0.018762276455523086
2022-10-14,39.98,3.6883793290722537,-0.009212065643704026
2022-10-17,40.86,3.710151589389476,0.021772260317222347
2022-10-18,41.08,3.7155213850603572,0.005369795670881139
2022-10-19,40.96,3.7125959807312525,-0.0029254043291047083
2022-10-20,40.23,3.694612985961697,-0.01798299476955556
2022-10-21,40.57,3.703028877218356,0.00841589125665898
2022-10-24,40.98,3.7130841428107537,0.010055265592397777
2022-10-25,41.3,3.720862499966987,0.0077783571562330955
2022-10-26,41.79,3.732657076459824,0.011794576492837106
2022-10-27,41.58,3.727619282429867,-0.005037794029957077
2022-10-28,43.16,3.764914140389934,0.03729485796006715
2022-10-31,43.11,3.763754988759043,-0.0011591516308908645
2022-11-01,42.76,3.7556030861568446,-0.008151902602198557
2022-11-02,41.93,3.7360015611826713,-0.019601524974173223
2022-11-03,41.53,3.726416057642662,-0.0095855035400092
2022-11-04,41.59,3.7278597537548204,0.0014436961121582215
2022-11-07,41.96,3.7367167835280966,0.008857029773276182
2022-11-08,41.92,3.735763040012787,-0.0009537435153097462
2022-11-09,42.06,3.7390971702745537,0.0033341302617668767
2022-11-10,43.76,3.7787201581137255,0.03962298783917184
2022-11-11,42.52,3.749974553473747,-0.028745604639978328
2022-11-14,42.24,3.743367639398006,-0.006606914075740988
2022-11-15,42.42,3.7476199491365363,0.00425230973853008
2022-11-16,42.98,3.7607348912143643,0.01311494207782804
2022-11-17,42.2,3.742420221041966,-0.018314670172398184
2022-11-18,42.96,3.7602694502006093,0.017849229158643176
2022-11-21,42.94,3.759803792450635,-0.00046565774997420206
2022-11-22,43.54,3.7736800558064014,0.013876263355766305
2022-11-23,43.89,3.7816865037001426,0.008006447893741164
2022-11-25,44.15,3.787592927049969,0.005906423349826273
2022-11-28,43.79,3.779405480813307,-0.008187446236661788
2022-11-29,44.5,3.7954891891721947,0.016083708358887616
2022-11-30,45.27,3.8126445614478675,0.017155372275672764
2022-12-01,46.12,3.8312466954008584,0.01860213395299093
2022-12-02,46.6,3.8416005411316,0.010353845730741718
2022-12-05,45.42,3.8159525366774125,-0.02564800445418758
2022-12-06,45.16,3.810211739281461,-0.005740797395951347
2022-12-07,45.63,3.8205653949393112,0.01035365565785007
2022-12-08,46.32,3.83557383326474,0.015008438325428752
2022-12-09,46.23,3.833628938000134,-0.0019448952646059503
2022-12-12,47.13,3.8529097409356394,0.01928080293550538
2022-12-13,47.2,3.8543938925915096,0.001484151655870125
2022-12-14,47.18,3.853970073979529,-0.00042381861198048654
2022-12-15,46.32,3.83557383326474,-0.01839624071478907
2022-12-16,45.81,3.8245024078986507,-0.011071425366089294
2022-12-19,45.8,3.824284091120139,-0.00021831677851169573
2022-12-20,45.84,3.8251570724064843,0.0008729812863452757
2022-12-21,46.08,3.830379016387636,0.005221943981151611
2022-12-22,46.15,3.8318969609488613,0.0015179445612254483
2022-12-23,46.06,3.8299448943925394,-0.001952066556321963
2022-12-27,46.24,3.833845224364122,0.003900329971582739
2022-12-28,45.78,3.8238473145244205,-0.009997909839701613
2022-12-29,46.35,3.836221292011864,0.012373977487443621
2022-12-30,46.27,3.8344938029189084,-0.0017274890929557252
2023-01-03,46.01,3.8288587641673772,-0.005635038751531152
2023-01-04,46.5,3.8394523125933104,0.010593548425933186
2023-01-05,45.76,3.8234103470715426,-0.016041965521767843
2023-01-06,46.33,3.835789699428557,0.012379352357014373
2023-01-09,45.59,3.8196883942253503,-0.01610130520320663
2023-01-10,46.06,3.8299448943925394,0.010256500167189042
2023-01-11,45.81,3.8245024078986507,-0.005442486493888676
2023-01-12,46.71,3.8439582745140166,0.019455866615365913
2023-01-13,46.53,3.8400972658565573,-0.0038610086574593083
2023-01-17,46.04,3.829510583853682,-0.010586682002875492
2023-01-18,45.09,3.8086604924329928,-0.020850091420689054
2023-01-19,45.46,3.8168328184243974,0.008172325991404605
2023-01-20,45.62,3.820346216856242,0.0035133984318447276
2023-01-23,45.85,3.825375198702474,0.005028981846231684
2023-01-24,45.84,3.8251570724064843,-0.00021812629598949584
2023-01-25,46.12,3.8312466954008584,0.0060896229943741
2023-01-26,46.35,3.836221292011864,0.004974596611005744
2023-01-27,45.91,3.826682958261131,-0.009538333750733319
2023-01-30,45.81,3.8245024078986507,-0.002180550362480105
2023-01-31,46.25,3.834061463958434,0.009559056059783355
2023-02-01,47.54,3.861571461932048,0.027509997973613753
2023-02-02,48.07,3.8726582819058692,0.011086819973821438
2023-02-03,48.5,3.8815637979434374,0.008905516037568173
2023-02-06,47.66,3.8640924716705958,-0.017471326272841647
2023-02-07,48.09,3.873074255289571,0.008981783618975392
2023-02-08,47.59,3.862622655133019,-0.010451600156552221
2023-02-09,47.06,3.8514233832992164,-0.011199271833802538
2023-02-10,47.23,3.8550292839080256,0.003605900608809165
2023-02-13,47.69,3.864721732310133,0.009692448402107257
2023-02-14,47.28,3.856087373097843,-0.008634359212289944
2023-02-15,47.29,3.8562988566557843,0.0002114835579414276
2023-02-16,46.48,3.8390221125436557,-0.01727674411212865
2023-02-17,46.54,3.8403121578741457,0.0012900453304900417
2023-02-21,46.23,3.833628938000134,-0.006683219874011659
2023-02-22,46.61,3.8418151103846494,0.008186172384515356
2023-02-23,47.18,3.853970073979529,0.012154963594879664
2023-02-24,47.01,3.850360345036039,-0.003609728943489987
2023-02-27,46.82,3.846310462062765,-0.004049882973274244
2023-02-28,46.72,3.8441723385199715,-0.002138123542793302
2023-03-01,46.82,3.846310462062765,0.002138123542793302
2023-03-02,47.25,3.855452653939752,0.00914219187698695
2023-03-03,47.82,3.867443962030179,0.011991308090427033
2023-03-06,47.74,3.865769620910684,-0.0016743411194948266
2023-03-07,47.02,3.8505730431119236,-0.01519657779876038
2023-03-08,46.89,3.847804433101495,-0.002768610010428496
2023-03-09,47.06,3.8514233832992164,0.0036189501977212934
2023-03-10,46.48,3.8390221125436557,-0.012401270755560745
2023-03-13,47.6,3.8628327612373745,0.02381064869371885
2023-03-14,48.31,3.8776385785663154,0.014805817328940929
2023-03-15,47.97,3.8705758155139725,-0.007062763052342991
2023-03-16,48.3,3.877431560658527,0.006855745144554337
2023-03-17,47.95,3.8701588013294472,-0.007272759329079559
2023-03-20,48.83,3.888344878073569,0.01818607674412176
2023-03-21,48.84,3.888549649242504,0.00020477116893502512
2023-03-22,48.07,3.8726582819058692,-0.015891367336634765
2023-03-23,47.94,3.869950229006238,-0.0027080528996310527
2023-03-24,48.22,3.875773872753025,0.0058236437467868996
2023-03-27,48.33,3.8780524858569927,0.002278613103967597
2023-03-28,48.6,3.883623530906448,0.005571045049455492
2023-03-29,49.08,3.8934516198427107,0.009828088936262525
2023-03-30,49.6,3.903990833730882,0.01053921388817125
2023-03-31,50.03,3.912622825500114,0.008631991769231906
2023-04-03,49.72,3.9064072666425105,-0.006215558857603387
2023-04-04,50.07,3.9134220263418533,0.007014759699342843
2023-04-05,50.74,3.9267145541711357,0.013292527829282363
2023-04-06,50.08,3.913621726791843,-0.013092827379292515
2023-04-10,50.34,3.91879998970717,0.005178262915326748
2023-04-11,50.73,3.9265174515785985,0.0077174618714286325
2023-04-12,51.11,3.933980172780188,0.007462721201589417
2023-04-13,51.5,3.9415818076696905,0.0076016348895024954
2023-04-14,51.77,3.94681083091381,0.005229023244119446
2023-04-17,51.74,3.946231176757883,-0.0005796541559268675
2023-04-18,51.61,3.9437154521606357,-0.0025157245972473596
2023-04-19,52.89,3.9682142850778885,0.024498832917252855
2023-04-20,52.62,3.9630962756121466,-0.005118009465741924
2023-04-21,51.11,3.933980172780188,-0.029116102831958646
2023-04-24,51.34,3.9384701754429945,0.004490002662806525
2023-04-25,51.11,3.933980172780188,-0.004490002662806525
2023-04-26,51.1,3.933784497209659,-0.00019567557052901918
2023-04-27,52.03,3.9518204753022124,0.018035978092553417
2023-04-28,52.12,3.953548752256644,0.0017282769544317844
2023-05-01,52.8,3.966511190712216,0.012962438455571768
2023-05-02,52.9,3.9684033388642534,0.0018921481520375316
2023-05-03,52.69,3.9644256842211942,-0.003977654643059214
2023-05-04,51.94,3.9500892062346025,-0.014336477986591767
2023-05-05,51.54,3.942358205224219,-0.007731001010383487
2023-05-08,53.12,3.9725535051681784,0.03019529994395942
2023-05-09,53.09,3.97198858659558,-0.0005649185725982164
2023-05-10,53.22,3.9744342655495433,0.002445678953963082
2023-05-11,53.39,3.9776234625120948,0.003189196962551488
2023-05-12,53.34,3.9766865187538682,-0.000936943758226505
2023-05-15,53.68,3.9830404926634264,0.006353973909558164
2023-05-16,53.77,3.9847156908215866,0.001675198158160196
2023-05-17,53.41,3.977997994351679,-0.006717696469907608
2023-05-18,53.44,3.97855952922839,0.0005615348767111783
2023-05-19,53.64,3.9822950584134778,0.0037355291850875716
2023-05-22,53.68,3.9830404926634264,0.0007454342499486621
2023-05-23,51.5,3.9415818076696905,-0.04145868499373595
2023-05-24,51.93,3.9498966578562276,0.008314850186537104
2023-05-25,51.54,3.942358205224219,-0.007538452632008585
2023-05-26,51.06,3.9330014118133376,-0.009356793410881359
2023-05-30,50.49,3.921775296870824,-0.011226114942513465
2023-05-31,51.48,3.941193382727926,0.019418085857101808
2023-06-01,51.5,3.9415818076696905,0.00038842494176449804
2023-06-02,51.82,3.947776175133964,0.006194367464273487
2023-06-05,51.4,3.9396381724611196,-0.008138002672844369
2023-06-06,50.67,3.9253340194878183,-0.014304152973301232
2023-06-07,50.7,3.9259259105971376,0.0005918911093192314
2023-06-08,51.07,3.9331972406595526,0.007271330062414982
2023-06-09,51.28,3.9373008126124147,0.004103571952862151
2023-06-12,51.2,3.9357395320454622,-0.0015612805669524832
2023-06-13,51.16,3.934957976710642,-0.000781555334820272
2023-06-14,53.31,3.9761239308346696,0.04116595412402768
2023-06-15,53.98,3.9886136075898584,0.01248967675518875
2023-06-16,54.32,3.9948924832504407,0.006278875660582273
2023-06-20,54.04,3.989724513091998,-0.005167970158442614
2023-06-21,53.96,3.988243031339555,-0.0014814817524428925
2023-06-22,54.64,4.0007662152625345,0.012523183922979353
2023-06-23,53.97,3.9884283366305513,-0.012337878631983212
2023-06-26,53.5,3.979681653901961,-0.008746682728590471
2023-06-27,53.49,3.979494720543159,-0.00018693335880204387
2023-06-28,53.45,3.9787466374710543,-0.0007480830721044995
2023-06-29,53.29,3.975748696308691,-0.0029979411623632934
2023-06-30,54.09,3.9906493258833358,0.014900629574644775
2023-07-03,53.54,3.9804290380922063,-0.01022028779112949
2023-07-05,53.25,3.9749978045895347,-0.005431233502671606
2023-07-06,52.88,3.9680251955434307,-0.0069726090461039725
2023-07-07,52.29,3.956805148200039,-0.01122004734339166
2023-07-10,52.7,3.9646154555473165,0.007810307347277501
2023-07-11,52.45,3.9598603348423063,-0.004755120705010274
2023-07-12,52.46,3.9600509744387278,0.00019063959642151573
2023-07-13,52.79,3.9663217788355247,0.006270804396796947
2023-07-14,53.03,3.970857791149039,0.004536012313514082
2023-07-17,52.61,3.962906215742716,-0.007951575406322853
2023-07-18,52.81,3.966700566718842,0.0037943509761260152
2023-07-19,52.34,3.9577608971019997,-0.008939669616842227
2023-07-20,53.46,3.978933710710773,0.02117281360877321
2023-07-21,53.16,3.9733062338450447,-0.005627476865728287
2023-07-24,52.17,3.9545076170343014,-0.01879861681074324
2023-07-25,52.41,3.959097412814075,0.004589795779773365
2023-07-26,52.4,3.9589065913269965,-0.0001908214870782743
2023-07-27,52.64,3.9634762870170617,0.004569695690065156
2023-07-28,51.69,3.945264339207948,-0.018211947809113838
2023-07-31,51.85,3.948354934675536,0.003090595467588386
2023-08-01,51.89,3.949126093379648,0.0007711587041119294
2023-08-02,50.62,3.9243467551169777,-0.024779338262670425
2023-08-03,50.88,3.9294699190318667,0.005123163914888984
2023-08-04,50.72,3.9263203101289705,-0.0031496089028961727
2023-08-07,50.73,3.9265174515785985,0.00019714144962801328
2023-08-08,50.58,3.923556241241819,-0.0029612103367795406
2023-08-09,51.06,3.9330014118133376,0.009445170571518613
2023-08-10,50.86,3.9290767599939738,-0.003924651819363856
2023-08-11,51.03,3.93241369507588,0.003336935081906134
2023-08-14,51.33,3.9382753765722116,0.005861681496331705
2023-08-15,51.68,3.945070859474346,0.006795482902134609
2023-08-16,51.46,3.940804806853598,-0.004266052620748084
2023-08-17,50.94,3.930648469551311,-0.010156337302287266
2023-08-18,50.19,3.9158158036668422,-0.014832665884468632
2023-08-21,50.42,3.9203879217597737,0.004572118092931454
2023-08-22,50.41,3.9201895680945396,-0.00019835366523413
2023-08-23,50.35,3.9189986191645714,-0.001190948929968183
2023-08-24,50.43,3.920586236088634,0.0015876169240627291
2023-08-25,50.76,3.927108642846187,0.00652240675755289
2023-08-28,53.79,3.985087576285151,0.05797893343896421
2023-08-29,54.68,4.001498011855749,0.016410435570597848
2023-08-30,54.27,3.9939715880753135,-0.007526423780435554
2023-08-31,53.94,3.987872317711584,-0.006099270363729481
2023-09-01,53.62,3.981922132807813,-0.005950184903770861
2023-09-05,53.3,3.975936331171799,-0.005985801636014365
2023-09-06,53.86,3.9863880873834527,0.01045175621165395
2023-09-07,53.89,3.9869449319454056,0.0005568445619528184
2023-09-08,53.87,3.9865737366924425,-0.00037119525296303024
2023-09-11,54.56,3.9993010135352067,0.012727276842764201
2023-09-12,53.42,3.9781852076818147,-0.02111580585339201
2023-09-13,53.2,3.9740583963475986,-0.004126811334216107
2023-09-14,52.92,3.968781339246755,-0.005277057100843585
2023-09-15,52.9,3.9684033388642534,-0.0003780003825015754
2023-09-18,53.0,3.970291913552122,0.0018885746878685161
2023-09-19,53.03,3.970857791149039,0.0005658775969168417
2023-09-20,54.1,3.9908341858524357,0.01997639470339685
2023-09-21,53.97,3.9884283366305513,-0.0024058492218843597
2023-09-22,53.6,3.9815490680767565,-0.006879268553794837
2023-09-25,53.8,3.9852734671677386,0.0037243990909821
2023-09-26,52.83,3.9670792111762245,-0.01819425599151403
2023-09-27,52.1,3.9531649487593215,-0.013914262416903078
2023-09-28,53.37,3.9772487903458535,0.024083841586532095
2023-09-29,52.8,3.966511190712216,-0.010737599633637629
2023-10-02,52.81,3.966700566718842,0.00018937600662605192
2023-10-03,51.54,3.942358205224219,-0.024342361494622988
2023-10-04,51.55,3.942552210462969,0.00019400523874990583
2023-10-05,51.68,3.945070859474346,0.0025186490113773274
2023-10-06,52.12,3.953548752256644,0.008477892782297936
2023-10-09,52.4,3.9589065913269965,0.005357839070352366
2023-10-10,53.8,3.9852734671677386,0.026366875840742043
2023-10-11,50.91,3.9300593679142444,-0.05521409925349419
2023-10-12,48.64,3.8844462376579116,-0.045613130256332735
2023-10-13,49.52,3.9023766283763406,0.017930390718428946
2023-10-16,50.1,3.914021008090819,0.011644379714478514
2023-10-17,50.46,3.921180943212912,0.0071599351220927865
2023-10-18,50.71,3.926123129806928,0.004942186594016018
2023-10-19,50.55,3.9229629454664803,-0.003160184340447625
2023-10-20,50.05,3.9130225057612296,-0.009940439705250714
2023-10-23,50.13,3.914619631275412,0.0015971255141824514
2023-10-24,50.96,3.931041011263908,0.01642137998849602
2023-10-25,49.99,3.911822985425479,-0.01921802583842913
2023-10-26,49.78,3.907613296939446,-0.004209688486032981
2023-10-27,49.52,3.9023766283763406,-0.00523666856310534
2023-10-30,50.05,3.9130225057612296,0.01064587738488898
2023-10-31,51.19,3.935544200469492,0.022521694708262263
2023-11-01,51.66,3.9446837876676946,0.009139587198202737
2023-11-02,52.52,3.9611940494345954,0.016510261766900847
2023-11-03,52.53,3.9613844349658702,0.00019038553127481705
2023-11-06,52.81,3.966700566718842,0.005316131752971742
2023-11-07,52.17,3.9545076170343014,-0.012192949684540544
2023-11-08,52.11,3.9533568689211234,-0.0011507481131780573
2023-11-09,51.43,3.940221659786825,-0.013135209134298442
2023-11-10,51.56,3.9427461780709865,0.0025245182841615588
2023-11-13,53.71,3.983599203917368,0.04085302584638173
2023-11-14,54.02,3.98935434836447,0.005755144447101568
2023-11-15,53.85,3.9862024036023977,-0.0031519447620720342
2023-11-16,54.67,4.001315112906908,0.01511270930451003
2023-11-17,54.34,3.9952606039982017,-0.006054508908706069
2023-11-20,54.46,3.9974664872456134,0.0022058832474116663
2023-11-21,55.32,4.013134506796558,0.015668019550944212
2023-11-22,55.43,4.0151209634317135,0.001986456635155953
2023-11-24,55.63,4.018722624087202,0.0036016606554882813
2023-11-27,55.69,4.019800597601577,0.00107797351437533
2023-11-28,54.93,4.006059647354529,-0.013740950247048467
2023-11-29,55.44,4.015301354881648,0.009241707527118947
2023-11-30,55.89,4.023385473281607,0.008084118399959372
2023-12-01,56.14,4.027848570933736,0.0044630976521293775
2023-12-04,54.77,4.00314259879563,-0.02470597213810599
2023-12-05,54.88,4.00514898341763,0.002006384621999757
2023-12-06,54.82,4.0040550908746395,-0.0010938925429906377
2023-12-07,55.03,4.007878491071668,0.003823400197028093
2023-12-08,54.95,4.006423680849631,-0.001454810222036862
2023-12-11,55.26,4.01204931949527,0.005625638645639697
2023-12-12,55.95,4.024458434757935,0.012409115262664194
2023-12-13,56.48,4.033886593184986,0.009428158427051692
2023-12-14,56.18,4.0285608216760975,-0.005325771508888799
2023-12-15,55.81,4.021953064800342,-0.006607756875755655
2023-12-18,55.51,4.01656318470207,-0.005389880098271682
2023-12-19,55.82,4.022132228108176,0.005569043406105756
2023-12-20,54.98,4.0069694827371,-0.015162745371076092
2023-12-21,55.65,4.019082077721554,0.012112594984453828
2023-12-22,55.9,4.023564380161053,0.0044823024394995414
2023-12-26,55.99,4.025173103360802,0.0016087231997490292
2023-12-27,56.02,4.0257087698319625,0.0005356664711602122
2023-12-28,56.28,4.030339232246188,0.004630462414225711
2023-12-29,57.81,4.057161771094385,0.02682253884819641
2024-01-02,57.84,4.057680577850509,0.0005188067561245902
2024-01-03,57.6,4.053522567701846,-0.004158010148663571
2024-01-04,58.17,4.06336975792267,0.009847190220824587
2024-01-05,58.16,4.063197833225264,-0.0001719246974065669
2024-01-08,58.42,4.067658296959595,0.004460463734331732
2024-01-09,59.23,4.0814281702888735,0.013769873329278148
2024-01-10,59.51,4.086144365656761,0.004716195367887366
2024-01-11,59.61,4.087823345231835,0.0016789795750744574
2024-01-12,59.94,4.0933440618885175,0.00552071665668219
2024-01-16,60.25,4.098502572370764,0.00515851048224647
2024-01-17,60.96,4.110217911378391,0.011715339007627001
2024-01-18,61.05,4.111693200556713,0.0014752891783222921
2024-01-19,60.94,4.109889773557563,-0.0018034269991504814
2024-01-22,60.74,4.106602459617603,-0.003287313939959624
2024-01-23,60.62,4.104624871629657,-0.0019775879879464497
2024-01-24,59.92,4.0930103392089645,-0.011614532420692214
2024-01-25,60.83,4.108083088332614,0.01507274912364931
2024-01-26,61.13,4.113002744040634,0.004919655708020443
2024-01-29,61.31,4.115942961774596,0.002940217733962136
2024-01-30,61.42,4.117735515012677,0.0017925532380802522
2024-01-31,63.26,4.147253217877503,0.029517702864826134
2024-02-01,64.82,4.171614197713401,0.024360979835898355
2024-02-02,64.37,4.164647686064525,-0.006966511648876406
2024-02-05,64.46,4.166044876387292,0.0013971903227671945
2024-02-06,64.79,4.171151270461866,0.005106394074574361
2024-02-07,65.23,4.177919485808005,0.006768215346138362
2024-02-08,65.02,4.174694914875759,-0.0032245709322458183
2024-02-09,65.5,4.182050142641207,0.007355227765447836
2024-02-12,64.99,4.174233411906258,-0.00781673073494904
2024-02-13,64.97,4.17392562489244,-0.0003077870138179506
2024-02-14,65.95,4.188896879163323,0.014971254270883527
2024-02-15,66.09,4.191017449482361,0.0021205703190378955
2024-02-16,65.82,4.186923743515194,-0.004093705967167516
2024-02-20,66.22,4.1929825321191005,0.006058788603906962
2024-02-21,65.75,4.185859671057874,-0.007122861061226615
2024-02-22,66.74,4.2008044733232275,0.014944802265353552
2024-02-23,67.0,4.204692619390966,0.0038881460677382407
2024-02-26,66.67,4.199755076629969,-0.004937542760997005
2024-02-27,66.43,4.19614876167715,-0.003606314952818934
2024-02-28,66.99,4.204543354520176,0.008394592843026238
2024-02-29,66.21,4.192831508936755,-0.011711845583421088
2024-03-01,67.13,4.20663103795066,0.013799529013905243
2024-03-04,67.43,4.2110900227464905,0.00445898479583029
2024-03-05,67.02,4.2049910823091645,-0.00609894043732595
2024-03-06,67.42,4.2109417098059145,0.005950627496750016
2024-03-07,67.82,4.2168571366974925,0.0059154268915779795
2024-03-08,67.66,4.214495163352562,-0.0023619733449304903
2024-03-11,66.12,4.191471272952824,-0.02302389039973818
2024-03-12,67.49,4.211979438755315,0.020508165802491263
2024-03-13,66.04,4.190260619051927,-0.021718819703387737
2024-03-14,66.86,4.202600880991953,0.012340261940025243
2024-03-15,66.23,4.193133532496888,-0.009467348495064698
2024-03-18,67.24,4.208268308540415,0.015134776043526976
2024-03-19,67.79,4.216414691442874,0.00814638290245906
2024-03-20,67.44,4.2112383136936,-0.0051763777492741525
2024-03-21,67.56,4.2130160919396,0.0017777782459997837
2024-03-22,67.62,4.21390379727974,0.0008877053401405988
2024-03-25,67.29,4.209011637200227,-0.004892160079513097
2024-03-26,67.94,4.218624962732438,0.009613325532210837
2024-03-27,68.62,4.228584037430304,0.009959074697865944
2024-03-28,68.49,4.226687749209813,-0.001896288220490483
2024-04-01,68.1,4.220977213155467,-0.005710536054346349
2024-04-02,67.45,4.211386582653765,-0.009590630501701725
2024-04-03,68.13,4.221417644785577,0.010031062131811375
2024-04-04,67.75,4.21582445975981,-0.005593185025766445
2024-04-05,68.56,4.227709274289524,0.011884814529714127
2024-04-08,68.69,4.2296036282257905,0.0018943539362661355
2024-04-09,68.66,4.229166788029546,-0.00043684019624468107
2024-04-10,68.65,4.229021132213981,-0.00014565581556524876
2024-04-11,68.84,4.231784971343338,0.002763839129357848
2024-04-12,68.07,4.22053658745986,-0.011248383883478041
2024-04-15,67.44,4.2112383136936,-0.009298273766260579
2024-04-16,68.12,4.221270855794487,0.010032542100887554
2024-04-17,67.96,4.2189192968037315,-0.0023515589907558976
2024-04-18,67.42,4.2109417098059145,-0.007977586997816921
2024-04-19,67.33,4.20960590255719,-0.0013358072487248407
2024-04-22,68.02,4.21980177957905,0.010195877021859978
2024-04-23,68.99,4.233961566558017,0.014159786978967581
2024-04-24,72.91,4.289225803818339,0.055264237260321813
2024-04-25,73.26,4.294014757350668,0.00478895353232911
2024-04-26,73.17,4.292785500895938,-0.0012292564547298213
2024-04-29,72.5,4.283586561860629,-0.00919893903530955
2024-04-30,71.87,4.274858931480352,-0.00872763038027724
2024-05-01,72.21,4.27957854046309,0.004719608982738599
2024-05-02,72.03,4.277082698901271,-0.0024958415618190344
2024-05-03,72.85,4.288402532641213,0.011319833739942275
2024-05-06,72.55,4.2842759793301965,-0.004126553311016856
2024-05-07,73.43,4.296332571463519,0.01205659213332222
2024-05-08,72.72,4.286616449869223,-0.00971612159429558
2024-05-09,74.1,4.3054155323020415,0.01879908243281836
2024-05-10,73.69,4.299867104778908,-0.005548427523133448
2024-05-13,72.81,4.2878533084066195,-0.01201379637228861
2024-05-14,73.49,4.29714934254078,0.009296034134160358
2024-05-15,74.45,4.310127759130018,0.012978416589238151
2024-05-16,74.55,4.311470041210748,0.0013422820807296176
2024-05-17,74.65,4.312810523985199,0.0013404827744514236
2024-05-20,75.36,4.3222766302681075,0.009466106282908449
2024-05-21,75.67,4.326381780706431,0.004105150438323157
2024-05-22,75.37,4.322409317855379,-0.0039724628510517945
2024-05-23,74.38,4.309187088496924,-0.01322222935845474
2024-05-24,75.63,4.325853029867938,0.016665941371013737
2024-05-28,75.17,4.319752215189378,-0.0061008146785601625
2024-05-29,74.98,4.317221411307766,-0.002530803881612087
2024-05-30,75.0,4.31748811353631,0.0002667022285445242
2024-05-31,75.57,4.325059379032629,0.007571265496318702
2024-06-03,75.5,4.324132656254979,-0.0009267227776499354
2024-06-04,75.92,4.3296801543016725,0.005547498046693633
2024-06-05,75.89,4.3292849234158215,-0.00039523088585102784
2024-06-06,76.12,4.332311042427949,0.0030261190121274595
2024-06-07,77.11,4.345232973844869,0.012921931416919996
2024-06-10,77.42,4.349245145149502,0.00401217130463305
2024-06-11,77.15,4.34575157880917,-0.0034935663403317108
2024-06-12,77.41,4.349115971216622,0.0033643924074517884
2024-06-13,76.96,4.343285806357451,-0.005830164859171205
2024-06-14,76.76,4.340683671139499,-0.0026021352179519397
2024-06-17,76.19,4.333230220484919,-0.0074534506545802515
2024-06-18,76.31,4.334803991301542,0.0015737708166234654
2024-06-20,77.0,4.343805421853684,0.009001430552141976
2024-06-21,77.71,4.352983949221151,0.009178527367466494
2024-06-24,76.71,4.3400320779712045,-0.012951871249946123
2024-06-25,77.51,4.35040696029342,0.01037488232221584
2024-06-26,77.1,4.345103280569283,-0.005303679724137034
2024-06-27,77.0,4.343805421853684,-0.001297858715599176
2024-06-28,77.01,4.343935283551159,0.00012986169747453147
2024-07-01,76.41,4.336113577659475,-0.007821705891683628
2024-07-02,76.55,4.337944122103693,0.0018305444442177077
2024-07-03,76.11,4.3321796622793,-0.005764459824392887
2024-07-05,76.4,4.335982696172475,0.003803033893174934
2024-07-08,76.11,4.3321796622793,-0.003803033893174934
2024-07-09,76.51,4.3374214512437606,0.005241788964460703
2024-07-10,77.11,4.345232973844869,0.0078115226011084005
2024-07-11,76.89,4.342375829044089,-0.0028571448007799205
2024-07-12,77.69,4.3527265489623295,0.010350719918240436
2024-07-15,78.02,4.35696520407851,0.004238655116180823
2024-07-16,78.14,4.358502089626924,0.0015368855484139132
2024-07-17,77.41,4.349115971216622,-0.009386118410302124
2024-07-18,75.55,4.3247946887187485,-0.024321282497873575
2024-07-19,77.56,4.351051830374451,0.026257141655702476
2024-07-22,78.27,4.360164387816747,0.009112557442295888
2024-07-23,78.59,4.364244464878084,0.004080077061336951
2024-07-24,77.76,4.353627160152183,-0.01061730472590039
2024-07-25,74.26,4.307572448748934,-0.046054711403249016
2024-07-26,74.92,4.316420877575887,0.008848428826953025
2024-07-29,75.59,4.325323999304086,0.008903121728198293
2024-07-30,74.03,4.304470416455007,-0.02085358284907901
2024-07-31,73.88,4.302442155331039,-0.0020282611239679227
2024-08-01,75.16,4.319619174545265,0.017177019214225986
2024-08-02,74.5,4.310799125385514,-0.008820049159750987
2024-08-05,72.96,4.289911345766076,-0.020887779619437552
2024-08-06,73.76,4.300816579248338,0.010905233482262133
2024-08-07,73.78,4.3010876921685295,0.0002711129201911078
2024-08-08,75.55,4.3247946887187485,0.023706996550219017
2024-08-09,76.19,4.333230220484919,0.008435531766170179
2024-08-12,75.94,4.3299435548036564,-0.0032866656812622352
2024-08-13,75.92,4.3296801543016725,-0.0002634005019839236
2024-08-14,76.42,4.336244442018754,0.006564287717081285
2024-08-15,77.58,4.351309662011821,0.015065219993067203
2024-08-16,78.25,4.359908829420263,0.008599167408442021
2024-08-19,78.68,4.365388993520859,0.005480164100595708
2024-08-20,78.48,4.362843815257108,-0.0025451782637508913
2024-08-21,78.81,4.3670398923655585,0.004196077108450602
2024-08-22,79.58,4.376762804998783,0.009722912633224112
2024-08-23,79.17,4.3715974391833425,-0.005165365815440026
2024-08-26,79.47,4.375379591952088,0.0037821527687453838
2024-08-27,79.83,4.379899373657707,0.004519781705619508
2024-08-28,79.52,4.376008562348319,-0.003890811309388731
2024-08-29,80.67,4.390366758948883,0.014358196600563922
2024-08-30,81.79,4.4041549867468825,0.01378822779799993
2024-09-03,81.14,4.396176057778301,-0.007978928968581656
2024-09-04,81.96,4.406231323370699,0.010055265592398221
2024-09-05,81.37,4.3990066547085656,-0.00722466866213356
2024-09-06,81.6,4.401829261970061,0.0028226072614954134
2024-09-09,82.65,4.4146148242670336,0.012785562296972586
2024-09-10,83.06,4.419563238202607,0.004948413935573548
2024-09-11,82.94,4.418117454818235,-0.001445783384371957
2024-09-12,83.83,4.428790938649766,0.010673483831530994
2024-09-13,83.31,4.422568589986818,-0.0062223486629484626
2024-09-16,83.51,4.424966385165138,0.0023977951783207274
2024-09-17,82.52,4.413040688203051,-0.011925696962087784
2024-09-18,82.57,4.413646418429337,0.0006057302262867381
2024-09-19,83.71,4.427358444671965,0.013712026242627573
2024-09-20,83.92,4.4298639640880415,0.0025055194160765737
2024-09-23,84.0,4.430816798843313,0.0009528347552718586
2024-09-24,83.51,4.424966385165138,-0.005850413678174959
2024-09-25,83.5,4.42484663185681,-0.00011975330832836306
2024-09-26,83.08,4.419803999007912,-0.005042632848898165
2024-09-27,83.35,4.423048609196803,0.003244610188890995
2024-09-30,83.8,4.428433007488037,0.005384398291234049
2024-10-01,84.14,4.432482078162375,0.004049070674337685
2024-10-02,84.49,4.436633184164753,0.004151106002378668
2024-10-03,83.82,4.4286716424969255,-0.00796154166782781
2024-10-04,84.54,4.437224795138644,0.008553152641718853
2024-10-07,84.41,4.4356858779956285,-0.0015389171430157944
2024-10-08,85.84,4.452485098322443,0.016799220326814357
2024-10-09,86.7,4.462453883786496,0.009968785464053553
2024-10-10,86.2,4.456670177669648,-0.0057837061168486414
2024-10-11,87.1,4.467056883858457,0.010386706188809214
2024-10-14,87.55,4.472210058731861,0.005153174873403721
2024-10-15,86.77,4.463260939805398,-0.008949118926462774
2024-10-16,87.0,4.465908118654584,0.0026471788491857495
2024-10-17,86.42,4.459219130503787,-0.006688988150796327
2024-10-18,88.07,4.478131952817368,0.018912822313581046
2024-10-21,88.05,4.4779048349422155,-0.000227117875152949
2024-10-22,88.01,4.47745044438572,-0.00045439055649509896
2024-10-23,87.45,4.471067201464611,-0.006383242921109478
2024-10-24,85.1,4.443827035579329,-0.02724016588528233
2024-10-25,84.73,4.439469730210373,-0.004357305368955622
2024-10-28,84.76,4.4398237334000985,0.0003540031897255602
2024-10-29,84.56,4.437461341561982,-0.0023623918381163733
2024-10-30,83.99,4.430697744137536,-0.0067635974244462105
2024-10-31,84.02,4.431054865741236,0.00035712160369971713
2024-11-01,83.62,4.426282725928419,-0.004772139812816434
2024-11-04,84.72,4.439351701293151,0.013068975364731727
2024-11-05,85.54,4.448984102798763,0.009632401505611732
2024-11-06,86.44,4.459450531638685,0.01046642883992277
2024-11-07,86.88,4.464527856185625,0.005077324546939543
2024-11-08,88.25,4.480173695813406,0.015645839627780767
2024-11-11,88.48,4.482776537774025,0.0026028419606189956
2024-11-12,88.72,4.485485343042112,0.0027088052680870334
2024-11-13,88.77,4.486048755080228,0.0005634120381161623
2024-11-14,87.59,4.472666836174998,-0.013381918905229995
2024-11-15,86.99,4.46579316951945,-0.006873666655548227
2024-11-18,90.45,4.504797211841304,0.039004042321854726
2024-11-19,90.33,4.503469631161752,-0.0013275806795522982
2024-11-20,90.17,4.501696777511816,-0.0017728536499364012
2024-11-21,91.5,4.516338972281476,0.014642194769660222
2024-11-22,90.0,4.499809670330265,-0.01652930195121094
2024-11-25,89.25,4.491441420659749,-0.008368249670516192
2024-11-26,90.21,4.502140285668547,0.010698865008798464
2024-11-27,90.75,4.5081084731449605,0.005968187476413256
2024-11-29,90.66,4.507116245512703,-0.0009922276322571477
2024-12-02,90.43,4.504576070752389,-0.0025401747603144287
2024-12-03,90.47,4.50501830403765,0.0004422332852609401
2024-12-04,90.84,4.5090997172373575,0.004081413199707562
2024-12-05,90.53,4.505681287487349,-0.0034184297500088334
2024-12-06,90.07,4.5005871457956514,-0.005094141691697196
2024-12-09,88.72,4.485485343042112,-0.015101802753539673
2024-12-10,90.2,4.502029427068578,0.016544084026466344
2024-12-11,90.56,4.506012614454873,0.003983187386294773
2024-12-12,90.42,4.504465481866459,-0.0015471325884135467
2024-12-13,90.11,4.501031146246946,-0.003434335619513007
2024-12-16,90.46,4.504907764049697,0.0038766178027502818
2024-12-17,90.43,4.504576070752389,-0.00033169329730764474
2024-12-18,88.03,4.4776776654728145,-0.026898405279574433
2024-12-19,88.66,4.484808829316908,0.00713116384409318
2024-12-20,88.95,4.4880744141118445,0.003265584794936771
2024-12-23,89.86,4.498252903642014,0.010178489530169088
2024-12-24,91.07,4.511628441579727,0.013375537937713844
2024-12-26,91.45,4.515792374836875,0.0041639332571472565
2024-12-27,90.66,4.507116245512703,-0.008676129324171278
2024-12-30,89.68,4.496247778763904,-0.010868466748799044
2024-12-31,89.32,4.492225426971957,-0.004022351791947543
2025-01-02,89.38,4.492896943505305,0.0006715165333481821
2025-01-03,90.69,4.507447097459476,0.01455015395417103
2025-01-06,91.29,4.514041252576989,0.006594155117513267
2025-01-07,91.99,4.521679875489066,0.00763862291207662
2025-01-08,95.95,4.563827222453709,0.04214734696464273
2025-01-10,94.88,4.552612935249416,-0.011214287204293072
2025-01-13,94.61,4.549763178716353,-0.0028497565330622976
2025-01-14,95.65,4.560695695886262,0.010932517169909062
2025-01-15,96.89,4.573576314396913,0.012880618510650699
2025-01-16,98.17,4.58670066970443,0.0131243553075171
2025-01-17,98.66,4.5916795958055925,0.004978926101162351
2025-01-21,100.91,4.614229030476437,0.022549434670844803
2025-01-22,100.31,4.608265390895394,-0.005963639581043623
2025-01-23,101.64,4.621437158451963,0.013171767556569236
2025-01-24,101.94,4.624384404911896,0.0029472464599331616
2025-01-27,102.27,4.627616374817921,0.003231969906025256
2025-01-28,102.32,4.628105157270587,0.0004887824526660367
2025-01-29,102.71,4.631909483177713,0.0038043259071258717
2025-01-30,103.04,4.635117262356044,0.003207779178330483
2025-01-31,102.36,4.628496011291588,-0.006621251064455436
2025-02-03,103.07,4.635408369048701,0.0069123577571126305
2025-02-04,103.54,4.639958011473755,0.004549642425054401
2025-02-05,104.97,4.653674595047707,0.013716583573951446
2025-02-06,105.02,4.654150808209713,0.00047621316200618935
2025-02-07,105.25,4.656338472562491,0.0021876643527782846
2025-02-10,106.18,4.665135767155525,0.00879729459303391
2025-02-11,105.98,4.663250397064616,-0.0018853700909087223
2025-02-12,105.77,4.6612669253399615,-0.0019834717246549616
2025-02-13,106.14,4.664758977399749,0.0034920520597871985
2025-02-14,106.11,4.6644762918854985,-0.0002826855142501472
2025-02-18,105.35,4.6572881402501976,-0.0071881516353009545
2025-02-19,105.67,4.660321030452939,0.003032890202741889
2025-02-20,105.36,4.657383057435026,-0.002937973017913542
2025-02-21,104.49,4.649091373046019,-0.008291684389006626
2025-02-24,104.39,4.648133885420207,-0.00095748762581227
2025-02-25,100.72,4.612344389736092,-0.03578949568411538
2025-02-26,101.56,4.620649756836477,0.008305367100385652
2025-02-27,100.8,4.613138355637268,-0.007511401199209011
2025-02-28,103.79,4.642369626977198,0.02923127133992942
2025-03-03,104.87,4.652721487846314,0.010351860869116436
2025-03-04,103.61,4.640633850263661,-0.012087637582653521
2025-03-05,104.71,4.651194624299371,0.010560774035710097
2025-03-06,100.8,4.613138355637268,-0.03805626866210243
2025-03-07,99.13,4.596432120044806,-0.016706235592462093
2025-03-10,94.13,4.544676805559129,-0.051755314485677495
2025-03-11,95.52,4.559335649644292,0.01465884408516338
2025-03-12,96.42,4.568713648977476,0.00937799933318395
2025-03-13,95.37,4.557764063590821,-0.010949585386654803
2025-03-14,97.16,4.576359104133972,0.01859504054315053
2025-03-17,98.9,4.594109238628667,0.01775013449469487
2025-03-18,99.22,4.597339606872903,0.0032303682442362813
2025-03-19,100.73,4.612443669954589,0.015104063081686547
2025-03-20,101.51,4.62015731579634,0.007713645841750605
2025-03-21,100.69,4.612046489927524,-0.008110825868816285
2025-03-24,102.67,4.6315199613108735,0.01947347138334976
2025-03-25,103.08,4.635505385784164,0.003985424473290422
2025-03-26,102.34,4.628300603376946,-0.007204782407217891
2025-03-27,100.8,4.613138355637268,-0.015162247739677781
2025-03-28,99.36,4.598749618185169,-0.014388737452099676
2025-03-31,100.88,4.613931691656664,0.015182073471495805
2025-04-01,101.24,4.617493935676923,0.0035622440202587313
2025-04-02,100.05,4.605670061029742,-0.011823874647181043
2025-04-03,98.5,4.590056548178043,-0.015613512851698985
2025-04-04,89.7,4.49647076906475,-0.09358577911329302
2025-04-07,91.54,4.516776035225496,0.02030526616074635
2025-04-08,90.64,4.506895616719751,-0.009880418505745503
2025-04-09,96.77,4.572337028892851,0.06544141217309996
2025-04-10,92.64,4.528721013824685,-0.04361601506816548
2025-04-11,93.67,4.539777967221039,0.011056953396353819
2025-04-14,94.27,4.546163005408059,0.0063850381870196316
2025-04-15,94.23,4.545738602218665,-0.00042440318939362953
2025-04-16,95.25,4.55650501400681,0.010766411788145192
2025-04-17,95.12,4.555139252382526,-0.0013657616242843673
2025-04-21,93.58,4.5388166854380705,-0.016322566944455552
2025-04-22,95.05,4.554403068934438,0.015586383496367873
2025-04-23,98.92,4.594311442653216,0.03990837371877731
2025-04-24,101.14,4.616505695651837,0.02219425299862099
2025-04-25,101.9,4.623991940228679,0.007486244576842438
2025-04-28,102.18,4.626735963902652,0.002744023673972862
2025-04-29,102.74,4.632201525039122,0.005465561136469788
2025-04-30,102.87,4.6334660551429385,0.0012645301038167744
2025-05-01,103.19,4.636571949127623,0.0031058939846841938
2025-05-02,104.93,4.653293461169819,0.01672151204219663
2025-05-05,104.24,4.6466959328165895,-0.006597528353229798
2025-05-06,104.12,4.645544080126364,-0.001151852690225219
2025-05-07,104.8,4.6520537718869415,0.006509691760577141
2025-05-08,103.29,4.637540566018542,-0.014513205868399659
2025-05-09,102.86,4.63336884034677,-0.004171725671771931
2025-05-12,102.87,4.6334660551429385,9.721479616864315e-05
2025-05-13,102.95,4.634243433473799,0.0007773783308602233
2025-05-14,102.95,4.634243433473799,0.0
2025-05-15,104.86,4.652626127144386,0.018382693670587535
2025-05-16,106.04,4.663816381420824,0.01119025427643816
2025-05-19,106.66,4.669646205172456,0.0058298237516316576
2025-05-20,106.54,4.668520501488853,-0.0011257036836029854
2025-05-21,104.64,4.650525887708889,-0.017994613779964475
2025-05-22,104.5,4.6491870714048655,-0.001338816304023105
2025-05-23,104.5,4.6491870714048655,0.0
2025-05-27,106.17,4.665041583025482,0.01585451162061613
2025-05-28,104.51,4.649282760606412,-0.015758822419069674
2025-05-29,104.5,4.6491870714048655,-9.56892015464561e-05
2025-05-30,105.26,4.656433479925633,0.007246408520767744
2025-06-02,104.17,4.646024179996357,-0.010409299929276195
2025-06-03,103.1,4.635699391022914,-0.0103247889734428
2025-06-04,102.43,4.629179638448443,-0.006519752574471127
2025-06-05,102.83,4.6330771392411,0.003897500792656494
2025-06-06,102.09,4.625854777180924,-0.007222362060175236
2025-06-09,100.04,4.605570106009418,-0.02028467117150612
2025-06-10,99.34,4.598548309679204,-0.007021796330214158
2025-06-11,99.4,4.599152113662528,0.0006038039833242692
2025-06-12,98.56,4.59066549978521,-0.008486613877318305
2025-06-13,99.74,4.602566800117977,0.011901300332766596
2025-06-16,101.49,4.619960271460727,0.017393471342749933
2025-06-17,101.73,4.622322244805657,0.0023619733449304903
2025-06-18,101.37,4.618777189394308,-0.003545055411349196
2025-06-20,101.3,4.618086411254637,-0.0006907781396705559
2025-06-23,102.36,4.628496011291588,0.010409600036950906
2025-06-24,104.12,4.645544080126364,0.017048068834776053
2025-06-25,104.29,4.6471754801331215,0.001631400006757211
2025-06-26,104.58,4.649952328759984,0.0027768486268628934
2025-06-27,106.53,4.668426635623106,0.018474306863121903
2025-06-30,107.41,4.676653287609955,0.00822665198684902
2025-07-01,104.78,4.651862913980073,-0.024790373629882012
2025-07-02,103.63,4.640826863196126,-0.011036050783947537
2025-07-03,104.32,4.647463098178343,0.006636234982217104
2025-07-07,103.83,4.642754946315362,-0.004708151862980792
2025-07-08,102.41,4.628984364087346,-0.013770582228016082
2025-07-09,102.96,4.634340563287871,0.0053561992005253245
2025-07-10,103.86,4.6430438384161725,0.008703275128301158
2025-07-11,103.2,4.636668853047462,-0.006374985368710284
2025-07-14,104.33,4.647558952479878,0.010890099432415923
2025-07-15,103.48,4.639378357317828,-0.00818059516204972
2025-07-16,103.19,4.636571949127623,-0.0028064081902057225
2025-07-17,104.65,4.650621448892009,0.014049499764386297
2025-07-18,103.64,4.640923355693909,-0.00969809319810011
2025-07-21,103.78,4.642273273939594,0.0013499182456850889
2025-07-22,103.16,4.636281181013144,-0.005992092926449644
2025-07-23,107.76,4.679906532102109,0.04362535108896459
2025-07-24,106.21,4.6654182663334485,-0.014488265768660469
2025-07-25,106.14,4.664758977399749,-0.0006592889336998198
2025-07-28,105.84,4.6619285198067,-0.00283045759304823
2025-07-29,106.47,4.667863255326515,0.005934735519814716
2025-07-30,106.76,4.670583324536324,0.0027200692098086066
2025-07-31,104.92,4.653198154998673,-0.01738516953765057
2025-08-01,105.41,4.657857508267098,0.004659353268424482
2025-08-04,106.79,4.670864289183454,0.01300678091635632
2025-08-05,104.83,4.6523399904644815,-0.018524298718972432
2025-08-06,102.95,4.634243433473799,-0.0180965569906828
2025-08-07,102.96,4.634340563287871,9.712981407261623e-05
2025-08-08,103.14,4.636087288622813,0.001746725334941246
2025-08-11,102.75,4.632298853376344,-0.0037884352464683246
2025-08-12,102.64,4.631227720307381,-0.001071133068963448
2025-08-13,102.5,4.629862798578463,-0.0013649217289177784
2025-08-14,104.15,4.645832167706981,0.015969369128518096
2025-08-15,103.17,4.6363781131122845,-0.009454054594696615
2025-08-18,103.05,4.635214307336468,-0.001163805775816762
2025-08-19,103.75,4.641984159110808,0.0067698517743401965
2025-08-20,106.05,4.663910681010692,0.021926521899883866
2025-08-21,105.21,4.655958352820196,-0.007952328190495628
2025-08-22,106.17,4.665041583025482,0.009083230205285453
2025-08-25,105.11,4.655007420835263,-0.010034162190218687
2025-08-26,106.39,4.667111587528274,0.012104166693011287
2025-08-27,105.87,4.662211926355289,-0.004899661172985681
2025-08-28,105.75,4.661077817926388,-0.0011341084289009373
2025-08-29,105.5,4.658710952916121,-0.0023668650102663946
2025-09-02,106.66,4.669646205172456,0.010935252256334849
2025-09-03,107.53,4.677769878402435,0.008123673229978756
2025-09-04,107.29,4.675535448648655,-0.002234429753779743
2025-09-05,107.22,4.674882798399391,-0.0006526502492638642
2025-09-08,108.14,4.683426683953859,0.0085438855544675
2025-09-09,108.09,4.682964213428112,-0.0004624705257469941
2025-09-10,105.23,4.656148430752721,-0.026815782675391198
2025-09-11,104.34,4.647654797594247,-0.008493633158473735
2025-09-12,102.71,4.631909483177713,-0.015745314416533596
2025-09-15,99.87,4.603869340255043,-0.028040142922669986
2025-09-16,98.98,4.59491780952374,-0.008951530731303059
2025-09-17,98.5,4.590056548178043,-0.004861261345697088
2025-09-18,98.23,4.5873116676867784,-0.002744880491264645
2025-09-19,97.83,4.583231278469338,-0.004080389217440583
2025-09-22,97.03,4.575020209037208,-0.00821106943212957
2025-09-23,97.69,4.581799199664851,0.006778990627642756
2025-09-24,98.06,4.585579536223087,0.0037803365582362858
2025-09-25,98.14,4.586395030661757,0.0008154944386697949
2025-09-26,98.18,4.586802528629907,0.0004074979681494284
2025-09-29,97.04,4.575123264635795,-0.0116792639941119
2025-09-30,97.63,4.58118482323758,0.006061558601785144
2025-10-01,95.85,4.562784469491653,-0.018400353745926523
2025-10-02,96.22,4.5666372362713075,0.003852766779654182
2025-10-03,97.32,4.578004517915322,0.011367281644014682
2025-10-06,96.7,4.571613402459248,-0.006391115456073848
2025-10-07,95.9,4.563305981889393,-0.008307420569855672
2025-10-08,96.79,4.572543683160998,0.009237701271604948
2025-10-09,97.28,4.577593418217857,0.005049735056859461
2025-10-10,95.41,4.558183394763755,-0.019410023454102365
2025-10-13,94.95,4.553350437258295,-0.004832957505459312
2025-10-14,96.24,4.566845071666424,0.01349463440812837
2025-10-15,97.71,4.582003907956252,0.01515883628982806
2025-10-16,97.78,4.5827200571505,0.0007161491942477838
2025-10-17,99.24,4.5975411588236,0.014821101673100578
2025-10-20,100.53,4.610456190417329,0.012915031593728976
2025-10-21,99.9,4.604169685654508,-0.00628650476282111
2025-10-22,103.85,4.642947550322122,0.03877786466761357
2025-10-23,102.39,4.628789051586725,-0.014158498735396208
2025-10-24,101.11,4.616209033103308,-0.012580018483417277
2025-10-27,102.43,4.629179638448443,0.012970605345135056
2025-10-28,100.97,4.614823443016229,-0.01435619543221378
2025-10-29,100.3,4.60816569496789,-0.006657748048339407
2025-10-30,100.57,4.610854002456389,0.002688307488498687
2025-10-31,100.72,4.612344389736092,0.001490387279702965
2025-11-03,98.59,4.59096983658695,-0.021374553149141384
2025-11-04,98.84,4.593502381120409,0.002532544533458747
2025-11-05,98.9,4.594109238628667,0.0006068575082576189
2025-11-06,99.05,4.59562477314456,0.0015155345158932576
2025-11-07,100.02,4.605370165990758,0.009745392846197909
2025-11-10,100.91,4.614229030476437,0.008858864485679518
2025-11-11,102.5,4.629862798578463,0.01563376810202577
2025-11-12,104.13,4.645640118541804,0.015777319963341085
2025-11-13,104.98,4.653769855824153,0.008129737282349225
2025-11-14,102.69,4.631714741210204,-0.022055114613949378
2025-11-17,101.76,4.622617099591812,-0.009097641618391883
2025-11-18,99.22,4.597339606872903,-0.025277492718909222
2025-11-19,97.01,4.574814065973192,-0.022525540899710705
2025-11-20,96.6,4.570578741218473,-0.004235324754719549
2025-11-21,96.88,4.573473099244837,0.0028943580263645075
2025-11-24,98.04,4.585375558659912,0.01190245941507495
2025-11-25,101.36,4.618678536012884,0.03330297735297183
2025-11-26,100.96,4.6147243987929025,-0.003954137219981391
2025-11-28,101.58,4.620846665373099,0.006122266580196545
2025-12-01,101.01,4.615219521841093,-0.005627143532006329
2025-12-02,99.02,4.595321849933277,-0.019897671907815884
2025-12-03,98.57,4.590766955677347,-0.004554894255929476
2025-12-04,97.72,4.5821062463895395,-0.008660709287807933
2025-12-05,97.52,4.5800574851730165,-0.0020487612165229763
2025-12-08,93.84,4.54159120434522,-0.03846628082779624
2025-12-09,92.53,4.527532916260939,-0.014058288084281223
2025-12-10,92.7,4.529368472571809,0.0018355563108700679
2025-12-11,91.75,4.51906748693468,-0.010300985637129223
2025-12-12,92.58,4.528073135603124,0.009005648668444444
2025-12-15,92.19,4.523851664810503,-0.00422147079262114
2025-12-16,92.95,4.532061714167453,0.008210049356949689
2025-12-17,94.48,4.548388171889107,0.016326457721653753
2025-12-18,96.11,4.565493368835193,0.017105196946086032
2025-12-19,95.61,4.560277417097355,-0.005215951737837621
2025-12-22,96.43,4.568817356522293,0.008539939424937693
2025-12-23,96.09,4.5652852522891765,-0.003532104233116229
2025-12-24,96.13,4.565701442077724,0.0004161897885479604
2025-12-26,96.06,4.564972996236678,-0.0007284458410463657
2025-12-29,95.76,4.561845061249718,-0.003127934986959957
2025-12-30,96.01,4.564452352709533,0.0026072914598147534
2025-12-31,95.35,4.557554332046428,-0.0068980206631046315
2026-01-02,94.71,4.55081959123801,-0.0067347408084179605
2026-01-05,95.48,4.558916801470629,0.008097210232619112
2026-01-06,97.79,4.5828223223241835,0.02390552085355413
2026-01-07,98.65,4.591578232468624,0.008755910144440548
2026-01-08,98.38,4.588837531367194,-0.0027407011014304317
2026-01-09,97.64,4.581287245524759,-0.007550285842434334
2026-01-12,95.72,4.561427263040173,-0.019859982484586425
2026-01-13,94.14,4.544783035972996,-0.016644227067176942
2026-01-14,93.73999786376952,4.540524969705671,-0.004258066267325056
2026-01-15,90.03,4.500142948120385,-0.0403820215852857
2026-01-16,88.07,4.478131952817368,-0.022010995303016756
2026-01-20,91.2,4.513054897080286,0.03492294426291753
2026-01-21,91.71,4.518631424570852,0.005576527490566363
2026-01-22,91.29,4.514041252576989,-0.004590171993863024
2026-01-23,92.51,4.527316746783227,0.013275494206237859
2026-01-26,93.55,4.538496052720099,0.011179305936871664
2026-01-27,93.61,4.539137215383653,0.0006411626635545176
2026-01-28,93.79000091552734,4.541058250282307,0.0019210348986540282
2026-01-29,92.33000183105467,4.525369135616169,-0.015689114666137982
2026-01-30,93.53,4.53828224044646,0.0129131048302904
2026-02-02,91.87000274658205,4.520374564179773,-0.01790767626668721
2026-02-03,91.62,4.517649588458596,-0.0027249757211764702
2026-02-04,75.5,4.324132656254979,-0.1935169322036172
2026-02-05,77.63999938964844,4.352082750439506,0.02795009418452743
2026-02-06,76.2699966430664,4.334279632162332,-0.017803118277174512
2026-02-09,74.12,4.3056854014171595,-0.02859423074517231
2026-02-10,74.25,4.307437777682809,0.0017523762656495023
2026-02-11,73.47,4.296877159632186,-0.010560618050623027
2026-02-12,74.12,4.3056854014171595,0.008808241784973525
2026-02-13,74.73,4.313881617942199,0.008196216525039546
2026-02-17,76.29,4.334541868102138,0.02066025015993933
2026-02-18,76.28,4.3344107807322185,-0.0001310873699198467
2026-02-19,75.72000122070312,4.327042342462399,-0.007368438269819144
2026-02-20,74.58000183105469,4.311872399302225,-0.01516994316017417
2026-02-23,74.37,4.309052634715209,-0.0028197645870164934
2026-02-24,75.15,4.319486116198983,0.010433481483774543
2026-02-25,73.48,4.297013260346925,-0.02247285585205816
2026-02-26,75.75,4.327438444389479,0.030425184042553788
2026-02-27,76.8499984741211,4.341855450129317,0.01441700573983784
2026-03-02,76.22000122070312,4.3336239114612365,-0.00823153866808024
2026-03-03,73.8499984741211,4.302035988315521,-0.03158792314571546
2026-03-04,72.20999908447266,4.2795785277844125,-0.02245746053110853
2026-03-05,72.99,4.2903224454635405,0.010743917679127968
2026-03-06,71.35,4.267597343922845,-0.02272510154069529
2026-03-09,71.9,4.275276264727001,0.0076789208041558865
2026-03-10,69.96,4.247923650150401,-0.027352614576599876
2026-03-11,69.63,4.2431955089544555,-0.004728141195945668
2026-03-12,68.55000305175781,4.227563450527036,-0.015632058427419437
2026-03-13,69.12,4.2358441244958005,0.008280673968764418
