date,price,log_price,r
2020-10-16,39.461,3.675312842391964,-0.08586401721722448
2020-10-17,41.365,3.722435112642146,0.04712227025018212
2020-10-18,40.75,3.7074558396868715,-0.01497927295527468
2020-10-19,35.98,3.582963228522387,-0.1244926111644844
2020-10-20,32.16,3.4707234443107655,-0.11223978421162162
2020-10-21,35.073,3.5574316036927915,0.08670815938202603
2020-10-22,37.836,3.633261030350924,0.07582942665813253
2020-10-23,41.681,3.730045389479757,0.09678435912883288
2020-10-24,39.437,3.6747044619326306,-0.055340927547126384
2020-10-25,37.895,3.6348191772639926,-0.039885284668637944
2020-10-26,35.95,3.5821290841670557,-0.05269009309693695
2020-10-27,34.869,3.5515981823296805,-0.03053090183737517
2020-10-28,32.422,3.4788372047193814,-0.0727609776102991
2020-10-29,29.244,3.3756744244310695,-0.10316278028831194
2020-10-30,31.087,3.4367897253652786,0.06111530093420914
2020-10-31,29.7,3.391147045808654,-0.04564267955662471
2020-11-01,30.757,3.426117610622378,0.03497056481372418
2020-11-02,29.724,3.3919548002952227,-0.0341628103271554
2020-11-03,28.122,3.336552188168624,-0.055402612126598694
2020-11-04,27.686,3.3209268702655432,-0.01562531790308075
2020-11-05,30.995,3.4338259011538828,0.11289903088833952
2020-11-06,38.65,3.654546775033431,0.2207208738795483
2020-11-07,44.529,3.7961406623107377,0.1415938872773066
2020-11-08,53.931,3.9877054517323884,0.19156478942165078
2020-11-09,55.113,4.00938562299491,0.02168017126252142
2020-11-10,66.988,4.204513498872232,0.19512787587732205
2020-11-11,54.437,3.997044069725535,-0.20746942914669697
2020-11-12,51.794,3.9472743124407814,-0.049769757284753524
2020-11-13,63.456,4.150346752337385,0.20307243989660373
2020-11-14,66.83,4.2021520815229785,0.05180532918559333
2020-11-15,64.256,4.162875104629209,-0.03927697689376952
2020-11-16,72.975,4.290116916740178,0.1272418121109693
2020-11-17,79.263,4.372771437159542,0.08265452041936339
2020-11-18,75.15,4.319486116198983,-0.05328532096055838
2020-11-19,76.28,4.3344107807322185,0.014924664533235266
2020-11-20,74.945,4.316754511182559,-0.017656269549659598
2020-11-21,70.487,4.255428295651855,-0.06132621553070372
2020-11-22,68.811,4.231363615880189,-0.024064679771666597
2020-11-23,72.323,4.2811421975244395,0.04977858164425086
2020-11-24,66.782,4.201433583153596,-0.0797086143708432
2020-11-25,61.724,4.1226728342089585,-0.0787607489446378
2020-11-26,64.211,4.162174535582832,0.03950170137387321
2020-11-27,60.802,4.107622683167944,-0.054551852414888025
2020-11-28,63.944,4.158007700323718,0.05038501715577404
2020-11-29,68.886,4.23245296433973,0.07444526401601248
2020-11-30,76.0,4.330733340286331,0.09828037594660088
2020-12-01,74.3,4.308110951723713,-0.02262238856261778
2020-12-02,86.647,4.461842393519558,0.15373144179584486
2020-12-03,91.558,4.516972651245966,0.05513025772640745
2020-12-04,80.679,4.390478318363684,-0.12649433288228185
2020-12-05,92.714,4.52951948597993,0.13904116761624596
2020-12-06,87.838,4.475494208831701,-0.05402527714822902
2020-12-07,90.688,4.507425044068215,0.03193083523651463
2020-12-08,80.068,4.38287627362846,-0.12454877043975543
2020-12-09,82.57,4.413646418429337,0.030770144800877475
2020-12-10,76.324,4.334987436668095,-0.07865898176124198
2020-12-11,74.646,4.312756939160409,-0.02223049750768613
2020-12-12,77.838,4.35462974381693,0.04187280465652066
2020-12-13,83.929,4.429971203332942,0.07534145951601179
2020-12-14,86.295,4.457771658983367,0.027800455650424993
2020-12-15,87.068,4.466689422552591,0.008917763569224135
2020-12-16,87.542,4.472118678200419,0.00542925564782859
2020-12-17,85.034,4.443051176511643,-0.029067501688776254
2020-12-18,90.424,4.50450971888843,0.06145854237678705
2020-12-19,88.983,4.488445340251215,-0.016064378637214993
2020-12-20,85.629,4.45002401081973,-0.03842132943148524
2020-12-21,80.757,4.3914446456521405,-0.05857936516758944
2020-12-22,84.33,4.43473767358655,0.0432930279344097
2020-12-23,75.718,4.327015912891392,-0.10772176069515815
2020-12-24,80.665,4.390304776118107,0.06328886322671501
2020-12-25,79.658,4.377742470734829,-0.012562305383277739
2020-12-26,75.055,4.31822117811214,-0.05952129262268979
2020-12-27,76.751,4.340566415698387,0.02234523758624718
2020-12-28,81.833,4.404680585238414,0.06411416954002735
2020-12-29,78.136,4.3584508981451755,-0.0462296870932386
2020-12-30,81.0,4.394449154672439,0.03599825652726363
2020-12-31,88.48,4.482776537774025,0.08832738310158561
2021-01-01,90.711,4.50767862870896,0.024902090934935117
2021-01-02,85.768,4.451645976553938,-0.05603265215502162
2021-01-03,93.778,4.540930286925176,0.08928431037123818
2021-01-04,114.271,4.738572820323621,0.19764253339844462
2021-01-05,119.689,4.7848967119335075,0.04632389160988648
2021-01-06,115.191,4.746591620209874,-0.03830509172363339
2021-01-07,114.823,4.743391812250455,-0.0031998079594188766
2021-01-08,110.481,4.704843560472093,-0.038548251778362186
2021-01-09,117.479,4.766259594207027,0.06141603373493432
2021-01-10,127.007,4.84424220304988,0.07798260884285302
2021-01-11,114.212,4.738056370510625,-0.10618583253925529
2021-01-12,127.765,4.850192639020743,0.11213626851011771
2021-01-13,146.811,4.989146045253271,0.1389534062325284
2021-01-14,147.53,4.994031544929475,0.004885499676204219
2021-01-15,166.513,5.115073384450642,0.12104183952116632
2021-01-16,181.417,5.200798248835764,0.0857248643851225
2021-01-17,186.323,5.227481726777504,0.026683477941739753
2021-01-18,200.054,5.2985873301045965,0.07110560332709248
2021-01-19,186.079,5.22617131472324,-0.07241601538135622
2021-01-20,196.733,5.281847479498393,0.05567616477515269
2021-01-21,160.321,5.077178055401997,-0.2046694240963962
2021-01-22,189.592,5.244874394837899,0.1676963394359019
2021-01-23,213.304,5.362718378231616,0.11784398339371727
2021-01-24,264.401,5.5774668901186395,0.2147485118870236
2021-01-25,247.647,5.512004345090491,-0.06546254502814808
2021-01-26,277.661,5.6264009451272186,0.11439660003672714
2021-01-27,286.0,5.655991810819852,0.029590865692633805
2021-01-28,297.209,5.694435595023049,0.03844378420319661
2021-01-29,287.8,5.662265794453267,-0.03216980056978169
2021-01-30,314.791,5.751908926553872,0.08964313210060482
2021-01-31,299.601,5.702451589421206,-0.04945733713266609
2021-02-01,294.954,5.68681941197774,-0.015632177443466233
2021-02-02,302.987,5.713689900298525,0.026870488320785313
2021-02-03,384.499,5.951941188162083,0.23825128786355787
2021-02-04,466.582,6.145433781903657,0.19349259374157413
2021-02-05,505.376,6.225302706687644,0.07986892478398655
2021-02-06,473.936,6.161072291481861,-0.06423041520578288
2021-02-07,472.907,6.158898751824058,-0.00217353965780287
2021-02-08,489.294,6.192963535804198,0.034064783980140234
2021-02-09,488.218,6.1907620274143635,-0.002201508389834572
2021-02-10,523.497,6.260531299635145,0.06976927222078189
2021-02-11,517.189,6.248408378303392,-0.012122921331753744
2021-02-12,528.325,6.269711624648216,0.021303246344824167
2021-02-13,494.732,6.204016201809717,-0.06569542283849916
2021-02-14,468.525,6.149589462047743,-0.054426739761973764
2021-02-15,455.666,6.121760084996978,-0.027829377050764492
2021-02-16,432.364,6.069267826054841,-0.05249225894213705
2021-02-17,451.333,6.112205426251401,0.042937600196559345
2021-02-18,441.503,6.090184815037916,-0.022020611213484642
2021-02-19,419.604,6.03931140936517,-0.05087340567274623
2021-02-20,441.108,6.08928974342342,0.04997833405824981
2021-02-21,436.965,6.079853100354911,-0.009436643068508666
2021-02-22,400.0,5.991464547107982,-0.08838855324692929
2021-02-23,364.258,5.897862407771675,-0.09360213933630668
2021-02-24,367.503,5.906731481884878,0.008869074113203368
2021-02-25,338.563,5.824710190249222,-0.08202129163565619
2021-02-26,323.268,5.7784817005564015,-0.04622848969282067
2021-02-27,332.824,5.807613821731479,0.029132121175077685
2021-02-28,354.155,5.869734670411419,0.06212084867993983
2021-03-01,385.952,5.955713009400832,0.08597833898941332
2021-03-02,390.946,5.968569443030779,0.012856433629946373
2021-03-03,395.501,5.980153315649519,0.011583872618739832
2021-03-04,373.733,5.923541638720592,-0.056611676928926435
2021-03-05,367.005,5.9053754719399665,-0.01816616678062566
2021-03-06,387.934,5.960835222061318,0.055459750121351625
2021-03-07,414.89,6.02801342485506,0.06717820279374198
2021-03-08,437.282,6.080578295897801,0.052564871042741323
2021-03-09,444.088,6.096022740991755,0.015444445093953263
2021-03-10,406.848,6.008439651313943,-0.08758308967781137
2021-03-11,404.846,6.0035067478807695,-0.004932903433173763
2021-03-12,373.763,5.923621906708691,-0.0798848411720785
2021-03-13,413.759,6.025283678720557,0.10166177201186599
2021-03-14,380.669,5.941930231126258,-0.08335344759429919
2021-03-15,367.592,5.906973627459083,-0.03495660366717512
2021-03-16,370.666,5.91530138757965,0.008327760120566907
2021-03-17,382.9,5.947773858483249,0.03247247090359906
2021-03-18,363.133,5.894769158344564,-0.05300470013868441
2021-03-19,368.861,5.91041987930667,0.015650720962105957
2021-03-20,370.171,5.913965061036394,0.0035451817297236232
2021-03-21,367.339,5.906285127423041,-0.007679933613353285
2021-03-22,336.335,5.818107687074609,-0.08817744034843145
2021-03-23,330.489,5.800573375833163,-0.017534311241446332
2021-03-24,308.019,5.730161469382617,-0.07041190645054574
2021-03-25,325.223,5.784511100879968,0.054349631497350614
2021-03-26,358.428,5.881727803049176,0.09721670216920852
2021-03-27,351.319,5.861694642637032,-0.020033160412143758
2021-03-28,347.721,5.851400434083871,-0.010294208553161432
2021-03-29,360.827,5.888398619091449,0.03699818500757779
2021-03-30,377.328,5.93311483571951,0.04471621662806147
2021-03-31,382.567,5.946903801325966,0.013788965606456038
2021-04-01,382.216,5.945985893828952,-0.0009179074970147028
2021-04-02,420.082,6.040449930316176,0.09446403648722423
2021-04-03,379.622,5.939176020799291,-0.10127390951688486
2021-04-04,403.4,5.999928625520111,0.06075260472082
2021-04-05,398.085,5.986665550321269,-0.013263075198842067
2021-04-06,382.99,5.948008879179208,-0.03865667114206062
2021-04-07,349.203,5.855653414993836,-0.09235546418537233
2021-04-08,371.027,5.916274836239694,0.06062142124585801
2021-04-09,358.863,5.88294070005563,-0.033334136184064
2021-04-10,367.295,5.906165339882435,0.023224639826804783
2021-04-11,372.026,5.9189637443039,0.012798404421465293
2021-04-12,397.564,5.985355927423574,0.06639218311967365
2021-04-13,399.074,5.989146863352753,0.003790935929179007
2021-04-14,428.517,6.06033041052975,0.07118354717699749
2021-04-15,466.076,6.144348710956652,0.0840183004269015
2021-04-16,440.784,6.088554959539276,-0.05579375141737586
2021-04-17,425.0,6.052089168924417,-0.03646579061485866
2021-04-18,381.498,5.944105608246812,-0.10798356067760562
2021-04-19,344.142,5.841054362896432,-0.1030512453503798
2021-04-20,360.449,5.887350476536849,0.04629611364041697
2021-04-21,351.431,5.8620133904163225,-0.02533708612052621
2021-04-22,359.709,5.885295371239271,0.02328198082294808
2021-04-23,343.386,5.8388551788495455,-0.04644019238972508
2021-04-24,317.331,5.759945393155046,-0.07890978569449913
2021-04-25,348.53,5.8537243097094045,0.0937789165543581
2021-04-26,405.65,6.005490718841074,0.15176640913166928
2021-04-27,440.7,6.088364371847941,0.08287365300686744
2021-04-28,460.88,6.133137705424128,0.0447733335761864
2021-04-29,438.96,6.0844082927507195,-0.048729412673408135
2021-04-30,444.72,6.097444870645214,0.013036577894494528
2021-05-01,504.47,6.223508373208912,0.12606350256369758
2021-05-02,482.41,6.178794374883028,-0.044713998325883964
2021-05-03,518.22,6.250399862520249,0.07160548763722119
2021-05-04,448.1,6.105016421792097,-0.14538344072815157
2021-05-05,480.4,6.174619090205828,0.0696026684137312
2021-05-06,452.93,6.115737588156443,-0.05888150204938558
2021-05-07,445.13,6.0983663743346295,-0.01737121382181339
2021-05-08,466.9,6.146115101976891,0.04774872764226146
2021-05-09,459.51,6.130160704344572,-0.015954397632318873
2021-05-10,433.48,6.0718456590547945,-0.0583150452897776
2021-05-11,457.28,6.125295894741503,0.05345023568670815
2021-05-12,513.81,6.241853547312387,0.11655765257088468
2021-05-13,509.33,6.233096136534323,-0.008757410778064134
2021-05-14,594.78,6.388191589272861,0.15509545273853753
2021-05-15,517.89,6.249762864496567,-0.13842872477629342
2021-05-16,527.88,6.268868985148629,0.01910612065206152
2021-05-17,572.26,6.3495934335598525,0.08072444841122373
2021-05-18,628.75,6.443733721413949,0.09414028785409645
2021-05-19,414.36,6.026735161189901,-0.416998560224048
2021-05-20,467.22,6.14680023881695,0.1200650776270491
2021-05-21,373.29,5.92235559745565,-0.22444464136130016
2021-05-22,334.87,5.813742396808923,-0.10861320064672686
2021-05-23,293.31,5.6812300701856895,-0.13251232662323353
2021-05-24,387.06,5.958579719772206,0.2773496495865162
2021-05-25,370.66,5.915285200369164,-0.04329451940304185
2021-05-26,414.57,6.027241838483503,0.11195663811433931
2021-05-27,371.9,5.918625000931025,-0.10861683755247853
2021-05-28,319.8,5.767695800399854,-0.15092920053117087
2021-05-29,298.02,5.697160598347314,-0.0705352020525396
2021-05-30,324.38,5.781915668059543,0.08475506971222924
2021-05-31,382.44,5.946571778217245,0.16465611015770154
2021-06-01,373.13,5.921926884392091,-0.02464489382515378
2021-06-02,384.24,5.951267357356569,0.029340472964477726
2021-06-03,398.36,5.987356119063439,0.036088761706870365
2021-06-04,373.11,5.92187328233376,-0.06548283672967958
2021-06-05,356.22,5.875548517510639,-0.046324764823120645
2021-06-06,365.48,5.90121155813042,0.025663040619781086
2021-06-07,334.54,5.812756453883862,-0.08845510424655778
2021-06-08,329.3,5.7969691893823185,-0.015787264501543774
2021-06-09,338.85,5.825557531582122,0.028588342199803662
2021-06-10,310.29,5.737507344057822,-0.08805018752430005
2021-06-11,285.33,5.653646405162403,-0.08386093889541879
2021-06-12,278.49,5.629382152079951,-0.02426425308245239
2021-06-13,316.27,5.756596279148815,0.12721412706886426
2021-06-14,318.19,5.7626486886342425,0.00605240948542729
2021-06-15,311.78,5.742297810884534,-0.02035087774970812
2021-06-16,290.71,5.672326206697975,-0.06997160418655923
2021-06-17,293.21,5.680889075842892,0.00856286914491644
2021-06-18,265.11,5.580144834198022,-0.10074424164486917
2021-06-19,254.59,5.539654408054211,-0.04049042614381104
2021-06-20,272.67,5.608262272798789,0.06860786474457736
2021-06-21,212.64,5.3596005949649355,-0.2486616778338533
2021-06-22,206.12,5.328458523460023,-0.031142071504912217
2021-06-23,207.65,5.335853970076762,0.007395446616738965
2021-06-24,211.28,5.353184267988877,0.017330297912114823
2021-06-25,186.86,5.230359673364809,-0.1228245946240678
2021-06-26,187.29,5.232658217741762,0.0022985443769529823
2021-06-27,202.87,5.312565379813238,0.07990716207147575
2021-06-28,227.37,5.426578646492048,0.11401326667880962
2021-06-29,238.22,5.473194616452755,0.04661596996070738
2021-06-30,251.08,5.525771613449331,0.05257699699657614
2021-07-01,230.17,5.4388181663356026,-0.08695344711372854
2021-07-02,234.12,5.45583380442302,0.01701563808741735
2021-07-03,259.42,5.558448369912527,0.10261456548950676
2021-07-04,277.0,5.6240175061873385,0.06556913627481187
2021-07-05,308.22,5.730813813707232,0.10679630751989322
2021-07-06,316.49,5.757291645508461,0.026477831801229534
2021-07-07,314.83,5.752032810604912,-0.005258834903549392
2021-07-08,291.36,5.674559615979298,-0.07747319462561375
2021-07-09,303.0,5.713732805509369,0.03917318953007065
2021-07-10,294.7,5.685957889743649,-0.02777491576572011
2021-07-11,305.09,5.720606815046503,0.03464892530285457
2021-07-12,296.73,5.692822634419859,-0.027784180626643895
2021-07-13,271.23,5.602967169417385,-0.08985546500247477
2021-07-14,279.29,5.632250668514958,0.02928349909757344
2021-07-15,272.3,5.606904399679714,-0.025346268835243713
2021-07-16,253.13,5.533903190752134,-0.07300120892758066
2021-07-17,253.14,5.533942695364302,3.9504612168173026e-05
2021-07-18,253.68,5.536073630230092,0.0021309348657903016
2021-07-19,238.51,5.474411238170585,-0.06166239205950674
2021-07-20,223.03,5.407306291559866,-0.0671049466107192
2021-07-21,259.45,5.558564005813748,0.15125771425388201
2021-07-22,278.66,5.629992400685445,0.07142839487169717
2021-07-23,290.0,5.66988092298052,0.039888522295074225
2021-07-24,287.67,5.6618139898337,-0.008066933146819721
2021-07-25,288.07,5.663203506158285,0.0013895163245853936
2021-07-26,302.43,5.71184984573396,0.04864633957567488
2021-07-27,299.94,5.703582454653534,-0.008267391080425845
2021-07-28,297.92,5.696824994088702,-0.006757460564831952
2021-07-29,312.0,5.7430031878094825,0.046178193720780136
2021-07-30,320.49,5.7698510746259055,0.026847886816423028
2021-07-31,331.1,5.802420444553201,0.03256936992729553
2021-08-01,316.38,5.756944022770433,-0.04547642178276767
2021-08-02,320.4,5.769570215194204,0.012626192423770277
2021-08-03,308.74,5.732499498753695,-0.03707071644050863
2021-08-04,339.02,5.8260591026903406,0.09355960393664553
2021-08-05,372.78,5.920988433303657,0.09492933061331676
2021-08-06,369.6,5.912421339767529,-0.00856709353612839
2021-08-07,385.07,5.95342513594268,0.041003796175151486
2021-08-08,360.72,5.888102034112829,-0.06532310182985146
2021-08-09,374.01,5.924282535024993,0.03618050091216407
2021-08-10,384.14,5.951007069476706,0.026724534451712856
2021-08-11,402.42,5.997496319339701,0.04648924986299541
2021-08-12,392.17,5.97169541925069,-0.02580090008901159
2021-08-13,427.5,6.0579542883768145,0.0862588691261248
2021-08-14,414.38,6.026783427232337,-0.03117086114447787
2021-08-15,410.27,6.016815479543651,-0.009967947688685364
2021-08-16,412.59,6.022454363794726,0.005638884251074394
2021-08-17,381.46,5.944005995948281,-0.07844836784644471
2021-08-18,380.22,5.94075003256348,-0.0032559633848006087
2021-08-19,405.4,6.004874234017899,0.064124201454419
2021-08-20,409.2,6.014204034077471,0.009329800059571625
2021-08-21,399.91,5.991239521791685,-0.02296451228578622
2021-08-22,400.98,5.993911550751034,0.0026720289593491486
2021-08-23,408.35,6.012124649804285,0.01821309905325119
2021-08-24,377.97,5.934814827390648,-0.07730982241363726
2021-08-25,384.16,5.951059132472943,0.016244305082294908
2021-08-26,350.7,5.859931157146132,-0.0911279753268106
2021-08-27,372.8,5.921042082811436,0.06111092566530374
2021-08-28,367.2,5.905906658746336,-0.015135424065100267
2021-08-29,364.1,5.897428555181388,-0.008478103564947936
2021-08-30,357.6,5.8794150432993595,-0.018013511882028155
2021-08-31,391.7,5.970496240671785,0.09108119737242593
2021-09-01,413.1,6.0236896944027185,0.053193453730933093
2021-09-02,399.4,5.989963420981715,-0.03372627342100376
2021-09-03,395.0,5.978885764901122,-0.011077656080592746
2021-09-04,397.8,5.985949366419872,0.007063601518749962
2021-09-05,416.8,6.032606490439157,0.046657124019285234
2021-09-06,408.7,6.012981390570231,-0.01962509986892602
2021-09-07,346.7,5.8484598526909775,-0.16452153787925372
2021-09-08,330.5,5.800606659291741,-0.047853193399236105
2021-09-09,330.5,5.800606659291741,0.0
2021-09-10,312.2,5.743644008081332,-0.056962651210409554
2021-09-11,328.6,5.794841205603168,0.05119719752183638
2021-09-12,333.3,5.8090429853136945,0.014201779710526274
2021-09-13,330.9,5.801816214927566,-0.0072267703861284005
2021-09-14,384.7,5.95246380975825,0.15064759483068357
2021-09-15,414.5,6.02707297457535,0.07460916481710012
2021-09-16,384.0,5.950642552587727,-0.07643042198762284
2021-09-17,353.9,5.869014387351418,-0.08162816523630934
2021-09-18,355.1,5.872399439949042,0.0033850525976246715
2021-09-19,340.0,5.8289456176102075,-0.04345382233883477
2021-09-20,291.9,5.676411277860069,-0.15253433975013841
2021-09-21,271.7,5.604698516432302,-0.07171276142776684
2021-09-22,301.9,5.710095836712793,0.10539732028049098
2021-09-23,308.9,5.733017599924536,0.022921763211742885
2021-09-24,280.8,5.637642672151656,-0.09537492777288037
2021-09-25,274.3,5.614222397943558,-0.02342027420809778
2021-09-26,293.3,5.681195975983405,0.06697357803984705
2021-09-27,273.4,5.610935924289849,-0.07026005169355631
2021-09-28,260.9,5.564137192142683,-0.0467987321471659
2021-09-29,265.1,5.5801071132949795,0.015969921152296784
2021-09-30,276.3,5.621487231929371,0.041380118634391394
2021-10-01,302.5,5.7120812774708964,0.0905940455415255
2021-10-02,313.8,5.748755840298932,0.036674562828035384
2021-10-03,310.6,5.738505910714586,-0.010249929584345452
2021-10-04,300.7,5.706113089994483,-0.03239282072010319
2021-10-05,307.5,5.728475087246572,0.022361997252088983
2021-10-06,311.8,5.742361956623676,0.013886869377103928
2021-10-07,305.9,5.7232582511568575,-0.01910370546681861
2021-10-08,307.0,5.726847747587197,0.003589496430339345
2021-10-09,307.1,5.727173427446777,0.000325679859580319
2021-10-10,287.9,5.66261319761813,-0.06456022982864695
2021-10-11,290.6,5.671947751136183,0.00933455351805268
2021-10-12,284.0,5.648974238161206,-0.02297351297497663
2021-10-13,297.4,5.6950780340260545,0.04610379586484825
2021-10-14,303.7,5.716040372051703,0.020962338025648286
2021-10-15,301.5,5.70877001616724,-0.007270355884462454
2021-10-16,304.7,5.719327685991663,0.010557669824422966
2021-10-17,304.4,5.718342625987531,-0.0009850600041323432
2021-10-18,294.2,5.6842598081673374,-0.03408281782019351
2021-10-19,303.4,5.715052066914432,0.03079225874709479
2021-10-20,316.6,5.757639147446912,0.042587080532479504
2021-10-21,315.0,5.752572638825633,-0.005066508621278665
2021-10-22,310.2,5.737217250742439,-0.015355388083194477
2021-10-23,324.0,5.780743515792329,0.043526265049890434
2021-10-24,307.8,5.729450221404779,-0.05129329438755015
2021-10-25,312.8,5.745564008671156,0.016113787266377244
2021-10-26,328.8,5.7954496631820245,0.04988565451086835
2021-10-27,324.4,5.781977322241258,-0.013472340940766436
2021-10-28,339.1,5.826295049131593,0.044317726890334974
2021-10-29,328.1,5.793318439967056,-0.03297660916453715
2021-10-30,319.0,5.765191102784844,-0.028127337182211498
2021-10-31,314.2,5.750029725821521,-0.015161376963323647
2021-11-01,324.1,5.781052110147502,0.031022384325980923
2021-11-02,324.8,5.783209608287523,0.0021574981400211968
2021-11-03,325.2,5.784440377673656,0.0012307693861330904
2021-11-04,332.8,5.807541708947054,0.02310133127339764
2021-11-05,326.4,5.788123623089952,-0.019418085857101808
2021-11-06,318.2,5.762680115903686,-0.025443507186265535
2021-11-07,319.9,5.768008446955473,0.005328331051786428
2021-11-08,332.0,5.805134968916488,0.03712652196101551
2021-11-09,336.5,5.8185981490847825,0.013463180168294286
2021-11-10,312.6,5.744924417987376,-0.07367373109740605
2021-11-11,311.9,5.742682623613757,-0.0022417943736190438
2021-11-12,308.6,5.73204593992906,-0.010636683684697168
2021-11-13,312.6,5.744924417987376,0.012878478058316212
2021-11-14,315.1,5.752890048763229,0.00796563077585244
2021-11-15,301.7,5.709433146165015,-0.04345690259821389
2021-11-16,278.2,5.6283402794893425,-0.0810928666756725
2021-11-17,284.5,5.6507332535663855,0.022392974077042993
2021-11-18,262.5,5.570251082031678,-0.08048217153470727
2021-11-19,279.1,5.6315701405422764,0.06131905851059827
2021-11-20,274.1,5.61349300330874,-0.018077137233536433
2021-11-21,266.4,5.584998938666234,-0.028494064642505812
2021-11-22,263.8,5.575191240283214,-0.009807698383020202
2021-11-23,269.8,5.597680943773655,0.022489703490441215
2021-11-24,254.3,5.538514672428074,-0.059166271345580945
2021-11-25,263.1,5.572534188046247,0.034019515618172846
2021-11-26,232.8,5.450179715857283,-0.122354472188964
2021-11-27,232.9,5.450609176890295,0.00042946103301222394
2021-11-28,238.6,5.474788509663815,0.024179332773520024
2021-11-29,249.7,5.520260197285728,0.04547168762191234
2021-11-30,256.7,5.5479080878770946,0.027647890591366853
2021-12-01,250.7,5.524257005164247,-0.023651082712847327
2021-12-02,244.7,5.5000329704486255,-0.024224034715621734
2021-12-03,225.6,5.418763519623904,-0.08126945082472137
2021-12-04,202.8,5.312220271717028,-0.10654324790687575
2021-12-05,191.6,5.25540986553676,-0.05681040618026856
2021-12-06,184.6,5.218191322068752,-0.03721854346800768
2021-12-07,186.9,5.230573714461517,0.012382392392765063
2021-12-08,203.4,5.315174483614459,0.08460076915294223
2021-12-09,176.7,5.174453379325651,-0.1407211042888088
2021-12-10,166.9,5.11739483066779,-0.057058548657860975
2021-12-11,181.1,5.199049364889368,0.08165453422157842
2021-12-12,179.9,5.192401140956488,-0.006648223932880448
2021-12-13,162.3,5.089446474520545,-0.10295466643594242
2021-12-14,169.5,5.1328529268205045,0.04340645229995932
2021-12-15,172.9,5.152713392689245,0.019860465868740462
2021-12-16,174.2,5.160204064418402,0.007490671729157405
2021-12-17,187.3,5.2327116094500425,0.07250754503164014
2021-12-18,193.1,5.263208189434469,0.03049657998442612
2021-12-19,183.3,5.21112415484566,-0.05208403458880895
2021-12-20,181.0,5.198497031265826,-0.012627123579833643
2021-12-21,185.9,5.225208894727398,0.02671186346157217
2021-12-22,206.5,5.330300412401088,0.10509151767368952
2021-12-23,246.9,5.508983396351134,0.17868298395004611
2021-12-24,270.4,5.599902344168809,0.09091894781767529
2021-12-25,263.7,5.574812093359241,-0.025090250809568282
2021-12-26,267.8,5.5902404332570725,0.015428339897831655
2021-12-27,277.5,5.625820933186489,0.035580499929416476
2021-12-28,252.7,5.532203014394148,-0.09361791879234094
2021-12-29,236.3,5.465102184192863,-0.06710083020128543
2021-12-30,262.8,5.571393286610456,0.10629110241759321
2021-12-31,253.9,5.536940488710632,-0.03445279789982347
2022-01-01,266.4,5.584998938666234,0.04805844995560182
2022-01-02,265.3,5.580861261143694,-0.004137677522540351
2022-01-03,267.2,5.58799744166249,0.007136180518796387
2022-01-04,252.1,5.529825834193874,-0.05817160746861649
2022-01-05,230.3,5.439382806826639,-0.09044302736723431
2022-01-06,221.0,5.3981627015177525,-0.04122010530888698
2022-01-07,211.7,5.35517017814082,-0.04299252337693282
2022-01-08,212.3,5.35800036870921,0.0028301905683907336
2022-01-09,209.5,5.344723739362192,-0.013276629347018343
2022-01-10,199.9,5.297817241506355,-0.04690649785583734
2022-01-11,213.3,5.362699625477305,0.06488238397095003
2022-01-12,218.5,5.3867860145356445,0.02408638905833982
2022-01-13,209.3,5.343768629451954,-0.04301738508369013
2022-01-14,223.9,5.411199523604709,0.06743089415275438
2022-01-15,238.4,5.473949935191195,0.06275041158648609
2022-01-16,242.5,5.491001710377538,0.017051775186343043
2022-01-17,226.6,5.423186348593906,-0.0678153617836319
2022-01-18,232.4,5.448460024977757,0.025273676383850585
2022-01-19,210.2,5.348059458442851,-0.1004005665349057
2022-01-20,198.4,5.290285194850773,-0.05777426359207816
2022-01-21,171.0,5.14166355650266,-0.14862163834811248
2022-01-22,146.9,4.989752083179832,-0.15191147332282817
2022-01-23,158.4,5.0651234793803255,0.07537139620049338
2022-01-24,152.5,5.0271645960474665,-0.03795888333285902
2022-01-25,151.8,5.02256386496153,-0.004600731085936616
2022-01-26,146.5,4.987025428457122,-0.03553843650440758
2022-01-27,144.5,4.973279507552487,-0.013745920904635334
2022-01-28,149.0,5.003946305945459,0.03066679839297226
2022-01-29,154.0,5.0369526024136295,0.033006296468170326
2022-01-30,148.9,5.003274939689963,-0.033677662723666124
2022-01-31,157.5,5.059425458265688,0.056150518575724284
2022-02-01,163.7,5.098035484377089,0.0386100261114013
2022-02-02,151.2,5.018603463745433,-0.07943202063165611
2022-02-03,153.0,5.030437921392435,0.011834457647002417
2022-02-04,166.8,5.116795489924646,0.0863575685322111
2022-02-05,166.2,5.113191882421348,-0.003603607503298356
2022-02-06,173.5,5.156177599386914,0.04298571696556586
2022-02-07,182.1,5.2045559867335625,0.048378387346648566
2022-02-08,183.9,5.214392131610276,0.009836144876713249
2022-02-09,188.0,5.236441962829949,0.02204983121967352
2022-02-10,175.4,5.1670690799380825,-0.06937288289186672
2022-02-11,163.6,5.097424424168647,-0.06964465576943546
2022-02-12,162.4,5.090062427727577,-0.007361996441069607
2022-02-13,158.1,5.0632277442154265,-0.026834683512150903
2022-02-14,161.0,5.081404364984463,0.01817662076903659
2022-02-15,172.2,5.14865659199363,0.06725222700916689
2022-02-16,170.5,5.1387352967235715,-0.009921295270058472
2022-02-17,153.0,5.030437921392435,-0.10829737533113626
2022-02-18,145.5,4.980176086611547,-0.05026183478088786
2022-02-19,146.2,4.9849755473156785,0.004799460704131064
2022-02-20,137.6,4.924350925499243,-0.060624621816435464
2022-02-21,128.6,4.856706811803519,-0.06764411369572443
2022-02-22,134.7,4.903050083416319,0.04634327161280005
2022-02-23,130.6,4.8721392168423305,-0.030910866573988116
2022-02-24,125.4,4.83150862819882,-0.0406305886435101
2022-02-25,139.5,4.93806460126142,0.10655597306259956
2022-02-26,136.6,4.91705694713669,-0.02100765412473038
2022-02-27,131.6,4.879767018891217,-0.037289928245472836
2022-02-28,145.8,4.982235819574558,0.10246880068334097
2022-03-01,143.3,4.964940334834126,-0.017295484740431633
2022-03-02,137.7,4.925077405734609,-0.03986292909951672
2022-03-03,130.0,4.867534450455582,-0.0575429552790272
2022-03-04,124.2,4.821893169499378,-0.0456412809562039
2022-03-05,124.6,4.825108606353353,0.003215436853974296
2022-03-06,116.7,4.75960653929251,-0.0655020670608426
2022-03-07,116.8,4.760463070394127,0.0008565311016166532
2022-03-08,121.6,4.800736969532067,0.040273899137940106
2022-03-09,127.6,4.848900370910689,0.04816340137862252
2022-03-10,119.2,4.7808027546312495,-0.06809761627943978
2022-03-11,116.6,4.758749273916392,-0.022053480714857798
2022-03-12,120.4,4.79081953287472,0.0320702589583286
2022-03-13,115.7,4.751000634199631,-0.039818898675089365
2022-03-14,118.4,4.774068722449905,0.023068088250274066
2022-03-15,122.1,4.804840381116659,0.030771658666753687
2022-03-16,141.7,4.953712146696635,0.14887176557997606
2022-03-17,155.6,5.047288611744291,0.09357646504765604
2022-03-18,160.1,5.075798620002669,0.028510008258377795
2022-03-19,157.2,5.057518879995106,-0.018279740007562495
2022-03-20,152.6,5.027820118850356,-0.029698761144749675
2022-03-21,153.9,5.0363030408448335,0.008482921994477088
2022-03-22,152.9,5.029784112935016,-0.006518927909817229
2022-03-23,156.0,5.049856007249537,0.020071894314520833
2022-03-24,168.1,5.12455904041457,0.0747030331650329
2022-03-25,162.4,5.090062427727577,-0.034496612686992556
2022-03-26,163.4,5.096201182425903,0.006138754698325144
2022-03-27,169.2,5.1310814471721224,0.03488026474621986
2022-03-28,167.7,5.122176668829163,-0.008904778342959219
2022-03-29,222.7,5.405825574263322,0.2836489054341591
2022-03-30,223.2,5.408068230507156,0.002242656243833352
2022-03-31,207.1,5.333201768401539,-0.07486646210561698
2022-04-01,244.6,5.499624223253072,0.16642245485153317
2022-04-02,238.1,5.472690753492817,-0.026933469760255235
2022-04-03,243.0,5.493061443340548,0.020370689847731605
2022-04-04,237.9,5.471850417308912,-0.021211026031636493
2022-04-05,221.0,5.3981627015177525,-0.07368771579115929
2022-04-06,191.3,5.253842876446207,-0.14431982507154562
2022-04-07,202.2,5.309257306586371,0.05541443014016423
2022-04-08,183.4,5.211669559822364,-0.09758774676400694
2022-04-09,184.8,5.2192741592075835,0.007604599385219402
2022-04-10,176.3,5.172187089403825,-0.04708706980375865
2022-04-11,157.8,5.061328408411774,-0.11085868099205065
2022-04-12,164.6,5.103518288242969,0.04218987983119504
2022-04-13,178.2,5.182906515036709,0.07938822679374002
2022-04-14,171.9,5.146912912388804,-0.0359936026479053
2022-04-15,175.9,5.169915651743512,0.02300273935470809
2022-04-16,172.4,5.149817358229593,-0.020098293513918897
2022-04-17,166.7,5.116195789756748,-0.03362156847284492
2022-04-18,169.0,5.1298987149230735,0.013702925166325208
2022-04-19,183.0,5.209486152841421,0.07958743791834788
2022-04-20,186.2,5.226821364842967,0.017335212001545308
2022-04-21,173.7,5.157329673247059,-0.06949169159590785
2022-04-22,176.9,5.17558460116574,0.01825492791868122
2022-04-23,173.4,5.155601064346442,-0.01998353681929821
2022-04-24,166.4,5.114394528387108,-0.04120653595933366
2022-04-25,168.9,5.129306823813755,0.014912295426646516
2022-04-26,158.0,5.062595033026967,-0.0667117907867878
2022-04-27,168.4,5.126342101808226,0.06374706878125913
2022-04-28,166.1,5.112590016619249,-0.01375208518897697
2022-04-29,157.3,5.058154810064233,-0.054435206555016435
2022-04-30,142.3,4.957937505095806,-0.10021730496842629
2022-05-01,146.5,4.987025428457122,0.029087923361315937
2022-05-02,144.2,4.971201224850849,-0.015824203606273457
2022-05-03,141.1,4.9494688588587685,-0.021732365992080283
2022-05-04,159.5,5.072043922224899,0.12257506336613044
2022-05-05,141.4,4.951592753462473,-0.12045116876242634
2022-05-06,138.4,4.93014804318357,-0.021444710278903045
2022-05-07,132.1,4.883559211528279,-0.046588831655290264
2022-05-08,125.9,4.835487941050301,-0.04807127047797799
2022-05-09,99.3,4.598145571051127,-0.23734236999917435
2022-05-10,105.2,4.65586330030361,0.05771772925248264
2022-05-11,82.5,4.412798293340635,-0.24306500696297473
2022-05-12,77.1,4.345103280569283,-0.06769501277135159
2022-05-13,82.5,4.412798293340635,0.06769501277135159
2022-05-14,86.7,4.462453883786496,0.04965559044586154
2022-05-15,92.1,4.522874943261261,0.060421059474764505
2022-05-16,83.9,4.429625613473161,-0.09324932978810008
2022-05-17,92.6,4.528289141652134,0.09866352817897273
2022-05-18,81.9,4.405498990859024,-0.12279015079310973
2022-05-19,91.8,4.519612297626445,0.11411330676742093
2022-05-20,90.2,4.502029427068578,-0.01758287055786667
2022-05-21,91.3,4.514150787600923,0.012121360532344916
2022-05-22,94.1,4.544358046591334,0.030207258990411212
2022-05-23,99.3,4.598145571051127,0.053787524459792735
2022-05-24,106.6,4.669083511731744,0.07093794068061676
2022-05-25,102.1,4.625952725170619,-0.043130786561124346
2022-05-26,101.0,4.61512051684126,-0.010832208329359716
2022-05-27,92.4,4.526126978647638,-0.08899353819362155
2022-05-28,95.5,4.5591262474866845,0.03299926883904636
2022-05-29,95.5,4.5591262474866845,0.0
2022-05-30,117.4,4.765586907393996,0.20646065990731177
2022-05-31,112.9,4.726502471155617,-0.03908443623837954
2022-06-01,106.3,4.666265285347902,-0.060237185807714866
2022-06-02,110.9,4.7086288943563215,0.04236360900841962
2022-06-03,106.9,4.671893818030999,-0.03673507632532225
2022-06-04,106.9,4.671893818030999,0.0
2022-06-05,103.7,4.641502115235482,-0.030391702795517617
2022-06-06,106.0,4.663439094112067,0.0219369788765853
2022-06-07,99.3,4.598145571051127,-0.06529352306093994
2022-06-08,96.5,4.56954300834494,-0.028602562706186774
2022-06-09,95.9,4.563305981889393,-0.0062370264555475785
2022-06-10,88.2,4.4796069630127455,-0.0836990188766471
2022-06-11,77.2,4.3463994570307305,-0.13320750598201503
2022-06-12,70.3,4.252771798816619,-0.09362765821411134
2022-06-13,59.9,4.092676505121403,-0.1600952936952158
2022-06-14,62.1,4.128745988939433,0.036069483818029546
2022-06-15,66.6,4.198704577546343,0.06995858860691051
2022-06-16,56.6,4.036008985209137,-0.1626955923372062
2022-06-17,57.4,4.050044303325521,0.0140353181163837
2022-06-18,49.6,3.903990833730882,-0.14605346959463894
2022-06-19,54.1,3.9908341858524357,0.0868433521215537
2022-06-20,61.6,4.120661870539474,0.12982768468703876
2022-06-21,66.4,4.1956970564823886,0.07503518594291414
2022-06-22,61.9,4.12552017969055,-0.07017687679183826
2022-06-23,68.0,4.219507705176107,0.09398752548555667
2022-06-24,71.0,4.2626798770413155,0.0431721718652085
2022-06-25,70.0,4.248495242049359,-0.014184634991956102
2022-06-26,65.5,4.182050142641207,-0.06644509940815269
2022-06-27,65.5,4.182050142641207,0.0
2022-06-28,60.1,4.096009841541162,-0.08604030110004501
2022-06-29,59.9,4.092676505121403,-0.0033333364197583037
2022-06-30,57.0,4.04305126783455,-0.049625237286853086
2022-07-01,56.4,4.032469158504013,-0.010582109330536937
2022-07-02,57.9,4.05871738457895,0.026248226074936376
2022-07-03,57.7,4.055257173514054,-0.0034602110648958018
2022-07-04,63.1,4.144720769547168,0.08946359603311382
2022-07-05,60.7,4.1059436980654525,-0.038777071481715275
2022-07-06,63.0,4.143134726391533,0.03719102832608012
2022-07-07,71.2,4.26549281841793,0.12235809202639736
2022-07-08,71.6,4.2710950739666,0.005602255548669888
2022-07-09,81.9,4.405498990859024,0.13440391689242404
2022-07-10,77.8,4.354141431184346,-0.05135755967467759
2022-07-11,69.9,4.247065649239764,-0.107075781944582
2022-07-12,68.4,4.225372824628505,-0.0216928246112591
2022-07-13,79.7,4.378269585796169,0.15289676116766415
2022-07-14,91.3,4.514150787600923,0.13588120180475372
2022-07-15,90.4,4.504244267398131,-0.009906520202791924
2022-07-16,92.9,4.531523645819793,0.02727937842166206
2022-07-17,88.2,4.4796069630127455,-0.05191668280704764
2022-07-18,96.2,4.566429357671661,0.08682239465891506
2022-07-19,95.7,4.5612182984589085,-0.005211059212752112
2022-07-20,90.8,4.508659285607248,-0.05255901285166065
2022-07-21,95.4,4.558078578454241,0.0494192928469932
2022-07-22,89.6,4.4953553199808844,-0.06272325847335658
2022-07-23,89.4,4.493120682179469,-0.002234637801415751
2022-07-24,90.6,4.506454213048934,0.013333530869465093
2022-07-25,81.3,4.398146016553765,-0.10830819649516865
2022-07-26,81.1,4.395682961121367,-0.002463055432397887
2022-07-27,94.7,4.550714000192032,0.15503103907066507
2022-07-28,100.5,4.61015772749913,0.059443727307098015
2022-07-29,95.5,4.5591262474866845,-0.05103148001244584
2022-07-30,95.2,4.55597994179732,-0.0031463056893645813
2022-07-31,97.6,4.580877493419047,0.024897551621727132
2022-08-01,96.6,4.570578741218473,-0.010298752200574413
2022-08-02,93.5,4.537961436294641,-0.03261730492383119
2022-08-03,94.9,4.552823705615882,0.014862269321240795
2022-08-04,96.4,4.5685062016165,0.01568249600061744
2022-08-05,102.8,4.632785353021065,0.0642791514045653
2022-08-06,99.1,4.596129441335942,-0.03665591168512261
2022-08-07,101.3,4.618086411254637,0.021956969918695002
2022-08-08,102.4,4.628886712605407,0.010800301350769814
2022-08-09,97.9,4.583946549536464,-0.04494016306894277
2022-08-10,111.1,4.7104306966455844,0.12648414710912004
2022-08-11,107.5,4.677490847567717,-0.0329398490778674
2022-08-12,114.7,4.742320024135325,0.06482917656760812
2022-08-13,110.5,4.705015520957808,-0.03730450317751721
2022-08-14,107.5,4.677490847567717,-0.027524673390090904
2022-08-15,107.1,4.673762977453703,-0.003727870114014209
2022-08-16,109.8,4.69866052907543,0.024897551621727132
2022-08-17,100.2,4.607168188650764,-0.09149234042466592
2022-08-18,94.9,4.552823705615882,-0.05434448303488182
2022-08-19,83.4,4.423648309364701,-0.12917539625118124
2022-08-20,82.8,4.416428061391214,-0.007220247973487304
2022-08-21,86.0,4.454347296253507,0.03791923486229365
2022-08-22,88.4,4.481871969643598,0.027524673390090904
2022-08-23,89.4,4.493120682179469,0.011248712535870453
2022-08-24,88.5,4.483002552013883,-0.01011813016558527
2022-08-25,93.2,4.534747721691546,0.05174516967766252
2022-08-26,82.8,4.416428061391214,-0.11831966030033225
2022-08-27,82.0,4.406719247264253,-0.009708814126960341
2022-08-28,78.6,4.364371699435161,-0.04234754782909267
2022-08-29,85.8,4.4520190064939165,0.08764730705875579
2022-08-30,84.5,4.436751534363128,-0.015267472130788384
2022-08-31,84.8,4.440295542797857,0.003544008434729129
2022-09-01,86.4,4.45898767581001,0.018692133012153
2022-09-02,88.4,4.481871969643598,0.022884293833588032
2022-09-03,87.1,4.467056883858457,-0.014815085785141235
2022-09-04,88.8,4.486386649998124,0.019329766139667193
2022-09-05,91.1,4.511957804265912,0.02557115426778811
2022-09-06,83.6,4.426043520090656,-0.08591428417525648
2022-09-07,87.5,4.471638793363569,0.04559527327291324
2022-09-08,88.2,4.4796069630127455,0.00796816964917646
2022-09-09,91.2,4.513054897080286,0.03344793406754043
2022-09-10,92.7,4.529368472571809,0.016313575491523125
2022-09-11,91.6,4.517431271680085,-0.011937200891724231
2022-09-12,90.9,4.509760001183433,-0.00767127049665195
2022-09-13,83.0,4.418840607796598,-0.09091939338683463
2022-09-14,83.7,4.4272389774954295,0.008398369698831232
2022-09-15,78.5,4.363098624788363,-0.0641403527070663
2022-09-16,79.3,4.373238128640803,0.010139503852439447
2022-09-17,81.4,4.399375273008495,0.026137144367692322
2022-09-18,73.0,4.290459441148391,-0.108915831860104
2022-09-19,76.4,4.335982696172475,0.04552325502408383
2022-09-20,74.0,4.30406509320417,-0.03191760296830459
2022-09-21,71.6,4.2710950739666,-0.03297001923757037
2022-09-22,76.7,4.33990170837321,0.06880663440661028
2022-09-23,77.1,4.345103280569283,0.005201572196073201
2022-09-24,75.0,4.31748811353631,-0.027615167032973176
2022-09-25,73.6,4.298645025734831,-0.018843087801479363
2022-09-26,76.2,4.333361462692601,0.034716436957769936
2022-09-27,76.6,4.338597076746545,0.0052356140539444596
2022-09-28,76.8,4.341204640153626,0.002607563407081237
2022-09-29,76.9,4.3425058765115985,0.0013012363579720798
2022-09-30,74.6,4.312140507209715,-0.03036536930188305
2022-10-01,74.5,4.310799125385514,-0.0013413818242016262
2022-10-02,72.6,4.28496492183075,-0.025834203554763846
2022-10-03,75.5,4.324132656254979,0.03916773442422894
2022-10-04,78.9,4.368181227851829,0.04404857159684994
2022-10-05,78.8,4.366912996863833,-0.0012682309879954445
2022-10-06,77.5,4.350277936359301,-0.016635060504532007
2022-10-07,75.8,4.328098292648326,-0.022179643710975583
2022-10-08,74.6,4.312140507209715,-0.015957785438610372
2022-10-09,75.5,4.324132656254979,0.011992149045263467
2022-10-10,73.6,4.298645025734831,-0.02548763052014813
2022-10-11,71.4,4.268297869345539,-0.03034715638929164
2022-10-12,71.6,4.2710950739666,0.0027972046210607004
2022-10-13,71.0,4.2626798770413155,-0.008415196925284363
2022-10-14,72.9,4.289088639014612,0.02640876197329689
2022-10-15,71.9,4.275276264727001,-0.013812374287611284
2022-10-16,75.8,4.328098292648326,0.05282202792132473
2022-10-17,78.9,4.368181227851829,0.040082935203503034
2022-10-18,82.5,4.412798293340635,0.04461706548880606
2022-10-19,82.8,4.416428061391214,0.0036297680505787966
2022-10-20,80.7,4.390738575275903,-0.025689486115310523
2022-10-21,82.1,4.407938016458383,0.017199441182479625
2022-10-22,82.2,4.409155302062135,0.0012172856037517832
2022-10-23,88.8,4.486386649998124,0.07723134793598962
2022-10-24,85.1,4.443827035579329,-0.04255961441879563
2022-10-25,81.9,4.405498990859024,-0.03832804472030471
2022-10-26,83.5,4.42484663185681,0.019347640997786186
2022-10-27,81.4,4.399375273008495,-0.025471358848315084
2022-10-28,84.1,4.432006566978902,0.03263129397040743
2022-10-29,85.4,4.447346100794524,0.01533953381562192
2022-10-30,83.9,4.429625613473161,-0.017720487321363443
2022-10-31,83.9,4.429625613473161,0.0
2022-11-01,84.2,4.4331949212482815,0.003569307775120656
2022-11-02,80.5,4.388257184424518,-0.044937736823763785
2022-11-03,83.7,4.4272389774954295,0.03898179307091176
2022-11-04,94.6,4.549657476057832,0.12241849856240261
2022-11-05,96.3,4.56746831880408,0.01781084274624778
2022-11-06,86.4,4.45898767581001,-0.10848064299406968
2022-11-07,87.3,4.469350462845557,0.010362787035546717
2022-11-08,72.2,4.279440045898781,-0.18991041694677602
2022-11-09,58.1,4.062165663857866,-0.2172743820409151
2022-11-10,68.0,4.219507705176107,0.15734204131824114
2022-11-11,64.0,4.1588830833596715,-0.060624621816435464
2022-11-12,58.1,4.062165663857866,-0.09671741950180568
2022-11-13,56.6,4.036008985209137,-0.026156678648728615
2022-11-14,59.2,4.0809215418899605,0.04491255668082328
2022-11-15,61.0,4.110873864173311,0.029952322283350874
2022-11-16,58.4,4.067315889834181,-0.04355797433913011
2022-11-17,58.5,4.069026754237811,0.0017108644036296639
2022-11-18,58.4,4.067315889834181,-0.0017108644036296639
2022-11-19,58.7,4.072439726834051,0.005123836999869624
2022-11-20,56.1,4.027135812528651,-0.04530391430539993
2022-11-21,55.9,4.023564380161053,-0.0035714323675977155
2022-11-22,57.5,4.051784947803305,0.02822056764225156
2022-11-23,58.5,4.069026754237811,0.017241806434506124
2022-11-24,58.2,4.063885354737392,-0.005141399500418586
2022-11-25,59.2,4.0809215418899605,0.01703618715256816
2022-11-26,61.8,4.123903364463645,0.04298182257368488
2022-11-27,61.5,4.119037174812473,-0.004866189651172803
2022-11-28,60.2,4.097672352314776,-0.021364822497696778
2022-11-29,61.6,4.120661870539474,0.022989518224698635
2022-11-30,65.3,4.178992036282385,0.05833016574291072
2022-12-01,63.6,4.152613470346076,-0.026378565936308718
2022-12-02,65.7,4.185098925490565,0.03248545514448864
2022-12-03,62.8,4.139955073474153,-0.04514385201641247
2022-12-04,64.4,4.165113633110308,0.02515855963615543
2022-12-05,64.4,4.165113633110308,0.0
2022-12-06,64.0,4.1588830833596715,-0.006230549750636527
2022-12-07,61.4,4.117409835153096,-0.041473248206575164
2022-12-08,62.8,4.139955073474153,0.02254523832105626
2022-12-09,61.5,4.119037174812473,-0.020917898661680034
2022-12-10,61.4,4.117409835153096,-0.0016273396593762257
2022-12-11,59.6,4.087655574071304,-0.029754261081792244
2022-12-12,60.1,4.096009841541162,0.008354267469857568
2022-12-13,62.0,4.127134385045092,0.031124543503930013
2022-12-14,62.6,4.136765278106052,0.009630893060960766
2022-12-15,60.9,4.109233174715851,-0.02753210339020118
2022-12-16,54.8,4.00369019395397,-0.10554298076188129
2022-12-17,55.5,4.0163830207523885,0.012692826798418544
2022-12-18,55.8,4.021773869387265,0.005390848634876377
2022-12-19,53.7,3.983413001514819,-0.03836086787244586
2022-12-20,55.7,4.019980146933238,0.03656714541841932
2022-12-21,56.0,4.02535169073515,0.005371543801911294
2022-12-22,55.7,4.019980146933238,-0.005371543801911294
2022-12-23,54.6,4.000033882750859,-0.019946264182379103
2022-12-24,54.4,3.996364153861897,-0.0036697288889624424
2022-12-25,54.4,3.996364153861897,0.0
2022-12-26,56.0,4.02535169073515,0.02898753687325284
2022-12-27,57.5,4.051784947803305,0.026433257068155136
2022-12-28,53.8,3.9852734671677386,-0.06651148063556622
2022-12-29,54.5,3.9982007016691985,0.012927234501459939
2022-12-30,52.4,3.9589065913269965,-0.03929411034220198
2022-12-31,52.0,3.9512437185814275,-0.007662872745568983
2023-01-01,52.2,3.955082494888593,0.00383877630716567
2023-01-02,53.0,3.970291913552122,0.015209418663528762
2023-01-03,53.0,3.970291913552122,0.0
2023-01-04,56.9,4.041295341132285,0.07100342758016298
2023-01-05,55.4,4.014579593753238,-0.026715747379046917
2023-01-06,56.4,4.032469158504013,0.0178895647507753
2023-01-07,56.0,4.02535169073515,-0.007117467768863683
2023-01-08,59.3,4.08260930600368,0.05725761526853024
2023-01-09,61.1,4.11251186617755,0.02990256017386983
2023-01-10,61.9,4.12552017969055,0.01300831351300058
2023-01-11,64.2,4.162003210695915,0.036483031005364985
2023-01-12,67.8,4.216562194946349,0.05455898425043415
2023-01-13,71.1,4.264087336809195,0.04752514186284529
2023-01-14,75.9,4.3294166844015844,0.06532934759238973
2023-01-15,79.2,4.37197629882038,0.04255961441879563
2023-01-16,80.5,4.388257184424518,0.01628088560413765
2023-01-17,85.6,4.449685283147696,0.06142809872317834
2023-01-18,81.9,4.405498990859024,-0.04418629228867221
2023-01-19,81.3,4.398146016553765,-0.007352974305258719
2023-01-20,87.6,4.472780997942346,0.07463498138858071
2023-01-21,84.5,4.436751534363128,-0.03602946357921777
2023-01-22,85.4,4.447346100794524,0.010594566431396224
2023-01-23,86.6,4.461299815568389,0.013953714773864867
2023-01-24,79.9,4.380775852772229,-0.08052396279616048
2023-01-25,85.7,4.450852825603734,0.07007697283150538
2023-01-26,88.8,4.486386649998124,0.03553382439439012
2023-01-27,87.2,4.468204330914934,-0.018182319083190457
2023-01-28,84.3,4.4343818650078095,-0.03382246590712423
2023-01-29,87.6,4.472780997942346,0.03839913293453634
2023-01-30,81.2,4.396915247167632,-0.0758657507747138
2023-01-31,82.9,4.417635062141249,0.02071981497361719
2023-02-01,88.3,4.480740107609915,0.06310504546866547
2023-02-02,88.3,4.480740107609915,0.0
2023-02-03,91.2,4.513054897080286,0.03231478947037125
2023-02-04,89.0,4.48863636973214,-0.024418527348146313
2023-02-05,85.7,4.450852825603734,-0.037783544128405566
2023-02-06,84.1,4.432006566978902,-0.01884625862483169
2023-02-07,88.7,4.485259889315534,0.053253322336631825
2023-02-08,87.0,4.465908118654584,-0.019351770660950507
2023-02-09,77.8,4.354141431184346,-0.11176668747023744
2023-02-10,78.7,4.365643155423357,0.011501724239010969
2023-02-11,79.4,4.37449836825309,0.008855212829733006
2023-02-12,77.4,4.3489867805956814,-0.025511587657408796
2023-02-13,82.4,4.411585436915426,0.0625986563197447
2023-02-14,83.1,4.420044701861403,0.008459264945976486
2023-02-15,89.5,4.4942386252808095,0.07419392341940689
2023-02-16,84.0,4.430816798843313,-0.06342182643749616
2023-02-17,86.4,4.45898767581001,0.028170876966696845
2023-02-18,91.0,4.51085950651685,0.05187183070683954
2023-02-19,90.1,4.500920164614292,-0.009939341902557963
2023-02-20,92.0,4.5217885770490405,0.020868412434748684
2023-02-21,87.8,4.475061500641071,-0.04672707640796947
2023-02-22,85.0,4.442651256490317,-0.03241024415075433
2023-02-23,85.6,4.449685283147696,0.0070340266573794
2023-02-24,81.6,4.401829261970061,-0.0478560211776351
2023-02-25,80.0,4.382026634673881,-0.019802627296179764
2023-02-26,82.2,4.409155302062135,0.02712866738825337
2023-02-27,80.2,4.384523514872469,-0.024631787189665744
2023-02-28,77.7,4.3528552573736015,-0.03166825749886737
2023-03-01,82.9,4.417635062141249,0.06477980476764778
2023-03-02,79.9,4.380775852772229,-0.03685920936902054
2023-03-03,76.8,4.341204640153626,-0.0395712126186023
2023-03-04,75.3,4.321480134805848,-0.01972450534777881
2023-03-05,75.0,4.31748811353631,-0.00399202126953746
2023-03-06,76.6,4.338597076746545,0.021108963210235032
2023-03-07,75.2,4.320151230955794,-0.018445845790751036
2023-03-08,71.7,4.272490747605575,-0.047660483350218996
2023-03-09,68.6,4.22829253473184,-0.044198212873735265
2023-03-10,68.3,4.223909766576744,-0.00438276815509564
2023-03-11,66.8,4.2017030805426,-0.022206686034143885
2023-03-12,72.7,4.286341384539473,0.084638303996873
2023-03-13,76.0,4.330733340286331,0.044391955746857725
2023-03-14,79.1,4.370712874773608,0.03997953448727731
2023-03-15,73.9,4.302712827954156,-0.06800004681945193
2023-03-16,74.8,4.314817884980432,0.01210505702627529
2023-03-17,80.6,4.389498649512583,0.07468076453215122
2023-03-18,77.8,4.354141431184346,-0.035357218328236684
2023-03-19,79.4,4.37449836825309,0.020356937068743974
2023-03-20,76.1,4.33204826486764,-0.04245010338545008
2023-03-21,79.0,4.3694478524670215,0.037399587599381334
2023-03-22,75.1,4.318820558770089,-0.050627293696932085
2023-03-23,77.1,4.345103280569283,0.026282721799193887
2023-03-24,73.0,4.290459441148391,-0.05464383942089235
2023-03-25,71.3,4.26689632742025,-0.023563113728140905
2023-03-26,72.9,4.289088639014612,0.0221923115943623
2023-03-27,69.8,4.2456340097683265,-0.04345462924628585
2023-03-28,70.6,4.257030144499196,0.011396134730869534
2023-03-29,72.9,4.289088639014612,0.032058494515416314
2023-03-30,71.3,4.26689632742025,-0.0221923115943623
2023-03-31,74.2,4.3067641501733345,0.039867822753084425
2023-04-01,74.1,4.3054155323020415,-0.001348617871292923
2023-04-02,73.0,4.290459441148391,-0.014956091153650597
2023-04-03,73.7,4.300002799195291,0.00954335804690043
2023-04-04,76.4,4.335982696172475,0.0359798969771834
2023-04-05,78.2,4.359269647551265,0.023286951378790555
2023-04-06,80.6,4.389498649512583,0.030229001961317614
2023-04-07,78.3,4.360547602996758,-0.02895104651582514
2023-04-08,76.3,4.334672938290411,-0.025874664706346806
2023-04-09,76.2,4.333361462692601,-0.0013114755978103076
2023-04-10,78.5,4.363098624788363,0.029737162095762493
2023-04-11,79.1,4.370712874773608,0.007614249985245181
2023-04-12,78.9,4.368181227851829,-0.00253164692177954
2023-04-13,81.2,4.396915247167632,0.028734019315803216
2023-04-14,82.5,4.412798293340635,0.015883046173002846
2023-04-15,82.4,4.411585436915426,-0.0012128564252087415
2023-04-16,83.4,4.423648309364701,0.012062872449274842
2023-04-17,81.1,4.395682961121367,-0.027965348243333743
2023-04-18,82.0,4.406719247264253,0.011036286142886098
2023-04-19,74.0,4.30406509320417,-0.10265415406008316
2023-04-20,72.4,4.282206299391671,-0.021858793812499222
2023-04-21,69.2,4.237000862623624,-0.04520543676804678
2023-04-22,70.9,4.2612704335380815,0.02426957091445736
2023-04-23,70.4,4.254193263163997,-0.007077170374084396
2023-04-24,69.9,4.247065649239764,-0.0071276139242328895
2023-04-25,71.3,4.26689632742025,0.019830678180485783
2023-04-26,69.4,4.239886867512759,-0.027009459907491262
2023-04-27,71.4,4.268297869345539,0.028411001832780336
2023-04-28,72.1,4.278054044290903,0.009756174945364293
2023-04-29,71.8,4.273884476054178,-0.004169568236725318
2023-04-30,70.2,4.251348311031766,-0.02253616502241229
2023-05-01,68.9,4.232656178019613,-0.018692133012153
2023-05-02,69.1,4.235554730773624,0.0028985527540115186
2023-05-03,71.7,4.272490747605575,0.0369360168319508
2023-05-04,70.8,4.259859000699674,-0.012631746905901409
2023-05-05,73.5,4.297285406218791,0.03742640551911691
2023-05-06,69.8,4.2456340097683265,-0.05165139645046413
2023-05-07,68.7,4.229749199228304,-0.015884810540022443
2023-05-08,64.5,4.1666652238017265,-0.06308397542657751
2023-05-09,64.5,4.1666652238017265,0.0
2023-05-10,64.7,4.169761201506855,0.003095977705128483
2023-05-11,62.3,4.131961425793407,-0.037799775713447836
2023-05-12,63.2,4.146304301152812,0.014342875359404594
2023-05-13,62.1,4.128745988939433,-0.01755831221337889
2023-05-14,62.3,4.131961425793407,0.003215436853974296
2023-05-15,62.8,4.139955073474153,0.007993647680745397
2023-05-16,62.9,4.141546163706395,0.0015910902322424647
2023-05-17,65.0,4.174387269895637,0.03284110618924174
2023-05-18,64.9,4.1728476237100445,-0.001539646185592325
2023-05-19,65.3,4.178992036282385,0.006144412572340663
2023-05-20,65.3,4.178992036282385,0.0
2023-05-21,63.9,4.157319361383489,-0.02167267489889646
2023-05-22,64.3,4.163559631243574,0.006240269860085412
2023-05-23,65.5,4.182050142641207,0.01849051139763258
2023-05-24,63.9,4.157319361383489,-0.024730781257717993
2023-05-25,63.5,4.151039905898646,-0.006279455484842877
2023-05-26,64.7,4.169761201506855,0.018721295608209232
2023-05-27,65.7,4.185098925490565,0.015337723983710028
2023-05-28,69.0,4.23410650459726,0.04900757910669462
2023-05-29,67.4,4.210645017918261,-0.02346148667899861
2023-05-30,66.6,4.198704577546343,-0.01194044037191766
2023-05-31,63.8,4.155753190350744,-0.042951387195599544
2023-06-01,62.6,4.136765278106052,-0.01898791224469143
2023-06-02,63.6,4.152613470346076,0.015848192240023984
2023-06-03,63.5,4.151039905898646,-0.0015735644474306199
2023-06-04,62.8,4.139955073474153,-0.011084832424493207
2023-06-05,59.9,4.092676505121403,-0.04727856835274924
2023-06-06,61.7,4.122283930911342,0.0296074257899388
2023-06-07,59.1,4.079230924412053,-0.04305300649928956
2023-06-08,59.8,4.091005660956586,0.01177473654453376
2023-06-09,60.0,4.0943445622221,0.0033389012655140604
2023-06-10,52.7,3.9646154555473165,-0.12972910667478388
2023-06-11,52.2,3.955082494888593,-0.009532960658723333
2023-06-12,53.7,3.983413001514819,0.028330506626225826
2023-06-13,55.1,4.009149716158869,0.02573671464404992
2023-06-14,52.1,3.9531649487593215,-0.0559847673995475
2023-06-15,50.1,3.914021008090819,-0.03914394066850235
2023-06-16,50.73,3.9265174515785985,0.012496443487779452
2023-06-17,51.06,3.9330014118133376,0.006483960234739072
2023-06-18,50.93,3.9304521408965134,-0.00254927091682422
2023-06-19,51.96,3.9504741918023987,0.02002205090588527
2023-06-20,53.1,3.9721769282478934,0.021702736445494697
2023-06-21,55.02,4.007696755496428,0.03551982724853486
2023-06-22,55.6,4.018183201256536,0.010486445760108154
2023-06-23,57.1,4.044804116661965,0.026620915405428214
2023-06-24,57.08,4.0444537926086355,-0.00035032405332913186
2023-06-25,68.76,4.230622180514649,0.18616838790601342
2023-06-26,63.17,4.145829504910609,-0.08479267560403958
2023-06-27,64.97,4.17392562489244,0.02809611998183037
2023-06-28,59.42,4.084630870034462,-0.08929475485797767
2023-06-29,62.99,4.142975983633837,0.05834511359937533
2023-06-30,70.54,4.256179924807906,0.11320394117406885
2023-07-01,68.14,4.22156441223282,-0.034615512575085994
2023-07-02,70.69,4.258304120182863,0.036739707950042444
2023-07-03,72.95,4.289774274968795,0.03147015478593218
2023-07-04,77.08,4.344843843546165,0.05506956857737055
2023-07-05,74.6,4.312140507209715,-0.03270333633644995
2023-07-06,70.25,4.2520603082138555,-0.060080198995859924
2023-07-07,74.76,4.314282982587362,0.06222267437350659
2023-07-08,73.6,4.298645025734831,-0.01563795685253133
2023-07-09,71.84,4.274441423993944,-0.024203601740886427
2023-07-10,69.32,4.238733464847405,-0.03570795914653946
2023-07-11,73.31,4.294697025235496,0.055963560388090805
2023-07-12,75.6,4.3254562831854875,0.030759257949991792
2023-07-13,79.18,4.371723741677985,0.04626745849249758
2023-07-14,81.12,4.395929539842873,0.024205798164888215
2023-07-15,79.04,4.369954053439613,-0.02597548640326064
2023-07-16,76.83,4.341595188879544,-0.028358864560068753
2023-07-17,75.15,4.319486116198983,-0.022109072680560615
2023-07-18,72.06,4.277499105319947,-0.04198701087903611
2023-07-19,71.71,4.272630207894483,-0.004868897425463814
2023-07-20,72.52,4.283862385886651,0.011232177992167358
2023-07-21,74.36,4.308918162853243,0.025055776966592447
2023-07-22,71.74,4.273048472104136,-0.03586969074910673
2023-07-23,72.28,4.280547465724028,0.007498993619891259
2023-07-24,70.28,4.252487263318897,-0.028060202405130852
2023-07-25,70.09,4.249780130512233,-0.0027071328066634592
2023-07-26,72.0,4.276666119016055,0.026885988503821956
2023-07-27,72.48,4.283310661734724,0.006644542718668767
2023-07-28,72.8,4.28771595520264,0.0044052934679159605
2023-07-29,74.37,4.309052634715209,0.02133667951256868
2023-07-30,70.86,4.260706099437326,-0.04834653527788291
2023-07-31,65.37,4.180063437624638,-0.08064266181268742
2023-08-01,65.6,4.183575695950044,0.0035122583254052486
2023-08-02,64.46,4.166044876387292,-0.01753081956275171
2023-08-03,62.99,4.142975983633837,-0.023068892753454584
2023-08-04,64.2,4.162003210695915,0.019027227062077934
2023-08-05,64.49,4.166510173022286,0.0045069623263707115
2023-08-06,65.94,4.188745237643585,0.02223506462129876
2023-08-07,64.94,4.1734637666747,-0.015281470968885102
2023-08-08,66.27,4.193737306100135,0.020273539425435416
2023-08-09,67.34,4.209754413732928,0.01601710763279307
2023-08-10,67.09,4.206035001574797,-0.003719412158130986
2023-08-11,65.96,4.189048497691398,-0.016986503883399173
2023-08-12,66.2,4.192680462942962,0.003631965251564395
2023-08-13,65.65,4.184337600748806,-0.008342862194156808
2023-08-14,65.56,4.182965753875629,-0.0013718468731767075
2023-08-15,63.52,4.1513548169388805,-0.031610936936748324
2023-08-16,60.38,4.100657924278693,-0.05069689266018784
2023-08-17,55.43,4.0151209634317135,-0.08553696084697915
2023-08-18,55.84,4.022490458454117,0.00736949502240325
2023-08-19,56.59,4.035832291154432,0.013341832700315415
2023-08-20,57.12,4.0451543180313285,0.009322026876896317
2023-08-21,55.55,4.017283516085639,-0.027870801945689472
2023-08-22,54.94,4.006241680667128,-0.011041835418510892
2023-08-23,57.18,4.046204186894165,0.03996250622703723
2023-08-24,57.49,4.0516110196351995,0.005406832741034151
2023-08-25,56.96,4.04234926710372,-0.009261752531479317
2023-08-26,56.69,4.037597828336212,-0.004751438767508276
2023-08-27,58.35,4.066459358732565,0.02886153039635264
2023-08-28,58.27,4.065087381154983,-0.0013719775775813403
2023-08-29,59.58,4.0873199472851365,0.02223256613015323
2023-08-30,57.77,4.056469609793174,-0.03085033749196242
2023-08-31,55.56,4.017463517886143,-0.03900609190703097
2023-09-01,54.53,3.9987510089379703,-0.01871250894817278
2023-09-02,55.22,4.011325206502009,0.012574197564038325
2023-09-03,54.8,4.00369019395397,-0.007635012548038667
2023-09-04,54.7,4.001863709427935,-0.0018264845260347329
2023-09-05,55.54,4.017103481878653,0.015239772450717837
2023-09-06,55.13,4.009694032601592,-0.007409449277060887
2023-09-07,56.33,4.031227252906622,0.02153322030503002
2023-09-08,56.5,4.034240638152395,0.0030133852457732146
2023-09-09,56.21,4.029094677013983,-0.005145961138412147
2023-09-10,54.03,3.9895394478559743,-0.03955522915800902
2023-09-11,52.12,3.953548752256644,-0.0359906955993301
2023-09-12,53.04,3.971046345877607,0.017497593620962704
2023-09-13,53.59,3.981362483506759,0.010316137629152067
2023-09-14,54.37,3.995812531157829,0.014450047651070275
2023-09-15,55.85,4.02266952551521,0.026856994357380426
2023-09-16,59.17,4.080414656688602,0.05774513117339275
2023-09-17,59.34,4.083283614862676,0.0028689581740737324
2023-09-18,60.56,4.103634609129194,0.020350994266517652
2023-09-19,61.83,4.124388683570477,0.02075407444128352
2023-09-20,65.5,4.182050142641207,0.05766145907072939
2023-09-21,62.5,4.135166556742356,-0.046883585898850555
2023-09-22,64.4,4.165113633110308,0.029947076367951908
2023-09-23,62.97,4.142658422500651,-0.022455210609656717
2023-09-24,61.74,4.122932019074013,-0.019726403426638228
2023-09-25,62.23,4.130837198581126,0.007905179507113225
2023-09-26,61.12,4.112839144858265,-0.01799805372286123
2023-09-27,60.7,4.1059436980654525,-0.006895446792812621
2023-09-28,65.69,4.184946706904381,0.07900300883892886
2023-09-29,66.06,4.190563419962643,0.005616713058262057
2023-09-30,67.56,4.2130160919396,0.022452671976956218
2023-10-01,72.21,4.27957854046309,0.06656244852349058
2023-10-02,69.15,4.236278058110767,-0.04330048235232287
2023-10-03,65.07,4.175463613506893,-0.06081444460387431
2023-10-04,66.67,4.199755076629969,0.02429146312307573
2023-10-05,66.91,4.2033484327947255,0.003593356164756756
2023-10-06,68.88,4.232365860119475,0.029017427324749434
2023-10-07,66.74,4.2008044733232275,-0.031561386796247426
2023-10-08,66.04,4.190260619051927,-0.010543854271300113
2023-10-09,63.3,4.147885329150131,-0.04237528990179662
2023-10-10,64.08,4.160132302760104,0.012246973609973288
2023-10-11,63.29,4.147727338787214,-0.012404963972890037
2023-10-12,62.96,4.1424996041091475,-0.005227734678066476
2023-10-13,63.69,4.1540275643832745,0.011527960274126947
2023-10-14,64.27,4.163092959383195,0.009065394999920429
2023-10-15,63.96,4.158257887965753,-0.004835071417441661
2023-10-16,64.79,4.171151270461866,0.012893382496113048
2023-10-17,62.6,4.136765278106052,-0.034385992355813855
2023-10-18,62.03,4.127618138985026,-0.009147139121026271
2023-10-19,63.91,4.157475843662191,0.02985770467716442
2023-10-20,65.9,4.188138441508461,0.03066259784627068
2023-10-21,70.06,4.249352017769341,0.06121357626087942
2023-10-22,79.27,4.372859746849064,0.12350772907972374
2023-10-23,84.88,4.441238494305727,0.06837874745666284
2023-10-24,83.51,4.424966385165138,-0.016272109140588853
2023-10-25,86.09,4.455393260669863,0.030426875504725004
2023-10-26,80.73,4.391110253406924,-0.06428300726293923
2023-10-27,78.33,4.360930671379148,-0.030179582027776597
2023-10-28,80.02,4.382276603429089,0.021345932049941396
2023-10-29,84.49,4.436633184164753,0.054356580735664295
2023-10-30,83.68,4.427000000316613,-0.00963318384814027
2023-10-31,81.44,4.399866552802212,-0.02713344751440072
2023-11-01,89.16,4.490432508517668,0.09056595571545589
2023-11-02,91.97,4.521462436914606,0.03102992839693819
2023-11-03,90.12,4.501142115564043,-0.020320321350562942
2023-11-04,90.06,4.500476114873425,-0.0006660006906180627
2023-11-05,89.09,4.489647094732552,-0.010829020140873169
2023-11-06,100.22,4.607367769531579,0.1177206747990267
2023-11-07,97.46,4.57944203741536,-0.02792573211621896
2023-11-08,100.3,4.60816569496789,0.028723657552530035
2023-11-09,100.81,4.61323755706585,0.005071862097960178
2023-11-10,100.26,4.607766811835357,-0.005470745230493179
2023-11-11,96.98,4.574504771677206,-0.03326204015815115
2023-11-12,99.86,4.603769205072463,0.029264433395256972
2023-11-13,92.95,4.532061714167453,-0.07170749090500994
2023-11-14,90.79,4.508549147383666,-0.023512566783787214
2023-11-15,95.5,4.5591262474866845,0.05057710010301886
2023-11-16,91.06,4.511518629906636,-0.04760761758004861
2023-11-17,88.74,4.4857107459507635,-0.025807883955872413
2023-11-18,88.11,4.4785860338786385,-0.00712471207212495
2023-11-19,91.52,4.5165575276314875,0.03797149375284903
2023-11-20,90.24,4.502472787749749,-0.014084739881738528
2023-11-21,84.49,4.436633184164753,-0.06583960358499574
2023-11-22,95.41,4.558183394763755,0.1215502105990014
2023-11-23,96.01,4.564452352709533,0.006268957945778197
2023-11-24,99.17,4.596835549198034,0.0323831964885013
2023-11-25,99.57,4.600860914399993,0.0040253652019588415
2023-11-26,97.91,4.5840486893659795,-0.016812225034013473
2023-11-27,96.2,4.566429357671661,-0.01761933169431895
2023-11-28,96.92,4.573885895948325,0.007456538276664482
2023-11-29,96.5,4.56954300834494,-0.00434288760338486
2023-11-30,98.26,4.587617026740502,0.018074018395561886
2023-12-01,100.12,4.6063694665635735,0.0187524398230714
2023-12-02,104.19,4.646216155424092,0.039846688860518675
2023-12-03,102.72,4.632006839941651,-0.014209315482441198
2023-12-04,100.0,4.605170185988092,-0.026836653953559164
2023-12-05,98.69,4.591983624183916,-0.013186561804175767
2023-12-06,96.3,4.56746831880408,-0.02451530537983615
2023-12-07,98.65,4.591578232468624,0.02410991366454418
2023-12-08,99.49,4.600057136601269,0.008478904132644516
2023-12-09,98.65,4.591578232468624,-0.008478904132644516
2023-12-10,97.98,4.584763376210429,-0.006814856258195334
2023-12-11,91.62,4.517649588458596,-0.06711378775183263
2023-12-12,92.68,4.529152699564175,0.011503111105579222
2023-12-13,94.75,4.5512418439625355,0.022089144398360183
2023-12-14,107.12,4.673949701382917,0.12270785742038193
2023-12-15,108.2,4.6839813664123815,0.010031665029464065
2023-12-16,104.77,4.651767471364874,-0.03221389504750771
2023-12-17,100.1,4.6061696863211745,-0.04559778504369927
2023-12-18,99.37,4.598850257243272,-0.007319429077902839
2023-12-19,101.33,4.618382517460226,0.019532260216954533
2023-12-20,100.11,4.606269581431392,-0.01211293602883412
2023-12-21,101.71,4.622125626637505,0.015856045206112945
2023-12-22,100.02,4.605370165990758,-0.016755460646747267
2023-12-23,99.44,4.599554447202456,-0.0058157187883018935
2023-12-24,99.61,4.601262561157074,0.0017081139546180069
2023-12-25,102.77,4.632493481636982,0.031230920479908164
2023-12-26,102.9,4.633757642840004,0.00126416120302153
2023-12-27,112.0,4.718498871295094,0.08474122845509058
2023-12-28,118.88,4.778114580969449,0.05961570967435481
2023-12-29,112.47,4.72268651941593,-0.05542806155351876
2023-12-30,111.02,4.709710365262016,-0.01297615415391462
2023-12-31,108.69,4.688499793575096,-0.021210571686919977
2024-01-01,116.17,4.755054635525384,0.06655484195028816
2024-01-02,110.28,4.703022586155596,-0.05203204936978789
2024-01-03,102.66,4.631422557132157,-0.07160002902343887
2024-01-04,103.77,4.642176911617187,0.010754354485030149
2024-01-05,102.94,4.6341462942246086,-0.008030617392578598
2024-01-06,99.43,4.599453878991982,-0.03469241523262667
2024-01-07,94.94,4.553245113123172,-0.046208765868810175
2024-01-08,99.0,4.59511985013459,0.041874737011418084
2024-01-09,96.46,4.569128414640826,-0.025991435493764037
2024-01-10,107.08,4.673576218652152,0.10444780401132636
2024-01-11,109.63,4.697111059686448,0.02353484103429615
2024-01-12,103.0,4.634728988229636,-0.062382071456812405
2024-01-13,106.0,4.663439094112067,0.02871010588243106
2024-01-14,99.42,4.599353300666526,-0.06408579344554077
2024-01-15,101.8,4.623010104116422,0.023656803449895847
2024-01-16,103.59,4.640440800070011,0.017430695953589037
2024-01-17,101.38,4.6188758330442035,-0.02156496702580757
2024-01-18,96.89,4.573576314396913,-0.04529951864729043
2024-01-19,97.07,4.575432367724135,0.0018560533272218294
2024-01-20,97.43,4.57913417143725,0.003701803713115126
2024-01-21,96.49,4.569439376032292,-0.009694795404957546
2024-01-22,91.73,4.518849479521564,-0.050589896510728316
2024-01-23,89.66,4.496024738727294,-0.022824740794270326
2024-01-24,89.95,4.499253960396542,0.003229221669248439
2024-01-25,88.82,4.486611849863956,-0.012642110532586237
2024-01-26,91.35,4.514698282824016,0.02808643296005986
2024-01-27,91.6,4.517431271680085,0.0027329888560689852
2024-01-28,91.16,4.512616204377483,-0.004815067302601506
2024-01-29,93.62,4.539244035871924,0.026627831494440812
2024-01-30,93.1,4.533674184283021,-0.0055698515889028855
2024-01-31,85.88,4.45295097301058,-0.0807232112724412
2024-02-01,83.93,4.429983118094737,-0.02296785491584341
2024-02-02,85.86,4.452718062796414,0.022734944701677584
2024-02-03,85.64,4.450152463721482,-0.0025655990749324786
2024-02-04,83.24,4.421728001525434,-0.028424462196047884
2024-02-05,84.19,4.4330761493495725,0.011348147824138621
2024-02-06,84.49,4.436633184164753,0.0035570348151807707
2024-02-07,84.2,4.4331949212482815,-0.003438262916471757
2024-02-08,85.16,4.444531840025279,0.011336918776997607
2024-02-09,87.61,4.4728951466782725,0.02836330665299336
2024-02-10,88.38,4.481645699702594,0.008750553024321484
2024-02-11,87.28,4.469121341524815,-0.012524358177778971
2024-02-12,90.81,4.508769411701737,0.039648070176921735
2024-02-13,89.58,4.495132080779154,-0.013637330922582791
2024-02-14,91.0,4.51085950651685,0.01572742573769581
2024-02-15,92.24,4.524393875960803,0.013534369443953587
2024-02-16,94.51,4.548705649006965,0.024311773046161278
2024-02-17,93.91,4.542336876816522,-0.006368772190442407
2024-02-18,94.65,4.550185877655332,0.007849000838810127
2024-02-19,96.22,4.5666372362713075,0.01645135861597513
2024-02-20,93.85,4.541697763032518,-0.02493947323878931
2024-02-21,91.72,4.518740457989703,-0.0229573050428149
2024-02-22,91.95,4.52124495105033,0.0025044930606270555
2024-02-23,94.64,4.550080219670131,0.028835268619801013
2024-02-24,101.14,4.616505695651837,0.06642547598170534
2024-02-25,100.32,4.608365076884611,-0.008140618767225938
2024-02-26,102.79,4.6326880720248305,0.02432299514021974
2024-02-27,104.75,4.6515765588022475,0.018888486777417057
2024-02-28,104.42,4.648421227982406,-0.0031553308198413177
2024-02-29,105.78,4.6613614656378335,0.012940237655427289
2024-03-01,110.52,4.705196500055216,0.043835034417382346
2024-03-02,116.02,4.753762590037918,0.04856608998270229
2024-03-03,112.65,4.724285666878253,-0.02947692315966499
2024-03-04,114.14,4.737425765108562,0.01314009823030915
2024-03-05,105.75,4.661077817926388,-0.07634794718217464
2024-03-06,127.53,4.848351631038809,0.1872738131124212
2024-03-07,133.91,4.897167932507474,0.04881630146866556
2024-03-08,132.63,4.887563296506261,-0.009604636001212974
2024-03-09,131.31,4.877560939870913,-0.010002356635347986
2024-03-10,126.86,4.843084116205751,-0.03447682366516247
2024-03-11,136.74,4.918081312485648,0.07499719627989698
2024-03-12,135.36,4.907937895857914,-0.010143416627734325
2024-03-13,142.69,4.960674444942484,0.05273654908457015
2024-03-14,139.42,4.937490960058253,-0.023183484884230943
2024-03-15,129.13,4.86081964885856,-0.07667131119969284
2024-03-16,118.76,4.777104649895559,-0.08371499896300083
2024-03-17,126.91,4.843478173822073,0.06637352392651419
2024-03-18,123.42,4.815593172892921,-0.027885000929152248
2024-03-19,109.44,4.69537645387424,-0.12021671901868114
2024-03-20,120.11,4.788407989566399,0.09303153569215894
2024-03-21,123.38,4.815269023781492,0.026861034215093227
2024-03-22,118.92,4.778450998129897,-0.036818025651594866
2024-03-23,121.4,4.799090878625398,0.020639880495500584
2024-03-24,124.85,4.827113016725782,0.028022138100384453
2024-03-25,127.03,4.844423279035369,0.017310262309586655
2024-03-26,130.82,4.8738223325330665,0.029399053497697558
2024-03-27,125.0,4.8283137373023015,-0.045508595230765
2024-03-28,127.87,4.851014122823077,0.02270038552077569
2024-03-29,127.45,4.847724130822124,-0.003289992000953035
2024-03-30,123.96,4.819958932919548,-0.027765197902576588
2024-03-31,128.31,4.854449210906927,0.03449027798737969
2024-04-01,129.27,4.861903240295856,0.007454029388928696
2024-04-02,115.49,4.749183946126996,-0.11271929416886017
2024-04-03,114.5,4.740574822994295,-0.008609123132701235
2024-04-04,116.35,4.756602889748301,0.016028066754006254
2024-04-05,113.68,4.733387483788845,-0.023215405959455815
2024-04-06,118.56,4.775419161547776,0.04203167775893135
2024-04-07,122.84,4.810882695572622,0.0354635340248457
2024-04-08,129.18,4.861206780604327,0.050324085031705046
2024-04-09,126.5,4.840242308167575,-0.020964472436752146
2024-04-10,128.5,4.855928904335275,0.01568659616769974
2024-04-11,117.6,4.767289035464526,-0.08863986887074837
2024-04-12,99.81,4.603268378698495,-0.16402065676603161
2024-04-13,82.56,4.4135253017332525,-0.18974307696524217
2024-04-14,87.94,4.476654763752664,0.06312946201941116
2024-04-15,84.89,4.441356300749876,-0.03529846300278727
2024-04-16,86.72,4.462684537691336,0.0213282369414598
2024-04-17,83.67,4.426880490307507,-0.03580404738382903
2024-04-18,85.42,4.44758026541332,0.02069977510581289
2024-04-19,85.76,4.451552697322492,0.003972431909171625
2024-04-20,91.79,4.519503359231,0.06795066190850818
2024-04-21,91.1,4.511957804265912,-0.007545554965087575
2024-04-22,96.44,4.5689210533129705,0.056963249047058184
2024-04-23,94.65,4.550185877655332,-0.01873517565763816
2024-04-24,90.72,4.507777839979442,-0.042408037675889965
2024-04-25,91.52,4.5165575276314875,0.008779687652045176
2024-04-26,89.56,4.494908791730554,-0.021648735900933858
2024-04-27,91.77,4.519285446830922,0.024376655100367906
2024-04-28,90.29,4.503026712319388,-0.016258734511533923
2024-04-29,89.4,4.493120682179469,-0.009906030139918975
2024-04-30,83.42,4.423888088768799,-0.06923259341066945
2024-05-01,83.67,4.426880490307507,0.002992401538707945
2024-05-02,84.92,4.441709636835055,0.014829146527548076
2024-05-03,88.79,4.4862740310442355,0.044564394209180236
2024-05-04,89.01,4.48874872297084,0.002474691926604322
2024-05-05,90.01,4.499920775268994,0.011172052298154433
2024-05-06,87.88,4.47597224751641,-0.023948527752584603
2024-05-07,87.93,4.4765410433909105,0.0005687958745008714
2024-05-08,86.17,4.4563220892516755,-0.020218954139235024
2024-05-09,89.92,4.498920386145381,0.04259829689370509
2024-05-10,83.76,4.427955566562281,-0.07096481958309919
2024-05-11,82.31,4.410492606984553,-0.017462959577728476
2024-05-12,83.0,4.418840607796598,0.008348000812045342
2024-05-13,82.8,4.416428061391214,-0.0024125464053845747
2024-05-14,80.44,4.387511564904451,-0.028916496486762533
2024-05-15,86.07,4.455160918661383,0.0676493537569316
2024-05-16,85.89,4.453067407778134,-0.002093510883248939
2024-05-17,88.29,4.480626850913491,0.027559443135356965
2024-05-18,88.24,4.480060374945247,-0.0005664759682435516
2024-05-19,85.33,4.446526092548494,-0.03353428239675349
2024-05-20,98.03,4.585273554273635,0.13874746172514119
2024-05-21,97.14,4.576153236917599,-0.009120317356035912
2024-05-22,94.43,4.547858819274978,-0.02829441764262075
2024-05-23,97.91,4.5840486893659795,0.036189870091001275
2024-05-24,99.43,4.599453878991982,0.015405189626002347
2024-05-25,105.19,4.6557682387511825,0.05631435975920063
2024-05-26,109.59,4.696746129475301,0.04097789072411828
2024-05-27,108.63,4.68794761244566,-0.008798517029640962
2024-05-28,106.37,4.666923582263574,-0.021024030182085873
2024-05-29,103.79,4.642369626977198,-0.024553955286376272
2024-05-30,102.86,4.63336884034677,-0.009000786630427804
2024-05-31,103.81,4.642562305205154,0.00919346485838446
2024-06-01,104.07,4.6450637496497675,0.002501444444613199
2024-06-02,103.11,4.635796379529852,-0.009267370119915519
2024-06-03,101.07,4.615813346086571,-0.019983033443280895
2024-06-04,103.02,4.634923144137439,0.01910979805086832
2024-06-05,104.37,4.647942277831961,0.013019133694521123
2024-06-06,102.43,4.629179638448443,-0.01876263938351741
2024-06-07,97.44,4.579236803961587,-0.049942834486856214
2024-06-08,92.85,4.530985287798715,-0.048251516162872043
2024-06-09,93.45,4.537426533901572,0.006441246102856901
2024-06-10,90.81,4.508769411701737,-0.028657122199835072
2024-06-11,87.77,4.474719756604026,-0.03404965509771074
2024-06-12,89.98,4.499587423413026,0.024867666809000433
2024-06-13,83.74,4.4277167605909975,-0.07187066282202892
2024-06-14,83.65,4.426641427432833,-0.0010753331581643266
2024-06-15,85.89,4.453067407778134,0.026425980345300637
2024-06-16,85.8,4.4520190064939165,-0.0010484012842173485
2024-06-17,84.94,4.441945124885125,-0.010073881608791524
2024-06-18,82.05,4.4073288175361,-0.0346163073490251
2024-06-19,87.31,4.469465003822716,0.0621361862866161
2024-06-20,84.85,4.440884991680235,-0.028580012142480626
2024-06-21,82.0,4.406719247264253,-0.03416574441598197
2024-06-22,81.66,4.40256428589143,-0.004154961372823784
2024-06-23,80.75,4.391357962102766,-0.01120632378866393
2024-06-24,86.28,4.457597821520956,0.06623985941819033
2024-06-25,92.09,4.522766359733276,0.06516853821231994
2024-06-26,94.46,4.548176464467971,0.025410104734695516
2024-06-27,93.46,4.53753353727228,-0.010642927195691598
2024-06-28,93.64,4.53945764262271,0.0019241053504304162
2024-06-29,96.59,4.570475216191205,0.031017573568494328
2024-06-30,97.43,4.57913417143725,0.00865895524604543
2024-07-01,98.34,4.5884308619837935,0.009296690546543473
2024-07-02,91.51,4.516448255927287,-0.07198260605650653
2024-07-03,84.27,4.434025929784262,-0.0824223261430248
2024-07-04,79.53,4.376134308969044,-0.05789162081521848
2024-07-05,79.92,4.381026134340298,0.0048918253712546544
2024-07-06,83.16,4.420766462989812,0.039740328649513934
2024-07-07,78.2,4.359269647551265,-0.0614968154385469
2024-07-08,82.04,4.40720693320418,0.047937285652914774
2024-07-09,85.29,4.446057214331018,0.038850281126838304
2024-07-10,91.09,4.511848028756718,0.0657908144257
2024-07-11,92.77,4.5301233116651805,0.01827528290846203
2024-07-12,97.49,4.57974980864118,0.049626496975999856
2024-07-13,99.26,4.5977426701592945,0.01799286151811419
2024-07-14,104.4,4.648229675448539,0.0504870052892441
2024-07-15,104.06,4.644967655862158,-0.0032620195863808377
2024-07-16,100.62,4.611351045063173,-0.033616610798985036
2024-07-17,98.08,4.585783472187901,-0.025567572875271338
2024-07-18,98.57,4.590766955677347,0.0049834834894459945
2024-07-19,100.77,4.612840692292311,0.02207373661496348
2024-07-20,99.0,4.59511985013459,-0.017720842157721073
2024-07-21,98.34,4.5884308619837935,-0.006688988150796327
2024-07-22,94.09,4.544251771018675,-0.04417909096511874
2024-07-23,94.45,4.548070593947519,0.0038188229288440567
2024-07-24,89.94,4.499142781342561,-0.04892781260495749
2024-07-25,92.78,4.530231099323598,0.031088317981036617
2024-07-26,97.74,4.582310891842009,0.05207979251841088
2024-07-27,101.14,4.616505695651837,0.03419480380982787
2024-07-28,98.69,4.591983624183916,-0.024522071467920625
2024-07-29,104.96,4.653579325195778,0.0615957010118624
2024-07-30,105.21,4.655958352820196,0.0023790276244177733
2024-07-31,107.52,4.677676876774839,0.021718523954643132
2024-08-01,116.82,4.760634288612163,0.08295741183732375
2024-08-02,110.33,4.703475874772215,-0.05715841383994835
2024-08-03,105.57,4.659374240001603,-0.044101634770611575
2024-08-04,97.19,4.576667825515379,-0.08270641448622396
2024-08-05,95.64,4.560591142590124,-0.016076682925254993
2024-08-06,103.64,4.640923355693909,0.08033221310378469
2024-08-07,98.32,4.58822746525778,-0.05269589043612921
2024-08-08,101.44,4.6194674906889155,0.0312400254311358
2024-08-09,96.28,4.567260612914871,-0.052206877774044536
2024-08-10,93.31,4.535927283245931,-0.0313333296689402
2024-08-11,91.16,4.512616204377483,-0.02331107886844741
2024-08-12,95.66,4.560800238252151,0.04818403387466752
2024-08-13,97.78,4.5827200571505,0.02191981889834871
2024-08-14,106.02,4.66362775555966,0.08090769840916057
2024-08-15,107.8,4.680277658474897,0.016649902915236936
2024-08-16,112.67,4.724463192176074,0.04418553370117717
2024-08-17,110.93,4.708899371750569,-0.015563820425505526
2024-08-18,111.38,4.7129477781615225,0.004048406410953831
2024-08-19,118.12,4.771701056875722,0.05875327871419955
2024-08-20,128.89,4.858959327416688,0.08725827054096591
2024-08-21,140.16,4.9427846271880815,0.08382529977139352
2024-08-22,135.84,4.9114777225630375,-0.03130690462504404
2024-08-23,143.32,4.965079892436753,0.05360216987371569
2024-08-24,137.02,4.920126900574753,-0.04495299186199997
2024-08-25,135.47,4.908750213592645,-0.01137668698210792
2024-08-26,128.76,4.8579502064306075,-0.05080000716203781
2024-08-27,119.98,4.787325062224947,-0.07062514420566046
2024-08-28,125.51,4.832385436672355,0.045060374447407625
2024-08-29,123.28,4.814458191011861,-0.017927245660493973
2024-08-30,131.2,4.876722876509988,0.06226468549812747
2024-08-31,129.71,4.865301189352582,-0.01142168715740599
2024-09-01,120.7,4.793308128103486,-0.07199306124909644
2024-09-02,134.9,4.90453376321371,0.1112256351102241
2024-09-03,118.78,4.777273042587714,-0.12726072062599592
2024-09-04,135.27,4.907272781101103,0.12999973851338886
2024-09-05,128.96,4.859502278758319,-0.04777050234278413
2024-09-06,126.85,4.843005286045291,-0.016496992713027403
2024-09-07,125.13,4.829353196876964,-0.013652089168327386
2024-09-08,125.98,4.836123164193783,0.006769967316818892
2024-09-09,139.97,4.941428113932554,0.10530494973877147
2024-09-10,150.59,5.0145609120987285,0.07313279816617424
2024-09-11,149.47,5.007095703797723,-0.00746520830100561
2024-09-12,145.01,4.976802705559804,-0.0302929982379192
2024-09-13,144.33,4.972102344379472,-0.004700361180331569
2024-09-14,140.06,4.942070902227372,-0.030031442152099963
2024-09-15,143.37,4.965428701258176,0.02335779903080404
2024-09-16,140.3,4.943782987108415,-0.02164571414976102
2024-09-17,140.6,4.9459189793765646,0.0021359922681494226
2024-09-18,141.76,4.954135486856771,0.008216507480206303
2024-09-19,150.38,5.01316542394988,0.05902993709310955
2024-09-20,153.41,5.033114075856682,0.01994865190680173
2024-09-21,154.57,5.040647068164227,0.007532992307544895
2024-09-22,162.11,5.088275117153482,0.04762804898925488
2024-09-23,171.95,5.147203736878275,0.05892861972479313
2024-09-24,166.09,5.112529810110908,-0.03467392676736747
2024-09-25,165.06,5.106309044164538,-0.006220765946369333
2024-09-26,165.21,5.1072173919425,0.0009083477779618931
2024-09-27,170.39,5.138089927227147,0.030872535284647284
2024-09-28,163.93,5.099439507438365,-0.03865041978878203
2024-09-29,161.5,5.084505142662711,-0.014934364775654352
2024-09-30,156.73,5.054524579665976,-0.029980562996734683
2024-10-01,144.81,4.975422538340511,-0.0791020413254655
2024-10-02,139.14,4.935480620495495,-0.03994191784501577
2024-10-03,143.73,4.967936539563141,0.03245591906764567
2024-10-04,151.25,5.018934096910951,0.05099755734781031
2024-10-05,148.46,5.000315561689401,-0.01861853522154977
2024-10-06,150.12,5.0114349742668205,0.011119412577419219
2024-10-07,146.68,4.988253343203126,-0.023181631063694752
2024-10-08,143.15,4.963893031544124,-0.024360311659001432
2024-10-09,139.44,4.937634401211765,-0.02625863033235909
2024-10-10,140.7,4.946629964120343,0.008995562908578059
2024-10-11,143.91,4.9691881041820825,0.022558140061739174
2024-10-12,154.73,5.041681662501581,0.07249355831949877
2024-10-13,154.64,5.041099834900075,-0.0005818276015059354
2024-10-14,162.93,5.093320660714864,0.05222082581478826
2024-10-15,156.79,5.054907330372359,-0.038413330342504715
2024-10-16,155.8,5.048573133436648,-0.006334196935711134
2024-10-17,153.14,5.031352535684977,-0.017220597751670397
2024-10-18,159.0,5.0689042022202315,0.03755166653525421
2024-10-19,158.15,5.063543949751658,-0.005360252468573634
2024-10-20,158.88,5.068149200296863,0.004605250545204775
2024-10-21,153.25,5.032070574816321,-0.03607862548054186
2024-10-22,152.67,5.028278729268851,-0.0037918455474699186
2024-10-23,149.61,5.008031908226141,-0.020246821042709584
2024-10-24,147.44,4.9934213133615675,-0.014610594864573834
2024-10-25,138.1,4.9279780604152466,-0.06544325294632092
2024-10-26,142.69,4.960674444942484,0.03269638452723722
2024-10-27,147.94,4.996806786159722,0.03613234121723785
2024-10-28,151.69,5.021838964603581,0.025032178443859188
2024-10-29,151.49,5.020519616170232,-0.0013193484333484662
2024-10-30,156.25,5.051457288616511,0.030937672446278874
2024-10-31,143.51,4.96640471918284,-0.08505256943367101
2024-11-01,141.45,4.951946297747576,-0.01445842143526388
2024-11-02,138.42,4.930292541413717,-0.021653756333859242
2024-11-03,132.87,4.889371206603217,-0.0409213348105002
2024-11-04,128.27,4.854137417311759,-0.03523378929145782
2024-11-05,135.83,4.9114041038344,0.057266686522640775
2024-11-06,173.71,5.157387242113832,0.2459831382794322
2024-11-07,183.4,5.211669559822364,0.05428231770853209
2024-11-08,181.94,5.203676962393915,-0.007992597428448711
2024-11-09,195.35,5.274792821501079,0.07111585910716389
2024-11-10,190.06,5.247339811783169,-0.027453009717910426
2024-11-11,193.47,5.265122461690396,0.01778264990722711
2024-11-12,179.17,5.188335075811806,-0.07678738587858991
2024-11-13,173.21,5.154504731182189,-0.033830344629617315
2024-11-14,158.13,5.063417479535225,-0.09108725164696363
2024-11-15,164.4,5.10230248262208,0.03888500308685483
2024-11-16,168.95,5.129602813160299,0.027300330538219342
2024-11-17,161.98,5.087472870820844,-0.04212994233945544
2024-11-18,170.78,5.14037617847946,0.052903307658616505
2024-11-19,161.95,5.087287645617338,-0.05308853286212223
2024-11-20,156.77,5.05477976308044,-0.032507882536898514
2024-11-21,169.23,5.131258736419994,0.07647897333955456
2024-11-22,173.46,5.155947025256309,0.02468828883631513
2024-11-23,174.45,5.161638167632783,0.0056911423764738345
2024-11-24,171.14,5.142481934989909,-0.01915623264287447
2024-11-25,181.45,5.200980133659079,0.058498198669170165
2024-11-26,181.6,5.201806466167193,0.0008263325081143691
2024-11-27,210.52,5.349580660485579,0.14777419431838545
2024-11-28,200.19,5.299266915583625,-0.050313744901953505
2024-11-29,198.97,5.293154059591156,-0.006112855992468802
2024-11-30,211.77,5.355500780075491,0.062346720484334206
2024-12-01,209.24,5.343481918502411,-0.012018861573079853
2024-12-02,235.39,5.461243713040235,0.11776179453782465
2024-12-03,240.4,5.4823042026610525,0.02106048962081708
2024-12-04,256.43,5.546855722882189,0.0645515202211362
2024-12-05,247.59,5.511774152272703,-0.0350815706094858
2024-12-06,281.75,5.641020152919886,0.12924600064718295
2024-12-07,282.2,5.642616039418714,0.0015958864988281363
2024-12-08,282.62,5.6441032391546,0.001487199735886513
2024-12-09,260.56,5.562833160967978,-0.08127007818662246
2024-12-10,276.49,5.62217465394309,0.05934149297511215
2024-12-11,302.76,5.712940412440966,0.09076575849787627
2024-12-12,367.11,5.905661530665687,0.19272111822472038
2024-12-13,377.7,5.934100229718411,0.02843869905272456
2024-12-14,365.57,5.901457779320365,-0.03264245039804603
2024-12-15,368.48,5.909386436072375,0.007928656752009822
2024-12-16,379.32,5.938380176015527,0.02899373994315191
2024-12-17,361.3,5.889708638153595,-0.04867153786193246
2024-12-18,339.73,5.8281511844847005,-0.06155745366889409
2024-12-19,314.98,5.752509144746434,-0.07564203973826622
2024-12-20,329.4,5.79727281774354,0.04476367299710571
2024-12-21,299.13,5.700878261508811,-0.09639455623472859
2024-12-22,318.97,5.7650970544752935,0.06421879296648214
2024-12-23,383.53,5.949417844605637,0.18432079013034386
2024-12-24,375.14,5.927299289632195,-0.022118554973442173
2024-12-25,369.99,5.913475978246006,-0.013823311386189197
2024-12-26,337.74,5.8222763687039905,-0.09119960954201556
2024-12-27,324.01,5.780774379513571,-0.041501989190419586
2024-12-28,354.4,5.870426218730926,0.08965183921735509
2024-12-29,332.74,5.807361404231597,-0.0630648144993291
2024-12-30,322.06,5.77473786358985,-0.03262354064174655
2024-12-31,308.82,5.732758582892719,-0.04197928069713175
2025-01-01,319.84,5.7678208707520895,0.03506228785937093
2025-01-02,333.5,5.809642865355678,0.041821994603588486
2025-01-03,350.8,5.860216260498028,0.05057339514234993
2025-01-04,351.6,5.862494165811022,0.0022779053129937665
2025-01-05,341.7,5.833933159121246,-0.02856100668977568
2025-01-06,341.5,5.833347679010845,-0.0005854801104012708
2025-01-07,306.88,5.726456791695074,-0.10689088731577101
2025-01-08,293.31,5.6812300701856895,-0.04522672150938423
2025-01-09,281.13,5.638817195803842,-0.04241287438184749
2025-01-10,285.8,5.655292265495767,0.016475069691924915
2025-01-11,287.2,5.660178837174069,0.004886571678301976
2025-01-12,287.92,5.6626826637707754,0.00250382659670656
2025-01-13,289.57,5.668397063985405,0.005714400214629656
2025-01-14,295.52,5.68873651645093,0.020339452465524488
2025-01-15,319.92,5.768070964538563,0.07933444808763301
2025-01-16,311.23,5.740532188686234,-0.02753877585232889
2025-01-17,335.19,5.814697535227356,0.07416534654112272
2025-01-18,315.57,5.7543805274192925,-0.06031700780806393
2025-01-19,309.41,5.734667258237222,-0.019713269182070725
2025-01-20,337.53,5.82165439525109,0.0869871370138684
2025-01-21,370.8,5.9156628336917,0.09400843844060969
2025-01-22,346.65,5.8483156253885,-0.06734720830320029
2025-01-23,337.41,5.82129880808404,-0.027016817304459373
2025-01-24,334.97,5.814040975576219,-0.0072578325078209716
2025-01-25,326.42,5.78818489572255,-0.025856079853669556
2025-01-26,316.56,5.757512797077169,-0.030672098645380785
2025-01-27,305.07,5.7205412584711555,-0.03697153860601343
2025-01-28,284.16,5.649537459803805,-0.07100379866735018
2025-01-29,290.99,5.673288902319859,0.023751442516053878
2025-01-30,315.44,5.753968489569372,0.08067958724951296
2025-01-31,332.71,5.807271239681231,0.053302750111859254
2025-02-01,296.06,5.6905621364853465,-0.1167091031958849
2025-02-02,258.44,5.554663558689965,-0.1358985777953814
2025-02-03,276.45,5.622029972783942,0.0673664140939767
2025-02-04,272.3,5.606904399679714,-0.015125573104227463
2025-02-05,259.71,5.559565623895792,-0.047338775783922316
2025-02-06,241.48,5.486786653928226,-0.07277896996756628
2025-02-07,238.05,5.472480735640528,-0.014305918287697672
2025-02-08,238.84,5.475793871678792,0.0033131360382636643
2025-02-09,241.25,5.485833740219095,0.010039868540303587
2025-02-10,252.61,5.531846797414664,0.046013057195568585
2025-02-11,243.75,5.4961431098779565,-0.035703687536707385
2025-02-12,252.81,5.532638218452371,0.036495108574414736
2025-02-13,256.42,5.546816725124555,0.014178506672183566
2025-02-14,262.61,5.570670041874793,0.023853316750238385
2025-02-15,253.38,5.534890338173907,-0.03577970370088579
2025-02-16,253.95,5.537137397247254,0.002247059073346769
2025-02-17,264.57,5.578105866568199,0.04096846932094511
2025-02-18,249.6,5.519859636495273,-0.05824623007292651
2025-02-19,252.98,5.533310434219396,0.013450797724122943
2025-02-20,261.28,5.565592629222155,0.032282195002759195
2025-02-21,242.92,5.492732171029375,-0.07286045819278009
2025-02-22,247.14,5.509954977676045,0.017222806646669753
2025-02-23,247.7,5.512218336495314,0.002263358819269534
2025-02-24,210.78,5.350814935505791,-0.16140340098952333
2025-02-25,205.13,5.323643924494045,-0.02717101101174535
2025-02-26,202.55,5.310986769648699,-0.012657154845346241
2025-02-27,203.97,5.317972924206478,0.006986154557778512
2025-02-28,192.25,5.258796608385754,-0.059176315820724135
2025-03-01,194.99,5.272948275197495,0.014151666811741848
2025-03-02,223.52,5.409500895508652,0.13655262031115623
2025-03-03,180.91,5.19799967003317,-0.211501225475482
2025-03-04,206.7,5.331268466687723,0.13326879665455316
2025-03-05,220.89,5.397664840048735,0.06639637336101245
2025-03-06,208.46,5.339747176311176,-0.05791766373755891
2025-03-07,196.64,5.281374645817724,-0.058372530493452146
2025-03-08,195.74,5.276787247997674,-0.004587397820050576
2025-03-09,178.6,5.185148668442399,-0.09163857955527455
2025-03-10,180.36,5.1949548535528836,0.009806185110484478
2025-03-11,182.08,5.204446150937966,0.009491297385082476
2025-03-12,174.83,5.163814073209558,-0.040632077728408156
2025-03-13,162.81,5.092583876743423,-0.07123019646613482
2025-03-14,173.13,5.154042757390985,0.061458880647562
2025-03-15,173.01,5.153349396295431,-0.0006933610955544012
2025-03-16,164.72,5.104247062719534,-0.04910233357589622
2025-03-17,174.71,5.163127456486353,0.05888039376681853
2025-03-18,170.08,5.1362689145936375,-0.026858541892715415
2025-03-19,182.49,5.206695377000724,0.07042646240708628
2025-03-20,178.77,5.186100063426998,-0.020595313573726237
2025-03-21,178.26,5.183243158702571,-0.0028569047244264567
2025-03-22,179.77,5.191678256058324,0.008435097355753207
2025-03-23,185.05,5.220626058832165,0.02894780277384079
2025-03-24,190.77,5.251068513947426,0.03044245511526089
2025-03-25,186.67,5.2293423520445055,-0.021726161902920538
2025-03-26,177.43,5.178576164935488,-0.05076618710901748
2025-03-27,184.72,5.21884116504624,0.04026500011075207
2025-03-28,175.83,5.169517619156448,-0.049323545889792264
2025-03-29,168.15,5.124856438186279,-0.044661180970169134
2025-03-30,163.67,5.097852205517793,-0.02700423266848606
2025-03-31,159.59,5.072608026411095,-0.025244179106697295
2025-04-01,166.04,5.112228723184838,0.039620696773742914
2025-04-02,150.29,5.012566760946003,-0.0996619622388355
2025-04-03,151.13,5.018140393582029,0.005573632636026282
2025-04-04,152.02,5.0240120911378945,0.005871697555865474
2025-04-05,152.53,5.027361298011842,0.0033492068739473524
2025-04-06,129.0,4.859812404361672,-0.1675488936501699
2025-04-07,132.03,4.88302916949111,0.02321676512943771
2025-04-08,125.3,4.8307108619020225,-0.052318307589087176
2025-04-09,143.15,4.963893031544124,0.13318216964210183
2025-04-10,131.95,4.882423062949333,-0.08146996859479128
2025-04-11,136.49,4.916251351868104,0.03382828891877132
2025-04-12,148.1,4.997887721273753,0.08163636940564878
2025-04-13,139.18,4.935768059416704,-0.0621196618570492
2025-04-14,137.65,4.9247142315886165,-0.011053827828087393
2025-04-15,134.23,4.899554746499545,-0.02515948508907151
2025-04-16,133.98,4.897690535080121,-0.0018642114194236115
2025-04-17,138.94,4.934042185264735,0.036351650184613504
2025-04-18,138.42,4.930292541413717,-0.0037496438510178365
2025-04-19,141.99,4.955756632586266,0.025464091172548997
2025-04-20,140.94,4.948334267898876,-0.00742236468738966
2025-04-21,142.86,4.961865129726826,0.013530861827949714
2025-04-22,158.2,5.063860055333554,0.10199492560672763
2025-04-23,168.14,5.124796965707151,0.06093691037359683
2025-04-24,167.92,5.1234876755123775,-0.001309290194773105
2025-04-25,166.46,5.114755040317949,-0.008732635194428795
2025-04-26,172.91,5.152771227916698,0.038016187598749696
2025-04-27,166.62,5.115715770546763,-0.03705545736993532
2025-04-28,166.25,5.113492679535963,-0.0022230910107996493
2025-04-29,165.63,5.109756384964063,-0.0037362945719001672
2025-04-30,164.19,5.1010242938239365,-0.008732091140126741
2025-05-01,172.99,5.153233789358886,0.05220949553494947
2025-05-02,174.59,5.162440367996683,0.009206578637797058
2025-05-03,178.06,5.182120572145525,0.019680204148841973
2025-05-04,171.11,5.142306624543879,-0.039813947601645694
2025-05-05,176.94,5.17581069205524,0.0335040675113607
2025-05-06,177.82,5.180771802692993,0.004961110637752952
2025-05-07,172.12,5.148191907970399,-0.03257989472259393
2025-05-08,206.28,5.329234469182758,0.18104256121235895
2025-05-09,211.24,5.352994927838733,0.02376045865597476
2025-05-10,228.64,5.432148714181557,0.07915378634282444
2025-05-11,221.15,5.398841204314336,-0.033307509867221086
2025-05-12,221.87,5.402091624764491,0.0032504204501551115
2025-05-13,236.41,5.465567585821707,0.06347596105721554
2025-05-14,229.54,5.436077306252522,-0.029490279569184707
2025-05-15,223.86,5.411020856461121,-0.02505644979140076
2025-05-16,230.98,5.442331126686941,0.03131027022581989
2025-05-17,222.17,5.403442854589036,-0.03888827209790513
2025-05-18,232.12,5.447254479322408,0.043811624733371524
2025-05-19,247.76,5.512460535664947,0.0652060563425394
2025-05-20,259.46,5.558602548142867,0.046142012477919714
2025-05-21,247.54,5.511572185111876,-0.04703036303099051
2025-05-22,256.83,5.548414387422504,0.03684220231062785
2025-05-23,256.11,5.545607039690325,-0.002807347732178833
2025-05-24,261.85,5.567771820725497,0.02216478103517172
2025-05-25,269.28,5.595751730442496,0.02797990971699882
2025-05-26,267.52,5.589194329896337,-0.006557400546158831
2025-05-27,271.57,5.604219933030011,0.015025603133674181
2025-05-28,264.99,5.5796920894251505,-0.0245278436048606
2025-05-29,250.0,5.521460917862246,-0.05823117156290447
2025-05-30,250.96,5.525293563882423,0.0038326460201769663
2025-05-31,247.09,5.509752642730086,-0.015540921152337184
2025-06-01,246.13,5.505859851633596,-0.0038927910964901002
2025-06-02,257.81,5.552222879512287,0.04636302787869173
2025-06-03,266.43,5.585111544938522,0.03288866542623481
2025-06-04,264.13,5.57644140618771,-0.008670138750812129
2025-06-05,241.72,5.487780031493358,-0.08866137469435209
2025-06-06,250.89,5.525014596061544,0.037234564568185746
2025-06-07,257.44,5.550786683244073,0.025772087182529546
2025-06-08,253.8,5.536546555280287,-0.014240127963786264
2025-06-09,283.31,5.646541704483886,0.10999514920359932
2025-06-10,308.34,5.731203070232193,0.08466136574830685
2025-06-11,303.83,5.716468334463384,-0.014734735768809237
2025-06-12,293.92,5.683307621466816,-0.03316071299656809
2025-06-13,291.17,5.6739072890373805,-0.009400332429435387
2025-06-14,275.11,5.617171017687898,-0.05673627134948234
2025-06-15,274.97,5.616662000806635,-0.0005090168812635909
2025-06-16,275.12,5.617207366124011,0.0005453653173761452
2025-06-17,266.56,5.585599358978478,-0.03160800714553247
2025-06-18,259.06,5.55705969510211,-0.028539663876368415
2025-06-19,255.62,5.543691966703569,-0.013367728398541168
2025-06-20,247.31,5.510642610426367,-0.033049356277201625
2025-06-21,234.74,5.458478518671978,-0.0521640917543893
2025-06-22,227.9,5.4289069362516384,-0.029571582420339304
2025-06-23,257.04,5.549231714807603,0.12032477855596468
2025-06-24,264.12,5.576403545326371,0.027171830518767592
2025-06-25,255.95,5.544982112903592,-0.031421432422778395
2025-06-26,250.3,5.522660198437729,-0.022321914465863735
2025-06-27,259.26,5.5578314191718965,0.035171220734167896
2025-06-28,259.92,5.560373891360845,0.0025424721889484303
2025-06-29,278.61,5.6298129544560265,0.06943906309518155
2025-06-30,274.48,5.614878398550195,-0.014934555905831814
2025-07-01,259.93,5.560412363997187,-0.05446603455300725
2025-07-02,276.16,5.620980407895063,0.06056804389787551
2025-07-03,279.37,5.632537068115956,0.011556660220892745
2025-07-04,265.95,5.583308321188326,-0.04922874692762935
2025-07-05,273.56,5.611520976229896,0.028212655041569334
2025-07-06,287.35,5.660700984953751,0.049180008723855195
2025-07-07,283.22,5.646223980794913,-0.014477004158838014
2025-07-08,293.0,5.680172609017068,0.03394862822215483
2025-07-09,301.68,5.709366852950102,0.02919424393303416
2025-07-10,308.76,5.732564276081653,0.02319742313155082
2025-07-11,297.41,5.69511165820857,-0.03745261787308252
2025-07-12,302.19,5.711055958622699,0.01594430041412931
2025-07-13,305.8,5.722931293494962,0.011875334872262222
2025-07-14,315.14,5.753016984533899,0.030085691038937767
2025-07-15,327.52,5.791549121912979,0.03853213737907968
2025-07-16,323.23,5.7783641441214435,-0.013184977791535601
2025-07-17,321.68,5.773557262589018,-0.004806881532425145
2025-07-18,324.44,5.782100619202144,0.00854335661312522
2025-07-19,319.18,5.765755206971041,-0.016345412231102863
2025-07-20,324.31,5.78169984848387,0.015944641512829705
2025-07-21,322.16,5.775048316543199,-0.0066515319406716955
2025-07-22,310.53,5.738280515063768,-0.036767801479430595
2025-07-23,290.39,5.671224847096026,-0.06705566796774232
2025-07-24,286.05,5.656166620714538,-0.015058226381487572
2025-07-25,294.18,5.684191824891197,0.028025204176659102
2025-07-26,294.92,5.68670413312145,0.0025123082302522803
2025-07-27,304.93,5.720082242069654,0.033378108948204144
2025-07-28,288.96,5.666288270228621,-0.053793971841033184
2025-07-29,282.35,5.643147436118846,-0.023140834109774744
2025-07-30,274.58,5.615242657469459,-0.02790477864938712
2025-07-31,260.99,5.564482092412441,-0.05076056505701754
2025-08-01,255.36,5.542674314261444,-0.02180777815099688
2025-08-02,249.45,5.519258494307047,-0.023415819954397676
2025-08-03,260.06,5.560912373623174,0.04165387931612763
2025-08-04,267.82,5.59031511306742,0.02940273944424554
2025-08-05,255.39,5.542791788564076,-0.04752332450334418
2025-08-06,263.52,5.57412926642933,0.03133747786525465
2025-08-07,285.08,5.65276984263367,0.0786405762043394
2025-08-08,290.93,5.673082688406564,0.02031284577289405
2025-08-09,307.77,5.729352750767731,0.05627006236116738
2025-08-10,306.19,5.724205824297079,-0.005146926470652069
2025-08-11,293.19,5.680820863018854,-0.043384961278224665
2025-08-12,322.26,5.775358673145423,0.09453781012656837
2025-08-13,332.15,5.80558667411125,0.03022800096582756
2025-08-14,312.58,5.744860436414047,-0.06072623769720309
2025-08-15,300.0,5.703782474656201,-0.04107796175784628
2025-08-16,295.6,5.689007189074046,-0.014775285582154574
2025-08-17,303.2,5.714392653768217,0.025385464694170246
2025-08-18,288.58,5.66497234386911,-0.04942030989910684
2025-08-19,277.42,5.625532603335144,-0.039439740533965484
2025-08-20,299.35,5.701613457371361,0.076080854036217
2025-08-21,300.1,5.704115752446321,0.002502295074959804
2025-08-22,345.61,5.845310971696471,0.14119521925015022
2025-08-23,357.78,5.87991827236307,0.03460730066659856
2025-08-24,348.67,5.8541259161405055,-0.025792356222564372
2025-08-25,318.56,5.7638108403158865,-0.09031507582461895
2025-08-26,335.73,5.816307265498046,0.052496425182159356
2025-08-27,320.63,5.7702878103453505,-0.04601945515269534
2025-08-28,317.56,5.760666776856913,-0.009621033488437902
2025-08-29,319.2,5.765817865575654,0.00515108871874137
2025-08-30,319.39,5.766412926586964,0.0005950610113103494
2025-08-31,315.69,5.754760719420831,-0.011652207166133799
2025-09-01,304.87,5.7198854562375985,-0.034875263183232086
2025-09-02,315.74,5.754919090103581,0.03503363386598224
2025-09-03,327.87,5.792617188356692,0.03769809825311121
2025-09-04,306.54,5.725348252570762,-0.06726893578592996
2025-09-05,302.3,5.711419901785413,-0.013928350785349153
2025-09-06,298.31,5.698133214257502,-0.013286687527910956
2025-09-07,301.56,5.708969001343501,0.010835787085999193
2025-09-08,302.92,5.713468744245622,0.004499742902121184
2025-09-09,298.0,5.697093486505405,-0.01637525774021764
2025-09-10,300.15,5.704282349697852,0.007188863192447492
2025-09-11,309.54,5.7350873244846134,0.030804974786761363
2025-09-12,321.57,5.773215249371538,0.038127924886924625
2025-09-13,315.02,5.752636128873589,-0.020579120497949077
2025-09-14,306.18,5.724173164303935,-0.028462964569653693
2025-09-15,299.34,5.701580051101001,-0.022593113202934667
2025-09-16,298.88,5.700042155040478,-0.00153789606052257
2025-09-17,305.99,5.723552421679824,0.023510266639346078
2025-09-18,309.26,5.734182347047285,0.010629925367460658
2025-09-19,298.62,5.699171862098518,-0.03501048494876713
2025-09-20,296.85,5.693226960716684,-0.005944901381833567
2025-09-21,294.02,5.68364779223582,-0.009579168480864375
2025-09-22,270.32,5.599606442406034,-0.08404134982978562
2025-09-23,274.55,5.615133393724881,0.015526951318847182
2025-09-24,278.2,5.6283402794893425,0.013206885764461163
2025-09-25,260.2,5.561450566078405,-0.06688971341093719
2025-09-26,270.77,5.601269752035662,0.03981918595725631
2025-09-27,266.42,5.585074010923317,-0.016195741112344564
2025-09-28,275.1,5.617134667930529,0.032060657007211724
2025-09-29,277.06,5.624234089229733,0.0070994212992046
2025-09-30,274.39,5.614550452038975,-0.00968363719075871
2025-10-01,286.76,5.658645628984671,0.04409517694569676
2025-10-02,288.98,5.666357481565465,0.0077118525807939875
2025-10-03,290.52,5.671672420737967,0.005314939172501809
2025-10-04,283.18,5.646082737856825,-0.02558968288114194
2025-10-05,285.67,5.654837298473027,0.008754560616202056
2025-10-06,297.15,5.69423706181267,0.03939976333964257
2025-10-07,276.13,5.6208717693173975,-0.07336529249527235
2025-10-08,285.46,5.654101914201623,0.033230144884225155
2025-10-09,273.7,5.612032616046633,-0.042069298154989276
2025-10-10,224.45,5.413652965227941,-0.19837965081869235
2025-10-11,234.38,5.456943729830456,0.04329076460251535
2025-10-12,250.99,5.525413097700675,0.06846936787021818
2025-10-13,261.12,5.564980071775742,0.039566974075067485
2025-10-14,255.36,5.542674314261444,-0.022305757514297753
2025-10-15,242.27,5.4900528067025665,-0.052621507558877845
2025-10-16,223.16,5.407889002977328,-0.0821638037252388
2025-10-17,206.57,5.330639338010161,-0.07724966496716679
2025-10-18,214.87,5.370033194089637,0.03939385607947621
2025-10-19,222.44,5.404657402319363,0.034624208229725895
2025-10-20,228.92,5.4333725975409015,0.028715195221538536
2025-10-21,218.75,5.387929525237724,-0.045443072303177345
2025-10-22,216.49,5.377544356999339,-0.010385168238385312
2025-10-23,224.52,5.413964790073998,0.036420433074659364
2025-10-24,228.94,5.43345996049033,0.019495170416331753
2025-10-25,226.28,5.421773170474955,-0.011686790015374982
2025-10-26,240.76,5.48380058667957,0.06202741620461527
2025-10-27,235.17,5.46030865686874,-0.023491929810830037
2025-10-28,228.36,5.430923331096058,-0.029385325772682158
2025-10-29,227.63,5.427721503759297,-0.0032018273367606653
2025-10-30,215.14,5.371288979003859,-0.05643252475543825
2025-10-31,228.45,5.431317368009281,0.06002838900542162
2025-11-01,222.96,5.406992383173693,-0.024324984835588204
2025-11-02,231.37,5.444018160719591,0.03702577754589864
2025-11-03,199.65,5.296565833509231,-0.1474523272103605
2025-11-04,188.1,5.236973736306985,-0.059592097202245675
2025-11-05,202.02,5.308366702401038,0.0713929660940531
2025-11-06,197.28,5.284624039416034,-0.02374266298500416
2025-11-07,208.1,5.338018733399589,0.05339469398355501
2025-11-08,202.79,5.312170960836572,-0.025847772563016846
2025-11-09,212.32,5.358094570583897,0.04592360974732479
2025-11-10,228.41,5.431142259660542,0.07304768907664538
2025-11-11,207.74,5.336287297799665,-0.09485496186087694
2025-11-12,205.16,5.3237901625210675,-0.01249713527859786
2025-11-13,198.76,5.29209806673412,-0.03169209578694776
2025-11-14,173.93,5.158652919420062,-0.13344514731405788
2025-11-15,178.49,5.184532577241416,0.025879657821354485
2025-11-16,172.9,5.152713392689245,-0.031819184552171365
2025-11-17,169.18,5.130963236875869,-0.02175015581337636
2025-11-18,178.33,5.183635766464422,0.05267252958855373
2025-11-19,174.51,5.16198204659078,-0.021653719873642174
2025-11-20,164.63,5.10370053165993,-0.05828151493084999
2025-11-21,157.83,5.0615185044108255,-0.04218202724910469
2025-11-22,161.2,5.0826458300725275,0.021127325661701946
2025-11-23,167.46,5.120744516776286,0.03809868670375849
2025-11-24,178.49,5.184532577241416,0.06378806046513041
2025-11-25,178.98,5.1872740677547124,0.0027414905132960854
2025-11-26,185.83,5.224832277285559,0.037558209530846653
2025-11-27,185.95,5.225477820371079,0.0006455430855201172
2025-11-28,185.32,5.222084060548448,-0.003393759822631459
2025-11-29,182.07,5.204391228515873,-0.017692832032574657
2025-11-30,177.46,5.178745231407191,-0.025645997108681762
2025-12-01,171.4,5.1440000061636795,-0.03474522524351187
2025-12-02,189.86,5.246286958453653,0.10228695228997342
2025-12-03,197.87,5.287610249404349,0.04132329095069576
2025-12-04,190.54,5.249862146278633,-0.03774810312571564
2025-12-05,183.45,5.211942150801291,-0.03791999547734193
2025-12-06,187.46,5.23356548931834,0.021623338517049007
2025-12-07,187.53,5.23393883261183,0.0003733432934902581
2025-12-08,191.52,5.2549922418096635,0.02105340919783316
2025-12-09,202.44,5.310443546345877,0.05545130453621372
2025-12-10,196.98,5.283102200741556,-0.027341345604321
2025-12-11,202.45,5.31049294247817,0.027390741736613933
2025-12-12,191.34,5.254051950250021,-0.0564409922281488
2025-12-13,197.55,5.2859917168574,0.03193976660737885
2025-12-14,188.59,5.239575346524274,-0.04641637033312662
2025-12-15,192.95,5.262431087983628,0.022855741459354206
2025-12-16,186.24,5.227036164543073,-0.03539492344055439
2025-12-17,179.99,5.192901293791388,-0.03413487075168575
2025-12-18,173.55,5.1564657423077955,-0.03643555148359212
2025-12-19,181.59,5.201751398571705,0.04528565626390968
2025-12-20,179.91,5.192456725848528,-0.0092946727231773
2025-12-21,165.15,5.1068541518367985,-0.08560257401172944
2025-12-22,150.6,5.014627315365793,-0.09222683647100549
2025-12-23,150.84,5.016219672390156,0.0015923570243634444
2025-12-24,148.76,5.0023342690568695,-0.013885403333286916
2025-12-25,149.13,5.004818408774691,0.002484139717821243
2025-12-26,154.29,5.0388339484549345,0.034015539680243734
2025-12-27,157.12,5.0570098446061555,0.01817589615122106
2025-12-28,153.64,5.034612203477704,-0.02239764112845144
2025-12-29,149.5,5.0072963928307415,-0.027315810646962646
2025-12-30,149.52,5.0074301631473075,0.00013377031656602867
2025-12-31,146.02,4.98374359862794,-0.023686564519367792
2026-01-01,148.93,5.003476396897776,0.019732798269836316
2026-01-02,165.22,5.10727791913436,0.10380152223658357
2026-01-03,163.14,5.094608727872434,-0.012669191261925228
2026-01-04,164.23,5.101267884349469,0.0066591564770348555
2026-01-05,170.91,5.141137102160414,0.03986921781094477
2026-01-06,176.21,5.1716764655806395,0.030539363420225563
2026-01-07,167.85,5.123070723426044,-0.04860574215459579
2026-01-08,164.33,5.101876601193199,-0.02119412223284467
2026-01-09,165.7,5.1101789244325175,0.008302323239318454
2026-01-10,164.94,5.105581771405209,-0.004597153027308565
2026-01-11,167.95,5.123666316058301,0.018084544653092394
2026-01-12,165.0,5.10594547390058,-0.017720842157721073
2026-01-13,177.74,5.180321808310329,0.07437633440974878
2026-01-14,178.46,5.184364486472005,0.00404267816167625
2026-01-15,171.75,5.146039931102459,-0.038324555369546154
2026-01-16,175.35,5.166783976586187,0.020744045483727547
2026-01-17,173.84,5.158135335948174,-0.00864864063801285
2026-01-18,168.84,5.128951520914298,-0.029183815033875682
2026-01-19,163.96,5.099622495636137,-0.029329025278161502
2026-01-20,153.29,5.032331552178016,-0.06729094345812037
2026-01-21,159.46,5.07179310707435,0.03946155489633352
2026-01-22,157.28,5.058027656398856,-0.013765450675493618
2026-01-23,157.08,5.056755229709809,-0.0012724266890469238
2026-01-24,156.22,5.051265270182151,-0.005489959527658073
2026-01-25,147.96,4.996941966964253,-0.05432330321789802
2026-01-26,154.21,5.038315309869565,0.04137334290531225
2026-01-27,159.01,5.068967093324305,0.030651783454739956
2026-01-28,160.2,5.076423034634259,0.007455941309953751
2026-01-29,147.26,4.992199731940571,-0.0842233026936885
2026-01-30,138.01,4.927326146299949,-0.06487358564062173
2026-01-31,129.05,4.860199926164623,-0.06712622013532599
2026-02-01,124.23,4.822134686225586,-0.0380652399390371
2026-02-02,128.38,4.854994615883632,0.03285992965804585
2026-02-03,125.29,4.830631050257462,-0.024363565626170036
2026-02-04,123.75,4.8182634014487995,-0.012367648808662146
2026-02-05,100.97,4.614823443016229,-0.20343995843257012
2026-02-06,114.02,4.736373871603436,0.12155042858720666
2026-02-07,113.97,4.735935255867644,-0.00043861573579206947
2026-02-08,112.52,4.723130983621656,-0.012804272245987569
2026-02-09,112.7,4.724729421045731,0.0015984374240742838
2026-02-10,109.44,4.69537645387424,-0.029352967171490718
2026-02-11,107.54,4.6778628713815325,-0.017513582492707513
2026-02-12,114.98,4.744758200195145,0.06689532881361249
2026-02-13,118.88,4.778114580969449,0.03335638077430403
2026-02-14,128.27,4.854137417311759,0.07602283634231011
2026-02-15,125.81,4.83477283236304,-0.019364584948719177
2026-02-16,127.04,4.844501997498826,0.009729165135786033
2026-02-17,126.59,4.840953517648737,-0.0035484798500888814
2026-02-18,122.98,4.812021740525323,-0.02893177712341366
2026-02-19,124.84,4.827032917402579,0.015011176877255394
2026-02-20,115.94,4.753072815911587,-0.07396010149099208
2026-02-21,121.49,4.799831954866651,0.04675913895506412
2026-02-22,117.95,4.770260805853684,-0.02957114901296709
2026-02-23,114.62,4.741622309123591,-0.028638496730092555
2026-02-24,114.39,4.739613662537582,-0.0020086465860087444
2026-02-25,119.15,4.780383203544751,0.0407695410071689
2026-02-26,114.55,4.741011408899505,-0.03937179464524654
2026-02-27,112.99,4.727299319221155,-0.013712089678350026
2026-02-28,111.94,4.717963013463214,-0.009336305757940977
2026-03-01,113.68,4.733387483788845,0.015424470325631212
2026-03-02,122.21,4.805740876449909,0.07235339266106422
2026-03-03,111.16,4.710970604874303,-0.09477027157560602
2026-03-04,115.86,4.752382565668478,0.04141196079417497
2026-03-05,116.82,4.760634288612163,0.008251722943684925
2026-03-06,110.98,4.709350004897755,-0.051284283714408296
2026-03-07,108.79,4.689419418432991,-0.019930586464763422
2026-03-08,105.53,4.658995272682999,-0.030424145749992526
2026-03-09,106.71,4.6701148746284735,0.011119601945474678
2026-03-10,111.73,4.716085246559246,0.04597037193077291
2026-03-11,110.3,4.703203926259457,-0.0128813202997895
2026-03-12,111.66,4.715458539882214,0.012254613622757482
2026-03-13,112.28,4.720995751493682,0.005537211611467363
2026-03-14,111.17,4.711060561245524,-0.009935190248158143
2026-03-15,113.78,4.734266759322502,0.02320619807697799
