date,price,log_price,r
1984-09-11,9.35245,2.235638341061746,0.021652794622152083
1984-09-12,9.35245,2.235638341061746,0.0
1984-09-13,9.44999,2.2460136833040334,0.0103753422422872
1984-09-14,9.44999,2.2460136833040334,0.0
1984-09-17,9.35245,2.235638341061746,-0.0103753422422872
1984-09-18,9.55142,2.2566898345386894,0.02105149347694324
1984-09-19,9.55142,2.2566898345386894,0.0
1984-09-20,9.647,2.2666469861884164,0.009957151649726992
1984-09-21,10.0362,2.306198556563881,0.03955157037546453
1984-09-24,10.0362,2.306198556563881,0.0
1984-09-25,10.0362,2.306198556563881,0.0
1984-09-26,10.0362,2.306198556563881,0.0
1984-09-27,9.94056,2.2966233571097243,-0.009575199454156635
1984-09-28,9.94056,2.2966233571097243,0.0
1984-10-01,9.94056,2.2966233571097243,0.0
1984-10-02,10.0362,2.306198556563881,0.009575199454156635
1984-10-03,10.1376,2.31625128375786,0.010052727193979205
1984-10-04,10.1376,2.31625128375786,0.0
1984-10-05,9.94056,2.2966233571097243,-0.01962792664813584
1984-10-08,9.94056,2.2966233571097243,0.0
1984-10-09,9.647,2.2666469861884164,-0.029976370921307893
1984-10-10,9.647,2.2666469861884164,0.0
1984-10-11,9.44999,2.2460136833040334,-0.02063330288438303
1984-10-12,9.55142,2.2566898345386894,0.01067615123465604
1984-10-15,9.35245,2.235638341061746,-0.02105149347694324
1984-10-16,9.35245,2.235638341061746,0.0
1984-10-17,9.05429,2.203238678542786,-0.03239966251895998
1984-10-18,8.95637,2.1923650109693456,-0.01087366757344066
1984-10-19,8.86147,2.1817126650759664,-0.010652345893379156
1984-10-22,8.76521,2.17079047701374,-0.010922188062226557
1984-10-23,8.86147,2.1817126650759664,0.010922188062226557
1984-10-24,8.95637,2.1923650109693456,0.010652345893379156
1984-10-25,8.86147,2.1817126650759664,-0.010652345893379156
1984-10-26,8.86147,2.1817126650759664,0.0
1984-10-29,8.76521,2.17079047701374,-0.010922188062226557
1984-10-30,8.66602,2.1594096311848907,-0.011380845828849129
1984-10-31,8.56566,2.1477611866006288,-0.011648444584261952
1984-11-01,8.56566,2.1477611866006288,0.0
1984-11-02,8.86147,2.1817126650759664,0.03395147847533764
1984-11-05,8.95637,2.1923650109693456,0.010652345893379156
1984-11-06,8.86147,2.1817126650759664,-0.010652345893379156
1984-11-07,8.86147,2.1817126650759664,0.0
1984-11-08,8.86147,2.1817126650759664,0.0
1984-11-09,8.76521,2.17079047701374,-0.010922188062226557
1984-11-12,8.76521,2.17079047701374,0.0
1984-11-13,8.76521,2.17079047701374,0.0
1984-11-14,8.86147,2.1817126650759664,0.010922188062226557
1984-11-15,8.76521,2.17079047701374,-0.010922188062226557
1984-11-16,8.76521,2.17079047701374,0.0
1984-11-19,8.56566,2.1477611866006288,-0.02302929041311108
1984-11-20,8.46636,2.136100664227963,-0.011660522372665572
1984-11-21,8.36736,2.1243384225621185,-0.01176224166584472
1984-11-23,8.46636,2.136100664227963,0.01176224166584472
1984-11-26,7.97099,2.0758087008972637,-0.06029196333069953
1984-11-27,7.7808,2.051659160667384,-0.024149540229879474
1984-11-28,7.68152,2.038817444243328,-0.012841716424056404
1984-11-29,7.7808,2.051659160667384,0.012841716424056404
1984-11-30,7.7808,2.051659160667384,0.0
1984-12-03,7.7808,2.051659160667384,0.0
1984-12-04,7.8718,2.0632867529231365,0.011627592255752273
1984-12-05,7.7808,2.051659160667384,-0.011627592255752273
1984-12-06,7.7808,2.051659160667384,0.0
1984-12-07,7.58233,2.025820540283107,-0.02583862038427709
1984-12-10,7.48313,2.012651153658797,-0.013169386624309887
1984-12-11,7.28456,1.9857570397448878,-0.02689411391390939
1984-12-12,7.28456,1.9857570397448878,0.0
1984-12-13,7.08627,1.958159109019654,-0.027597930725233866
1984-12-14,6.7886,1.9152447347444281,-0.04291437427522582
1984-12-17,6.30073,1.8406654997006007,-0.07457923504382746
1984-12-18,6.30073,1.8406654997006007,0.0
1984-12-19,6.39973,1.8562558019757085,0.015590302275107826
1984-12-20,6.39973,1.8562558019757085,0.0
1984-12-21,6.49903,1.8716529349963416,0.015397133020633058
1984-12-24,6.88769,1.929735760305437,0.058082825309095476
1984-12-26,7.08627,1.958159109019654,0.028423348714216923
1984-12-27,6.98669,1.9440069104738116,-0.014152198545842376
1984-12-28,6.98669,1.9440069104738116,0.0
1984-12-31,7.08627,1.958159109019654,0.014152198545842376
1985-01-02,6.88769,1.929735760305437,-0.028423348714216923
1985-01-03,6.7886,1.9152447347444281,-0.014491025561008897
1985-01-04,6.6976,1.9017492532695437,-0.013495481474884441
1985-01-07,6.88769,1.929735760305437,0.027986507035893338
1985-01-08,6.7886,1.9152447347444281,-0.014491025561008897
1985-01-09,6.98669,1.9440069104738116,0.028762175729383443
1985-01-10,7.18536,1.9720456226599392,0.028038712186127634
1985-01-11,7.08627,1.958159109019654,-0.013886513640285258
1985-01-14,7.18536,1.9720456226599392,0.013886513640285258
1985-01-15,7.28456,1.9857570397448878,0.013711417084948607
1985-01-16,7.38384,1.9992938284934136,0.013536788748525819
1985-01-17,7.68152,2.038817444243328,0.03952361574991414
1985-01-18,7.8718,2.0632867529231365,0.024469308679808677
1985-01-21,8.16928,2.1003807776934917,0.03709402477035528
1985-01-22,7.8718,2.0632867529231365,-0.03709402477035528
1985-01-23,7.7808,2.051659160667384,-0.011627592255752273
1985-01-24,7.58233,2.025820540283107,-0.02583862038427709
1985-01-25,7.58233,2.025820540283107,0.0
1985-01-28,7.58233,2.025820540283107,0.0
1985-01-29,7.58233,2.025820540283107,0.0
1985-01-30,7.7808,2.051659160667384,0.02583862038427709
1985-01-31,7.7808,2.051659160667384,0.0
1985-02-01,7.7808,2.051659160667384,0.0
1985-02-04,7.7808,2.051659160667384,0.0
1985-02-05,7.7808,2.051659160667384,0.0
1985-02-06,7.7808,2.051659160667384,0.0
1985-02-07,7.7808,2.051659160667384,0.0
1985-02-08,7.68152,2.038817444243328,-0.012841716424056404
1985-02-11,7.8718,2.0632867529231365,0.024469308679808677
1985-02-12,7.8718,2.0632867529231365,0.0
1985-02-13,7.8718,2.0632867529231365,0.0
1985-02-14,7.8718,2.0632867529231365,0.0
1985-02-15,8.07018,2.0881757868658224,0.024889033942685934
1985-02-19,7.97099,2.0758087008972637,-0.012367085968558733
1985-02-20,7.97099,2.0758087008972637,0.0
1985-02-21,7.8718,2.0632867529231365,-0.012521947974127201
1985-02-22,7.7808,2.051659160667384,-0.011627592255752273
1985-02-25,6.98669,1.9440069104738116,-0.10765225019357261
1985-02-26,7.18536,1.9720456226599392,0.028038712186127634
1985-02-27,7.38384,1.9992938284934136,0.027248205833474426
1985-02-28,7.38384,1.9992938284934136,0.0
1985-03-01,7.38384,1.9992938284934136,0.0
1985-03-04,7.38384,1.9992938284934136,0.0
1985-03-05,7.28456,1.9857570397448878,-0.013536788748525819
1985-03-06,7.38384,1.9992938284934136,0.013536788748525819
1985-03-07,7.38384,1.9992938284934136,0.0
1985-03-08,7.38384,1.9992938284934136,0.0
1985-03-11,7.38384,1.9992938284934136,0.0
1985-03-12,7.48313,2.012651153658797,0.013357325165383571
1985-03-13,7.58233,2.025820540283107,0.013169386624309887
1985-03-14,7.48313,2.012651153658797,-0.013169386624309887
1985-03-15,7.48313,2.012651153658797,0.0
1985-03-18,7.7808,2.051659160667384,0.039008007008586976
1985-03-19,8.86147,2.1817126650759664,0.1300535044085822
1985-03-20,8.46636,2.136100664227963,-0.04561200084800321
1985-03-21,8.36736,2.1243384225621185,-0.01176224166584472
1985-03-22,8.56566,2.1477611866006288,0.02342276403851029
1985-03-25,8.66602,2.1594096311848907,0.011648444584261952
1985-03-26,9.05429,2.203238678542786,0.0438290473578955
1985-03-27,9.35245,2.235638341061746,0.03239966251895998
1985-03-28,9.44999,2.2460136833040334,0.0103753422422872
1985-03-29,9.55142,2.2566898345386894,0.01067615123465604
1985-04-01,9.44999,2.2460136833040334,-0.01067615123465604
1985-04-02,9.55142,2.2566898345386894,0.01067615123465604
1985-04-03,9.44999,2.2460136833040334,-0.01067615123465604
1985-04-04,9.55142,2.2566898345386894,0.01067615123465604
1985-04-08,9.74844,2.2771072722083905,0.020417437669701055
1985-04-09,9.74844,2.2771072722083905,0.0
1985-04-10,9.94056,2.2966233571097243,0.01951608490133383
1985-04-11,10.2371,2.326018376376784,0.029395019267059563
1985-04-12,10.0362,2.306198556563881,-0.019819819812902928
1985-04-15,10.3366,2.3356909948910407,0.029492438327159753
1985-04-16,10.2371,2.326018376376784,-0.009672618514256826
1985-04-17,10.0362,2.306198556563881,-0.019819819812902928
1985-04-18,10.2371,2.326018376376784,0.019819819812902928
1985-04-19,10.4332,2.3449930292436227,0.01897465286683886
1985-04-22,10.4332,2.3449930292436227,0.0
1985-04-23,10.2371,2.326018376376784,-0.01897465286683886
1985-04-24,10.1376,2.31625128375786,-0.009767092618923723
1985-04-25,10.2371,2.326018376376784,0.009767092618923723
1985-04-26,10.2371,2.326018376376784,0.0
1985-04-29,10.2371,2.326018376376784,0.0
1985-04-30,10.0362,2.306198556563881,-0.019819819812902928
1985-05-01,9.8499,2.287461302848199,-0.018737253715682023
1985-05-02,9.74844,2.2771072722083905,-0.010354030639808443
1985-05-03,9.55142,2.2566898345386894,-0.020417437669701055
1985-05-06,9.35245,2.235638341061746,-0.02105149347694324
1985-05-07,9.44999,2.2460136833040334,0.0103753422422872
1985-05-08,9.15212,2.213985546439594,-0.03202813686443928
1985-05-09,9.25453,2.225113161375597,0.011127614936002672
1985-05-10,9.44999,2.2460136833040334,0.02090052192843661
1985-05-13,9.55142,2.2566898345386894,0.01067615123465604
1985-05-14,9.44999,2.2460136833040334,-0.01067615123465604
1985-05-15,9.55142,2.2566898345386894,0.01067615123465604
1985-05-16,9.55142,2.2566898345386894,0.0
1985-05-17,9.55142,2.2566898345386894,0.0
1985-05-20,9.55142,2.2566898345386894,0.0
1985-05-21,9.55142,2.2566898345386894,0.0
1985-05-22,9.55142,2.2566898345386894,0.0
1985-05-23,9.55142,2.2566898345386894,0.0
1985-05-24,9.55142,2.2566898345386894,0.0
1985-05-28,9.44999,2.2460136833040334,-0.01067615123465604
1985-05-29,9.35245,2.235638341061746,-0.0103753422422872
1985-05-30,9.15212,2.213985546439594,-0.021652794622152083
1985-05-31,9.35245,2.235638341061746,0.021652794622152083
1985-06-03,9.35245,2.235638341061746,0.0
1985-06-04,9.25453,2.225113161375597,-0.01052517968614941
1985-06-05,9.15212,2.213985546439594,-0.011127614936002672
1985-06-06,9.15212,2.213985546439594,0.0
1985-06-07,9.25453,2.225113161375597,0.011127614936002672
1985-06-10,9.15212,2.213985546439594,-0.011127614936002672
1985-06-11,9.15212,2.213985546439594,0.0
1985-06-12,9.05429,2.203238678542786,-0.010746867896807899
1985-06-13,9.15212,2.213985546439594,0.010746867896807899
1985-06-14,9.25453,2.225113161375597,0.011127614936002672
1985-06-17,9.15212,2.213985546439594,-0.011127614936002672
1985-06-18,9.35245,2.235638341061746,0.021652794622152083
1985-06-19,9.25453,2.225113161375597,-0.01052517968614941
1985-06-20,9.05429,2.203238678542786,-0.02187448283281057
1985-06-21,9.15212,2.213985546439594,0.010746867896807899
1985-06-24,9.15212,2.213985546439594,0.0
1985-06-25,9.05429,2.203238678542786,-0.010746867896807899
1985-06-26,9.05429,2.203238678542786,0.0
1985-06-27,9.05429,2.203238678542786,0.0
1985-06-28,9.05429,2.203238678542786,0.0
1985-07-01,8.95637,2.1923650109693456,-0.01087366757344066
1985-07-02,9.05429,2.203238678542786,0.01087366757344066
1985-07-03,9.05429,2.203238678542786,0.0
1985-07-05,9.15212,2.213985546439594,0.010746867896807899
1985-07-08,9.25453,2.225113161375597,0.011127614936002672
1985-07-09,9.35245,2.235638341061746,0.01052517968614941
1985-07-10,9.35245,2.235638341061746,0.0
1985-07-11,9.35245,2.235638341061746,0.0
1985-07-12,9.55142,2.2566898345386894,0.02105149347694324
1985-07-15,9.647,2.2666469861884164,0.009957151649726992
1985-07-16,9.8499,2.287461302848199,0.020814316659782506
1985-07-17,10.3366,2.3356909948910407,0.048229692042841776
1985-07-18,10.3366,2.3356909948910407,0.0
1985-07-19,10.3366,2.3356909948910407,0.0
1985-07-22,10.3366,2.3356909948910407,0.0
1985-07-23,10.3366,2.3356909948910407,0.0
1985-07-24,10.3366,2.3356909948910407,0.0
1985-07-25,10.9296,2.391474704995448,0.05578371010440719
1985-07-26,11.0212,2.399820690718325,0.008345985722876925
1985-07-29,11.1197,2.408718310041246,0.008897619322921102
1985-07-30,11.0212,2.399820690718325,-0.008897619322921102
1985-07-31,11.0212,2.399820690718325,0.0
1985-08-01,11.0212,2.399820690718325,0.0
1985-08-02,10.9296,2.391474704995448,-0.008345985722876925
1985-08-05,10.8359,2.3828646956826653,-0.008610009312782552
1985-08-06,10.7335,2.373369691712006,-0.009495003970659166
1985-08-07,10.6311,2.3637836677150545,-0.009586023996951631
1985-08-08,10.5346,2.3546650778594813,-0.009118589855573234
1985-08-09,10.5346,2.3546650778594813,0.0
1985-08-12,10.6311,2.3637836677150545,0.009118589855573234
1985-08-13,10.6311,2.3637836677150545,0.0
1985-08-14,10.6311,2.3637836677150545,0.0
1985-08-15,10.8359,2.3828646956826653,0.019081027967610797
1985-08-16,11.3207,2.426632908319011,0.04376821263634545
1985-08-19,11.5196,2.4440499324426925,0.017417024123681735
1985-08-20,11.4162,2.435033399292273,-0.009016533150419725
1985-08-21,12.0142,2.486089283534287,0.05105588424201413
1985-08-22,11.7157,2.460929822628771,-0.025159460905515907
1985-08-23,11.7157,2.460929822628771,0.0
1985-08-26,11.7157,2.460929822628771,0.0
1985-08-27,11.7157,2.460929822628771,0.0
1985-08-28,11.9127,2.477605057926479,0.016675235297707758
1985-08-29,11.8142,2.4693021978089567,-0.008302860117522126
1985-08-30,11.8142,2.4693021978089567,0.0
1985-09-03,11.4162,2.435033399292273,-0.03426879851668385
1985-09-04,11.1197,2.408718310041246,-0.02631508925102688
1985-09-05,10.7335,2.373369691712006,-0.035348618329239745
1985-09-06,10.3366,2.3356909948910407,-0.037678696820965474
1985-09-09,10.4332,2.3449930292436227,0.009302034352582034
1985-09-10,10.3366,2.3356909948910407,-0.009302034352582034
1985-09-11,10.2371,2.326018376376784,-0.009672618514256826
1985-09-12,10.0362,2.306198556563881,-0.019819819812902928
1985-09-13,10.0362,2.306198556563881,0.0
1985-09-16,10.1376,2.31625128375786,0.010052727193979205
1985-09-17,9.8499,2.287461302848199,-0.028789980909661228
1985-09-18,9.8499,2.287461302848199,0.0
1985-09-19,10.2371,2.326018376376784,0.03855707352858495
1985-09-20,10.1376,2.31625128375786,-0.009767092618923723
1985-09-23,10.6311,2.3637836677150545,0.04753238395719439
1985-09-24,10.7335,2.373369691712006,0.009586023996951631
1985-09-25,10.6311,2.3637836677150545,-0.009586023996951631
1985-09-26,10.4332,2.3449930292436227,-0.01879063847143181
1985-09-27,10.4332,2.3449930292436227,0.0
1985-09-30,10.3366,2.3356909948910407,-0.009302034352582034
1985-10-01,10.2371,2.326018376376784,-0.009672618514256826
1985-10-02,10.5346,2.3546650778594813,0.028646701482697434
1985-10-03,11.0212,2.399820690718325,0.04515561285884351
1985-10-04,11.0212,2.399820690718325,0.0
1985-10-07,10.9296,2.391474704995448,-0.008345985722876925
1985-10-08,11.0212,2.399820690718325,0.008345985722876925
1985-10-09,11.0212,2.399820690718325,0.0
1985-10-10,10.9296,2.391474704995448,-0.008345985722876925
1985-10-11,11.0212,2.399820690718325,0.008345985722876925
1985-10-14,11.0212,2.399820690718325,0.0
1985-10-15,11.1197,2.408718310041246,0.008897619322921102
1985-10-16,11.0212,2.399820690718325,-0.008897619322921102
1985-10-17,11.0212,2.399820690718325,0.0
1985-10-18,11.1197,2.408718310041246,0.008897619322921102
1985-10-21,11.1197,2.408718310041246,0.0
1985-10-22,11.1197,2.408718310041246,0.0
1985-10-23,11.0212,2.399820690718325,-0.008897619322921102
1985-10-24,11.0212,2.399820690718325,0.0
1985-10-25,11.1197,2.408718310041246,0.008897619322921102
1985-10-28,10.9296,2.391474704995448,-0.017243605045798027
1985-10-29,10.9296,2.391474704995448,0.0
1985-10-30,10.9296,2.391474704995448,0.0
1985-10-31,11.0212,2.399820690718325,0.008345985722876925
1985-11-01,11.0212,2.399820690718325,0.0
1985-11-04,11.0212,2.399820690718325,0.0
1985-11-05,10.9296,2.391474704995448,-0.008345985722876925
1985-11-06,10.9296,2.391474704995448,0.0
1985-11-07,11.0212,2.399820690718325,0.008345985722876925
1985-11-08,11.0212,2.399820690718325,0.0
1985-11-11,10.9296,2.391474704995448,-0.008345985722876925
1985-11-12,10.9296,2.391474704995448,0.0
1985-11-13,11.0212,2.399820690718325,0.008345985722876925
1985-11-14,11.1197,2.408718310041246,0.008897619322921102
1985-11-15,11.1197,2.408718310041246,0.0
1985-11-18,11.1197,2.408718310041246,0.0
1985-11-19,11.2212,2.417804846247264,0.009086536206018181
1985-11-20,11.3207,2.426632908319011,0.00882806207174669
1985-11-21,11.3207,2.426632908319011,0.0
1985-11-22,11.4162,2.435033399292273,0.00840049097326201
1985-11-25,11.7157,2.460929822628771,0.02589642333649822
1985-11-26,11.7157,2.460929822628771,0.0
1985-11-27,11.7157,2.460929822628771,0.0
1985-11-29,11.9127,2.477605057926479,0.016675235297707758
1985-12-02,12.0142,2.486089283534287,0.008484225607808149
1985-12-03,12.4042,2.518035124939237,0.03194584140495005
1985-12-04,12.8002,2.5494607958035025,0.03142567086426551
1985-12-05,12.4042,2.518035124939237,-0.03142567086426551
1985-12-06,12.4042,2.518035124939237,0.0
1985-12-09,11.7157,2.460929822628771,-0.057105302310465955
1985-12-10,11.5196,2.4440499324426925,-0.016879890186078494
1985-12-11,11.6192,2.4526589022378795,0.008608969795186994
1985-12-12,11.5196,2.4440499324426925,-0.008608969795186994
1985-12-13,11.8142,2.4693021978089567,0.025252265366264126
1985-12-16,11.9127,2.477605057926479,0.008302860117522126
1985-12-17,12.0142,2.486089283534287,0.008484225607808149
1985-12-18,11.9127,2.477605057926479,-0.008484225607808149
1985-12-19,11.9127,2.477605057926479,0.0
1985-12-20,11.9127,2.477605057926479,0.0
1985-12-23,11.9127,2.477605057926479,0.0
1985-12-24,12.0142,2.486089283534287,0.008484225607808149
1985-12-26,11.9127,2.477605057926479,-0.008484225607808149
1985-12-27,12.1039,2.4935277147202677,0.015922656793788903
1985-12-30,12.1039,2.4935277147202677,0.0
1985-12-31,12.2072,2.502025941595389,0.00849822687512125
1986-01-02,12.1039,2.4935277147202677,-0.00849822687512125
1986-01-03,11.9127,2.477605057926479,-0.015922656793788903
1986-01-06,11.9127,2.477605057926479,0.0
1986-01-07,12.2072,2.502025941595389,0.024420883668910154
1986-01-08,12.5019,2.525880632757426,0.02385469116203698
1986-01-09,12.6013,2.5337999832384734,0.007919350481047527
1986-01-10,12.8987,2.557126531095667,0.023326547857193347
1986-01-13,13.0899,2.571840940473224,0.014714409377557303
1986-01-14,13.1884,2.5793376553531,0.00749671487987591
1986-01-15,14.0839,2.64503230101199,0.06569464565889005
1986-01-16,14.2691,2.658096360123474,0.013064059111484116
1986-01-17,13.9833,2.6378637604520376,-0.020232599671436535
1986-01-20,13.7824,2.6233924158776545,-0.01447134457438315
1986-01-21,13.6859,2.6163661057668004,-0.007026310110854084
1986-01-22,13.4859,2.6016446951877605,-0.014721410579039862
1986-01-23,13.0899,2.571840940473224,-0.029803754714536446
1986-01-24,13.4859,2.6016446951877605,0.029803754714536446
1986-01-27,13.9833,2.6378637604520376,0.036219065264277095
1986-01-28,13.9833,2.6378637604520376,0.0
1986-01-29,14.2691,2.658096360123474,0.020232599671436535
1986-01-30,14.667,2.6856000722646183,0.02750371214114411
1986-01-31,14.4709,2.67213973635951,-0.013460335905108423
1986-02-03,13.5835,2.6088558208821375,-0.06328391547737233
1986-02-04,12.6999,2.5415941194177973,-0.06726170146434018
1986-02-05,12.6999,2.5415941194177973,0.0
1986-02-06,12.8987,2.557126531095667,0.015532411677869451
1986-02-07,12.8002,2.5494607958035025,-0.0076657352921643
1986-02-10,12.9963,2.564664701566276,0.015203905762773307
1986-02-11,12.9963,2.564664701566276,0.0
1986-02-12,12.9963,2.564664701566276,0.0
1986-02-13,12.6013,2.5337999832384734,-0.030864718327802354
1986-02-14,12.5019,2.525880632757426,-0.007919350481047527
1986-02-18,12.5019,2.525880632757426,0.0
1986-02-19,12.9963,2.564664701566276,0.03878406880884988
1986-02-20,13.1884,2.5793376553531,0.014672953786824205
1986-02-21,13.0899,2.571840940473224,-0.00749671487987591
1986-02-24,13.4859,2.6016446951877605,0.029803754714536446
1986-02-25,13.7824,2.6233924158776545,0.021747720689893946
1986-02-26,13.5835,2.6088558208821375,-0.01453659499551696
1986-02-27,13.3874,2.5943139660914407,-0.014541854790696807
1986-02-28,13.2869,2.586778587427466,-0.00753537866397469
1986-03-03,13.2869,2.586778587427466,0.0
1986-03-04,13.3874,2.5943139660914407,0.00753537866397469
1986-03-05,13.2869,2.586778587427466,-0.00753537866397469
1986-03-06,13.2869,2.586778587427466,0.0
1986-03-07,13.3874,2.5943139660914407,0.00753537866397469
1986-03-10,13.2869,2.586778587427466,-0.00753537866397469
1986-03-11,13.1884,2.5793376553531,-0.0074409320743660246
1986-03-12,13.2869,2.586778587427466,0.0074409320743660246
1986-03-13,13.3874,2.5943139660914407,0.00753537866397469
1986-03-14,13.3874,2.5943139660914407,0.0
1986-03-17,13.4859,2.6016446951877605,0.007330729096319821
1986-03-18,13.5835,2.6088558208821375,0.007211125694376985
1986-03-19,13.4859,2.6016446951877605,-0.007211125694376985
1986-03-20,13.6859,2.6163661057668004,0.014721410579039862
1986-03-21,13.7824,2.6233924158776545,0.007026310110854084
1986-03-24,13.5835,2.6088558208821375,-0.01453659499551696
1986-03-25,13.6859,2.6163661057668004,0.007510284884662877
1986-03-26,13.6859,2.6163661057668004,0.0
1986-03-27,13.6859,2.6163661057668004,0.0
1986-03-31,13.5835,2.6088558208821375,-0.007510284884662877
1986-04-01,13.5835,2.6088558208821375,0.0
1986-04-02,13.5835,2.6088558208821375,0.0
1986-04-03,13.5835,2.6088558208821375,0.0
1986-04-04,13.6859,2.6163661057668004,0.007510284884662877
1986-04-07,13.8809,2.6305137944750983,0.014147688708297856
1986-04-08,13.6859,2.6163661057668004,-0.014147688708297856
1986-04-09,13.7824,2.6233924158776545,0.007026310110854084
1986-04-10,13.6859,2.6163661057668004,-0.007026310110854084
1986-04-11,13.8809,2.6305137944750983,0.014147688708297856
1986-04-14,13.8809,2.6305137944750983,0.0
1986-04-15,13.9833,2.6378637604520376,0.007349965976939377
1986-04-16,13.9833,2.6378637604520376,0.0
1986-04-17,13.8809,2.6305137944750983,-0.007349965976939377
1986-04-18,13.9833,2.6378637604520376,0.007349965976939377
1986-04-21,13.8809,2.6305137944750983,-0.007349965976939377
1986-04-22,13.7824,2.6233924158776545,-0.007121378597443773
1986-04-23,13.6859,2.6163661057668004,-0.007026310110854084
1986-04-24,13.1884,2.5793376553531,-0.0370284504137004
1986-04-25,12.8002,2.5494607958035025,-0.029876859549597512
1986-04-28,12.8987,2.557126531095667,0.0076657352921643
1986-04-29,12.6999,2.5415941194177973,-0.015532411677869451
1986-04-30,12.6999,2.5415941194177973,0.0
1986-05-01,12.4042,2.518035124939237,-0.023558994478560358
1986-05-02,12.5019,2.525880632757426,0.007845507818188935
1986-05-05,12.3029,2.509835006946161,-0.01604562581126512
1986-05-06,12.2072,2.502025941595389,-0.00780906535077186
1986-05-07,12.1039,2.4935277147202677,-0.00849822687512125
1986-05-08,12.1039,2.4935277147202677,0.0
1986-05-09,12.1039,2.4935277147202677,0.0
1986-05-12,12.2072,2.502025941595389,0.00849822687512125
1986-05-13,12.1039,2.4935277147202677,-0.00849822687512125
1986-05-14,12.1039,2.4935277147202677,0.0
1986-05-15,12.1039,2.4935277147202677,0.0
1986-05-16,12.1039,2.4935277147202677,0.0
1986-05-19,12.1039,2.4935277147202677,0.0
1986-05-20,12.2072,2.502025941595389,0.00849822687512125
1986-05-21,12.1039,2.4935277147202677,-0.00849822687512125
1986-05-22,11.9127,2.477605057926479,-0.015922656793788903
1986-05-23,12.0142,2.486089283534287,0.008484225607808149
1986-05-27,11.6192,2.4526589022378795,-0.03343038129640741
1986-05-28,11.4162,2.435033399292273,-0.01762550294560672
1986-05-29,11.5196,2.4440499324426925,0.009016533150419725
1986-05-30,11.6192,2.4526589022378795,0.008608969795186994
1986-06-02,11.4162,2.435033399292273,-0.01762550294560672
1986-06-03,11.5196,2.4440499324426925,0.009016533150419725
1986-06-04,11.6192,2.4526589022378795,0.008608969795186994
1986-06-05,11.6192,2.4526589022378795,0.0
1986-06-06,11.7157,2.460929822628771,0.0082709203908915
1986-06-09,12.0142,2.486089283534287,0.025159460905515907
1986-06-10,12.2072,2.502025941595389,0.015936658061102005
1986-06-11,12.6013,2.5337999832384734,0.031774041643084505
1986-06-12,12.9963,2.564664701566276,0.030864718327802354
1986-06-13,12.8987,2.557126531095667,-0.007538170470609007
1986-06-16,12.6013,2.5337999832384734,-0.023326547857193347
1986-06-17,12.5019,2.525880632757426,-0.007919350481047527
1986-06-18,12.3029,2.509835006946161,-0.01604562581126512
1986-06-19,12.2072,2.502025941595389,-0.00780906535077186
1986-06-20,12.4042,2.518035124939237,0.016009183343848044
1986-06-23,12.5019,2.525880632757426,0.007845507818188935
1986-06-24,12.5019,2.525880632757426,0.0
1986-06-25,12.6013,2.5337999832384734,0.007919350481047527
1986-06-26,12.4042,2.518035124939237,-0.01576485829923646
1986-06-27,12.4042,2.518035124939237,0.0
1986-06-30,12.3029,2.509835006946161,-0.008200117993076184
1986-07-01,12.4042,2.518035124939237,0.008200117993076184
1986-07-02,12.3029,2.509835006946161,-0.008200117993076184
1986-07-03,12.4042,2.518035124939237,0.008200117993076184
1986-07-07,12.4042,2.518035124939237,0.0
1986-07-08,12.5019,2.525880632757426,0.007845507818188935
1986-07-09,12.6013,2.5337999832384734,0.007919350481047527
1986-07-10,12.5019,2.525880632757426,-0.007919350481047527
1986-07-11,12.6013,2.5337999832384734,0.007919350481047527
1986-07-14,12.6013,2.5337999832384734,0.0
1986-07-15,12.6999,2.5415941194177973,0.007794136179323896
1986-07-16,12.6999,2.5415941194177973,0.0
1986-07-17,12.9963,2.564664701566276,0.023070582148478458
1986-07-18,13.6859,2.6163661057668004,0.0517014042005246
1986-07-21,13.6859,2.6163661057668004,0.0
1986-07-22,13.6859,2.6163661057668004,0.0
1986-07-23,13.2869,2.586778587427466,-0.029587518339334373
1986-07-24,13.2869,2.586778587427466,0.0
1986-07-25,13.2869,2.586778587427466,0.0
1986-07-28,13.5835,2.6088558208821375,0.022077233454671497
1986-07-29,13.4859,2.6016446951877605,-0.007211125694376985
1986-07-30,13.5835,2.6088558208821375,0.007211125694376985
1986-07-31,13.9833,2.6378637604520376,0.02900793956990011
1986-08-01,14.0839,2.64503230101199,0.007168540559952419
1986-08-04,14.0839,2.64503230101199,0.0
1986-08-05,14.1706,2.6511693957842732,0.0061370947722831914
1986-08-06,14.2691,2.658096360123474,0.006926964339200925
1986-08-07,14.7666,2.692367873700103,0.03427151357662872
1986-08-08,15.5516,2.744163527222705,0.05179565352260207
1986-08-11,16.05,2.775708849576025,0.03154532235331997
1986-08-12,15.8482,2.7630559292055645,-0.012652920370460397
1986-08-13,15.6522,2.750611482186284,-0.012444447019280602
1986-08-14,15.4552,2.737945516296207,-0.012665965890076958
1986-08-15,15.3546,2.7314151034069427,-0.006530412889264259
1986-08-18,14.8689,2.699271783290628,-0.03214332011631482
1986-08-19,14.7666,2.692367873700103,-0.006903909590525004
1986-08-20,14.8689,2.699271783290628,0.006903909590525004
1986-08-21,14.8689,2.699271783290628,0.0
1986-08-22,14.667,2.6856000722646183,-0.013671711026009614
1986-08-25,14.667,2.6856000722646183,0.0
1986-08-26,14.667,2.6856000722646183,0.0
1986-08-27,14.4709,2.67213973635951,-0.013460335905108423
1986-08-28,14.7666,2.692367873700103,0.020228137340593033
1986-08-29,14.7666,2.692367873700103,0.0
1986-09-02,15.3546,2.7314151034069427,0.039047229706839826
1986-09-03,15.9486,2.769371051083794,0.0379559476768514
1986-09-04,16.1496,2.781895281560081,0.012524230476286924
1986-09-05,16.8342,2.8234125314364045,0.04151724987632344
1986-09-08,16.6343,2.8114668286331455,-0.011945702803259017
1986-09-09,16.5358,2.8055277274829087,-0.00593910115023677
1986-09-10,16.4402,2.799729555004157,-0.005798172478751695
1986-09-11,16.4402,2.799729555004157,0.0
1986-09-12,17.2243,2.846321177467275,0.04659162246311821
1986-09-15,17.9198,2.8859062467702175,0.039585069302942255
1986-09-16,18.0143,2.8911658869366574,0.005259640166439983
1986-09-17,17.9198,2.8859062467702175,-0.005259640166439983
1986-09-18,18.5049,2.918035561878638,0.03212931510842054
1986-09-19,19.0999,2.9496830994367844,0.03164753755814642
1986-09-22,19.689,2.9800601041596955,0.03037700472291105
1986-09-23,19.4862,2.969706522729601,-0.010353581430094572
1986-09-24,18.8025,2.933989839718421,-0.03571668301117992
1986-09-25,18.5049,2.918035561878638,-0.015954277839782982
1986-09-26,17.6213,2.869108397582125,-0.04892716429651278
1986-09-29,17.3239,2.852087050996768,-0.017021346585357033
1986-09-30,17.1297,2.8408137990478206,-0.011273251948947571
1986-10-01,16.9356,2.8294179152258248,-0.011395883821995856
1986-10-02,17.6213,2.869108397582125,0.03969048235630046
1986-10-03,17.5189,2.8632802981490326,-0.005828099433092593
1986-10-06,17.8193,2.8802821395651685,0.01700184141613592
1986-10-07,18.3059,2.9072234122578386,0.026941272692670104
1986-10-08,18.3059,2.9072234122578386,0.0
1986-10-09,17.9198,2.8859062467702175,-0.021317165487621192
1986-10-10,17.7199,2.8746883018201532,-0.01121794495006423
1986-10-13,17.9198,2.8859062467702175,0.01121794495006423
1986-10-14,17.1297,2.8408137990478206,-0.045092447722396845
1986-10-15,17.0332,2.835164380722262,-0.005649418325558653
1986-10-16,17.1297,2.8408137990478206,0.005649418325558653
1986-10-17,16.7366,2.8175979381003065,-0.023215860947514155
1986-10-20,16.6343,2.8114668286331455,-0.006131109467161
1986-10-21,16.4402,2.799729555004157,-0.011737273628988465
1986-10-22,16.3397,2.7935977294101915,-0.006131825593965523
1986-10-23,16.3397,2.7935977294101915,0.0
1986-10-24,16.05,2.775708849576025,-0.017888879834166538
1986-10-27,15.8482,2.7630559292055645,-0.012652920370460397
1986-10-28,16.05,2.775708849576025,0.012652920370460397
1986-10-29,15.5516,2.744163527222705,-0.03154532235331997
1986-10-30,15.4552,2.737945516296207,-0.0062180109264979855
1986-10-31,15.2562,2.7249859778084122,-0.012959538487794742
1986-11-03,15.3546,2.7314151034069427,0.006429125598530483
1986-11-04,15.5516,2.744163527222705,0.012748423815762244
1986-11-05,15.5516,2.744163527222705,0.0
1986-11-06,15.5516,2.744163527222705,0.0
1986-11-07,15.5516,2.744163527222705,0.0
1986-11-10,15.8482,2.7630559292055645,0.018892401982859575
1986-11-11,16.05,2.775708849576025,0.012652920370460397
1986-11-12,16.2363,2.787249476263447,0.011540626687422062
1986-11-13,16.5358,2.8055277274829087,0.018278251219461694
1986-11-14,16.6343,2.8114668286331455,0.00593910115023677
1986-11-17,15.7536,2.7570689105817445,-0.05439791805140093
1986-11-18,15.7536,2.7570689105817445,0.0
1986-11-19,15.3546,2.7314151034069427,-0.025653807174801813
1986-11-20,15.3546,2.7314151034069427,0.0
1986-11-21,14.5656,2.678662584207618,-0.05275251919932478
1986-11-24,14.667,2.6856000722646183,0.0069374880570003405
1986-11-25,14.9655,2.7057475520395347,0.020147479774916377
1986-11-26,14.7666,2.692367873700103,-0.013379678339431766
1986-11-28,15.3546,2.7314151034069427,0.039047229706839826
1986-12-01,15.4552,2.737945516296207,0.006530412889264259
1986-12-02,15.0649,2.712367534657811,-0.025577981638396086
1986-12-03,15.0649,2.712367534657811,0.0
1986-12-04,14.9655,2.7057475520395347,-0.006619982618276232
1986-12-05,15.1556,2.718370100620162,0.012622548580627502
1986-12-08,15.1556,2.718370100620162,0.0
1986-12-09,15.0649,2.712367534657811,-0.0060025659623512695
1986-12-10,15.1556,2.718370100620162,0.0060025659623512695
1986-12-11,14.9655,2.7057475520395347,-0.012622548580627502
1986-12-12,15.0649,2.712367534657811,0.006619982618276232
1986-12-15,15.3546,2.7314151034069427,0.019047568749131827
1986-12-16,15.0649,2.712367534657811,-0.019047568749131827
1986-12-17,14.9655,2.7057475520395347,-0.006619982618276232
1986-12-18,14.8689,2.699271783290628,-0.006475768748906763
1986-12-19,14.9655,2.7057475520395347,0.006475768748906763
1986-12-22,15.0649,2.712367534657811,0.006619982618276232
1986-12-23,14.7666,2.692367873700103,-0.019999660957708
1986-12-24,14.7666,2.692367873700103,0.0
1986-12-26,14.7666,2.692367873700103,0.0
1986-12-29,14.667,2.6856000722646183,-0.0067678014354846106
1986-12-30,14.5656,2.678662584207618,-0.0069374880570003405
1986-12-31,14.9655,2.7057475520395347,0.027084967831916718
1987-01-02,15.2562,2.7249859778084122,0.019238425768877576
1987-01-05,15.6522,2.750611482186284,0.0256255043778717
1987-01-06,15.7536,2.7570689105817445,0.006457428395460596
1987-01-07,16.2363,2.787249476263447,0.030180565681702465
1987-01-08,16.5358,2.8055277274829087,0.018278251219461694
1987-01-09,17.3239,2.852087050996768,0.046559323513859496
1987-01-12,18.0143,2.8911658869366574,0.039078835939889256
1987-01-13,18.0143,2.8911658869366574,0.0
1987-01-14,18.2153,2.9022619002672543,0.011096013330596843
1987-01-15,17.9198,2.8859062467702175,-0.016355653497036826
1987-01-16,17.8193,2.8802821395651685,-0.005624107205048912
1987-01-19,18.0143,2.8911658869366574,0.010883747371488894
1987-01-20,17.6213,2.869108397582125,-0.022057489354532223
1987-01-21,17.5189,2.8632802981490326,-0.005828099433092593
1987-01-22,17.9198,2.8859062467702175,0.022625948621184833
1987-01-23,17.6213,2.869108397582125,-0.01679784918809224
1987-01-26,17.5189,2.8632802981490326,-0.005828099433092593
1987-01-27,17.5189,2.8632802981490326,0.0
1987-01-28,17.6213,2.869108397582125,0.005828099433092593
1987-01-29,17.5189,2.8632802981490326,-0.005828099433092593
1987-01-30,17.1297,2.8408137990478206,-0.022466499101212012
1987-02-02,17.0332,2.835164380722262,-0.005649418325558653
1987-02-03,16.9356,2.8294179152258248,-0.005746465496437203
1987-02-04,17.0332,2.835164380722262,0.005746465496437203
1987-02-05,16.9356,2.8294179152258248,-0.005746465496437203
1987-02-06,16.9356,2.8294179152258248,0.0
1987-02-09,17.1297,2.8408137990478206,0.011395883821995856
1987-02-10,17.0332,2.835164380722262,-0.005649418325558653
1987-02-11,16.7366,2.8175979381003065,-0.017566442621955503
1987-02-12,16.6343,2.8114668286331455,-0.006131109467161
1987-02-13,16.9356,2.8294179152258248,0.0179510865926793
1987-02-17,17.0332,2.835164380722262,0.005746465496437203
1987-02-18,16.9356,2.8294179152258248,-0.005746465496437203
1987-02-19,16.9356,2.8294179152258248,0.0
1987-02-20,17.1297,2.8408137990478206,0.011395883821995856
1987-02-23,17.0332,2.835164380722262,-0.005649418325558653
1987-02-24,17.1297,2.8408137990478206,0.005649418325558653
1987-02-25,17.2243,2.846321177467275,0.005507378419454589
1987-02-26,17.5189,2.8632802981490326,0.016959120681757422
1987-02-27,17.6213,2.869108397582125,0.005828099433092593
1987-03-02,17.7199,2.8746883018201532,0.005579904238028011
1987-03-03,18.1168,2.896839684577638,0.02215138275748485
1987-03-04,18.9029,2.939315349448453,0.04247566487081489
1987-03-05,19.3018,2.960198355810705,0.020883006362252043
1987-03-06,19.3018,2.960198355810705,0.0
1987-03-09,19.2003,2.9549259039116667,-0.005272451899038355
1987-03-10,19.0013,2.9445073978784584,-0.010418506033208264
1987-03-11,19.0013,2.9445073978784584,0.0
1987-03-12,19.2003,2.9549259039116667,0.010418506033208264
1987-03-13,19.0999,2.9496830994367844,-0.0052428044748822344
1987-03-16,19.3018,2.960198355810705,0.01051525637392059
1987-03-17,19.0999,2.9496830994367844,-0.01051525637392059
1987-03-18,19.0013,2.9445073978784584,-0.005175701558326029
1987-03-19,18.8025,2.933989839718421,-0.01051755816003741
1987-03-20,18.5049,2.918035561878638,-0.015954277839782982
1987-03-23,18.5049,2.918035561878638,0.0
1987-03-24,18.6054,2.9234518611643554,0.0054162992857174075
1987-03-25,19.3916,2.964839982611457,0.04138812144710169
1987-03-26,19.2003,2.9549259039116667,-0.00991407869979044
1987-03-27,19.886,2.990015966557882,0.03509006264621517
1987-03-30,19.886,2.990015966557882,0.0
1987-03-31,19.689,2.9800601041596955,-0.009955862398186355
1987-04-01,19.3018,2.960198355810705,-0.01986174834899046
1987-04-02,19.5876,2.9748967129658523,0.014698357155147335
1987-04-03,20.3736,3.014239945109731,0.03934323214387847
1987-04-06,20.6702,3.028693049505599,0.014453104395868
1987-04-07,21.9547,3.0889812396069547,0.06028819010135589
1987-04-08,22.3497,3.106812898150699,0.017831658543744133
1987-04-09,24.1219,3.1831201415592236,0.0763072434085248
1987-04-10,25.5,3.2386784521643803,0.0555583106051567
1987-04-13,26.2842,3.2689679981985753,0.03028954603419498
1987-04-14,26.9708,3.2947547992997737,0.025786801101198353
1987-04-15,25.0056,3.2190997997839466,-0.0756549995158271
1987-04-16,23.526,3.1581061925382494,-0.060993607245697135
1987-04-20,24.2185,3.187116803919697,0.02901061138144767
1987-04-21,23.721,3.1663607317568996,-0.020756072162797512
1987-04-22,23.6245,3.1622843091346815,-0.004076422622218079
1987-04-23,24.1219,3.1831201415592236,0.020835832424542122
1987-04-24,24.7071,3.207090651720983,0.02397051016175933
1987-04-27,23.0353,3.1370278219627217,-0.07006282975826128
1987-04-28,22.8403,3.1285265195526866,-0.008501302410035105
1987-04-29,22.2513,3.1024004338717526,-0.026126085680933997
1987-04-30,22.0523,3.093416904843136,-0.008983529028616655
1987-05-01,22.1508,3.0978736132204174,0.004456708377281515
1987-05-04,23.1339,3.1412990742218683,0.04342546100145084
1987-05-05,23.2343,3.1456296351194832,0.004330560897614966
1987-05-06,23.8234,3.1706682909368036,0.025038655817320343
1987-05-07,23.6245,3.1622843091346815,-0.008383981802122076
1987-05-08,23.526,3.1581061925382494,-0.00417811659643208
1987-05-11,23.4333,3.154158087672391,-0.003948104865858504
1987-05-12,23.1339,3.1412990742218683,-0.01285901345052265
1987-05-13,22.9359,3.1327033686134196,-0.00859570560844869
1987-05-14,23.1339,3.1412990742218683,0.00859570560844869
1987-05-15,23.721,3.1663607317568996,0.025061657535031312
1987-05-18,23.6245,3.1622843091346815,-0.004076422622218079
1987-05-19,23.922,3.174798537627273,0.012514228492591428
1987-05-20,23.6245,3.1622843091346815,-0.012514228492591428
1987-05-21,23.1339,3.1412990742218683,-0.020985234912813233
1987-05-22,22.5379,3.115198336569387,-0.02610073765248133
1987-05-26,20.4742,3.0191655569367293,-0.09603277963265766
1987-05-27,19.3018,2.960198355810705,-0.05896720112602427
1987-05-28,19.689,2.9800601041596955,0.01986174834899046
1987-05-29,19.5876,2.9748967129658523,-0.005163391193843125
1987-06-01,19.3018,2.960198355810705,-0.014698357155147335
1987-06-02,20.3736,3.014239945109731,0.054041589299025805
1987-06-03,20.084,2.999923478172459,-0.014316466937271954
1987-06-04,19.7846,2.9849038572966484,-0.015019620875810435
1987-06-05,19.7846,2.9849038572966484,0.0
1987-06-08,19.4862,2.969706522729601,-0.015197334567047527
1987-06-09,20.084,2.999923478172459,0.030216955442857962
1987-06-10,20.084,2.999923478172459,0.0
1987-06-11,20.5736,3.024008700505647,0.024085222333188216
1987-06-12,19.2003,2.9549259039116667,-0.06908279659398042
1987-06-15,18.9029,2.939315349448453,-0.015610554463213688
1987-06-16,18.6054,2.9234518611643554,-0.01586348828409756
1987-06-17,18.4103,2.912910290603797,-0.010541570560558267
1987-06-18,18.6054,2.9234518611643554,0.010541570560558267
1987-06-19,18.8025,2.933989839718421,0.010537978554065575
1987-06-22,17.9198,2.8859062467702175,-0.048083592948203524
1987-06-23,17.9198,2.8859062467702175,0.0
1987-06-24,18.1168,2.896839684577638,0.01093343780742062
1987-06-25,17.8193,2.8802821395651685,-0.016557545012469532
1987-06-26,17.8193,2.8802821395651685,0.0
1987-06-29,17.4213,2.8576935955055824,-0.022588544059586102
1987-06-30,17.7199,2.8746883018201532,0.016994706314570784
1987-07-01,17.8193,2.8802821395651685,0.005593837745015318
1987-07-02,17.8193,2.8802821395651685,0.0
1987-07-06,18.7039,2.9287320582654632,0.04844991870029469
1987-07-07,18.6054,2.9234518611643554,-0.005280197101107831
1987-07-08,18.8025,2.933989839718421,0.010537978554065575
1987-07-09,20.084,2.999923478172459,0.06593363845403788
1987-07-10,20.8702,3.038322304176876,0.03839882600441724
1987-07-13,21.4593,3.0661581178448247,0.027835813667948628
1987-07-14,21.9547,3.0889812396069547,0.022823121762129972
1987-07-15,21.8523,3.0843061791597166,-0.0046750604472380886
1987-07-16,21.3676,3.061875756051765,-0.022430423107951736
1987-07-17,20.9696,3.0430737698630406,-0.018801986188724307
1987-07-20,21.1656,3.0523772222599437,0.009303452396903111
1987-07-21,21.0662,3.0476698603406107,-0.004707361919332964
1987-07-22,21.269,3.057250613532408,0.009580753191797076
1987-07-23,21.0662,3.0476698603406107,-0.009580753191797076
1987-07-24,21.0662,3.0476698603406107,0.0
1987-07-27,21.0662,3.0476698603406107,0.0
1987-07-28,21.0662,3.0476698603406107,0.0
1987-07-29,21.3676,3.061875756051765,0.01420589571115416
1987-07-30,21.4593,3.0661581178448247,0.004282361793059852
1987-07-31,22.0523,3.093416904843136,0.02725878699831119
1987-08-03,22.9359,3.1327033686134196,0.039286463770283664
1987-08-04,23.0353,3.1370278219627217,0.004324453349302093
1987-08-05,22.5379,3.115198336569387,-0.021829485393334735
1987-08-06,22.7389,3.124077114241213,0.00887877767182621
1987-08-07,22.3497,3.106812898150699,-0.017264216090514317
1987-08-10,22.2513,3.1024004338717526,-0.00441246427894626
1987-08-11,22.4394,3.1108183423291154,0.008417908457362788
1987-08-12,22.1508,3.0978736132204174,-0.012944729108697928
1987-08-13,21.5529,3.070510378261585,-0.02736323495883264
1987-08-14,20.5736,3.024008700505647,-0.04650167775593772
1987-08-17,20.6702,3.028693049505599,0.004684348999951737
1987-08-18,20.8702,3.038322304176876,0.009629254671277288
1987-08-19,21.0662,3.0476698603406107,0.009347556163734616
1987-08-20,20.8702,3.038322304176876,-0.009347556163734616
1987-08-21,20.9696,3.0430737698630406,0.004751465686164469
1987-08-24,21.5529,3.070510378261585,0.027436608398544227
1987-08-25,21.3676,3.061875756051765,-0.00863462220981992
1987-08-26,21.6543,3.075204049045993,0.013328292994227997
1987-08-27,21.8523,3.0843061791597166,0.009102130113723739
1987-08-28,21.7567,3.079921756075284,-0.004384423084432765
1987-08-31,22.1508,3.0978736132204174,0.017951857145133587
1987-09-01,22.5379,3.115198336569387,0.017324723348969506
1987-09-02,23.2343,3.1456296351194832,0.030431298550096297
1987-09-03,22.9359,3.1327033686134196,-0.012926266506063655
1987-09-04,22.8403,3.1285265195526866,-0.004176849060733012
1987-09-08,22.3497,3.106812898150699,-0.021713621401987737
1987-09-09,22.0523,3.093416904843136,-0.013395993307562915
1987-09-10,22.2513,3.1024004338717526,0.008983529028616655
1987-09-11,21.9547,3.0889812396069547,-0.013419194264797873
1987-09-14,21.6543,3.075204049045993,-0.013777190560961827
1987-09-15,21.6543,3.075204049045993,0.0
1987-09-16,21.4593,3.0661581178448247,-0.009045931201168145
1987-09-17,21.3676,3.061875756051765,-0.004282361793059852
1987-09-18,21.4593,3.0661581178448247,0.004282361793059852
1987-09-21,21.1656,3.0523772222599437,-0.013780895584881048
1987-09-22,20.9696,3.0430737698630406,-0.009303452396903111
1987-09-23,21.1656,3.0523772222599437,0.009303452396903111
1987-09-24,21.269,3.057250613532408,0.0048733912724641115
1987-09-25,21.269,3.057250613532408,0.0
1987-09-28,21.3676,3.061875756051765,0.004625142519357084
1987-09-29,21.3676,3.061875756051765,0.0
1987-09-30,21.0662,3.0476698603406107,-0.01420589571115416
1987-10-01,21.0662,3.0476698603406107,0.0
1987-10-02,21.0662,3.0476698603406107,0.0
1987-10-05,21.1656,3.0523772222599437,0.004707361919332964
1987-10-06,21.0662,3.0476698603406107,-0.004707361919332964
1987-10-07,21.0662,3.0476698603406107,0.0
1987-10-08,21.4593,3.0661581178448247,0.018488257504214012
1987-10-09,21.9547,3.0889812396069547,0.022823121762129972
1987-10-12,21.8523,3.0843061791597166,-0.0046750604472380886
1987-10-13,21.3676,3.061875756051765,-0.022430423107951736
1987-10-14,21.3676,3.061875756051765,0.0
1987-10-15,20.8702,3.038322304176876,-0.023553451874888776
1987-10-16,20.084,2.999923478172459,-0.03839882600441724
1987-10-19,20.3736,3.014239945109731,0.014316466937271954
1987-10-20,18.0143,2.8911658869366574,-0.12307405817307338
1987-10-21,18.1168,2.896839684577638,0.005673797640980638
1987-10-22,17.5189,2.8632802981490326,-0.03355938642860545
1987-10-23,16.6343,2.8114668286331455,-0.05181346951588717
1987-10-26,15.3546,2.7314151034069427,-0.08005172522620274
1987-10-27,13.8809,2.6305137944750983,-0.10090130893184446
1987-10-28,11.9127,2.477605057926479,-0.15290873654861947
1987-10-29,11.0212,2.399820690718325,-0.07778436720815396
1987-10-30,12.3029,2.509835006946161,0.11001431622783597
1987-11-02,14.4709,2.67213973635951,0.16230472941334906
1987-11-03,14.4709,2.67213973635951,0.0
1987-11-04,13.9833,2.6378637604520376,-0.03427597590747222
1987-11-05,13.0899,2.571840940473224,-0.06602281997881354
1987-11-06,13.7824,2.6233924158776545,0.05155147540443039
1987-11-09,13.8809,2.6305137944750983,0.007121378597443773
1987-11-10,13.6859,2.6163661057668004,-0.014147688708297856
1987-11-11,12.8002,2.5494607958035025,-0.06690530996329791
1987-11-12,12.9963,2.564664701566276,0.015203905762773307
1987-11-13,13.4859,2.6016446951877605,0.03697999362148474
1987-11-16,13.8809,2.6305137944750983,0.02886909928733772
1987-11-17,13.5835,2.6088558208821375,-0.021657973592960733
1987-11-18,13.3874,2.5943139660914407,-0.014541854790696807
1987-11-19,13.7824,2.6233924158776545,0.029078449786213767
1987-11-20,13.6859,2.6163661057668004,-0.007026310110854084
1987-11-23,14.0839,2.64503230101199,0.028666195245189652
1987-11-24,14.1706,2.6511693957842732,0.0061370947722831914
1987-11-25,14.5656,2.678662584207618,0.027493188423344694
1987-11-27,17.0332,2.835164380722262,0.15650179651464402
1987-11-30,17.1297,2.8408137990478206,0.005649418325558653
1987-12-01,16.8342,2.8234125314364045,-0.017401267611416138
1987-12-02,16.9356,2.8294179152258248,0.006005383789420282
1987-12-03,16.7366,2.8175979381003065,-0.0118199771255183
1987-12-04,15.5516,2.744163527222705,-0.0734344108776015
1987-12-07,14.2691,2.658096360123474,-0.08606716709923079
1987-12-08,14.3725,2.6653166585153087,0.007220298391834579
1987-12-09,14.3725,2.6653166585153087,0.0
1987-12-10,14.5656,2.678662584207618,0.01334592569230919
1987-12-11,15.1556,2.718370100620162,0.03970751641254422
1987-12-14,15.7536,2.7570689105817445,0.03869880996158237
1987-12-15,14.3725,2.6653166585153087,-0.09175225206643578
1987-12-16,14.7666,2.692367873700103,0.027051215184794142
1987-12-17,14.667,2.6856000722646183,-0.0067678014354846106
1987-12-18,14.4709,2.67213973635951,-0.013460335905108423
1987-12-21,14.2691,2.658096360123474,-0.014043376236035687
1987-12-22,14.2691,2.658096360123474,0.0
1987-12-23,13.8809,2.6305137944750983,-0.027582565648375912
1987-12-24,13.8809,2.6305137944750983,0.0
1987-12-28,13.6859,2.6163661057668004,-0.014147688708297856
1987-12-29,13.3874,2.5943139660914407,-0.022052139675359683
1987-12-30,13.1884,2.5793376553531,-0.014976310738340715
1987-12-31,13.6859,2.6163661057668004,0.0370284504137004
1988-01-04,13.1884,2.5793376553531,-0.0370284504137004
1988-01-05,13.3874,2.5943139660914407,0.014976310738340715
1988-01-06,14.0839,2.64503230101199,0.050718334920549335
1988-01-07,13.8809,2.6305137944750983,-0.014518506536891795
1988-01-08,13.7824,2.6233924158776545,-0.007121378597443773
1988-01-11,13.4859,2.6016446951877605,-0.021747720689893946
1988-01-12,13.4859,2.6016446951877605,0.0
1988-01-13,13.4859,2.6016446951877605,0.0
1988-01-14,13.5835,2.6088558208821375,0.007211125694376985
1988-01-15,13.1884,2.5793376553531,-0.02951816552903752
1988-01-18,13.2869,2.586778587427466,0.0074409320743660246
1988-01-19,13.1884,2.5793376553531,-0.0074409320743660246
1988-01-20,12.9963,2.564664701566276,-0.014672953786824205
1988-01-21,12.6999,2.5415941194177973,-0.023070582148478458
1988-01-22,12.6999,2.5415941194177973,0.0
1988-01-25,11.7157,2.460929822628771,-0.08066429678902631
1988-01-26,11.7157,2.460929822628771,0.0
1988-01-27,11.5196,2.4440499324426925,-0.016879890186078494
1988-01-28,11.4162,2.435033399292273,-0.009016533150419725
1988-01-29,10.1376,2.31625128375786,-0.11878211553441265
1988-02-01,9.94056,2.2966233571097243,-0.01962792664813584
1988-02-02,9.74844,2.2771072722083905,-0.01951608490133383
1988-02-03,9.25453,2.225113161375597,-0.051994110832793705
1988-02-04,9.55142,2.2566898345386894,0.03157667316309265
1988-02-05,9.35245,2.235638341061746,-0.02105149347694324
1988-02-08,9.647,2.2666469861884164,0.03100864512667023
1988-02-09,9.44999,2.2460136833040334,-0.02063330288438303
1988-02-10,9.8499,2.287461302848199,0.04144761954416554
1988-02-11,9.94056,2.2966233571097243,0.009162054261525387
1988-02-12,10.5346,2.3546650778594813,0.058041720749757
1988-02-16,10.8359,2.3828646956826653,0.02819961782318403
1988-02-17,11.1197,2.408718310041246,0.02585361435858058
1988-02-18,10.6311,2.3637836677150545,-0.044934642326191376
1988-02-19,10.6311,2.3637836677150545,0.0
1988-02-22,10.2371,2.326018376376784,-0.03776529133827067
1988-02-23,10.0362,2.306198556563881,-0.019819819812902928
1988-02-24,9.647,2.2666469861884164,-0.03955157037546453
1988-02-25,9.94056,2.2966233571097243,0.029976370921307893
1988-02-26,9.8499,2.287461302848199,-0.009162054261525387
1988-02-29,10.7335,2.373369691712006,0.08590838886380725
1988-03-01,10.5346,2.3546650778594813,-0.018704613852524865
1988-03-02,11.0212,2.399820690718325,0.04515561285884351
1988-03-03,11.1197,2.408718310041246,0.008897619322921102
1988-03-04,11.8142,2.4693021978089567,0.06058388776771073
1988-03-07,11.9127,2.477605057926479,0.008302860117522126
1988-03-08,12.6013,2.5337999832384734,0.05619492531199466
1988-03-09,12.6013,2.5337999832384734,0.0
1988-03-10,12.9963,2.564664701566276,0.030864718327802354
1988-03-11,12.9963,2.564664701566276,0.0
1988-03-14,12.9963,2.564664701566276,0.0
1988-03-15,12.9963,2.564664701566276,0.0
1988-03-16,12.6013,2.5337999832384734,-0.030864718327802354
1988-03-17,12.2072,2.502025941595389,-0.031774041643084505
1988-03-18,12.1039,2.4935277147202677,-0.00849822687512125
1988-03-21,12.5019,2.525880632757426,0.03235291803715823
1988-03-22,12.3029,2.509835006946161,-0.01604562581126512
1988-03-23,12.5019,2.525880632757426,0.01604562581126512
1988-03-24,12.4042,2.518035124939237,-0.007845507818188935
1988-03-25,12.1039,2.4935277147202677,-0.024507410218969294
1988-03-28,12.1039,2.4935277147202677,0.0
1988-03-29,12.1039,2.4935277147202677,0.0
1988-03-30,12.2072,2.502025941595389,0.00849822687512125
1988-03-31,11.8142,2.4693021978089567,-0.03272374378643228
1988-04-04,12.1039,2.4935277147202677,0.02422551691131103
1988-04-05,11.9127,2.477605057926479,-0.015922656793788903
1988-04-06,11.8142,2.4693021978089567,-0.008302860117522126
1988-04-07,11.7157,2.460929822628771,-0.008372375180185632
1988-04-08,11.6192,2.4526589022378795,-0.0082709203908915
1988-04-11,11.6192,2.4526589022378795,0.0
1988-04-12,11.6192,2.4526589022378795,0.0
1988-04-13,11.8142,2.4693021978089567,0.016643295571077132
1988-04-14,12.1039,2.4935277147202677,0.02422551691131103
1988-04-15,12.3029,2.509835006946161,0.01630729222589311
1988-04-18,12.8002,2.5494607958035025,0.03962578885734169
1988-04-19,12.5019,2.525880632757426,-0.023580163046076574
1988-04-20,12.3029,2.509835006946161,-0.01604562581126512
1988-04-21,12.1039,2.4935277147202677,-0.01630729222589311
1988-04-22,11.8142,2.4693021978089567,-0.02422551691131103
1988-04-25,11.7157,2.460929822628771,-0.008372375180185632
1988-04-26,11.8142,2.4693021978089567,0.008372375180185632
1988-04-27,12.1039,2.4935277147202677,0.02422551691131103
1988-04-28,12.1039,2.4935277147202677,0.0
1988-04-29,11.9127,2.477605057926479,-0.015922656793788903
1988-05-02,11.6192,2.4526589022378795,-0.02494615568859926
1988-05-03,11.4162,2.435033399292273,-0.01762550294560672
1988-05-04,11.4162,2.435033399292273,0.0
1988-05-05,11.3207,2.426632908319011,-0.00840049097326201
1988-05-06,11.3207,2.426632908319011,0.0
1988-05-09,11.3207,2.426632908319011,0.0
1988-05-10,11.5196,2.4440499324426925,0.017417024123681735
1988-05-11,11.2212,2.417804846247264,-0.026245086195428424
1988-05-12,11.2212,2.417804846247264,0.0
1988-05-13,11.2212,2.417804846247264,0.0
1988-05-16,11.3207,2.426632908319011,0.00882806207174669
1988-05-17,11.1197,2.408718310041246,-0.01791459827776487
1988-05-18,11.0212,2.399820690718325,-0.008897619322921102
1988-05-19,11.0212,2.399820690718325,0.0
1988-05-20,11.0212,2.399820690718325,0.0
1988-05-23,11.3207,2.426632908319011,0.026812217600685972
1988-05-24,11.2212,2.417804846247264,-0.00882806207174669
1988-05-25,11.1197,2.408718310041246,-0.009086536206018181
1988-05-26,11.0212,2.399820690718325,-0.008897619322921102
1988-05-27,10.6311,2.3637836677150545,-0.036037023003270274
1988-05-31,10.9296,2.391474704995448,0.02769103728039335
1988-06-01,11.1197,2.408718310041246,0.017243605045798027
1988-06-02,11.8142,2.4693021978089567,0.06058388776771073
1988-06-03,12.0142,2.486089283534287,0.016787085725330275
1988-06-06,12.1039,2.4935277147202677,0.007438431185980754
1988-06-07,11.8142,2.4693021978089567,-0.02422551691131103
1988-06-08,11.8142,2.4693021978089567,0.0
1988-06-09,12.0142,2.486089283534287,0.016787085725330275
1988-06-10,11.8142,2.4693021978089567,-0.016787085725330275
1988-06-13,11.9127,2.477605057926479,0.008302860117522126
1988-06-14,11.8142,2.4693021978089567,-0.008302860117522126
1988-06-15,12.1039,2.4935277147202677,0.02422551691131103
1988-06-16,12.2072,2.502025941595389,0.00849822687512125
1988-06-17,12.3029,2.509835006946161,0.00780906535077186
1988-06-20,12.4042,2.518035124939237,0.008200117993076184
1988-06-21,12.6999,2.5415941194177973,0.023558994478560358
1988-06-22,12.4042,2.518035124939237,-0.023558994478560358
1988-06-23,12.3029,2.509835006946161,-0.008200117993076184
1988-06-24,12.2072,2.502025941595389,-0.00780906535077186
1988-06-27,12.1039,2.4935277147202677,-0.00849822687512125
1988-06-28,12.1039,2.4935277147202677,0.0
1988-06-29,11.7157,2.460929822628771,-0.03259789209149666
1988-06-30,11.8142,2.4693021978089567,0.008372375180185632
1988-07-01,11.8142,2.4693021978089567,0.0
1988-07-05,11.5196,2.4440499324426925,-0.025252265366264126
1988-07-06,11.8142,2.4693021978089567,0.025252265366264126
1988-07-07,11.8142,2.4693021978089567,0.0
1988-07-08,11.6192,2.4526589022378795,-0.016643295571077132
1988-07-11,11.5196,2.4440499324426925,-0.008608969795186994
1988-07-12,11.2212,2.417804846247264,-0.026245086195428424
1988-07-13,11.2212,2.417804846247264,0.0
1988-07-14,11.2212,2.417804846247264,0.0
1988-07-15,11.4162,2.435033399292273,0.0172285530450087
1988-07-18,11.1197,2.408718310041246,-0.02631508925102688
1988-07-19,11.5196,2.4440499324426925,0.035331622401446605
1988-07-20,11.5196,2.4440499324426925,0.0
1988-07-21,11.2212,2.417804846247264,-0.026245086195428424
1988-07-22,11.2212,2.417804846247264,0.0
1988-07-25,10.7335,2.373369691712006,-0.044435154535257926
1988-07-26,10.8359,2.3828646956826653,0.009495003970659166
1988-07-27,10.9296,2.391474704995448,0.008610009312782552
1988-07-28,10.7335,2.373369691712006,-0.018105013283441718
1988-07-29,10.9296,2.391474704995448,0.018105013283441718
1988-08-01,11.0212,2.399820690718325,0.008345985722876925
1988-08-02,11.0212,2.399820690718325,0.0
1988-08-03,10.9296,2.391474704995448,-0.008345985722876925
1988-08-04,11.0212,2.399820690718325,0.008345985722876925
1988-08-05,11.0212,2.399820690718325,0.0
1988-08-08,11.0212,2.399820690718325,0.0
1988-08-09,10.8359,2.3828646956826653,-0.016955995035659477
1988-08-10,10.8359,2.3828646956826653,0.0
1988-08-11,10.8359,2.3828646956826653,0.0
1988-08-12,11.0212,2.399820690718325,0.016955995035659477
1988-08-15,11.0212,2.399820690718325,0.0
1988-08-16,10.9296,2.391474704995448,-0.008345985722876925
1988-08-17,10.9296,2.391474704995448,0.0
1988-08-18,10.9296,2.391474704995448,0.0
1988-08-19,11.0212,2.399820690718325,0.008345985722876925
1988-08-22,11.0212,2.399820690718325,0.0
1988-08-23,10.9296,2.391474704995448,-0.008345985722876925
1988-08-24,10.8359,2.3828646956826653,-0.008610009312782552
1988-08-25,10.6311,2.3637836677150545,-0.019081027967610797
1988-08-26,10.5346,2.3546650778594813,-0.009118589855573234
1988-08-29,10.4332,2.3449930292436227,-0.009672048615858575
1988-08-30,9.94056,2.2966233571097243,-0.04836967213389842
1988-08-31,9.8499,2.287461302848199,-0.009162054261525387
1988-09-01,9.8499,2.287461302848199,0.0
1988-09-02,9.55142,2.2566898345386894,-0.030771468309509498
1988-09-06,9.15212,2.213985546439594,-0.04270428809909532
1988-09-07,9.25453,2.225113161375597,0.011127614936002672
1988-09-08,9.05429,2.203238678542786,-0.02187448283281057
1988-09-09,8.76521,2.17079047701374,-0.03244820152904637
1988-09-12,8.56566,2.1477611866006288,-0.02302929041311108
1988-09-13,8.86147,2.1817126650759664,0.03395147847533764
1988-09-14,8.86147,2.1817126650759664,0.0
1988-09-15,8.66602,2.1594096311848907,-0.022303033891075685
1988-09-16,8.56566,2.1477611866006288,-0.011648444584261952
1988-09-19,8.36736,2.1243384225621185,-0.02342276403851029
1988-09-20,8.36736,2.1243384225621185,0.0
1988-09-21,8.46636,2.136100664227963,0.01176224166584472
1988-09-22,8.26876,2.1124845582530356,-0.02361610597492758
1988-09-23,7.97099,2.0758087008972637,-0.036675857355771946
1988-09-26,8.26876,2.1124845582530356,0.036675857355771946
1988-09-27,8.26876,2.1124845582530356,0.0
1988-09-28,8.56566,2.1477611866006288,0.03527662834759315
1988-09-29,8.95637,2.1923650109693456,0.04460382436871679
1988-09-30,8.76521,2.17079047701374,-0.021574533955605713
1988-10-03,8.86147,2.1817126650759664,0.010922188062226557
1988-10-04,9.05429,2.203238678542786,0.021526013466819816
1988-10-05,8.76521,2.17079047701374,-0.03244820152904637
1988-10-06,8.86147,2.1817126650759664,0.010922188062226557
1988-10-07,9.15212,2.213985546439594,0.032272881363627715
1988-10-10,9.25453,2.225113161375597,0.011127614936002672
1988-10-11,9.25453,2.225113161375597,0.0
1988-10-12,9.25453,2.225113161375597,0.0
1988-10-13,9.05429,2.203238678542786,-0.02187448283281057
1988-10-14,9.15212,2.213985546439594,0.010746867896807899
1988-10-17,9.15212,2.213985546439594,0.0
1988-10-18,9.15212,2.213985546439594,0.0
1988-10-19,8.95637,2.1923650109693456,-0.02162053547024856
1988-10-20,8.86147,2.1817126650759664,-0.010652345893379156
1988-10-21,8.56566,2.1477611866006288,-0.03395147847533764
1988-10-24,8.26876,2.1124845582530356,-0.03527662834759315
1988-10-25,8.36736,2.1243384225621185,0.011853864309082862
1988-10-26,8.36736,2.1243384225621185,0.0
1988-10-27,8.46636,2.136100664227963,0.01176224166584472
1988-10-28,8.56566,2.1477611866006288,0.011660522372665572
1988-10-31,8.56566,2.1477611866006288,0.0
1988-11-01,8.56566,2.1477611866006288,0.0
1988-11-02,8.95637,2.1923650109693456,0.04460382436871679
1988-11-03,8.95637,2.1923650109693456,0.0
1988-11-04,8.66602,2.1594096311848907,-0.03295537978445484
1988-11-07,8.66602,2.1594096311848907,0.0
1988-11-08,8.56566,2.1477611866006288,-0.011648444584261952
1988-11-09,8.56566,2.1477611866006288,0.0
1988-11-10,8.66602,2.1594096311848907,0.011648444584261952
1988-11-11,8.56566,2.1477611866006288,-0.011648444584261952
1988-11-14,8.46636,2.136100664227963,-0.011660522372665572
1988-11-15,8.46636,2.136100664227963,0.0
1988-11-16,8.56566,2.1477611866006288,0.011660522372665572
1988-11-17,8.46636,2.136100664227963,-0.011660522372665572
1988-11-18,8.16928,2.1003807776934917,-0.035719886534471446
1988-11-21,8.26876,2.1124845582530356,0.012103780559543864
1988-11-22,8.26876,2.1124845582530356,0.0
1988-11-23,8.56566,2.1477611866006288,0.03527662834759315
1988-11-25,8.66602,2.1594096311848907,0.011648444584261952
1988-11-28,8.76521,2.17079047701374,0.011380845828849129
1988-11-29,8.56566,2.1477611866006288,-0.02302929041311108
1988-11-30,8.56566,2.1477611866006288,0.0
1988-12-01,8.56566,2.1477611866006288,0.0
1988-12-02,8.56566,2.1477611866006288,0.0
1988-12-05,8.26876,2.1124845582530356,-0.03527662834759315
1988-12-06,8.16928,2.1003807776934917,-0.012103780559543864
1988-12-07,7.8718,2.0632867529231365,-0.03709402477035528
1988-12-08,8.07018,2.0881757868658224,0.024889033942685934
1988-12-09,8.16928,2.1003807776934917,0.012204990827669349
1988-12-12,7.97099,2.0758087008972637,-0.02457207679622808
1988-12-13,7.97099,2.0758087008972637,0.0
1988-12-14,8.07018,2.0881757868658224,0.012367085968558733
1988-12-15,7.97099,2.0758087008972637,-0.012367085968558733
1988-12-16,8.16928,2.1003807776934917,0.02457207679622808
1988-12-19,8.07018,2.0881757868658224,-0.012204990827669349
1988-12-20,7.8718,2.0632867529231365,-0.024889033942685934
1988-12-21,7.7808,2.051659160667384,-0.011627592255752273
1988-12-22,7.8718,2.0632867529231365,0.011627592255752273
1988-12-23,7.68152,2.038817444243328,-0.024469308679808677
1988-12-27,7.7808,2.051659160667384,0.012841716424056404
1988-12-28,7.68152,2.038817444243328,-0.012841716424056404
1988-12-29,7.48313,2.012651153658797,-0.02616629058453057
1988-12-30,7.8718,2.0632867529231365,0.05063559926433925
1989-01-03,7.8718,2.0632867529231365,0.0
1989-01-04,7.7808,2.051659160667384,-0.011627592255752273
1989-01-05,7.97099,2.0758087008972637,0.024149540229879474
1989-01-06,7.7808,2.051659160667384,-0.024149540229879474
1989-01-09,7.68152,2.038817444243328,-0.012841716424056404
1989-01-10,7.8718,2.0632867529231365,0.024469308679808677
1989-01-11,7.8718,2.0632867529231365,0.0
1989-01-12,7.8718,2.0632867529231365,0.0
1989-01-13,7.7808,2.051659160667384,-0.011627592255752273
1989-01-16,7.68152,2.038817444243328,-0.012841716424056404
1989-01-17,7.68152,2.038817444243328,0.0
1989-01-18,7.8718,2.0632867529231365,0.024469308679808677
1989-01-19,7.97099,2.0758087008972637,0.012521947974127201
1989-01-20,8.26876,2.1124845582530356,0.036675857355771946
1989-01-23,8.36736,2.1243384225621185,0.011853864309082862
1989-01-24,8.16928,2.1003807776934917,-0.023957644868626726
1989-01-25,8.16928,2.1003807776934917,0.0
1989-01-26,8.26876,2.1124845582530356,0.012103780559543864
1989-01-27,8.07018,2.0881757868658224,-0.024308771387213213
1989-01-30,7.7808,2.051659160667384,-0.03651662619843821
1989-01-31,7.68152,2.038817444243328,-0.012841716424056404
1989-02-01,7.97099,2.0758087008972637,0.03699125665393588
1989-02-02,7.8718,2.0632867529231365,-0.012521947974127201
1989-02-03,7.8718,2.0632867529231365,0.0
1989-02-06,7.8718,2.0632867529231365,0.0
1989-02-07,7.97099,2.0758087008972637,0.012521947974127201
1989-02-08,7.7808,2.051659160667384,-0.024149540229879474
1989-02-09,8.36736,2.1243384225621185,0.07267926189473428
1989-02-10,8.07018,2.0881757868658224,-0.036162635696296075
1989-02-13,7.97099,2.0758087008972637,-0.012367085968558733
1989-02-14,8.16928,2.1003807776934917,0.02457207679622808
1989-02-15,7.97099,2.0758087008972637,-0.02457207679622808
1989-02-16,8.07018,2.0881757868658224,0.012367085968558733
1989-02-17,8.07018,2.0881757868658224,0.0
1989-02-21,8.26876,2.1124845582530356,0.024308771387213213
1989-02-22,8.36736,2.1243384225621185,0.011853864309082862
1989-02-23,8.66602,2.1594096311848907,0.03507120862277224
1989-02-24,8.46636,2.136100664227963,-0.023308966956927524
1989-02-27,8.36736,2.1243384225621185,-0.01176224166584472
1989-02-28,8.16928,2.1003807776934917,-0.023957644868626726
1989-03-01,7.97099,2.0758087008972637,-0.02457207679622808
1989-03-02,8.07018,2.0881757868658224,0.012367085968558733
1989-03-03,8.26876,2.1124845582530356,0.024308771387213213
1989-03-06,8.26876,2.1124845582530356,0.0
1989-03-07,8.36736,2.1243384225621185,0.011853864309082862
1989-03-08,8.16928,2.1003807776934917,-0.023957644868626726
1989-03-09,8.16928,2.1003807776934917,0.0
1989-03-10,8.16928,2.1003807776934917,0.0
1989-03-13,8.16928,2.1003807776934917,0.0
1989-03-14,8.26876,2.1124845582530356,0.012103780559543864
1989-03-15,8.16928,2.1003807776934917,-0.012103780559543864
1989-03-16,8.26876,2.1124845582530356,0.012103780559543864
1989-03-17,8.36736,2.1243384225621185,0.011853864309082862
1989-03-20,8.56566,2.1477611866006288,0.02342276403851029
1989-03-21,8.36736,2.1243384225621185,-0.02342276403851029
1989-03-22,8.36736,2.1243384225621185,0.0
1989-03-23,8.16928,2.1003807776934917,-0.023957644868626726
1989-03-27,8.16928,2.1003807776934917,0.0
1989-03-28,8.07018,2.0881757868658224,-0.012204990827669349
1989-03-29,7.97099,2.0758087008972637,-0.012367085968558733
1989-03-30,7.97099,2.0758087008972637,0.0
1989-03-31,8.07018,2.0881757868658224,0.012367085968558733
1989-04-03,7.7808,2.051659160667384,-0.03651662619843821
1989-04-04,7.8718,2.0632867529231365,0.011627592255752273
1989-04-05,7.58233,2.025820540283107,-0.03746621264002936
1989-04-06,7.48313,2.012651153658797,-0.013169386624309887
1989-04-07,7.58233,2.025820540283107,0.013169386624309887
1989-04-10,7.48313,2.012651153658797,-0.013169386624309887
1989-04-11,7.48313,2.012651153658797,0.0
1989-04-12,7.38384,1.9992938284934136,-0.013357325165383571
1989-04-13,7.58233,2.025820540283107,0.026526711789693458
1989-04-14,7.38384,1.9992938284934136,-0.026526711789693458
1989-04-17,7.38384,1.9992938284934136,0.0
1989-04-18,7.38384,1.9992938284934136,0.0
1989-04-19,7.38384,1.9992938284934136,0.0
1989-04-20,7.28456,1.9857570397448878,-0.013536788748525819
1989-04-21,7.38384,1.9992938284934136,0.013536788748525819
1989-04-24,7.18536,1.9720456226599392,-0.027248205833474426
1989-04-25,7.08627,1.958159109019654,-0.013886513640285258
1989-04-26,7.08627,1.958159109019654,0.0
1989-04-27,7.08627,1.958159109019654,0.0
1989-04-28,6.7886,1.9152447347444281,-0.04291437427522582
1989-05-01,6.7886,1.9152447347444281,0.0
1989-05-02,6.6976,1.9017492532695437,-0.013495481474884441
1989-05-03,6.6976,1.9017492532695437,0.0
1989-05-04,6.7886,1.9152447347444281,0.013495481474884441
1989-05-05,6.49903,1.8716529349963416,-0.04359179974808658
1989-05-08,6.49903,1.8716529349963416,0.0
1989-05-09,6.59811,1.8867832443861208,0.015130309389779217
1989-05-10,6.6976,1.9017492532695437,0.014966008883422921
1989-05-11,6.7886,1.9152447347444281,0.013495481474884441
1989-05-12,6.6976,1.9017492532695437,-0.013495481474884441
1989-05-15,6.49903,1.8716529349963416,-0.03009631827320214
1989-05-16,6.6976,1.9017492532695437,0.03009631827320214
1989-05-17,6.49903,1.8716529349963416,-0.03009631827320214
1989-05-18,6.49903,1.8716529349963416,0.0
1989-05-19,6.39973,1.8562558019757085,-0.015397133020633058
1989-05-22,6.30073,1.8406654997006007,-0.015590302275107826
1989-05-23,6.39973,1.8562558019757085,0.015590302275107826
1989-05-24,6.30073,1.8406654997006007,-0.015590302275107826
1989-05-25,6.39973,1.8562558019757085,0.015590302275107826
1989-05-26,6.49903,1.8716529349963416,0.015397133020633058
1989-05-30,6.30073,1.8406654997006007,-0.030987435295740884
1989-05-31,5.8041,1.758564564370414,-0.0821009353301867
1989-06-01,5.6143,1.725316914345927,-0.03324765002448693
1989-06-02,5.6143,1.725316914345927,0.0
1989-06-05,5.7135,1.7428317956046313,0.017514881258704262
1989-06-06,5.8041,1.758564564370414,0.015732768765782668
1989-06-07,5.8041,1.758564564370414,0.0
1989-06-08,5.8041,1.758564564370414,0.0
1989-06-09,5.7135,1.7428317956046313,-0.015732768765782668
1989-06-12,5.7135,1.7428317956046313,0.0
1989-06-13,5.8041,1.758564564370414,0.015732768765782668
1989-06-14,5.7135,1.7428317956046313,-0.015732768765782668
1989-06-15,5.7135,1.7428317956046313,0.0
1989-06-16,5.90377,1.7755911298997753,0.032759334295143994
1989-06-19,5.90377,1.7755911298997753,0.0
1989-06-20,5.90377,1.7755911298997753,0.0
1989-06-21,5.90377,1.7755911298997753,0.0
1989-06-22,6.00267,1.7922043702449189,0.016613240345143554
1989-06-23,6.00267,1.7922043702449189,0.0
1989-06-26,6.00267,1.7922043702449189,0.0
1989-06-27,5.90377,1.7755911298997753,-0.016613240345143554
1989-06-28,5.90377,1.7755911298997753,0.0
1989-06-29,5.90377,1.7755911298997753,0.0
1989-06-30,5.90377,1.7755911298997753,0.0
1989-07-03,6.10207,1.8086280578773188,0.03303692797754354
1989-07-05,6.49903,1.8716529349963416,0.06302487711902272
1989-07-06,6.59811,1.8867832443861208,0.015130309389779217
1989-07-07,6.30073,1.8406654997006007,-0.0461177446855201
1989-07-10,6.39973,1.8562558019757085,0.015590302275107826
1989-07-11,6.30073,1.8406654997006007,-0.015590302275107826
1989-07-12,6.39973,1.8562558019757085,0.015590302275107826
1989-07-13,6.49903,1.8716529349963416,0.015397133020633058
1989-07-14,6.20155,1.8247992608062533,-0.046853674190088235
1989-07-17,6.20155,1.8247992608062533,0.0
1989-07-18,6.20155,1.8247992608062533,0.0
1989-07-19,6.10207,1.8086280578773188,-0.01617120292893448
1989-07-20,6.20155,1.8247992608062533,0.01617120292893448
1989-07-21,6.20155,1.8247992608062533,0.0
1989-07-24,6.20155,1.8247992608062533,0.0
1989-07-25,6.20155,1.8247992608062533,0.0
1989-07-26,6.20155,1.8247992608062533,0.0
1989-07-27,6.30073,1.8406654997006007,0.01586623889434735
1989-07-28,6.10207,1.8086280578773188,-0.03203744182328183
1989-07-31,6.10207,1.8086280578773188,0.0
1989-08-01,6.20155,1.8247992608062533,0.01617120292893448
1989-08-02,6.20155,1.8247992608062533,0.0
1989-08-03,6.30073,1.8406654997006007,0.01586623889434735
1989-08-04,6.20155,1.8247992608062533,-0.01586623889434735
1989-08-07,6.20155,1.8247992608062533,0.0
1989-08-08,6.30073,1.8406654997006007,0.01586623889434735
1989-08-09,6.30073,1.8406654997006007,0.0
1989-08-10,6.59811,1.8867832443861208,0.0461177446855201
1989-08-11,6.39973,1.8562558019757085,-0.030527442410412275
1989-08-14,6.59811,1.8867832443861208,0.030527442410412275
1989-08-15,6.6976,1.9017492532695437,0.014966008883422921
1989-08-16,6.88769,1.929735760305437,0.027986507035893338
1989-08-17,6.88769,1.929735760305437,0.0
1989-08-18,7.08627,1.958159109019654,0.028423348714216923
1989-08-21,7.18536,1.9720456226599392,0.013886513640285258
1989-08-22,6.98669,1.9440069104738116,-0.028038712186127634
1989-08-23,6.98669,1.9440069104738116,0.0
1989-08-24,6.98669,1.9440069104738116,0.0
1989-08-25,6.7886,1.9152447347444281,-0.028762175729383443
1989-08-28,6.6976,1.9017492532695437,-0.013495481474884441
1989-08-29,6.7886,1.9152447347444281,0.013495481474884441
1989-08-30,6.6976,1.9017492532695437,-0.013495481474884441
1989-08-31,6.6976,1.9017492532695437,0.0
1989-09-01,6.49903,1.8716529349963416,-0.03009631827320214
1989-09-05,6.30073,1.8406654997006007,-0.030987435295740884
1989-09-06,6.49903,1.8716529349963416,0.030987435295740884
1989-09-07,6.30073,1.8406654997006007,-0.030987435295740884
1989-09-08,6.30073,1.8406654997006007,0.0
1989-09-11,6.30073,1.8406654997006007,0.0
1989-09-12,6.30073,1.8406654997006007,0.0
1989-09-13,6.20155,1.8247992608062533,-0.01586623889434735
1989-09-14,6.30073,1.8406654997006007,0.01586623889434735
1989-09-15,6.30073,1.8406654997006007,0.0
1989-09-18,6.20155,1.8247992608062533,-0.01586623889434735
1989-09-19,6.30073,1.8406654997006007,0.01586623889434735
1989-09-20,6.20155,1.8247992608062533,-0.01586623889434735
1989-09-21,6.20155,1.8247992608062533,0.0
1989-09-22,6.39973,1.8562558019757085,0.03145654116945518
1989-09-25,6.59811,1.8867832443861208,0.030527442410412275
1989-09-26,6.49903,1.8716529349963416,-0.015130309389779217
1989-09-27,6.59811,1.8867832443861208,0.015130309389779217
1989-09-28,6.49903,1.8716529349963416,-0.015130309389779217
1989-09-29,6.49903,1.8716529349963416,0.0
1989-10-02,6.39973,1.8562558019757085,-0.015397133020633058
1989-10-03,6.39973,1.8562558019757085,0.0
1989-10-04,6.39973,1.8562558019757085,0.0
1989-10-05,6.30073,1.8406654997006007,-0.015590302275107826
1989-10-06,6.30073,1.8406654997006007,0.0
1989-10-09,6.30073,1.8406654997006007,0.0
1989-10-10,6.30073,1.8406654997006007,0.0
1989-10-11,6.30073,1.8406654997006007,0.0
1989-10-12,6.39973,1.8562558019757085,0.015590302275107826
1989-10-13,6.49903,1.8716529349963416,0.015397133020633058
1989-10-16,6.30073,1.8406654997006007,-0.030987435295740884
1989-10-17,6.30073,1.8406654997006007,0.0
1989-10-18,6.49903,1.8716529349963416,0.030987435295740884
1989-10-19,6.49903,1.8716529349963416,0.0
1989-10-20,6.59811,1.8867832443861208,0.015130309389779217
1989-10-23,6.20155,1.8247992608062533,-0.06198398357986745
1989-10-24,6.39973,1.8562558019757085,0.03145654116945518
1989-10-25,6.20155,1.8247992608062533,-0.03145654116945518
1989-10-26,6.20155,1.8247992608062533,0.0
1989-10-27,6.59811,1.8867832443861208,0.06198398357986745
1989-10-30,6.49903,1.8716529349963416,-0.015130309389779217
1989-10-31,6.39973,1.8562558019757085,-0.015397133020633058
1989-11-01,6.39973,1.8562558019757085,0.0
1989-11-02,6.59811,1.8867832443861208,0.030527442410412275
1989-11-03,6.88769,1.929735760305437,0.04295251591931626
1989-11-06,6.88769,1.929735760305437,0.0
1989-11-07,7.18536,1.9720456226599392,0.04230986235450218
1989-11-08,7.18536,1.9720456226599392,0.0
1989-11-09,7.18536,1.9720456226599392,0.0
1989-11-10,7.18536,1.9720456226599392,0.0
1989-11-13,7.48313,2.012651153658797,0.040605530998858
1989-11-14,7.48313,2.012651153658797,0.0
1989-11-15,7.38384,1.9992938284934136,-0.013357325165383571
1989-11-16,7.38384,1.9992938284934136,0.0
1989-11-17,7.28456,1.9857570397448878,-0.013536788748525819
1989-11-20,7.38384,1.9992938284934136,0.013536788748525819
1989-11-21,7.38384,1.9992938284934136,0.0
1989-11-22,7.18536,1.9720456226599392,-0.027248205833474426
1989-11-24,7.48313,2.012651153658797,0.040605530998858
1989-11-27,7.28456,1.9857570397448878,-0.02689411391390939
1989-11-28,7.28456,1.9857570397448878,0.0
1989-11-29,7.18536,1.9720456226599392,-0.013711417084948607
1989-11-30,7.28456,1.9857570397448878,0.013711417084948607
1989-12-01,7.18536,1.9720456226599392,-0.013711417084948607
1989-12-04,6.88769,1.929735760305437,-0.04230986235450218
1989-12-05,6.98669,1.9440069104738116,0.014271150168374547
1989-12-06,7.08627,1.958159109019654,0.014152198545842376
1989-12-07,7.08627,1.958159109019654,0.0
1989-12-08,7.08627,1.958159109019654,0.0
1989-12-11,7.48313,2.012651153658797,0.054492044639143256
1989-12-12,7.68152,2.038817444243328,0.02616629058453057
1989-12-13,7.28456,1.9857570397448878,-0.05306040449843996
1989-12-14,7.48313,2.012651153658797,0.02689411391390939
1989-12-15,7.48313,2.012651153658797,0.0
1989-12-18,7.18536,1.9720456226599392,-0.040605530998858
1989-12-19,6.98669,1.9440069104738116,-0.028038712186127634
1989-12-20,7.08627,1.958159109019654,0.014152198545842376
1989-12-21,6.98669,1.9440069104738116,-0.014152198545842376
1989-12-22,6.98669,1.9440069104738116,0.0
1989-12-26,6.88769,1.929735760305437,-0.014271150168374547
1989-12-27,6.88769,1.929735760305437,0.0
1989-12-28,6.49903,1.8716529349963416,-0.058082825309095476
1989-12-29,6.59811,1.8867832443861208,0.015130309389779217
1990-01-02,6.49903,1.8716529349963416,-0.015130309389779217
1990-01-03,6.49903,1.8716529349963416,0.0
1990-01-04,6.59811,1.8867832443861208,0.015130309389779217
1990-01-05,6.6976,1.9017492532695437,0.014966008883422921
1990-01-08,6.59811,1.8867832443861208,-0.014966008883422921
1990-01-09,6.49903,1.8716529349963416,-0.015130309389779217
1990-01-10,6.6976,1.9017492532695437,0.03009631827320214
1990-01-11,6.88769,1.929735760305437,0.027986507035893338
1990-01-12,6.98669,1.9440069104738116,0.014271150168374547
1990-01-15,7.08627,1.958159109019654,0.014152198545842376
1990-01-16,6.88769,1.929735760305437,-0.028423348714216923
1990-01-17,6.98669,1.9440069104738116,0.014271150168374547
1990-01-18,7.08627,1.958159109019654,0.014152198545842376
1990-01-19,6.98669,1.9440069104738116,-0.014152198545842376
1990-01-22,6.98669,1.9440069104738116,0.0
1990-01-23,7.58233,2.025820540283107,0.08181362980929552
1990-01-24,7.68152,2.038817444243328,0.012996903960220685
1990-01-25,7.38384,1.9992938284934136,-0.03952361574991414
1990-01-26,7.48313,2.012651153658797,0.013357325165383571
1990-01-29,7.48313,2.012651153658797,0.0
1990-01-30,7.8718,2.0632867529231365,0.05063559926433925
1990-01-31,7.68152,2.038817444243328,-0.024469308679808677
1990-02-01,8.26876,2.1124845582530356,0.07366711400970782
1990-02-02,8.16928,2.1003807776934917,-0.012103780559543864
1990-02-05,8.26876,2.1124845582530356,0.012103780559543864
1990-02-06,8.16928,2.1003807776934917,-0.012103780559543864
1990-02-07,8.16928,2.1003807776934917,0.0
1990-02-08,8.26876,2.1124845582530356,0.012103780559543864
1990-02-09,8.16928,2.1003807776934917,-0.012103780559543864
1990-02-12,8.16928,2.1003807776934917,0.0
1990-02-13,7.7808,2.051659160667384,-0.048721617026107555
1990-02-14,7.8718,2.0632867529231365,0.011627592255752273
1990-02-15,7.68152,2.038817444243328,-0.024469308679808677
1990-02-16,7.7808,2.051659160667384,0.012841716424056404
1990-02-20,7.97099,2.0758087008972637,0.024149540229879474
1990-02-21,7.7808,2.051659160667384,-0.024149540229879474
1990-02-22,7.8718,2.0632867529231365,0.011627592255752273
1990-02-23,7.68152,2.038817444243328,-0.024469308679808677
1990-02-26,7.48313,2.012651153658797,-0.02616629058453057
1990-02-27,7.38384,1.9992938284934136,-0.013357325165383571
1990-02-28,7.58233,2.025820540283107,0.026526711789693458
1990-03-01,7.38384,1.9992938284934136,-0.026526711789693458
1990-03-02,7.58233,2.025820540283107,0.026526711789693458
1990-03-05,7.38384,1.9992938284934136,-0.026526711789693458
1990-03-06,7.48313,2.012651153658797,0.013357325165383571
1990-03-07,7.28456,1.9857570397448878,-0.02689411391390939
1990-03-08,7.48313,2.012651153658797,0.02689411391390939
1990-03-09,7.38384,1.9992938284934136,-0.013357325165383571
1990-03-12,7.38384,1.9992938284934136,0.0
1990-03-13,7.48313,2.012651153658797,0.013357325165383571
1990-03-14,7.38384,1.9992938284934136,-0.013357325165383571
1990-03-15,7.48313,2.012651153658797,0.013357325165383571
1990-03-16,7.58233,2.025820540283107,0.013169386624309887
1990-03-19,7.97099,2.0758087008972637,0.04998816061415656
1990-03-20,7.48313,2.012651153658797,-0.06315754723846645
1990-03-21,7.28456,1.9857570397448878,-0.02689411391390939
1990-03-22,7.38384,1.9992938284934136,0.013536788748525819
1990-03-23,7.18536,1.9720456226599392,-0.027248205833474426
1990-03-26,6.7886,1.9152447347444281,-0.05680088791551108
1990-03-27,6.88769,1.929735760305437,0.014491025561008897
1990-03-28,6.71427,1.9042351122264745,-0.025500648078962573
1990-03-29,6.81327,1.918872181125169,0.014637068898694539
1990-03-30,6.71427,1.9042351122264745,-0.014637068898694539
1990-04-02,6.5157,1.8742146491642477,-0.03002046306222672
1990-04-03,6.6146,1.8892793271067203,0.01506467794247257
1990-04-04,6.5157,1.8742146491642477,-0.01506467794247257
1990-04-05,6.6146,1.8892793271067203,0.01506467794247257
1990-04-06,6.71427,1.9042351122264745,0.01495578511975415
1990-04-09,6.41641,1.8588587712656621,-0.045376340960812334
1990-04-10,6.5157,1.8742146491642477,0.015355877898585613
1990-04-11,6.31703,1.8432491609950443,-0.030965488169203415
1990-04-12,6.31703,1.8432491609950443,0.0
1990-04-16,6.21774,1.8274064966741974,-0.01584266432084691
1990-04-17,5.92055,1.7784293499858799,-0.04897714668831754
1990-04-18,5.63088,1.7282657354433828,-0.05016361454249707
1990-04-19,5.4327,1.6924362479332693,-0.0358294875101135
1990-04-20,5.03544,1.616500910634418,-0.07593533729885138
1990-04-23,5.13473,1.6360272616670661,0.019526351032648215
1990-04-24,5.23392,1.655160519314031,0.01913325764696494
1990-04-25,5.03544,1.616500910634418,-0.038659608679613156
1990-04-26,5.13473,1.6360272616670661,0.019526351032648215
1990-04-27,5.03544,1.616500910634418,-0.019526351032648215
1990-04-30,4.83745,1.5763877223851714,-0.04011318824924648
1990-05-01,5.03544,1.616500910634418,0.04011318824924648
1990-05-02,4.93644,1.5966444236351256,-0.019856486999292322
1990-05-03,5.13473,1.6360272616670661,0.03938283803194054
1990-05-04,5.03544,1.616500910634418,-0.019526351032648215
1990-05-07,5.23392,1.655160519314031,0.038659608679613156
1990-05-08,5.23392,1.655160519314031,0.0
1990-05-09,5.23392,1.655160519314031,0.0
1990-05-10,5.63088,1.7282657354433828,0.07310521612935172
1990-05-11,5.4327,1.6924362479332693,-0.0358294875101135
1990-05-14,5.63088,1.7282657354433828,0.0358294875101135
1990-05-15,5.63088,1.7282657354433828,0.0
1990-05-16,5.63088,1.7282657354433828,0.0
1990-05-17,5.73036,1.7457783559782316,0.01751262053484881
1990-05-18,6.01955,1.7950125056961823,0.049234149717950704
1990-05-21,5.92055,1.7784293499858799,-0.016583155710302444
1990-05-22,6.41641,1.8588587712656621,0.08042942127978225
1990-05-23,5.63088,1.7282657354433828,-0.13059303582227932
1990-05-24,5.5316,1.7104771046083662,-0.017788630835016583
1990-05-25,5.23392,1.655160519314031,-0.05531658529433514
1990-05-29,5.23392,1.655160519314031,0.0
1990-05-30,5.23392,1.655160519314031,0.0
1990-05-31,5.5316,1.7104771046083662,0.05531658529433514
1990-06-01,5.23392,1.655160519314031,-0.05531658529433514
1990-06-04,5.3335,1.6740076830834005,0.018847163769369457
1990-06-05,5.4327,1.6924362479332693,0.018428564849868767
1990-06-06,5.3335,1.6740076830834005,-0.018428564849868767
1990-06-07,5.13473,1.6360272616670661,-0.0379804214163344
1990-06-08,5.23392,1.655160519314031,0.01913325764696494
1990-06-11,5.3335,1.6740076830834005,0.018847163769369457
1990-06-12,5.4327,1.6924362479332693,0.018428564849868767
1990-06-13,5.23392,1.655160519314031,-0.037275728619238224
1990-06-14,5.03544,1.616500910634418,-0.038659608679613156
1990-06-15,5.03544,1.616500910634418,0.0
1990-06-18,5.03544,1.616500910634418,0.0
1990-06-19,5.13473,1.6360272616670661,0.019526351032648215
1990-06-20,5.23392,1.655160519314031,0.01913325764696494
1990-06-21,5.3335,1.6740076830834005,0.018847163769369457
1990-06-22,5.5316,1.7104771046083662,0.036469421524965684
1990-06-25,5.5316,1.7104771046083662,0.0
1990-06-26,5.23392,1.655160519314031,-0.05531658529433514
1990-06-27,5.23392,1.655160519314031,0.0
1990-06-28,5.3335,1.6740076830834005,0.018847163769369457
1990-06-29,5.4327,1.6924362479332693,0.018428564849868767
1990-07-02,5.4327,1.6924362479332693,0.0
1990-07-03,5.5316,1.7104771046083662,0.018040856675096917
1990-07-05,5.4327,1.6924362479332693,-0.018040856675096917
1990-07-06,5.23392,1.655160519314031,-0.037275728619238224
1990-07-09,5.23392,1.655160519314031,0.0
1990-07-10,5.03544,1.616500910634418,-0.038659608679613156
1990-07-11,5.23392,1.655160519314031,0.038659608679613156
1990-07-12,5.3335,1.6740076830834005,0.018847163769369457
1990-07-13,5.73036,1.7457783559782316,0.07177067289483108
1990-07-16,5.82117,1.7615012724671724,0.015722916488940752
1990-07-17,5.73036,1.7457783559782316,-0.015722916488940752
1990-07-18,5.82117,1.7615012724671724,0.015722916488940752
1990-07-19,5.82117,1.7615012724671724,0.0
1990-07-20,5.73036,1.7457783559782316,-0.015722916488940752
1990-07-23,5.73036,1.7457783559782316,0.0
1990-07-24,5.73036,1.7457783559782316,0.0
1990-07-25,5.63088,1.7282657354433828,-0.01751262053484881
1990-07-26,5.4327,1.6924362479332693,-0.0358294875101135
1990-07-27,5.63088,1.7282657354433828,0.0358294875101135
1990-07-30,5.5316,1.7104771046083662,-0.017788630835016583
1990-07-31,5.73036,1.7457783559782316,0.035301251369865394
1990-08-01,5.63088,1.7282657354433828,-0.01751262053484881
1990-08-02,5.63088,1.7282657354433828,0.0
1990-08-03,5.5316,1.7104771046083662,-0.017788630835016583
1990-08-06,5.73036,1.7457783559782316,0.035301251369865394
1990-08-07,5.4327,1.6924362479332693,-0.05334210804496231
1990-08-08,5.3335,1.6740076830834005,-0.018428564849868767
1990-08-09,5.5316,1.7104771046083662,0.036469421524965684
1990-08-10,6.21774,1.8274064966741974,0.1169293920658312
1990-08-13,6.31703,1.8432491609950443,0.01584266432084691
1990-08-14,6.11855,1.8113251403477622,-0.03192402064728217
1990-08-15,6.11855,1.8113251403477622,0.0
1990-08-16,5.82117,1.7615012724671724,-0.04982386788058979
1990-08-17,5.92055,1.7784293499858799,0.016928077518707507
1990-08-20,5.82117,1.7615012724671724,-0.016928077518707507
1990-08-21,5.82117,1.7615012724671724,0.0
1990-08-22,5.82117,1.7615012724671724,0.0
1990-08-23,6.01955,1.7950125056961823,0.03351123322900995
1990-08-24,5.82117,1.7615012724671724,-0.03351123322900995
1990-08-27,5.5316,1.7104771046083662,-0.051024167858806146
1990-08-28,5.4327,1.6924362479332693,-0.018040856675096917
1990-08-29,5.3335,1.6740076830834005,-0.018428564849868767
1990-08-30,5.3335,1.6740076830834005,0.0
1990-08-31,5.3335,1.6740076830834005,0.0
1990-09-04,5.03544,1.616500910634418,-0.05750677244898261
1990-09-05,5.03544,1.616500910634418,0.0
1990-09-06,5.13473,1.6360272616670661,0.019526351032648215
1990-09-07,5.23392,1.655160519314031,0.01913325764696494
1990-09-10,4.93644,1.5966444236351256,-0.05851609567890548
1990-09-11,5.03544,1.616500910634418,0.019856486999292322
1990-09-12,4.93644,1.5966444236351256,-0.019856486999292322
1990-09-13,4.83745,1.5763877223851714,-0.020256701249954157
1990-09-14,4.93644,1.5966444236351256,0.020256701249954157
1990-09-17,5.23392,1.655160519314031,0.05851609567890548
1990-09-18,5.03544,1.616500910634418,-0.038659608679613156
1990-09-19,4.83745,1.5763877223851714,-0.04011318824924648
1990-09-20,4.93644,1.5966444236351256,0.020256701249954157
1990-09-21,5.13473,1.6360272616670661,0.03938283803194054
1990-09-24,5.3335,1.6740076830834005,0.0379804214163344
1990-09-25,5.13473,1.6360272616670661,-0.0379804214163344
1990-09-26,5.23392,1.655160519314031,0.01913325764696494
1990-09-27,5.13473,1.6360272616670661,-0.01913325764696494
1990-09-28,5.03544,1.616500910634418,-0.019526351032648215
1990-10-01,4.83745,1.5763877223851714,-0.04011318824924648
1990-10-02,4.83745,1.5763877223851714,0.0
1990-10-03,4.93644,1.5966444236351256,0.020256701249954157
1990-10-04,4.93644,1.5966444236351256,0.0
1990-10-05,4.73797,1.5556087739309843,-0.04103564970414131
1990-10-08,4.73797,1.5556087739309843,0.0
1990-10-09,4.53968,1.5128565249876038,-0.04275224894338048
1990-10-10,4.34082,1.468063270357548,-0.04479325463005579
1990-10-11,4.44,1.4906543764441336,0.022591106086585544
1990-10-12,4.44,1.4906543764441336,0.0
1990-10-15,4.14262,1.4213284379135,-0.06932593853063351
1990-10-16,4.05142,1.3990674369505223,-0.022261000962977784
1990-10-17,4.05142,1.3990674369505223,0.0
1990-10-18,4.05142,1.3990674369505223,0.0
1990-10-19,3.95243,1.3743305796347303,-0.024736857315792005
1990-10-22,3.75395,1.3228086189493515,-0.05152196068537873
1990-10-23,3.75395,1.3228086189493515,0.0
1990-10-24,3.85325,1.348916948044692,0.026108329095340554
1990-10-25,3.85325,1.348916948044692,0.0
1990-10-26,3.75395,1.3228086189493515,-0.026108329095340554
1990-10-29,3.75395,1.3228086189493515,0.0
1990-10-30,4.05142,1.3990674369505223,0.07625881800117074
1990-10-31,3.85325,1.348916948044692,-0.05015048890583018
1990-11-01,3.85325,1.348916948044692,0.0
1990-11-02,3.65496,1.296085149229408,-0.05283179881528399
1990-11-05,3.65496,1.296085149229408,0.0
1990-11-06,3.85325,1.348916948044692,0.05283179881528399
1990-11-07,4.63868,1.5344298430066472,0.1855128949619551
1990-11-08,4.73797,1.5556087739309843,0.02117893092433709
1990-11-09,4.83745,1.5763877223851714,0.02077894845418715
1990-11-12,4.83745,1.5763877223851714,0.0
1990-11-13,4.73797,1.5556087739309843,-0.02077894845418715
1990-11-14,4.53968,1.5128565249876038,-0.04275224894338048
1990-11-15,4.73797,1.5556087739309843,0.04275224894338048
1990-11-16,4.73797,1.5556087739309843,0.0
1990-11-19,4.53968,1.5128565249876038,-0.04275224894338048
1990-11-20,4.24162,1.4449452717433182,-0.0679112532442856
1990-11-21,4.24162,1.4449452717433182,0.0
1990-11-23,4.24162,1.4449452717433182,0.0
1990-11-26,4.34082,1.468063270357548,0.023117998614229807
1990-11-27,4.34082,1.468063270357548,0.0
1990-11-28,4.24162,1.4449452717433182,-0.023117998614229807
1990-11-29,4.24162,1.4449452717433182,0.0
1990-11-30,4.24162,1.4449452717433182,0.0
1990-12-03,4.05142,1.3990674369505223,-0.045877834792795946
1990-12-04,4.14262,1.4213284379135,0.022261000962977784
1990-12-05,4.14262,1.4213284379135,0.0
1990-12-06,4.14262,1.4213284379135,0.0
1990-12-07,4.14262,1.4213284379135,0.0
1990-12-10,4.24162,1.4449452717433182,0.023616833829818162
1990-12-11,4.14262,1.4213284379135,-0.023616833829818162
1990-12-12,4.14262,1.4213284379135,0.0
1990-12-13,4.05142,1.3990674369505223,-0.022261000962977784
1990-12-14,4.14262,1.4213284379135,0.022261000962977784
1990-12-17,4.24162,1.4449452717433182,0.023616833829818162
1990-12-18,4.14262,1.4213284379135,-0.023616833829818162
1990-12-19,4.34082,1.468063270357548,0.04673483244404797
1990-12-20,4.34082,1.468063270357548,0.0
1990-12-21,4.44,1.4906543764441336,0.022591106086585544
1990-12-24,4.53968,1.5128565249876038,0.022202148543470246
1990-12-26,4.44,1.4906543764441336,-0.022202148543470246
1990-12-27,4.53968,1.5128565249876038,0.022202148543470246
1990-12-28,4.73797,1.5556087739309843,0.04275224894338048
1990-12-31,4.83745,1.5763877223851714,0.02077894845418715
1991-01-02,4.53968,1.5128565249876038,-0.06353119739756763
1991-01-03,4.63868,1.5344298430066472,0.021573318019043386
1991-01-04,4.63868,1.5344298430066472,0.0
1991-01-07,4.83745,1.5763877223851714,0.04195787937852424
1991-01-08,4.83745,1.5763877223851714,0.0
1991-01-09,4.73797,1.5556087739309843,-0.02077894845418715
1991-01-10,4.83745,1.5763877223851714,0.02077894845418715
1991-01-11,4.73797,1.5556087739309843,-0.02077894845418715
1991-01-14,4.83745,1.5763877223851714,0.02077894845418715
1991-01-15,4.63868,1.5344298430066472,-0.04195787937852424
1991-01-16,4.83745,1.5763877223851714,0.04195787937852424
1991-01-17,4.34082,1.468063270357548,-0.10832445202762342
1991-01-18,4.34082,1.468063270357548,0.0
1991-01-21,4.34082,1.468063270357548,0.0
1991-01-22,4.24162,1.4449452717433182,-0.023117998614229807
1991-01-23,4.24162,1.4449452717433182,0.0
1991-01-24,4.24162,1.4449452717433182,0.0
1991-01-25,4.24162,1.4449452717433182,0.0
1991-01-28,4.14262,1.4213284379135,-0.023616833829818162
1991-01-29,4.24162,1.4449452717433182,0.023616833829818162
1991-01-30,4.05142,1.3990674369505223,-0.045877834792795946
1991-01-31,4.05142,1.3990674369505223,0.0
1991-02-01,3.95243,1.3743305796347303,-0.024736857315792005
1991-02-04,4.05142,1.3990674369505223,0.024736857315792005
1991-02-05,3.85325,1.348916948044692,-0.05015048890583018
1991-02-06,3.75395,1.3228086189493515,-0.026108329095340554
1991-02-07,3.95243,1.3743305796347303,0.05152196068537873
1991-02-08,3.95243,1.3743305796347303,0.0
1991-02-11,3.75395,1.3228086189493515,-0.05152196068537873
1991-02-12,3.85325,1.348916948044692,0.026108329095340554
1991-02-13,3.95243,1.3743305796347303,0.025413631590038177
1991-02-14,4.05142,1.3990674369505223,0.024736857315792005
1991-02-15,4.05142,1.3990674369505223,0.0
1991-02-19,3.95243,1.3743305796347303,-0.024736857315792005
1991-02-20,3.85325,1.348916948044692,-0.025413631590038177
1991-02-21,3.85325,1.348916948044692,0.0
1991-02-22,3.65496,1.296085149229408,-0.05283179881528399
1991-02-25,3.75395,1.3228086189493515,0.026723469719943438
1991-02-26,4.05142,1.3990674369505223,0.07625881800117074
1991-02-27,3.95243,1.3743305796347303,-0.024736857315792005
1991-02-28,4.24162,1.4449452717433182,0.07061469210858795
1991-03-01,4.24162,1.4449452717433182,0.0
1991-03-04,4.34082,1.468063270357548,0.023117998614229807
1991-03-05,4.14262,1.4213284379135,-0.04673483244404797
1991-03-06,4.05142,1.3990674369505223,-0.022261000962977784
1991-03-07,4.05142,1.3990674369505223,0.0
1991-03-08,4.24162,1.4449452717433182,0.045877834792795946
1991-03-11,4.14262,1.4213284379135,-0.023616833829818162
1991-03-12,4.53968,1.5128565249876038,0.09152808707410376
1991-03-13,4.73797,1.5556087739309843,0.04275224894338048
1991-03-14,4.83745,1.5763877223851714,0.02077894845418715
1991-03-15,4.73797,1.5556087739309843,-0.02077894845418715
1991-03-18,4.73797,1.5556087739309843,0.0
1991-03-19,4.73797,1.5556087739309843,0.0
1991-03-20,4.63868,1.5344298430066472,-0.02117893092433709
1991-03-21,4.44,1.4906543764441336,-0.04377546656251363
1991-03-22,4.05142,1.3990674369505223,-0.0915869394936113
1991-03-25,4.05142,1.3990674369505223,0.0
1991-03-26,3.86144,1.3510401709030988,-0.04802726604742347
1991-03-27,3.86144,1.3510401709030988,0.0
1991-03-28,3.76224,1.3250145246972391,-0.026025646205859676
1991-04-01,4.06011,1.4012100668426755,0.07619554214543633
1991-04-02,3.96072,1.376425826921285,-0.02478423992139045
1991-04-03,4.1592,1.425322748087369,0.048896921166083906
1991-04-04,3.96072,1.376425826921285,-0.048896921166083906
1991-04-05,4.06011,1.4012100668426755,0.02478423992139045
1991-04-08,3.96072,1.376425826921285,-0.02478423992139045
1991-04-09,4.1592,1.425322748087369,0.048896921166083906
1991-04-10,4.1592,1.425322748087369,0.0
1991-04-11,4.06011,1.4012100668426755,-0.024112681244693457
1991-04-12,4.06011,1.4012100668426755,0.0
1991-04-15,4.06011,1.4012100668426755,0.0
1991-04-16,4.1592,1.425322748087369,0.024112681244693457
1991-04-17,4.06011,1.4012100668426755,-0.024112681244693457
1991-04-18,4.06011,1.4012100668426755,0.0
1991-04-19,4.06011,1.4012100668426755,0.0
1991-04-22,3.76224,1.3250145246972391,-0.07619554214543633
1991-04-23,4.06011,1.4012100668426755,0.07619554214543633
1991-04-24,3.96072,1.376425826921285,-0.02478423992139045
1991-04-25,3.86144,1.3510401709030988,-0.02538565601818621
1991-04-26,3.96072,1.376425826921285,0.02538565601818621
1991-04-29,3.76224,1.3250145246972391,-0.051411302224045885
1991-04-30,4.06011,1.4012100668426755,0.07619554214543633
1991-05-01,3.86144,1.3510401709030988,-0.05016989593957666
1991-05-02,4.06011,1.4012100668426755,0.05016989593957666
1991-05-03,3.86144,1.3510401709030988,-0.05016989593957666
1991-05-06,4.06011,1.4012100668426755,0.05016989593957666
1991-05-07,3.96072,1.376425826921285,-0.02478423992139045
1991-05-08,3.76224,1.3250145246972391,-0.051411302224045885
1991-05-09,3.76224,1.3250145246972391,0.0
1991-05-10,3.76224,1.3250145246972391,0.0
1991-05-13,3.86144,1.3510401709030988,0.026025646205859676
1991-05-14,3.76224,1.3250145246972391,-0.026025646205859676
1991-05-15,3.86144,1.3510401709030988,0.026025646205859676
1991-05-16,3.86144,1.3510401709030988,0.0
1991-05-17,3.86144,1.3510401709030988,0.0
1991-05-20,3.67095,1.3004504841549833,-0.05058968674811548
1991-05-21,3.67095,1.3004504841549833,0.0
1991-05-22,3.47306,1.2450360497428532,-0.05541443441213012
1991-05-23,3.57215,1.2731676554136346,0.028131605670781434
1991-05-24,3.67095,1.3004504841549833,0.027282828741348686
1991-05-28,3.76224,1.3250145246972391,0.024564040542255805
1991-05-29,3.57215,1.2731676554136346,-0.05184686928360449
1991-05-30,3.76224,1.3250145246972391,0.05184686928360449
1991-05-31,3.86144,1.3510401709030988,0.026025646205859676
1991-06-03,3.76224,1.3250145246972391,-0.026025646205859676
1991-06-04,3.96072,1.376425826921285,0.051411302224045885
1991-06-05,3.96072,1.376425826921285,0.0
1991-06-06,4.1592,1.425322748087369,0.048896921166083906
1991-06-07,4.1592,1.425322748087369,0.0
1991-06-10,4.25839,1.4488911545738226,0.02356840648645364
1991-06-11,4.1592,1.425322748087369,-0.02356840648645364
1991-06-12,4.1592,1.425322748087369,0.0
1991-06-13,4.1592,1.425322748087369,0.0
1991-06-14,4.06011,1.4012100668426755,-0.024112681244693457
1991-06-17,4.1592,1.425322748087369,0.024112681244693457
1991-06-18,4.25839,1.4488911545738226,0.02356840648645364
1991-06-19,4.25839,1.4488911545738226,0.0
1991-06-20,3.96072,1.376425826921285,-0.07246532765253755
1991-06-21,3.7125,1.311705504128818,-0.06472032279246709
1991-06-24,3.76224,1.3250145246972391,0.013309020568421204
1991-06-25,3.76224,1.3250145246972391,0.0
1991-06-26,3.86144,1.3510401709030988,0.026025646205859676
1991-06-27,3.76224,1.3250145246972391,-0.026025646205859676
1991-06-28,4.1592,1.425322748087369,0.10030822339012979
1991-07-01,3.96072,1.376425826921285,-0.048896921166083906
1991-07-02,3.86144,1.3510401709030988,-0.02538565601818621
1991-07-03,4.1592,1.425322748087369,0.07428257718427012
1991-07-05,4.10985,1.4133865314917702,-0.011936216595598736
1991-07-08,4.06011,1.4012100668426755,-0.01217646464909472
1991-07-09,4.06011,1.4012100668426755,0.0
1991-07-10,3.86144,1.3510401709030988,-0.05016989593957666
1991-07-11,3.76224,1.3250145246972391,-0.026025646205859676
1991-07-12,4.1592,1.425322748087369,0.10030822339012979
1991-07-15,4.25839,1.4488911545738226,0.02356840648645364
1991-07-16,3.96072,1.376425826921285,-0.07246532765253755
1991-07-17,3.96072,1.376425826921285,0.0
1991-07-18,4.1592,1.425322748087369,0.048896921166083906
1991-07-19,4.06011,1.4012100668426755,-0.024112681244693457
1991-07-22,3.96072,1.376425826921285,-0.02478423992139045
1991-07-23,4.06011,1.4012100668426755,0.02478423992139045
1991-07-24,3.96072,1.376425826921285,-0.02478423992139045
1991-07-25,3.86144,1.3510401709030988,-0.02538565601818621
1991-07-26,4.06011,1.4012100668426755,0.05016989593957666
1991-07-29,3.86144,1.3510401709030988,-0.05016989593957666
1991-07-30,3.86144,1.3510401709030988,0.0
1991-07-31,3.86144,1.3510401709030988,0.0
1991-08-01,3.86144,1.3510401709030988,0.0
1991-08-02,3.86144,1.3510401709030988,0.0
1991-08-05,3.76224,1.3250145246972391,-0.026025646205859676
1991-08-06,3.76224,1.3250145246972391,0.0
1991-08-07,3.76224,1.3250145246972391,0.0
1991-08-08,3.96072,1.376425826921285,0.051411302224045885
1991-08-09,3.86144,1.3510401709030988,-0.02538565601818621
1991-08-12,3.86144,1.3510401709030988,0.0
1991-08-13,3.76224,1.3250145246972391,-0.026025646205859676
1991-08-14,3.81198,1.3381487391884757,0.013134214491236529
1991-08-15,3.76224,1.3250145246972391,-0.013134214491236529
1991-08-16,3.67095,1.3004504841549833,-0.024564040542255805
1991-08-19,3.86144,1.3510401709030988,0.05058968674811548
1991-08-20,3.86144,1.3510401709030988,0.0
1991-08-21,3.67095,1.3004504841549833,-0.05058968674811548
1991-08-22,3.57215,1.2731676554136346,-0.027282828741348686
1991-08-23,3.47306,1.2450360497428532,-0.028131605670781434
1991-08-26,3.57215,1.2731676554136346,0.028131605670781434
1991-08-27,3.47306,1.2450360497428532,-0.028131605670781434
1991-08-28,3.67095,1.3004504841549833,0.05541443441213012
1991-08-29,3.57215,1.2731676554136346,-0.027282828741348686
1991-08-30,3.27448,1.1861590778546005,-0.08700857755903413
1991-09-03,3.47306,1.2450360497428532,0.058876971888252694
1991-09-04,3.57215,1.2731676554136346,0.028131605670781434
1991-09-05,3.42332,1.2306108404254343,-0.0425568149882003
1991-09-06,3.47306,1.2450360497428532,0.014425209317418863
1991-09-09,3.37357,1.215971530833012,-0.029064518909841297
1991-09-10,3.37357,1.215971530833012,0.0
1991-09-11,3.37357,1.215971530833012,0.0
1991-09-12,3.17499,1.1553044827333958,-0.060667048099616094
1991-09-13,3.17499,1.1553044827333958,0.0
1991-09-16,3.17499,1.1553044827333958,0.0
1991-09-17,3.17499,1.1553044827333958,0.0
1991-09-18,3.27448,1.1861590778546005,0.030854595121204698
1991-09-19,3.17499,1.1553044827333958,-0.030854595121204698
1991-09-20,3.17499,1.1553044827333958,0.0
1991-09-23,3.27448,1.1861590778546005,0.030854595121204698
1991-09-24,3.17499,1.1553044827333958,-0.030854595121204698
1991-09-25,3.07591,1.1236007924377178,-0.03170369029567799
1991-09-26,2.87762,1.0569635636114323,-0.06663722882628553
1991-09-27,2.87762,1.0569635636114323,0.0
1991-09-30,3.07591,1.1236007924377178,0.06663722882628553
1991-10-01,2.97661,1.0907850690850056,-0.03281572335271221
1991-10-02,2.97661,1.0907850690850056,0.0
1991-10-03,3.17499,1.1553044827333958,0.0645194136483902
1991-10-04,3.12535,1.1395462769168332,-0.01575820581656262
1991-10-07,3.07591,1.1236007924377178,-0.015945484479115368
1991-10-08,3.07591,1.1236007924377178,0.0
1991-10-09,3.17499,1.1553044827333958,0.03170369029567799
1991-10-10,3.17499,1.1553044827333958,0.0
1991-10-11,3.47306,1.2450360497428532,0.08973156700945739
1991-10-14,3.47306,1.2450360497428532,0.0
1991-10-15,3.17499,1.1553044827333958,-0.08973156700945739
1991-10-16,3.17499,1.1553044827333958,0.0
1991-10-17,3.37357,1.215971530833012,0.060667048099616094
1991-10-18,3.37357,1.215971530833012,0.0
1991-10-21,3.47306,1.2450360497428532,0.029064518909841297
1991-10-22,3.37357,1.215971530833012,-0.029064518909841297
1991-10-23,3.27448,1.1861590778546005,-0.029812452978411397
1991-10-24,3.27448,1.1861590778546005,0.0
1991-10-25,3.07591,1.1236007924377178,-0.06255828541688269
1991-10-28,2.97661,1.0907850690850056,-0.03281572335271221
1991-10-29,2.97661,1.0907850690850056,0.0
1991-10-30,2.97661,1.0907850690850056,0.0
1991-10-31,2.97661,1.0907850690850056,0.0
1991-11-01,2.97661,1.0907850690850056,0.0
1991-11-04,2.97661,1.0907850690850056,0.0
1991-11-05,2.97661,1.0907850690850056,0.0
1991-11-06,3.07591,1.1236007924377178,0.03281572335271221
1991-11-07,2.97661,1.0907850690850056,-0.03281572335271221
1991-11-08,2.97661,1.0907850690850056,0.0
1991-11-11,3.27448,1.1861590778546005,0.0953740087695949
1991-11-12,3.17499,1.1553044827333958,-0.030854595121204698
1991-11-13,3.42332,1.2306108404254343,0.07530635769203853
1991-11-14,3.67095,1.3004504841549833,0.06983964372954898
1991-11-15,3.76224,1.3250145246972391,0.024564040542255805
1991-11-18,3.47306,1.2450360497428532,-0.07997847495438593
1991-11-19,3.47306,1.2450360497428532,0.0
1991-11-20,3.37357,1.215971530833012,-0.029064518909841297
1991-11-21,3.47306,1.2450360497428532,0.029064518909841297
1991-11-22,3.67095,1.3004504841549833,0.05541443441213012
1991-11-25,3.67095,1.3004504841549833,0.0
1991-11-26,3.47306,1.2450360497428532,-0.05541443441213012
1991-11-27,3.37357,1.215971530833012,-0.029064518909841297
1991-11-29,3.57215,1.2731676554136346,0.05719612458062273
1991-12-02,3.47306,1.2450360497428532,-0.028131605670781434
1991-12-03,3.37357,1.215971530833012,-0.029064518909841297
1991-12-04,3.37357,1.215971530833012,0.0
1991-12-05,3.47306,1.2450360497428532,0.029064518909841297
1991-12-06,3.57215,1.2731676554136346,0.028131605670781434
1991-12-09,3.47306,1.2450360497428532,-0.028131605670781434
1991-12-10,3.52251,1.2591738036795004,0.01413775393664718
1991-12-11,3.37357,1.215971530833012,-0.043202272846488476
1991-12-12,3.27448,1.1861590778546005,-0.029812452978411397
1991-12-13,3.17499,1.1553044827333958,-0.030854595121204698
1991-12-16,3.07591,1.1236007924377178,-0.03170369029567799
1991-12-17,3.07591,1.1236007924377178,0.0
1991-12-18,2.97661,1.0907850690850056,-0.03281572335271221
1991-12-19,2.87762,1.0569635636114323,-0.03382150547357332
1991-12-20,2.97661,1.0907850690850056,0.03382150547357332
1991-12-23,2.92697,1.073967758255105,-0.016817310829900567
1991-12-24,2.87762,1.0569635636114323,-0.017004194643672754
1991-12-26,2.87762,1.0569635636114323,0.0
1991-12-27,2.77823,1.0218140342814996,-0.03514952932993265
1991-12-30,2.77823,1.0218140342814996,0.0
1991-12-31,3.02626,1.107327533684333,0.08551349940283326
1992-01-02,3.07591,1.1236007924377178,0.016273258753384923
1992-01-03,3.22455,1.1707934056281173,0.04719261319039947
1992-01-06,3.27448,1.1861590778546005,0.015365672226483218
1992-01-07,3.07591,1.1236007924377178,-0.06255828541688269
1992-01-08,2.97661,1.0907850690850056,-0.03281572335271221
1992-01-09,3.17499,1.1553044827333958,0.0645194136483902
1992-01-10,3.27448,1.1861590778546005,0.030854595121204698
1992-01-13,3.07591,1.1236007924377178,-0.06255828541688269
1992-01-14,3.07591,1.1236007924377178,0.0
1992-01-15,3.07591,1.1236007924377178,0.0
1992-01-16,3.27448,1.1861590778546005,0.06255828541688269
1992-01-17,3.32392,1.2011448093148893,0.01498573146028881
1992-01-20,3.27448,1.1861590778546005,-0.01498573146028881
1992-01-21,3.17499,1.1553044827333958,-0.030854595121204698
1992-01-22,3.17499,1.1553044827333958,0.0
1992-01-23,3.17499,1.1553044827333958,0.0
1992-01-24,3.57215,1.2731676554136346,0.11786317268023883
1992-01-27,3.96072,1.376425826921285,0.10325817150765038
1992-01-28,3.57215,1.2731676554136346,-0.10325817150765038
1992-01-29,3.47306,1.2450360497428532,-0.028131605670781434
1992-01-30,3.47306,1.2450360497428532,0.0
1992-01-31,3.57215,1.2731676554136346,0.028131605670781434
1992-02-03,3.47306,1.2450360497428532,-0.028131605670781434
1992-02-04,3.47306,1.2450360497428532,0.0
1992-02-05,3.47306,1.2450360497428532,0.0
1992-02-06,3.67095,1.3004504841549833,0.05541443441213012
1992-02-07,3.57215,1.2731676554136346,-0.027282828741348686
1992-02-10,4.06011,1.4012100668426755,0.12804241142904083
1992-02-11,3.96072,1.376425826921285,-0.02478423992139045
1992-02-12,4.06011,1.4012100668426755,0.02478423992139045
1992-02-13,3.86144,1.3510401709030988,-0.05016989593957666
1992-02-14,3.76224,1.3250145246972391,-0.026025646205859676
1992-02-18,3.86144,1.3510401709030988,0.026025646205859676
1992-02-19,3.86144,1.3510401709030988,0.0
1992-02-20,3.67095,1.3004504841549833,-0.05058968674811548
1992-02-21,3.57215,1.2731676554136346,-0.027282828741348686
1992-02-24,3.67095,1.3004504841549833,0.027282828741348686
1992-02-25,3.67095,1.3004504841549833,0.0
1992-02-26,3.76224,1.3250145246972391,0.024564040542255805
1992-02-27,3.86144,1.3510401709030988,0.026025646205859676
1992-02-28,3.96072,1.376425826921285,0.02538565601818621
1992-03-02,3.76224,1.3250145246972391,-0.051411302224045885
1992-03-03,3.76224,1.3250145246972391,0.0
1992-03-04,3.67095,1.3004504841549833,-0.024564040542255805
1992-03-05,3.57215,1.2731676554136346,-0.027282828741348686
1992-03-06,3.67095,1.3004504841549833,0.027282828741348686
1992-03-09,3.67095,1.3004504841549833,0.0
1992-03-10,3.47306,1.2450360497428532,-0.05541443441213012
1992-03-11,3.76224,1.3250145246972391,0.07997847495438593
1992-03-12,3.47306,1.2450360497428532,-0.07997847495438593
1992-03-13,3.37357,1.215971530833012,-0.029064518909841297
1992-03-16,3.27448,1.1861590778546005,-0.029812452978411397
1992-03-17,3.27448,1.1861590778546005,0.0
1992-03-18,3.27448,1.1861590778546005,0.0
1992-03-19,3.37357,1.215971530833012,0.029812452978411397
1992-03-20,3.17499,1.1553044827333958,-0.060667048099616094
1992-03-23,3.17499,1.1553044827333958,0.0
1992-03-24,3.17499,1.1553044827333958,0.0
1992-03-25,3.27448,1.1861590778546005,0.030854595121204698
1992-03-26,2.97661,1.0907850690850056,-0.0953740087695949
1992-03-27,3.07591,1.1236007924377178,0.03281572335271221
1992-03-30,3.17499,1.1553044827333958,0.03170369029567799
1992-03-31,3.29067,1.1910911914603737,0.03578670872697787
1992-04-01,3.29067,1.1910911914603737,0.0
1992-04-02,3.24161,1.1760701199638164,-0.015021071496557292
1992-04-03,3.19149,1.1604878923861772,-0.015582227577639163
1992-04-06,3.29067,1.1910911914603737,0.030603299074196455
1992-04-07,3.19149,1.1604878923861772,-0.030603299074196455
1992-04-08,3.08399,1.126224213153673,-0.034263679232504174
1992-04-09,3.08399,1.126224213153673,0.0
1992-04-10,3.08399,1.126224213153673,0.0
1992-04-13,3.08399,1.126224213153673,0.0
1992-04-14,2.98499,1.0935963967552018,-0.03262781639847123
1992-04-15,2.78662,1.0248293918767946,-0.06876700487840726
1992-04-16,2.88591,1.0598402748342308,0.03501088295743626
1992-04-20,2.68743,0.988585346602937,-0.07125492823129387
1992-04-21,2.98499,1.0935963967552018,0.10501105015226486
1992-04-22,3.03465,1.1100960966093953,0.016499699854193528
1992-04-23,3.19149,1.1604878923861772,0.05039179577678188
1992-04-24,2.88591,1.0598402748342308,-0.1006476175519464
1992-04-27,2.88591,1.0598402748342308,0.0
1992-04-28,2.88591,1.0598402748342308,0.0
1992-04-29,2.98499,1.0935963967552018,0.033756121920970994
1992-04-30,3.08399,1.126224213153673,0.03262781639847123
1992-05-01,2.88591,1.0598402748342308,-0.06638393831944223
1992-05-04,2.88591,1.0598402748342308,0.0
1992-05-05,2.98499,1.0935963967552018,0.033756121920970994
1992-05-06,2.88591,1.0598402748342308,-0.033756121920970994
1992-05-07,2.98499,1.0935963967552018,0.033756121920970994
1992-05-08,2.88591,1.0598402748342308,-0.033756121920970994
1992-05-11,2.88591,1.0598402748342308,0.0
1992-05-12,3.19149,1.1604878923861772,0.1006476175519464
1992-05-13,3.29067,1.1910911914603737,0.030603299074196455
1992-05-14,3.48915,1.2496581535418891,0.05856696208151546
1992-05-15,3.39035,1.2209331609007357,-0.02872499264115347
1992-05-18,3.39035,1.2209331609007357,0.0
1992-05-19,3.29067,1.1910911914603737,-0.029841969440361993
1992-05-20,3.19149,1.1604878923861772,-0.030603299074196455
1992-05-21,3.19149,1.1604878923861772,0.0
1992-05-22,3.29067,1.1910911914603737,0.030603299074196455
1992-05-26,3.24161,1.1760701199638164,-0.015021071496557292
1992-05-27,3.29067,1.1910911914603737,0.015021071496557292
1992-05-28,3.19149,1.1604878923861772,-0.030603299074196455
1992-05-29,3.29067,1.1910911914603737,0.030603299074196455
1992-06-01,3.48915,1.2496581535418891,0.05856696208151546
1992-06-02,3.39035,1.2209331609007357,-0.02872499264115347
1992-06-03,3.48915,1.2496581535418891,0.02872499264115347
1992-06-04,3.39035,1.2209331609007357,-0.02872499264115347
1992-06-05,3.48915,1.2496581535418891,0.02872499264115347
1992-06-08,3.48915,1.2496581535418891,0.0
1992-06-09,3.29067,1.1910911914603737,-0.05856696208151546
1992-06-10,3.39035,1.2209331609007357,0.029841969440361993
1992-06-11,3.58845,1.277720354392563,0.05678719349182737
1992-06-12,3.78682,1.3315266167628244,0.053806262370261315
1992-06-15,3.78682,1.3315266167628244,0.0
1992-06-16,3.78682,1.3315266167628244,0.0
1992-06-17,3.58845,1.277720354392563,-0.053806262370261315
1992-06-18,3.58845,1.277720354392563,0.0
1992-06-19,3.39035,1.2209331609007357,-0.05678719349182737
1992-06-22,3.39035,1.2209331609007357,0.0
1992-06-23,3.58845,1.277720354392563,0.05678719349182737
1992-06-24,3.39035,1.2209331609007357,-0.05678719349182737
1992-06-25,3.58845,1.277720354392563,0.05678719349182737
1992-06-26,3.53899,1.263841375702369,-0.013878978690194055
1992-06-29,3.48915,1.2496581535418891,-0.014183222160479847
1992-06-30,3.48915,1.2496581535418891,0.0
1992-07-01,3.48915,1.2496581535418891,0.0
1992-07-02,3.68792,1.3050626134851036,0.05540445994321441
1992-07-06,3.98549,1.382660265787222,0.07759765230211846
1992-07-07,3.98549,1.382660265787222,0.0
1992-07-08,3.98549,1.382660265787222,0.0
1992-07-09,3.98549,1.382660265787222,0.0
1992-07-10,4.08459,1.4072213560777798,0.024561090290557752
1992-07-13,4.08459,1.4072213560777798,0.0
1992-07-14,4.23352,1.4430337983124917,0.035812442234711916
1992-07-15,4.28327,1.4547167365715874,0.011682938259095721
1992-07-16,4.18397,1.431260556564832,-0.023456180006755423
1992-07-17,4.33252,1.466149358869329,0.03488880230449709
1992-07-20,4.28327,1.4547167365715874,-0.011432622297741668
1992-07-21,4.38245,1.477607928735049,0.022891192163461582
1992-07-22,4.38245,1.477607928735049,0.0
1992-07-23,4.28327,1.4547167365715874,-0.022891192163461582
1992-07-24,4.38245,1.477607928735049,0.022891192163461582
1992-07-27,4.18397,1.431260556564832,-0.046347372170217005
1992-07-28,4.23352,1.4430337983124917,0.011773241747659702
1992-07-29,3.98549,1.382660265787222,-0.06037353252526967
1992-07-30,3.98549,1.382660265787222,0.0
1992-07-31,3.98549,1.382660265787222,0.0
1992-08-03,3.78682,1.3315266167628244,-0.051133649024397654
1992-08-04,3.98549,1.382660265787222,0.051133649024397654
1992-08-05,3.88631,1.357460121319571,-0.025200144467651064
1992-08-06,3.88631,1.357460121319571,0.0
1992-08-07,3.93556,1.3700531843233077,0.012593063003736749
1992-08-10,3.88631,1.357460121319571,-0.012593063003736749
1992-08-11,3.68792,1.3050626134851036,-0.052397507834467394
1992-08-12,3.58845,1.277720354392563,-0.02734225909254051
1992-08-13,3.48915,1.2496581535418891,-0.028062200850673902
1992-08-14,3.68792,1.3050626134851036,0.05540445994321441
1992-08-17,3.78682,1.3315266167628244,0.026464003277720805
1992-08-18,3.58845,1.277720354392563,-0.053806262370261315
1992-08-19,3.78682,1.3315266167628244,0.053806262370261315
1992-08-20,3.78682,1.3315266167628244,0.0
1992-08-21,3.78682,1.3315266167628244,0.0
1992-08-24,3.98549,1.382660265787222,0.051133649024397654
1992-08-25,3.68792,1.3050626134851036,-0.07759765230211846
1992-08-26,3.68792,1.3050626134851036,0.0
1992-08-27,3.78682,1.3315266167628244,0.026464003277720805
1992-08-28,3.88631,1.357460121319571,0.02593350455674659
1992-08-31,3.88631,1.357460121319571,0.0
1992-09-01,3.88631,1.357460121319571,0.0
1992-09-02,3.88631,1.357460121319571,0.0
1992-09-03,3.93556,1.3700531843233077,0.012593063003736749
1992-09-04,3.93556,1.3700531843233077,0.0
1992-09-08,3.98549,1.382660265787222,0.012607081463914316
1992-09-09,3.88631,1.357460121319571,-0.025200144467651064
1992-09-10,3.93556,1.3700531843233077,0.012593063003736749
1992-09-11,3.88631,1.357460121319571,-0.012593063003736749
1992-09-14,3.88631,1.357460121319571,0.0
1992-09-15,3.88631,1.357460121319571,0.0
1992-09-16,4.08459,1.4072213560777798,0.04976123475820882
1992-09-17,3.98549,1.382660265787222,-0.024561090290557752
1992-09-18,3.88631,1.357460121319571,-0.025200144467651064
1992-09-21,3.83647,1.344552672977745,-0.012907448341825889
1992-09-22,3.78682,1.3315266167628244,-0.0130260562149207
1992-09-23,3.88631,1.357460121319571,0.02593350455674659
1992-09-24,3.68792,1.3050626134851036,-0.052397507834467394
1992-09-25,3.68792,1.3050626134851036,0.0
1992-09-28,3.88631,1.357460121319571,0.052397507834467394
1992-09-29,3.88631,1.357460121319571,0.0
1992-09-30,3.88631,1.357460121319571,0.0
1992-10-01,3.88631,1.357460121319571,0.0
1992-10-02,3.73717,1.3183286405042511,-0.03913148081531981
1992-10-05,3.88631,1.357460121319571,0.03913148081531981
1992-10-06,3.78682,1.3315266167628244,-0.02593350455674659
1992-10-07,3.78682,1.3315266167628244,0.0
1992-10-08,3.78682,1.3315266167628244,0.0
1992-10-09,3.83647,1.344552672977745,0.0130260562149207
1992-10-12,3.68792,1.3050626134851036,-0.039490059492641505
1992-10-13,3.58845,1.277720354392563,-0.02734225909254051
1992-10-14,3.58845,1.277720354392563,0.0
1992-10-15,3.63828,1.2915110424998342,0.013790688107271132
1992-10-16,3.58845,1.277720354392563,-0.013790688107271132
1992-10-19,3.48915,1.2496581535418891,-0.028062200850673902
1992-10-20,3.48915,1.2496581535418891,0.0
1992-10-21,3.68792,1.3050626134851036,0.05540445994321441
1992-10-22,3.58845,1.277720354392563,-0.02734225909254051
1992-10-23,3.39035,1.2209331609007357,-0.05678719349182737
1992-10-26,3.39035,1.2209331609007357,0.0
1992-10-27,3.39035,1.2209331609007357,0.0
1992-10-28,3.4398,1.235413330160255,0.014480169259519338
1992-10-29,3.39035,1.2209331609007357,-0.014480169259519338
1992-10-30,3.39035,1.2209331609007357,0.0
1992-11-02,3.39035,1.2209331609007357,0.0
1992-11-03,3.58845,1.277720354392563,0.05678719349182737
1992-11-04,3.68792,1.3050626134851036,0.02734225909254051
1992-11-05,3.78682,1.3315266167628244,0.026464003277720805
1992-11-06,3.68792,1.3050626134851036,-0.026464003277720805
1992-11-09,3.48915,1.2496581535418891,-0.05540445994321441
1992-11-10,3.29067,1.1910911914603737,-0.05856696208151546
1992-11-11,3.48915,1.2496581535418891,0.05856696208151546
1992-11-12,3.39035,1.2209331609007357,-0.02872499264115347
1992-11-13,3.39035,1.2209331609007357,0.0
1992-11-16,3.39035,1.2209331609007357,0.0
1992-11-17,3.29067,1.1910911914603737,-0.029841969440361993
1992-11-18,3.29067,1.1910911914603737,0.0
1992-11-19,3.29067,1.1910911914603737,0.0
1992-11-20,3.29067,1.1910911914603737,0.0
1992-11-23,3.19149,1.1604878923861772,-0.030603299074196455
1992-11-24,3.08399,1.126224213153673,-0.034263679232504174
1992-11-25,3.19149,1.1604878923861772,0.034263679232504174
1992-11-27,3.29067,1.1910911914603737,0.030603299074196455
1992-11-30,3.19149,1.1604878923861772,-0.030603299074196455
1992-12-01,3.24161,1.1760701199638164,0.015582227577639163
1992-12-02,3.19149,1.1604878923861772,-0.015582227577639163
1992-12-03,3.39035,1.2209331609007357,0.06044526851455845
1992-12-04,3.39035,1.2209331609007357,0.0
1992-12-07,3.29067,1.1910911914603737,-0.029841969440361993
1992-12-08,3.29067,1.1910911914603737,0.0
1992-12-09,3.24161,1.1760701199638164,-0.015021071496557292
1992-12-10,3.24161,1.1760701199638164,0.0
1992-12-11,3.29067,1.1910911914603737,0.015021071496557292
1992-12-14,3.08399,1.126224213153673,-0.06486697830670063
1992-12-15,3.19149,1.1604878923861772,0.034263679232504174
1992-12-16,3.19149,1.1604878923861772,0.0
1992-12-17,3.58845,1.277720354392563,0.11723246200638582
1992-12-18,3.68792,1.3050626134851036,0.02734225909254051
1992-12-21,3.68792,1.3050626134851036,0.0
1992-12-22,3.39035,1.2209331609007357,-0.08412945258436788
1992-12-23,3.19149,1.1604878923861772,-0.06044526851455845
1992-12-24,3.29067,1.1910911914603737,0.030603299074196455
1992-12-28,3.29067,1.1910911914603737,0.0
1992-12-29,3.39035,1.2209331609007357,0.029841969440361993
1992-12-30,3.39035,1.2209331609007357,0.0
1992-12-31,3.39035,1.2209331609007357,0.0
1993-01-04,3.39035,1.2209331609007357,0.0
1993-01-05,3.39035,1.2209331609007357,0.0
1993-01-06,3.48915,1.2496581535418891,0.02872499264115347
1993-01-07,3.29067,1.1910911914603737,-0.05856696208151546
1993-01-08,3.39035,1.2209331609007357,0.029841969440361993
1993-01-11,3.39035,1.2209331609007357,0.0
1993-01-12,3.29067,1.1910911914603737,-0.029841969440361993
1993-01-13,3.19149,1.1604878923861772,-0.030603299074196455
1993-01-14,3.19149,1.1604878923861772,0.0
1993-01-15,3.08399,1.126224213153673,-0.034263679232504174
1993-01-18,3.29067,1.1910911914603737,0.06486697830670063
1993-01-19,3.13354,1.1421633558795603,-0.04892783558081337
1993-01-20,3.19149,1.1604878923861772,0.018324536506616917
1993-01-21,3.13354,1.1421633558795603,-0.018324536506616917
1993-01-22,3.08399,1.126224213153673,-0.015939142725887256
1993-01-25,3.19149,1.1604878923861772,0.034263679232504174
1993-01-26,3.19149,1.1604878923861772,0.0
1993-01-27,3.29067,1.1910911914603737,0.030603299074196455
1993-01-28,3.29067,1.1910911914603737,0.0
1993-01-29,3.19149,1.1604878923861772,-0.030603299074196455
1993-02-01,3.19149,1.1604878923861772,0.0
1993-02-02,3.19149,1.1604878923861772,0.0
1993-02-03,2.98499,1.0935963967552018,-0.0668914956309754
1993-02-04,3.08399,1.126224213153673,0.03262781639847123
1993-02-05,2.98499,1.0935963967552018,-0.03262781639847123
1993-02-08,3.48915,1.2496581535418891,0.15606175678668732
1993-02-09,3.68792,1.3050626134851036,0.05540445994321441
1993-02-10,3.78682,1.3315266167628244,0.026464003277720805
1993-02-11,3.78682,1.3315266167628244,0.0
1993-02-12,3.68792,1.3050626134851036,-0.026464003277720805
1993-02-16,3.78682,1.3315266167628244,0.026464003277720805
1993-02-17,3.78682,1.3315266167628244,0.0
1993-02-18,3.58845,1.277720354392563,-0.053806262370261315
1993-02-19,3.58845,1.277720354392563,0.0
1993-02-22,3.58845,1.277720354392563,0.0
1993-02-23,3.68792,1.3050626134851036,0.02734225909254051
1993-02-24,3.58845,1.277720354392563,-0.02734225909254051
1993-02-25,3.58845,1.277720354392563,0.0
1993-02-26,3.48915,1.2496581535418891,-0.028062200850673902
1993-03-01,3.58845,1.277720354392563,0.028062200850673902
1993-03-02,3.58845,1.277720354392563,0.0
1993-03-03,3.48915,1.2496581535418891,-0.028062200850673902
1993-03-04,3.58845,1.277720354392563,0.028062200850673902
1993-03-05,3.58845,1.277720354392563,0.0
1993-03-08,3.58845,1.277720354392563,0.0
1993-03-09,3.58845,1.277720354392563,0.0
1993-03-10,3.39035,1.2209331609007357,-0.05678719349182737
1993-03-11,3.58845,1.277720354392563,0.05678719349182737
1993-03-12,3.58845,1.277720354392563,0.0
1993-03-15,3.68792,1.3050626134851036,0.02734225909254051
1993-03-16,3.68792,1.3050626134851036,0.0
1993-03-17,3.68792,1.3050626134851036,0.0
1993-03-18,3.78682,1.3315266167628244,0.026464003277720805
1993-03-19,3.88631,1.357460121319571,0.02593350455674659
1993-03-22,4.08459,1.4072213560777798,0.04976123475820882
1993-03-23,3.98549,1.382660265787222,-0.024561090290557752
1993-03-24,3.98549,1.382660265787222,0.0
1993-03-25,3.98549,1.382660265787222,0.0
1993-03-26,4.03495,1.3949939100714062,0.012333644284184153
1993-03-29,3.88631,1.357460121319571,-0.03753378875183522
1993-03-30,4.08459,1.4072213560777798,0.04976123475820882
1993-03-31,4.18397,1.431260556564832,0.024039200487052215
1993-04-01,4.28327,1.4547167365715874,0.023456180006755423
1993-04-02,4.43181,1.4888080784899353,0.03409134191834795
1993-04-05,4.38245,1.477607928735049,-0.011200149754886368
1993-04-06,4.38245,1.477607928735049,0.0
1993-04-07,4.38245,1.477607928735049,0.0
1993-04-08,4.28327,1.4547167365715874,-0.022891192163461582
1993-04-12,4.08459,1.4072213560777798,-0.04749538049380764
1993-04-13,4.08459,1.4072213560777798,0.0
1993-04-14,4.23352,1.4430337983124917,0.035812442234711916
1993-04-15,4.18397,1.431260556564832,-0.011773241747659702
1993-04-16,4.29955,1.458510366060411,0.02724980949557909
1993-04-19,4.40694,1.4831805710632888,0.024670205002877754
1993-04-20,4.33252,1.466149358869329,-0.017031212193959755
1993-04-21,4.40694,1.4831805710632888,0.017031212193959755
1993-04-22,4.40694,1.4831805710632888,0.0
1993-04-23,5.00248,1.60993378946676,0.1267532184034712
1993-04-26,5.20095,1.6488413012088665,0.03890751174210649
1993-04-27,5.12693,1.6345070394998535,-0.014334261709012974
1993-04-28,5.40773,1.687829411458814,0.05332237195896039
1993-04-29,5.50662,1.7059510048125417,0.01812159335372776
1993-04-30,5.8041,1.758564564370414,0.05261355955787228
1993-05-03,5.70491,1.7413272075541948,-0.017237356816219185
1993-05-04,6.00267,1.7922043702449189,0.050877162690724065
1993-05-05,5.90377,1.7755911298997753,-0.016613240345143554
1993-05-06,6.10207,1.8086280578773188,0.03303692797754354
1993-05-07,6.00267,1.7922043702449189,-0.016423687632399986
1993-05-10,6.10207,1.8086280578773188,0.016423687632399986
1993-05-11,6.15191,1.8167626027075157,0.008134544830196822
1993-05-12,7.00327,1.9463771828352001,0.12961458012768445
1993-05-13,7.607,2.029068876015164,0.08269169317996394
1993-05-14,7.50791,2.0159571314387765,-0.01311174457638753
1993-05-17,7.50791,2.0159571314387765,0.0
1993-05-18,8.10353,2.0922997692132133,0.07634263777443673
1993-05-19,7.30953,1.9891789762090077,-0.10312079300420551
1993-05-20,7.30953,1.9891789762090077,0.0
1993-05-21,7.50791,2.0159571314387765,0.026778155229768785
1993-05-24,7.607,2.029068876015164,0.01311174457638753
1993-05-25,8.00386,2.0799239253141404,0.05085504929897633
1993-05-26,7.607,2.029068876015164,-0.05085504929897633
1993-05-27,8.00386,2.0799239253141404,0.05085504929897633
1993-05-28,8.00386,2.0799239253141404,0.0
1993-06-01,7.30953,1.9891789762090077,-0.09074494910513264
1993-06-02,7.40872,2.002657684845642,0.013478708636634362
1993-06-03,7.40872,2.002657684845642,0.0
1993-06-04,7.40872,2.002657684845642,0.0
1993-06-07,7.00327,1.9463771828352001,-0.05628050201044199
1993-06-08,7.00327,1.9463771828352001,0.0
1993-06-09,7.21013,1.9754869816474863,0.029109798812286147
1993-06-10,6.90447,1.932169027941433,-0.04331795370605329
1993-06-11,6.5074,1.8729399908841473,-0.05922903705728566
1993-06-14,6.40823,1.8575831017561402,-0.015356889128007145
1993-06-15,7.00327,1.9463771828352001,0.08879408107905995
1993-06-16,7.30953,1.9891789762090077,0.04280179337380763
1993-06-17,7.607,2.029068876015164,0.039889899806156315
1993-06-18,7.50791,2.0159571314387765,-0.01311174457638753
1993-06-21,7.50791,2.0159571314387765,0.0
1993-06-22,7.21013,1.9754869816474863,-0.040470149791290266
1993-06-23,7.80538,2.054813239521504,0.07932625787401792
1993-06-24,7.70629,2.0420368785090983,-0.012776361012405868
1993-06-25,7.90487,2.0674790252384176,0.025442146729319326
1993-06-28,8.10353,2.0922997692132133,0.02482074397479561
1993-06-29,8.30993,2.1174511852458373,0.025151416032624052
1993-06-30,8.6071,2.1525874440499426,0.035136258804105314
1993-07-01,10.003,2.3028850480030436,0.150297603953101
1993-07-02,10.1123,2.3137525046859424,0.01086745668289879
1993-07-06,10.4097,2.3427380637678143,0.028985559081871948
1993-07-07,10.3113,2.3332403812536624,-0.00949768251415195
1993-07-08,9.11223,2.2096174672661806,-0.12362291398748182
1993-07-09,8.80462,2.175276583719876,-0.03434088354630438
1993-07-12,9.00504,2.1977844205947332,0.022507836874857023
1993-07-13,8.90468,2.186576981227901,-0.011207439366832439
1993-07-14,8.90468,2.186576981227901,0.0
1993-07-15,9.00504,2.1977844205947332,0.011207439366832439
1993-07-16,8.90468,2.186576981227901,-0.011207439366832439
1993-07-19,8.90468,2.186576981227901,0.0
1993-07-20,9.00504,2.1977844205947332,0.011207439366832439
1993-07-21,8.70639,2.1640572388187005,-0.03372718177603273
1993-07-22,8.70639,2.1640572388187005,0.0
1993-07-23,8.50753,2.1409516536870297,-0.023105585131670825
1993-07-26,9.11223,2.2096174672661806,0.06866581357915091
1993-07-27,9.11223,2.2096174672661806,0.0
1993-07-28,9.40805,2.2415657057679987,0.03194823850181816
1993-07-29,9.90737,2.2932789246236696,0.05171321885567082
1993-07-30,10.6067,2.3614858769141542,0.06820695229048468
1993-08-02,10.7063,2.3708323532486815,0.009346476334527232
1993-08-03,10.003,2.3028850480030436,-0.06794730524563786
1993-08-04,9.51045,2.252391194049796,-0.05049385395324757
1993-08-05,8.40785,2.129165793263277,-0.12322540078651922
1993-08-06,7.80538,2.054813239521504,-0.07435255374177263
1993-08-09,8.40785,2.129165793263277,0.07435255374177263
1993-08-10,8.30993,2.1174511852458373,-0.01171460801743951
1993-08-11,7.50791,2.0159571314387765,-0.10149405380706078
1993-08-12,7.50791,2.0159571314387765,0.0
1993-08-13,8.00386,2.0799239253141404,0.06396679387536386
1993-08-16,8.21063,2.1054296562084898,0.025505730894349377
1993-08-17,8.40785,2.129165793263277,0.023736137054787054
1993-08-18,8.90468,2.186576981227901,0.057411187964623966
1993-08-19,9.61092,2.2628999520108537,0.07632297078295291
1993-08-20,10.3113,2.3332403812536624,0.0703404292428087
1993-08-23,10.3113,2.3332403812536624,0.0
1993-08-24,10.3113,2.3332403812536624,0.0
1993-08-25,10.6067,2.3614858769141542,0.028245495660491837
1993-08-26,10.003,2.3028850480030436,-0.058600828911110625
1993-08-27,9.90737,2.2932789246236696,-0.009606123379374054
1993-08-30,10.003,2.3028850480030436,0.009606123379374054
1993-08-31,10.4097,2.3427380637678143,0.03985301576477074
1993-09-01,10.2146,2.323818069402055,-0.01891999436575942
1993-09-02,9.51045,2.252391194049796,-0.07142687535225889
1993-09-03,9.61092,2.2628999520108537,0.010508757961057658
1993-09-07,8.6071,2.1525874440499426,-0.11031250796091108
1993-09-08,8.70639,2.1640572388187005,0.011469794768757868
1993-09-09,9.80696,2.283092337682583,0.11903509886388264
1993-09-10,9.70553,2.2726958261550907,-0.010396511527492436
1993-09-13,8.70639,2.1640572388187005,-0.1086385873363902
1993-09-14,8.6071,2.1525874440499426,-0.011469794768757868
1993-09-15,8.90468,2.186576981227901,0.03398953717795816
1993-09-16,9.40805,2.2415657057679987,0.054988724540097955
1993-09-17,9.11223,2.2096174672661806,-0.03194823850181816
1993-09-20,9.61092,2.2628999520108537,0.05328248474467312
1993-09-21,10.1123,2.3137525046859424,0.0508525526750887
1993-09-22,9.61092,2.2628999520108537,-0.0508525526750887
1993-09-23,10.003,2.3028850480030436,0.03998509599218991
1993-09-24,9.51045,2.252391194049796,-0.05049385395324757
1993-09-27,9.21093,2.220390822368058,-0.03200037168173786
1993-09-28,9.21093,2.220390822368058,0.0
1993-09-29,9.21093,2.220390822368058,0.0
1993-09-30,9.40805,2.2415657057679987,0.02117488339994056
1993-10-01,9.90737,2.2932789246236696,0.05171321885567082
1993-10-04,10.003,2.3028850480030436,0.009606123379374054
1993-10-05,9.90737,2.2932789246236696,-0.009606123379374054
1993-10-06,10.9053,2.3892489095915592,0.09596998496788967
1993-10-07,10.7063,2.3708323532486815,-0.018416556342877755
1993-10-08,10.7063,2.3708323532486815,0.0
1993-10-11,11.112,2.4080256054520426,0.037193252203361116
1993-10-12,11.5109,2.443294412552648,0.035268807100605315
1993-10-13,11.3119,2.425855268945411,-0.01743914360723675
1993-10-14,11.112,2.4080256054520426,-0.017829663493368564
1993-10-15,11.112,2.4080256054520426,0.0
1993-10-18,11.2134,2.417109491722175,0.009083886270132346
1993-10-19,11.3119,2.425855268945411,0.008745777223236217
1993-10-20,11.5109,2.443294412552648,0.01743914360723675
1993-10-21,11.5109,2.443294412552648,0.0
1993-10-22,11.6104,2.451901248174016,0.008606835621367992
1993-10-25,11.6104,2.451901248174016,0.0
1993-10-26,11.9079,2.4772020454024477,0.025300797228431815
1993-10-27,12.216,2.5027465679163314,0.025544522513883727
1993-10-28,12.3106,2.5104606798696536,0.007714111953322167
1993-10-29,12.216,2.5027465679163314,-0.007714111953322167
1993-11-01,11.9079,2.4772020454024477,-0.025544522513883727
1993-11-02,11.5109,2.443294412552648,-0.03390763284979981
1993-11-03,12.216,2.5027465679163314,0.059452155363683534
1993-11-04,12.5106,2.526576284959393,0.02382971704306147
1993-11-05,13.0139,2.56601801701069,0.039441732051296974
1993-11-08,12.5106,2.526576284959393,-0.039441732051296974
1993-11-09,12.216,2.5027465679163314,-0.02382971704306147
1993-11-10,12.5106,2.526576284959393,0.02382971704306147
1993-11-11,12.5106,2.526576284959393,0.0
1993-11-12,12.1126,2.494246233116757,-0.03233005184263593
1993-11-15,12.0142,2.486089283534287,-0.008156949582470041
1993-11-16,11.6104,2.451901248174016,-0.03418803536027104
1993-11-17,11.6104,2.451901248174016,0.0
1993-11-18,11.5109,2.443294412552648,-0.008606835621367992
1993-11-19,11.8064,2.468641757321965,0.025347344769317104
1993-11-22,11.2134,2.417109491722175,-0.05153226559979007
1993-11-23,11.2134,2.417109491722175,0.0
1993-11-24,11.0047,2.3983224542706445,-0.01878703745153043
1993-11-26,10.9053,2.3892489095915592,-0.009073544679085277
1993-11-29,10.3113,2.3332403812536624,-0.056008528337896824
1993-11-30,10.8106,2.3805271342736303,0.047286753019967875
1993-12-01,11.0047,2.3983224542706445,0.017795319997014225
1993-12-02,11.0047,2.3983224542706445,0.0
1993-12-03,11.2134,2.417109491722175,0.01878703745153043
1993-12-06,10.9053,2.3892489095915592,-0.027860582130615708
1993-12-07,11.2134,2.417109491722175,0.027860582130615708
1993-12-08,11.8064,2.468641757321965,0.05153226559979007
1993-12-09,11.5109,2.443294412552648,-0.025347344769317104
1993-12-10,11.4085,2.434358691603488,-0.008935720949160064
1993-12-13,11.7079,2.4602638276247317,0.02590513602124389
1993-12-14,11.6104,2.451901248174016,-0.008362579450715835
1993-12-15,11.4085,2.434358691603488,-0.017542556570528056
1993-12-16,11.0047,2.3983224542706445,-0.036036237332843335
1993-12-17,10.8106,2.3805271342736303,-0.017795319997014225
1993-12-20,10.7063,2.3708323532486815,-0.009694781024948806
1993-12-21,10.5103,2.3523557287250583,-0.018476624523623197
1993-12-22,10.3113,2.3332403812536624,-0.01911534747139587
1993-12-23,10.4097,2.3427380637678143,0.00949768251415195
1993-12-27,10.7063,2.3708323532486815,0.02809428948086712
1993-12-28,10.6067,2.3614858769141542,-0.009346476334527232
1993-12-29,10.5103,2.3523557287250583,-0.009130148189095966
1993-12-30,10.5103,2.3523557287250583,0.0
1993-12-31,10.4097,2.3427380637678143,-0.009617664957243921
1994-01-03,11.0047,2.3983224542706445,0.05558439050283015
1994-01-04,10.7063,2.3708323532486815,-0.02749010102196303
1994-01-05,11.112,2.4080256054520426,0.037193252203361116
1994-01-06,10.9053,2.3892489095915592,-0.01877669586048336
1994-01-07,10.4097,2.3427380637678143,-0.04651084582374487
1994-01-10,10.5103,2.3523557287250583,0.009617664957243921
1994-01-11,10.8106,2.3805271342736303,0.028171405548572004
1994-01-12,10.9053,2.3892489095915592,0.008721775317928948
1994-01-13,10.9053,2.3892489095915592,0.0
1994-01-14,10.7063,2.3708323532486815,-0.018416556342877755
1994-01-17,10.9053,2.3892489095915592,0.018416556342877755
1994-01-18,10.9053,2.3892489095915592,0.0
1994-01-19,10.8106,2.3805271342736303,-0.008721775317928948
1994-01-20,10.2146,2.323818069402055,-0.05670906487157534
1994-01-21,9.70553,2.2726958261550907,-0.05112224324696424
1994-01-24,9.70553,2.2726958261550907,0.0
1994-01-25,9.70553,2.2726958261550907,0.0
1994-01-26,9.80696,2.283092337682583,0.010396511527492436
1994-01-27,9.21093,2.220390822368058,-0.06270151531452495
1994-01-28,9.11223,2.2096174672661806,-0.010773355101877602
1994-01-31,9.11223,2.2096174672661806,0.0
1994-02-01,9.51045,2.252391194049796,0.04277372678361546
1994-02-02,9.51045,2.252391194049796,0.0
1994-02-03,9.90737,2.2932789246236696,0.040887730573873515
1994-02-04,9.40805,2.2415657057679987,-0.05171321885567082
1994-02-07,8.90468,2.186576981227901,-0.054988724540097955
1994-02-08,9.30954,2.23103968083092,0.044462699603019296
1994-02-09,9.61092,2.2628999520108537,0.03186027117993362
1994-02-10,9.80696,2.283092337682583,0.02019238567172943
1994-02-11,9.61092,2.2628999520108537,-0.02019238567172943
1994-02-14,9.61092,2.2628999520108537,0.0
1994-02-15,9.40805,2.2415657057679987,-0.02133424624285496
1994-02-16,9.61092,2.2628999520108537,0.02133424624285496
1994-02-17,9.61092,2.2628999520108537,0.0
1994-02-18,9.21093,2.220390822368058,-0.04250912964279552
1994-02-22,9.21093,2.220390822368058,0.0
1994-02-23,9.40805,2.2415657057679987,0.02117488339994056
1994-02-24,9.21093,2.220390822368058,-0.02117488339994056
1994-02-25,9.11223,2.2096174672661806,-0.010773355101877602
1994-02-28,9.51045,2.252391194049796,0.04277372678361546
1994-03-01,9.30954,2.23103968083092,-0.02135151321887596
1994-03-02,9.21093,2.220390822368058,-0.010648858462861899
1994-03-03,9.11223,2.2096174672661806,-0.010773355101877602
1994-03-04,9.21093,2.220390822368058,0.010773355101877602
1994-03-07,9.11223,2.2096174672661806,-0.010773355101877602
1994-03-08,8.90468,2.186576981227901,-0.023040486038279795
1994-03-09,9.00504,2.1977844205947332,0.011207439366832439
1994-03-10,9.40805,2.2415657057679987,0.043781285173265516
1994-03-11,9.40805,2.2415657057679987,0.0
1994-03-14,9.40805,2.2415657057679987,0.0
1994-03-15,9.51045,2.252391194049796,0.010825488281797302
1994-03-16,9.40805,2.2415657057679987,-0.010825488281797302
1994-03-17,9.21093,2.220390822368058,-0.02117488339994056
1994-03-18,9.30954,2.23103968083092,0.010648858462861899
1994-03-21,9.40805,2.2415657057679987,0.01052602493707866
1994-03-22,9.80696,2.283092337682583,0.04152663191458439
1994-03-23,9.70553,2.2726958261550907,-0.010396511527492436
1994-03-24,10.1123,2.3137525046859424,0.04105667853085171
1994-03-25,10.2146,2.323818069402055,0.01006556471611253
1994-03-28,10.1123,2.3137525046859424,-0.01006556471611253
1994-03-29,9.90737,2.2932789246236696,-0.020473580062272845
1994-03-30,9.80696,2.283092337682583,-0.010186586941086428
1994-03-31,10.2146,2.323818069402055,0.0407257317194718
1994-04-04,9.90737,2.2932789246236696,-0.030539144778385374
1994-04-05,10.003,2.3028850480030436,0.009606123379374054
1994-04-06,10.003,2.3028850480030436,0.0
1994-04-07,9.90737,2.2932789246236696,-0.009606123379374054
1994-04-08,9.90737,2.2932789246236696,0.0
1994-04-11,9.51045,2.252391194049796,-0.040887730573873515
1994-04-12,9.51045,2.252391194049796,0.0
1994-04-13,9.52802,2.254236931127202,0.0018457370774060955
1994-04-14,9.32807,2.233028133868144,-0.021208797259058
1994-04-15,9.03049,2.2006066295225715,-0.03242150434557267
1994-04-18,8.72425,2.1661065045083414,-0.034500125014230054
1994-04-19,8.2354,2.108441935613293,-0.05766456889504834
1994-04-20,8.2273,2.1074578928191428,-0.0009840427941503194
1994-04-21,8.35088,2.1223669225312674,0.0149090297121246
1994-04-22,8.42482,2.1311821110250277,0.008815188493760395
1994-04-25,8.62456,2.1546139471233863,0.023431836098358527
1994-04-26,8.72425,2.1661065045083414,0.011492557384955138
1994-04-28,8.72425,2.1661065045083414,0.0
1994-04-29,8.93003,2.1894197543452507,0.0233132498369093
1994-05-02,8.62456,2.1546139471233863,-0.03480580722186444
1994-05-03,8.52401,2.1428868873938245,-0.011727059729561784
1994-05-04,8.72425,2.1661065045083414,0.02321961711451692
1994-05-05,8.6744,2.160376159175835,-0.005730345332506381
1994-05-06,9.32807,2.233028133868144,0.07265197469230911
1994-05-09,9.22742,2.2221794861472355,-0.010848647720908655
1994-05-10,9.12735,2.211275400558879,-0.010904085588356427
1994-05-11,9.03049,2.2006066295225715,-0.01066877103630759
1994-05-12,8.93003,2.1894197543452507,-0.011186875177320754
1994-05-13,8.93003,2.1894197543452507,0.0
1994-05-16,9.22742,2.2221794861472355,0.03275973180198477
1994-05-17,9.07897,2.2059607500554903,-0.01621873609174518
1994-05-18,9.17719,2.2167210575563,0.010760307500809585
1994-05-19,9.17719,2.2167210575563,0.0
1994-05-20,9.42463,2.243326475269057,0.026605417712757262
1994-05-23,9.73185,2.27540401173221,0.0320775364631527
1994-05-24,9.42463,2.243326475269057,-0.0320775364631527
1994-05-25,9.32807,2.233028133868144,-0.010298341400913014
1994-05-26,9.12735,2.211275400558879,-0.021752733309265082
1994-05-27,9.17719,2.2167210575563,0.0054456569974208335
1994-05-31,9.32807,2.233028133868144,0.01630707631184425
1994-06-01,9.22742,2.2221794861472355,-0.010848647720908655
1994-06-02,9.32807,2.233028133868144,0.010848647720908655
1994-06-03,9.22742,2.2221794861472355,-0.010848647720908655
1994-06-06,9.12735,2.211275400558879,-0.010904085588356427
1994-06-07,9.22742,2.2221794861472355,0.010904085588356427
1994-06-08,9.22742,2.2221794861472355,0.0
1994-06-09,9.32807,2.233028133868144,0.010848647720908655
1994-06-10,9.32807,2.233028133868144,0.0
1994-06-13,9.32807,2.233028133868144,0.0
1994-06-14,9.32807,2.233028133868144,0.0
1994-06-15,9.32807,2.233028133868144,0.0
1994-06-16,9.29491,2.229466938501463,-0.0035611953666809804
1994-06-17,9.67919,2.2699782201013625,0.04051128159989936
1994-06-20,9.62652,2.2645217897833914,-0.0054564303179711615
1994-06-21,9.83133,2.2855742251085713,0.021052435325179975
1994-06-22,9.73185,2.27540401173221,-0.010170213376361481
1994-06-23,9.83133,2.2855742251085713,0.010170213376361481
1994-06-24,9.73185,2.27540401173221,-0.010170213376361481
1994-06-27,9.52802,2.254236931127202,-0.021167080605007715
1994-06-28,9.62652,2.2645217897833914,0.010284858656189222
1994-06-29,9.62652,2.2645217897833914,0.0
1994-06-30,9.67919,2.2699782201013625,0.0054564303179711615
1994-07-01,9.62652,2.2645217897833914,-0.0054564303179711615
1994-07-05,9.73185,2.27540401173221,0.010882221948818493
1994-07-06,9.62652,2.2645217897833914,-0.010882221948818493
1994-07-07,9.73185,2.27540401173221,0.010882221948818493
1994-07-08,9.73185,2.27540401173221,0.0
1994-07-11,9.83133,2.2855742251085713,0.010170213376361481
1994-07-12,9.83133,2.2855742251085713,0.0
1994-07-13,9.62652,2.2645217897833914,-0.021052435325179975
1994-07-14,9.49192,2.250440910387979,-0.01408087939541236
1994-07-15,9.52802,2.254236931127202,0.003796020739223138
1994-07-18,9.52802,2.254236931127202,0.0
1994-07-19,9.57679,2.259342462764352,0.005105531637149774
1994-07-20,9.62652,2.2645217897833914,0.005179327019039448
1994-07-21,9.73185,2.27540401173221,0.010882221948818493
1994-07-22,9.73185,2.27540401173221,0.0
1994-07-25,9.83133,2.2855742251085713,0.010170213376361481
1994-07-26,9.73185,2.27540401173221,-0.010170213376361481
1994-07-27,9.93183,2.295744751107971,0.020340739375761085
1994-07-28,9.83133,2.2855742251085713,-0.010170525999399604
1994-07-29,9.73185,2.27540401173221,-0.010170213376361481
1994-08-01,9.73185,2.27540401173221,0.0
1994-08-02,9.73185,2.27540401173221,0.0
1994-08-03,9.60116,2.2618839245073645,-0.013520087224845323
1994-08-04,9.52802,2.254236931127202,-0.007646993380162392
1994-08-05,9.52802,2.254236931127202,0.0
1994-08-08,9.52802,2.254236931127202,0.0
1994-08-09,9.52802,2.254236931127202,0.0
1994-08-10,9.57679,2.259342462764352,0.005105531637149774
1994-08-11,9.73185,2.27540401173221,0.01606154896785794
1994-08-12,9.62652,2.2645217897833914,-0.010882221948818493
1994-08-15,9.62652,2.2645217897833914,0.0
1994-08-16,9.62652,2.2645217897833914,0.0
1994-08-17,9.62652,2.2645217897833914,0.0
1994-08-18,9.73185,2.27540401173221,0.010882221948818493
1994-08-19,9.73185,2.27540401173221,0.0
1994-08-22,9.83133,2.2855742251085713,0.010170213376361481
1994-08-23,9.73185,2.27540401173221,-0.010170213376361481
1994-08-24,10.0283,2.3054110960831085,0.030007084350898605
1994-08-25,9.93183,2.295744751107971,-0.00966634497513752
1994-08-26,9.88301,2.2908171212320454,-0.004927629875925543
1994-08-29,9.97865,2.3004478106324058,0.009630689400360382
1994-08-30,10.1278,2.315284117971454,0.014836307339048282
1994-08-31,10.2302,2.3253441301145608,0.0100600121431067
1994-09-01,10.3268,2.334742457793102,0.009398327678541207
1994-09-02,10.3268,2.334742457793102,0.0
1994-09-06,10.5346,2.3546650778594813,0.01992262006637935
1994-09-07,10.6399,2.3646110853730917,0.009946007513610411
1994-09-08,10.6311,2.3637836677150545,-0.0008274176580371773
1994-09-09,10.5346,2.3546650778594813,-0.009118589855573234
1994-09-12,10.5346,2.3546650778594813,0.0
1994-09-13,10.5346,2.3546650778594813,0.0
1994-09-14,10.4332,2.3449930292436227,-0.009672048615858575
1994-09-15,10.3775,2.3396400009450566,-0.005353028298566098
1994-09-16,10.5346,2.3546650778594813,0.015025076914424673
1994-09-19,10.6311,2.3637836677150545,0.009118589855573234
1994-09-20,10.9296,2.391474704995448,0.02769103728039335
1994-09-21,10.8359,2.3828646956826653,-0.008610009312782552
1994-09-22,10.9296,2.391474704995448,0.008610009312782552
1994-09-23,11.5109,2.443294412552648,0.0518197075572
1994-09-26,11.4836,2.4409199305828877,-0.0023744819697602004
1994-09-27,11.7333,2.4624309530228152,0.02151102243992753
1994-09-28,11.7333,2.4624309530228152,0.0
1994-09-29,11.6347,2.4539920121502408,-0.008438940872574463
1994-09-30,11.5373,2.4455852649008234,-0.008406747249417368
1994-10-03,11.546,2.4463390566387417,0.0007537917379183412
1994-10-04,11.2397,2.419452153717891,-0.02688690292085072
1994-10-05,11.2397,2.419452153717891,0.0
1994-10-06,11.5373,2.4455852649008234,0.026133111182932378
1994-10-07,11.5373,2.4455852649008234,0.0
1994-10-10,11.5373,2.4455852649008234,0.0
1994-10-11,11.4339,2.436582626957811,-0.00900263794301237
1994-10-12,11.4836,2.4409199305828877,0.004337303625076672
1994-10-13,11.2397,2.419452153717891,-0.02146777686499668
1994-10-14,11.2397,2.419452153717891,0.0
1994-10-17,11.1295,2.409599240648528,-0.0098529130693632
1994-10-18,11.1295,2.409599240648528,0.0
1994-10-19,11.1295,2.409599240648528,0.0
1994-10-20,11.1558,2.411959542031935,0.0023603013834070374
1994-10-21,11.0291,2.400537234288073,-0.011422307743861992
1994-10-24,10.9296,2.391474704995448,-0.009062529292624966
1994-10-25,11.0291,2.400537234288073,0.009062529292624966
1994-10-26,10.9296,2.391474704995448,-0.009062529292624966
1994-10-27,10.8359,2.3828646956826653,-0.008610009312782552
1994-10-28,10.4595,2.3475106563470383,-0.035354039335627085
1994-10-31,10.3268,2.334742457793102,-0.012768198553936294
1994-11-01,10.2302,2.3253441301145608,-0.009398327678541207
1994-11-02,10.0283,2.3054110960831085,-0.0199330340314523
1994-11-03,10.1278,2.315284117971454,0.009873021888345601
1994-11-04,10.0283,2.3054110960831085,-0.009873021888345601
1994-11-07,9.73185,2.27540401173221,-0.030007084350898605
1994-11-08,9.83133,2.2855742251085713,0.010170213376361481
1994-11-09,9.62652,2.2645217897833914,-0.021052435325179975
1994-11-10,9.67919,2.2699782201013625,0.0054564303179711615
1994-11-11,9.57679,2.259342462764352,-0.01063575733701061
1994-11-14,9.32807,2.233028133868144,-0.026314328896207773
1994-11-15,9.12735,2.211275400558879,-0.021752733309265082
1994-11-16,9.12735,2.211275400558879,0.0
1994-11-17,9.27833,2.2276815737073723,0.01640617314849324
1994-11-18,9.12735,2.211275400558879,-0.01640617314849324
1994-11-21,8.69918,2.1632287683448936,-0.04804663221398542
1994-11-23,7.92126,2.0695502840818087,-0.0936784842630849
1994-11-25,8.12793,2.0953062785943164,0.02575599451250765
1994-11-28,8.02044,2.081993283216405,-0.013312995377911196
1994-11-29,8.02044,2.081993283216405,0.0
1994-11-30,7.72277,2.0441731079705394,-0.037820175245865784
1994-12-01,7.62338,2.031219840904468,-0.012953267066071472
1994-12-02,7.21843,1.9766374777351785,-0.05458236316928944
1994-12-05,6.92066,1.9345111408041464,-0.04212633693103207
1994-12-06,6.92066,1.9345111408041464,0.0
1994-12-07,7.4252,2.004879620352931,0.07036847954878467
1994-12-08,7.62338,2.031219840904468,0.02634022055153684
1994-12-09,8.02044,2.081993283216405,0.050773442311937256
1994-12-12,8.02044,2.081993283216405,0.0
1994-12-13,8.02044,2.081993283216405,0.0
1994-12-14,8.2273,2.1074578928191428,0.025464609602737553
1994-12-15,8.02044,2.081993283216405,-0.025464609602737553
1994-12-16,7.72277,2.0441731079705394,-0.037820175245865784
1994-12-19,7.72277,2.0441731079705394,0.0
1994-12-20,8.12793,2.0953062785943164,0.05113317062377698
1994-12-21,8.02044,2.081993283216405,-0.013312995377911196
1994-12-22,8.02044,2.081993283216405,0.0
1994-12-23,7.92126,2.0695502840818087,-0.012442999134596455
1994-12-27,7.92126,2.0695502840818087,0.0
1994-12-28,8.42482,2.1311821110250277,0.061631826943219004
1994-12-29,8.62456,2.1546139471233863,0.023431836098358527
1994-12-30,8.52401,2.1428868873938245,-0.011727059729561784
1995-01-03,8.02044,2.081993283216405,-0.06089360417741929
1995-01-04,7.6979,2.040947564390065,-0.04104571882634023
1995-01-05,7.90487,2.0674790252384176,0.026531460848352673
1995-01-06,7.49971,2.0148643531280235,-0.05261467211039417
1995-01-09,7.5988,2.027990340088757,0.013125986960733638
1995-01-10,7.49971,2.0148643531280235,-0.013125986960733638
1995-01-11,8.20253,2.1044426432679493,0.0895782901399258
1995-01-12,8.30993,2.1174511852458373,0.013008541977888033
1995-01-13,8.20253,2.1044426432679493,-0.013008541977888033
1995-01-16,7.90487,2.0674790252384176,-0.03696361802953163
1995-01-17,8.00386,2.0799239253141404,0.012444900075722742
1995-01-18,8.00386,2.0799239253141404,0.0
1995-01-19,8.10353,2.0922997692132133,0.01237584389907287
1995-01-20,8.20253,2.1044426432679493,0.01214287405473602
1995-01-23,7.90487,2.0674790252384176,-0.03696361802953163
1995-01-24,8.10353,2.0922997692132133,0.02482074397479561
1995-01-25,7.79739,2.0537890623147113,-0.038510706898502
1995-01-26,7.79739,2.0537890623147113,0.0
1995-01-27,7.39203,2.000402392772706,-0.053386669542005105
1995-01-30,7.39203,2.000402392772706,0.0
1995-01-31,7.29303,1.9869190975271607,-0.013483295245545479
1995-02-01,7.49971,2.0148643531280235,0.027945255600862806
1995-02-02,7.6979,2.040947564390065,0.026083211262041495
1995-02-03,7.49971,2.0148643531280235,-0.026083211262041495
1995-02-06,7.49971,2.0148643531280235,0.0
1995-02-07,7.49971,2.0148643531280235,0.0
1995-02-08,7.6979,2.040947564390065,0.026083211262041495
1995-02-09,7.79739,2.0537890623147113,0.012841497924646283
1995-02-10,7.6979,2.040947564390065,-0.012841497924646283
1995-02-13,7.5988,2.027990340088757,-0.012957224301307857
1995-02-14,7.5988,2.027990340088757,0.0
1995-02-15,7.6979,2.040947564390065,0.012957224301307857
1995-02-16,7.5988,2.027990340088757,-0.012957224301307857
1995-02-17,7.79739,2.0537890623147113,0.02579872222595414
1995-02-21,7.79739,2.0537890623147113,0.0
1995-02-22,8.00386,2.0799239253141404,0.02613486299942913
1995-02-23,7.90487,2.0674790252384176,-0.012444900075722742
1995-02-24,7.6979,2.040947564390065,-0.026531460848352673
1995-02-27,7.5988,2.027990340088757,-0.012957224301307857
1995-02-28,7.79739,2.0537890623147113,0.02579872222595414
1995-03-01,7.49971,2.0148643531280235,-0.03892470918668778
1995-03-02,7.6979,2.040947564390065,0.026083211262041495
1995-03-03,7.5988,2.027990340088757,-0.012957224301307857
1995-03-06,7.6979,2.040947564390065,0.012957224301307857
1995-03-07,8.30993,2.1174511852458373,0.07650362085577234
1995-03-08,8.40785,2.129165793263277,0.01171460801743951
1995-03-09,8.71576,2.165132881136489,0.03596708787321212
1995-03-10,8.71576,2.165132881136489,0.0
1995-03-13,9.11886,2.210344796273089,0.045211915136599945
1995-03-14,9.11886,2.210344796273089,0.0
1995-03-15,9.21863,2.2212264365062193,0.01088164023313043
1995-03-16,9.11886,2.210344796273089,-0.01088164023313043
1995-03-17,9.21863,2.2212264365062193,0.01088164023313043
1995-03-20,9.11886,2.210344796273089,-0.01088164023313043
1995-03-21,9.11886,2.210344796273089,0.0
1995-03-22,9.0144,2.1988232986999163,-0.011521497573172557
1995-03-23,9.11886,2.210344796273089,0.011521497573172557
1995-03-24,9.0144,2.1988232986999163,-0.011521497573172557
1995-03-27,9.11886,2.210344796273089,0.011521497573172557
1995-03-28,9.21863,2.2212264365062193,0.01088164023313043
1995-03-29,9.31832,2.2319823549384323,0.010755918432213019
1995-03-30,9.72308,2.2745024407068666,0.042520085768434246
1995-03-31,9.72308,2.2745024407068666,0.0
1995-04-03,9.72308,2.2745024407068666,0.0
1995-04-04,9.72308,2.2745024407068666,0.0
1995-04-05,10.1278,2.315284117971454,0.04078167726458748
1995-04-06,10.1278,2.315284117971454,0.0
1995-04-07,9.72308,2.2745024407068666,-0.04078167726458748
1995-04-10,9.52802,2.254236931127202,-0.020265509579664442
1995-04-11,9.62652,2.2645217897833914,0.010284858656189222
1995-04-12,9.62652,2.2645217897833914,0.0
1995-04-13,9.31832,2.2319823549384323,-0.032539434844959025
1995-04-17,9.93183,2.295744751107971,0.0637623961695386
1995-04-18,10.0283,2.3054110960831085,0.00966634497513752
1995-04-19,9.72308,2.2745024407068666,-0.030908655376241878
1995-04-20,9.41585,2.2423944394997357,-0.032108001207130865
1995-04-21,9.72308,2.2745024407068666,0.032108001207130865
1995-04-24,9.72308,2.2745024407068666,0.0
1995-04-25,9.72308,2.2745024407068666,0.0
1995-04-26,9.52802,2.254236931127202,-0.020265509579664442
1995-04-27,9.62652,2.2645217897833914,0.010284858656189222
1995-04-28,9.31832,2.2319823549384323,-0.032539434844959025
1995-05-01,9.31832,2.2319823549384323,0.0
1995-05-02,9.52802,2.254236931127202,0.022254576188769803
1995-05-03,9.41585,2.2423944394997357,-0.011842491627466423
1995-05-04,10.2371,2.326018376376784,0.08362393687704817
1995-05-05,10.1278,2.315284117971454,-0.010734258405329822
1995-05-08,9.93183,2.295744751107971,-0.01953936686348312
1995-05-09,9.52802,2.254236931127202,-0.0415078199807688
1995-05-10,9.52802,2.254236931127202,0.0
1995-05-11,9.41585,2.2423944394997357,-0.011842491627466423
1995-05-12,9.52802,2.254236931127202,0.011842491627466423
1995-05-15,9.83133,2.2855742251085713,0.031337293981369196
1995-05-16,9.93183,2.295744751107971,0.010170525999399604
1995-05-17,9.93183,2.295744751107971,0.0
1995-05-18,10.0283,2.3054110960831085,0.00966634497513752
1995-05-19,9.93183,2.295744751107971,-0.00966634497513752
1995-05-22,9.83133,2.2855742251085713,-0.010170525999399604
1995-05-23,10.0283,2.3054110960831085,0.019836870974537124
1995-05-24,10.2371,2.326018376376784,0.020607280293675423
1995-05-25,10.1278,2.315284117971454,-0.010734258405329822
1995-05-26,10.3366,2.3356909948910407,0.020406876919586647
1995-05-30,10.4332,2.3449930292436227,0.009302034352582034
1995-05-31,10.5346,2.3546650778594813,0.009672048615858575
1995-06-01,10.5346,2.3546650778594813,0.0
1995-06-02,10.2371,2.326018376376784,-0.028646701482697434
1995-06-05,10.2371,2.326018376376784,0.0
1995-06-06,10.1278,2.315284117971454,-0.010734258405329822
1995-06-07,10.3366,2.3356909948910407,0.020406876919586647
1995-06-08,10.6399,2.3646110853730917,0.02892009048205102
1995-06-09,10.8409,2.383326018395305,0.018714933022213387
1995-06-12,10.7423,2.3741892188534885,-0.009136799541816565
1995-06-13,10.7423,2.3741892188534885,0.0
1995-06-14,10.9373,2.3921789658022616,0.01798974694877309
1995-06-15,11.343,2.4286008135769053,0.036421847774643634
1995-06-16,11.4504,2.43802466388787,0.00942385031096471
1995-06-19,11.5528,2.446927831830218,0.008903167942348134
1995-06-20,11.5528,2.446927831830218,0.0
1995-06-21,11.4504,2.43802466388787,-0.008903167942348134
1995-06-22,11.6523,2.455503585418684,0.017478921530813984
1995-06-23,11.7488,2.463751107715209,0.008247522296525034
1995-06-26,11.5528,2.446927831830218,-0.016823275884990885
1995-06-27,11.2476,2.4201547725583032,-0.026773059271914867
1995-06-28,11.146,2.4110806891473446,-0.009074083410958611
1995-06-29,11.343,2.4286008135769053,0.017520124429560635
1995-06-30,10.8409,2.383326018395305,-0.04527479518160016
1995-07-03,10.6399,2.3646110853730917,-0.018714933022213387
1995-07-05,10.4332,2.3449930292436227,-0.019618056129468986
1995-07-06,10.6399,2.3646110853730917,0.019618056129468986
1995-07-07,10.8409,2.383326018395305,0.018714933022213387
1995-07-10,10.6399,2.3646110853730917,-0.018714933022213387
1995-07-11,10.9373,2.3921789658022616,0.02756788042916991
1995-07-12,11.343,2.4286008135769053,0.036421847774643634
1995-07-13,10.9373,2.3921789658022616,-0.036421847774643634
1995-07-14,11.0466,2.402122688309079,0.009943722506817299
1995-07-17,11.2476,2.4201547725583032,0.01803208424922431
1995-07-18,11.0466,2.402122688309079,-0.01803208424922431
1995-07-19,10.8409,2.383326018395305,-0.018796669913773822
1995-07-20,10.6399,2.3646110853730917,-0.018714933022213387
1995-07-21,10.7423,2.3741892188534885,0.009578133480396822
1995-07-24,11.0466,2.402122688309079,0.027933469455590387
1995-07-25,10.8409,2.383326018395305,-0.018796669913773822
1995-07-26,11.0466,2.402122688309079,0.018796669913773822
1995-07-27,10.8409,2.383326018395305,-0.018796669913773822
1995-07-28,10.9373,2.3921789658022616,0.008852947406956524
1995-07-31,10.9373,2.3921789658022616,0.0
1995-08-01,11.146,2.4110806891473446,0.018901723345083
1995-08-02,11.146,2.4110806891473446,0.0
1995-08-03,11.343,2.4286008135769053,0.017520124429560635
1995-08-04,11.4504,2.43802466388787,0.00942385031096471
1995-08-07,11.4504,2.43802466388787,0.0
1995-08-08,11.6523,2.455503585418684,0.017478921530813984
1995-08-09,11.5528,2.446927831830218,-0.008575753588465851
1995-08-10,11.343,2.4286008135769053,-0.018327018253312843
1995-08-11,11.0466,2.402122688309079,-0.026478125267826336
1995-08-14,11.343,2.4286008135769053,0.026478125267826336
1995-08-15,11.343,2.4286008135769053,0.0
1995-08-16,11.0466,2.402122688309079,-0.026478125267826336
1995-08-17,11.0466,2.402122688309079,0.0
1995-08-18,11.2476,2.4201547725583032,0.01803208424922431
1995-08-21,11.0466,2.402122688309079,-0.01803208424922431
1995-08-22,11.0466,2.402122688309079,0.0
1995-08-23,11.146,2.4110806891473446,0.0089580008382657
1995-08-24,10.9373,2.3921789658022616,-0.018901723345083
1995-08-25,10.9373,2.3921789658022616,0.0
1995-08-28,11.0466,2.402122688309079,0.009943722506817299
1995-08-29,11.0466,2.402122688309079,0.0
1995-08-30,10.9373,2.3921789658022616,-0.009943722506817299
1995-08-31,10.9373,2.3921789658022616,0.0
1995-09-01,10.8409,2.383326018395305,-0.008852947406956524
1995-09-05,10.8409,2.383326018395305,0.0
1995-09-06,10.8409,2.383326018395305,0.0
1995-09-07,11.0466,2.402122688309079,0.018796669913773822
1995-09-08,10.8409,2.383326018395305,-0.018796669913773822
1995-09-11,11.0466,2.402122688309079,0.018796669913773822
1995-09-12,11.2476,2.4201547725583032,0.01803208424922431
1995-09-13,11.0466,2.402122688309079,-0.01803208424922431
1995-09-14,11.2476,2.4201547725583032,0.01803208424922431
1995-09-15,11.0466,2.402122688309079,-0.01803208424922431
1995-09-18,11.2476,2.4201547725583032,0.01803208424922431
1995-09-19,11.2476,2.4201547725583032,0.0
1995-09-20,11.146,2.4110806891473446,-0.009074083410958611
1995-09-21,11.2476,2.4201547725583032,0.009074083410958611
1995-09-22,11.0466,2.402122688309079,-0.01803208424922431
1995-09-25,11.146,2.4110806891473446,0.0089580008382657
1995-09-26,11.0466,2.402122688309079,-0.0089580008382657
1995-09-27,11.146,2.4110806891473446,0.0089580008382657
1995-09-28,11.146,2.4110806891473446,0.0
1995-09-29,11.2476,2.4201547725583032,0.009074083410958611
1995-10-02,11.146,2.4110806891473446,-0.009074083410958611
1995-10-03,11.146,2.4110806891473446,0.0
1995-10-04,11.146,2.4110806891473446,0.0
1995-10-05,11.0466,2.402122688309079,-0.0089580008382657
1995-10-06,10.9373,2.3921789658022616,-0.009943722506817299
1995-10-09,10.9373,2.3921789658022616,0.0
1995-10-10,10.9373,2.3921789658022616,0.0
1995-10-11,10.9373,2.3921789658022616,0.0
1995-10-12,10.9373,2.3921789658022616,0.0
1995-10-13,10.8409,2.383326018395305,-0.008852947406956524
1995-10-16,10.7423,2.3741892188534885,-0.009136799541816565
1995-10-17,10.3366,2.3356909948910407,-0.03849822396244784
1995-10-18,10.2371,2.326018376376784,-0.009672618514256826
1995-10-19,9.93183,2.295744751107971,-0.030273625268812943
1995-10-20,9.93183,2.295744751107971,0.0
1995-10-23,9.72308,2.2745024407068666,-0.02124231040110436
1995-10-24,9.62652,2.2645217897833914,-0.00998065092347522
1995-10-25,9.62652,2.2645217897833914,0.0
1995-10-26,9.41585,2.2423944394997357,-0.022127350283655645
1995-10-27,9.11886,2.210344796273089,-0.03204964322664683
1995-10-30,8.91413,2.1876376582187844,-0.022707138054304465
1995-10-31,8.91413,2.1876376582187844,0.0
1995-11-01,9.0144,2.1988232986999163,0.011185640481131909
1995-11-02,9.21863,2.2212264365062193,0.022403137806302986
1995-11-03,9.31832,2.2319823549384323,0.010755918432213019
1995-11-06,9.41585,2.2423944394997357,0.01041208456130338
1995-11-07,9.41585,2.2423944394997357,0.0
1995-11-08,9.52802,2.254236931127202,0.011842491627466423
1995-11-09,10.0283,2.3054110960831085,0.05117416495590632
1995-11-10,10.1278,2.315284117971454,0.009873021888345601
1995-11-13,10.0283,2.3054110960831085,-0.009873021888345601
1995-11-14,9.83133,2.2855742251085713,-0.019836870974537124
1995-11-15,9.72308,2.2745024407068666,-0.011071784401704754
1995-11-16,9.83133,2.2855742251085713,0.011071784401704754
1995-11-17,9.83133,2.2855742251085713,0.0
1995-11-20,9.93183,2.295744751107971,0.010170525999399604
1995-11-21,9.93183,2.295744751107971,0.0
1995-11-22,9.72308,2.2745024407068666,-0.02124231040110436
1995-11-24,9.93183,2.295744751107971,0.02124231040110436
1995-11-27,10.0283,2.3054110960831085,0.00966634497513752
1995-11-28,10.2371,2.326018376376784,0.020607280293675423
1995-11-29,10.1278,2.315284117971454,-0.010734258405329822
1995-11-30,10.1278,2.315284117971454,0.0
1995-12-01,10.3366,2.3356909948910407,0.020406876919586647
1995-12-04,10.2371,2.326018376376784,-0.009672618514256826
1995-12-05,10.3366,2.3356909948910407,0.009672618514256826
1995-12-06,10.5346,2.3546650778594813,0.01897408296844061
1995-12-07,10.4332,2.3449930292436227,-0.009672048615858575
1995-12-08,10.4332,2.3449930292436227,0.0
1995-12-11,10.4332,2.3449930292436227,0.0
1995-12-12,10.4332,2.3449930292436227,0.0
1995-12-13,10.3366,2.3356909948910407,-0.009302034352582034
1995-12-14,10.2371,2.326018376376784,-0.009672618514256826
1995-12-15,10.2371,2.326018376376784,0.0
1995-12-18,10.1278,2.315284117971454,-0.010734258405329822
1995-12-19,10.2371,2.326018376376784,0.010734258405329822
1995-12-20,10.2371,2.326018376376784,0.0
1995-12-21,10.3366,2.3356909948910407,0.009672618514256826
1995-12-22,10.2371,2.326018376376784,-0.009672618514256826
1995-12-26,10.1278,2.315284117971454,-0.010734258405329822
1995-12-27,10.2371,2.326018376376784,0.010734258405329822
1995-12-28,10.0283,2.3054110960831085,-0.020607280293675423
1995-12-29,10.1278,2.315284117971454,0.009873021888345601
1996-01-02,10.8409,2.383326018395305,0.06804190042385105
1996-01-03,11.0466,2.402122688309079,0.018796669913773822
1996-01-04,11.146,2.4110806891473446,0.0089580008382657
1996-01-05,11.5373,2.4455852649008234,0.03450457575347876
1996-01-08,11.7333,2.4624309530228152,0.01684568812199183
1996-01-09,11.7333,2.4624309530228152,0.0
1996-01-10,12.453,2.5219615577390115,0.05953060471619631
1996-01-11,12.3428,2.51307289711435,-0.008888660624661426
1996-01-12,12.1468,2.49706576061181,-0.016007136502540042
1996-01-15,12.3428,2.51307289711435,0.016007136502540042
1996-01-16,12.2453,2.505142189899851,-0.007930707214498955
1996-01-17,12.453,2.5219615577390115,0.016819367839160382
1996-01-18,12.1468,2.49706576061181,-0.02489579712720147
1996-01-19,12.2453,2.505142189899851,0.008076429288041087
1996-01-22,12.9563,2.5615821563358474,0.05643996643599625
1996-01-23,12.8607,2.554176149676454,-0.007406006659393505
1996-01-24,12.6501,2.5376651202806237,-0.016511029395830157
1996-01-25,13.166,2.5776377490456848,0.039972628765061025
1996-01-26,13.2606,2.5847972326027957,0.007159483557110935
1996-01-29,13.5757,2.6082814298680828,0.023484197265287055
1996-01-30,13.5757,2.6082814298680828,0.0
1996-01-31,13.3698,2.5929984321388404,-0.015282997729242354
1996-02-01,13.9833,2.6378637604520376,0.04486532831319723
1996-02-02,14.2876,2.6593920282215446,0.021528267769507003
1996-02-05,14.389,2.6664640257812806,0.007071997559735976
1996-02-06,14.2876,2.6593920282215446,-0.007071997559735976
1996-02-07,13.7756,2.6228989112591763,-0.036493116962368344
1996-02-08,13.4722,2.6006283029954766,-0.022270608263699643
1996-02-09,13.166,2.5776377490456848,-0.02299055394979188
1996-02-12,12.9563,2.5615821563358474,-0.016055592709837363
1996-02-13,13.4722,2.6006283029954766,0.039046146659629244
1996-02-14,13.678,2.6157887026759044,0.015160399680427705
1996-02-15,13.3698,2.5929984321388404,-0.02279027053706395
1996-02-16,13.7756,2.6228989112591763,0.029900479120335888
1996-02-20,13.7756,2.6228989112591763,0.0
1996-02-21,13.7756,2.6228989112591763,0.0
1996-02-22,14.0839,2.64503230101199,0.02213338975281376
1996-02-23,13.9833,2.6378637604520376,-0.007168540559952419
1996-02-26,13.8809,2.6305137944750983,-0.007349965976939377
1996-02-27,14.0839,2.64503230101199,0.014518506536891795
1996-02-28,14.0839,2.64503230101199,0.0
1996-02-29,13.7756,2.6228989112591763,-0.02213338975281376
1996-03-01,13.5757,2.6082814298680828,-0.014617481391093534
1996-03-04,12.9563,2.5615821563358474,-0.04669927353223535
1996-03-05,12.9563,2.5615821563358474,0.0
1996-03-06,13.2606,2.5847972326027957,0.023215076266948298
1996-03-07,13.7756,2.6228989112591763,0.03810167865638059
1996-03-08,14.0839,2.64503230101199,0.02213338975281376
1996-03-11,14.389,2.6664640257812806,0.02143172476929056
1996-03-12,15.2054,2.7216506279191117,0.05518660213783111
1996-03-13,15.4132,2.7352242851395654,0.013573657220453672
1996-03-14,14.9987,2.7079635306797707,-0.0272607544597947
1996-03-15,15.1049,2.715019194492325,0.0070556638125545135
1996-03-18,15.2054,2.7216506279191117,0.006631433426786515
1996-03-19,15.3049,2.728173038563551,0.006522410644439258
1996-03-20,15.1049,2.715019194492325,-0.013153844071225773
1996-03-21,15.2054,2.7216506279191117,0.006631433426786515
1996-03-22,15.2054,2.7216506279191117,0.0
1996-03-25,15.1049,2.715019194492325,-0.006631433426786515
1996-03-26,15.5106,2.7415236611597487,0.026504466667423454
1996-03-27,15.4132,2.7352242851395654,-0.006299376020183267
1996-03-28,14.8026,2.6948028410165805,-0.04042144412298487
1996-03-29,14.591,2.6804049002818853,-0.014397940734695247
1996-04-01,14.4973,2.6739624251913203,-0.0064424750905649475
1996-04-02,14.389,2.6664640257812806,-0.007498399410039713
1996-04-03,14.591,2.6804049002818853,0.01394087450060466
1996-04-04,14.9002,2.70137463568012,0.020969735398234768
1996-04-08,15.1049,2.715019194492325,0.013644558812205165
1996-04-09,14.9002,2.70137463568012,-0.013644558812205165
1996-04-10,15.2054,2.7216506279191117,0.02027599223899168
1996-04-11,15.1049,2.715019194492325,-0.006631433426786515
1996-04-12,14.9987,2.7079635306797707,-0.0070556638125545135
1996-04-15,14.8026,2.6948028410165805,-0.013160689663190173
1996-04-16,14.8026,2.6948028410165805,0.0
1996-04-17,14.8026,2.6948028410165805,0.0
1996-04-18,14.591,2.6804049002818853,-0.014397940734695247
1996-04-19,14.6933,2.6873916075714352,0.006986707289549976
1996-04-22,14.591,2.6804049002818853,-0.006986707289549976
1996-04-23,14.4973,2.6739624251913203,-0.0064424750905649475
1996-04-24,14.2876,2.6593920282215446,-0.01457039696977569
1996-04-25,14.591,2.6804049002818853,0.021012872060340637
1996-04-26,14.591,2.6804049002818853,0.0
1996-04-29,14.591,2.6804049002818853,0.0
1996-04-30,14.9002,2.70137463568012,0.020969735398234768
1996-05-01,15.3049,2.728173038563551,0.02679840288343094
1996-05-02,15.3049,2.728173038563551,0.0
1996-05-03,15.1049,2.715019194492325,-0.013153844071225773
1996-05-06,15.817,2.761085310981352,0.04606611648902659
1996-05-07,16.2198,2.786232718155019,0.025147407173667258
1996-05-08,16.0267,2.774256081423568,-0.011976636731450885
1996-05-09,16.7366,2.8175979381003065,0.04334185667673829
1996-05-10,16.4324,2.7992549956357844,-0.01834294246452206
1996-05-13,16.4324,2.7992549956357844,0.0
1996-05-14,16.6343,2.8114668286331455,0.01221183299736106
1996-05-15,16.4324,2.7992549956357844,-0.01221183299736106
1996-05-16,16.3319,2.793120250489772,-0.00613474514601231
1996-05-17,16.3319,2.793120250489772,0.0
1996-05-20,15.7213,2.7550164807828534,-0.038103769706918644
1996-05-21,16.1262,2.7804452785175604,0.025428797734706965
1996-05-22,16.0267,2.774256081423568,-0.006189197093992238
1996-05-23,16.0267,2.774256081423568,0.0
1996-05-24,15.9165,2.7673563069996177,-0.006899774423950511
1996-05-28,15.9165,2.7673563069996177,0.0
1996-05-29,15.9165,2.7673563069996177,0.0
1996-05-30,16.1262,2.7804452785175604,0.013088971517942749
1996-05-31,16.3319,2.793120250489772,0.01267497197221168
1996-06-03,16.4324,2.7992549956357844,0.00613474514601231
1996-06-04,15.9165,2.7673563069996177,-0.03189868863616674
1996-06-05,14.9987,2.7079635306797707,-0.05939277631984696
1996-06-06,14.2876,2.6593920282215446,-0.04857150245822606
1996-06-07,14.9002,2.70137463568012,0.041982607458575405
1996-06-10,14.6933,2.6873916075714352,-0.013983028108684792
1996-06-11,13.4722,2.6006283029954766,-0.0867633045759586
1996-06-12,13.4722,2.6006283029954766,0.0
1996-06-13,13.5757,2.6082814298680828,0.007653126872606109
1996-06-14,13.678,2.6157887026759044,0.007507272807821597
1996-06-17,13.5757,2.6082814298680828,-0.007507272807821597
1996-06-18,13.4722,2.6006283029954766,-0.007653126872606109
1996-06-19,13.5757,2.6082814298680828,0.007653126872606109
1996-06-20,13.7756,2.6228989112591763,0.014617481391093534
1996-06-21,13.678,2.6157887026759044,-0.0071102085832719375
1996-06-24,13.7756,2.6228989112591763,0.0071102085832719375
1996-06-25,13.678,2.6157887026759044,-0.0071102085832719375
1996-06-26,13.678,2.6157887026759044,0.0
1996-06-27,13.166,2.5776377490456848,-0.038150953630219586
1996-06-28,13.2606,2.5847972326027957,0.007159483557110935
1996-07-01,13.2606,2.5847972326027957,0.0
1996-07-02,13.166,2.5776377490456848,-0.007159483557110935
1996-07-03,13.3698,2.5929984321388404,0.015360683093155636
1996-07-05,13.7756,2.6228989112591763,0.029900479120335888
1996-07-08,13.3698,2.5929984321388404,-0.029900479120335888
1996-07-09,13.4722,2.6006283029954766,0.007629870856636245
1996-07-10,13.3698,2.5929984321388404,-0.007629870856636245
1996-07-11,13.5757,2.6082814298680828,0.015282997729242354
1996-07-12,13.678,2.6157887026759044,0.007507272807821597
1996-07-15,13.5757,2.6082814298680828,-0.007507272807821597
1996-07-16,13.166,2.5776377490456848,-0.03064368082239799
1996-07-17,13.3698,2.5929984321388404,0.015360683093155636
1996-07-18,13.5757,2.6082814298680828,0.015282997729242354
1996-07-19,13.678,2.6157887026759044,0.007507272807821597
1996-07-22,13.3698,2.5929984321388404,-0.02279027053706395
1996-07-23,13.0656,2.5699828221431193,-0.023015609995721054
1996-07-24,12.453,2.5219615577390115,-0.04802126440410781
1996-07-25,12.2453,2.505142189899851,-0.016819367839160382
1996-07-26,12.2453,2.505142189899851,0.0
1996-07-29,11.5373,2.4455852649008234,-0.05955692499902776
1996-07-30,11.5373,2.4455852649008234,0.0
1996-07-31,12.453,2.5219615577390115,0.07637629283818814
1996-08-01,12.3428,2.51307289711435,-0.008888660624661426
1996-08-02,12.453,2.5219615577390115,0.008888660624661426
1996-08-05,13.0656,2.5699828221431193,0.04802126440410781
1996-08-06,12.6501,2.5376651202806237,-0.03231770186249561
1996-08-07,12.453,2.5219615577390115,-0.015703562541612204
1996-08-08,12.1468,2.49706576061181,-0.02489579712720147
1996-08-09,12.0405,2.488275967257604,-0.008789793354206044
1996-08-12,12.0405,2.488275967257604,0.0
1996-08-13,11.8406,2.471534303847567,-0.016741663410037244
1996-08-14,12.0405,2.488275967257604,0.016741663410037244
1996-08-15,12.2453,2.505142189899851,0.01686622264224713
1996-08-16,12.3428,2.51307289711435,0.007930707214498955
1996-08-19,12.3428,2.51307289711435,0.0
1996-08-20,12.5545,2.5300791670455136,0.017006269931163498
1996-08-21,12.5545,2.5300791670455136,0.0
1996-08-22,12.6501,2.5376651202806237,0.007585953235110132
1996-08-23,12.6501,2.5376651202806237,0.0
1996-08-26,13.0656,2.5699828221431193,0.03231770186249561
1996-08-27,13.0656,2.5699828221431193,0.0
1996-08-28,13.166,2.5776377490456848,0.007654926902565418
1996-08-29,14.1882,2.6524106332315314,0.0747728841858466
1996-08-30,14.2876,2.6593920282215446,0.006981394990013268
1996-09-03,14.0839,2.64503230101199,-0.014359727209554585
1996-09-04,13.9833,2.6378637604520376,-0.007168540559952419
1996-09-05,13.5757,2.6082814298680828,-0.029582330583954874
1996-09-06,13.2606,2.5847972326027957,-0.023484197265287055
1996-09-09,12.8607,2.554176149676454,-0.030621082926341803
1996-09-10,12.5545,2.5300791670455136,-0.02409698263094029
1996-09-11,12.8607,2.554176149676454,0.02409698263094029
1996-09-12,12.6501,2.5376651202806237,-0.016511029395830157
1996-09-13,13.4722,2.6006283029954766,0.0629631827148529
1996-09-16,13.3698,2.5929984321388404,-0.007629870856636245
1996-09-17,13.2606,2.5847972326027957,-0.008201199536044701
1996-09-18,13.5757,2.6082814298680828,0.023484197265287055
1996-09-19,13.4722,2.6006283029954766,-0.007653126872606109
1996-09-20,13.0656,2.5699828221431193,-0.0306454808523573
1996-09-23,12.9563,2.5615821563358474,-0.008400665807271945
1996-09-24,13.166,2.5776377490456848,0.016055592709837363
1996-09-25,12.9563,2.5615821563358474,-0.016055592709837363
1996-09-26,12.5545,2.5300791670455136,-0.031502989290333794
1996-09-27,12.6501,2.5376651202806237,0.007585953235110132
1996-09-30,12.453,2.5219615577390115,-0.015703562541612204
1996-10-01,12.6501,2.5376651202806237,0.015703562541612204
1996-10-02,13.2606,2.5847972326027957,0.04713211232217196
1996-10-03,13.0656,2.5699828221431193,-0.014814410459676353
1996-10-04,13.2606,2.5847972326027957,0.014814410459676353
1996-10-07,13.166,2.5776377490456848,-0.007159483557110935
1996-10-08,13.3698,2.5929984321388404,0.015360683093155636
1996-10-09,13.3698,2.5929984321388404,0.0
1996-10-10,13.2606,2.5847972326027957,-0.008201199536044701
1996-10-11,12.6501,2.5376651202806237,-0.04713211232217196
1996-10-14,12.6501,2.5376651202806237,0.0
1996-10-15,12.3428,2.51307289711435,-0.02459222316627363
1996-10-16,12.2453,2.505142189899851,-0.007930707214498955
1996-10-17,12.1468,2.49706576061181,-0.008076429288041087
1996-10-18,12.0405,2.488275967257604,-0.008789793354206044
1996-10-21,12.0405,2.488275967257604,0.0
1996-10-22,12.1468,2.49706576061181,0.008789793354206044
1996-10-23,12.0405,2.488275967257604,-0.008789793354206044
1996-10-24,11.8406,2.471534303847567,-0.016741663410037244
1996-10-25,11.8406,2.471534303847567,0.0
1996-10-28,11.6347,2.4539920121502408,-0.017542291697326018
1996-10-29,11.6347,2.4539920121502408,0.0
1996-10-30,11.6347,2.4539920121502408,0.0
1996-10-31,11.426,2.4358914603022708,-0.018100551847969992
1996-11-01,11.2309,2.4186689080146273,-0.017222552287643467
1996-11-04,11.1197,2.408718310041246,-0.009950597973381381
1996-11-05,11.0212,2.399820690718325,-0.008897619322921102
1996-11-06,10.6145,2.3622209908899197,-0.037599699828405164
1996-11-07,10.9227,2.3908431925020888,0.028622201612169107
1996-11-08,11.1197,2.408718310041246,0.01787511753915716
1996-11-11,11.5373,2.4455852649008234,0.03686695485957747
1996-11-12,11.6347,2.4539920121502408,0.008406747249417368
1996-11-13,12.453,2.5219615577390115,0.06796954558877077
1996-11-14,12.0405,2.488275967257604,-0.03368559048140751
1996-11-15,12.1468,2.49706576061181,0.008789793354206044
1996-11-18,11.5373,2.4455852649008234,-0.05148049571098667
1996-11-19,11.7333,2.4624309530228152,0.01684568812199183
1996-11-20,12.0405,2.488275967257604,0.0258450142347888
1996-11-21,11.94,2.479894107964456,-0.008381859293148164
1996-11-22,11.7333,2.4624309530228152,-0.017463154941640635
1996-11-25,11.5373,2.4455852649008234,-0.01684568812199183
1996-11-26,11.5373,2.4455852649008234,0.0
1996-11-27,11.426,2.4358914603022708,-0.009693804598552624
1996-11-29,11.2309,2.4186689080146273,-0.017222552287643467
1996-12-02,10.9227,2.3908431925020888,-0.02782571551253854
1996-12-03,10.716,2.3717379516823622,-0.019105240819726532
1996-12-04,10.716,2.3717379516823622,0.0
1996-12-05,11.1197,2.408718310041246,0.03698035835888369
1996-12-06,11.3304,2.4274893789180494,0.018771068876803465
1996-12-09,11.426,2.4358914603022708,0.008402081384221383
1996-12-10,11.6347,2.4539920121502408,0.018100551847969992
1996-12-11,11.3304,2.4274893789180494,-0.026502633232191375
1996-12-12,11.5373,2.4455852649008234,0.018095885982774007
1996-12-13,11.426,2.4358914603022708,-0.009693804598552624
1996-12-16,11.2309,2.4186689080146273,-0.017222552287643467
1996-12-17,11.426,2.4358914603022708,0.017222552287643467
1996-12-18,11.3304,2.4274893789180494,-0.008402081384221383
1996-12-19,11.426,2.4358914603022708,0.008402081384221383
1996-12-20,11.5373,2.4455852649008234,0.009693804598552624
1996-12-23,11.6347,2.4539920121502408,0.008406747249417368
1996-12-24,11.3304,2.4274893789180494,-0.026502633232191375
1996-12-26,11.5373,2.4455852649008234,0.018095885982774007
1996-12-27,11.5373,2.4455852649008234,0.0
1996-12-30,11.426,2.4358914603022708,-0.009693804598552624
1996-12-31,11.426,2.4358914603022708,0.0
1997-01-02,11.3304,2.4274893789180494,-0.008402081384221383
1997-01-03,11.2046,2.4163244082667377,-0.011164970651311723
1997-01-06,10.6916,2.369458386428336,-0.04686602183840183
1997-01-07,10.6916,2.369458386428336,0.0
1997-01-08,10.3844,2.3403046800210596,-0.029153706407276214
1997-01-09,10.8963,2.388423282067777,0.048118602046717474
1997-01-10,10.9959,2.3975224760455682,0.009099193977791131
1997-01-13,11.1042,2.407323415129621,0.009800939084052551
1997-01-14,10.793,2.378897775843209,-0.02842563928641173
1997-01-15,10.793,2.378897775843209,0.0
1997-01-16,11.1042,2.407323415129621,0.02842563928641173
1997-01-17,11.1042,2.407323415129621,0.0
1997-01-20,10.9959,2.3975224760455682,-0.009800939084052551
1997-01-21,10.8963,2.388423282067777,-0.009099193977791131
1997-01-22,10.5833,2.3592772870593315,-0.029145995008445613
1997-01-23,10.6916,2.369458386428336,0.010181099369004354
1997-01-24,10.9959,2.3975224760455682,0.02806408961723239
1997-01-27,11.3119,2.425855268945411,0.028332792899842918
1997-01-28,10.9959,2.3975224760455682,-0.028332792899842918
1997-01-29,10.9959,2.3975224760455682,0.0
1997-01-30,10.793,2.378897775843209,-0.01862470020235918
1997-01-31,10.9959,2.3975224760455682,0.01862470020235918
1997-02-03,11.1042,2.407323415129621,0.009800939084052551
1997-02-04,10.9959,2.3975224760455682,-0.009800939084052551
1997-02-05,10.793,2.378897775843209,-0.01862470020235918
1997-02-06,10.793,2.378897775843209,0.0
1997-02-07,10.4849,2.3499361268739714,-0.028961648969237697
1997-02-10,10.3844,2.3403046800210596,-0.00963144685291173
1997-02-11,10.277,2.329908388642936,-0.010396291378123479
1997-02-12,10.5833,2.3592772870593315,0.02936889841639534
1997-02-13,10.5833,2.3592772870593315,0.0
1997-02-14,10.8963,2.388423282067777,0.029145995008445613
1997-02-18,11.2046,2.4163244082667377,0.02790112619896057
1997-02-19,11.2046,2.4163244082667377,0.0
1997-02-20,11.7157,2.460929822628771,0.04460541436203336
1997-02-21,11.7157,2.460929822628771,0.0
1997-02-24,11.7157,2.460929822628771,0.0
1997-02-25,11.7157,2.460929822628771,0.0
1997-02-26,11.7157,2.460929822628771,0.0
1997-02-27,11.9225,2.4784273711902425,0.017497548561471454
1997-02-28,11.7157,2.460929822628771,-0.017497548561471454
1997-03-03,11.4085,2.434358691603488,-0.02657113102528319
1997-03-04,11.2046,2.4163244082667377,-0.018034283336750168
1997-03-05,11.1042,2.407323415129621,-0.009000993137116886
1997-03-06,11.1042,2.407323415129621,0.0
1997-03-07,10.793,2.378897775843209,-0.02842563928641173
1997-03-10,10.9959,2.3975224760455682,0.01862470020235918
1997-03-11,11.1042,2.407323415129621,0.009800939084052551
1997-03-12,10.9959,2.3975224760455682,-0.009800939084052551
1997-03-13,10.9959,2.3975224760455682,0.0
1997-03-14,10.9959,2.3975224760455682,0.0
1997-03-17,10.9959,2.3975224760455682,0.0
1997-03-18,10.6916,2.369458386428336,-0.02806408961723239
1997-03-19,10.5833,2.3592772870593315,-0.010181099369004354
1997-03-20,9.9718,2.2997611093029438,-0.059516177756387734
1997-03-21,10.1776,2.3201892269424027,0.020428117639458954
1997-03-24,9.766,2.2789069656394685,-0.04128226130293422
1997-03-25,9.66358,2.2683641799831338,-0.010542785656334708
1997-03-26,9.766,2.2789069656394685,0.010542785656334708
1997-03-27,9.25453,2.225113161375597,-0.0537938042638717
1997-03-31,9.25453,2.225113161375597,0.0
1997-04-01,9.25453,2.225113161375597,0.0
1997-04-02,9.14344,2.2130366822724135,-0.012076479103183324
1997-04-03,9.14344,2.2130366822724135,0.0
1997-04-04,9.14344,2.2130366822724135,0.0
1997-04-07,9.04572,2.202291717669238,-0.010744964603175422
1997-04-08,9.04572,2.202291717669238,0.0
1997-04-09,8.74179,2.168114974189653,-0.03417674347958499
1997-04-10,8.5318,2.1438003591716743,-0.024314615017978713
1997-04-11,8.2273,2.1074578928191428,-0.03634246635253158
1997-04-14,8.11944,2.0942611862781146,-0.013196706541028114
1997-04-15,7.81386,2.055899079912355,-0.03836210636575954
1997-04-16,8.02044,2.081993283216405,0.0260942033040501
1997-04-17,8.02044,2.081993283216405,0.0
1997-04-18,8.2273,2.1074578928191428,0.025464609602737553
1997-04-21,8.2273,2.1074578928191428,0.0
1997-04-22,8.2273,2.1074578928191428,0.0
1997-04-23,8.11944,2.0942611862781146,-0.013196706541028114
1997-04-24,8.2273,2.1074578928191428,0.013196706541028114
1997-04-25,8.2273,2.1074578928191428,0.0
1997-04-28,8.11944,2.0942611862781146,-0.013196706541028114
1997-04-29,8.2273,2.1074578928191428,0.013196706541028114
1997-04-30,8.2273,2.1074578928191428,0.0
1997-05-01,8.42482,2.1311821110250277,0.023724218205884995
1997-05-02,8.42482,2.1311821110250277,0.0
1997-05-05,8.63334,2.1556314522378566,0.024449341212828823
1997-05-06,8.5318,2.1438003591716743,-0.011831093066182241
1997-05-07,8.83894,2.1791669599575703,0.03536660078589593
1997-05-08,9.04572,2.202291717669238,0.023124757711667776
1997-05-09,9.25453,2.225113161375597,0.022821443706358746
1997-05-12,8.94702,2.1913205159491236,-0.0337926454264732
1997-05-13,8.94702,2.1913205159491236,0.0
1997-05-14,8.83894,2.1791669599575703,-0.012153555991553322
1997-05-15,9.04572,2.202291717669238,0.023124757711667776
1997-05-16,8.94702,2.1913205159491236,-0.010971201720114454
1997-05-19,8.83894,2.1791669599575703,-0.012153555991553322
1997-05-20,8.83894,2.1791669599575703,0.0
1997-05-21,8.74179,2.168114974189653,-0.011051985767917216
1997-05-22,8.83894,2.1791669599575703,0.011051985767917216
1997-05-23,8.83894,2.1791669599575703,0.0
1997-05-27,8.74179,2.168114974189653,-0.011051985767917216
1997-05-28,8.83894,2.1791669599575703,0.011051985767917216
1997-05-29,8.83894,2.1791669599575703,0.0
1997-05-30,8.74179,2.168114974189653,-0.011051985767917216
1997-06-02,8.74179,2.168114974189653,0.0
1997-06-03,8.74179,2.168114974189653,0.0
1997-06-04,8.5318,2.1438003591716743,-0.024314615017978713
1997-06-05,8.74179,2.168114974189653,0.024314615017978713
1997-06-06,8.74179,2.168114974189653,0.0
1997-06-09,8.74179,2.168114974189653,0.0
1997-06-10,8.83894,2.1791669599575703,0.011051985767917216
1997-06-11,8.94702,2.1913205159491236,0.012153555991553322
1997-06-12,8.94702,2.1913205159491236,0.0
1997-06-13,9.14344,2.2130366822724135,0.021716166323289876
1997-06-16,8.94702,2.1913205159491236,-0.021716166323289876
1997-06-17,8.94702,2.1913205159491236,0.0
1997-06-18,8.5318,2.1438003591716743,-0.04752015677744925
1997-06-19,8.42482,2.1311821110250277,-0.012618248146646582
1997-06-20,8.2273,2.1074578928191428,-0.023724218205884995
1997-06-23,8.42482,2.1311821110250277,0.023724218205884995
1997-06-24,8.07018,2.0881757868658224,-0.043006324159205356
1997-06-25,8.16928,2.1003807776934917,0.012204990827669349
1997-06-26,8.3264,2.1194311898959945,0.01905041220250281
1997-06-27,7.9626,2.0747555796891217,-0.04467561020687283
1997-06-30,7.91316,2.0685271963139553,-0.006228383375166402
1997-07-01,7.9626,2.0747555796891217,0.006228383375166402
1997-07-02,7.8636,2.0622445168513144,-0.01251106283780734
1997-07-03,7.76423,2.0495272887731883,-0.01271722807812603
1997-07-07,7.19366,1.9732000825496727,-0.07632720622351563
1997-07-08,7.30104,1.9880168037604884,0.014816721210815675
1997-07-09,6.98669,1.9440069104738116,-0.044009893286676816
1997-07-10,7.2433,1.9800769036568278,0.03606999318301618
1997-07-11,7.19366,1.9732000825496727,-0.00687682110715504
1997-07-14,7.04472,1.9522784000611648,-0.020921682488507898
1997-07-15,6.93734,1.9369184157435333,-0.015359984317631525
1997-07-16,6.63157,1.8918415785777782,-0.04507683716575506
1997-07-17,7.04472,1.9522784000611648,0.06043682148338658
1997-07-18,7.2433,1.9800769036568278,0.027798503595662938
1997-07-21,7.09476,1.9593564834013946,-0.020720420255433192
1997-07-22,7.04472,1.9522784000611648,-0.007078083340229746
1997-07-23,7.04472,1.9522784000611648,0.0
1997-07-24,7.04472,1.9522784000611648,0.0
1997-07-25,7.04472,1.9522784000611648,0.0
1997-07-28,7.2433,1.9800769036568278,0.027798503595662938
1997-07-29,7.04472,1.9522784000611648,-0.027798503595662938
1997-07-30,7.04472,1.9522784000611648,0.0
1997-07-31,7.04472,1.9522784000611648,0.0
1997-08-01,7.04472,1.9522784000611648,0.0
1997-08-04,6.93734,1.9369184157435333,-0.015359984317631525
1997-08-05,6.83804,1.9225011408636448,-0.01441727487988853
1997-08-06,6.73057,1.9066598354639435,-0.0158413053997013
1997-08-07,7.04472,1.9522784000611648,0.045618564597221356
1997-08-08,7.40003,2.0014840542559607,0.049205654194795834
1997-08-11,7.50791,2.0159571314387765,0.014473077182815874
1997-08-12,7.40003,2.0014840542559607,-0.014473077182815874
1997-08-13,7.45016,2.0082355086709183,0.006751454414957614
1997-08-14,7.40003,2.0014840542559607,-0.006751454414957614
1997-08-15,7.35108,1.994847241205811,-0.006636813050149737
1997-08-18,7.19366,1.9732000825496727,-0.0216471586561382
1997-08-19,7.19366,1.9732000825496727,0.0
1997-08-20,7.14401,1.966274243349254,-0.006925839200418782
1997-08-21,7.2433,1.9800769036568278,0.013802660307573822
1997-08-22,7.40003,2.0014840542559607,0.021407150599132896
1997-08-25,7.45016,2.0082355086709183,0.006751454414957614
1997-08-26,7.30104,1.9880168037604884,-0.020218704910429874
1997-08-27,7.2433,1.9800769036568278,-0.007939900103660635
1997-08-28,7.2433,1.9800769036568278,0.0
1997-08-29,7.2433,1.9800769036568278,0.0
1997-09-02,7.2433,1.9800769036568278,0.0
1997-09-03,7.2433,1.9800769036568278,0.0
1997-09-04,7.30104,1.9880168037604884,0.007939900103660635
1997-09-05,7.2433,1.9800769036568278,-0.007939900103660635
1997-09-08,7.14401,1.966274243349254,-0.013802660307573822
1997-09-09,7.09476,1.9593564834013946,-0.00691775994785937
1997-09-10,6.93734,1.9369184157435333,-0.02243806765786127
1997-09-11,7.09476,1.9593564834013946,0.02243806765786127
1997-09-12,6.93734,1.9369184157435333,-0.02243806765786127
1997-09-15,6.93734,1.9369184157435333,0.0
1997-09-16,6.83804,1.9225011408636448,-0.01441727487988853
1997-09-17,6.83804,1.9225011408636448,0.0
1997-09-18,6.98669,1.9440069104738116,0.021505769610166814
1997-09-19,6.98669,1.9440069104738116,0.0
1997-09-22,6.88769,1.929735760305437,-0.014271150168374547
1997-09-23,6.88769,1.929735760305437,0.0
1997-09-24,7.04472,1.9522784000611648,0.02254263975572779
1997-09-25,7.35108,1.994847241205811,0.0425688411446461
1997-09-26,7.2433,1.9800769036568278,-0.014770337548983159
1997-09-29,7.40003,2.0014840542559607,0.021407150599132896
1997-09-30,8.27657,2.1134286313637043,0.11194457710774364
1997-10-01,8.16928,2.1003807776934917,-0.01304785367021255
1997-10-02,8.07018,2.0881757868658224,-0.012204990827669349
1997-10-03,8.27657,2.1134286313637043,0.0252528444978819
1997-10-06,8.07018,2.0881757868658224,-0.0252528444978819
1997-10-07,7.81386,2.055899079912355,-0.03227670695346729
1997-10-08,7.9626,2.0747555796891217,0.018856499776766622
1997-10-09,7.81386,2.055899079912355,-0.018856499776766622
1997-10-10,7.8636,2.0622445168513144,0.006345436938959281
1997-10-13,7.91316,2.0685271963139553,0.006282679462640939
1997-10-14,7.76423,2.0495272887731883,-0.01899990754076697
1997-10-15,7.65673,2.0355849996573725,-0.013942289115815854
1997-10-16,7.50791,2.0159571314387765,-0.019627868218595967
1997-10-17,7.40003,2.0014840542559607,-0.014473077182815874
1997-10-20,7.35108,1.994847241205811,-0.006636813050149737
1997-10-21,7.50791,2.0159571314387765,0.02110989023296561
1997-10-22,7.607,2.029068876015164,0.01311174457638753
1997-10-23,7.55726,2.0225086906339818,-0.006560185381182304
1997-10-24,6.88769,1.929735760305437,-0.09277293032854472
1997-10-27,6.32513,1.8445305877620504,-0.08520517254338666
1997-10-28,6.0608,1.8018418045695674,-0.042688783192482926
1997-10-29,5.75505,1.7500777302334114,-0.05176407433615604
1997-10-30,6.0608,1.8018418045695674,0.05176407433615604
1997-10-31,5.86223,1.7685300772747135,-0.03331172729485399
1997-11-03,5.91197,1.7769791092081273,0.008449031933413842
1997-11-04,5.70491,1.7413272075541948,-0.035651901653932505
1997-11-05,5.65575,1.7326727267687292,-0.008654480785465601
1997-11-06,5.44868,1.695373377504689,-0.037299349264040105
1997-11-07,4.8867,1.586517229049532,-0.10885614845515712
1997-11-10,4.93644,1.5966444236351256,0.010127194585593635
1997-11-11,4.82867,1.5745710674264761,-0.022073356208649475
1997-11-12,4.57255,1.5200710361602217,-0.05450003126625447
1997-11-13,4.52271,1.509111371703461,-0.010959664456760665
1997-11-14,4.10985,1.4133865314917702,-0.09572484021169081
1997-11-17,4.06011,1.4012100668426755,-0.01217646464909472
1997-11-18,4.47326,1.498117449298429,0.09690738245575359
1997-11-19,4.622,1.530827511852189,0.032710062553759967
1997-11-20,4.36597,1.473840386826087,-0.05698712502610204
1997-11-21,4.57255,1.5200710361602217,0.04623064933413468
1997-11-24,4.21723,1.4391785144201013,-0.0808925217401204
1997-11-25,3.90298,1.3617403639219616,-0.07743815049813962
1997-11-26,3.75395,1.3228086189493515,-0.038931744972610094
1997-11-28,3.90298,1.3617403639219616,0.038931744972610094
1997-12-01,3.85325,1.348916948044692,-0.01282341587726954
1997-12-02,3.96072,1.376425826921285,0.027508878876592924
1997-12-03,3.90298,1.3617403639219616,-0.014685462999323384
1997-12-04,3.70411,1.3094430139671573,-0.052297349954804284
1997-12-05,4.06011,1.4012100668426755,0.09176705287551812
1997-12-08,3.75395,1.3228086189493515,-0.07840144789332393
1997-12-09,4.01038,1.3888859999210088,0.06607738097165727
1997-12-10,4.42362,1.486958365413296,0.09807236549228726
1997-12-11,4.26668,1.450836007252579,-0.03612235816071707
1997-12-12,4.10985,1.4133865314917702,-0.037449475760808815
1997-12-15,4.1592,1.425322748087369,0.011936216595598736
1997-12-16,4.06011,1.4012100668426755,-0.024112681244693457
1997-12-17,4.622,1.530827511852189,0.12961744500951355
1997-12-18,4.42362,1.486958365413296,-0.04386914643889295
1997-12-19,4.52271,1.509111371703461,0.022153006290164923
1997-12-22,4.42362,1.486958365413296,-0.022153006290164923
1997-12-23,4.42362,1.486958365413296,0.0
1997-12-24,4.72957,1.5538342892804506,0.06687592386715457
1997-12-26,4.68042,1.543387849492584,-0.010446439787866746
1997-12-29,4.47326,1.498117449298429,-0.04527040019415485
1997-12-30,4.42362,1.486958365413296,-0.011159083885132981
1997-12-31,4.42362,1.486958365413296,0.0
1998-01-02,4.48954,1.5017502466171733,0.0147918812038772
1998-01-05,4.38245,1.477607928735049,-0.024142317882124287
1998-01-06,4.28327,1.4547167365715874,-0.022891192163461582
1998-01-07,4.33252,1.466149358869329,0.011432622297741668
1998-01-08,4.23352,1.4430337983124917,-0.02311556055683739
1998-01-09,4.02675,1.3929595989886514,-0.050074199323840274
1998-01-12,3.96882,1.3784688212985963,-0.014490777690055134
1998-01-13,4.38245,1.477607928735049,0.09913910743645271
1998-01-14,4.44,1.4906543764441336,0.013046447709084585
1998-01-15,4.74615,1.5573337630767057,0.06667938663257211
1998-01-16,4.95302,1.5999974915547421,0.042663728478036456
1998-01-20,4.84525,1.57799884359872,-0.021998647956022133
1998-01-21,4.84525,1.57799884359872,0.0
1998-01-22,4.53968,1.5128565249876038,-0.06514231861111619
1998-01-23,5.2586,1.659864831627023,0.14700830663941922
1998-01-26,5.2586,1.659864831627023,0.0
1998-01-27,5.41572,1.689305835602946,0.029441003975922975
1998-01-28,5.41572,1.689305835602946,0.0
1998-01-29,5.20905,1.650397497488344,-0.03890833811460204
1998-01-30,5.31682,1.6708753802722673,0.020477882783923373
1998-02-02,5.1599,1.6409171994607186,-0.029958180811548774
1998-02-03,4.69622,1.5467579298100456,-0.094159269650673
1998-02-04,5.10995,1.6311896194319302,0.08443168962188463
1998-02-05,5.10995,1.6311896194319302,0.0
1998-02-06,5.10995,1.6311896194319302,0.0
1998-02-09,5.10995,1.6311896194319302,0.0
1998-02-10,5.10995,1.6311896194319302,0.0
1998-02-11,4.90338,1.5899247632350932,-0.04126485619683695
1998-02-12,4.74615,1.5573337630767057,-0.03259100015838756
1998-02-13,4.69622,1.5467579298100456,-0.010575833266660117
1998-02-17,4.79591,1.5677634713511595,0.021005541541113892
1998-02-18,4.74615,1.5573337630767057,-0.010429708274453775
1998-02-19,4.84525,1.57799884359872,0.020665080522014323
1998-02-20,4.79591,1.5677634713511595,-0.010235372247560548
1998-02-23,4.69622,1.5467579298100456,-0.021005541541113892
1998-02-24,4.64697,1.5362153943040813,-0.01054253550596429
1998-02-25,4.74615,1.5573337630767057,0.021118368772624407
1998-02-26,4.90338,1.5899247632350932,0.03259100015838756
1998-02-27,5.20905,1.650397497488344,0.060472734253250726
1998-03-02,5.1599,1.6409171994607186,-0.0094802980276254
1998-03-03,4.95302,1.5999974915547421,-0.04091970790597643
1998-03-04,5.00248,1.60993378946676,0.009936297912017888
1998-03-05,4.90338,1.5899247632350932,-0.020009026231666782
1998-03-06,4.95302,1.5999974915547421,0.010072728319648894
1998-03-09,4.95302,1.5999974915547421,0.0
1998-03-10,4.90338,1.5899247632350932,-0.010072728319648894
1998-03-11,4.79591,1.5677634713511595,-0.022161291883933787
1998-03-12,4.79591,1.5677634713511595,0.0
1998-03-13,4.95302,1.5999974915547421,0.03223402020358268
1998-03-16,4.84525,1.57799884359872,-0.021998647956022133
1998-03-17,4.53968,1.5128565249876038,-0.06514231861111619
1998-03-18,4.44,1.4906543764441336,-0.022202148543470246
1998-03-19,4.48954,1.5017502466171733,0.011095870173039701
1998-03-20,4.44,1.4906543764441336,-0.011095870173039701
1998-03-23,4.64697,1.5362153943040813,0.045561017859947706
1998-03-24,4.58894,1.5236490605832682,-0.012566333720813061
1998-03-25,4.38245,1.477607928735049,-0.04604113184821923
1998-03-26,4.69622,1.5467579298100456,0.06915000107499658
1998-03-27,4.69622,1.5467579298100456,0.0
1998-03-30,4.69622,1.5467579298100456,0.0
1998-03-31,4.64697,1.5362153943040813,-0.01054253550596429
1998-04-01,4.64697,1.5362153943040813,0.0
1998-04-02,4.90338,1.5899247632350932,0.05370936893101197
1998-04-03,5.41572,1.689305835602946,0.09938107236785276
1998-04-06,5.73036,1.7457783559782316,0.056472520375285606
1998-04-07,5.57315,1.7179604237105601,-0.027817932267671486
1998-04-08,5.77981,1.7543708101716726,0.0364103864611125
1998-04-09,5.57315,1.7179604237105601,-0.0364103864611125
1998-04-13,5.62278,1.7268262035224309,0.008865779811870755
1998-04-14,5.46537,1.6984318229048798,-0.028394380617551063
1998-04-15,5.57315,1.7179604237105601,0.019528600805680307
1998-04-16,5.73036,1.7457783559782316,0.027817932267671486
1998-04-17,5.57315,1.7179604237105601,-0.027817932267671486
1998-04-20,5.52378,1.709062408541072,-0.008898015169488183
1998-04-21,5.82907,1.7628574679122189,0.053795059371146925
1998-04-22,6.49903,1.8716529349963416,0.10879546708412269
1998-04-23,6.34219,1.8472241346708627,-0.024428800325478894
1998-04-24,5.93694,1.7811938491232722,-0.0660302855475905
1998-04-27,5.73036,1.7457783559782316,-0.035415493145040555
1998-04-28,5.73036,1.7457783559782316,0.0
1998-04-29,5.93694,1.7811938491232722,0.035415493145040555
1998-04-30,5.98678,1.7895537049844394,0.008359855861167276
1998-05-01,5.93694,1.7811938491232722,-0.008359855861167276
1998-05-04,5.93694,1.7811938491232722,0.0
1998-05-05,5.93694,1.7811938491232722,0.0
1998-05-06,5.82907,1.7628574679122189,-0.0183363812110533
1998-05-07,5.73036,1.7457783559782316,-0.017079111933987257
1998-05-08,5.82907,1.7628574679122189,0.017079111933987257
1998-05-11,5.77981,1.7543708101716726,-0.008486657740546244
1998-05-12,5.62278,1.7268262035224309,-0.027544606649241743
1998-05-13,5.62278,1.7268262035224309,0.0
1998-05-14,5.62278,1.7268262035224309,0.0
1998-05-15,5.82907,1.7628574679122189,0.03603126438978799
1998-05-18,5.67204,1.7355488413911375,-0.027308626521081347
1998-05-19,5.67204,1.7355488413911375,0.0
1998-05-20,5.57315,1.7179604237105601,-0.017588417680577395
1998-05-21,5.57315,1.7179604237105601,0.0
1998-05-22,5.52378,1.709062408541072,-0.008898015169488183
1998-05-26,5.52378,1.709062408541072,0.0
1998-05-27,5.31682,1.6708753802722673,-0.0381870282688046
1998-05-28,5.2586,1.659864831627023,-0.011010548645244311
1998-05-29,5.36638,1.680153565746546,0.020288734119523033
1998-06-01,4.84525,1.57799884359872,-0.10215472214782606
1998-06-02,4.90338,1.5899247632350932,0.011925919636373239
1998-06-03,4.95302,1.5999974915547421,0.010072728319648894
1998-06-04,4.95302,1.5999974915547421,0.0
1998-06-05,4.90338,1.5899247632350932,-0.010072728319648894
1998-06-08,5.1599,1.6409171994607186,0.050992436225625326
1998-06-09,5.00248,1.60993378946676,-0.030983409993958544
1998-06-10,4.90338,1.5899247632350932,-0.020009026231666782
1998-06-11,4.58894,1.5236490605832682,-0.06627570265182503
1998-06-12,4.48954,1.5017502466171733,-0.021898813966094943
1998-06-15,4.38245,1.477607928735049,-0.024142317882124287
1998-06-16,4.48954,1.5017502466171733,0.024142317882124287
1998-06-17,4.53968,1.5128565249876038,0.011106278370430545
1998-06-18,4.48954,1.5017502466171733,-0.011106278370430545
1998-06-19,4.64697,1.5362153943040813,0.034465147686908004
1998-06-22,4.48954,1.5017502466171733,-0.034465147686908004
1998-06-23,4.48954,1.5017502466171733,0.0
1998-06-24,4.38245,1.477607928735049,-0.024142317882124287
1998-06-25,4.38245,1.477607928735049,0.0
1998-06-26,4.38245,1.477607928735049,0.0
1998-06-29,4.38245,1.477607928735049,0.0
1998-06-30,4.53968,1.5128565249876038,0.03524859625255483
1998-07-01,4.53968,1.5128565249876038,0.0
1998-07-02,4.64697,1.5362153943040813,0.02335886931647746
1998-07-06,4.53968,1.5128565249876038,-0.02335886931647746
1998-07-07,4.58894,1.5236490605832682,0.010792535595664399
1998-07-08,4.53968,1.5128565249876038,-0.010792535595664399
1998-07-09,4.44,1.4906543764441336,-0.022202148543470246
1998-07-10,4.28327,1.4547167365715874,-0.03593763987254617
1998-07-13,4.0764,1.4052142459724013,-0.0495024905991861
1998-07-14,4.0764,1.4052142459724013,0.0
1998-07-15,3.96882,1.3784688212985963,-0.02674542467380503
1998-07-16,4.12604,1.4173181092215537,0.03884928792295739
1998-07-17,4.12604,1.4173181092215537,0.0
1998-07-20,4.0764,1.4052142459724013,-0.012103863249152358
1998-07-21,3.96882,1.3784688212985963,-0.02674542467380503
1998-07-22,3.86952,1.353130468341457,-0.025338352957139376
1998-07-23,3.7125,1.311705504128818,-0.04142496421263897
1998-07-24,3.91937,1.3659309266007322,0.05422542247191431
1998-07-27,3.7125,1.311705504128818,-0.05422542247191431
1998-07-28,3.66305,1.2982961337171668,-0.013409370411651134
1998-07-29,3.56376,1.2708161672737786,-0.027479966443388237
1998-07-30,3.56376,1.2708161672737786,0.0
1998-07-31,3.50602,1.2544814909893323,-0.016334676284446292
1998-08-03,3.45628,1.2401928661785049,-0.014288624810827377
1998-08-04,3.45628,1.2401928661785049,0.0
1998-08-05,3.35709,1.21107452729,-0.02911833888850479
1998-08-06,3.40645,1.2256706933020542,0.014596166012054157
1998-08-07,3.29906,1.1936375794105507,-0.03203311389150354
1998-08-10,3.29906,1.1936375794105507,0.0
1998-08-11,3.15012,1.1474405473500318,-0.04619703206051895
1998-08-12,3.09219,1.1288795777376572,-0.018560969612374523
1998-08-13,2.88591,1.0598402748342308,-0.06903930290342641
1998-08-14,2.88591,1.0598402748342308,0.0
1998-08-17,2.94365,1.0796503079295794,0.019810033095348567
1998-08-18,2.94365,1.0796503079295794,0.0
1998-08-19,2.9931,1.0963096396054341,0.01665933167585476
1998-08-20,3.09219,1.1288795777376572,0.032569938132223086
1998-08-21,2.9931,1.0963096396054341,-0.032569938132223086
1998-08-24,2.9931,1.0963096396054341,0.0
1998-08-25,2.73658,1.0067089655980521,-0.08960067400738203
1998-08-26,2.67924,0.985533172216209,-0.021175793381843167
1998-08-27,2.37308,0.8641886894854538,-0.12134448273075515
1998-08-28,2.37308,0.8641886894854538,0.0
1998-08-31,2.32343,0.8430445421254374,-0.021144147360016352
1998-09-01,2.78662,1.0248293918767946,0.1817848497513571
1998-09-02,2.83626,1.0424862828879817,0.01765689101118717
1998-09-03,3.04302,1.1128504433546222,0.07036416046664051
1998-09-04,3.15012,1.1474405473500318,0.034590103995409516
1998-09-08,3.04302,1.1128504433546222,-0.034590103995409516
1998-09-09,2.94365,1.0796503079295794,-0.033200135425042854
1998-09-10,3.09219,1.1288795777376572,0.04922926980807785
1998-09-11,3.15012,1.1474405473500318,0.018560969612374523
1998-09-14,2.88591,1.0598402748342308,-0.08760027251580094
1998-09-15,2.83626,1.0424862828879817,-0.017353991946249092
1998-09-16,2.78662,1.0248293918767946,-0.01765689101118717
1998-09-17,2.88591,1.0598402748342308,0.03501088295743626
1998-09-18,2.88591,1.0598402748342308,0.0
1998-09-21,2.78662,1.0248293918767946,-0.03501088295743626
1998-09-22,2.83626,1.0424862828879817,0.01765689101118717
1998-09-23,2.94365,1.0796503079295794,0.03716402504159766
1998-09-24,3.45628,1.2401928661785049,0.1605425582489255
1998-09-25,3.40645,1.2256706933020542,-0.014522172876450634
1998-09-28,3.61341,1.284651924830475,0.05898123152842083
1998-09-29,3.40645,1.2256706933020542,-0.05898123152842083
1998-09-30,3.50602,1.2544814909893323,0.02881079768727801
1998-10-01,4.02675,1.3929595989886514,0.13847810799931914
1998-10-02,4.33252,1.466149358869329,0.07318975988067766
1998-10-05,4.02675,1.3929595989886514,-0.07318975988067766
1998-10-06,4.48954,1.5017502466171733,0.10879064762852186
1998-10-07,5.05212,1.6198079571752686,0.11805771055809533
1998-10-08,4.74615,1.5573337630767057,-0.06247419409856292
1998-10-09,4.28327,1.4547167365715874,-0.10261702650511828
1998-10-12,4.23352,1.4430337983124917,-0.011682938259095721
1998-10-13,4.28327,1.4547167365715874,0.011682938259095721
1998-10-14,4.02675,1.3929595989886514,-0.061757137582935995
1998-10-15,4.28327,1.4547167365715874,0.061757137582935995
1998-10-16,4.48954,1.5017502466171733,0.04703351004558587
1998-10-19,4.12604,1.4173181092215537,-0.08443213739561961
1998-10-20,4.12604,1.4173181092215537,0.0
1998-10-21,4.0764,1.4052142459724013,-0.012103863249152358
1998-10-22,3.91937,1.3659309266007322,-0.03928331937166907
1998-10-23,3.86952,1.353130468341457,-0.012800458259275338
1998-10-26,3.76224,1.3250145246972391,-0.028115943644217767
1998-10-27,4.12604,1.4173181092215537,0.09230358452431453
1998-10-28,4.23352,1.4430337983124917,0.02571568909093802
1998-10-29,4.0764,1.4052142459724013,-0.03781955234009038
1998-10-30,4.0764,1.4052142459724013,0.0
1998-11-02,4.02675,1.3929595989886514,-0.012254646983749895
1998-11-03,3.82018,1.3402975419271999,-0.05266205706145155
1998-11-04,4.12604,1.4173181092215537,0.0770205672943538
1998-11-05,4.38245,1.477607928735049,0.060289819513495324
1998-11-06,4.23352,1.4430337983124917,-0.0345741304225573
1998-11-09,4.17578,1.4293011672002554,-0.013732631112236326
1998-11-10,4.28327,1.4547167365715874,0.025415569371332047
1998-11-11,4.17578,1.4293011672002554,-0.025415569371332047
1998-11-12,4.38245,1.477607928735049,0.04830676153479363
1998-11-13,4.38245,1.477607928735049,0.0
1998-11-16,4.0764,1.4052142459724013,-0.07239368276264768
1998-11-17,4.12604,1.4173181092215537,0.012103863249152358
1998-11-18,4.38245,1.477607928735049,0.060289819513495324
1998-11-19,4.17578,1.4293011672002554,-0.04830676153479363
1998-11-20,4.12604,1.4173181092215537,-0.011983057978701694
1998-11-23,4.12604,1.4173181092215537,0.0
1998-11-24,4.02675,1.3929595989886514,-0.024358510232902253
1998-11-25,4.02675,1.3929595989886514,0.0
1998-11-27,3.91937,1.3659309266007322,-0.027028672387919173
1998-11-30,3.7125,1.311705504128818,-0.05422542247191431
1998-12-01,3.7125,1.311705504128818,0.0
1998-12-02,3.56376,1.2708161672737786,-0.04088933685503937
1998-12-03,3.50602,1.2544814909893323,-0.016334676284446292
1998-12-04,3.35709,1.21107452729,-0.04340696369933217
1998-12-07,3.29906,1.1936375794105507,-0.017436947879449383
1998-12-08,3.15012,1.1474405473500318,-0.04619703206051895
1998-12-09,3.15012,1.1474405473500318,0.0
1998-12-10,3.35709,1.21107452729,0.06363397993996833
1998-12-11,3.20006,1.1631695596299019,-0.04790496766009822
1998-12-14,3.04302,1.1128504433546222,-0.05031911627527963
1998-12-15,3.09219,1.1288795777376572,0.016029134383034993
1998-12-16,3.40645,1.2256706933020542,0.09679111556439701
1998-12-17,3.40645,1.2256706933020542,0.0
1998-12-18,3.56376,1.2708161672737786,0.045145473971724304
1998-12-21,3.40645,1.2256706933020542,-0.045145473971724304
1998-12-22,3.35709,1.21107452729,-0.014596166012054157
1998-12-23,3.09219,1.1288795777376572,-0.08219494955234286
1998-12-24,3.20006,1.1631695596299019,0.034289981892244636
1998-12-28,3.15012,1.1474405473500318,-0.015729012279870114
1998-12-29,3.29906,1.1936375794105507,0.04619703206051895
1998-12-30,3.35709,1.21107452729,0.017436947879449383
1998-12-31,3.40645,1.2256706933020542,0.014596166012054157
1999-01-04,3.50602,1.2544814909893323,0.02881079768727801
1999-01-05,3.56376,1.2708161672737786,0.016334676284446292
1999-01-06,3.56376,1.2708161672737786,0.0
1999-01-07,3.86952,1.353130468341457,0.08231430106767834
1999-01-08,4.02675,1.3929595989886514,0.03982913064719451
1999-01-11,4.17578,1.4293011672002554,0.03634156821160395
1999-01-12,3.86952,1.353130468341457,-0.07617069885879846
1999-01-13,3.97712,1.3805579392679541,0.02742747092649722
1999-01-14,3.92765,1.36804128265258,-0.012516656615374044
1999-01-15,3.92765,1.36804128265258,0.0
1999-01-19,3.82018,1.3402975419271999,-0.027743740725380217
1999-01-20,3.66305,1.2982961337171668,-0.042001408210033064
1999-01-21,3.77035,1.3271678353470073,0.02887170162984054
1999-01-22,3.72118,1.3140408222874824,-0.013127013059524906
1999-01-25,3.82018,1.3402975419271999,0.02625671963971743
1999-01-26,3.56376,1.2708161672737786,-0.0694813746534213
1999-01-27,3.40645,1.2256706933020542,-0.045145473971724304
1999-01-28,3.72118,1.3140408222874824,0.08837012898542818
1999-01-29,3.72118,1.3140408222874824,0.0
1999-02-01,4.02675,1.3929595989886514,0.07891877670116898
1999-02-02,4.0764,1.4052142459724013,0.012254646983749895
1999-02-03,3.82018,1.3402975419271999,-0.06491670404520145
1999-02-04,4.18397,1.431260556564832,0.09096301463763212
1999-02-05,4.13405,1.4192575560098504,-0.012003000554981602
1999-02-08,4.13405,1.4192575560098504,0.0
1999-02-09,4.0764,1.4052142459724013,-0.014043310037449075
1999-02-10,4.0764,1.4052142459724013,0.0
1999-02-11,4.0764,1.4052142459724013,0.0
1999-02-12,4.48954,1.5017502466171733,0.09653600064477197
1999-02-16,4.48954,1.5017502466171733,0.0
1999-02-17,4.44,1.4906543764441336,-0.011095870173039701
1999-02-18,4.44,1.4906543764441336,0.0
1999-02-19,4.48954,1.5017502466171733,0.011095870173039701
1999-02-22,4.44,1.4906543764441336,-0.011095870173039701
1999-02-23,4.48954,1.5017502466171733,0.011095870173039701
1999-02-24,4.44,1.4906543764441336,-0.011095870173039701
1999-02-25,4.39065,1.4794772799080413,-0.011177096536092224
1999-02-26,4.48954,1.5017502466171733,0.022272966709131925
1999-03-01,4.54777,1.5146370029296399,0.012886756312466607
1999-03-02,4.85334,1.5796671277258605,0.06503012479622061
1999-03-03,4.90338,1.5899247632350932,0.010257635509232754
1999-03-04,5.06031,1.621427746244896,0.03150298300980281
1999-03-05,4.96131,1.601669818768389,-0.019757927476506953
1999-03-08,5.10995,1.6311896194319302,0.029519800663541096
1999-03-09,4.85334,1.5796671277258605,-0.051522491706069706
1999-03-10,4.75454,1.5590999510443153,-0.020567176681545174
1999-03-11,4.90338,1.5899247632350932,0.030824812190777928
1999-03-12,4.75454,1.5590999510443153,-0.030824812190777928
1999-03-15,4.54777,1.5146370029296399,-0.04446294811467544
1999-03-16,4.44,1.4906543764441336,-0.02398262648550631
1999-03-17,4.75454,1.5590999510443153,0.06844557460018175
1999-03-18,4.80419,1.5694884538103295,0.010388502766014218
1999-03-19,4.85334,1.5796671277258605,0.010178673915530956
1999-03-22,4.96131,1.601669818768389,0.02200269104252861
1999-03-23,4.96131,1.601669818768389,0.0
1999-03-24,4.90338,1.5899247632350932,-0.011745055533295856
1999-03-25,4.69622,1.5467579298100456,-0.04316683342504768
1999-03-26,4.44,1.4906543764441336,-0.056103553365911996
1999-03-29,4.39065,1.4794772799080413,-0.011177096536092224
1999-03-30,4.23352,1.4430337983124917,-0.036443481595549665
1999-03-31,4.34082,1.468063270357548,0.025029472045056345
1999-04-01,4.48954,1.5017502466171733,0.033686976259625245
1999-04-05,4.39065,1.4794772799080413,-0.022272966709131925
1999-04-06,4.39065,1.4794772799080413,0.0
1999-04-07,4.28327,1.4547167365715874,-0.024760543336453944
1999-04-08,4.34082,1.468063270357548,0.013346533785960624
1999-04-09,4.34082,1.468063270357548,0.0
1999-04-12,4.69622,1.5467579298100456,0.07869465945249754
1999-04-13,4.75454,1.5590999510443153,0.012342021234269751
1999-04-14,4.39065,1.4794772799080413,-0.07962267113627397
1999-04-15,4.54777,1.5146370029296399,0.03515972302159853
1999-04-16,4.75454,1.5590999510443153,0.04446294811467544
1999-04-19,4.96131,1.601669818768389,0.042569867724073784
1999-04-20,4.80419,1.5694884538103295,-0.032181364958059566
1999-04-21,4.75454,1.5590999510443153,-0.010388502766014218
1999-04-22,4.75454,1.5590999510443153,0.0
1999-04-23,4.75454,1.5590999510443153,0.0
1999-04-26,4.64697,1.5362153943040813,-0.02288455674023404
1999-04-27,4.69622,1.5467579298100456,0.01054253550596429
1999-04-28,4.96131,1.601669818768389,0.054911888958343535
1999-04-29,5.06031,1.621427746244896,0.019757927476506953
1999-04-30,5.06031,1.621427746244896,0.0
1999-05-03,5.1678,1.642447066041046,0.021019319796149905
1999-05-04,5.10995,1.6311896194319302,-0.011257446609115762
1999-05-05,5.37476,1.681713921854043,0.0505243024221127
1999-05-06,5.52378,1.709062408541072,0.02734848668702905
1999-05-07,5.1678,1.642447066041046,-0.06661534250002599
1999-05-10,4.54777,1.5146370029296399,-0.12781006311140608
1999-05-11,4.64697,1.5362153943040813,0.021578391374441397
1999-05-12,4.69622,1.5467579298100456,0.01054253550596429
1999-05-13,4.69622,1.5467579298100456,0.0
1999-05-14,4.75454,1.5590999510443153,0.012342021234269751
1999-05-17,4.54777,1.5146370029296399,-0.04446294811467544
1999-05-18,4.48954,1.5017502466171733,-0.012886756312466607
1999-05-19,4.44,1.4906543764441336,-0.011095870173039701
1999-05-20,4.64697,1.5362153943040813,0.045561017859947706
1999-05-21,4.59761,1.5255366032568805,-0.01067879104720082
1999-05-24,4.59761,1.5255366032568805,0.0
1999-05-25,4.48954,1.5017502466171733,-0.023786356639707185
1999-05-26,4.44,1.4906543764441336,-0.011095870173039701
1999-05-27,4.44,1.4906543764441336,0.0
1999-05-28,4.48954,1.5017502466171733,0.011095870173039701
1999-06-01,4.54777,1.5146370029296399,0.012886756312466607
1999-06-02,4.54777,1.5146370029296399,0.0
1999-06-03,4.44,1.4906543764441336,-0.02398262648550631
1999-06-04,4.44,1.4906543764441336,0.0
1999-06-07,4.54777,1.5146370029296399,0.02398262648550631
1999-06-08,4.34082,1.468063270357548,-0.04657373257209185
1999-06-09,4.28327,1.4547167365715874,-0.013346533785960624
1999-06-10,4.34082,1.468063270357548,0.013346533785960624
1999-06-11,4.54777,1.5146370029296399,0.04657373257209185
1999-06-14,4.48954,1.5017502466171733,-0.012886756312466607
1999-06-15,4.39065,1.4794772799080413,-0.022272966709131925
1999-06-16,4.28327,1.4547167365715874,-0.024760543336453944
1999-06-17,4.48954,1.5017502466171733,0.04703351004558587
1999-06-18,4.39065,1.4794772799080413,-0.022272966709131925
1999-06-21,4.28327,1.4547167365715874,-0.024760543336453944
1999-06-22,4.28327,1.4547167365715874,0.0
1999-06-23,4.44,1.4906543764441336,0.03593763987254617
1999-06-24,4.59761,1.5255366032568805,0.034882226812746886
1999-06-25,4.69622,1.5467579298100456,0.02122132655316511
1999-06-28,4.80419,1.5694884538103295,0.02273052400028397
1999-06-29,5.01067,1.6115696386903053,0.04208118487997581
1999-06-30,5.10995,1.6311896194319302,0.019619980741624854
1999-07-01,5.06031,1.621427746244896,-0.009761873187034142
1999-07-02,5.26698,1.6614571432660192,0.04002939702112318
1999-07-06,5.06031,1.621427746244896,-0.04002939702112318
1999-07-07,4.90338,1.5899247632350932,-0.03150298300980281
1999-07-08,4.75454,1.5590999510443153,-0.030824812190777928
1999-07-09,4.80419,1.5694884538103295,0.010388502766014218
1999-07-12,4.59761,1.5255366032568805,-0.04395185055344908
1999-07-13,4.59761,1.5255366032568805,0.0
1999-07-14,4.48954,1.5017502466171733,-0.023786356639707185
1999-07-15,4.44,1.4906543764441336,-0.011095870173039701
1999-07-16,4.39065,1.4794772799080413,-0.011177096536092224
1999-07-19,4.34082,1.468063270357548,-0.01141400955049332
1999-07-20,4.39065,1.4794772799080413,0.01141400955049332
1999-07-21,4.69622,1.5467579298100456,0.06728064990200422
1999-07-22,4.64697,1.5362153943040813,-0.01054253550596429
1999-07-23,4.69622,1.5467579298100456,0.01054253550596429
1999-07-26,4.59761,1.5255366032568805,-0.02122132655316511
1999-07-27,4.54777,1.5146370029296399,-0.010899600327240577
1999-07-28,4.39065,1.4794772799080413,-0.03515972302159853
1999-07-29,4.44,1.4906543764441336,0.011177096536092224
1999-07-30,4.44,1.4906543764441336,0.0
1999-08-02,4.34082,1.468063270357548,-0.022591106086585544
1999-08-03,4.59761,1.5255366032568805,0.05747333289933243
1999-08-04,4.64697,1.5362153943040813,0.01067879104720082
1999-08-05,4.85334,1.5796671277258605,0.043451733421779215
1999-08-06,4.85334,1.5796671277258605,0.0
1999-08-09,5.1678,1.642447066041046,0.06277993831518547
1999-08-10,5.1678,1.642447066041046,0.0
1999-08-11,5.47375,1.699963939133471,0.05751687309242515
1999-08-12,5.37476,1.681713921854043,-0.01825001727942821
1999-08-13,5.52378,1.709062408541072,0.02734848668702905
1999-08-16,5.37476,1.681713921854043,-0.02734848668702905
1999-08-17,5.52378,1.709062408541072,0.02734848668702905
1999-08-18,5.42401,1.690835394294212,-0.018227014246859907
1999-08-19,5.37476,1.681713921854043,-0.009121472440169143
1999-08-20,5.26698,1.6614571432660192,-0.02025677858802366
1999-08-23,5.47375,1.699963939133471,0.03850679586745187
1999-08-24,5.42401,1.690835394294212,-0.009128544839259067
1999-08-25,5.31682,1.6708753802722673,-0.019960014021944694
1999-08-26,5.21744,1.6520068601426743,-0.018868520129593058
1999-08-27,5.26698,1.6614571432660192,0.009450283123344949
1999-08-30,5.06031,1.621427746244896,-0.04002939702112318
1999-08-31,5.01067,1.6115696386903053,-0.009858107554590712
1999-09-01,4.75454,1.5590999510443153,-0.052469687645990026
1999-09-02,4.80419,1.5694884538103295,0.010388502766014218
1999-09-03,4.75454,1.5590999510443153,-0.010388502766014218
1999-09-07,4.96131,1.601669818768389,0.042569867724073784
1999-09-08,4.80419,1.5694884538103295,-0.032181364958059566
1999-09-09,4.90338,1.5899247632350932,0.02043630942476371
1999-09-10,4.85334,1.5796671277258605,-0.010257635509232754
1999-09-13,4.90338,1.5899247632350932,0.010257635509232754
1999-09-14,4.80419,1.5694884538103295,-0.02043630942476371
1999-09-15,4.75454,1.5590999510443153,-0.010388502766014218
1999-09-16,4.80419,1.5694884538103295,0.010388502766014218
1999-09-17,4.80419,1.5694884538103295,0.0
1999-09-20,4.75454,1.5590999510443153,-0.010388502766014218
1999-09-21,5.1678,1.642447066041046,0.08334711499673064
1999-09-22,5.26698,1.6614571432660192,0.019010077224973276
1999-09-23,5.37476,1.681713921854043,0.02025677858802366
1999-09-24,5.47375,1.699963939133471,0.01825001727942821
1999-09-27,6.6065,1.8880540128721344,0.18809007373866327
1999-09-28,6.6065,1.8880540128721344,0.0
1999-09-29,6.66434,1.896770923971208,0.008716911099073688
1999-09-30,6.39973,1.8562558019757085,-0.04051512199549956
1999-10-01,6.87102,1.9273125668291589,0.07105676485345036
1999-10-04,7.6979,2.040947564390065,0.11363499756090611
1999-10-05,7.79739,2.0537890623147113,0.012841497924646283
1999-10-06,7.6979,2.040947564390065,-0.012841497924646283
1999-10-07,7.84654,2.0600726702979566,0.019125105907891626
1999-10-08,7.43339,2.0059820130872916,-0.05409065721066497
1999-10-11,7.49123,2.0137330030052825,0.007750989917990836
1999-10-12,7.54077,2.0203242988216816,0.0065912958163991675
1999-10-13,7.64016,2.033418545367517,0.013094246545835464
1999-10-14,7.43339,2.0059820130872916,-0.027436532280225467
1999-10-15,7.38384,1.9992938284934136,-0.006688184593877988
1999-10-18,7.22672,1.977785267949904,-0.02150856054350969
1999-10-19,7.22672,1.977785267949904,0.0
1999-10-20,6.87102,1.9273125668291589,-0.05047270112074509
1999-10-21,6.6065,1.8880540128721344,-0.03925855395702449
1999-10-22,6.6065,1.8880540128721344,0.0
1999-10-25,6.76373,1.9115745130308686,0.023520500158734192
1999-10-26,6.39973,1.8562558019757085,-0.055318711055160064
1999-10-27,6.39973,1.8562558019757085,0.0
1999-10-28,6.6065,1.8880540128721344,0.03179821089642587
1999-10-29,6.55706,1.880542331765772,-0.007511681106362467
1999-11-01,6.71427,1.9042351122264745,0.023692780460702556
1999-11-02,6.5074,1.8729399908841473,-0.03129512134232715
1999-11-03,6.30073,1.8406654997006007,-0.03227449118354664
1999-11-04,6.2511,1.8327574482621272,-0.007908051438473507
1999-11-05,5.99458,1.7908557276432895,-0.04190172061883768
1999-11-08,5.93694,1.7811938491232722,-0.00966187852001732
1999-11-09,6.1437,1.8154271665282393,0.034233317404967156
1999-11-10,6.5074,1.8729399908841473,0.05751282435590799
1999-11-11,6.30073,1.8406654997006007,-0.03227449118354664
1999-11-12,6.09397,1.807299757676441,-0.03336574202415976
1999-11-15,6.1437,1.8154271665282393,0.008127408851798412
1999-11-17,6.1437,1.8154271665282393,0.0
1999-11-18,6.19336,1.8234777504133726,0.008050583885133245
1999-11-19,6.2511,1.8327574482621272,0.009279697848754598
1999-11-22,6.1437,1.8154271665282393,-0.017330281733887842
1999-11-23,6.45767,1.8652685716188815,0.049841405090642166
1999-11-24,6.6065,1.8880540128721344,0.02278544125325288
1999-11-26,6.66434,1.896770923971208,0.008716911099073688
1999-11-29,6.19336,1.8234777504133726,-0.07329317355783549
1999-11-30,6.2511,1.8327574482621272,0.009279697848754598
1999-12-01,6.09397,1.807299757676441,-0.025457690585686255
1999-12-02,5.99458,1.7908557276432895,-0.016444030033151424
1999-12-03,5.68033,1.7370093296369513,-0.05384639800633817
1999-12-06,5.63088,1.7282657354433828,-0.008743594193568516
1999-12-07,5.63088,1.7282657354433828,0.0
1999-12-08,5.58154,1.7194647239792646,-0.008801011464118158
1999-12-09,5.58154,1.7194647239792646,0.0
1999-12-10,5.58154,1.7194647239792646,0.0
1999-12-13,5.58154,1.7194647239792646,0.0
1999-12-14,5.37476,1.681713921854043,-0.03775080212522175
1999-12-15,5.47375,1.699963939133471,0.01825001727942821
1999-12-16,5.63088,1.7282657354433828,0.028301796309911698
1999-12-17,5.88749,1.7728297608272932,0.044564025383910355
1999-12-20,5.93694,1.7811938491232722,0.00836408829597901
1999-12-21,5.93694,1.7811938491232722,0.0
1999-12-22,5.99458,1.7908557276432895,0.00966187852001732
1999-12-23,6.19336,1.8234777504133726,0.03262202277008308
1999-12-27,6.19336,1.8234777504133726,0.0
1999-12-28,6.19336,1.8234777504133726,0.0
1999-12-29,6.1437,1.8154271665282393,-0.008050583885133245
1999-12-30,6.09397,1.807299757676441,-0.008127408851798412
1999-12-31,6.1437,1.8154271665282393,0.008127408851798412
2000-01-03,5.93694,1.7811938491232722,-0.034233317404967156
2000-01-04,5.78811,1.7558058134262426,-0.02538803569702952
2000-01-05,5.73036,1.7457783559782316,-0.010027457448011035
2000-01-06,5.83765,1.7643283185963585,0.018549962618126914
2000-01-07,5.99458,1.7908557276432895,0.02652740904693096
2000-01-10,6.04423,1.799104097955144,0.008248370311854547
2000-01-11,5.93694,1.7811938491232722,-0.017910248831871867
2000-01-12,5.99458,1.7908557276432895,0.00966187852001732
2000-01-13,5.93694,1.7811938491232722,-0.00966187852001732
2000-01-14,6.09397,1.807299757676441,0.026105908553168744
2000-01-18,5.99458,1.7908557276432895,-0.016444030033151424
2000-01-19,6.19336,1.8234777504133726,0.03262202277008308
2000-01-20,6.04423,1.799104097955144,-0.024373652458228534
2000-01-21,5.88749,1.7728297608272932,-0.026274337127850877
2000-01-24,5.58154,1.7194647239792646,-0.05336503684802851
2000-01-25,5.52378,1.709062408541072,-0.0104023154381927
2000-01-26,5.42401,1.690835394294212,-0.018227014246859907
2000-01-27,5.73036,1.7457783559782316,0.054942961684019576
2000-01-28,5.37476,1.681713921854043,-0.06406443412418872
2000-01-31,5.31682,1.6708753802722673,-0.010838541581775551
2000-02-01,4.96131,1.601669818768389,-0.06920556150387824
2000-02-02,4.80419,1.5694884538103295,-0.032181364958059566
2000-02-03,4.96131,1.601669818768389,0.032181364958059566
2000-02-04,6.19336,1.8234777504133726,0.22180793164498347
2000-02-07,6.09397,1.807299757676441,-0.016177992736931657
2000-02-08,5.58154,1.7194647239792646,-0.08783503369717627
2000-02-09,5.99458,1.7908557276432895,0.07139100366402484
2000-02-10,6.28406,1.8380162684063537,0.047160540763064196
2000-02-11,6.19336,1.8234777504133726,-0.014538517992981115
2000-02-14,5.88749,1.7728297608272932,-0.05064798958607941
2000-02-15,5.88749,1.7728297608272932,0.0
2000-02-16,5.78811,1.7558058134262426,-0.01702394740105051
2000-02-17,5.63088,1.7282657354433828,-0.027540077982859845
2000-02-18,5.94504,1.7825572584632554,0.05429152301987261
2000-02-22,6.04423,1.799104097955144,0.01654683949188862
2000-02-24,6.20155,1.8247992608062533,0.025695162851109288
2000-02-25,5.88749,1.7728297608272932,-0.051969499978960165
2000-02-28,5.78811,1.7558058134262426,-0.01702394740105051
2000-02-29,5.78811,1.7558058134262426,0.0
2000-03-01,5.73837,1.7471751978783205,-0.008630615547922105
2000-03-02,5.58154,1.7194647239792646,-0.0277104738990559
2000-03-03,5.47375,1.699963939133471,-0.01950078484579354
2000-03-06,5.37476,1.681713921854043,-0.01825001727942821
2000-03-07,5.58154,1.7194647239792646,0.03775080212522175
2000-03-08,5.32501,1.6724145895279978,-0.04705013445126682
2000-03-09,5.1678,1.642447066041046,-0.029967523486951864
2000-03-10,4.96131,1.601669818768389,-0.04077724727265686
2000-03-13,5.0684,1.6230251859426161,0.021355367174227036
2000-03-14,5.11805,1.6327735071310643,0.00974832118844815
2000-03-15,5.01067,1.6115696386903053,-0.021203868440758944
2000-03-16,5.0684,1.6230251859426161,0.011455547252310794
2000-03-17,4.91137,1.5915529252901766,-0.031472260652439576
2000-03-20,4.96131,1.601669818768389,0.01011689347821254
2000-03-21,5.0684,1.6230251859426161,0.021355367174227036
2000-03-22,5.1678,1.642447066041046,0.019421880098429822
2000-03-23,5.0684,1.6230251859426161,-0.019421880098429822
2000-03-24,5.01067,1.6115696386903053,-0.011455547252310794
2000-03-27,4.91137,1.5915529252901766,-0.020016713400128783
2000-03-28,4.96131,1.601669818768389,0.01011689347821254
2000-03-29,4.59761,1.5255366032568805,-0.07613321551150865
2000-03-30,4.49794,1.503619514186261,-0.02191708907061951
2000-03-31,4.59761,1.5255366032568805,0.02191708907061951
2000-04-03,4.54777,1.5146370029296399,-0.010899600327240577
2000-04-04,4.96131,1.601669818768389,0.08703281583874922
2000-04-05,4.91137,1.5915529252901766,-0.01011689347821254
2000-04-06,4.80419,1.5694884538103295,-0.022064471479847025
2000-04-07,4.64697,1.5362153943040813,-0.03327305950624826
2000-04-10,4.64697,1.5362153943040813,0.0
2000-04-11,4.64697,1.5362153943040813,0.0
2000-04-12,4.7048,1.548583264163609,0.012367869859527758
2000-04-13,4.64697,1.5362153943040813,-0.012367869859527758
2000-04-14,4.91137,1.5915529252901766,0.055337530986095285
2000-04-17,4.75454,1.5590999510443153,-0.032452974245861244
2000-04-18,4.7048,1.548583264163609,-0.010516686880706283
2000-04-19,4.7048,1.548583264163609,0.0
2000-04-20,4.64697,1.5362153943040813,-0.012367869859527758
2000-04-24,4.64697,1.5362153943040813,0.0
2000-04-25,4.64697,1.5362153943040813,0.0
2000-04-26,4.64697,1.5362153943040813,0.0
2000-04-27,4.64697,1.5362153943040813,0.0
2000-04-28,4.44839,1.4925422329607425,-0.04367316134333876
2000-05-01,4.59761,1.5255366032568805,0.03299437029613794
2000-05-02,5.11805,1.6327735071310643,0.10723690387418383
2000-05-03,4.96131,1.601669818768389,-0.031103688362675186
2000-05-04,5.42401,1.690835394294212,0.08916557552582294
2000-05-05,5.0684,1.6230251859426161,-0.0678102083515959
2000-05-08,5.0684,1.6230251859426161,0.0
2000-05-09,5.42401,1.690835394294212,0.0678102083515959
2000-05-10,5.32501,1.6724145895279978,-0.018420804766214216
2000-05-11,5.27507,1.6629919494162628,-0.009422640111734992
2000-05-12,5.32501,1.6724145895279978,0.009422640111734992
2000-05-15,5.21744,1.6520068601426743,-0.020407729385323536
2000-05-16,5.27507,1.6629919494162628,0.010985089273588544
2000-05-17,5.27507,1.6629919494162628,0.0
2000-05-18,5.01067,1.6115696386903053,-0.05142231072595749
2000-05-19,4.96131,1.601669818768389,-0.009899819921916242
2000-05-22,4.96131,1.601669818768389,0.0
2000-05-23,4.80419,1.5694884538103295,-0.032181364958059566
2000-05-24,4.75454,1.5590999510443153,-0.010388502766014218
2000-05-25,4.39065,1.4794772799080413,-0.07962267113627397
2000-05-26,4.44839,1.4925422329607425,0.013064953052701167
2000-05-30,4.49794,1.503619514186261,0.011077281225518432
2000-05-31,4.44839,1.4925422329607425,-0.011077281225518432
2000-06-01,4.59761,1.5255366032568805,0.03299437029613794
2000-06-05,5.68881,1.7385010874255924,0.21296448416871194
2000-06-06,5.88749,1.7728297608272932,0.03432867340170076
2000-06-07,5.78811,1.7558058134262426,-0.01702394740105051
2000-06-08,5.68881,1.7385010874255924,-0.01730472600065025
2000-06-12,5.63088,1.7282657354433828,-0.010235351982209595
2000-06-13,5.47375,1.699963939133471,-0.028301796309911698
2000-06-14,5.73837,1.7471751978783205,0.04721125874484944
2000-06-15,5.42401,1.690835394294212,-0.056339803584108505
2000-06-16,5.21744,1.6520068601426743,-0.03882853415153775
2000-06-19,5.01067,1.6115696386903053,-0.04043722145236894
2000-06-20,4.96131,1.601669818768389,-0.009899819921916242
2000-06-21,5.21744,1.6520068601426743,0.050337041374285185
2000-06-22,5.37476,1.681713921854043,0.02970706171136861
2000-06-23,5.27507,1.6629919494162628,-0.018721972437780066
2000-06-26,5.21744,1.6520068601426743,-0.010985089273588544
2000-06-27,5.11805,1.6327735071310643,-0.01923335301161
2000-06-28,5.21744,1.6520068601426743,0.01923335301161
2000-06-29,5.01067,1.6115696386903053,-0.04043722145236894
2000-06-30,5.32501,1.6724145895279978,0.06084495083769248
2000-07-03,5.1678,1.642447066041046,-0.029967523486951864
2000-07-05,5.01067,1.6115696386903053,-0.030877427350740616
2000-07-06,5.1678,1.642447066041046,0.030877427350740616
2000-07-07,4.96131,1.601669818768389,-0.04077724727265686
2000-07-10,5.06031,1.621427746244896,0.019757927476506953
2000-07-11,5.01067,1.6115696386903053,-0.009858107554590712
2000-07-12,5.01067,1.6115696386903053,0.0
2000-07-13,4.91137,1.5915529252901766,-0.020016713400128783
2000-07-14,4.7048,1.548583264163609,-0.04296966112656753
2000-07-17,4.80419,1.5694884538103295,0.0209051896467205
2000-07-18,4.86183,1.5814149102476756,0.011926456437346022
2000-07-19,4.86183,1.5814149102476756,0.0
2000-07-20,4.75454,1.5590999510443153,-0.02231495920336024
2000-07-21,4.64697,1.5362153943040813,-0.02288455674023404
2000-07-24,4.80419,1.5694884538103295,0.03327305950624826
2000-07-25,4.7048,1.548583264163609,-0.0209051896467205
2000-07-26,4.96131,1.601669818768389,0.05308655460478007
2000-07-27,5.01067,1.6115696386903053,0.009899819921916242
2000-07-28,5.01067,1.6115696386903053,0.0
2000-07-31,4.91137,1.5915529252901766,-0.020016713400128783
2000-08-01,4.91137,1.5915529252901766,0.0
2000-08-02,4.86183,1.5814149102476756,-0.010138015042501003
2000-08-03,4.39065,1.4794772799080413,-0.10193763033963421
2000-08-04,4.54777,1.5146370029296399,0.03515972302159853
2000-08-07,4.64697,1.5362153943040813,0.021578391374441397
2000-08-08,4.64697,1.5362153943040813,0.0
2000-08-09,4.64697,1.5362153943040813,0.0
2000-08-10,4.75454,1.5590999510443153,0.02288455674023404
2000-08-11,4.75454,1.5590999510443153,0.0
2000-08-14,4.75454,1.5590999510443153,0.0
2000-08-15,4.75454,1.5590999510443153,0.0
2000-08-16,4.80419,1.5694884538103295,0.010388502766014218
2000-08-17,4.7048,1.548583264163609,-0.0209051896467205
2000-08-18,4.7048,1.548583264163609,0.0
2000-08-21,4.59761,1.5255366032568805,-0.023046660906728578
2000-08-22,4.7048,1.548583264163609,0.023046660906728578
2000-08-23,4.59761,1.5255366032568805,-0.023046660906728578
2000-08-24,4.7048,1.548583264163609,0.023046660906728578
2000-08-25,4.7048,1.548583264163609,0.0
2000-08-30,4.64697,1.5362153943040813,-0.012367869859527758
2000-08-31,4.80419,1.5694884538103295,0.03327305950624826
2000-09-01,4.86183,1.5814149102476756,0.011926456437346022
2000-09-05,4.80419,1.5694884538103295,-0.011926456437346022
2000-09-06,4.80419,1.5694884538103295,0.0
2000-09-07,4.75454,1.5590999510443153,-0.010388502766014218
2000-09-08,4.80419,1.5694884538103295,0.010388502766014218
2000-09-11,4.96131,1.601669818768389,0.032181364958059566
2000-09-12,5.01067,1.6115696386903053,0.009899819921916242
2000-09-13,5.01067,1.6115696386903053,0.0
2000-09-14,5.06031,1.621427746244896,0.009858107554590712
2000-09-15,5.01067,1.6115696386903053,-0.009858107554590712
2000-09-18,4.96131,1.601669818768389,-0.009899819921916242
2000-09-19,4.86183,1.5814149102476756,-0.020254908520713544
2000-09-20,4.80419,1.5694884538103295,-0.011926456437346022
2000-09-21,4.91137,1.5915529252901766,0.022064471479847025
2000-09-22,4.96131,1.601669818768389,0.01011689347821254
2000-09-25,4.80419,1.5694884538103295,-0.032181364958059566
2000-09-26,4.80419,1.5694884538103295,0.0
2000-09-27,5.06031,1.621427746244896,0.05193929243456652
2000-09-28,4.91137,1.5915529252901766,-0.029874820954719494
2000-09-29,4.80419,1.5694884538103295,-0.022064471479847025
2000-10-02,4.80419,1.5694884538103295,0.0
2000-10-03,4.7048,1.548583264163609,-0.0209051896467205
2000-10-04,4.80419,1.5694884538103295,0.0209051896467205
2000-10-05,4.75454,1.5590999510443153,-0.010388502766014218
2000-10-06,4.80419,1.5694884538103295,0.010388502766014218
2000-10-09,4.64697,1.5362153943040813,-0.03327305950624826
2000-10-10,4.75454,1.5590999510443153,0.02288455674023404
2000-10-11,4.64697,1.5362153943040813,-0.02288455674023404
2000-10-12,4.75454,1.5590999510443153,0.02288455674023404
2000-10-13,4.59761,1.5255366032568805,-0.03356334778743486
2000-10-16,4.49794,1.503619514186261,-0.02191708907061951
2000-10-17,4.44839,1.4925422329607425,-0.011077281225518432
2000-10-18,4.44839,1.4925422329607425,0.0
2000-10-19,4.39065,1.4794772799080413,-0.013064953052701167
2000-10-20,4.29127,1.4565827264255686,-0.022894553482472713
2000-10-23,4.23352,1.4430337983124917,-0.013548928113076952
2000-10-24,4.13405,1.4192575560098504,-0.023776242302641304
2000-10-25,4.03495,1.3949939100714062,-0.02426364593844421
2000-10-26,4.13405,1.4192575560098504,0.02426364593844421
2000-10-27,4.18397,1.431260556564832,0.012003000554981602
2000-10-30,4.39065,1.4794772799080413,0.04821672334320937
2000-10-31,4.39065,1.4794772799080413,0.0
2000-11-01,4.39065,1.4794772799080413,0.0
2000-11-02,4.39065,1.4794772799080413,0.0
2000-11-03,4.34082,1.468063270357548,-0.01141400955049332
2000-11-06,4.23352,1.4430337983124917,-0.025029472045056345
2000-11-07,4.23352,1.4430337983124917,0.0
2000-11-08,4.13405,1.4192575560098504,-0.023776242302641304
2000-11-09,4.08459,1.4072213560777798,-0.012036199932070613
2000-11-10,4.08459,1.4072213560777798,0.0
2000-11-13,4.18397,1.431260556564832,0.024039200487052215
2000-11-14,4.23352,1.4430337983124917,0.011773241747659702
2000-11-15,4.23352,1.4430337983124917,0.0
2000-11-16,4.34082,1.468063270357548,0.025029472045056345
2000-11-17,4.34082,1.468063270357548,0.0
2000-11-20,4.54777,1.5146370029296399,0.04657373257209185
2000-11-21,4.75454,1.5590999510443153,0.04446294811467544
2000-11-22,4.86183,1.5814149102476756,0.02231495920336024
2000-11-24,4.75454,1.5590999510443153,-0.02231495920336024
2000-11-27,5.42401,1.690835394294212,0.13173544324989672
2000-11-28,5.42401,1.690835394294212,0.0
2000-11-29,5.27507,1.6629919494162628,-0.02784344487794921
2000-11-30,5.47375,1.699963939133471,0.036971989717208276
2000-12-01,5.42401,1.690835394294212,-0.009128544839259067
2000-12-04,5.42401,1.690835394294212,0.0
2000-12-05,5.06031,1.621427746244896,-0.06940764804931598
2000-12-06,5.42401,1.690835394294212,0.06940764804931598
2000-12-07,5.37476,1.681713921854043,-0.009121472440169143
2000-12-08,5.21744,1.6520068601426743,-0.02970706171136861
2000-12-11,5.01067,1.6115696386903053,-0.04043722145236894
2000-12-12,5.06031,1.621427746244896,0.009858107554590712
2000-12-13,4.86183,1.5814149102476756,-0.0400128359972205
2000-12-14,4.75454,1.5590999510443153,-0.02231495920336024
2000-12-15,5.01067,1.6115696386903053,0.052469687645990026
2000-12-18,5.01067,1.6115696386903053,0.0
2000-12-19,5.01067,1.6115696386903053,0.0
2000-12-20,5.21744,1.6520068601426743,0.04043722145236894
2000-12-21,5.21744,1.6520068601426743,0.0
2000-12-22,5.21744,1.6520068601426743,0.0
2000-12-26,5.11805,1.6327735071310643,-0.01923335301161
2000-12-27,5.06031,1.621427746244896,-0.011345760886168232
2000-12-28,5.01067,1.6115696386903053,-0.009858107554590712
2000-12-29,4.96131,1.601669818768389,-0.009899819921916242
2001-01-02,5.27507,1.6629919494162628,0.06132213064787373
2001-01-03,5.01067,1.6115696386903053,-0.05142231072595749
2001-01-04,5.06031,1.621427746244896,0.009858107554590712
2001-01-05,5.42401,1.690835394294212,0.06940764804931598
2001-01-08,5.5316,1.7104771046083662,0.01964171031415418
2001-01-09,5.37476,1.681713921854043,-0.028763182754323324
2001-01-10,5.11805,1.6327735071310643,-0.04894041472297861
2001-01-11,5.06031,1.621427746244896,-0.011345760886168232
2001-01-12,5.1678,1.642447066041046,0.021019319796149905
2001-01-16,5.11805,1.6327735071310643,-0.009673558909981672
2001-01-17,5.06031,1.621427746244896,-0.011345760886168232
2001-01-18,5.11805,1.6327735071310643,0.011345760886168232
2001-01-19,5.01067,1.6115696386903053,-0.021203868440758944
2001-01-22,5.63088,1.7282657354433828,0.11669609675307746
2001-01-23,5.47375,1.699963939133471,-0.028301796309911698
2001-01-24,5.06031,1.621427746244896,-0.07853619288857505
2001-01-25,5.11805,1.6327735071310643,0.011345760886168232
2001-01-26,5.01067,1.6115696386903053,-0.021203868440758944
2001-01-29,5.01067,1.6115696386903053,0.0
2001-01-30,5.12693,1.6345070394998535,0.022937400809548203
2001-01-31,5.04383,1.6181657141247083,-0.01634132537514521
2001-02-01,5.1678,1.642447066041046,0.024281351916337623
2001-02-02,5.10995,1.6311896194319302,-0.011257446609115762
2001-02-05,5.02725,1.6148731149240398,-0.01631650450789035
2001-02-06,4.99428,1.6082932575666071,-0.006579857357432717
2001-02-07,4.92805,1.5949433722836432,-0.01334988528296388
2001-02-08,4.54777,1.5146370029296399,-0.08030636935400337
2001-02-09,4.73797,1.5556087739309843,0.040971771001344415
2001-02-12,4.55597,1.5164384608398147,-0.039170313091169584
2001-02-13,4.52271,1.509111371703461,-0.007327089136353715
2001-02-14,4.50632,1.5054808559110535,-0.003630515792407474
2001-02-15,4.34082,1.468063270357548,-0.037417585553505495
2001-02-16,4.50632,1.5054808559110535,0.037417585553505495
2001-02-20,4.39065,1.4794772799080413,-0.026003576003012174
2001-02-21,4.53968,1.5128565249876038,0.03337924507956247
2001-02-22,4.69622,1.5467579298100456,0.03390140482244175
2001-02-23,4.98628,1.6066901407648801,0.059932210954834586
2001-02-26,5.63088,1.7282657354433828,0.12157559467850265
2001-02-27,5.74694,1.74866753924142,0.020401803798037133
2001-02-28,5.39134,1.6847939625572477,-0.06387357668417226
2001-03-01,5.5151,1.7074897849073503,0.02269582235010259
2001-03-02,5.26698,1.6614571432660192,-0.04603264164133103
2001-03-05,5.55657,1.7149810114225759,0.05352386815655663
2001-03-06,5.35798,1.6785870383793549,-0.036393973043221006
2001-03-07,5.52378,1.709062408541072,0.030475370161717086
2001-03-08,5.87023,1.7698938153551933,0.06083140681412136
2001-03-09,6.10207,1.8086280578773188,0.03873424252212554
2001-03-12,6.2426,1.8313967622665526,0.02276870438923373
2001-03-13,5.98678,1.7895537049844394,-0.04184305728211313
2001-03-14,5.88749,1.7728297608272932,-0.016723944157146287
2001-03-15,5.76294,1.7514477611561883,-0.02138199967110488
2001-03-16,5.84604,1.7657645089509693,0.014316747794780982
2001-03-19,5.74694,1.74866753924142,-0.017096969709549326
2001-03-20,5.77143,1.752919883436513,0.004252344195093016
2001-03-21,5.70491,1.7413272075541948,-0.01159267588231816
2001-03-22,5.55657,1.7149810114225759,-0.026346196131618926
2001-03-23,5.62278,1.7268262035224309,0.011845192099855018
2001-03-26,5.62278,1.7268262035224309,0.0
2001-03-27,5.45707,1.6969120156827533,-0.029914187839677586
2001-03-28,5.27507,1.6629919494162628,-0.03392006626649047
2001-03-29,5.12693,1.6345070394998535,-0.028484909916409284
2001-03-30,5.10167,1.6295679371103007,-0.004939102389552863
2001-04-02,4.96941,1.6033011207880359,-0.026266816322264797
2001-04-03,5.35798,1.6785870383793549,0.07528591759131897
2001-04-04,5.66414,1.7341550736000702,0.055568035220715295
2001-04-05,5.4327,1.6924362479332693,-0.04171882566680085
2001-04-06,5.7135,1.7428317956046313,0.050395547671362007
2001-04-09,5.4327,1.6924362479332693,-0.050395547671362007
2001-04-10,5.45707,1.6969120156827533,0.004475767749483994
2001-04-11,5.42401,1.690835394294212,-0.006076621388541259
2001-04-12,5.88749,1.7728297608272932,0.08199436653308112
2001-04-16,5.94504,1.7825572584632554,0.009727497635962257
2001-04-17,5.86223,1.7685300772747135,-0.01402718118854196
2001-04-18,6.01126,1.7936343771558667,0.025104299881153258
2001-04-19,6.03593,1.797729943754194,0.004095566598327327
2001-04-20,5.85404,1.7671320211810952,-0.03059792257309879
2001-04-23,5.62278,1.7268262035224309,-0.04030581765866437
2001-04-24,5.84604,1.7657645089509693,0.03893830542853838
2001-04-25,5.65575,1.7326727267687292,-0.03309178218224007
2001-04-26,6.18487,1.8221059870301866,0.08943326026145737
2001-04-27,6.2426,1.8313967622665526,0.009290775236366011
2001-04-30,6.2426,1.8313967622665526,0.0
2001-05-01,6.4491,1.8639405861880625,0.032543823921509896
2001-05-02,6.28406,1.8380162684063537,-0.025924317781708783
2001-05-03,6.00267,1.7922043702449189,-0.04581189816143483
2001-05-04,6.27606,1.836742395054533,0.04453802480961411
2001-05-07,6.32513,1.8445305877620504,0.007788192707517405
2001-05-08,6.29216,1.839304413989055,-0.0052261737729952795
2001-05-09,6.73057,1.9066598354639435,0.06735542147488838
2001-05-10,6.74705,1.9091053723188816,0.0024455368549380907
2001-05-11,6.68883,1.9004389709530898,-0.008666401365791776
2001-05-14,6.94553,1.9380982871894383,0.03765931623634855
2001-05-15,6.77193,1.9127861275370162,-0.025312159652422173
2001-05-16,7.08627,1.958159109019654,0.0453729814826378
2001-05-17,7.19366,1.9732000825496727,0.015040973530018764
2001-05-18,7.65673,2.0355849996573725,0.06238491710769978
2001-05-21,7.77261,2.050606015311225,0.015021015653852388
2001-05-22,7.45016,2.0082355086709183,-0.042370506640306616
2001-05-23,6.99547,1.945262796710848,-0.06297271196007026
2001-05-24,6.74705,1.9091053723188816,-0.03615742439196645
2001-05-25,6.93734,1.9369184157435333,0.02781304342465174
2001-05-29,6.82166,1.920102843997499,-0.01681557174603432
2001-05-30,6.54877,1.8792772457535714,-0.04082559824392762
2001-05-31,6.40823,1.8575831017561402,-0.021694143997431192
2001-06-01,6.6976,1.9017492532695437,0.04416615151340353
2001-06-04,6.87102,1.9273125668291589,0.025563313559615164
2001-06-05,7.09476,1.9593564834013946,0.03204391657223571
2001-06-06,6.83804,1.9225011408636448,-0.0368553425377498
2001-06-07,6.62338,1.8906058136684791,-0.031895327195165635
2001-06-08,6.98669,1.9440069104738116,0.05340109680533245
2001-06-11,6.83804,1.9225011408636448,-0.021505769610166814
2001-06-12,6.9702,1.9416439187653471,0.01914277790170238
2001-06-13,6.87931,1.9285183562181296,-0.013125562547217529
2001-06-14,7.1524,1.967447964718911,0.03892960850078131
2001-06-15,6.90447,1.932169027941433,-0.035278936777477954
2001-06-18,7.01196,1.9476172625361572,0.01544823459472422
2001-06-19,6.92066,1.9345111408041464,-0.013106121732010756
2001-06-20,6.7055,1.9029280851688577,-0.03158305563528874
2001-06-21,6.57324,1.8830068616226145,-0.01992122354624315
2001-06-22,6.68111,1.8992841414089079,0.01627727978629334
2001-06-25,6.77193,1.9127861275370162,0.013501986128108268
2001-06-26,7.04472,1.9522784000611648,0.039492272524148664
2001-06-27,7.0695,1.9557897560497581,0.003511355988593312
2001-06-28,6.92933,1.9357631274312124,-0.02002662861854576
2001-06-29,7.02843,1.9499633522892805,0.014200224858068156
2001-07-02,6.82166,1.920102843997499,-0.02986050829178155
2001-07-03,6.99547,1.945262796710848,0.025159952713349032
2001-07-05,6.83804,1.9225011408636448,-0.022761655847203244
2001-07-06,6.99547,1.945262796710848,0.022761655847203244
2001-07-09,7.09476,1.9593564834013946,0.014093686690546559
2001-07-10,7.35108,1.994847241205811,0.03549075780441635
2001-07-11,7.54077,2.0203242988216816,0.025477057615870713
2001-07-12,7.28456,1.9857570397448878,-0.03456725907679381
2001-07-13,6.92933,1.9357631274312124,-0.04999391231367545
2001-07-16,6.92066,1.9345111408041464,-0.0012519866270659374
2001-07-17,6.98669,1.9440069104738116,0.009495769669665144
2001-07-18,7.08627,1.958159109019654,0.014152198545842376
2001-07-19,7.02843,1.9499633522892805,-0.008195756730373427
2001-07-20,6.98669,1.9440069104738116,-0.005956441815468949
2001-07-23,6.85473,1.9249389249300435,-0.019067985543768096
2001-07-24,6.92933,1.9357631274312124,0.01082420250116889
2001-07-25,6.78001,1.9139785768774702,-0.021784550553742177
2001-07-26,6.82166,1.920102843997499,0.006124267120028781
2001-07-27,6.78001,1.9139785768774702,-0.006124267120028781
2001-07-30,6.79689,1.9164651546231288,0.0024865777456586358
2001-07-31,6.85473,1.9249389249300435,0.008473770306914652
2001-08-01,6.75564,1.9103777115577776,-0.014561213372265902
2001-08-02,6.92066,1.9345111408041464,0.024133429246368854
2001-08-03,7.09476,1.9593564834013946,0.024845342597248132
2001-08-06,7.02843,1.9499633522892805,-0.00939313111211404
2001-08-07,6.90447,1.932169027941433,-0.017794324347847557
2001-08-08,7.00327,1.9463771828352001,0.014208154893767144
2001-08-09,7.31772,1.9902988040448435,0.04392162120964338
2001-08-10,7.48313,2.012651153658797,0.022352349613953715
2001-08-13,7.67313,2.0377246155777446,0.025073461918947437
2001-08-14,7.56584,2.0236433787495893,-0.014081236828155319
2001-08-15,7.75564,2.0484203206249796,0.024776941875390257
2001-08-16,7.68152,2.038817444243328,-0.009602876381651804
2001-08-17,7.68971,2.039883071493069,0.00106562724974113
2001-08-20,7.73096,2.0452330463500465,0.005349974856977635
2001-08-21,7.81386,2.055899079912355,0.010666033562308552
2001-08-22,8.02044,2.081993283216405,0.0260942033040501
2001-08-23,8.0618,2.087136856647242,0.005143573430836934
2001-08-24,7.92944,2.0705824152465113,-0.016554441400730813
2001-08-27,7.83054,2.0580314731419413,-0.012550942104569973
2001-08-28,7.81386,2.055899079912355,-0.002132393229586249
2001-08-29,7.97899,2.0768118370354727,0.020912757123117576
2001-08-30,8.01244,2.080995333919219,0.004183496883746418
2001-08-31,7.85512,2.0611655484845923,-0.019829785434626768
2001-09-04,7.607,2.029068876015164,-0.03209667246942827
2001-09-05,7.72277,2.0441731079705394,0.015104231955375358
2001-09-06,7.85512,2.0611655484845923,0.01699244051405291
2001-09-07,8.10353,2.0922997692132133,0.03113422072862093
2001-09-10,8.21063,2.1054296562084898,0.013129886995276507
2001-09-17,8.72425,2.1661065045083414,0.06067684829985165
2001-09-18,9.3427,2.2345952896945236,0.06848878518618218
2001-09-19,9.11886,2.210344796273089,-0.024250493421434705
2001-09-20,9.42463,2.243326475269057,0.03298167899596827
2001-09-21,9.24478,2.2240590679091072,-0.019267407359949917
2001-09-24,8.78247,2.172757689268151,-0.05130137864095641
2001-09-25,8.47534,2.137160770455909,-0.03559691881224181
2001-09-26,8.68259,2.161319871260457,0.02415910080454786
2001-09-27,8.5991,2.1516575466203562,-0.009662324640100639
2001-09-28,8.56566,2.1477611866006288,-0.003896360019727485
2001-10-01,8.64163,2.156591222429801,0.00883003582917219
2001-10-02,8.44119,2.1331232939296316,-0.02346792850016932
2001-10-03,8.2354,2.108441935613293,-0.024681358316338553
2001-10-04,8.0536,2.0861191964330765,-0.022322739180216544
2001-10-05,8.64163,2.156591222429801,0.07047202599672442
2001-10-08,8.76521,2.17079047701374,0.014199254583938892
2001-10-09,8.16928,2.1003807776934917,-0.0704096993202481
2001-10-10,7.94603,2.0726724328698007,-0.027708344823691
2001-10-11,7.50791,2.0159571314387765,-0.05671530143102421
2001-10-12,8.10353,2.0922997692132133,0.07634263777443673
2001-10-15,7.79739,2.0537890623147113,-0.038510706898502
2001-10-16,8.26876,2.1124845582530356,0.05869549593832435
2001-10-17,8.49065,2.138965558052238,0.026480999799202376
2001-10-18,8.07018,2.0881757868658224,-0.05078977118641559
2001-10-19,8.16928,2.1003807776934917,0.012204990827669349
2001-10-22,7.65673,2.0355849996573725,-0.06479577803611924
2001-10-23,7.82236,2.0569862993090227,0.021401299651650163
2001-10-24,7.91316,2.0685271963139553,0.01154089700493266
2001-10-25,7.77261,2.050606015311225,-0.017921181002730435
2001-10-26,7.76423,2.0495272887731883,-0.001078726538036534
2001-10-29,7.8797,2.0642898320790763,0.014762543305887998
2001-10-30,8.11154,2.0932877391265765,0.02899790704750016
2001-10-31,8.04522,2.085078126248197,-0.008209612878379513
2001-11-01,8.13632,2.096337989339566,0.011259863091368949
2001-11-02,8.64163,2.156591222429801,0.060253233090235
2001-11-05,8.6071,2.1525874440499426,-0.004003778379858325
2001-11-06,8.4493,2.134083597700954,-0.018503846348988606
2001-11-07,8.81378,2.176316405817835,0.04223280811688079
2001-11-08,8.41662,2.1302083224834325,-0.046108083334402306
2001-11-09,8.5318,2.1438003591716743,0.013592036688241826
2001-11-12,8.37575,2.1253406259403738,-0.018459733231300568
2001-11-13,8.09496,2.0912416457955865,-0.034098980144787294
2001-11-14,7.93793,2.07165253597984,-0.019589109815746575
2001-11-15,7.71458,2.043112044929487,-0.028540491050352834
2001-11-16,7.71458,2.043112044929487,0.0
2001-11-19,7.43339,2.0059820130872916,-0.03713003184219543
2001-11-20,7.43339,2.0059820130872916,0.0
2001-11-21,7.40003,2.0014840542559607,-0.004497958831330973
2001-11-23,7.35897,1.9959199772953045,-0.005564076960656195
2001-11-26,7.16059,1.9685923798123135,-0.027327597482990962
2001-11-27,7.48313,2.012651153658797,0.04405877384648371
2001-11-28,7.97099,2.0758087008972637,0.06315754723846645
2001-11-29,7.72277,2.0441731079705394,-0.03163559292672424
2001-11-30,7.85512,2.0611655484845923,0.01699244051405291
2001-12-03,8.02044,2.081993283216405,0.020827734731812875
2001-12-04,7.95422,2.0737026054424716,-0.008290677773933552
2001-12-05,8.04522,2.085078126248197,0.011375520805725348
2001-12-06,8.11944,2.0942611862781146,0.009183060029917645
2001-12-07,7.89639,2.0664056930086954,-0.027855493269419274
2001-12-10,7.789,2.0527124819378115,-0.013693211070883837
2001-12-11,7.83054,2.0580314731419413,0.005318991204129819
2001-12-12,8.11944,2.0942611862781146,0.03622971313617329
2001-12-13,8.2273,2.1074578928191428,0.013196706541028114
2001-12-14,8.40785,2.129165793263277,0.021707900444134065
2001-12-17,8.31812,2.118436267761501,-0.01072952550177586
2001-12-18,8.6071,2.1525874440499426,0.034151176288441665
2001-12-19,8.26037,2.111469380718519,-0.04111806333142365
2001-12-20,8.4333,2.132188154488383,0.020718773769864196
2001-12-21,7.93793,2.07165253597984,-0.060535618508543276
2001-12-24,8.35976,2.1234297185505526,0.05177718257071273
2001-12-26,8.35976,2.1234297185505526,0.0
2001-12-27,8.20253,2.1044426432679493,-0.01898707528260335
2001-12-28,8.03702,2.0840583677182156,-0.020384275549733655
2001-12-31,8.16109,2.099377738486584,0.015319370768368312
2002-01-02,8.17747,2.1013828118207987,0.0020050733342147353
2002-01-03,8.19425,2.103432688788618,0.0020498769678192197
2002-01-04,8.20253,2.1044426432679493,0.0010099544793313875
2002-01-07,8.40785,2.129165793263277,0.024723149995327542
2002-01-08,8.26876,2.1124845582530356,-0.016681235010241213
2002-01-09,8.74912,2.1689531238833064,0.056468565630270806
2002-01-10,8.76521,2.17079047701374,0.0018373531304334279
2002-01-11,8.96485,2.193311375182596,0.022520898168856274
2002-01-14,8.84567,2.1799280737536777,-0.013383301428918415
2002-01-15,9.30954,2.23103968083092,0.05111160707724238
2002-01-16,9.687,2.270784780444248,0.03974509961332773
2002-01-17,9.52802,2.254236931127202,-0.01654784931704567
2002-01-18,9.55142,2.2566898345386894,0.002452903411487295
2002-01-22,9.647,2.2666469861884164,0.009957151649726992
2002-01-23,9.42463,2.243326475269057,-0.023320510919359272
2002-01-24,9.21093,2.220390822368058,-0.02293565290099897
2002-01-25,9.61092,2.2628999520108537,0.04250912964279552
2002-01-28,9.51826,2.25321205898899,-0.00968789302186357
2002-01-29,9.97865,2.3004478106324058,0.04723575164341565
2002-01-30,10.0859,2.3111384088720888,0.010690598239682991
2002-01-31,9.5007,2.251365480102473,-0.059772928769615596
2002-02-04,10.003,2.3028850480030436,0.05151956790057044
2002-02-05,10.1376,2.31625128375786,0.013366235754816547
2002-02-06,9.91524,2.2940729674276703,-0.02217831633018985
2002-02-07,10.2946,2.3316194859123938,0.03754651848472346
2002-02-08,10.477,2.349182378370828,0.01756289245843412
2002-02-11,9.9718,2.2997611093029438,-0.04942126906788413
2002-02-12,10.2536,2.3276288634334774,0.027867754130533662
2002-02-13,10.2703,2.3292562348088595,0.0016273713753820473
2002-02-14,10.5833,2.3592772870593315,0.030021052250472025
2002-02-15,10.4849,2.3499361268739714,-0.009341160185360131
2002-02-19,10.2703,2.3292562348088595,-0.020679892065111893
2002-02-20,10.2146,2.323818069402055,-0.005438165406804529
2002-02-21,10.3113,2.3332403812536624,0.009422311851607468
2002-02-22,10.3113,2.3332403812536624,0.0
2002-02-25,10.0118,2.3037643973412387,-0.029475983912423676
2002-02-26,10.3366,2.3356909948910407,0.03192659754980198
2002-02-27,10.2536,2.3276288634334774,-0.008062131457563293
2002-02-28,10.0206,2.3046429741034897,-0.022985889329987685
2002-03-01,10.0118,2.3037643973412387,-0.0008785767622510043
2002-03-04,9.51045,2.252391194049796,-0.05137320329144268
2002-03-05,9.65482,2.2674572725166344,0.015066078466838384
2002-03-06,9.89185,2.2917111857754966,0.02425391325886217
2002-03-07,9.687,2.270784780444248,-0.020926405331248787
2002-03-08,9.30954,2.23103968083092,-0.03974509961332773
2002-03-11,9.48413,2.249619875405714,0.018580194574794096
2002-03-12,9.66358,2.2683641799831338,0.0187443045774196
2002-03-13,9.40805,2.2415657057679987,-0.026798474215135037
2002-03-14,9.32807,2.233028133868144,-0.008537571899854601
2002-03-15,9.39146,2.239800765691741,0.006772631823596775
2002-03-18,9.766,2.2789069656394685,0.03910619994772757
2002-03-19,9.80696,2.283092337682583,0.0041853720431146435
2002-03-20,9.89863,2.2923963637262337,0.009304026043650548
2002-03-21,9.94839,2.297410729032779,0.005014365306545532
2002-03-22,10.5023,2.3515942807950982,0.05418355176231904
2002-03-25,11.0389,2.401425398203626,0.04983111740852797
2002-03-26,10.9053,2.3892489095915592,-0.012176488612066994
2002-03-27,11.3743,2.431356424481907,0.04210751489034781
2002-03-28,11.0389,2.401425398203626,-0.029931026278280815
2002-04-01,11.146,2.4110806891473446,0.00965529094371842
2002-04-02,11.2046,2.4163244082667377,0.005243719119393031
2002-04-03,10.751,2.374998773503091,-0.04132563476364659
2002-04-04,10.9296,2.391474704995448,0.01647593149235682
2002-04-05,10.7423,2.3741892188534885,-0.01728548614195935
2002-04-08,10.6819,2.368550720330977,-0.005638498522511526
2002-04-10,11.2046,2.4163244082667377,0.047773687935760645
2002-04-11,11.5373,2.4455852649008234,0.02926085663408573
2002-04-12,11.5782,2.4491240196482282,0.0035387547474048375
2002-04-15,11.343,2.4286008135769053,-0.020523206071322964
2002-04-16,10.915,2.3901379900019073,-0.03846282357499797
2002-04-17,11.5928,2.4503842157495774,0.060246225747670135
2002-04-18,11.3743,2.431356424481907,-0.019027791267670402
2002-04-19,11.7645,2.465086522338694,0.033730097856786934
2002-04-22,11.9225,2.4784273711902425,0.013340848851548515
2002-04-23,12.1985,2.501312993360467,0.022885622170224718
2002-04-24,12.3184,2.5110940795416483,0.00978108618118112
2002-04-25,11.74,2.4630018143999504,-0.048092265141697954
2002-04-26,12.3184,2.5110940795416483,0.048092265141697954
2002-04-29,12.2365,2.504423288480919,-0.006670791060729098
2002-04-30,11.4836,2.4409199305828877,-0.06350335789803152
2002-05-01,11.7,2.4595888418037104,0.018668911220822704
2002-05-02,11.9127,2.477605057926479,0.01801621612276838
2002-05-03,12.335,2.51244074998132,0.03483569205484116
2002-05-06,12.931,2.5596275293137145,0.04718677933239457
2002-05-07,12.4286,2.5200002684472027,-0.039627260866511804
2002-05-08,12.4764,2.523838859789788,0.0038385913425851292
2002-05-09,12.6315,2.5361936941560197,0.01235483436623186
2002-05-10,12.8354,2.552206978621286,0.01601328446526651
2002-05-13,12.9865,2.5639103563483077,0.011703377727021458
2002-05-14,12.1468,2.49706576061181,-0.06684459573649759
2002-05-15,11.981,2.483322061657762,-0.013743698954048256
2002-05-16,12.3106,2.5104606798696536,0.027138618211891785
2002-05-17,12.7749,2.547482308270481,0.037021628400827566
2002-05-20,13.1748,2.57830591404655,0.030823605776068685
2002-05-21,13.7151,2.6184974156498972,0.04019150160334739
2002-05-22,13.7824,2.6233924158776545,0.00489500022775724
2002-05-23,14.389,2.6664640257812806,0.04307160990362613
2002-05-24,14.2613,2.657549574926328,-0.008914450854952793
2002-05-28,14.5129,2.6750379090903396,0.017488334164011743
2002-05-29,14.1003,2.646196073753524,-0.028841835336815613
2002-05-30,13.8097,2.625371243796396,-0.020824829957128088
2002-05-31,13.8507,2.6283357728724135,0.00296452907601763
2002-06-03,14.4632,2.6716074923856676,0.04327171951325415
2002-06-04,14.2115,2.6540514960031665,-0.01755599638250116
2002-06-05,13.4372,2.598026980057267,-0.05602451594589963
2002-06-06,13.8263,2.6265725755373444,0.028545595480077512
2002-06-07,13.0304,2.5672850890539025,-0.05928748648344184
2002-06-10,11.8317,2.470782370117482,-0.0965027189364207
2002-06-11,12.6744,2.539584211078696,0.06880184096121411
2002-06-12,12.0796,2.4915180793756537,-0.04806613170304219
2002-06-13,11.7079,2.4602638276247317,-0.031254251750922
2002-06-14,12.3184,2.5110940795416483,0.05083025191691659
2002-06-17,11.6192,2.4526589022378795,-0.05843517730376879
2002-06-18,12.4042,2.518035124939237,0.06537622270135746
2002-06-19,12.2453,2.505142189899851,-0.012892935039385822
2002-06-20,13.0567,2.5693014119805864,0.06415922208073521
2002-06-21,13.3962,2.594971084650309,0.025669672669722754
2002-06-24,13.3874,2.5943139660914407,-0.0006571185588684081
2002-06-25,13.1066,2.5731159201279303,-0.02119804596351038
2002-06-26,12.9963,2.564664701566276,-0.008451218561654539
2002-06-27,12.1897,2.5005913328539995,-0.06407336871227631
2002-06-28,12.0483,2.4889235711459343,-0.01166776170806516
2002-07-01,12.6501,2.5376651202806237,0.04874154913468942
2002-07-02,11.6746,2.457415541726061,-0.08024957855456272
2002-07-03,11.586,2.4497974726744323,-0.007618069051628762
2002-07-05,11.3207,2.426632908319011,-0.02316456435542147
2002-07-08,12.0863,2.492072579739528,0.06543967142051699
2002-07-09,12.8354,2.552206978621286,0.06013439888175842
2002-07-10,12.9153,2.558412655081736,0.006205676460449894
2002-07-11,12.4764,2.523838859789788,-0.03457379529194826
2002-07-12,12.4199,2.5193000249431283,-0.004538834846659512
2002-07-15,12.0561,2.489570755914877,-0.02972926902825135
2002-07-16,11.9566,2.4812834271705455,-0.008287328744331468
2002-07-17,11.4504,2.43802466388787,-0.04325876328267553
2002-07-18,11.4767,2.440318893121904,0.0022942292340339954
2002-07-19,11.781,2.466488064263982,0.026169171142078174
2002-07-22,10.955,2.3937959730474296,-0.07269209121655251
2002-07-23,9.75625,2.2779081052816053,-0.11588786776582438
2002-07-24,10.3775,2.3396400009450566,0.061731895663451386
2002-07-25,9.67919,2.2699782201013625,-0.06966178084369412
2002-07-26,8.35976,2.1234297185505526,-0.1465485015508099
2002-07-29,9.37489,2.238034838454305,0.11460511990375233
2002-07-30,9.89185,2.2917111857754966,0.05367634732119164
2002-07-31,9.54264,2.2557701767373817,-0.035941009038114924
2002-08-01,9.62652,2.2645217897833914,0.008751613046009687
2002-08-02,10.1123,2.3137525046859424,0.04923071490255104
2002-08-05,9.687,2.270784780444248,-0.042967724241694594
2002-08-06,10.3366,2.3356909948910407,0.0649062144467929
2002-08-07,10.4849,2.3499361268739714,0.014245131982930648
2002-08-08,10.0859,2.3111384088720888,-0.038797718001882586
2002-08-09,11.1042,2.407323415129621,0.09618500625753201
2002-08-12,10.9452,2.392901003991976,-0.014422411137644975
2002-08-13,11.1802,2.4141443566546017,0.02124335266262589
2002-08-14,10.7774,2.377451349006452,-0.036693007648149756
2002-08-15,11.3363,2.428009966399531,0.050558617393078986
2002-08-16,11.1734,2.4135359535150847,-0.014474012884446275
2002-08-19,10.871,2.3860986932218635,-0.027437260293221133
2002-08-20,10.7677,2.3765509121873714,-0.009547781034492164
2002-08-21,10.8262,2.3819691222481114,0.0054182100607400585
2002-08-22,10.9959,2.3975224760455682,0.015553353797456815
2002-08-23,10.5023,2.3515942807950982,-0.04592819525046998
2002-08-26,11.2397,2.419452153717891,0.06785787292279277
2002-08-27,11.7576,2.4644998400103377,0.04504768629244671
2002-08-28,11.9127,2.477605057926479,0.013105217916141054
2002-08-29,12.9076,2.5578162851753183,0.08021122724883956
2002-08-30,12.3029,2.509835006946161,-0.04798127822915754
2002-09-03,12.6315,2.5361936941560197,0.0263586872098589
2002-09-04,12.6082,2.5343473959338705,-0.001846298222149212
2002-09-05,12.8851,2.5560716050365717,0.02172420910270123
2002-09-06,13.0899,2.571840940473224,0.015769335436652376
2002-09-09,13.5016,2.6028081969401375,0.03096725646691345
2002-09-10,12.8354,2.552206978621286,-0.05060121831885134
2002-09-11,13.1309,2.574968231281652,0.022761252660365994
2002-09-12,13.7093,2.6180744346485647,0.04310620336691251
2002-09-13,13.7756,2.6228989112591763,0.004824476610611583
2002-09-16,13.8896,2.6311403586554065,0.008241447396230228
2002-09-17,13.559,2.607050533480172,-0.02408982517523439
2002-09-18,13.52,2.604170070614818,-0.0028804628653542608
2002-09-19,13.7326,2.6197725682033917,0.015602497588573794
2002-09-20,13.6429,2.6132192397876937,-0.006553328415698001
2002-09-23,13.5279,2.604754219493263,-0.008465020294430747
2002-09-24,13.9326,2.6342314178985635,0.02947719840530061
2002-09-25,13.3026,2.587959504844082,-0.046271913054481306
2002-09-26,12.9387,2.560222820347425,-0.027736684496657116
2002-09-27,12.9631,2.5621068598518244,0.0018840395043993041
2002-09-30,13.2362,2.5829555002504345,0.02084864039861012
2002-10-01,12.8354,2.552206978621286,-0.030748521629148318
2002-10-02,12.7749,2.547482308270481,-0.004724670350805038
2002-10-03,12.5281,2.5279741213366416,-0.0195081869338396
2002-10-04,12.6013,2.5337999832384734,0.005825861901831875
2002-10-07,11.9897,2.484047947875687,-0.04975203536278627
2002-10-08,11.3743,2.431356424481907,-0.05269152339378014
2002-10-09,11.4933,2.441764256891158,0.010407832409251139
2002-10-10,11.0983,2.4067919434359935,-0.034972313455164716
2002-10-11,11.3587,2.4299839701249173,0.02319202668892384
2002-10-14,11.6746,2.457415541726061,0.027431571601143734
2002-10-15,11.2612,2.4213631889692158,-0.03605235275684526
2002-10-16,11.305,2.425245105729933,0.0038819167607173632
2002-10-17,10.9705,2.3952098520998675,-0.03003525363006565
2002-10-18,10.8799,2.3869170502090866,-0.008292801890780854
2002-10-21,10.5833,2.3592772870593315,-0.027639763149755137
2002-10-22,11.1558,2.411959542031935,0.05268225497260337
2002-10-23,10.7335,2.373369691712006,-0.038589850319928676
2002-10-24,10.7774,2.377451349006452,0.004081657294445762
2002-10-25,10.6993,2.3701783187670946,-0.007273030239357325
2002-10-28,11.2612,2.4213631889692158,0.05118487020212115
2002-10-29,11.3831,2.4321297993348,0.010766610365584128
2002-10-30,11.3655,2.430582451057401,-0.0015473482773988856
2002-10-31,9.9972,2.3023050537867267,-0.12827739727067433
2002-11-01,10.2302,2.3253441301145608,0.023039076327834085
2002-11-04,10.2459,2.3268776255630774,0.001533495448516664
2002-11-05,10.1542,2.317887413002488,-0.008990212560589406
2002-11-06,10.2536,2.3276288634334774,0.009741450430989396
2002-11-07,10.2371,2.326018376376784,-0.0016104870566935325
2002-11-08,10.2946,2.3316194859123938,0.005601109535609883
2002-11-11,10.1464,2.3171189627710826,-0.014500523141311117
2002-11-12,10.3366,2.3356909948910407,0.01857203211995806
2002-11-13,9.9718,2.2997611093029438,-0.035929885588096955
2002-11-14,10.0206,2.3046429741034897,0.004881864800545976
2002-11-15,10.2703,2.3292562348088595,0.024613260705369733
2002-11-18,10.0536,2.3079307793187978,-0.021325455490061707
2002-11-19,9.75625,2.2779081052816053,-0.0300226740371925
2002-11-20,9.48413,2.249619875405714,-0.02828822987589108
2002-11-21,9.10462,2.20878197699836,-0.04083789840735408
2002-11-22,9.20128,2.219342604812036,0.01056062781367606
2002-11-25,9.04572,2.202291717669238,-0.01705088714279812
2002-11-26,8.93003,2.1894197543452507,-0.012871963323987323
2002-11-27,9.05429,2.203238678542786,0.013818924197535498
2002-11-29,9.09603,2.2078380545958303,0.0045993760530440575
2002-12-02,8.95637,2.1923650109693456,-0.015473043626484717
2002-12-03,9.67919,2.2699782201013625,0.07761320913201697
2002-12-04,9.71429,2.2735979972971667,0.003619777195804197
2002-12-05,10.1035,2.3128818984714137,0.03928390117424696
2002-12-06,10.7423,2.3741892188534885,0.06130732038207487
2002-12-09,10.5023,2.3515942807950982,-0.0225949380583903
2002-12-10,10.4175,2.3434870843144715,-0.008107196480626744
2002-12-11,10.4936,2.3507655475187987,0.007278463204327235
2002-12-12,11.351,2.4293058457732024,0.07854029825440367
2002-12-13,11.5928,2.4503842157495774,0.021078369976375022
2002-12-16,11.8834,2.4751424682746355,0.024758252525058033
2002-12-17,11.6659,2.4566700563763115,-0.018472411898323937
2002-12-18,11.981,2.483322061657762,0.026652005281450286
2002-12-19,11.6923,2.4589305054897865,-0.02439155616797528
2002-12-20,11.8064,2.468641757321965,0.009711251832178469
2002-12-23,12.2365,2.504423288480919,0.035781531158954216
2002-12-24,12.1303,2.495706454719376,-0.008716833761543086
2002-12-26,12.7407,2.544801593689538,0.04909513897016193
2002-12-27,12.493,2.525168487449692,-0.019633106239846043
2002-12-30,12.0863,2.492072579739528,-0.03309590771016424
2002-12-31,12.2873,2.5085662086368505,0.016493628897322754
2003-01-02,12.3506,2.513704644889822,0.005138436252971612
2003-01-03,12.6656,2.5388896569860546,0.025185012096232473
2003-01-06,12.4686,2.523213483942587,-0.01567617304346758
2003-01-07,11.7645,2.465086522338694,-0.05812696160389308
2003-01-08,12.2239,2.5033930517624308,0.0383065294237368
2003-01-09,12.095,2.4927921440619905,-0.01060090770044031
2003-01-10,12.3955,2.5173335035198736,0.02454135945788316
2003-01-13,11.981,2.483322061657762,-0.0340114418621118
2003-01-14,11.0797,2.405114605140307,-0.07820745651745487
2003-01-15,10.9783,2.395920597136348,-0.009194008003958754
2003-01-16,11.546,2.4463390566387417,0.05041845950239354
2003-01-17,11.2397,2.419452153717891,-0.02688690292085072
2003-01-21,11.546,2.4463390566387417,0.02688690292085072
2003-01-22,11.7732,2.4658257619752084,0.01948670533646668
2003-01-23,12.216,2.5027465679163314,0.036920805941123014
2003-01-24,12.8002,2.5494607958035025,0.046714227887171056
2003-01-27,12.2306,2.5039410081849827,-0.045519787618519825
2003-01-28,12.0483,2.4889235711459343,-0.015017437039048342
2003-01-29,11.6923,2.4589305054897865,-0.029993065656147788
2003-01-30,12.138,2.4963410274136635,0.03741052192387695
2003-01-31,12.0483,2.4889235711459343,-0.007417456267729161
2003-02-03,12.1223,2.4950467316142113,0.006123160468276989
2003-02-04,12.4764,2.523838859789788,0.028792128175576526
2003-02-05,11.8756,2.474485874960083,-0.04935298482970474
2003-02-06,11.501,2.4424339881104444,-0.03205188684963867
2003-02-07,11.5196,2.4440499324426925,0.0016159443322480982
2003-02-10,10.915,2.3901379900019073,-0.05391194244078523
2003-02-11,11.351,2.4293058457732024,0.03916785577129511
2003-02-12,10.8963,2.388423282067777,-0.04088256370542531
2003-02-13,11.546,2.4463390566387417,0.05791577457096464
2003-02-14,10.9959,2.3975224760455682,-0.04881658059317351
2003-02-18,11.0632,2.4036242851683114,0.0061018091227431626
2003-02-19,11.2963,2.4244752384718815,0.02085095330357012
2003-02-20,11.6426,2.4546707850580365,0.030195546586154975
2003-02-21,11.3304,2.4274893789180494,-0.027181406139987097
2003-02-24,11.0983,2.4067919434359935,-0.020697435482055937
2003-02-25,11.0389,2.401425398203626,-0.005366545232367237
2003-02-26,11.1558,2.411959542031935,0.01053414382830864
2003-02-27,11.112,2.4080256054520426,-0.003933936579892272
2003-02-28,11.3909,2.4328147910187368,0.024789185566694183
2003-03-03,11.0389,2.401425398203626,-0.03138939281511055
2003-03-04,11.0797,2.405114605140307,0.0036892069366807334
2003-03-05,11.2046,2.4163244082667377,0.011209803126430717
2003-03-06,11.0389,2.401425398203626,-0.01489901006311145
2003-03-07,10.716,2.3717379516823622,-0.029687446521263983
2003-03-10,10.321,2.3341806545837964,-0.03755729709856581
2003-03-11,9.91524,2.2940729674276703,-0.040107687156126115
2003-03-12,9.75625,2.2779081052816053,-0.01616486214606505
2003-03-13,9.9718,2.2997611093029438,0.021853004021338496
2003-03-14,10.3268,2.334742457793102,0.034981348490158215
2003-03-17,10.1697,2.3194127111003047,-0.015329746692797297
2003-03-18,10.6009,2.3609389031741173,0.041526192073812584
2003-03-19,10.2946,2.3316194859123938,-0.02931941726172349
2003-03-20,9.73185,2.27540401173221,-0.05621547418018391
2003-03-21,9.53582,2.255055234305917,-0.02034877742629293
2003-03-24,9.48413,2.249619875405714,-0.005435358900202747
2003-03-25,9.36123,2.23657669211234,-0.013043183293374394
2003-03-26,9.84105,2.2865624126884145,0.049985720576074755
2003-03-27,9.647,2.2666469861884164,-0.019915426499998112
2003-03-28,10.3844,2.3403046800210596,0.0736576938326432
2003-03-31,10.8409,2.383326018395305,0.04302133837424549
2003-04-01,9.11886,2.210344796273089,-0.17298122212221623
2003-04-02,8.89639,2.1856455764753426,-0.024699219797746252
2003-04-03,8.4493,2.134083597700954,-0.05156197877438862
2003-04-04,8.74912,2.1689531238833064,0.034869526182352395
2003-04-07,8.70639,2.1640572388187005,-0.00489588506460592
2003-04-08,8.81378,2.176316405817835,0.012259166999134319
2003-04-09,8.97958,2.1949531106189935,0.018636704801158643
2003-04-10,8.92252,2.1885784179039027,-0.006374692715090724
2003-04-11,8.83894,2.1791669599575703,-0.009411457946332469
2003-04-14,8.74912,2.1689531238833064,-0.010213836074263849
2003-04-15,8.89639,2.1856455764753426,0.016692452592036222
2003-04-16,8.73341,2.167155900686364,-0.018489675788978754
2003-04-17,8.85503,2.180985659145489,0.013829758459125152
2003-04-21,9.14344,2.2130366822724135,0.03205102312692443
2003-04-22,9.09603,2.2078380545958303,-0.00519862767658319
2003-04-23,8.85503,2.180985659145489,-0.026852395450341238
2003-04-24,8.57404,2.1487390334319896,-0.032246625713499455
2003-04-25,8.30153,2.1164398351639084,-0.03229919826808114
2003-04-28,8.19425,2.103432688788618,-0.013007146375290546
2003-04-29,8.30993,2.1174511852458373,0.01401849645721942
2003-04-30,8.28516,2.1144659627017077,-0.0029852225441295843
2003-05-01,8.68259,2.161319871260457,0.04685390855874916
2003-05-02,8.69918,2.1632287683448936,0.0019088970844367559
2003-05-05,8.97226,2.194137595283998,0.03090882693910446
2003-05-06,9.02113,2.1995696033898664,0.005432008105868302
2003-05-07,8.54079,2.1448535093768766,-0.054716094012989824
2003-05-08,8.59073,2.1506837149231877,0.005830205546311085
2003-05-09,8.5991,2.1516575466203562,0.0009738316971685812
2003-05-12,8.85503,2.180985659145489,0.029328112525132788
2003-05-13,8.59073,2.1506837149231877,-0.03030194422230137
2003-05-14,8.79661,2.1743664199923463,0.023682705069158594
2003-05-15,8.80462,2.175276583719876,0.0009101637275299446
2003-05-16,8.64163,2.156591222429801,-0.018685361290075253
2003-05-19,8.91413,2.1876376582187844,0.031046435788983473
2003-05-20,8.99666,2.1968533973463384,0.009215739127554023
2003-05-21,9.38366,2.238969878810726,0.04211648146438751
2003-05-22,9.16939,2.2158707627907415,-0.02309911601998449
2003-05-23,9.37489,2.238034838454305,0.022164075663563487
2003-05-27,9.45876,2.2469412962481843,0.00890645779387933
2003-05-28,8.97958,2.1949531106189935,-0.05198818562919083
2003-05-29,9.12735,2.211275400558879,0.016322289939885604
2003-05-30,9.21093,2.220390822368058,0.009115421809179125
2003-06-02,9.11886,2.210344796273089,-0.010046026094969296
2003-06-03,9.11886,2.210344796273089,0.0
2003-06-04,9.13486,2.2120978640420326,0.0017530677689436835
2003-06-05,9.70553,2.2726958261550907,0.060597962113058124
2003-06-06,9.71429,2.2735979972971667,0.0009021711420760248
2003-06-09,9.58556,2.260257799412761,-0.013340197884405658
2003-06-10,9.31832,2.2319823549384323,-0.028275444474328726
2003-06-11,9.44218,2.2451868857000625,0.013204530761630195
2003-06-12,9.42463,2.243326475269057,-0.001860410431005377
2003-06-13,9.65482,2.2674572725166344,0.024130797247577274
2003-06-16,9.71429,2.2735979972971667,0.006140724780532292
2003-06-17,10.0772,2.3102754462780517,0.036677448980884986
2003-06-18,9.9718,2.2997611093029438,-0.010514336975107952
2003-06-19,10.1376,2.31625128375786,0.016490174454916406
2003-06-20,10.1035,2.3128818984714137,-0.00336938528644648
2003-06-23,9.73185,2.27540401173221,-0.037477886739203825
2003-06-24,9.46755,2.2478701620051114,-0.02753384972709849
2003-06-25,9.568,2.2584241972082757,0.010554035203164336
2003-06-26,9.65482,2.2674572725166344,0.009033075308358729
2003-06-27,9.5007,2.251365480102473,-0.016091792414161254
2003-06-30,9.59336,2.2610711924953795,0.009705712392906296
2003-07-01,9.91524,2.2940729674276703,0.03300177493229084
2003-07-02,9.78159,2.280502047519685,-0.013570919907985424
2003-07-03,9.67919,2.2699782201013625,-0.010523827418322362
2003-07-07,9.79819,2.2821976747409605,0.012219454639597949
2003-07-08,9.55922,2.257506133776509,-0.024691540964451253
2003-07-09,9.55142,2.2566898345386894,-0.0008162992378197842
2003-07-10,9.48413,2.249619875405714,-0.0070699591329752565
2003-07-11,9.59336,2.2610711924953795,0.011451317089665292
2003-07-14,9.57679,2.259342462764352,-0.0017287297310275562
2003-07-15,8.98797,2.195887016533801,-0.063455446230551
2003-07-16,8.79017,2.173634051669339,-0.022252964864462044
2003-07-17,8.70639,2.1640572388187005,-0.009576812850638383
2003-07-18,8.94702,2.1913205159491236,0.02726327713042309
2003-07-21,9.14344,2.2130366822724135,0.021716166323289876
2003-07-22,9.07897,2.2059607500554903,-0.007075932216923153
2003-07-23,9.67919,2.2699782201013625,0.06401747004587222
2003-07-24,10.2146,2.323818069402055,0.05383984930069241
2003-07-25,10.3932,2.3411517461428626,0.017333676740807658
2003-07-28,10.5423,2.355395735626284,0.014243989483421426
2003-07-29,10.0536,2.3079307793187978,-0.04746495630748626
2003-07-30,10.0859,2.3111384088720888,0.0032076295532910137
2003-07-31,9.93183,2.295744751107971,-0.01539365776411783
2003-08-01,9.92399,2.2949550581708444,-0.000789692937126496
2003-08-04,9.94839,2.297410729032779,0.0024556708619347667
2003-08-05,10.0449,2.3070650430157515,0.00965431398297234
2003-08-06,10.321,2.3341806545837964,0.027115611568044873
2003-08-07,10.3443,2.336435643369183,0.002254988785386658
2003-08-08,10.9783,2.395920597136348,0.059484953767165116
2003-08-11,11.1558,2.411959542031935,0.01603894489558666
2003-08-12,11.0389,2.401425398203626,-0.01053414382830864
2003-08-13,11.0797,2.405114605140307,0.0036892069366807334
2003-08-14,11.0466,2.402122688309079,-0.0029919168312280142
2003-08-15,11.0983,2.4067919434359935,0.004669255126914518
2003-08-18,10.9373,2.3921789658022616,-0.014612977633731816
2003-08-19,11.3655,2.430582451057401,0.03840348525513937
2003-08-20,11.7645,2.465086522338694,0.03450407128129296
2003-08-21,11.5694,2.448363681606794,-0.01672284073189978
2003-08-22,11.426,2.4358914603022708,-0.012472221304523412
2003-08-25,11.3304,2.4274893789180494,-0.008402081384221383
2003-08-26,11.3119,2.425855268945411,-0.0016341099726382424
2003-08-27,12.0561,2.489570755914877,0.06371548696946583
2003-08-28,12.0483,2.4889235711459343,-0.0006471847689426546
2003-08-29,11.9127,2.477605057926479,-0.01131851321945554
2003-09-02,11.6582,2.4560097950775064,-0.021595262848972396
2003-09-03,11.4679,2.439551828066816,-0.016457967010690577
2003-09-04,11.5293,2.4448916212497642,0.005339793182948416
2003-09-05,11.6846,2.458271735483629,0.01338011423386476
2003-09-08,11.6846,2.458271735483629,0.0
2003-09-09,12.0706,2.490772743898793,0.03250100841516401
2003-09-10,11.9975,2.4846982947502636,-0.006074449148529393
2003-09-11,12.1039,2.4935277147202677,0.008829419970004082
2003-09-12,11.6923,2.4589305054897865,-0.03459720923048115
2003-09-15,11.5109,2.443294412552648,-0.015636092937138635
2003-09-16,11.5606,2.4476027650114984,0.004308352458850528
2003-09-17,11.5782,2.4491240196482282,0.0015212546367298074
2003-09-18,11.2046,2.4163244082667377,-0.03279961138149057
2003-09-19,11.2476,2.4201547725583032,0.00383036429156558
2003-09-22,10.8359,2.3828646956826653,-0.0372900768756379
2003-09-23,10.871,2.3860986932218635,0.0032339975391981746
2003-09-24,10.955,2.3937959730474296,0.007697279825566117
2003-09-25,10.4849,2.3499361268739714,-0.04385984617345828
2003-09-26,10.0626,2.3088255805835,-0.041110546290471284
2003-09-29,10.0449,2.3070650430157515,-0.0017605375677485213
2003-09-30,10.2234,2.3246792104671115,0.017614167451359908
2003-10-01,10.4097,2.3427380637678143,0.018058853300702893
2003-10-02,10.3366,2.3356909948910407,-0.007047068876773643
2003-10-03,9.95425,2.2979995956524175,-0.03769139923862319
2003-10-06,10.0362,2.306198556563881,0.008198960911463438
2003-10-07,10.3687,2.3387916527629535,0.03259309619907258
2003-10-08,10.36,2.337952236831337,-0.0008394159316167382
2003-10-09,10.4936,2.3507655475187987,0.012813310687461943
2003-10-10,10.4263,2.3443314601502445,-0.00643408736855422
2003-10-13,10.6399,2.3646110853730917,0.02027962522284721
2003-10-14,10.5502,2.3561448170883588,-0.008466268284732958
2003-10-15,10.4496,2.346563700166256,-0.00958111692210295
2003-10-16,10.6311,2.3637836677150545,0.01721996754879873
2003-10-17,10.3844,2.3403046800210596,-0.023478987693994924
2003-10-20,10.4673,2.348256111969609,0.007951431948549192
2003-10-21,10.9959,2.3975224760455682,0.04926636407595941
2003-10-22,11.3655,2.430582451057401,0.033059975011832776
2003-10-23,11.1295,2.409599240648528,-0.020983210408873187
2003-10-24,11.6426,2.4546707850580365,0.04507154440950867
2003-10-27,11.6259,2.4532353678315353,-0.001435417226501201
2003-10-28,11.4162,2.435033399292273,-0.01820196853926248
2003-10-29,11.5928,2.4503842157495774,0.015350816457304628
2003-10-30,8.98797,2.195887016533801,-0.2544971992157765
2003-10-31,8.98797,2.195887016533801,0.0
2003-11-03,8.63334,2.1556314522378566,-0.040255564295944346
2003-11-04,8.81378,2.176316405817835,0.020684953579978238
2003-11-05,8.64163,2.156591222429801,-0.019725183388033862
2003-11-06,8.50753,2.1409516536870297,-0.01563956874277128
2003-11-07,8.87815,2.183593201966342,0.042641548279312325
2003-11-10,8.69918,2.1632287683448936,-0.020364433621448352
2003-11-11,8.5991,2.1516575466203562,-0.011571221724537395
2003-11-12,9.29491,2.229466938501463,0.07780939188110692
2003-11-13,9.02113,2.1995696033898664,-0.029897335111596757
2003-11-14,8.96485,2.193311375182596,-0.006258228207270289
2003-11-17,8.78247,2.172757689268151,-0.020553685914445285
2003-11-18,9.27149,2.226944100210594,0.05418641094244325
2003-11-19,9.24478,2.2240590679091072,-0.002885032301486845
2003-11-20,9.21093,2.220390822368058,-0.0036682455410490533
2003-11-21,9.45876,2.2469412962481843,0.026550473880126102
2003-11-24,9.18675,2.2177622285537675,-0.029179067694416805
2003-11-25,9.26223,2.225944840399771,0.00818261184600333
2003-11-26,9.55922,2.257506133776509,0.03156129337673841
2003-11-28,9.79819,2.2821976747409605,0.024691540964451253
2003-12-01,9.88301,2.2908171212320454,0.008619446491084926
2003-12-02,9.80696,2.283092337682583,-0.007724783549462266
2003-12-03,9.8499,2.287461302848199,0.004368965165615801
2003-12-04,9.42463,2.243326475269057,-0.04413482757914178
2003-12-05,9.687,2.270784780444248,0.027458305175190656
2003-12-08,9.82354,2.2847815462042695,0.013996765760021734
2003-12-09,9.57679,2.259342462764352,-0.02543908343991763
2003-12-10,9.30271,2.230305755560565,-0.029036707203786705
2003-12-11,9.67236,2.2692723334634857,0.03896657790292046
2003-12-12,9.67236,2.2692723334634857,0.0
2003-12-15,9.647,2.2666469861884164,-0.0026253472750692453
2003-12-16,9.41585,2.2423944394997357,-0.02425254668868071
2003-12-17,9.69576,2.2716886765453634,0.029294237045627725
2003-12-18,9.6392,2.2658381176269295,-0.00585055891843389
2003-12-19,9.55922,2.257506133776509,-0.008331983850420333
2003-12-22,9.3427,2.2345952896945236,-0.022910844081985626
2003-12-23,9.39146,2.239800765691741,0.005205475997217324
2003-12-24,9.51826,2.25321205898899,0.013411293297249216
2003-12-26,9.70553,2.2726958261550907,0.019483767166100563
2003-12-29,10.0449,2.3070650430157515,0.034369216860660856
2003-12-30,10.0118,2.3037643973412387,-0.0033006456745128254
2003-12-31,9.97865,2.3004478106324058,-0.003316586708832947
2004-01-02,10.0626,2.3088255805835,0.008377769951094294
2004-01-05,10.477,2.349182378370828,0.040356797787327814
2004-01-06,10.477,2.349182378370828,0.0
2004-01-07,10.2849,2.3306768001602296,-0.018505578210598284
2004-01-08,10.4263,2.3443314601502445,0.013654659990014917
2004-01-09,10.8409,2.383326018395305,0.038994558245060595
2004-01-12,10.793,2.378897775843209,-0.004428242552096062
2004-01-13,10.7423,2.3741892188534885,-0.004708556989720503
2004-01-14,10.5502,2.3561448170883588,-0.01804440176512978
2004-01-15,10.0206,2.3046429741034897,-0.05150184298486904
2004-01-16,10.0283,2.3054110960831085,0.00076812197961873
2004-01-20,10.6311,2.3637836677150545,0.05837257163194609
2004-01-21,10.8194,2.381340819015704,0.017557151300649387
2004-01-22,10.751,2.374998773503091,-0.006342045512612859
2004-01-23,10.477,2.349182378370828,-0.025816395132263192
2004-01-26,10.3443,2.336435643369183,-0.012746735001644804
2004-01-27,10.5599,2.357063808536308,0.020628165167124735
2004-01-28,10.2624,2.3284867305166985,-0.028577078019609292
2004-01-29,10.0283,2.3054110960831085,-0.023075634433590064
2004-01-30,10.5423,2.355395735626284,0.04998463954317556
2004-02-02,10.477,2.349182378370828,-0.006213357255456131
2004-02-03,10.8564,2.3847547678375594,0.03557238946673147
2004-02-04,10.4419,2.345826558233061,-0.0389282096044985
2004-02-05,10.6565,2.3661700346191563,0.02034347638609546
2004-02-06,11.0291,2.400537234288073,0.03436719966891655
2004-02-09,11.146,2.4110806891473446,0.010543454859271773
2004-02-10,11.112,2.4080256054520426,-0.003055083695302052
2004-02-11,11.501,2.4424339881104444,0.03440838265840185
2004-02-12,11.351,2.4293058457732024,-0.013128142337242021
2004-02-13,11.3997,2.4335870392647094,0.004281193491507018
2004-02-17,11.7245,2.4616806694998243,0.028093630235114908
2004-02-18,11.1558,2.411959542031935,-0.04972112746788948
2004-02-19,11.1042,2.407323415129621,-0.004636126902314075
2004-02-20,10.8876,2.3876245269814467,-0.01969888814817411
2004-02-23,10.7063,2.3708323532486815,-0.016792173732765203
2004-02-24,10.9959,2.3975224760455682,0.02669012279688676
2004-02-25,10.871,2.3860986932218635,-0.011423782823704709
2004-02-26,11.1968,2.415628023191232,0.029529329969368412
2004-02-27,11.2777,2.4228273245701173,0.007199301378885359
2004-03-01,11.501,2.4424339881104444,0.01960666354032714
2004-03-02,11.146,2.4110806891473446,-0.031353298963099796
2004-03-03,11.3831,2.4321297993348,0.021049110187455256
2004-03-04,11.5928,2.4503842157495774,0.01825441641477754
2004-03-05,11.9127,2.477605057926479,0.02722084217690135
2004-03-08,11.9478,2.4805471610105476,0.0029421030840688367
2004-03-09,12.0229,2.4868131645665166,0.0062660035559689575
2004-03-10,11.5928,2.4503842157495774,-0.036428948816939144
2004-03-11,11.8493,2.472268794106379,0.021884578356801576
2004-03-12,12.0142,2.486089283534287,0.013820489427907923
2004-03-15,11.7079,2.4602638276247317,-0.025825455909555206
2004-03-16,11.8581,2.4730111783749336,0.012747350750201836
2004-03-17,11.9897,2.484047947875687,0.011036769500753607
2004-03-18,12.095,2.4927921440619905,0.008744196186303288
2004-03-19,11.6259,2.4532353678315353,-0.03955677623045517
2004-03-22,11.6192,2.4526589022378795,-0.0005764655936557617
2004-03-23,11.7967,2.4678198313422355,0.015160929104355958
2004-03-24,11.4339,2.436582626957811,-0.031237204384424455
2004-03-25,11.981,2.483322061657762,0.04673943469995079
2004-03-26,12.0317,2.4875448333860004,0.004222771728238595
2004-03-29,12.2072,2.502025941595389,0.014481108209388527
2004-03-30,12.3506,2.513704644889822,0.011678703294433213
2004-03-31,12.3428,2.51307289711435,-0.0006317477754720358
2004-04-01,12.2785,2.5078497654209637,-0.005223131693386396
2004-04-02,12.0561,2.489570755914877,-0.01827900950608674
2004-04-05,11.9127,2.477605057926479,-0.011965697988398194
2004-04-06,11.9,2.4765384001174837,-0.001066657808995064
2004-04-07,11.9897,2.484047947875687,0.00750954775820345
2004-04-08,11.8064,2.468641757321965,-0.015406190553722166
2004-04-12,11.6582,2.4560097950775064,-0.012631962244458617
2004-04-13,11.1042,2.407323415129621,-0.048686379947885605
2004-04-14,10.9959,2.3975224760455682,-0.009800939084052551
2004-04-15,11.1383,2.410389619622482,0.012867143576913875
2004-04-16,11.1042,2.407323415129621,-0.003066204492861324
2004-04-19,11.0886,2.4059175535376287,-0.0014058615919920747
2004-04-20,10.36,2.337952236831337,-0.06796531670629191
2004-04-21,10.4496,2.346563700166256,0.008611463334919023
2004-04-22,10.5423,2.355395735626284,0.008832035460028198
2004-04-23,10.3443,2.336435643369183,-0.018960092257100936
2004-04-26,10.4849,2.3499361268739714,0.013500483504788274
2004-04-27,10.4097,2.3427380637678143,-0.007198063106157004
2004-04-28,9.65482,2.2674572725166344,-0.07528079125117992
2004-04-29,10.003,2.3028850480030436,0.035427775486409185
2004-04-30,10.0206,2.3046429741034897,0.0017579261004461166
2004-05-03,9.9718,2.2997611093029438,-0.004881864800545976
2004-05-04,10.6916,2.369458386428336,0.06969727712539209
2004-05-05,10.3775,2.3396400009450566,-0.029818385483279197
2004-05-06,10.0449,2.3070650430157515,-0.03257495792930509
2004-05-07,9.65482,2.2674572725166344,-0.03960777049911712
2004-05-10,9.93183,2.295744751107971,0.028287478591336512
2004-05-11,10.1697,2.3194127111003047,0.02366795999233373
2004-05-12,9.97865,2.3004478106324058,-0.018964900467898893
2004-05-13,9.92399,2.2949550581708444,-0.005492752461561334
2004-05-14,10.0206,2.3046429741034897,0.009687915932645286
2004-05-17,10.1542,2.317887413002488,0.01324443889899829
2004-05-18,10.4175,2.3434870843144715,0.025599671311983485
2004-05-19,10.5677,2.357802179231926,0.01431509491745464
2004-05-20,10.8262,2.3819691222481114,0.02416694301618527
2004-05-21,11.0466,2.402122688309079,0.02015356606096752
2004-05-24,11.3304,2.4274893789180494,0.025366690608970455
2004-05-25,11.343,2.4286008135769053,0.001111434658855881
2004-05-26,11.3997,2.4335870392647094,0.004986225687804158
2004-05-27,11.5293,2.4448916212497642,0.011304581985054796
2004-05-28,11.501,2.4424339881104444,-0.0024576331393197925
2004-06-01,11.2212,2.417804846247264,-0.024629141863180326
2004-06-02,11.2397,2.419452153717891,0.001647307470626913
2004-06-03,10.9862,2.3966399397428866,-0.022812213975004436
2004-06-04,11.112,2.4080256054520426,0.011385665709156001
2004-06-07,11.2612,2.4213631889692158,0.01333758351717318
2004-06-08,11.0632,2.4036242851683114,-0.01773890380090437
2004-06-09,10.6916,2.369458386428336,-0.03416589873997555
2004-06-10,10.751,2.374998773503091,0.0055403870747552375
2004-06-14,10.5346,2.3546650778594813,-0.02033369564360976
2004-06-15,10.6993,2.3701783187670946,0.015513240907613302
2004-06-16,10.7423,2.3741892188534885,0.0040109000863939315
2004-06-17,10.8876,2.3876245269814467,0.013435308127958123
2004-06-18,11.0466,2.402122688309079,0.014498161327632264
2004-06-21,11.0983,2.4067919434359935,0.004669255126914518
2004-06-22,11.1802,2.4141443566546017,0.007352413218608245
2004-06-23,11.3207,2.426632908319011,0.012488551664409098
2004-06-24,11.5782,2.4491240196482282,0.02249111132921744
2004-06-25,11.546,2.4463390566387417,-0.0027849630094864963
2004-06-28,11.2476,2.4201547725583032,-0.02618428408043849
2004-06-29,10.9705,2.3952098520998675,-0.02494492045843577
2004-06-30,10.9227,2.3908431925020888,-0.00436665959777871
2004-07-01,10.9617,2.3944073789806875,0.0035641864785986854
2004-07-02,11.2134,2.417109491722175,0.02270211274148748
2004-07-06,11.2709,2.4222241828933706,0.005114691171195673
2004-07-07,11.6426,2.4546707850580365,0.03244660216466588
2004-07-08,12.0317,2.4875448333860004,0.03287404832796392
2004-07-09,12.1039,2.4935277147202677,0.005982881334267276
2004-07-12,11.8229,2.4700383287550434,-0.02348938596522432
2004-07-13,11.5606,2.4476027650114984,-0.02243556374354494
2004-07-14,11.5928,2.4503842157495774,0.0027814507380790054
2004-07-15,11.5109,2.443294412552648,-0.007089803196929534
2004-07-16,11.6426,2.4546707850580365,0.011376372505388588
2004-07-19,11.6746,2.457415541726061,0.0027447566680245394
2004-07-20,11.5928,2.4503842157495774,-0.007031325976483593
2004-07-21,11.2309,2.4186689080146273,-0.03171530773495013
2004-07-22,11.2309,2.4186689080146273,0.0
2004-07-23,10.8963,2.388423282067777,-0.030245625946850208
2004-07-26,10.7063,2.3708323532486815,-0.01759092881909563
2004-07-27,10.8642,2.3854729800725147,0.01464062682383327
2004-07-28,10.915,2.3901379900019073,0.004665009929392561
2004-07-29,11.0544,2.4028285387523933,0.01269054875048603
2004-07-30,10.9373,2.3921789658022616,-0.010649572950131692
2004-08-02,11.2134,2.417109491722175,0.024930525919913293
2004-08-03,11.0886,2.4059175535376287,-0.011191938184546224
2004-08-04,10.8963,2.388423282067777,-0.017494271469851608
2004-08-05,10.4595,2.3475106563470383,-0.04091262572073884
2004-08-06,10.6223,2.3629555648700613,0.015444908523023049
2004-08-09,10.6476,2.3653345146471554,0.002378949777094075
2004-08-10,10.673,2.3677171879318277,0.002382673284672343
2004-08-11,10.4332,2.3449930292436227,-0.022724158688204987
2004-08-12,10.3687,2.3387916527629535,-0.006201376480669207
2004-08-13,10.4595,2.3475106563470383,0.008719003584084728
2004-08-16,10.5023,2.3515942807950982,0.004083624448059986
2004-08-17,10.5423,2.355395735626284,0.0038014548311857688
2004-08-18,10.673,2.3677171879318277,0.012321452305543712
2004-08-19,11.112,2.4080256054520426,0.040308417520214856
2004-08-20,11.4162,2.435033399292273,0.02700779384023022
2004-08-23,11.1383,2.410389619622482,-0.0246437796697907
2004-08-24,11.0144,2.3992035075950287,-0.011186112027453454
2004-08-25,11.1802,2.4141443566546017,0.014940849059573047
2004-08-26,11.0632,2.4036242851683114,-0.010520071486290306
2004-08-27,11.0144,2.3992035075950287,-0.0044207775732827415
2004-08-30,10.8262,2.3819691222481114,-0.017234385346917236
2004-08-31,11.2553,2.420839128823542,0.038870006575430605
2004-09-01,11.2476,2.4201547725583032,-0.0006843562652387725
2004-09-02,11.1197,2.408718310041246,-0.011436462517057322
2004-09-03,10.8106,2.3805271342736303,-0.02819117576761565
2004-09-07,10.6565,2.3661700346191563,-0.01435709965447396
2004-09-08,10.7677,2.3765509121873714,0.010380877568215041
2004-09-09,10.8963,2.388423282067777,0.011872369880405742
2004-09-10,10.9296,2.391474704995448,0.0030514229276707994
2004-09-13,10.8876,2.3876245269814467,-0.0038501780140012265
2004-09-14,10.9862,2.3966399397428866,0.009015412761439912
2004-09-15,10.955,2.3937959730474296,-0.0028439666954569454
2004-09-16,10.9296,2.391474704995448,-0.0023212680519817397
2004-09-17,10.673,2.3677171879318277,-0.02375751706362017
2004-09-20,10.8642,2.3854729800725147,0.01775579214068701
2004-09-21,11.2212,2.417804846247264,0.03233186617474937
2004-09-22,11.112,2.4080256054520426,-0.009779240795221522
2004-09-23,11.4504,2.43802466388787,0.029999058435827397
2004-09-24,11.3304,2.4274893789180494,-0.01053528496982059
2004-09-27,11.3119,2.425855268945411,-0.0016341099726382424
2004-09-28,11.4933,2.441764256891158,0.015908987945747022
2004-09-29,11.5373,2.4455852649008234,0.0038210080096652277
2004-09-30,11.8064,2.468641757321965,0.023056492421141606
2004-10-01,11.7157,2.460929822628771,-0.007711934693193978
2004-10-04,11.546,2.4463390566387417,-0.014590765990029286
2004-10-05,11.8493,2.472268794106379,0.02592973746763727
2004-10-06,11.981,2.483322061657762,0.011053267551382806
2004-10-07,11.7245,2.4616806694998243,-0.021641392157937478
2004-10-08,11.9897,2.484047947875687,0.02236727837586283
2004-10-11,12.0317,2.4875448333860004,0.0034968855103132412
2004-10-12,11.6259,2.4532353678315353,-0.034309465554465124
2004-10-13,11.2963,2.4244752384718815,-0.028760129359653774
2004-10-14,11.1734,2.4135359535150847,-0.010939284956796858
2004-10-15,11.4679,2.439551828066816,0.026015874551731155
2004-10-18,11.305,2.425245105729933,-0.014306722336882682
2004-10-19,11.6347,2.4539920121502408,0.02874690642030764
2004-10-20,12.1039,2.4935277147202677,0.03953570257002692
2004-10-21,12.1468,2.49706576061181,0.003538045891542385
2004-10-22,12.2365,2.504423288480919,0.007357527869109148
2004-10-25,12.8686,2.5547902355822703,0.050366947101351034
2004-10-26,12.9231,2.5590164076544135,0.004226172072143264
2004-10-27,12.7163,2.542884635094892,-0.016131772559521362
2004-10-28,12.6082,2.5343473959338705,-0.00853723916102167
2004-10-29,12.7749,2.547482308270481,0.013134912336610682
2004-11-01,12.335,2.51244074998132,-0.03504155828916122
2004-11-02,12.2239,2.5033930517624308,-0.009047698218889177
2004-11-03,12.733,2.5441970485912986,0.04080399682886782
2004-11-04,13.0139,2.56601801701069,0.021820968419391296
2004-11-05,13.3786,2.5936564154438226,0.02763839843313276
2004-11-08,12.9153,2.558412655081736,-0.03524376036208654
2004-11-09,13.0743,2.57064847123292,0.012235816151183965
2004-11-10,13.0899,2.571840940473224,0.0011924692403040282
2004-11-11,13.0986,2.572505354267068,0.0006644137938440764
2004-11-12,13.4722,2.6006283029954766,0.02812294872840848
2004-11-15,13.2138,2.581261738030763,-0.01936656496471345
2004-11-16,13.4547,2.599328487386262,0.01806674935549868
2004-11-17,13.6595,2.6144352502516464,0.015106762865384482
2004-11-18,13.2606,2.5847972326027957,-0.029638017648850656
2004-11-19,13.3786,2.5936564154438226,0.008859182841026936
2004-11-22,13.3786,2.5936564154438226,0.0
2004-11-23,13.1573,2.576976737674255,-0.01667967776956747
2004-11-24,13.0304,2.5672850890539025,-0.009691648620352655
2004-11-26,13.32,2.589266665112243,0.02198157605834039
2004-11-29,13.3279,2.589859582395139,0.0005929172828960105
2004-11-30,12.9963,2.564664701566276,-0.02519488082886312
2004-12-01,12.8422,2.5527366231487316,-0.011928078417544175
2004-12-02,12.294,2.509111338484818,-0.0436252846639138
2004-12-03,12.1722,2.4991546630532016,-0.009956675431616269
2004-12-06,12.0629,2.4901346267370648,-0.009020036316136792
2004-12-07,11.781,2.466488064263982,-0.02364656247308261
2004-12-08,11.4504,2.43802466388787,-0.02846340037611217
2004-12-09,11.4767,2.440318893121904,0.0022942292340339954
2004-12-10,11.343,2.4286008135769053,-0.011718079544998705
2004-12-13,11.4504,2.43802466388787,0.00942385031096471
2004-12-14,11.3743,2.431356424481907,-0.00666823940596295
2004-12-15,11.3119,2.425855268945411,-0.005501155536495883
2004-12-16,11.1197,2.408718310041246,-0.017136958904165223
2004-12-17,11.2476,2.4201547725583032,0.011436462517057322
2004-12-20,11.2397,2.419452153717891,-0.000702618840412228
2004-12-21,11.305,2.425245105729933,0.005792952012042107
2004-12-22,11.4679,2.439551828066816,0.014306722336882682
2004-12-23,11.4767,2.440318893121904,0.0007670650550881675
2004-12-27,11.5782,2.4491240196482282,0.008805126526324258
2004-12-28,11.4679,2.439551828066816,-0.009572191581412426
2004-12-29,11.351,2.4293058457732024,-0.010245982293613398
2004-12-30,11.305,2.425245105729933,-0.004060740043269284
2004-12-31,11.3655,2.430582451057401,0.0053373453274678795
2005-01-03,11.0466,2.402122688309079,-0.02845976274832207
2005-01-04,10.8963,2.388423282067777,-0.013699406241301837
2005-01-05,10.7335,2.373369691712006,-0.015053590355770918
2005-01-06,10.6476,2.3653345146471554,-0.008035177064850796
2005-01-07,10.5346,2.3546650778594813,-0.01066943678767407
2005-01-10,10.673,2.3677171879318277,0.013052110072346412
2005-01-11,10.8564,2.3847547678375594,0.017037579905731626
2005-01-12,10.7852,2.378174823943632,-0.006579943893927354
2005-01-13,10.6399,2.3646110853730917,-0.013563738570540274
2005-01-14,10.4936,2.3507655475187987,-0.013845537854292989
2005-01-18,10.6067,2.3614858769141542,0.010720329395355499
2005-01-19,10.6399,2.3646110853730917,0.0031252084589374896
2005-01-20,10.6311,2.3637836677150545,-0.0008274176580371773
2005-01-21,10.9452,2.392901003991976,0.029117336276921257
2005-01-24,10.8799,2.3869170502090866,-0.005983953782889184
2005-01-25,10.519,2.353183145757137,-0.03373390445194957
2005-01-26,10.6009,2.3609389031741173,0.007755757416980202
2005-01-27,10.6653,2.366995480922908,0.006056577748790648
2005-01-28,10.5921,2.360108440237699,-0.006887040685208845
2005-01-31,10.5346,2.3546650778594813,-0.005443362378217742
2005-02-01,10.6565,2.3661700346191563,0.011504956759675
2005-02-02,10.716,2.3717379516823622,0.005567917063205918
2005-02-03,10.5921,2.360108440237699,-0.011629511444663176
2005-02-04,10.5346,2.3546650778594813,-0.005443362378217742
2005-02-07,10.1961,2.322005294233525,-0.03265978362595634
2005-02-08,10.0206,2.3046429741034897,-0.017362320130035247
2005-02-09,9.92399,2.2949550581708444,-0.009687915932645286
2005-02-10,10.4936,2.3507655475187987,0.055810489347954295
2005-02-11,10.6009,2.3609389031741173,0.010173355655318517
2005-02-14,11.0632,2.4036242851683114,0.04268538199419414
2005-02-15,11.3304,2.4274893789180494,0.023865093749737998
2005-02-16,11.2212,2.417804846247264,-0.009684532670785284
2005-02-17,11.5694,2.448363681606794,0.03055883535953008
2005-02-18,11.5373,2.4455852649008234,-0.0027784167059707876
2005-02-22,12.0706,2.490772743898793,0.0451874789979696
2005-02-23,12.0405,2.488275967257604,-0.002496776641188969
2005-02-24,11.9897,2.484047947875687,-0.004228019381916859
2005-02-25,12.0863,2.492072579739528,0.008024631863840614
2005-02-28,11.9644,2.481935573843046,-0.01013700589648181
2005-03-01,11.7333,2.4624309530228152,-0.019504620820230745
2005-03-02,11.7645,2.465086522338694,0.0026555693158787363
2005-03-03,11.6659,2.4566700563763115,-0.008416465962382436
2005-03-04,12.0317,2.4875448333860004,0.03087477700968888
2005-03-07,12.2453,2.505142189899851,0.017597356513850748
2005-03-08,12.6501,2.5376651202806237,0.032522930380772586
2005-03-09,12.692,2.5409718737209492,0.003306753440325494
2005-03-10,12.6082,2.5343473959338705,-0.006624477787078753
2005-03-11,12.6999,2.5415941194177973,0.0072467234839268535
2005-03-14,12.5369,2.5286762957121907,-0.01291782370560668
2005-03-15,12.5019,2.525880632757426,-0.002795662954764744
2005-03-16,12.8607,2.554176149676454,0.028295516919027985
2005-03-17,12.8188,2.5509128433672705,-0.003263306309183367
2005-03-18,12.493,2.525168487449692,-0.02574435591757851
2005-03-21,12.216,2.5027465679163314,-0.02242191953336059
2005-03-22,11.94,2.479894107964456,-0.02285245995187557
2005-03-23,11.8669,2.4737530119179105,-0.006141096046545336
2005-03-24,11.7576,2.4644998400103377,-0.0092531719075728
2005-03-28,11.7,2.4595888418037104,-0.004910998206627326
2005-03-29,11.6347,2.4539920121502408,-0.005596829653469637
2005-03-30,11.9,2.4765384001174837,0.022546387967242953
2005-03-31,12.0317,2.4875448333860004,0.011006433268516691
2005-04-01,11.9897,2.484047947875687,-0.0034968855103132412
2005-04-04,11.7576,2.4644998400103377,-0.01954810786534944
2005-04-05,11.781,2.466488064263982,0.0019882242536444217
2005-04-06,11.7576,2.4644998400103377,-0.0019882242536444217
2005-04-07,11.8064,2.468641757321965,0.0041419173116272745
2005-04-08,11.8834,2.4751424682746355,0.006500710952670463
2005-04-11,11.9566,2.4812834271705455,0.0061409588959100425
2005-04-12,11.781,2.466488064263982,-0.014795362906563359
2005-04-13,11.6523,2.455503585418684,-0.010984478845298185
2005-04-14,11.112,2.4080256054520426,-0.04747797996664138
2005-04-15,11.0144,2.3992035075950287,-0.008822097857013933
2005-04-18,11.305,2.425245105729933,0.026041598134904476
2005-04-19,11.6259,2.4532353678315353,0.02799026210160216
2005-04-20,11.426,2.4358914603022708,-0.017343907529264513
2005-04-21,11.305,2.425245105729933,-0.010646354572337646
2005-04-22,11.2397,2.419452153717891,-0.005792952012042107
2005-04-25,11.4592,2.4387929008219764,0.0193407471040854
2005-04-26,11.3363,2.428009966399531,-0.01078293442244549
2005-04-27,11.146,2.4110806891473446,-0.016929277252186292
2005-04-28,11.0291,2.400537234288073,-0.010543454859271773
2005-04-29,10.871,2.3860986932218635,-0.014438541066209343
2005-05-02,10.871,2.3860986932218635,0.0
2005-05-03,10.9617,2.3944073789806875,0.00830868575882393
2005-05-04,11.2866,2.423616181344893,0.029208802364205422
2005-05-05,11.3997,2.4335870392647094,0.009970857919816556
2005-05-06,11.2397,2.419452153717891,-0.01413488554681841
2005-05-09,11.0291,2.400537234288073,-0.018914919429818156
2005-05-10,10.5423,2.355395735626284,-0.04514149866178885
2005-05-11,10.3443,2.336435643369183,-0.018960092257100936
2005-05-12,9.87524,2.2900306142893214,-0.04640502907986166
2005-05-13,9.45876,2.2469412962481843,-0.04308931804113714
2005-05-16,9.19533,2.218695746482434,-0.028245549765750333
2005-05-17,9.23609,2.223118635922901,0.004422889440466982
2005-05-18,9.37489,2.238034838454305,0.014916202531404021
2005-05-19,9.19533,2.218695746482434,-0.019339091971871003
2005-05-20,9.0619,2.2040788110924683,-0.014616935389965668
2005-05-23,9.23609,2.223118635922901,0.01903982483043265
2005-05-24,9.54264,2.2557701767373817,0.03265154081448074
2005-05-25,9.63238,2.2651303396155047,0.009360162878123024
2005-05-26,9.55142,2.2566898345386894,-0.008440505076815263
2005-05-27,9.79819,2.2821976747409605,0.025507840202271037
2005-05-31,9.79819,2.2821976747409605,0.0
2005-06-01,9.89863,2.2923963637262337,0.010198688985273208
2005-06-02,9.90737,2.2932789246236696,0.0008825608974358801
2005-06-03,10.0449,2.3070650430157515,0.013786118392081992
2005-06-06,10.0449,2.3070650430157515,0.0
2005-06-07,10.003,2.3028850480030436,-0.004179995012707938
2005-06-08,9.97865,2.3004478106324058,-0.0024372373706378347
2005-06-09,9.94056,2.2966233571097243,-0.003824453522681459
2005-06-10,10.1961,2.322005294233525,0.025381937123800657
2005-06-13,10.277,2.329908388642936,0.007903094409411171
2005-06-14,10.0449,2.3070650430157515,-0.022843345627184597
2005-06-15,10.2059,2.322965984435831,0.015900941420079473
2005-06-16,10.5502,2.3561448170883588,0.033178832652527745
2005-06-17,10.6476,2.3653345146471554,0.009189697558796617
2005-06-20,10.3366,2.3356909948910407,-0.029643519756114678
2005-06-21,10.4019,2.3419884817688117,0.006297486877770986
2005-06-22,10.3113,2.3332403812536624,-0.008748100515149293
2005-06-23,10.1961,2.322005294233525,-0.011235087020137424
2005-06-24,10.277,2.329908388642936,0.007903094409411171
2005-06-27,10.3366,2.3356909948910407,0.00578260624810456
2005-06-28,10.1874,2.321151662567884,-0.014539332323156628
2005-06-29,10.5103,2.3523557287250583,0.031204066157174193
2005-06-30,10.4175,2.3434870843144715,-0.008868644410586768
2005-07-01,10.3844,2.3403046800210596,-0.003182404293411878
2005-07-05,10.1035,2.3128818984714137,-0.027422781549645947
2005-07-06,10.3113,2.3332403812536624,0.02035848278224872
2005-07-07,10.36,2.337952236831337,0.004711855577674395
2005-07-08,10.2302,2.3253441301145608,-0.012608106716776035
2005-07-11,10.4263,2.3443314601502445,0.018987330035683758
2005-07-12,10.4263,2.3443314601502445,0.0
2005-07-13,10.3775,2.3396400009450566,-0.004691459205187876
2005-07-14,10.2146,2.323818069402055,-0.01582193154300171
2005-07-15,10.1278,2.315284117971454,-0.008533951430600872
2005-07-18,10.2059,2.322965984435831,0.007681866464376963
2005-07-19,10.2371,2.326018376376784,0.003052391940952859
2005-07-20,10.3113,2.3332403812536624,0.007222004876878518
2005-07-21,10.5599,2.357063808536308,0.023823427282645415
2005-07-22,10.5346,2.3546650778594813,-0.0023987306768264993
2005-07-25,10.4263,2.3443314601502445,-0.010333617709236798
2005-07-26,10.3775,2.3396400009450566,-0.004691459205187876
2005-07-27,10.3024,2.332376877801782,-0.007263123143274708
2005-07-28,10.121,2.3146124732067643,-0.017764404595017602
2005-07-29,10.1035,2.3128818984714137,-0.001730574735350654
2005-08-01,10.1464,2.3171189627710826,0.004237064299668969
2005-08-02,10.3366,2.3356909948910407,0.01857203211995806
2005-08-03,10.955,2.3937959730474296,0.05810497815638893
2005-08-04,10.9862,2.3966399397428866,0.0028439666954569454
2005-08-05,10.8194,2.381340819015704,-0.015299120727182647
2005-08-08,10.7589,2.375733319024475,-0.0056074999912287815
2005-08-09,10.871,2.3860986932218635,0.010365374197388366
2005-08-10,10.9053,2.3892489095915592,0.003150216369695702
2005-08-11,11.2709,2.4222241828933706,0.03297527330181138
2005-08-12,11.2612,2.4213631889692158,-0.0008609939241548403
2005-08-15,11.1383,2.410389619622482,-0.010973569346733658
2005-08-16,11.0291,2.400537234288073,-0.009852385334409242
2005-08-17,10.7852,2.378174823943632,-0.022362410344440864
2005-08-18,10.8106,2.3805271342736303,0.002352310329998275
2005-08-19,10.8194,2.381340819015704,0.0008136847420736615
2005-08-22,10.9227,2.3908431925020888,0.00950237348638483
2005-08-23,10.871,2.3860986932218635,-0.004744499280225245
2005-08-24,10.6223,2.3629555648700613,-0.02314312835180221
2005-08-25,10.6223,2.3629555648700613,0.0
2005-08-26,10.5833,2.3592772870593315,-0.003678277810729824
2005-08-29,10.673,2.3677171879318277,0.008439900872496242
2005-08-30,10.519,2.353183145757137,-0.014534042174690676
2005-08-31,10.8194,2.381340819015704,0.028157673258566884
2005-09-01,11.2963,2.4244752384718815,0.043134419456177575
2005-09-02,11.2963,2.4244752384718815,0.0
2005-09-06,11.305,2.425245105729933,0.0007698672580516153
2005-09-07,11.351,2.4293058457732024,0.004060740043269284
2005-09-08,11.4592,2.4387929008219764,0.009487055048774007
2005-09-09,11.501,2.4424339881104444,0.0036410872884680145
2005-09-12,11.6347,2.4539920121502408,0.011558024039796333
2005-09-13,11.426,2.4358914603022708,-0.018100551847969992
2005-09-14,11.9,2.4765384001174837,0.040646939815212946
2005-09-15,12.0064,2.485439840949659,0.008901440832175478
2005-09-16,12.5369,2.5286762957121907,0.04323645476253146
2005-09-19,12.2365,2.504423288480919,-0.02425300723127144
2005-09-20,11.9225,2.4784273711902425,-0.02599591729067674
2005-09-21,12.4686,2.523213483942587,0.044786112752344565
2005-09-22,12.335,2.51244074998132,-0.0107727339612671
2005-09-23,12.3184,2.5110940795416483,-0.0013466704396716267
2005-09-26,12.3428,2.51307289711435,0.0019788175727017965
2005-09-27,12.095,2.4927921440619905,-0.020280753052359657
2005-09-28,12.335,2.51244074998132,0.019648605919329487
2005-09-29,12.5019,2.525880632757426,0.013439882776105971
2005-09-30,12.2453,2.505142189899851,-0.020738442857574757
2005-10-03,12.2686,2.507043152783482,0.0019009628836310632
2005-10-04,12.0405,2.488275967257604,-0.018767185525878194
2005-10-05,11.6104,2.451901248174016,-0.036374719083588136
2005-10-06,11.7157,2.460929822628771,0.009028574454755134
2005-10-07,12.1223,2.4950467316142113,0.034116908985440286
2005-10-10,12.0561,2.489570755914877,-0.0054759756993343345
2005-10-11,11.9644,2.481935573843046,-0.007635182071831004
2005-10-12,11.7732,2.4658257619752084,-0.016109811867837553
2005-10-13,11.8581,2.4730111783749336,0.007185416399725142
2005-10-14,11.7245,2.4616806694998243,-0.011330508875109224
2005-10-17,11.7898,2.467234750876983,0.005554081377158848
2005-10-18,11.5109,2.443294412552648,-0.023940338324335286
2005-10-19,11.3655,2.430582451057401,-0.012711961495246893
2005-10-20,10.751,2.374998773503091,-0.05558367755430993
2005-10-21,10.9862,2.3966399397428866,0.021641166239795506
2005-10-24,11.0466,2.402122688309079,0.0054827485661923525
2005-10-25,11.1968,2.415628023191232,0.013505334882152997
2005-10-26,10.871,2.3860986932218635,-0.029529329969368412
2005-10-27,11.0144,2.3992035075950287,0.01310481437316513
2005-10-28,11.1802,2.4141443566546017,0.014940849059573047
2005-10-31,11.2963,2.4244752384718815,0.010330881817279813
2005-11-01,11.2777,2.4228273245701173,-0.0016479139017642197
2005-11-02,11.4679,2.439551828066816,0.016724503496698517
2005-11-03,11.3207,2.426632908319011,-0.012918919747805013
2005-11-04,11.3743,2.431356424481907,0.004723516162896235
2005-11-07,11.2476,2.4201547725583032,-0.011201651923603784
2005-11-08,11.305,2.425245105729933,0.005090333171629879
2005-11-09,11.4933,2.441764256891158,0.016519151161225043
2005-11-10,11.4836,2.4409199305828877,-0.0008443263082704711
2005-11-11,11.7,2.4595888418037104,0.018668911220822704
2005-11-14,11.6659,2.4566700563763115,-0.0029187854273988734
2005-11-15,11.4339,2.436582626957811,-0.020087429418500502
2005-11-16,12.2873,2.5085662086368505,0.07198358167903951
2005-11-17,12.5623,2.530700265294554,0.022134056657703294
2005-11-18,12.4286,2.5200002684472027,-0.010699996847351123
2005-11-21,12.6832,2.540278283100754,0.0202780146535515
2005-11-22,12.6237,2.535575999562589,-0.004702283538165375
2005-11-23,12.4764,2.523838859789788,-0.011737139772800997
2005-11-25,12.6579,2.5382815261797047,0.01444266638991687
2005-11-28,12.6013,2.5337999832384734,-0.004481542941231265
2005-11-29,12.4111,2.518591233483387,-0.015208749755086348
2005-11-30,12.095,2.4927921440619905,-0.025799089421396637
2005-12-01,12.809,2.550148048848999,0.057355904787008694
2005-12-02,12.692,2.5409718737209492,-0.009176175128049913
2005-12-05,13.0041,2.5652646923536477,0.0242928186326985
2005-12-06,13.6693,2.6151524424020565,0.04988775004840873
2005-12-07,14.195,2.6528897899249344,0.03773734752287794
2005-12-08,14.5266,2.6759814515767046,0.023091661651770234
2005-12-09,14.8445,2.697629426274293,0.021647974697588168
2005-12-12,14.7343,2.690178109122973,-0.007451317151319969
2005-12-13,14.7012,2.687929123105988,-0.0022489860169847553
2005-12-14,14.4632,2.6716074923856676,-0.016321630720320446
2005-12-15,14.7666,2.692367873700103,0.02076038131443525
2005-12-16,15.3625,2.731929474892153,0.03956160119205032
2005-12-19,15.223,2.722807442077117,-0.009122032815036096
2005-12-20,14.8903,2.7007099942431223,-0.02209744783399481
2005-12-21,15.421,2.7357302168755195,0.035020222632397235
2005-12-22,15.9563,2.769853735571098,0.034123518695578614
2005-12-23,15.576,2.7457312680698984,-0.02412246750119973
2005-12-27,15.7312,2.755646001509469,0.009914733439570611
2005-12-28,16.1496,2.781895281560081,0.026249280050612
2005-12-29,16.3496,2.794203432212189,0.012308150652108107
2005-12-30,16.3397,2.7935977294101915,-0.0006057028019976762
2006-01-03,18.2231,2.902690020059514,0.10909229064932235
2006-01-04,18.0826,2.8949501499347727,-0.007739870124741088
2006-01-05,17.7119,2.874236730060551,-0.020713419874221817
2006-01-06,18.1168,2.896839684577638,0.02260295451708716
2006-01-09,18.2582,2.9046142941852047,0.007774609607566596
2006-01-10,18.461,2.9156603987884324,0.011046104603227747
2006-01-11,18.3059,2.9072234122578386,-0.00843698653059377
2006-01-12,17.9363,2.886826592327301,-0.020396819930537546
2006-01-13,17.9832,2.8894379887360735,0.002611396408772393
2006-01-17,17.9022,2.884923610322438,-0.004514378413635445
2006-01-18,17.0078,2.833672062358298,-0.05125154796414
2006-01-19,17.835,2.881162818810855,0.04749075645255685
2006-01-20,17.7199,2.8746883018201532,-0.006474516990701673
2006-01-23,17.7199,2.8746883018201532,0.0
2006-01-24,17.9022,2.884923610322438,0.010235308502284823
2006-01-25,18.3226,2.9081352705734753,0.02321166025103727
2006-01-26,18.7526,2.931332409469753,0.023197138896277725
2006-01-27,18.9439,2.9414819799714467,0.010149570501693628
2006-01-30,19.455,2.968104106436517,0.026622126465070117
2006-01-31,20.2742,3.0093491417630847,0.04124503532656787
2006-02-01,20.6488,3.027657206338365,0.018308064575280447
2006-02-02,20.9959,3.044327180566747,0.01666997422838179
2006-02-03,20.4908,3.0199760049244557,-0.024351175642291167
2006-02-06,21.4738,3.0668335873800463,0.046857582455590574
2006-02-07,19.886,2.990015966557882,-0.07681762082216448
2006-02-08,19.5876,2.9748967129658523,-0.01511925359202948
2006-02-09,20.201,3.0057321081323245,0.030835395166472157
2006-02-10,19.3409,2.96222202461975,-0.04351008351257457
2006-02-13,18.9029,2.939315349448453,-0.022906675171296964
2006-02-14,19.9709,2.9942762140136123,0.05496086456515936
2006-02-15,19.7759,2.984464024628191,-0.009812189385421277
2006-02-16,21.0818,3.0484101090220364,0.0639460843938453
2006-02-17,21.3422,3.0606863333434164,0.012276224321380091
2006-02-21,21.7948,3.081671409231643,0.0209850758882264
2006-02-22,21.9372,3.088183825918903,0.006512416687260103
2006-02-23,21.1559,3.051918826401108,-0.03626499951779483
2006-02-24,22.022,3.0920419536913992,0.040123127290291105
2006-02-27,21.4593,3.0661581178448247,-0.0258838358465745
2006-02-28,21.1999,3.0539964646857096,-0.012161653159115104
2006-03-01,21.9966,3.090887895960391,0.03689143127468153
2006-03-02,23.3026,3.1485649423290116,0.05767704636862048
2006-03-03,22.9437,3.1330433890179195,-0.015521553311092173
2006-03-06,22.499,3.1134708637782462,-0.019572525239673233
2006-03-07,20.9375,3.041541809585285,-0.07192905419296114
2006-03-08,20.0752,2.999485222423298,-0.042056587161987125
2006-03-09,20.0752,2.999485222423298,0.0
2006-03-10,20.4049,3.0157750680861426,0.016289845662844638
2006-03-13,20.0685,2.9991514215996466,-0.016623646486495947
2006-03-14,20.283,3.009783096776651,0.01063167517700414
2006-03-15,20.5082,3.0208248061656895,0.0110417093890387
2006-03-16,20.6927,3.0297809810683876,0.008956174902698066
2006-03-17,21.7245,3.0784406559268835,0.04865967485849598
2006-03-20,21.3998,3.063381576189741,-0.0150590797371426
2006-03-21,20.9619,3.042706504199444,-0.020675071990297056
2006-03-22,21.0993,3.0492398645762564,0.006533360376812514
2006-03-23,22.0912,3.095179339179751,0.04593947460349446
2006-03-24,23.1602,3.1424352882460918,0.0472559490663409
2006-03-27,23.2431,3.146008313793641,0.0035730255475492356
2006-03-28,22.4746,3.112385782646469,-0.03362253114717184
2006-03-29,23.3495,3.1505755706094076,0.03818978796293848
2006-03-30,24.7608,3.209261757472139,0.058686186862731304
2006-03-31,25.1762,3.225899103804273,0.016637346332133873
2006-04-03,25.5673,3.241314191236615,0.015415087432342212
2006-04-04,25.8736,3.2532231438415424,0.011908952604927414
2006-04-05,26.7845,3.2878233619942323,0.03460021815268988
2006-04-06,26.6549,3.282972998626344,-0.004850363367888466
2006-04-07,26.4169,3.2740039568578423,-0.008969041768501551
2006-04-10,26.2754,3.2686331402437117,-0.005370816614130636
2006-04-11,25.5926,3.2423032471988997,-0.026329893044811925
2006-04-12,26.371,3.2722649215271042,0.029961674328204513
2006-04-13,27.0382,3.297250680911675,0.024985759384570816
2006-04-17,27.8838,3.328045875026345,0.03079519411467002
2006-04-18,28.3451,3.3444541757291195,0.016408300702774437
2006-04-19,29.3526,3.379381128381259,0.03492695265213941
2006-04-20,27.8242,3.325906145625196,-0.05347498275606277
2006-04-21,28.7928,3.360125355886691,0.03421921026149466
2006-04-24,29.0552,3.369197469000194,0.0090721131135032
2006-04-25,29.4032,3.3811035119590227,0.011906042958828689
2006-04-26,30.0071,3.4014340203276845,0.020330508368661793
2006-04-27,27.8409,3.326506162529901,-0.07492785779778366
2006-04-28,30.4762,3.4169460511302456,0.0904398886003448
2006-05-01,30.523,3.418480497784715,0.0015344466544693347
2006-05-02,31.2165,3.440946801179438,0.02246630339472322
2006-05-03,30.5659,3.4198850084913155,-0.021061792688122694
2006-05-04,30.9043,3.430895332798095,0.011010324306779395
2006-05-05,31.5695,3.452191464623765,0.021296131825669917
2006-05-08,31.5764,3.4524100061293086,0.00021854150554379004
2006-05-09,33.3875,3.5081815784360795,0.05577157230677088
2006-05-10,33.4382,3.5096989590165393,0.001517380580459804
2006-05-11,32.5829,3.4837876108761936,-0.02591134814034568
2006-05-12,31.1618,3.4391929857012724,-0.04459462517492119
2006-05-15,28.9625,3.3660018897584947,-0.07319109594277773
2006-05-16,29.0795,3.3700334585697704,0.004031568811275754
2006-05-17,27.3678,3.3093671398438658,-0.06066631872590467
2006-05-18,27.3581,3.309012645898528,-0.0003544939453377083
2006-05-19,27.1883,3.302786733703344,-0.00622591219518398
2006-05-22,26.7845,3.2878233619942323,-0.014963371709111772
2006-05-23,27.4342,3.3117904102534514,0.023967048259219137
2006-05-24,25.9555,3.256383533204603,-0.05540687704884828
2006-05-25,27.4439,3.3121439210383006,0.05576038783369741
2006-05-26,27.2936,3.3066522424729503,-0.0054916785653502664
2006-05-30,27.0791,3.2987622126321092,-0.007890029840841084
2006-05-31,27.5825,3.317181513652324,0.018419301020214718
2006-06-01,27.7745,3.3241183335634794,0.006936819911155467
2006-06-02,28.6747,3.3560152008857282,0.031896867322248834
2006-06-05,27.1308,3.3006696138881337,-0.05534558699759451
2006-06-06,25.8053,3.250579897187056,-0.05008971670107787
2006-06-07,24.4486,3.1965729545677797,-0.05400694261927619
2006-06-08,23.5415,3.158764821127417,-0.03780813344036282
2006-06-09,23.681,3.1646730388538846,0.005908217726467768
2006-06-12,22.7389,3.124077114241213,-0.040595924612671475
2006-06-13,21.5119,3.068606270387518,-0.05547084385369505
2006-06-14,22.1098,3.096020949147755,0.027414678760236733
2006-06-15,23.5006,3.157025952739073,0.06100500359131811
2006-06-16,23.0198,3.136354715158688,-0.020671237580384805
2006-06-19,22.3419,3.1064638392636064,-0.02989087589508177
2006-06-20,23.4567,3.155156168369449,0.048692329105842536
2006-06-21,24.9217,3.2157389098910456,0.060582741521596706
2006-06-22,24.6651,3.205389289005478,-0.010349620885567568
2006-06-23,25.5352,3.2400578924558543,0.034668603450376256
2006-06-26,25.6162,3.243224963844117,0.0031670713882627766
2006-06-27,24.5666,3.2013877968192928,-0.04183716702482432
2006-06-28,23.9132,3.174430607730491,-0.026957189088801847
2006-06-29,26.3271,3.2705988269181883,0.09616821918769736
2006-06-30,27.3512,3.308760403591038,0.038161576672849584
2006-07-03,28.1695,3.3382398323519875,0.029479428760949666
2006-07-05,28.0446,3.3337961000666443,-0.004443732285343227
2006-07-06,28.4349,3.347617263959894,0.013821163893249722
2006-07-07,27.9988,3.332161652113953,-0.015455611845940798
2006-07-10,27.6994,3.321410752308878,-0.010750899805075154
2006-07-11,28.8601,3.3624600183431865,0.041049266034308474
2006-07-12,28.6816,3.3562558021809057,-0.00620421616228084
2006-07-13,28.153,3.337653920843371,-0.01860188133753482
2006-07-14,28.7323,3.3580219254778276,0.02036800463445676
2006-07-17,27.6145,3.318340997087477,-0.039680928390350534
2006-07-18,28.1871,3.338864426474847,0.02052342938736995
2006-07-19,29.1224,3.3715076375147603,0.0326432110399133
2006-07-20,28.0446,3.3337961000666443,-0.03771153744811606
2006-07-21,26.6549,3.282972998626344,-0.050823101440300444
2006-07-24,27.3268,3.307867905635017,0.02489490700867325
2006-07-25,28.3528,3.3447257907288757,0.03685788509385857
2006-07-26,29.3126,3.378017457714538,0.03329166698566244
2006-07-27,27.9988,3.332161652113953,-0.04585580560058489
2006-07-28,29.5116,3.384783406393901,0.05262175427994764
2006-07-31,29.5915,3.387487157928904,0.0027037515350030183
2006-08-01,30.5659,3.4198850084913155,0.03239785056241162
2006-08-02,30.9726,3.4331029426731394,0.013217934181823932
2006-08-03,30.3143,3.4116195483779927,-0.021483394295146674
2006-08-04,30.2548,3.4096548495748285,-0.0019646988031643
2006-08-07,30.7591,3.4261858854317637,0.016531035856935272
2006-08-08,30.3875,3.414031339642242,-0.012154545789521798
2006-08-09,31.1979,3.4403507848578645,0.026319445215622572
2006-08-10,30.2977,3.411071802043437,-0.029278982814427312
2006-08-11,28.9791,3.366574880509671,-0.044496921533766276
2006-08-14,28.6494,3.355132500533076,-0.011442379976594808
2006-08-15,29.1575,3.372712169583068,0.017579669049991864
2006-08-16,29.7935,3.3942902489141873,0.021578079331119326
2006-08-17,28.8172,3.360972431097904,-0.0333178178162834
2006-08-18,28.6981,3.356830918483528,-0.004141512614376008
2006-08-21,30.8108,3.427865277867062,0.07103435938353408
2006-08-22,30.7854,3.4270405516196734,-0.0008247262473886074
2006-08-23,30.5942,3.4208104485092283,-0.006230103110445029
2006-08-24,30.2188,3.4084642472540603,-0.012346201255168054
2006-08-25,30.2188,3.4084642472540603,0.0
2006-08-28,29.1312,3.3718097647675633,-0.03665448248649694
2006-08-29,28.8913,3.3635405117350494,-0.008269253032513912
2006-08-30,29.2053,3.374350199653176,0.010809687918126532
2006-08-31,31.2165,3.440946801179438,0.06659660152626223
2006-09-01,31.8806,3.461997674322074,0.021050873142635762
2006-09-05,33.4041,3.5086786469399565,0.04668097261788251
2006-09-06,32.6951,3.4872252195802087,-0.021453427359747756
2006-09-07,31.2389,3.4416641130839483,-0.04556110649626044
2006-09-08,30.2889,3.4107813087640033,-0.030882804319944945
2006-09-11,27.5121,3.314625907900911,-0.09615540086309249
2006-09-12,26.7241,3.285565780011027,-0.02906012788988388
2006-09-13,26.5826,3.280256866409441,-0.005308913601585807
2006-09-14,25.2446,3.228612271463623,-0.05164459494581797
2006-09-15,25.2865,3.230270656482074,0.0016583850184508364
2006-09-18,26.095,3.2617437250953767,0.03147306861330268
2006-09-19,24.8466,3.212720922256248,-0.049022802839128854
2006-09-20,24.3667,3.1932174460757436,-0.019503476180504187
2006-09-21,24.6563,3.2050324459274884,0.011814999851744723
2006-09-22,25.1275,3.223962863916758,0.018930417989269532
2006-09-25,25.0309,3.2201110616490287,-0.0038518022677291874
2006-09-26,25.8999,3.2542391076941772,0.03412804604514852
2006-09-27,26.9133,3.2926205882124453,0.03838148051826806
2006-09-28,26.1116,3.262379660036914,-0.030240928175531145
2006-09-29,25.739,3.248007351374448,-0.014372308662466082
2006-10-02,26.0112,3.2585272144978226,0.010519863123374495
2006-10-03,23.5806,3.16042434007812,-0.09810287441970278
2006-10-04,23.8566,3.1720609086115363,0.011636568533416547
2006-10-05,24.7872,3.2103273908982413,0.03826648228670493
2006-10-06,24.6427,3.204480710584175,-0.0058466803140664325
2006-10-09,24.2691,3.189203936232631,-0.015276774351543843
2006-10-10,24.6563,3.2050324459274884,0.015828509694857384
2006-10-11,24.3832,3.193894370567078,-0.011138075360410227
2006-10-12,25.7136,3.2470200348126683,0.053125664245590176
2006-10-13,26.5408,3.2786831716298703,0.03166313681720201
2006-10-16,27.558,3.3162928745717113,0.03760970294184096
2006-10-17,27.2449,3.3048663476300875,-0.011426526941623827
2006-10-18,26.3915,3.2730419886119297,-0.03182435901815772
2006-10-19,27.4956,3.3140259918711603,0.04098400325923057
2006-10-20,26.9542,3.2941391293684115,-0.019886862502748848
2006-10-23,27.2283,3.3042568735946407,0.010117744226229242
2006-10-24,27.3024,3.306974610414785,0.00271773682014409
2006-10-25,28.4651,3.3486787754831204,0.04170416506833563
2006-10-26,29.1898,3.373819333181023,0.025140557697902466
2006-10-27,29.4775,3.3836272604686912,0.009807927287668328
2006-10-30,30.1728,3.406940856289221,0.02331359582052972
2006-10-31,30.5659,3.4198850084913155,0.01294415220209455
2006-11-01,30.801,3.427547156984937,0.007662148493621679
2006-11-02,30.9501,3.4323762301431557,0.004829073158218566
2006-11-03,31.4856,3.4495302984527934,0.017154068309637616
2006-11-06,31.6028,3.453245724262382,0.003715425809588613
2006-11-07,31.5529,3.4516655023541847,-0.001580221908197288
2006-11-08,31.5179,3.4505556384046945,-0.0011098639494901974
2006-11-09,33.0432,3.497815796263138,0.04726015785844373
2006-11-10,31.9411,3.4638935817680396,-0.03392221449509858
2006-11-13,32.0006,3.4657546526239473,0.0018610708559076983
2006-11-14,31.5695,3.452191464623765,-0.013563188000182524
2006-11-15,31.7276,3.457186964537102,0.0049954999133370315
2006-11-16,30.8108,3.427865277867062,-0.02932168667003987
2006-11-17,31.0819,3.4366256561920605,0.008760378324998541
2006-11-20,30.9141,3.4312123905052534,-0.005413265686807112
2006-11-21,33.0258,3.497289074187663,0.0660766836824096
2006-11-22,33.1008,3.499557451275237,0.0022683770875739917
2006-11-24,34.1971,3.5321408451515954,0.032583393876358446
2006-11-27,35.0338,3.5563133097730795,0.024172464621484036
2006-11-28,35.2671,3.562950518015194,0.006637208242114667
2006-11-29,35.5128,3.569893194874297,0.006942676859102992
2006-11-30,36.3232,3.592456655578883,0.022563460704585925
2006-12-01,35.9165,3.581196799933751,-0.011259855645131989
2006-12-04,37.2021,3.616365211298672,0.03516841136492088
2006-12-05,36.9553,3.6097090741852282,-0.006656137113443705
2006-12-06,35.9595,3.5823933051686,-0.027315769016628355
2006-12-07,36.1682,3.5881802797270703,0.005786974558470437
2006-12-08,34.4145,3.538477987196189,-0.04970229253088121
2006-12-11,35.0925,3.557987432426344,0.019509445230154743
2006-12-12,35.2758,3.5631971764328125,0.005209744006468675
2006-12-13,35.0164,3.555816523172674,-0.00738065326013837
2006-12-14,34.8915,3.552243246535935,-0.00357327663673912
2006-12-15,33.7104,3.517806395090729,-0.03443685144520625
2006-12-18,33.5299,3.5124375780698722,-0.005368817020856564
2006-12-19,34.9179,3.5529995917060275,0.0405620136361553
2006-12-20,34.0264,3.527136693907065,-0.025862897798962337
2006-12-21,33.0178,3.4970468099852536,-0.030089883921811555
2006-12-22,33.1739,3.5017634221704332,0.004716612185179603
2006-12-26,33.4128,3.5089390601003747,0.00717563792994147
2006-12-27,34.1327,3.5302558690776573,0.02131680897728261
2006-12-28,34.4858,3.5405476451062716,0.010291776028614308
2006-12-29,34.0976,3.5292270005809243,-0.011320644525347312
2007-01-03,32.1811,3.471379323702209,-0.057847676878715504
2007-01-04,31.2476,3.4419425732331392,-0.029436750469069572
2007-01-05,30.958,3.4326314471516857,-0.009311126081453569
2007-01-08,31.4535,3.4485102647127728,0.01587881756108711
2007-01-09,30.801,3.427547156984937,-0.020963107727835606
2007-01-10,30.0226,3.401950431382361,-0.025596725602575976
2007-01-11,30.4205,3.415116723250966,0.013166291868604851
2007-01-12,31.7363,3.457461136154494,0.04234441290352775
2007-01-16,31.2739,3.4427838838719205,-0.014677252282573328
2007-01-17,31.3209,3.444285606341926,0.001501722470005351
2007-01-18,29.7496,3.3928156865230976,-0.0514699198188282
2007-01-19,30.3143,3.4116195483779927,0.018803861854895132
2007-01-22,30.1797,3.407169512932444,-0.004450035445548561
2007-01-23,32.1157,3.4693450071404355,0.06217549420799129
2007-01-24,32.7858,3.489995494820954,0.02065048768051847
2007-01-25,32.3283,3.4759430076143323,-0.014052487206621667
2007-01-26,32.7701,3.4895165142776263,0.013573506663294044
2007-01-29,32.0006,3.4657546526239473,-0.023761861653678995
2007-01-30,32.7546,3.489043410233225,0.02328875760927751
2007-01-31,33.2832,3.5050527651766767,0.016009354943451903
2007-02-01,33.6138,3.5149366969348472,0.009883931758170483
2007-02-02,32.9476,3.49491842066295,-0.02001827627189723
2007-02-05,33.2071,3.5027637084803183,0.007845287817368263
2007-02-06,33.5124,3.511915519596417,0.009151811116098862
2007-02-07,33.3788,3.507920967917023,-0.00399455167939422
2007-02-08,33.8938,3.5232321068043753,0.01531113888735236
2007-02-09,33.3202,3.506163819681588,-0.017068287122787407
2007-02-12,33.1486,3.5010004834625374,-0.005163336219050407
2007-02-13,34.0829,3.5287957922375486,0.02779530877501113
2007-02-14,33.2481,3.503997622612005,-0.024798169625543487
2007-02-15,33.5212,3.512178074495768,0.008180451883762707
2007-02-16,33.0345,3.4975524699049183,-0.014625604590849495
2007-02-20,31.9314,3.4635898516784214,-0.03396261822649693
2007-02-21,33.6715,3.5166517822252095,0.053061930546788094
2007-02-22,33.5212,3.512178074495768,-0.004473707729441667
2007-02-23,33.9435,3.524697377647768,0.012519303152000116
2007-02-26,34.5881,3.543509692270135,0.018812314622366877
2007-02-27,32.2756,3.4743115268000335,-0.06919816547010127
2007-02-28,32.5351,3.482319506555256,0.008007979755222383
2007-03-01,31.6368,3.454320999984428,-0.027998506570827697
2007-03-02,30.2723,3.410233102968354,-0.044087897016074074
2007-03-05,29.4775,3.3836272604686912,-0.026605842499662913
2007-03-06,30.7678,3.426468688565287,0.042841428096595635
2007-03-07,30.4849,3.4172314790526115,-0.00923720951267537
2007-03-08,30.2977,3.411071802043437,-0.0061596770091743025
2007-03-09,30.4128,3.41486357242597,0.0037917703825329774
2007-03-12,31.1541,3.4389458577599545,0.024082285333984377
2007-03-13,30.3396,3.412453789917855,-0.026492067842099676
2007-03-14,30.6195,3.421637060899611,0.009183270981756309
2007-03-15,31.1229,3.437943882629159,0.01630682172954767
2007-03-16,31.1618,3.4391929857012724,0.0012491030721135665
2007-03-19,31.2642,3.4424736729739944,0.003280687272722016
2007-03-20,31.3209,3.444285606341926,0.0018119333679313954
2007-03-21,31.9314,3.4635898516784214,0.01930424533649555
2007-03-22,31.6465,3.454627557957099,-0.00896229372132229
2007-03-23,31.4915,3.4497176681480397,-0.004909889809059376
2007-03-26,31.2896,3.4432857739621348,-0.006431894185904952
2007-03-27,30.1641,3.4066524755450898,-0.03663329841704499
2007-03-28,30.0899,3.4041895672731877,-0.002462908271902098
2007-03-29,29.8725,3.3969383247417717,-0.007251242531415958
2007-03-30,29.2882,3.3771847045299377,-0.019753620211834022
2007-04-02,30.2362,3.4090398820396186,0.03185517750968092
2007-04-03,30.3318,3.4121966671205244,0.0031567850809057774
2007-04-04,30.9726,3.4331029426731394,0.02090627555261504
2007-04-05,31.0068,3.4342065352691007,0.001103592595961267
2007-04-09,31.0652,3.4360882216085655,0.0018816863394648387
2007-04-10,31.1316,3.438223380498602,0.0021351588900366814
2007-04-11,30.6946,3.4240867433562046,-0.014136637142397657
2007-04-12,30.9043,3.430895332798095,0.006808589441890334
2007-04-13,31.7276,3.457186964537102,0.02629163173900695
2007-04-16,32.3196,3.4756738573386845,0.018486892801582666
2007-04-17,31.7695,3.4585067100398583,-0.01716714729882618
2007-04-18,31.8806,3.461997674322074,0.003490964282215625
2007-04-19,30.4295,3.4154125326204197,-0.04658514170165429
2007-04-20,30.9414,3.432095092989999,0.01668256036957949
2007-04-23,30.4947,3.4175528980217216,-0.014542194968277578
2007-04-24,30.0899,3.4041895672731877,-0.013363330748533908
2007-04-25,29.9827,3.4006205486593166,-0.0035690186138710445
2007-04-26,29.1488,3.3724137455683536,-0.028206803090963017
2007-04-27,29.8725,3.3969383247417717,0.024524579173418104
2007-04-30,29.1731,3.3732470518017292,-0.023691272940042474
2007-05-01,29.0055,3.3674854671766195,-0.0057615846251097835
2007-05-02,29.5028,3.3844851740958437,0.016999706919224256
2007-05-03,29.8101,3.3948472622633536,0.010362088167509942
2007-05-04,29.651,3.3894958516878146,-0.005351410575539006
2007-05-07,29.8012,3.394548661156982,0.0050528094691673076
2007-05-08,29.4112,3.3813755541816533,-0.013173106975328697
2007-05-09,29.6745,3.3902880911541193,0.008912536972466079
2007-05-10,28.9868,3.3668405539502726,-0.023447537203846736
2007-05-11,29.6442,3.3892664907941903,0.022425936843917693
2007-05-14,28.9712,3.366302233084241,-0.022964257709949365
2007-05-15,29.2522,3.3759547845246725,0.009652551440431534
2007-05-16,28.4134,3.3468608648758376,-0.0290939196488349
2007-05-17,28.4416,3.34785286214301,0.000991997267172362
2007-05-18,28.9712,3.366302233084241,0.018449370941231003
2007-05-21,29.1575,3.372712169583068,0.00640993649882704
2007-05-22,28.9868,3.3668405539502726,-0.005871615632795368
2007-05-23,29.3194,3.37824941296186,0.011408859011587502
2007-05-24,28.03,3.333275365176697,-0.04497404778516323
2007-05-25,28.0954,3.3356058618716022,0.0023304966949053707
2007-05-29,27.9306,3.329722862003466,-0.0058829998681364515
2007-05-30,28.2056,3.3395205397896435,0.009797677786177683
2007-05-31,30.0226,3.401950431382361,0.06242989159271772
2007-06-01,31.3209,3.444285606341926,0.042335174959564625
2007-06-04,31.3608,3.445558705360909,0.0012730990189830926
2007-06-05,30.7522,3.425961536408773,-0.019597168952135924
2007-06-06,30.7259,3.4251059471304974,-0.0008555892782755592
2007-06-07,29.4949,3.384217367044138,-0.04088858008635965
2007-06-08,29.4432,3.382462983605905,-0.0017543834382327539
2007-06-11,29.4355,3.382201428916556,-0.000261554689349186
2007-06-12,29.0795,3.3700334585697704,-0.012167970346785406
2007-06-13,29.4032,3.3811035119590227,0.011070053389252266
2007-06-14,29.7242,3.391961528842092,0.010858016883069421
2007-06-15,30.3875,3.414031339642242,0.022069810800149803
2007-06-18,30.4295,3.4154125326204197,0.0013811929781777366
2007-06-19,30.7522,3.425961536408773,0.010549003788353328
2007-06-20,30.0412,3.4025697728357676,-0.02339176357300543
2007-06-21,30.4762,3.4169460511302456,0.014376278294478073
2007-06-22,30.0071,3.4014340203276845,-0.015512030802561139
2007-06-25,29.0893,3.370370408965609,-0.031063611362075694
2007-06-26,28.2056,3.3395205397896435,-0.030849869175965328
2007-06-27,29.0219,3.368050717401053,0.028530177611409524
2007-06-28,29.6745,3.3902880911541193,0.022237373753066336
2007-06-29,30.1797,3.407169512932444,0.016881421778324857
2007-07-02,30.7259,3.4251059471304974,0.01793643419805324
2007-07-03,30.8272,3.4283974171443585,0.0032914700138610975
2007-07-05,32.7458,3.4887747095824517,0.0603772924380932
2007-07-06,33.7016,3.5175453139760906,0.028770604393638877
2007-07-09,33.6051,3.5146778411651582,-0.002867472810932359
2007-07-10,33.9786,3.5257309146887157,0.011053073523557444
2007-07-11,33.8762,3.5227127029266807,-0.0030182117620349835
2007-07-12,35.4288,3.5675250487017607,0.044812345775079976
2007-07-13,35.6571,3.57394828551616,0.006423236814399491
2007-07-16,34.7696,3.548743441783335,-0.025204843732825388
2007-07-17,34.6058,3.544021298073134,-0.0047221437102007435
2007-07-18,36.3731,3.593829490450455,0.049808192377320815
2007-07-19,36.9807,3.610396154930717,0.016566664480262006
2007-07-20,37.3065,3.619167574202368,0.008771419271651038
2007-07-23,36.7339,3.6037000344289947,-0.015467539773373229
2007-07-24,36.0619,3.5852369063482796,-0.01846312808071504
2007-07-25,35.306,3.5640529211670913,-0.02118398518118836
2007-07-26,34.2234,3.532909620629568,-0.031143300537523455
2007-07-27,34.0488,3.5277947896837483,-0.0051148309458195484
2007-07-30,35.4124,3.567062041291017,0.039267251607268516
2007-07-31,35.1753,3.560344131748731,-0.006717909542285572
2007-08-01,34.5287,3.541790862271519,-0.018553269477212364
2007-08-02,34.9588,3.5541702252554286,0.012379362983909736
2007-08-03,35.4523,3.568188130986348,0.014017905730919544
2007-08-06,34.2839,3.534675856219875,-0.033512274766473116
2007-08-07,35.0602,3.557066583983378,0.022390727763502927
2007-08-08,36.9289,3.6089944423390814,0.05192785835570346
2007-08-09,36.5057,3.5974684127796195,-0.011526029559461914
2007-08-10,37.2099,3.6165748549053096,0.019106442125690126
2007-08-13,37.0265,3.6116338725000054,-0.004940982405304162
2007-08-14,35.3499,3.5652955634842667,-0.046338309015738766
2007-08-15,31.8895,3.4622768020028456,-0.10301876148142108
2007-08-16,30.7522,3.425961536408773,-0.03631526559407261
2007-08-17,31.7178,3.4568780374887127,0.030916501079939707
2007-08-20,32.6668,3.4863592716267857,0.02948123413807302
2007-08-21,33.2071,3.5027637084803183,0.016404436853532545
2007-08-22,34.4692,3.540066171672273,0.03730246319195496
2007-08-23,34.7022,3.546803085519451,0.006736913847177561
2007-08-24,35.6221,3.572966231766597,0.02616314624714633
2007-08-27,34.6622,3.545649756018038,-0.02731647574855911
2007-08-28,34.2234,3.532909620629568,-0.012740135388470186
2007-08-29,35.5392,3.5706363126250964,0.03772669199552858
2007-08-30,35.5879,3.5720056924426395,0.0013693798175431482
2007-08-31,36.7515,3.604179041152413,0.032173348709773286
2007-09-04,37.3239,3.6196338721269474,0.015454830974534595
2007-09-05,36.5145,3.5977094419754474,-0.02192443015150003
2007-09-06,39.8784,3.6858348239277112,0.08812538195226383
2007-09-07,40.6733,3.70557185751748,0.01973703358976886
2007-09-10,40.2938,3.6961976109632575,-0.009374246554222587
2007-09-11,41.3414,3.7218644191857626,0.02566680822250511
2007-09-12,40.3328,3.697165033700709,-0.024699385485053682
2007-09-13,40.1525,3.692684704954915,-0.004480328745793738
2007-09-14,39.8032,3.683947311068374,-0.008737393886541156
2007-09-17,39.5819,3.678371943064708,-0.005575368003666092
2007-09-18,41.3248,3.721462804009956,0.04309086094524828
2007-09-19,40.9532,3.712429951324133,-0.009032852685823212
2007-09-20,42.5088,3.749711113320181,0.03728116199604781
2007-09-21,41.1862,3.7181032487904013,-0.031607864529779484
2007-09-24,40.5231,3.701872181883509,-0.016231066906892355
2007-09-25,39.7712,3.6831430322619996,-0.0187291496215094
2007-09-26,38.8289,3.659164814730415,-0.023978217531584356
2007-09-27,39.8032,3.683947311068374,0.024782496337958815
2007-09-28,41.1775,3.7178919906746937,0.03394467960631964
2007-10-01,42.2397,3.7433605371000573,0.02546854642536367
2007-10-02,41.1862,3.7181032487904013,-0.025257288309656012
2007-10-03,40.1281,3.692076837032869,-0.026026411757532397
2007-10-04,40.8459,3.7098064490718254,0.01772961203895651
2007-10-05,42.8122,3.756823108698623,0.04701665962679735
2007-10-08,42.2621,3.7438907033337867,-0.012932405364836086
2007-10-09,44.2293,3.7893874653927995,0.04549676205901276
2007-10-10,44.9803,3.806224616139875,0.01683715074707548
2007-10-11,45.2202,3.8115438896618032,0.005319273521928292
2007-10-12,45.2115,3.811351479256451,-0.00019241040535211695
2007-10-15,45.8182,3.824681392098316,0.01332991284186491
2007-10-16,45.2612,3.8124501533316,-0.012231238766716057
2007-10-17,44.4937,3.7953476061160787,-0.01710254721552129
2007-10-18,45.5851,3.819580908738529,0.02423330262245038
2007-10-19,44.3922,3.7930637783297243,-0.026517130408804768
2007-10-22,43.5661,3.7742793249914777,-0.01878445333824663
2007-10-23,43.7798,3.7791725237882567,0.004893198796779075
2007-10-24,42.8961,3.7587809127105802,-0.020391611077676508
2007-10-25,43.3662,3.7696803358393374,0.010899423128757135
2007-10-26,45.3948,3.815397561042454,0.04571722520311683
2007-10-29,46.4697,3.838800487298127,0.023402926255672973
2007-10-30,45.3861,3.8152058907676136,-0.023594596530513545
2007-10-31,47.0402,3.851002555282013,0.035796664514399446
2007-11-01,45.4027,3.8155715746445895,-0.03543098063742356
2007-11-02,47.4625,3.8599399255579208,0.044368350913331245
2007-11-05,46.4599,3.838589574950795,-0.02135035060712598
2007-11-06,47.9668,3.8705091049294795,0.031919529978684746
2007-11-07,46.6179,3.8419845875480076,-0.02852451738147188
2007-11-08,45.5441,3.8186810873252743,-0.02330350022273331
2007-11-09,43.9805,3.783746353865993,-0.03493473345928155
2007-11-12,39.9467,3.687546065546379,-0.09620028831961358
2007-11-13,41.4838,3.7253029895800065,0.03775692403362729
2007-11-14,42.3488,3.7459400853955485,0.02063709581554196
2007-11-15,40.922,3.7116678157443674,-0.03427226965118102
2007-11-16,42.0875,3.739750784487193,0.028082968742825454
2007-11-19,40.2685,3.6955695255974796,-0.04418125888971325
2007-11-20,42.7722,3.755888358839711,0.06031883324223131
2007-11-21,41.9851,3.737314793435715,-0.018573565403996017
2007-11-23,43.1789,3.7653519500053423,0.028037156569627353
2007-11-26,40.7055,3.7063632184537547,-0.05898873155158757
2007-11-27,39.5741,3.6781748638786644,-0.02818835457509028
2007-11-28,40.8605,3.7101638262211156,0.03198896234245119
2007-11-29,40.5308,3.7020621789107504,-0.008101647310365223
2007-11-30,39.7857,3.6835075512455338,-0.01855462766521665
2007-12-03,39.971,3.688154191174341,0.004646639928807428
2007-12-04,39.8559,3.6852704494841597,-0.0028837416901814628
2007-12-05,39.2366,3.66960998466385,-0.015660464820309805
2007-12-06,40.6167,3.704179312083934,0.03456932742008423
2007-12-07,40.4274,3.6995077729031154,-0.004671539180818751
2007-12-10,40.764,3.7077993389664474,0.008291566063332034
2007-12-11,40.2344,3.694722351097195,-0.013076987869252488
2007-12-12,41.2517,3.719692324052706,0.024969972955510844
2007-12-13,39.8725,3.685686863214772,-0.034005460837933654
2007-12-14,39.4638,3.6753837960086013,-0.010303067206170802
2007-12-17,37.954,3.6363749001317873,-0.039008895876814
2007-12-18,39.4581,3.6752393494098774,0.038864449278090074
2007-12-19,39.9125,3.6866895580409005,0.011450208631023084
2007-12-20,39.9789,3.6883518149368655,0.0016622568959649975
2007-12-21,41.8066,3.733054221803491,0.0447024068666253
2007-12-24,42.1188,3.740494196831436,0.007439975027945245
2007-12-26,42.8648,3.7580509763085663,0.017556779477130302
2007-12-27,42.5245,3.7500803804232667,-0.00797059588529958
2007-12-28,45.0652,3.808110330032476,0.058029949609209375
2007-12-31,45.1715,3.8104663569964807,0.0023560269640046094
2008-01-02,46.7331,3.8444526930525833,0.03398633605610257
2008-01-03,48.3735,3.8789521431172576,0.03449945006467425
2008-01-04,47.8985,3.8690841886864535,-0.009867954430804016
2008-01-07,48.3998,3.8794956814826436,0.010411492796190025
2008-01-08,50.0335,3.91269278107835,0.03319709959570627
2008-01-09,50.174,3.9154969642396464,0.002804183161296603
2008-01-10,50.9679,3.9311960227968803,0.015699058557233858
2008-01-11,50.5778,3.923512744843116,-0.007683277953764112
2008-01-14,49.977,3.9115628995956895,-0.011949845247426705
2008-01-15,48.0351,3.871931993674878,-0.03963090592081153
2008-01-16,45.4787,3.8172440844808415,-0.05468790919403643
2008-01-17,44.2694,3.790293693455909,-0.026950391024932685
2008-01-18,45.4622,3.816881211446133,0.026587517990224185
2008-01-22,48.2125,3.875618323534346,0.058737112088213195
2008-01-23,47.8732,3.868555848882764,-0.007062474651582384
2008-01-24,50.1398,3.9148151038909194,0.04625925500815553
2008-01-25,51.8778,3.94889095299783,0.03407584910691064
2008-01-28,52.39,3.9587157334201284,0.009824780422298396
2008-01-29,51.8691,3.9487232371427945,-0.009992496277333895
2008-01-30,52.4982,3.9607788832955237,0.012055646152729249
2008-01-31,52.1559,3.9542373102344395,-0.0065415730610842715
2008-02-01,51.3639,3.938935591078261,-0.015301719156178617
2008-02-04,49.9497,3.9110164990705205,-0.027919092007740343
2008-02-05,48.2964,3.877357023719228,-0.033659475351292656
2008-02-06,49.5947,3.9038839731827872,0.02652694946355938
2008-02-07,50.2061,3.916136533259685,0.0122525600768979
2008-02-08,52.5421,3.9616147530056445,0.045478219745959336
2008-02-11,53.1253,3.97265327428746,0.011038521281815594
2008-02-12,51.8955,3.9492320812104174,-0.023421193077042712
2008-02-13,52.1647,3.954406020920936,0.005173939710518827
2008-02-14,51.6965,3.9453900809635654,-0.009015939957370822
2008-02-15,51.7501,3.9464263645107613,0.001036283547195982
2008-02-19,54.0851,3.9905587320220244,0.04413236751126304
2008-02-20,55.2134,4.011205677446345,0.02064694542432033
2008-02-21,54.3445,3.9953434124944005,-0.015862264951944205
2008-02-22,53.9514,3.98808364132111,-0.0072597711732904635
2008-02-25,54.6391,4.000749743677392,0.012666102356281517
2008-02-26,55.7236,4.020403755582625,0.019654011905233304
2008-02-27,57.1418,4.045535897881542,0.025132142298916804
2008-02-28,58.0087,4.060592999297544,0.01505710141600236
2008-02-29,56.8881,4.041086180419638,-0.01950681887790573
2008-03-03,59.1285,4.079713041677382,0.03862686125774406
2008-03-04,57.5826,4.0532204387321515,-0.026492602945230814
2008-03-05,60.4013,4.101010627887957,0.047790189155805685
2008-03-06,61.5571,4.119965199349017,0.01895457146105972
2008-03-07,59.9458,4.093440820637335,-0.026524378711681784
2008-03-10,58.1453,4.062945050246702,-0.030495770390633226
2008-03-11,60.0794,4.095667020721591,0.03272197047488934
2008-03-12,60.615,4.1045423871985465,0.008875366476955193
2008-03-13,63.8978,4.157284931995813,0.052742544797266255
2008-03-14,66.1899,4.192527883327454,0.03524295133164124
2008-03-17,65.9334,4.188645141642337,-0.0038827416851168195
2008-03-18,61.2694,4.11528053396887,-0.07336460767346686
2008-03-19,56.3225,4.0310941000691605,-0.08418643389970981
2008-03-20,55.5568,4.017405920835096,-0.01368817923406418
2008-03-24,54.7141,4.002121445863698,-0.01528447497139851
2008-03-25,58.1717,4.063398982181901,0.06127753631820365
2008-03-26,58.792,4.07400579122657,0.010606809044668708
2008-03-27,57.9142,4.058962604941757,-0.015043186284812826
2008-03-28,57.1934,4.04643850711305,-0.012524097828706893
2008-03-31,55.987,4.0251195209286825,-0.021318986184367894
2008-04-01,53.375,3.9773424715487886,-0.04777704937989391
2008-04-02,55.4828,4.016073062810479,0.03873059126169043
2008-04-03,56.2444,4.02970648057299,0.013633417762511257
2008-04-04,57.4597,4.051083832514193,0.021377351941202605
2008-04-07,57.093,4.044681517203,-0.00640231531119273
2008-04-08,56.6804,4.037428471960599,-0.007253045242401335
2008-04-09,58.6077,4.0708660872682385,0.03343761530763967
2008-04-10,57.9854,4.06019125472065,-0.010674832547588942
2008-04-11,57.1261,4.04526110504648,-0.014930149674169613
2008-04-14,57.9542,4.059653043432132,0.01439193838565167
2008-04-15,59.9712,4.093864446985224,0.03421140355309227
2008-04-16,62.8406,4.1406013614004,0.04673691441517569
2008-04-17,62.6777,4.13800572249421,-0.0025956389061896346
2008-04-18,59.6737,4.0888913873206585,-0.04911433517355146
2008-04-21,58.1278,4.062644034790296,-0.02624735253036281
2008-04-22,56.6638,4.03713555886723,-0.02550847592306571
2008-04-23,53.0405,3.971055772680837,-0.0660797861863931
2008-04-24,50.7787,3.9274769753186614,-0.043578797362175514
2008-04-25,51.556,3.942668595542533,0.01519162022387155
2008-04-28,50.4558,3.9210977055038034,-0.021570890038729473
2008-04-29,48.3735,3.8789521431172576,-0.042145562386545876
2008-04-30,51.637,3.9442384697905037,0.06528632667324619
2008-05-01,50.4812,3.9216009897412216,-0.02263748004928212
2008-05-02,51.7052,3.9455583567273202,0.023957366986098627
2008-05-05,52.8961,3.968329612138944,0.022771255411623947
2008-05-06,53.2394,3.9747987237413938,0.006469111602449562
2008-05-07,52.6865,3.9643592557480285,-0.010439467993365259
2008-05-08,54.5357,3.9988555330918554,0.034496277343826875
2008-05-09,54.8204,4.004062387455098,0.005206854363242197
2008-05-12,54.5444,3.9990150488975513,-0.005047338557546244
2008-05-13,53.9602,3.9882467377819077,-0.01076831111564358
2008-05-14,52.4124,3.959143204553253,-0.029103533228654666
2008-05-15,55.3247,4.013219463419023,0.0540762588657695
2008-05-16,57.2607,4.04761452453412,0.034395061115097825
2008-05-19,57.3115,4.048501301663808,0.0008867771296872107
2008-05-20,60.452,4.101849661707874,0.05334836004406629
2008-05-21,58.6487,4.071565409465935,-0.030284252241939313
2008-05-22,59.0387,4.078193161079606,0.006627751613671684
2008-05-23,59.5586,4.086960701831016,0.00876754075140962
2008-05-27,57.4421,4.0507774839602515,-0.036183217870764395
2008-05-28,58.5316,4.069566779338176,0.01878929537792473
2008-05-29,56.574,4.035549515711595,-0.03401726362658142
2008-05-30,58.4507,4.06818366389427,0.03263414818267485
2008-06-02,58.4097,4.067481971932197,-0.0007016919620728146
2008-06-03,56.5312,4.034792698128621,-0.03268927380357578
2008-06-04,55.1345,4.009775654519843,-0.02501704360877799
2008-06-05,55.1774,4.0105534491578245,0.0007777946379814438
2008-06-06,57.5748,4.053084971970798,0.04253152281297368
2008-06-09,58.5014,4.069050685575386,0.015965713604587428
2008-06-10,54.166,3.9920534053336345,-0.07699728024175112
2008-06-11,54.5707,3.999497108676799,0.007443703343164465
2008-06-12,52.308,3.957149323044256,-0.042347785632542934
2008-06-13,52.308,3.957149323044256,0.0
2008-06-16,52.586,3.9624499246210685,0.005300601576812447
2008-06-17,53.2394,3.9747987237413938,0.012348799120325271
2008-06-18,52.9585,3.9695085879648015,-0.005290135776592209
2008-06-19,52.9185,3.9687529941738355,-0.0007555937909660138
2008-06-20,53.6958,3.9833347861655755,0.014581791991739923
2008-06-23,53.9368,3.9878129907756543,0.004478204610078862
2008-06-24,54.6391,4.000749743677392,0.012936752901737236
2008-06-25,54.4732,3.9977088376046335,-0.0030409060727580872
2008-06-26,58.6964,4.072378396162904,0.0746695585582704
2008-06-27,61.1543,4.113400178548905,0.04102178238600107
2008-06-30,61.4957,4.118967253668859,0.005567075119953913
2008-07-01,62.2378,4.130962532201713,0.011995278532854314
2008-07-02,60.8647,4.108653367908313,-0.02230916429340013
2008-07-03,59.8668,4.092122094369001,-0.01653127353931172
2008-07-07,58.673,4.071979655088824,-0.02014243928017745
2008-07-08,58.2107,4.064069186636524,-0.007910468452299924
2008-07-09,58.2527,4.064790443302923,0.000721256666398773
2008-07-10,60.2345,4.098245277862582,0.033454834559659474
2008-07-11,62.4934,4.135060951166284,0.0368156733037015
2008-07-14,65.3384,4.17957991857589,0.0445189674096067
2008-07-15,62.5656,4.136215606297407,-0.043364312278483474
2008-07-16,60.3506,4.10017088949909,-0.03604471679831711
2008-07-17,57.4334,4.050626015631206,-0.049544873867883865
2008-07-18,57.8234,4.057393538041651,0.0067675224104446485
2008-07-21,59.1373,4.079861859002699,0.022468320961048782
2008-07-22,56.1615,4.028231468762575,-0.05163039024012406
2008-07-23,52.8376,3.9672230584863386,-0.06100841027623671
2008-07-24,48.8739,3.889243511658395,-0.07797954682794339
2008-07-25,48.5861,3.883337481767841,-0.005906029890553999
2008-07-28,48.671,3.885083370172194,0.0017458884043528577
2008-07-29,46.2804,3.834718545330476,-0.050364824841718114
2008-07-30,45.9761,3.828121696250926,-0.006596849079549827
2008-07-31,45.1881,3.81083377783913,-0.017287918411796
2008-08-01,43.9552,3.7831709334008554,-0.027662844438274714
2008-08-04,43.1214,3.7640193936061506,-0.019151539794704853
2008-08-05,40.2256,3.694503608864158,-0.06951578474199271
2008-08-06,41.7802,3.732422543096378,0.03791893423222037
2008-08-07,41.7725,3.7322382282861613,-0.00018431481021696783
2008-08-08,39.1265,3.666799986783557,-0.06543824150260447
2008-08-11,37.8925,3.6347532033236747,-0.0320467834598821
2008-08-12,40.3846,3.6984485241776333,0.06369532085395857
2008-08-13,44.2215,3.789211096156564,0.09076257197893067
2008-08-14,41.8388,3.7338241386570323,-0.0553869574995316
2008-08-15,40.1018,3.691421221085646,-0.04240291757138648
2008-08-18,42.7011,3.7542246810268884,0.06280345994124259
2008-08-19,44.7989,3.8021835855480672,0.04795890452117879
2008-08-20,44.8565,3.803468505540056,0.0012849199919888754
2008-08-21,47.9668,3.8705091049294795,0.06704059938942342
2008-08-22,46.3058,3.8352672232249616,-0.03524188170451792
2008-08-25,47.0325,3.8508388521031485,0.01557162887818686
2008-08-26,46.7788,3.845430108838986,-0.005408743264162297
2008-08-27,47.8011,3.867048651784927,0.02161854294594079
2008-08-28,47.7611,3.866211500644914,-0.0008371511400131482
2008-08-29,47.328,3.857102086528389,-0.009109414116524661
2008-09-02,43.7164,3.7777233177405414,-0.07937876878784778
2008-09-03,43.3261,3.768755224777342,-0.008968092963199226
2008-09-04,42.2212,3.742922464564817,-0.02583276021252523
2008-09-05,43.1789,3.7653519500053423,0.022429485440525365
2008-09-08,39.8471,3.6850496296897792,-0.08030232031556306
2008-09-09,37.0665,3.612713596735386,-0.07233603295439339
2008-09-10,38.1365,3.6411718287878374,0.02845823205245157
2008-09-11,37.2021,3.616365211298672,-0.02480661748916546
2008-09-12,43.5748,3.7744790016078293,0.1581137903091574
2008-09-15,42.2924,3.7446074008790857,-0.02987160072874362
2008-09-16,43.8245,3.7801930217290947,0.03558562085000894
2008-09-17,48.3735,3.8789521431172576,0.0987591213881629
2008-09-18,48.1307,3.8739202271527424,-0.005031915964515132
2008-09-19,50.3885,3.919762974438363,0.04584274728562043
2008-09-22,54.5142,3.998461218190538,0.07869824375217505
2008-09-23,52.9439,3.969232862389319,-0.029228355801218964
2008-09-24,54.4234,3.9967942084339954,0.027561346044676416
2008-09-25,51.1727,3.935206186717125,-0.0615880217168705
2008-09-26,49.4962,3.901895898951088,-0.03331028776603695
2008-09-29,48.2535,3.8764683640142827,-0.025427534936805163
2008-09-30,45.5354,3.8184900454327195,-0.057978318581563215
2008-10-01,46.1712,3.8323562270843237,0.013866181651604137
2008-10-02,38.5002,3.6506634360854404,-0.18169279099888325
2008-10-03,38.8641,3.660070945331846,0.009407509246405432
2008-10-06,36.2326,3.5899592660638064,-0.0701116792680394
2008-10-07,36.9709,3.610131116714982,0.02017185065117566
2008-10-08,41.7647,3.7320514851340647,0.1219203684190826
2008-10-09,40.4177,3.6992678078329617,-0.03278367730110299
2008-10-10,33.0735,3.4987323574986875,-0.20053545033427422
2008-10-13,32.8989,3.49343922256192,-0.0052931349367675296
2008-10-14,36.5057,3.5974684127796195,0.10402919021769952
2008-10-15,32.6082,3.484563790485685,-0.1129046222939345
2008-10-16,29.4696,3.3833592235322754,-0.10120456695340962
2008-10-17,29.5369,3.3856403291454753,0.0022811056131999408
2008-10-20,32.4161,3.4786552129578623,0.09301488381238698
2008-10-21,28.5685,3.3523047122392393,-0.12635050071862297
2008-10-22,21.3753,3.062236049812052,-0.2900686624271871
2008-10-23,19.6315,2.9771354190215678,-0.08510063079048447
2008-10-24,21.4963,3.067880827300658,0.09074540827909017
2008-10-27,17.9442,2.887266942942686,-0.18061388435797188
2008-10-28,20.244,3.0078584533518313,0.12059151040914529
2008-10-29,22.3752,3.1079532026684564,0.1000947493166251
2008-10-30,23.6245,3.1622843091346815,0.054331106466225076
2008-10-31,22.8637,3.129550500037749,-0.032733809096932465
2008-11-03,23.6635,3.163933776603909,0.034383276566159804
2008-11-04,28.3363,3.3441436682232815,0.18020989161937262
2008-11-05,27.1054,3.299732970028241,-0.04441069819504051
2008-11-06,24.5081,3.1990036751553936,-0.10072929487284732
2008-11-07,26.7515,3.2865905465362397,0.08758687138084609
2008-11-10,28.5178,3.3505284537208113,0.0639379071845716
2008-11-11,26.9367,3.2934896690470907,-0.05703878467372059
2008-11-12,24.4828,3.197970830188304,-0.09551883885878665
2008-11-13,27.4956,3.3140259918711603,0.11605516168285623
2008-11-14,27.3346,3.3081532989858253,-0.005872692885334985
2008-11-17,24.9792,3.218043478564104,-0.09010982042172122
2008-11-18,25.7555,3.2486481965351817,0.030604717971077555
2008-11-19,21.6465,3.074843778562105,-0.17380441797307666
2008-11-20,21.902,3.0865779568535676,0.011734178291462616
2008-11-21,26.7153,3.2852364349929486,0.19865847813938098
2008-11-24,27.6994,3.321410752308878,0.03617431731592946
2008-11-25,28.9371,3.365124508856747,0.04371375654786913
2008-11-26,29.5203,3.3850781622822588,0.019953653425511586
2008-11-28,31.1394,3.4384738983974894,0.05339573611523063
2008-12-01,26.5134,3.277650265566408,-0.16082363283108148
2008-12-02,26.9542,3.2941391293684115,0.01648886380200354
2008-12-03,25.344,3.2325420156320153,-0.0615971137363962
2008-12-04,24.0351,3.179515261936395,-0.053026753695620155
2008-12-05,23.7366,3.167018160727681,-0.012497101208714056
2008-12-08,25.9478,3.256086827597966,0.08906866687028492
2008-12-09,26.2432,3.267406907859955,0.011320080261989052
2008-12-10,30.1299,3.4055180341854907,0.13811112632553568
2008-12-11,30.0977,3.4044487568751545,-0.0010692773103362363
2008-12-12,32.2298,3.472891490409396,0.06844273353424146
2008-12-15,34.9832,3.554867946252536,0.08197645584314017
2008-12-16,38.4076,3.6482553566774283,0.09338741042489218
2008-12-17,37.9024,3.6350144346217252,-0.013240922055703042
2008-12-18,36.1078,3.586508908481829,-0.048505526139896116
2008-12-19,38.548,3.651904217989041,0.06539530950721195
2008-12-22,36.9553,3.6097090741852282,-0.04219514380381284
2008-12-23,38.4164,3.648484451752886,0.03877537756765781
2008-12-24,38.9352,3.661898725782162,0.013414274029275752
2008-12-26,39.5819,3.678371943064708,0.016473217282546138
2008-12-29,41.9685,3.7369193368926643,0.05854739382795637
2008-12-30,41.5422,3.7267097780470264,-0.0102095588456379
2008-12-31,42.4416,3.7481290133178966,0.021419235270870196
2009-01-02,42.1275,3.7407007340925604,-0.007428279225336176
2009-01-05,41.0556,3.7149272455954296,-0.025773488497130792
2009-01-06,42.6337,3.7526450203488197,0.03771777475339011
2009-01-07,38.7538,3.657228815507475,-0.09541620484134494
2009-01-08,41.6212,3.728609652842013,0.07138083733453815
2009-01-09,41.3014,3.7208963976975373,-0.007713255144475628
2009-01-12,38.0935,3.6400436639036524,-0.08085273379388491
2009-01-13,39.3829,3.673331711941938,0.033288048038285556
2009-01-14,37.2488,3.6176197295415613,-0.05571198240037667
2009-01-15,39.6404,3.6798488002282315,0.06222907068667016
2009-01-16,41.7131,3.730815228151446,0.050966427923214486
2009-01-20,40.7132,3.7065523641911087,-0.024262863960337278
2009-01-21,42.4825,3.7490922264261237,0.04253986223501505
2009-01-22,42.383,3.746747338442391,-0.0023448879837326686
2009-01-23,46.4862,3.8391554943535864,0.09240815591119533
2009-01-26,45.3431,3.8142580150402954,-0.024897479313291004
2009-01-27,43.2677,3.7674063982134522,-0.046851616826843134
2009-01-28,43.0287,3.7618673349137697,-0.005539063299682567
2009-01-29,44.4352,3.7940319481367624,0.03216461322299269
2009-01-30,43.8567,3.780927500761032,-0.013104447375730466
2009-02-02,41.4838,3.7253029895800065,-0.055624511181025404
2009-02-03,41.9237,3.7358512994765842,0.010548309896577734
2009-02-04,43.3662,3.7696803358393374,0.03382903636275314
2009-02-05,45.2681,3.8126025901672618,0.0429222543279244
2009-02-06,45.8717,3.825848369182412,0.013245779015150116
2009-02-09,43.9298,3.7825929052798513,-0.04325546390256063
2009-02-10,43.7065,3.7774968324594007,-0.005096072820450548
2009-02-11,46.5838,3.841252841206008,0.06375600874660714
2009-02-12,46.3301,3.8357918578548915,-0.005460983351116333
2009-02-13,44.4352,3.7940319481367624,-0.04175990971812915
2009-02-17,44.8223,3.8027057834327582,0.008673835295995858
2009-02-18,44.5941,3.797601563279806,-0.005104220152952088
2009-02-19,42.7985,3.756503055244628,-0.04109850803517823
2009-02-20,45.1881,3.81083377783913,0.05433072259450222
2009-02-23,45.2681,3.8126025901672618,0.0017688123281316415
2009-02-24,41.8476,3.7340344476207927,-0.07856814254646904
2009-02-25,40.8694,3.710381616773537,-0.023652830847255668
2009-02-26,40.4889,3.7010278624732567,-0.009353754300280404
2009-02-27,41.2254,3.7190545712488023,0.018026708775545686
2009-03-02,38.2174,3.6432909092872867,-0.07576366196151563
2009-03-03,39.7857,3.6835075512455338,0.040216641958247035
2009-03-04,39.1772,3.6680949449294675,-0.015412606316066224
2009-03-05,41.9939,3.737524369640057,0.06942942471058933
2009-03-06,41.3082,3.7210610274745934,-0.016463342165463413
2009-03-09,39.9028,3.6864464968722332,-0.034614530602360194
2009-03-10,38.0535,3.6389930643086794,-0.04745343256355383
2009-03-11,40.6079,3.703962628959993,0.06496956465131376
2009-03-12,40.8694,3.710381616773537,0.006418987813543886
2009-03-13,41.7802,3.732422543096378,0.02204092632284116
2009-03-16,40.2178,3.694309683693803,-0.03811285940257525
2009-03-17,39.8852,3.686005327766968,-0.008304355926834983
2009-03-18,44.164,3.7879099775768905,0.10190464980992253
2009-03-19,45.8405,3.825167979851361,0.0372580022744704
2009-03-20,46.3214,3.8356040573330312,0.010436077481670303
2009-03-23,46.5751,3.841066063559958,0.005462006226926608
2009-03-24,46.6013,3.8416284377381946,0.0005623741782367908
2009-03-25,48.0984,3.873248912525191,0.03162047478699659
2009-03-26,47.7513,3.8660062916870324,-0.007242620838158853
2009-03-27,46.6881,3.8434893142160798,-0.022516977470952604
2009-03-30,46.694,3.843615676763246,0.00012636254716635875
2009-03-31,47.0665,3.851561495308275,0.00794581854502896
2009-04-01,47.839,3.867841206413872,0.016279711105597006
2009-04-02,44.8954,3.8043353396112187,-0.06350586680265335
2009-04-03,42.3986,3.747115342824853,-0.0572199967863658
2009-04-06,41.5422,3.7267097780470264,-0.020405564777826513
2009-04-07,41.6876,3.7302037224735654,0.003493944426538942
2009-04-08,41.1678,3.717656397385341,-0.012547325088224426
2009-04-09,40.764,3.7077993389664474,-0.009857058418893505
2009-04-13,40.565,3.7029056258470283,-0.0048937131194191075
2009-04-14,40.6733,3.70557185751748,0.0026662316704517686
2009-04-15,40.7815,3.7082285472064767,0.002656689688996572
2009-04-16,37.8116,3.632615933854904,-0.07561261335157266
2009-04-17,36.0912,3.5860490683097352,-0.046566865545168756
2009-04-20,38.8377,3.6593914243679597,0.07334235605822448
2009-04-21,37.6478,3.628274519603705,-0.03111690476425455
2009-04-22,37.6068,3.6271848851080963,-0.0010896344956088377
2009-04-23,39.0757,3.6655007904145163,0.03831590530641993
2009-04-24,41.1209,3.7165165080669222,0.05101571765240598
2009-04-27,39.3088,3.671448412384257,-0.045068095682665454
2009-04-28,37.4576,3.6232096266239164,-0.04823878576034035
2009-04-29,38.0535,3.6389930643086794,0.01578343768476298
2009-04-30,36.4715,3.5965311336704264,-0.04246193063825299
2009-05-01,36.6978,3.602716807759634,0.006185674089207449
2009-05-04,38.3149,3.6458388544750755,0.04312204671544162
2009-05-05,38.2008,3.642856457801617,-0.002982396673458343
2009-05-06,39.8852,3.686005327766968,0.04314886996535083
2009-05-07,39.5819,3.678371943064708,-0.007633384702260049
2009-05-08,41.1434,3.7170635254380313,0.038691582373323374
2009-05-11,40.0685,3.690590489457722,-0.026473035980309145
2009-05-12,42.5332,3.750284947441428,0.059694457983705984
2009-05-13,43.374,3.769860183246215,0.019575235804786928
2009-05-14,44.2694,3.790293693455909,0.02043351020969375
2009-05-15,43.2931,3.7679932689616207,-0.02230042449428815
2009-05-18,43.5428,3.773744362420359,0.0057510934587381435
2009-05-19,44.0537,3.785409344314472,0.011664981894113247
2009-05-20,46.7077,3.843909033310252,0.05849968899577984
2009-05-21,47.3797,3.85819386692503,0.014284833614778059
2009-05-22,47.8011,3.867048651784927,0.008854784859896991
2009-05-26,47.4206,3.859056733446289,-0.007991918338638104
2009-05-27,45.863,3.8256586917751476,-0.03339804167114124
2009-05-28,48.7529,3.8867646828540514,0.0611059910789038
2009-05-29,51.1474,3.9347116602161614,0.047946977362109955
2009-06-01,49.977,3.9115628995956895,-0.023148760620471887
2009-06-02,50.9425,3.9306975456929547,0.01913464609726523
2009-06-03,48.2028,3.8754171106556283,-0.05528043503732638
2009-06-04,49.9848,3.9117189592107793,0.03630184855515095
2009-06-05,47.4295,3.8592443979827755,-0.05247456122800376
2009-06-08,48.0263,3.871748777523029,0.012504379540253296
2009-06-09,46.9398,3.8488659296553855,-0.022882847867643274
2009-06-10,46.7788,3.845430108838986,-0.003435820816399371
2009-06-11,46.8403,3.8467439434912434,0.0013138346522572064
2009-06-12,44.7335,3.8007226616449454,-0.046021281846297946
2009-06-15,43.4257,3.7710514317439365,-0.0296712299010089
2009-06-16,43.7895,3.779394062616126,0.00834263087218945
2009-06-17,43.8402,3.7805512046731495,0.0011571420570235524
2009-06-18,42.4162,3.747530364737364,-0.03302083993578542
2009-06-19,43.6012,3.7750846729120195,0.02755430817465543
2009-06-22,40.4099,3.699074804452329,-0.07600986845969038
2009-06-23,42.2864,3.744465521353482,0.04539071690115293
2009-06-24,44.2527,3.7899163865416328,0.04545086518815067
2009-06-25,45.9938,3.828506604796407,0.03859021825477438
2009-06-26,45.0057,3.8067891484154415,-0.021717456380965672
2009-06-29,45.0554,3.807892843685545,0.0011036952701033442
2009-06-30,43.3905,3.7702405231363523,-0.03765232054919254
2009-07-01,45.2856,3.8129891011594768,0.042748578023124484
2009-07-02,44.2215,3.789211096156564,-0.023778005002912828
2009-07-06,42.3986,3.747115342824853,-0.042095753331711006
2009-07-07,42.4327,3.7479192914107324,0.0008039485858795103
2009-07-08,40.7718,3.7079906659669497,-0.03992862544378273
2009-07-09,40.8079,3.7088756901177207,0.0008850241507709633
2009-07-10,40.6079,3.703962628959993,-0.004913061157727494
2009-07-13,41.6564,3.729455018272724,0.02549238931273079
2009-07-14,42.5167,3.7498969399256756,0.020441921652951667
2009-07-15,44.8652,3.8036624385579834,0.05376549863230773
2009-07-16,45.2681,3.8126025901672618,0.008940151609278413
2009-07-17,45.9488,3.8275277331179205,0.01492514295065872
2009-07-20,47.7513,3.8660062916870324,0.038478558569111865
2009-07-21,46.9134,3.8483033489293943,-0.017702942757638063
2009-07-22,47.1972,3.85433456879799,0.006031219868595894
2009-07-23,47.1972,3.85433456879799,0.0
2009-07-24,47.485,3.8604138716949157,0.006079302896925487
2009-07-27,47.3435,3.857429534601748,-0.0029843370931676994
2009-07-28,44.5024,3.795543120302155,-0.061886414299593184
2009-07-29,43.2774,3.7676305587965615,-0.027912561505593292
2009-07-30,46.2629,3.8343403439867028,0.06670978519014126
2009-07-31,48.4155,3.879820010388046,0.045479666401343266
2009-08-03,49.2065,3.896025728593138,0.01620571820509209
2009-08-04,49.7594,3.9071993904804136,0.011173661887275532
2009-08-05,49.7,3.906004933102583,-0.0011944573778306378
2009-08-06,50.0335,3.91269278107835,0.006687847975766825
2009-08-07,48.3824,3.879136111227215,-0.033556669851134924
2009-08-10,46.8355,3.846641462380771,-0.03249464884644393
2009-08-11,46.3058,3.8352672232249616,-0.011374239155809374
2009-08-12,46.2542,3.834152270646193,-0.001114952578768591
2009-08-13,46.8812,3.847616742210777,0.01346447156458419
2009-08-14,45.665,3.8213321401436424,-0.026284602067134788
2009-08-17,43.7631,3.778790996555264,-0.04254114358837846
2009-08-18,44.6312,3.7984331660233797,0.0196421694681157
2009-08-19,45.03,3.8073289343134804,0.008895768290100747
2009-08-20,45.9585,3.827738815372236,0.02040988105875563
2009-08-21,47.3114,3.8567512812576408,0.029012465885404737
2009-08-24,47.0237,3.8506517299352176,-0.006099551322423125
2009-08-25,47.4918,3.860557064559102,0.009905334623884432
2009-08-26,47.0568,3.851355382687185,-0.009201681871917167
2009-08-27,48.1444,3.8742048282612838,0.022849445574098848
2009-08-28,48.5159,3.881891579268815,0.007686751007531356
2009-08-31,47.4625,3.8599399255579208,-0.02195165371089436
2009-09-01,46.5662,3.8408749560700026,-0.019064969487918138
2009-09-02,51.6117,3.9437483909709856,0.102873434900983
2009-09-03,54.88,4.00514898341763,0.06140059244664453
2009-09-04,55.591,4.018021317650495,0.012872334232865157
2009-09-08,54.1426,3.9916213066754653,-0.026400010975029975
2009-09-09,53.4316,3.978402331244692,-0.013218975430773217
2009-09-10,56.2181,4.029238769105089,0.050836437860397155
2009-09-11,57.9542,4.059653043432132,0.030414274327042357
2009-09-14,57.3934,4.04992931413612,-0.009723729296011285
2009-09-15,58.2604,4.064922617281836,0.014993303145715231
2009-09-16,58.9295,4.07634181417103,0.011419196889194794
2009-09-17,58.0781,4.06178865648282,-0.014553157688210305
2009-09-18,56.8443,4.040315951317546,-0.021472705165273887
2009-09-21,56.9135,4.041532571338953,0.0012166200214069889
2009-09-22,57.7816,4.0566703858973385,0.015137814558385365
2009-09-23,55.7548,4.02096350528866,-0.03570688060867866
2009-09-24,52.8464,3.967389592683007,-0.05357391260565292
2009-09-25,53.1165,3.9724876144432155,0.005098021760208571
2009-09-28,53.1419,3.9729656943029497,0.00047807985973413736
2009-09-29,54.4234,3.9967942084339954,0.023828514131045697
2009-09-30,56.1021,4.0271732449831275,0.0303790365491321
2009-10-01,53.0756,3.9717173122828404,-0.055455932700287036
2009-10-02,52.8141,3.9667782005164707,-0.0049391117663697415
2009-10-05,55.0234,4.007758549297803,0.040980348781332054
2009-10-06,58.3765,4.066913411590404,0.05915486229260125
2009-10-07,59.3021,4.082644718530106,0.015731306939701817
2009-10-08,59.3441,4.083352705836136,0.0007079873060300557
2009-10-09,59.2504,4.081772531047305,-0.0015801747888311013
2009-10-12,58.9676,4.076988140523864,-0.00478439052344104
2009-10-13,60.2774,4.09895724077765,0.021969100253786067
2009-10-14,59.6814,4.0890204140654,-0.009936826712249491
2009-10-15,58.1795,4.063533059011563,-0.025487355053837035
2009-10-16,58.6223,4.071115170268759,0.007582111257195656
2009-10-19,59.0203,4.077881452524579,0.006766282255820322
2009-10-20,57.6137,4.053760386642901,-0.02412106588167795
2009-10-21,57.4237,4.050457110095143,-0.0033032765477578607
2009-10-22,57.21,4.046728708280438,-0.003728401814705684
2009-10-23,56.6414,4.036740166594116,-0.009988541686321462
2009-10-26,54.3513,3.995468532324401,-0.041271634269715474
2009-10-27,53.7476,3.9842990148480886,-0.01116951747631223
2009-10-28,50.9524,3.9308918635642347,-0.05340715128385387
2009-10-29,47.2782,3.8560493013071313,-0.0748425622571034
2009-10-30,44.2606,3.790094890789491,-0.0659544105176404
2009-11-02,45.1237,3.809407607373796,0.019312716584305
2009-11-03,48.5159,3.881891579268815,0.0724839718950192
2009-11-04,46.8267,3.846453553063546,-0.035438026205269146
2009-11-05,46.6345,3.8423406105602913,-0.0041129425032546685
2009-11-06,47.5855,3.8625280929819747,0.020187482421683445
2009-11-09,49.4122,3.900197357266149,0.037669264284174275
2009-11-10,50.1984,3.9159831536797842,0.0157857964136352
2009-11-11,50.2725,3.9174582079180853,0.0014750542383010767
2009-11-12,49.3469,3.898874947290436,-0.018583260627649256
2009-11-13,50.1057,3.914134774074314,0.015259826783878161
2009-11-16,50.9524,3.9308918635642347,0.016757089489920496
2009-11-17,50.9104,3.9300672248859323,-0.0008246386783024029
2009-11-18,50.2725,3.9174582079180853,-0.012609016967846998
2009-11-19,51.0254,3.932323547959645,0.014865340041559705
2009-11-20,50.2803,3.917613350291359,-0.014710197668286185
2009-11-23,52.0818,3.952815559515036,0.035202209223677006
2009-11-24,52.2007,3.955095904760366,0.002280345245330384
2009-11-25,53.7651,3.9846245577868213,0.02952865302645513
2009-11-27,51.6117,3.9437483909709856,-0.040876166815835724
2009-11-30,51.8087,3.947558088830753,0.003809697859767258
2009-12-01,54.125,3.991296186322654,0.04373809749190105
2009-12-02,55.9694,4.024805112817222,0.03350892649456805
2009-12-03,54.2665,3.9939070936425427,-0.03089801917467927
2009-12-04,52.2251,3.9555632222325627,-0.03834387140997997
2009-12-07,51.8613,3.9485728472857287,-0.006990374946834077
2009-12-08,50.2559,3.9171279529821494,-0.03144489430357922
2009-12-09,51.6194,3.9438975708211332,0.026769617838983795
2009-12-10,51.6117,3.9437483909709856,-0.00014917985014761825
2009-12-11,50.5144,3.9222584441490547,-0.02148994682193095
2009-12-14,49.8707,3.909433655954407,-0.012824788194647496
2009-12-15,49.2308,3.8965194438919855,-0.012914212062421715
2009-12-16,49.7741,3.9074947684206425,0.010975324528657016
2009-12-17,44.6399,3.798628077927177,-0.10886669049346542
2009-12-18,44.8809,3.8040123144893085,0.005384236562131495
2009-12-21,44.0537,3.785409344314472,-0.018602970174836475
2009-12-22,44.3922,3.7930637783297243,0.007654434015252232
2009-12-23,45.5051,3.817824407587612,0.02476062925788769
2009-12-24,45.5997,3.8199011375513305,0.002076729963718549
2009-12-28,44.9541,3.805641969216313,-0.014259168335017502
2009-12-29,44.9384,3.805292663097123,-0.0003493061191899294
2009-12-30,44.6175,3.7981261587480333,-0.007166504349089831
2009-12-31,44.6467,3.7987803964164724,0.0006542376684390838
2010-01-04,46.4784,3.8389876885432392,0.04020729212676688
2010-01-05,47.048,3.851168357157655,0.01218066861441569
2010-01-06,48.1961,3.875278104919862,0.02410974776220698
2010-01-07,47.7513,3.8660062916870324,-0.009271813232829551
2010-01-08,49.1002,3.8938631081119346,0.02785681642490223
2010-01-11,49.1987,3.8958672003849473,0.002004092273012681
2010-01-12,47.6195,3.8632423412135894,-0.03262485917135782
2010-01-13,48.5334,3.882252220719906,0.019009879506316718
2010-01-14,48.3237,3.8779221235426906,-0.004330097177215553
2010-01-15,47.4918,3.860557064559102,-0.017365058983588533
2010-01-19,47.9668,3.8705091049294795,0.009952040370377446
2010-01-20,46.0474,3.8296713007382053,-0.04083780419127425
2010-01-21,43.8899,3.781684225274216,-0.04798707546398928
2010-01-22,44.4273,3.793854145351092,0.012169920076876117
2010-01-25,43.8567,3.780927500761032,-0.01292664459006021
2010-01-26,43.8899,3.781684225274216,0.0007567245131840927
2010-01-27,43.5915,3.774862177220522,-0.006822048053694019
2010-01-28,43.5251,3.7733377831817685,-0.001524394038753485
2010-01-29,41.9002,3.73529060018639,-0.03804718299537857
2010-02-01,44.4352,3.7940319481367624,0.05874134795037245
2010-02-02,44.7598,3.801310415158496,0.007278467021733626
2010-02-03,44.4185,3.7936560493233955,-0.007654365835100485
2010-02-04,41.6964,3.7304147941427743,-0.06324125518062118
2010-02-05,44.8312,3.802904325598524,0.07248953145574966
2010-02-08,43.2364,3.766682733060796,-0.03622159253772805
2010-02-09,45.1558,3.810118732299227,0.04343599923843122
2010-02-10,45.8005,3.8242950080911164,0.014176275791889292
2010-02-11,47.9424,3.870000290331372,0.045705282240255496
2010-02-12,48.0672,3.872600031821598,0.0025997414902261262
2010-02-16,49.4288,3.900533250269176,0.02793321844757779
2010-02-17,48.8515,3.8887850842609675,-0.011748166008208383
2010-02-18,49.8453,3.9089242091143945,0.02013912485342706
2010-02-19,48.2448,3.876288049956448,-0.03263615915794649
2010-02-22,47.9834,3.8708551177604194,-0.005432932196028695
2010-02-23,45.9488,3.8275277331179205,-0.043327384642498856
2010-02-24,45.9938,3.828506604796407,0.000978871678486648
2010-02-25,47.328,3.857102086528389,0.02859548173198201
2010-02-26,47.6031,3.862897885167185,0.005795798638795979
2010-03-01,48.5948,3.8835165292972063,0.020618644130021124
2010-03-02,49.7077,3.9061598506797,0.02264332138249392
2010-03-03,50.2803,3.917613350291359,0.011453499611658646
2010-03-04,49.6131,3.9042549117624348,-0.013358438528924044
2010-03-05,50.2725,3.9174582079180853,0.013203296155650524
2010-03-08,49.6678,3.905356835808951,-0.01210137210913409
2010-03-09,48.8817,3.889403093309299,-0.01595374249965209
2010-03-10,48.0595,3.872439826592115,-0.016963266717183956
2010-03-11,49.027,3.892371166762789,0.019931340170673995
2010-03-12,48.236,3.876105630241346,-0.016265536521443025
2010-03-15,47.9501,3.8701608868330077,-0.005944743408338393
2010-03-16,49.4376,3.900711268281832,0.030550381448824382
2010-03-17,49.6044,3.9040795394738304,0.003368271191998229
2010-03-18,48.9568,3.890938276590923,-0.013141262882907512
2010-03-19,47.6674,3.8642477260888404,-0.026690550502082466
2010-03-22,47.5357,3.8614810076939423,-0.00276671839489806
2010-03-23,47.9337,3.869818806102792,0.00833779840884974
2010-03-24,45.7421,3.8230190992154096,-0.04679970688738244
2010-03-25,44.8399,3.803098368049822,-0.01992073116558757
2010-03-26,45.9488,3.8275277331179205,0.024429365068098452
2010-03-29,46.3965,3.8372240253526635,0.009696292234742998
2010-03-30,45.426,3.8160846283492247,-0.02113939700343881
2010-03-31,46.0308,3.829310737647705,0.013226109298480448
2010-04-01,47.6031,3.862897885167185,0.03358714751948
2010-04-05,48.2613,3.8766299972563756,0.013732112089190451
2010-04-06,48.1444,3.8742048282612838,-0.00242516899509182
2010-04-07,49.5537,3.9030569300366142,0.028852101775330485
2010-04-08,49.659,3.905179642946138,0.002122712909523816
2010-04-09,50.5377,3.9227195924163922,0.017539949470254168
2010-04-12,49.9321,3.9106640825105035,-0.012055509905888773
2010-04-13,49.3381,3.898696602050059,-0.011967480460444602
2010-04-14,50.5144,3.9222584441490547,0.02356184209899581
2010-04-15,50.0178,3.9123789420751813,-0.009879502073873336
2010-04-16,49.2065,3.896025728593138,-0.016353213482043216
2010-04-19,48.8895,3.889562649497963,-0.006463079095174962
2010-04-20,49.067,3.8931867110818517,0.003624061583888505
2010-04-21,49.7828,3.9076695428465666,0.014482831764714987
2010-04-22,49.8453,3.9089242091143945,0.0012546662678278864
2010-04-23,50.7553,3.9270160459666354,0.018091836852240917
2010-04-26,50.569,3.9233387403264692,-0.0036773056401662174
2010-04-27,50.4978,3.9219297709759244,-0.0014089693505447975
2010-04-28,52.6025,3.96276364713133,0.04083387615540568
2010-04-29,52.7264,3.9651162788809753,0.002352631749645173
2010-04-30,52.2251,3.9555632222325627,-0.00955305664841255
2010-05-03,51.9208,3.949719480597621,-0.005843741634941946
2010-05-04,51.4195,3.940017477947604,-0.009702002650016972
2010-05-05,51.3317,3.938308495057492,-0.0017089828901117876
2010-05-06,52.107,3.9532992967399854,0.014990801682493338
2010-05-07,51.9267,3.9498331087544147,-0.0034661879855706346
2010-05-10,52.2183,3.9554330081642806,0.005599899409865827
2010-05-11,54.0255,3.9894561573246716,0.034023149160391064
2010-05-12,53.8188,3.9856228485061527,-0.0038333088185189546
2010-05-13,52.8785,3.9679968290291536,-0.017626019476999044
2010-05-14,53.2228,3.974486875965666,0.006490046936512339
2010-05-17,52.0105,3.95144562127463,-0.023041254691035906
2010-05-18,51.6789,3.9450495744181,-0.00639604685653028
2010-05-19,49.2884,3.8976887592449936,-0.0473608151731062
2010-05-20,46.931,3.8486784379108645,-0.04901032133412908
2010-05-21,46.7701,3.8452441098582373,-0.0034343280526272224
2010-05-24,46.8267,3.846453553063546,0.0012094432053086912
2010-05-25,48.3404,3.87826764996183,0.03181409689828385
2010-05-26,47.8887,3.8688795684442043,-0.00938808151762549
2010-05-27,48.7891,3.887506927254657,0.018627358810452854
2010-05-28,48.4369,3.8802619199400707,-0.007245007314586438
2010-06-01,47.8312,3.867678146233852,-0.012583773706218881
2010-06-02,49.4873,3.90171607099948,0.03403792476562817
2010-06-03,48.7217,3.8861245160605375,-0.015591554938942487
2010-06-04,47.7005,3.8649418800196513,-0.021182636040886216
2010-06-07,49.0513,3.892866689227947,0.027924809208295542
2010-06-08,49.4873,3.90171607099948,0.00884938177153316
2010-06-09,48.4691,3.8809264814983866,-0.02078958950109344
2010-06-10,49.3771,3.8994867539624107,0.01856027246402414
2010-06-11,49.8355,3.908727581478349,0.009240827515938133
2010-06-14,48.8417,3.8885844561715435,-0.0201431253068054
2010-06-15,50.4637,3.921254265930998,0.03266980975945444
2010-06-16,51.3727,3.939106902957796,0.017852637026797957
2010-06-17,52.6367,3.9634135950823586,0.024306692124562712
2010-06-18,53.5604,3.98080998905498,0.017396393972621382
2010-06-21,51.7052,3.9455583567273202,-0.03525163232765971
2010-06-22,51.0742,3.933279477340683,-0.012278879386637076
2010-06-23,50.8508,3.9288958549175197,-0.00438362242316348
2010-06-24,50.7446,3.926805208319709,-0.0020906465978107747
2010-06-25,51.8448,3.948254640350182,0.021449432030473226
2010-06-28,51.3961,3.9395622940960475,-0.00869234625413462
2010-06-29,50.33,3.9186013207882686,-0.020960973307778907
2010-06-30,50.2568,3.917145861166887,-0.0014554596213818272
2010-07-01,47.6283,3.863427122384914,-0.05371873878197286
2010-07-02,47.5444,3.8616640112882648,-0.0017631110966491725
2010-07-06,46.8812,3.847616742210777,-0.014047269077487545
2010-07-07,47.9424,3.870000290331372,0.022383548120594732
2010-07-08,47.1397,3.8531155334656724,-0.01688475686569957
2010-07-09,47.881,3.8687187660188735,0.015603232553201174
2010-07-12,47.6917,3.8647573785609373,-0.003961387457936283
2010-07-13,47.5855,3.8625280929819747,-0.0022292855789625143
2010-07-14,48.0907,3.87308881122439,0.010560718242415224
2010-07-15,48.1961,3.875278104919862,0.002189293695471939
2010-07-16,46.3058,3.8352672232249616,-0.0400108816949003
2010-07-19,45.6914,3.8219100963839248,-0.013357126841036848
2010-07-20,46.9721,3.8495538084284404,0.027643712044515656
2010-07-21,46.4784,3.8389876885432392,-0.010566119885201175
2010-07-22,47.7269,3.8654951802389492,0.026507491695709984
2010-07-23,47.3621,3.857822330808924,-0.00767284943002533
2010-07-26,46.6599,3.842885123427678,-0.01493720738124571
2010-07-27,45.2681,3.8126025901672618,-0.03028253326041641
2010-07-28,45.5607,3.819045502815648,0.006442912648386034
2010-07-29,45.5128,3.817993605075543,-0.0010518977401048346
2010-07-30,46.0971,3.83075004129938,0.012756436223837042
2010-08-02,45.7011,3.8221223676323626,-0.008627673667017444
2010-08-03,46.4141,3.8376032923805883,0.01548092474822571
2010-08-04,48.4301,3.8801215212488516,0.042518228868263286
2010-08-05,48.5159,3.881891579268815,0.0017700580199635496
2010-08-06,49.3557,3.8990532607294606,0.01716168146064545
2010-08-09,49.8092,3.908199705924291,0.00914644519483021
2010-08-10,50.3222,3.9184463316272646,0.010246625702973855
2010-08-11,49.8628,3.9092752337589256,-0.009171097868339029
2010-08-12,51.1727,3.935206186717125,0.02593095295819925
2010-08-13,51.0742,3.933279477340683,-0.001926709376441682
2010-08-16,51.6194,3.9438975708211332,0.010618093480450064
2010-08-17,51.2595,3.936900966694049,-0.00699660412708436
2010-08-18,52.1744,3.95459195313672,0.017690986442671086
2010-08-19,52.2251,3.9555632222325627,0.000971269095842775
2010-08-20,52.2408,3.9558637987866,0.00030057655403714634
2010-08-23,51.6789,3.9450495744181,-0.010814224368500103
2010-08-24,51.5881,3.943291025735561,-0.0017585486825386631
2010-08-25,52.6114,3.962932826299125,0.019641800563563905
2010-08-26,52.9273,3.9689192737998624,0.005986447500737402
2010-08-27,53.8266,3.9857677687723907,0.016848494972528272
2010-08-30,53.6315,3.9821365820237977,-0.003631186748592974
2010-08-31,53.7232,3.983844938011976,0.0017083559881783117
2010-09-01,53.3008,3.975951340440022,-0.007893597571953848
2010-09-02,53.7954,3.9851879616535104,0.009236621213488228
2010-09-03,54.0021,3.98902293469701,0.0038349730434994456
2010-09-07,54.4234,3.9967942084339954,0.007771273736985496
2010-09-08,54.0597,3.9900889914433364,-0.006705216990658958
2010-09-09,53.3438,3.976757757311205,-0.013331234132131442
2010-09-10,53.5125,3.9799152714710644,0.0031575141598594314
2010-09-13,53.5604,3.98080998905498,0.0008947175839155719
2010-09-14,55.5071,4.016510940498237,0.03570095144325691
2010-09-15,55.5832,4.017880997324147,0.001370056825909849
2010-09-16,56.1518,4.028058737660842,0.010177740336695607
2010-09-17,55.9616,4.024665741239864,-0.0033929964209784558
2010-09-20,56.5829,4.0357068194203105,0.01104107818044664
2010-09-21,56.6501,4.036893752697524,0.00118693327721342
2010-09-22,57.3758,4.049622611638621,0.012728858941096988
2010-09-23,57.567,4.052949486855715,0.00332687521709385
2010-09-24,57.2354,4.04717258807669,-0.005776898779024542
2010-09-27,57.1495,4.045670641296161,-0.00150194678052884
2010-09-28,58.5823,4.070432603175778,0.024761961879616656
2010-09-29,58.3863,4.067081273272772,-0.0033513299030056842
2010-09-30,58.7345,4.073027288427833,0.005946015155060991
2010-10-01,58.9295,4.07634181417103,0.0033145257431970165
2010-10-04,58.1541,4.063096383787834,-0.013245430383196144
2010-10-05,60.3116,4.099524456708074,0.03642807292023953
2010-10-06,61.3114,4.115965796287986,0.016441339579912118
2010-10-07,59.0387,4.078193161079606,-0.03777263520837959
2010-10-08,60.0093,4.094499550210842,0.016306389131235832
2010-10-11,60.0794,4.095667020721591,0.001167470510749169
2010-10-12,59.6737,4.0888913873206585,-0.00677563340093279
2010-10-13,61.3249,4.116185959486884,0.027294572166225883
2010-10-14,60.5339,4.1032035386887475,-0.012982420798136829
2010-10-15,60.0093,4.094499550210842,-0.008703988477905433
2010-10-18,59.859,4.091991796638504,-0.002507753572338345
2010-10-19,56.4737,4.0337750430541535,-0.0582167535843503
2010-10-20,57.7972,4.056940331598362,0.02316528854420863
2010-10-21,57.4167,4.050335201777013,-0.006605129821348754
2010-10-22,58.1356,4.062778212872335,0.01244301109532131
2010-10-25,59.0203,4.077881452524579,0.015103239652244582
2010-10-26,59.2591,4.081919354719932,0.004037902195352494
2010-10-27,58.673,4.071979655088824,-0.009939699631107857
2010-10-28,62.3803,4.133249520401821,0.061269865312997496
2010-10-29,64.1564,4.161323852258364,0.0280743318565424
2010-11-01,63.816,4.156003942608828,-0.005319909649535326
2010-11-02,63.8081,4.15588014153975,-0.00012380106907805555
2010-11-03,63.4219,4.149809227664909,-0.006070913874841821
2010-11-04,66.3967,4.195647356452182,0.045838128787273114
2010-11-05,66.0963,4.191112769496686,-0.004534586955495357
2010-11-08,68.2224,4.2227729566707195,0.03166018717403318
2010-11-09,66.2718,4.193764467342855,-0.029008489327864595
2010-11-10,67.1427,4.20682020522052,0.01305573787766523
2010-11-11,67.3213,4.20947667989076,0.0026564746702399944
2010-11-12,65.9987,4.189635044862741,-0.019841635028019056
2010-11-15,65.0224,4.17473182591401,-0.014903218948731478
2010-11-16,63.8237,4.156124594725831,-0.018607231188178197
2010-11-17,64.0568,4.159770189764407,0.003645595038575422
2010-11-18,63.736,4.154749552078065,-0.005020637686341978
2010-11-19,64.644,4.168895293486397,0.014145741408332135
2010-11-22,65.0897,4.175766318570755,0.006871025084357996
2010-11-23,64.842,4.171953541549083,-0.0038127770216718204
2010-11-24,65.5217,4.182381385484161,0.01042784393507823
2010-11-26,64.0813,4.160152589695397,-0.0222287957887648
2010-11-29,64.8088,4.171441396607045,0.01128880691164813
2010-11-30,66.7361,4.200746035895087,0.029304639288042722
2010-12-01,67.8509,4.217312650747068,0.016566614851980965
2010-12-02,68.6126,4.228476191335321,0.011163540588252197
2010-12-03,70.3087,4.252895546493841,0.02441935515852034
2010-12-06,72.0448,4.277288147738293,0.024392601244452194
2010-12-07,70.141,4.250507501810286,-0.02678064592800755
2010-12-08,69.0935,4.235460659778899,-0.015046842031386731
2010-12-09,68.8945,4.232576348998818,-0.0028843107800806678
2010-12-10,68.5707,4.227865329790178,-0.004711019208640366
2010-12-13,68.363,4.224831742597506,-0.0030335871926716607
2010-12-14,68.0411,4.220111934357589,-0.004719808239917356
2010-12-15,66.4523,4.19648439705085,-0.023627537306738944
2010-12-16,62.512,4.1353585383127145,-0.061125858738135364
2010-12-17,62.5578,4.1360909293783,0.0007323910655854249
2010-12-20,63.6326,4.153125917638883,0.01703498826058336
2010-12-21,63.1459,4.1454479219065306,-0.007677995732352727
2010-12-22,62.1531,4.129600696037004,-0.015847225869526582
2010-12-23,62.5158,4.13541932479382,0.005818628756816047
2010-12-27,61.64,4.121311010451915,-0.014108314341904737
2010-12-28,63.262,4.147284832932595,0.025973822480679587
2010-12-29,63.5087,4.15117690438794,0.003892071455345203
2010-12-30,63.223,4.146668158999149,-0.004508745388791091
2010-12-31,63.4238,4.1498391853221275,0.0031710263229784985
2011-01-03,60.6568,4.1052317478191584,-0.04460743750296903
2011-01-04,59.5098,4.086141004871412,-0.019090742947746264
2011-01-05,59.2055,4.081014442979925,-0.005126561891486858
2011-01-06,57.6781,4.054877552073537,-0.026136890906387933
2011-01-07,58.237,4.064520891572683,0.009643339499145753
2011-01-10,59.2504,4.081772531047305,0.017251639474621605
2011-01-11,59.7995,4.090997299717618,0.009224768670312855
2011-01-12,59.9371,4.0932956790030355,0.002298379285417873
2011-01-13,58.3677,4.066762654636026,-0.02653302436700944
2011-01-14,57.2774,4.047906130560732,-0.018856524075293812
2011-01-18,57.9396,4.059401088623898,0.011494958063165583
2011-01-19,57.7991,4.056973204622848,-0.0024278840010500957
2011-01-20,57.4334,4.050626015631206,-0.006347188991641772
2011-01-21,56.541,4.0349660387026,-0.01565997692860588
2011-01-24,56.0044,4.025430259077147,-0.009535779625452712
2011-01-25,55.7627,4.021105187087718,-0.004325071989429219
2011-01-26,58.0947,4.062074437665902,0.04096925057818357
2011-01-27,56.0171,4.025657001266002,-0.03641743639989947
2011-01-28,57.1495,4.045670641296161,0.020013640030159152
2011-01-31,56.5947,4.035915341248707,-0.009755300047454618
2011-02-01,58.2828,4.065307024098807,0.02939168285010041
2011-02-02,57.7386,4.055925927318043,-0.009381096780764153
2011-02-03,59.587,4.087437429474132,0.03151150215608922
2011-02-04,60.1721,4.097208789736743,0.009771360262610607
2011-02-07,59.5665,4.087093335507908,-0.010115454228834864
2011-02-08,61.0216,4.111227899855938,0.02413456434802974
2011-02-09,60.1877,4.097468012501941,-0.013759887353996803
2011-02-10,60.2774,4.09895724077765,0.0014892282757088537
2011-02-11,59.663,4.088712062770396,-0.010245178007253664
2011-02-14,60.7427,4.106646910391259,0.017934847620862726
2011-02-15,62.4504,4.134372641675173,0.027725731283914534
2011-02-16,63.2171,4.1465748341757065,0.012202192500533116
2011-02-17,60.1877,4.097468012501941,-0.049106821673765566
2011-02-18,58.8183,4.074453030974082,-0.023014981527858858
2011-02-22,57.2861,4.04805801139567,-0.026395019578411727
2011-02-23,59.1158,4.079498232167769,0.03144022077209829
2011-02-24,56.9984,4.0430231972651365,-0.03647503490263215
2011-02-25,57.368,4.049486656580274,0.006463459315137143
2011-02-28,58.3063,4.065710149267767,0.016223492687493568
2011-03-01,59.7381,4.089970007796084,0.02425985852831669
2011-03-02,59.7625,4.0903783739522215,0.0004083661561375962
2011-03-03,58.5355,4.069633407793163,-0.020744966159058187
2011-03-04,58.5355,4.069633407793163,0.0
2011-03-07,57.8254,4.057428125516838,-0.012205282276325669
2011-03-08,56.582,4.035690913428258,-0.021737212088579483
2011-03-09,55.9927,4.025221325095061,-0.010469588333196889
2011-03-10,54.523,3.998622630993125,-0.02659869410193627
2011-03-11,55.3345,4.0133965838035115,0.014773952810386515
2011-03-14,55.1637,4.010305128267958,-0.0030914555355536777
2011-03-15,53.93,3.9876869093491356,-0.022618218918822208
2011-03-16,53.099,3.972158095678848,-0.0155288136702878
2011-03-17,54.0968,3.9907750343802864,0.018616938701438546
2011-03-18,55.312,4.0129898831792685,0.022214848798982167
2011-03-21,55.8358,4.022415240725621,0.009425357546352764
2011-03-22,56.0484,4.026215603169602,0.0038003624439806316
2011-03-23,57.4031,4.050098308835838,0.02388270566623607
2011-03-24,56.9652,4.042440555071678,-0.007657753764159558
2011-03-25,56.0991,4.027119769619215,-0.01532078545246307
2011-03-28,54.8673,4.004917542643111,-0.022202226976104633
2011-03-29,53.8198,3.9856414292011824,-0.019276113441928366
2011-03-30,53.8608,3.9864029405965744,0.0007615113953920449
2011-03-31,54.9872,4.00710043087455,0.020697490277975295
2011-04-01,53.3917,3.977655303173934,-0.029445127700615803
2011-04-04,53.1584,3.973276135574188,-0.00437916759974577
2011-04-05,55.3705,4.014046960954841,0.040770825380652465
2011-04-06,54.8321,4.0042757888831435,-0.009771172071697087
2011-04-07,54.3397,3.9952550831879674,-0.009020705695176101
2011-04-08,55.234,4.011578705697601,0.016323622509633484
2011-04-11,54.322,3.994929301423895,-0.01664940427370576
2011-04-12,53.9807,3.988626575271617,-0.006302726152278115
2011-04-13,53.6647,3.9827554296821406,-0.005871145589476434
2011-04-14,54.1827,3.9923616693023254,0.009606239620184809
2011-04-15,54.0704,3.9902869011841937,-0.0020747681181316757
2011-04-18,52.7098,3.964801396513493,-0.025485504670700543
2011-04-19,55.512,4.016599213597248,0.05179781708375453
2011-04-20,55.8914,4.023410522171674,0.006811308574426356
2011-04-21,56.382,4.032149958628983,0.008739436457308791
2011-04-25,54.7083,4.002015434662966,-0.03013452396601668
2011-04-26,54.4508,3.9972975416493663,-0.0047178930135998165
2011-04-27,55.8211,4.0221519341125065,0.02485439246314014
2011-04-28,56.0104,4.0255373877781,0.0033854536655937295
2011-04-29,57.6684,4.054709363181411,0.029171975403310846
2011-05-02,55.2955,4.012691530895339,-0.042017832286072476
2011-05-03,53.4081,3.9779624198563415,-0.03472911103899712
2011-05-04,53.4715,3.979148801681055,0.0011863818247133118
2011-05-05,52.1666,3.95444244335601,-0.024706358325044864
2011-05-06,51.9217,3.9497368145408527,-0.004705628815157237
2011-05-09,52.6845,3.9643212946391797,0.014584480098327024
2011-05-10,52.943,3.969215863119343,0.0048945684801631195
2011-05-11,52.0428,3.952066456962445,-0.01714940615689775
2011-05-12,51.1921,3.9355852232654747,-0.01648123369697041
2011-05-13,50.7738,3.9273804735091775,-0.008204749756297147
2011-05-16,51.0605,3.933011204166489,0.005630730657311567
2011-05-17,51.7501,3.9464263645107613,0.013415160344272259
2011-05-18,51.8359,3.9480829594101063,0.0016565948993449986
2011-05-19,52.1266,3.9536753750915152,0.005592415681408891
2011-05-20,51.8359,3.9480829594101063,-0.005592415681408891
2011-05-23,51.3884,3.939412466057493,-0.008670493352613384
2011-05-24,52.9567,3.9694745985090827,0.03006213245158973
2011-05-25,53.4872,3.979442372940106,0.009967774431023368
2011-05-26,53.4638,3.979004789366818,-0.00043758357328815833
2011-05-27,53.7407,3.984170628781708,0.005165839414889906
2011-05-31,53.7574,3.9844813319501236,0.0003107031684157491
2011-06-01,53.4394,3.978548301620451,-0.005933030329672739
2011-06-02,53.1575,3.9732592048987194,-0.00528909672173139
2011-06-03,54.2264,3.99316787472912,0.019908669830400516
2011-06-06,52.8201,3.966891800089458,-0.02627607463966175
2011-06-07,52.981,3.96993335871298,0.003041558623521734
2011-06-08,51.0859,3.933508529584194,-0.03642482912878586
2011-06-09,52.1666,3.95444244335601,0.02093391377181586
2011-06-10,51.1357,3.9344828834182146,-0.0199595599377953
2011-06-13,50.6051,3.9240523617282315,-0.010430521689983152
2011-06-14,51.2137,3.9360070743778204,0.011954712649588917
2011-06-15,51.5131,3.9418361442554377,0.005829069877617332
2011-06-16,50.4265,3.9205168305470695,-0.02131931370836826
2011-06-17,51.597,3.943463531262465,0.022946700715395618
2011-06-20,50.6626,3.925187965799012,-0.018275565463452992
2011-06-21,54.363,3.9956837753981302,0.07049580959911816
2011-06-22,54.484,3.997907080585095,0.0022233051869648968
2011-06-23,53.9378,3.9878315308212264,-0.010075549763868707
2011-06-24,53.1312,3.972764326317332,-0.015067204503894427
2011-06-27,54.0138,3.989239569471071,0.01647524315373916
2011-06-28,52.0564,3.952327746195741,-0.03691182327533005
2011-06-29,52.2524,3.956085822804386,0.0037580766086446893
2011-06-30,52.4524,3.95990609166008,0.0038202688556943087
2011-07-01,51.1532,3.934825051535591,-0.025081040124489196
2011-07-05,52.4163,3.959217611657449,0.024392560121857976
2011-07-06,53.1741,3.9735714356962406,0.014353824038791707
2011-07-07,52.3022,3.9570384351957295,-0.016533000500511097
2011-07-08,52.2602,3.9562350871038956,-0.0008033480918339109
2011-07-11,51.6448,3.9443895128593662,-0.011845574244529367
2011-07-12,53.4638,3.979004789366818,0.034615276507451664
2011-07-13,54.4284,3.9968860764601284,0.017881287093310494
2011-07-14,53.5887,3.981338224955385,-0.01554785150474336
2011-07-15,54.0451,3.9898188831763814,0.008480658220996418
2011-07-18,54.5951,3.999944135133919,0.01012525195753744
2011-07-19,52.7391,3.9653571159331182,-0.03458701920080065
2011-07-20,52.7742,3.9660224349269275,0.0006653189938092829
2011-07-21,52.109,3.953337678562359,-0.01268475636456845
2011-07-22,52.6318,3.9633204998068767,0.009982821244517659
2011-07-25,51.5628,3.9428004822597926,-0.020520017547084102
2011-07-26,51.8828,3.9489873286934962,0.006186846433703597
2011-07-27,50.0657,3.9133361428856506,-0.03565118580784565
2011-07-28,47.2188,3.854792118373842,-0.05854402451180851
2011-07-29,46.3184,3.8355392903538053,-0.019252828020036805
2011-08-01,47.1261,3.852826987670817,0.01728769731701174
2011-08-02,47.8742,3.868576737178426,0.01574974950760888
2011-08-03,48.5081,3.8817307943080466,0.0131540571296207
2011-08-04,45.7869,3.8239980240059706,-0.05773277030207602
2011-08-05,46.8208,3.8463275486318675,0.02232952462589699
2011-08-08,47.483,3.860371752244147,0.014044203612279649
2011-08-09,50.2735,3.9174780993110803,0.05710634706693307
2011-08-10,52.0047,3.9513340991123687,0.033855999801288394
2011-08-11,52.2602,3.9562350871038956,0.004900987991526939
2011-08-12,51.95,3.9502817175452365,-0.005953369558659105
2011-08-15,53.7661,3.984643157039876,0.034361439494639434
2011-08-16,52.901,3.9684222422772657,-0.016220914762610228
2011-08-17,53.1907,3.97388356903612,0.005461326758854135
2011-08-18,52.8181,3.9668539349989844,-0.007029634037135413
2011-08-19,54.4791,3.9978171418810144,0.030963206882030025
2011-08-22,56.7438,4.038546399291854,0.04072925741083955
2011-08-23,55.1989,4.010943025548261,-0.027603373743592563
2011-08-24,54.6068,4.000158417120675,-0.010784608427586662
2011-08-25,55.9547,4.024542434804451,0.024384017683776626
2011-08-26,57.0433,4.043810628570002,0.019268193765550556
2011-08-29,57.135,4.045416888598677,0.0016062600286748108
2011-08-30,57.9211,4.0590817396098275,0.01366485101115078
2011-08-31,57.528,4.052271785800193,-0.00680995380963445
2011-09-01,57.5621,4.052864365022869,0.0005925792226761928
2011-09-02,59.2094,4.0810803130689335,0.0282159480460642
2011-09-06,58.7159,4.072710558980245,-0.008369754088688452
2011-09-07,59.345,4.083367871508469,0.010657312528223883
2011-09-08,59.8874,4.092466132410309,0.009098260901840405
2011-09-09,59.1353,4.079828038827948,-0.012638093582361343
2011-09-12,58.1453,4.062945050246702,-0.01688298858124604
2011-09-13,58.4038,4.067380956210469,0.004435905963767084
2011-09-14,57.7016,4.055284902765643,-0.012096053444826005
2011-09-15,56.6941,4.03767014888207,-0.017614753883573364
2011-09-16,57.015,4.0433143911093214,0.0056442422272517945
2011-09-19,56.5634,4.0353621329357665,-0.007952258173554938
2011-09-20,57.6343,4.054117876581458,0.018755743645691325
2011-09-21,56.8024,4.039578578355577,-0.014539298225880515
2011-09-22,53.456,3.9788588856144007,-0.06071969274117661
2011-09-23,50.5827,3.923609620600034,-0.05524926501436678
2011-09-26,51.796,3.947312926206594,0.023703305606559866
2011-09-27,51.1805,3.93535860012511,-0.011954326081483835
2011-09-28,48.8338,3.888422696057344,-0.04693590406776593
2011-09-29,49.8433,3.908884084165298,0.020461388107953837
2011-09-30,49.5664,3.9033131848238773,-0.005570899341420521
2011-10-03,48.5677,3.8829587009024507,-0.02035448392142669
2011-10-04,46.9925,3.8499880145086136,-0.032970686393837045
2011-10-05,48.0292,3.8718091592815096,0.021821144772895984
2011-10-06,49.4767,3.901501851686588,0.029692692405078436
2011-10-07,47.644,3.8637567040186545,-0.037745147667933576
2011-10-10,48.8739,3.889243511658395,0.02548680763974076
2011-10-11,49.0192,3.8922120580973547,0.002968546438959496
2011-10-12,49.3508,3.898953976487713,0.006741918390358315
2011-10-13,48.5998,3.8836194156716433,-0.015334560816069764
2011-10-14,49.3605,3.8991505092054712,0.015531093533827978
2011-10-17,47.6595,3.864081980637806,-0.03506852856766507
2011-10-18,47.5514,3.861811231249875,-0.002270749387931037
2011-10-19,38.7324,3.6566764590738363,-0.20513477217603882
2011-10-20,36.3496,3.5931831997924353,-0.06349325928140104
2011-10-21,36.5095,3.5975725006956543,0.0043893009032189845
2011-10-24,37.2186,3.616808636320752,0.019236135625097628
2011-10-25,37.6731,3.628946311920353,0.012137675599601216
2011-10-26,37.4001,3.621673378213703,-0.007272933706650164
2011-10-27,35.5352,3.5705237545168544,-0.0511496236968485
2011-10-28,36.415,3.5949807776698783,0.024457023153023894
2011-10-31,36.1312,3.587156758004066,-0.007824019665812365
2011-11-01,36.1252,3.586990682749451,-0.00016607525461509454
2011-11-02,36.653,3.601495280371504,0.01450459762205325
2011-11-03,38.0136,3.637943990434183,0.03644871006267891
2011-11-04,37.8048,3.6324360786907244,-0.00550791174345866
2011-11-07,39.0425,3.664650796379864,0.032214717689139416
2011-11-08,38.2974,3.645382008764808,-0.019268787615055682
2011-11-09,38.2798,3.644922341910708,-0.0004596668541001492
2011-11-10,38.5909,3.6530164973817434,0.008094155471035425
2011-11-11,39.2531,3.670030422001311,0.017013924619567522
2011-11-14,38.6962,3.6557414040001928,-0.014289018001118148
2011-11-15,39.0347,3.6644509941321926,0.00870959013199979
2011-11-16,38.8581,3.6599165492902537,-0.004534444841938878
2011-11-17,37.4761,3.623703396459808,-0.03621315283044568
2011-11-18,37.3874,3.6213337492617503,-0.002369647198057656
2011-11-21,35.5322,3.5704393276206465,-0.050894421641103804
2011-11-22,36.0999,3.586290095251896,0.015850767631249596
2011-11-23,35.1226,3.5588447979173514,-0.027445297334544705
2011-11-25,34.5804,3.543287047568231,-0.015557750349120436
2011-11-28,34.0682,3.5283643978733203,-0.014922649694910639
2011-11-29,34.3687,3.537146266462964,0.008781868589643693
2011-11-30,37.5181,3.6248234831969444,0.08767721673398032
2011-12-01,37.0782,3.613029195830051,-0.011794287366893474
2011-12-02,35.9829,3.583043825607873,-0.029985370222177732
2011-12-05,35.6942,3.5749882106007336,-0.008055615007139583
2011-12-06,36.3594,3.5934527675229595,0.018464556922225928
2011-12-07,36.4832,3.5968518806572636,0.003399113134304077
2011-12-08,35.3899,3.5664264686964144,-0.030425411960849136
2011-12-09,36.1175,3.586777512421399,0.020351043724984752
2011-12-12,35.0475,3.556704284260554,-0.030073228160845122
2011-12-13,33.7494,3.5189626393827345,-0.03774164487781961
2011-12-14,32.2611,3.4738621700698635,-0.04510046931287093
2011-12-15,30.7161,3.4247869470952415,-0.04907522297462208
2011-12-16,30.9511,3.4324085396945083,0.007621592599266869
2011-12-19,30.2655,3.4100084499407055,-0.02240008975380281
2011-12-20,31.2525,3.442099372982581,0.03209092304187555
2011-12-21,31.2438,3.441820956498527,-0.00027841648405413366
2011-12-22,30.7932,3.4272938863834295,-0.014527070115097462
2011-12-23,30.7161,3.4247869470952415,-0.002506939288188015
2011-12-27,30.2031,3.407944568119398,-0.01684237897584362
2011-12-28,29.4452,3.3825309086981394,-0.025413659421258394
2011-12-29,29.9056,3.398045753829776,0.015514845131636701
2011-12-30,30.366,3.413323561459996,0.015277807630219797
2012-01-03,31.9968,3.4656358977993933,0.05231233633939736
2012-01-04,31.3501,3.445217456866506,-0.02041844093288736
2012-01-05,31.7383,3.457524153487432,0.012306696620925983
2012-01-06,31.5695,3.452191464623765,-0.005332688863667112
2012-01-09,31.8035,3.459576346622737,0.007384881998972137
2012-01-10,31.988,3.4653608324696434,0.005784485846906495
2012-01-11,31.5529,3.4516655023541847,-0.01369533011545876
2012-01-12,31.3111,3.4439726672666935,-0.00769283508749119
2012-01-13,30.9424,3.432127411625897,-0.011845255640796637
2012-01-17,29.7066,3.3913692433431755,-0.040758168282721385
2012-01-18,30.0568,3.4030889248990763,0.011719681555900863
2012-01-19,30.0899,3.4041895672731877,0.001100642374111338
2012-01-20,29.378,3.3802460949092232,-0.023943472363964435
2012-01-23,29.6696,3.390122952580575,0.009876857671351935
2012-01-24,28.8201,3.3610730603779864,-0.0290498922025888
2012-01-25,31.4174,3.4473618795626524,0.08628881918466602
2012-01-26,31.5948,3.4529925500898586,0.005630670527206227
2012-01-27,32.8482,3.491896948908797,0.03890439881893837
2012-01-30,31.4846,3.4494985373975613,-0.04239841151123569
2012-01-31,31.2662,3.4425376418595506,-0.006960895538010714
2012-02-01,31.2438,3.441820956498527,-0.0007166853610236501
2012-02-02,31.3413,3.444936716603637,0.0031157601051101658
2012-02-03,30.4489,3.4160498687086442,-0.02888684789499285
2012-02-06,30.5991,3.420970596761095,0.004920728052450585
2012-02-07,30.2109,3.408202786414605,-0.01276781034648966
2012-02-08,29.6832,3.390581229198966,-0.017621557215639072
2012-02-09,29.7857,3.394028412567121,0.0034471833681548603
2012-02-10,29.0199,3.367981801550725,-0.02604661101639616
2012-02-13,28.8629,3.3625570333979202,-0.005424768152804571
2012-02-14,28.351,3.3446623029202773,-0.017894730477642895
2012-02-15,28.6015,3.35345916400293,0.00879686108265254
2012-02-16,30.5912,3.420712385899442,0.06725322189651228
2012-02-17,29.6335,3.3889054781328958,-0.03180690776654638
2012-02-21,30.5386,3.4189914572204128,0.03008597908751698
2012-02-22,31.3735,3.4459635875441323,0.02697213032371959
2012-02-23,31.3823,3.446244039711348,0.00028045216721572785
2012-02-24,30.8498,3.4291302673482105,-0.017113772363137603
2012-02-27,30.4402,3.415764103274135,-0.013366164074075648
2012-02-28,31.3149,3.4440940226144616,0.028329919340326803
2012-02-29,30.5132,3.4181593768733802,-0.025934645741081397
2012-03-01,30.8849,3.43026739132491,0.012108014451529758
2012-03-02,30.5211,3.4184182477064726,-0.011849143618437363
2012-03-05,30.2275,3.408752106066265,-0.009666141640207737
2012-03-06,29.692,3.3908776492553003,-0.017874456810964556
2012-03-07,29.7603,3.393175290559243,0.0022976413039428323
2012-03-08,30.2909,3.410847337374224,0.017672046814980913
2012-03-09,30.565,3.419855563480689,0.00900822610646479
2012-03-12,29.6248,3.3886118483776544,-0.031243715103034475
2012-03-13,29.6335,3.3889054781328958,0.0002936297552413869
2012-03-14,28.3041,3.343006670480719,-0.04589880765217691
2012-03-15,28.1354,3.337028569951409,-0.0059781005293100264
2012-03-16,28.4085,3.346688396161763,0.009659826210353994
2012-03-19,27.8779,3.327834260243366,-0.018854135918396686
2012-03-20,28.2299,3.3403816999282703,0.012547439684904127
2012-03-21,27.8262,3.325978022916316,-0.014403677011954219
2012-03-22,27.5717,3.3167898843607,-0.009188138555615843
2012-03-23,28.2553,3.3412810506152475,0.02449116625454728
2012-03-26,28.8952,3.363675491358523,0.022394440743275457
2012-03-27,28.1091,3.3360933673301094,-0.027582124028413535
2012-03-28,27.7999,3.3250324235678197,-0.011060943762289721
2012-03-29,27.7082,3.3217283982662553,-0.003304025301564373
2012-03-30,28.0603,3.334355765992786,0.012627367726530725
2012-04-02,29.3897,3.380644272825139,0.04628850683235308
2012-04-03,28.5333,3.3510718262546053,-0.029572446570533817
2012-04-04,27.4312,3.311681051714081,-0.0393907745405242
2012-04-05,27.1542,3.3015317305483283,-0.010149321165752845
2012-04-09,27.1795,3.3024630126744685,0.0009312821261402426
2012-04-10,27.9091,3.3289528005216726,0.026489787847204127
2012-04-11,27.2118,3.303650702757143,-0.02530209776452974
2012-04-12,28.8717,3.362861876596562,0.05921117383941921
2012-04-13,28.0603,3.334355765992786,-0.028506110603776058
2012-04-16,27.3805,3.3098310811983116,-0.02452468479447445
2012-04-17,28.5899,3.3530535086016258,0.04322242740331417
2012-04-18,28.2388,3.340696918804345,-0.012356589797280826
2012-04-19,28.3734,3.3454520865465245,0.004755167742179545
2012-04-20,27.8691,3.3275185481844893,-0.01793353836203515
2012-04-23,27.4576,3.3126429966659017,-0.01487555151858766
2012-04-24,27.5902,3.317460637206183,0.004817640540281332
2012-04-25,28.9273,3.36478578590814,0.04732514870195681
2012-04-26,30.1289,3.405484844012434,0.040699058104294306
2012-04-27,33.0892,3.4992069451528995,0.09372210114046542
2012-04-30,33.5602,3.513340841056814,0.01413389590391434
2012-05-01,33.2959,3.505434266283001,-0.007906574773812736
2012-05-02,32.9779,3.495837640149599,-0.009596626133402175
2012-05-03,32.2756,3.4743115268000335,-0.021526113349565446
2012-05-04,32.1548,3.4705617396949906,-0.0037497871050429232
2012-05-07,32.5254,3.4820213225550756,0.011459582860084971
2012-05-08,31.3471,3.445121758812931,-0.03689956374214454
2012-05-09,32.0904,3.4685569199864283,0.02343516117349731
2012-05-10,31.7139,3.456755070580844,-0.011801849405584264
2012-05-11,30.9463,3.4322534443267023,-0.024501626254141762
2012-05-14,30.0626,3.403281874263774,-0.028971570062928276
2012-05-15,28.5578,3.3519301036920335,-0.05135177057174056
2012-05-16,28.6085,3.353703876467007,0.00177377277497337
2012-05-17,30.1553,3.406360695452369,0.05265681898536201
2012-05-18,30.4225,3.415182466228818,0.008821770776449078
2012-05-21,31.4583,3.4486628592978685,0.033480393069050596
2012-05-22,31.2506,3.442038575998093,-0.006624283299775602
2012-05-23,32.9457,3.494860751673826,0.052822175675732996
2012-05-24,33.3036,3.505665499251246,0.010804747577420226
2012-05-25,33.4471,3.5099650862538403,0.004299587002594141
2012-05-29,32.4355,3.479253501992479,-0.030711584261361224
2012-05-30,32.2542,3.4736482673203977,-0.005605234672081405
2012-05-31,31.5529,3.4516655023541847,-0.021982764966212986
2012-06-01,34.3589,3.5368610826338642,0.08519558027967955
2012-06-04,34.3756,3.537347010379861,0.0004859277459967615
2012-06-05,34.3424,3.5363807423690585,-0.0009662680108024624
2012-06-06,34.5891,3.543538603529916,0.007157861160857593
2012-06-07,33.5661,3.5135166290866975,-0.030021974443218635
2012-06-08,33.9464,3.5247828100906426,0.011266181003945164
2012-06-11,33.2529,3.5041419813437034,-0.020640828746939288
2012-06-12,34.8593,3.5513199595689775,0.04717797822527414
2012-06-13,35.5099,3.569811530842893,0.01849157127391532
2012-06-14,35.544,3.570771365633607,0.0009598347907142646
2012-06-15,35.4641,3.568520917199661,-0.0022504484339460618
2012-06-18,35.8288,3.57875203926843,0.010231122068768972
2012-06-19,35.9907,3.583260571748973,0.00450853248054317
2012-06-20,35.7274,3.5759179014055125,-0.0073426703434607
2012-06-21,33.9835,3.525875112705213,-0.050042788700299656
2012-06-22,34.2761,3.5344483182959063,0.008573205590693522
2012-06-25,35.5265,3.5702788968778316,0.03583057858192529
2012-06-26,34.2058,3.532395220332967,-0.037883676544864464
2012-06-27,33.9552,3.525042008697134,-0.0073532116358330235
2012-06-28,33.0842,3.49905582702962,-0.025986181667513986
2012-06-29,34.1873,3.5318542300736806,0.032798403044060453
2012-07-02,34.2761,3.5344483182959063,0.002594088222225732
2012-07-03,35.5011,3.5695636819168097,0.035115363620903395
2012-07-05,35.3139,3.5642766541384763,-0.005287027778333453
2012-07-06,34.2518,3.5337391180718076,-0.030537536066668647
2012-07-09,34.1483,3.5307128043970413,-0.0030263136747663566
2012-07-10,32.7399,3.4885945175705784,-0.0421182868264629
2012-07-11,32.0649,3.467761973930752,-0.02083254363982645
2012-07-12,31.3588,3.445494929443949,-0.022267044486802945
2012-07-13,31.8542,3.4611692414562025,0.015674312012253555
2012-07-16,31.3755,3.446027333579947,-0.015141907876255356
2012-07-17,31.1472,3.438724353552877,-0.007302980027070305
2012-07-18,31.0399,3.435273473660344,-0.0034508798925330098
2012-07-19,31.5189,3.450587365903555,0.015313892243211225
2012-07-20,31.6905,3.456016951426262,0.005429585522707114
2012-07-23,30.9628,3.4327864839086275,-0.02323046751763469
2012-07-24,31.7334,3.457369753967339,0.024583270058711637
2012-07-25,32.9038,3.493588152621296,0.03621839865395682
2012-07-26,35.5684,3.571457603222482,0.07786945060118589
2012-07-27,36.4715,3.5965311336704264,0.02507353044794458
2012-07-30,37.4449,3.6228705191142416,0.0263393854438152
2012-07-31,37.0363,3.6118985127798005,-0.010972006334441176
2012-08-01,37.2674,3.618118949855702,0.006220437075901586
2012-08-02,36.7651,3.6045490256227266,-0.013569924232975428
2012-08-03,36.8861,3.6078347863126243,0.003285760689897721
2012-08-06,37.8653,3.63403512541833,0.026200339105705517
2012-08-07,38.2603,3.6444128050686633,0.010377679650333427
2012-08-08,38.1881,3.6425239487560095,-0.001888856312653786
2012-08-09,38.2955,3.6453323958111166,0.0028084470551070773
2012-08-10,38.3472,3.6466815134137502,0.001349117602633676
2012-08-13,37.9687,3.6367621361016274,-0.00991937731212289
2012-08-14,37.6303,3.6278095769360434,-0.008952559165583907
2012-08-15,37.1377,3.614632626166349,-0.013176950769694606
2012-08-16,38.7772,3.657832445041739,0.04319981887539015
2012-08-17,39.1255,3.666774428331375,0.008941983289636024
2012-08-20,39.5331,3.6771382956858543,0.01036386735447925
2012-08-21,39.3966,3.673679518164067,-0.0034587775217871375
2012-08-22,39.9301,3.6871304254546637,0.013450907290596614
2012-08-23,39.9642,3.687984053362303,0.0008536279076394315
2012-08-24,40.0471,3.6900562614045347,0.002072208042231516
2012-08-27,39.5478,3.6775100668763523,-0.012546194528182397
2012-08-28,39.6735,3.680683458514398,0.0031733916380458638
2012-08-29,39.262,3.6702571299858415,-0.010426328528556628
2012-08-30,39.0474,3.6647762927630434,-0.0054808372227981295
2012-08-31,41.0087,3.7137842393160585,0.0490079465530151
2012-09-04,40.5757,3.7031693652543054,-0.010614874061753099
2012-09-05,40.4978,3.7012476516494006,-0.0019217136049047845
2012-09-06,41.0186,3.7140256223689705,0.012777970719569876
2012-09-07,41.9422,3.7362924799873776,0.022266857618407077
2012-09-10,40.7298,3.7069600112628,-0.02933246872457751
2012-09-11,40.8888,3.7108561869173053,0.003896175654505285
2012-09-12,41.0274,3.7142401361791197,0.0033839492618144007
2012-09-13,42.58,3.7513846594653333,0.03714452328621354
2012-09-14,43.5982,3.7750158650990944,0.023631205633761088
2012-09-17,43.6324,3.7757999936446356,0.0007841285455412184
2012-09-18,44.0128,3.7844805007033253,0.008680507058689724
2012-09-19,44.6917,3.799787802051804,0.015307301348478575
2012-09-20,44.1161,3.7868247951926235,-0.012963006859180393
2012-09-21,44.1855,3.788396680963427,0.0015718857708035827
2012-09-24,42.7644,3.755705980769467,-0.032690700193960254
2012-09-25,42.2085,3.7426216225602666,-0.013084358209200175
2012-09-26,42.3342,3.745595270021869,0.0029736474616024466
2012-09-27,43.9435,3.782904717857984,0.037309447836114895
2012-09-28,44.0284,3.7848348802475216,0.001930162389537582
2012-10-01,44.7452,3.800984176397991,0.01614929615046945
2012-10-02,44.5161,3.7958509214919784,-0.005133254906012574
2012-10-03,44.5668,3.7969891872079375,0.001138265715959097
2012-10-04,45.667,3.8213759364034487,0.024386749195511204
2012-10-05,45.467,3.816986788092677,-0.004389148310771862
2012-10-08,45.0934,3.8087358943362615,-0.008250893756415412
2012-10-09,44.1758,3.7881771278323852,-0.020558766503876225
2012-10-10,44.0128,3.7844805007033253,-0.0036966271290599373
2012-10-11,44.6819,3.7995684979163706,0.015087997213045323
2012-10-12,43.7075,3.777519712089667,-0.022048785826703554
2012-10-15,43.4627,3.771903098991497,-0.005616613098170298
2012-10-16,44.1338,3.7872259287970205,0.015322829805523686
2012-10-17,45.0155,3.807006874907395,0.019780946110374398
2012-10-18,44.718,3.800376105127612,-0.006630769779782941
2012-10-19,44.7014,3.8000048210395794,-0.00037128408803255297
2012-10-22,45.5109,3.817951857706445,0.01794703666686548
2012-10-23,44.6234,3.7982583851152842,-0.01969347259116061
2012-10-24,43.8285,3.7802842907102536,-0.017974094405030616
2012-10-25,47.8302,3.867657239159524,0.08737294844927046
2012-10-26,47.2138,3.8546862227402436,-0.012971016419280446
2012-10-31,47.9444,3.8700420061879925,0.015355783447748905
2012-11-01,47.7834,3.866678298846902,-0.0033637073410903717
2012-11-02,44.9024,3.804491245435508,-0.06218705341139419
2012-11-05,45.824,3.8248079713381804,0.020316725902672417
2012-11-06,46.6189,3.842006038305649,0.017198066967468506
2012-11-07,47.3474,3.8575119078815923,0.015505869575943354
2012-11-08,47.881,3.8687187660188735,0.011206858137281284
2012-11-09,47.2051,3.854501937601895,-0.014216828416978355
2012-11-12,47.3289,3.8571211025747636,0.002619164972868404
2012-11-13,46.8247,3.8464108414756724,-0.010710261099091234
2012-11-14,46.1264,3.8313854542035926,-0.015025387272079804
2012-11-15,43.8187,3.7800606669084473,-0.051324787295145224
2012-11-16,44.2507,3.789871190537856,0.009810523629408596
2012-11-19,47.0353,3.8508983836325523,0.0610271930946964
2012-11-20,46.218,3.833369332598884,-0.01752905103366853
2012-11-21,46.932,3.8486997455613774,0.0153304129624936
2012-11-23,47.9347,3.8698396680343574,0.02113992247298002
2012-11-26,48.6573,3.884801848762892,0.014962180728534502
2012-11-27,46.9661,3.8494260648692036,-0.03537578389368834
2012-11-28,47.4694,3.8600852929215184,0.010659228052314784
2012-11-29,47.9882,3.8709551473525905,0.010869854431072135
2012-11-30,47.5269,3.8612958665337986,-0.00965928081879186
2012-12-03,46.9388,3.848844625545609,-0.012451240988189838
2012-12-04,46.0367,3.829438904481997,-0.019405721063611825
2012-12-05,44.6302,3.798410759921749,-0.031028144560247828
2012-12-06,45.1939,3.8109621219786263,0.012551362056877124
2012-12-07,45.7138,3.822400221682013,0.01143809970338694
2012-12-10,46.1965,3.8329040376421855,0.010503815960172247
2012-12-11,45.7138,3.822400221682013,-0.010503815960172247
2012-12-12,46.2492,3.834044166511537,0.0116439448295238
2012-12-13,45.4407,3.8164081792238185,-0.017635987287718535
2012-12-14,45.5284,3.8183363070643717,0.0019281278405531843
2012-12-17,45.3031,3.813375462818662,-0.004960844245709861
2012-12-18,44.3141,3.791302910833727,-0.02207255198493474
2012-12-19,43.8138,3.7799488362518963,-0.011354074581830798
2012-12-20,43.3028,3.7682172980447657,-0.011731538207130576
2012-12-21,43.4481,3.77156712233181,0.003349824287044445
2012-12-24,43.3857,3.7701298937240275,-0.0014372286077826146
2012-12-26,42.9448,3.759915570087772,-0.010214323636255518
2012-12-27,43.3115,3.7684181886605015,0.008502618572729492
2012-12-28,43.1682,3.76510411307614,-0.0033140755843614755
2012-12-31,44.6809,3.7995461172389513,0.03444200416281129
2013-01-02,45.4232,3.816022987740372,0.01647687050142066
2013-01-03,43.8997,3.781907486344792,-0.03411550139558006
2013-01-04,43.492,3.772577013135503,-0.009330473209288925
2013-01-07,42.2562,3.7437510885992364,-0.028825924536266534
2013-01-08,42.4747,3.7489086045548303,0.005157515955593883
2013-01-09,42.4835,3.7491157652534204,0.0002071606985900587
2013-01-10,43.175,3.765261624032742,0.01614585877932173
2013-01-11,43.3271,3.7687783052867765,0.0035166812540343706
2013-01-14,43.1935,3.7656900209664146,-0.0030882843203619004
2013-01-15,43.4657,3.7719721213133433,0.006282100346928665
2013-01-16,43.3535,3.7693874381450234,-0.0025846831683198346
2013-01-17,43.0911,3.7633164792666385,-0.0060709588783849355
2013-01-18,43.0726,3.762887064088686,-0.00042941517795247464
2013-01-22,43.1682,3.76510411307614,0.0022170489874540067
2013-01-23,42.0144,3.738012416664146,-0.027091696411993826
2013-01-24,40.5075,3.701487142153019,-0.036525274511127304
2013-01-25,39.0767,3.6655263814392334,-0.03596076071378551
2013-01-28,39.0279,3.6642767749794305,-0.0012496064598028767
2013-01-29,39.3849,3.67338249411436,0.009105719134929302
2013-01-30,39.7341,3.682209761079001,0.0088272669646412
2013-01-31,39.0376,3.6645252842453653,-0.01768447683363572
2013-02-01,39.4014,3.67380134866753,0.009276064422164776
2013-02-04,39.1976,3.668615520432325,-0.005185828235204859
2013-02-05,39.0026,3.6636283105741896,-0.004987209858135611
2013-02-06,38.8231,3.6590154302970257,-0.004612880277163889
2013-02-07,38.8924,3.660798858786016,0.0017834284889901575
2013-02-08,38.7285,3.656575763109723,-0.004223095676292754
2013-02-11,37.6391,3.6280434036980505,-0.028532359411672648
2013-02-12,38.0741,3.6395342609444015,0.011490857246351016
2013-02-13,37.5619,3.6259902387901466,-0.013544022154254876
2013-02-14,37.1884,3.615996884693665,-0.00999335409648161
2013-02-15,35.0418,3.5565416346118184,-0.0594552500818466
2013-02-19,34.7082,3.5469759702749037,-0.009565664336914637
2013-02-20,32.8609,3.492283501156755,-0.054692469118148956
2013-02-21,34.3336,3.5361244665216542,0.043840965364899454
2013-02-22,34.2322,3.533166721584011,-0.0029577449376434473
2013-02-25,34.7432,3.547983869409059,0.01481714782504806
2013-02-26,35.7059,3.5753159412370974,0.02733207182803854
2013-02-27,35.3879,3.566369953800486,-0.008945987436611347
2013-02-28,34.2858,3.534731274283553,-0.031638679516933
2013-03-01,34.3277,3.5359526084294095,0.0012213341458564564
2013-03-04,33.5563,3.513224625223021,-0.02272798320638847
2013-03-05,33.0267,3.4973163252379655,-0.015908299985055496
2013-03-06,34.4965,3.540857869615626,0.04354154437766056
2013-03-07,33.7357,3.518556623827058,-0.02230124578856829
2013-03-08,33.5816,3.5139782979234653,-0.004578325903592528
2013-03-11,33.3661,3.5075404144918694,-0.006437883431595903
2013-03-12,34.4965,3.540857869615626,0.03331745512375672
2013-03-13,33.5563,3.513224625223021,-0.02763324439260506
2013-03-14,34.0781,3.5286549492332515,0.015430324010230478
2013-03-15,33.9884,3.52601928993164,-0.0026356593016116925
2013-03-18,34.12,3.5298837226234783,0.0038644326918384486
2013-03-19,34.5569,3.5426072408385783,0.012723518215099983
2013-03-20,34.7628,3.5485478495120577,0.005940608673479453
2013-03-21,35.2788,3.5632822169546725,0.014734367442614804
2013-03-22,35.1402,3.55934577426239,-0.003936442692282327
2013-03-25,34.4965,3.540857869615626,-0.018487904646764086
2013-03-26,34.3775,3.5374022806149625,-0.0034555890006635614
2013-03-27,34.7374,3.5478169163311213,0.010414635716158749
2013-03-28,35.1402,3.55934577426239,0.011528857931268899
2013-04-01,34.712,3.5470854484960497,-0.012260325766340507
2013-04-02,33.2764,3.5048484370249557,-0.04223701147109393
2013-04-03,31.4837,3.449469951585333,-0.05537848543962287
2013-04-04,32.2113,3.472317322665263,0.022847371079929957
2013-04-05,32.5771,3.4836095875485285,0.011292264883265624
2013-04-08,32.3391,3.4762770244481747,-0.007332563100353795
2013-04-09,33.7357,3.518556623827058,0.04227959937888315
2013-04-10,33.0949,3.4993791919618493,-0.019177431865208483
2013-04-11,33.1711,3.501679014905329,0.0022998229434798567
2013-04-12,30.5211,3.4184182477064726,-0.08326076719885656
2013-04-15,27.7413,3.3229222775232943,-0.09549597018317835
2013-04-16,27.9062,3.3288488863618415,0.0059266088385472315
2013-04-17,26.5592,3.279376203672675,-0.049472682689166714
2013-04-18,27.6643,3.3201427733008737,0.04076656962819891
2013-04-19,27.6565,3.319860781715369,-0.0002819915855045707
2013-04-22,28.0759,3.3349115571008974,0.015050775385528237
2013-04-23,27.4253,3.3114659450258035,-0.02344561207509388
2013-04-24,28.4669,3.348742008814133,0.037276063788329594
2013-04-25,28.2212,3.340073468553899,-0.008668540260234003
2013-04-26,26.5183,3.277835060698902,-0.062238407854997124
2013-04-29,26.4325,3.2745943136245446,-0.0032407470743573974
2013-04-30,27.6477,3.3195425418683313,0.04494822824378675
2013-05-01,27.0049,3.2960183310200386,-0.023524210848292704
2013-05-02,27.3912,3.310221793925363,0.014203462905324482
2013-05-03,26.9796,3.29508102487282,-0.015140769052543135
2013-05-06,26.7328,3.2858912758806644,-0.009189748992155522
2013-05-07,25.9292,3.255369746779992,-0.030521529100672407
2013-05-08,27.3123,3.307337150174536,0.051967403394543865
2013-05-09,26.8265,3.289390204940362,-0.01794694523417384
2013-05-10,26.6353,3.282237403680789,-0.007152801259572961
2013-05-13,26.0102,3.2584887687812474,-0.02374863489954171
2013-05-14,25.8249,3.251339142781361,-0.007149625999886222
2013-05-15,24.4292,3.195779138110462,-0.055560004670899055
2013-05-16,25.1285,3.224002660159998,0.02822352204953571
2013-05-17,23.9073,3.1741838516309127,-0.04981880852908516
2013-05-20,25.4562,3.2369593282584708,0.06277547662755811
2013-05-21,24.5218,3.1995625178353317,-0.037396810423139026
2013-05-22,25.0631,3.221396644929853,0.02183412709452126
2013-05-23,25.106,3.2231068613960168,0.0017102164661637609
2013-05-24,24.6759,3.205827058818513,-0.017279802577503833
2013-05-28,24.4886,3.1982077031397456,-0.00761935567876737
2013-05-29,26.3301,3.270712771450113,0.07250506831036763
2013-05-30,27.2089,3.3035441256641342,0.03283135421402106
2013-05-31,27.6029,3.317920839667148,0.014376714003013547
2013-06-03,28.4007,3.34641379275073,0.02849295308358224
2013-06-04,27.8389,3.3264343231913664,-0.019979469559363583
2013-06-05,28.2272,3.3402860520823108,0.013851728890944326
2013-06-06,28.6991,3.356865763388858,0.016579711306547118
2013-06-07,26.7952,3.288222766998077,-0.06864299639078109
2013-06-10,26.7816,3.287715084557464,-0.0005076824406127223
2013-06-11,26.0452,3.259833490184757,-0.027881594372706875
2013-06-12,26.5612,3.2794515043105066,0.019618014125749372
2013-06-13,26.7445,3.286328844725265,0.006877340414758404
2013-06-14,25.9418,3.2558555673829424,-0.030473277342322636
2013-06-17,26.3565,3.2717149238839194,0.01585935650097703
2013-06-18,25.4581,3.237033963478866,-0.03468096040505353
2013-06-19,24.8543,3.2130307758026264,-0.024003187676239435
2013-06-20,22.8296,3.128057939582256,-0.08497283622037033
2013-06-21,23.1826,3.1434019972815603,0.015344057699304248
2013-06-24,22.5419,3.1153757996464413,-0.028026197635119043
2013-06-25,22.6481,3.120075963200769,0.004700163554327563
2013-06-26,21.6913,3.076911258496852,-0.04316470470391698
2013-06-27,21.8952,3.086267434717237,0.009356176220385315
2013-06-28,23.7484,3.1675151597902436,0.08124772507300637
2013-07-01,24.5169,3.1993626756691933,0.03184751587894974
2013-07-02,23.2948,3.148230159698528,-0.05113251597066526
2013-07-03,24.0332,3.1794362077571963,0.031206048058668223
2013-07-05,22.9739,3.1343587889671563,-0.045077418790040014
2013-07-08,23.7385,3.167098202686561,0.03273941371940481
2013-07-09,23.5612,3.159601291272383,-0.007496911414178076
2013-07-10,23.3865,3.1521589328025788,-0.007442358469804233
2013-07-11,25.147,3.2247386051365763,0.07257967233399754
2013-07-12,24.4915,3.1983261185779903,-0.026412486558585968
2013-07-15,24.3989,3.1945380493157205,-0.003788069262269822
2013-07-16,25.0446,3.2206582354302915,0.02612018611457101
2013-07-17,24.1482,3.1842098431592825,-0.036448392271009045
2013-07-18,23.3524,3.150699762558931,-0.03351008060035143
2013-07-19,24.4155,3.1952181765175256,0.04451841395859457
2013-07-22,25.7332,3.2477819870020475,0.052563810484521856
2013-07-23,26.0267,3.2591229341736123,0.011340947171564864
2013-07-24,24.2945,3.190249987279757,-0.06887294689385515
2013-07-25,24.2077,3.1866707643717227,-0.003579222908034474
2013-07-26,24.9509,3.216909893691232,0.030239129319509228
2013-07-29,25.0289,3.2200311572146894,0.0031212635234574293
2013-07-30,24.8378,3.2123666863153075,-0.007664470899381826
2013-07-31,24.5003,3.198685362373672,-0.013681323941635348
2013-08-01,23.7073,3.165783017591263,-0.032902344782409276
2013-08-02,22.9145,3.1317698979543223,-0.03401311963694065
2013-08-05,22.811,3.1272428757562016,-0.004527022198120623
2013-08-06,21.9312,3.0879102804949796,-0.039332595261222014
2013-08-07,22.1205,3.0965047803769683,0.008594499881988682
2013-08-08,23.6986,3.1654159746663244,0.0689111942893561
2013-08-09,23.8126,3.1702148523531677,0.004798877686843284
2013-08-12,25.2338,3.2281843656597626,0.057969513306594944
2013-08-13,24.6905,3.2064185542658485,-0.021765811393914092
2013-08-14,25.7662,3.2490635555064045,0.042645001240555924
2013-08-15,27.2166,3.303827081265879,0.05476352575947452
2013-08-16,26.7368,3.2860408936076517,-0.01778618765822726
2013-08-19,26.7085,3.2849818668028643,-0.0010590268047874218
2013-08-20,27.7268,3.3223994544833744,0.03741758768051007
2013-08-21,26.5525,3.2791239052135577,-0.04327554926981669
2013-08-22,27.0791,3.2987622126321092,0.01963830741855155
2013-08-23,28.0808,3.3350860687802673,0.03632385614815803
2013-08-26,28.3558,3.3448315947869127,0.009745526006645466
2013-08-27,26.8831,3.29149783638621,-0.053333758400702536
2013-08-28,26.4968,3.2770239709837576,-0.014473865402452546
2013-08-29,26.4783,3.276325529612168,-0.0006984413715898086
2013-08-30,26.1008,3.2619659651999013,-0.01435956441226649
2013-09-03,26.2735,3.26856082664625,0.006594861446348688
2013-09-04,26.6032,3.281031509303978,0.012470682657728105
2013-09-05,25.0689,3.221628034063575,-0.059403475240403125
2013-09-06,25.8609,3.2527321755223313,0.031104141458756285
2013-09-09,25.303,3.2309229657788676,-0.021809209743463676
2013-09-10,24.3442,3.192293628137656,-0.03862933764121168
2013-09-11,24.3297,3.1916978262631837,-0.0005958018744722793
2013-09-12,22.9573,3.13363596871762,-0.05806185754556381
2013-09-13,23.3904,3.1523256817752143,0.01868971305759448
2013-09-16,23.2022,3.1442471017626197,-0.00807858001259465
2013-09-17,23.721,3.1663607317568996,0.022113629994279904
2013-09-18,25.5722,3.241505823928174,0.07514509217127463
2013-09-19,24.949,3.216833741233976,-0.024672082694198405
2013-09-20,23.2978,3.1483589355128907,-0.06847480572108511
2013-09-23,22.89,3.1307001339644756,-0.01765880154841515
2013-09-24,22.8628,3.1295111355554415,-0.001188998409034081
2013-09-25,23.4967,3.15685998575761,0.027348850202168595
2013-09-26,22.8296,3.128057939582256,-0.02880204617535398
2013-09-27,22.8461,3.1287804244360284,0.0007224848537723538
2013-09-30,22.9925,3.1351680757947156,0.00638765135868713
2013-10-01,22.3849,3.108386624405756,-0.02678145138895971
2013-10-02,22.5749,3.1168386696143897,0.008452045208633852
2013-10-03,22.297,3.1044521402682337,-0.012386529346156028
2013-10-04,22.063,3.0939019973262343,-0.010550142941999407
2013-10-07,22.6882,3.121844965543585,0.02794296821735065
2013-10-08,21.7713,3.080592588667984,-0.041252376875601016
2013-10-09,21.6533,3.075157867775261,-0.005434720892723011
2013-10-10,21.5832,3.0719152342862786,-0.0032426334889823494
2013-10-11,21.274,3.057485669829473,-0.014429564456805544
2013-10-14,20.9882,3.0439603750338744,-0.013525294795598608
2013-10-15,21.5412,3.0699673804828875,0.026007005449013132
2013-10-16,20.8915,3.039342377681881,-0.030625002801006662
2013-10-17,22.1663,3.0985731175035056,0.059230739821624745
2013-10-18,21.6913,3.076911258496852,-0.02166185900665374
2013-10-21,22.0133,3.0916468161488733,0.014735557652021392
2013-10-22,23.1222,3.140793194986502,0.049146378837628735
2013-10-23,22.4619,3.1118205405676185,-0.028972654418883526
2013-10-24,26.5144,3.277687981632325,0.16586744106470652
2013-10-25,26.8079,3.28869662019827,0.011008638565944917
2013-10-28,27.2409,3.3047195203830917,0.016022900184821776
2013-10-29,26.1008,3.2619659651999013,-0.04275355518319035
2013-10-30,26.3018,3.269637377906375,0.007671412706473646
2013-10-31,25.6483,3.244477292617255,-0.025160085289119838
2013-11-01,25.105,3.223067029486669,-0.021410263130586138
2013-11-04,25.6083,3.2429165176879753,0.019849488201306276
2013-11-05,25.1714,3.2257084293723417,-0.017208088315633585
2013-11-06,25.2426,3.2285330434612365,0.0028246140888947835
2013-11-07,24.7462,3.208671941873405,-0.01986110158783161
2013-11-08,25.4591,3.2370732429365,0.02840130106309502
2013-11-11,25.0095,3.219255752686486,-0.01781749025001389
2013-11-12,24.3053,3.1906944335605147,-0.028561319125971263
2013-11-13,24.4086,3.194935529216462,0.0042410956559471025
2013-11-14,25.5575,3.240930815649032,0.045995286432570115
2013-11-15,24.8076,3.211150057837135,-0.02978075781189693
2013-11-18,23.9375,3.175446266940865,-0.03570379089627007
2013-11-19,24.2086,3.1867079419338293,0.011261674992964377
2013-11-20,23.488,3.156489652432105,-0.03021828950172445
2013-11-21,22.9749,3.134402315675151,-0.022087336756953846
2013-11-22,22.7575,3.124894761397307,-0.009507554277844221
2013-11-25,23.0695,3.1385113987821787,0.013616637384871844
2013-11-26,23.0266,3.136650069412199,-0.0018613293699796252
2013-11-27,23.6499,3.163358886599193,0.026708817186993805
2013-11-29,24.1238,3.183198905055286,0.019840018456092956
2013-12-02,22.416,3.1097749895946514,-0.07342391546063443
2013-12-03,22.4063,3.1093421693176273,-0.0004328202770240708
2013-12-04,23.1065,3.1401139632277197,0.030771793910092438
2013-12-05,22.3976,3.1089538102636456,-0.03116015296407415
2013-12-06,22.2912,3.1041919817494903,-0.004761828514155297
2013-12-09,22.7105,3.1228273726078193,0.018635390858328993
2013-12-10,23.998,3.177970493542197,0.05514312093437779
2013-12-11,23.2139,3.1447512371918265,-0.033219256350370596
2013-12-12,22.9379,3.132790564354835,-0.011960672836991648
2013-12-13,23.0978,3.1397373748970745,0.0069468105422396675
2013-12-16,23.0608,3.1381342063467015,-0.001603168550373013
2013-12-17,22.7809,3.1259224655792517,-0.012211740767449797
2013-12-18,22.4668,3.112038663950642,-0.013883801628609582
2013-12-19,22.0133,3.0916468161488733,-0.020391847801768836
2013-12-20,22.064,3.093947321050946,0.0023005049020725643
2013-12-23,22.2658,3.103051868961315,0.009104547910369298
2013-12-24,23.2821,3.147684824980471,0.044632956019155845
2013-12-26,23.2139,3.1447512371918265,-0.0029335877886444983
2013-12-27,23.3505,3.150618397161877,0.005867159970050384
2013-12-30,22.7105,3.1228273726078193,-0.027791024554057575
2013-12-31,23.1065,3.1401139632277197,0.017286590619900455
2014-01-02,24.1668,3.1849797904186787,0.044865827190958996
2014-01-03,23.7425,3.1672666911349707,-0.01771309928370801
2014-01-06,23.9736,3.1769532249039125,0.009686533768941796
2014-01-07,23.9132,3.174430607730491,-0.002522617173421615
2014-01-08,23.4645,3.1554886406877976,-0.018941967042693353
2014-01-09,22.7729,3.1255712325281237,-0.02991740815967381
2014-01-10,23.8781,3.1729617208698673,0.04739048834174353
2014-01-13,25.0689,3.221628034063575,0.04866631319370773
2014-01-14,24.3375,3.192018370698318,-0.029609663365257166
2014-01-15,25.1616,3.22531902281506,0.03330065211674205
2014-01-16,24.9285,3.2160117272535507,-0.009307295561509221
2014-01-17,25.7156,3.24709781163988,0.031086084386329205
2014-01-21,26.0921,3.2616325865188704,0.014534774878990575
2014-01-22,25.026,3.2199152844428633,-0.0417173020760071
2014-01-23,26.8129,3.288883114991876,0.06896783054901245
2014-01-24,27.083,3.298906224773689,0.01002310978181331
2014-01-27,26.3818,3.2726743784716033,-0.02623184630208586
2014-01-28,26.8041,3.2885548608904145,0.015880482418811237
2014-01-29,27.6956,3.3212735558107838,0.03271869492036927
2014-01-30,26.8362,3.289751722348381,-0.03152183346240278
2014-01-31,27.2215,3.3040071022443196,0.014255379895938614
2014-02-03,27.757,3.3234880606344457,0.01948095839012609
2014-02-04,27.3708,3.309476751708364,-0.0140113089260816
2014-02-05,27.3093,3.3072273035203548,-0.0022494481880093176
2014-02-06,27.3708,3.309476751708364,0.0022494481880093176
2014-02-07,28.3002,3.342868871762029,0.033392120053664875
2014-02-10,29.7446,3.39264760291119,0.04977873114916109
2014-02-11,29.8432,3.39595700819181,0.003309405280619959
2014-02-12,28.8005,3.360392748102309,-0.035564260089500976
2014-02-13,29.3166,3.378153908493543,0.017761160391233766
2014-02-14,29.5369,3.3856403291454753,0.007486420651932502
2014-02-18,29.5009,3.3844207713549763,-0.0012195577904989818
2014-02-19,28.309,3.343179775292582,-0.04124099606239451
2014-02-20,29.9456,3.3993824022497052,0.056202626957123414
2014-02-21,30.0255,3.4020470206167333,0.0026646183670280266
2014-02-24,30.0442,3.4026696307048168,0.0006226100880835084
2014-02-25,29.4209,3.3817053061397813,-0.020964324565035497
2014-02-26,28.8971,3.363741244062626,-0.017964062077155063
2014-02-27,28.8005,3.360392748102309,-0.003348495960317166
2014-02-28,28.2036,3.339449629370746,-0.02094311873156318
2014-03-03,28.5625,3.3520946686544235,0.012645039283677662
2014-03-04,28.5079,3.350181241846184,-0.0019134268082394712
2014-03-05,28.6075,3.353668921209733,0.003487679363548768
2014-03-06,29.1156,3.3712741130107973,0.017605191801064457
2014-03-07,28.4309,3.347476581862514,-0.023797531148283202
2014-03-10,28.3246,3.343730685013827,-0.0037458968486872024
2014-03-11,28.5996,3.3533927317140155,0.009662046700188665
2014-03-12,29.9144,3.398339969813176,0.04494723809916046
2014-03-13,30.5903,3.4206829652412343,0.022342995428058288
2014-03-14,30.3982,3.414383396132848,-0.006299569108386471
2014-03-17,29.5975,3.387689898303654,-0.026693497829193724
2014-03-18,29.1955,3.374014587809092,-0.013675310494562165
2014-03-19,28.2378,3.340661505907672,-0.033353081901419834
2014-03-20,28.5001,3.349907596040379,0.009246090132706719
2014-03-21,28.4162,3.3469594050732794,-0.0029481909670994177
2014-03-24,27.0693,3.2984002444074894,-0.048559160665790024
2014-03-25,27.2976,3.3067987862385078,0.008398541831018402
2014-03-26,26.4091,3.273708647727615,-0.0330901385108926
2014-03-27,26.9181,3.292798922790878,0.019090275063262663
2014-03-28,27.4761,3.313316535884974,0.020517613094096276
2014-03-31,26.5592,3.279376203672675,-0.03394033221229931
2014-04-01,26.5026,3.2772428413869377,-0.002133362285737128
2014-04-02,26.8928,3.2918585927884347,0.014615751401497068
2014-04-03,26.7378,3.2860782945419316,-0.005780298246503168
2014-04-04,27.1328,3.3007433281275467,0.014665033585615106
2014-04-07,27.2615,3.3054754504331796,0.004732122305632913
2014-04-08,28.0183,3.3328578681189827,0.027382417685803073
2014-04-09,27.5688,3.316684698517167,-0.016173169601815474
2014-04-10,27.4858,3.313669507674549,-0.003015190842618143
2014-04-11,27.2176,3.3038638228731814,-0.009805684801367676
2014-04-14,27.7365,3.3227492353330135,0.018885412459832107
2014-04-15,26.7738,3.287423797402288,-0.03532543793072529
2014-04-16,24.4789,3.1978115219940113,-0.08961227540827688
2014-04-17,24.9275,3.215971611720811,0.018160089726799722
2014-04-21,23.9522,3.1760601776758115,-0.03991143404499953
2014-04-22,24.1219,3.1831201415592236,0.007059963883412124
2014-04-23,25.0075,3.2191757798771987,0.03605563831797509
2014-04-24,24.8397,3.212443179697661,-0.0067326001795375845
2014-04-25,25.5068,3.2389450832818114,0.026501903584150277
2014-04-28,25.3742,3.233732909771366,-0.005212173510445339
2014-04-29,26.0239,3.259015346556843,0.025282436785476925
2014-04-30,25.9555,3.256383533204603,-0.0026318133522398313
2014-05-01,25.9809,3.257361652674765,0.0009781194701616869
2014-05-02,28.3695,3.3453146244144816,0.08795297173971672
2014-05-05,28.1208,3.3365095160399183,-0.008805108374563275
2014-05-06,28.5079,3.350181241846184,0.013671725806265744
2014-05-07,28.2125,3.339765142143654,-0.01041609970252999
2014-05-08,28.4309,3.347476581862514,0.007711439718860014
2014-05-09,28.547,3.3515518517717475,0.004075269909233459
2014-05-12,29.3253,3.378450624666239,0.026898772894491607
2014-05-13,28.8182,3.3610071319935377,-0.0174434926727014
2014-05-14,29.1078,3.371006179497926,0.00999904750438807
2014-05-15,28.7742,3.3594791523100844,-0.011527027187841377
2014-05-16,28.4378,3.3477192461060734,-0.011759906204011017
2014-05-19,28.5372,3.351208499317083,0.0034892532110095686
2014-05-20,28.1852,3.3387970174813972,-0.012411481835685745
2014-05-21,28.2553,3.3412810506152475,0.002484033133850261
2014-05-22,28.4065,3.346617992219113,0.0053369416038653306
2014-05-23,28.1754,3.3384492568082047,-0.008168735410908123
2014-05-27,26.5338,3.27841939196726,-0.06002986484094475
2014-05-28,26.1828,3.265102706634468,-0.013316685332791955
2014-05-29,26.1925,3.265473110244983,0.00037040361051499104
2014-05-30,26.6206,3.281685352156983,0.016212241912000103
2014-06-02,26.7924,3.2881182652102545,0.006432913053271427
2014-06-03,26.8333,3.2896436535196116,0.001525388309357112
2014-06-04,26.7388,3.286115694077434,-0.003527959442177764
2014-06-05,27.0449,3.297498447775419,0.011382753697985137
2014-06-06,27.0284,3.2968881650476365,-0.0006102827277825185
2014-06-09,27.0284,3.2968881650476365,0.0
2014-06-10,27.7404,3.3228898343933944,0.026001669345757872
2014-06-11,28.1081,3.3360577910296136,0.01316795663621928
2014-06-12,29.0346,3.368488222252451,0.032430431222837175
2014-06-13,29.3087,3.377884400276175,0.009396178023724389
2014-06-16,29.4579,3.3829621253980005,0.0050777251218252495
2014-06-17,29.8979,3.3977882438163975,0.014826118418397094
2014-06-18,31.0605,3.435936915466052,0.03814867164965463
2014-06-19,32.6697,3.4864480428343616,0.05051112736830943
2014-06-20,32.8395,3.4916320591333636,0.005184016299002003
2014-06-23,33.2238,3.503266486565571,0.011634427432207328
2014-06-24,32.3625,3.477000345077656,-0.02626614148791484
2014-06-25,32.9409,3.4947150467806156,0.017714701702959523
2014-06-26,32.8218,3.4910929287649815,-0.003622118015634168
2014-06-27,33.1301,3.5004422347195643,0.009349305954582832
2014-06-30,33.7192,3.5180674080598093,0.01762517334024505
2014-07-01,33.4198,3.509148538708886,-0.00891886935092323
2014-07-02,34.1736,3.5314534161527575,0.02230487744387144
2014-07-03,33.7094,3.5177767302148295,-0.013676685937928035
2014-07-07,33.527,3.5123510843607444,-0.005425645854085115
2014-07-08,34.2849,3.5347050240046425,0.02235393964389809
2014-07-09,35.5606,3.571238283394247,0.03653325938960439
2014-07-10,34.9422,3.553695267806692,-0.017543015587554667
2014-07-11,35.9546,3.582257031475191,0.02856176366849894
2014-07-14,35.5771,3.571702172451551,-0.010554859023640173
2014-07-15,34.7042,3.546860717092348,-0.024841455359203124
2014-07-16,35.3041,3.5639991045034565,0.017138387411108624
2014-07-17,36.653,3.601495280371504,0.037496175868047654
2014-07-18,36.7544,3.60425794638319,0.0027626660116859547
2014-07-21,36.5554,3.5988289181009496,-0.005429028282240456
2014-07-22,36.1936,3.588882307621434,-0.009946610479515616
2014-07-23,36.2462,3.5903345482196816,0.0014522405982475561
2014-07-24,35.8755,3.580054611264892,-0.01027993695478946
2014-07-25,36.8158,3.605927100857568,0.02587248959267585
2014-07-28,37.0811,3.6131074058455575,0.007180304987989494
2014-07-29,36.3779,3.5939614473996913,-0.019145958445866196
2014-07-30,35.8835,3.5802775798133153,-0.013683867586375964
2014-07-31,32.7438,3.4887136311821982,-0.09156394863111705
2014-08-01,33.1222,3.5002037524317813,0.01149012124958304
2014-08-04,32.6989,3.4873414381936683,-0.012862314238113015
2014-08-05,33.1047,3.4996752662605335,0.012333828066865227
2014-08-06,34.2565,3.533876327723992,0.03420106146345869
2014-08-07,34.0439,3.5276508682352388,-0.006225459488753415
2014-08-08,33.8782,3.5227717396829825,-0.004879128552256251
2014-08-11,34.1824,3.5317108917232596,0.008939152040277065
2014-08-12,35.3392,3.564992829397067,0.033281937673807604
2014-08-13,35.3119,3.564220017611866,-0.0007728117852012772
2014-08-14,35.1451,3.5594852059787785,-0.004734811633087421
2014-08-15,34.7482,3.548127772108058,-0.011357433870720524
2014-08-18,34.8982,3.5524352519470654,0.0043074798390074776
2014-08-19,34.5638,3.542806891595093,-0.009628360351972454
2014-08-20,34.2565,3.533876327723992,-0.008930563871100805
2014-08-21,32.9409,3.4947150467806156,-0.039161280943376564
2014-08-22,32.8735,3.4926668620805423,-0.0020481847000732856
2014-08-25,32.1176,3.4694041664861506,-0.023262695594391758
2014-08-26,32.8823,3.492934519079698,0.0235303525935473
2014-08-27,32.7175,3.487910102947499,-0.005024416132199061
2014-08-28,33.2919,3.5053141241547188,0.017404021207219955
2014-08-29,33.7718,3.5196261347241014,0.014312010569382583
2014-09-02,32.581,3.4837292963799604,-0.035896838344140924
2014-09-03,32.0923,3.468616125971859,-0.01511317040810134
2014-09-04,30.801,3.427547156984937,-0.04106896898692192
2014-09-05,30.8292,3.428462292810168,0.0009151358252306174
2014-09-08,29.8402,3.3958564777259674,-0.03260581508420035
2014-09-09,30.3358,3.4123285332238744,0.01647205549790698
2014-09-10,30.0432,3.4026363458564095,-0.00969218736746491
2014-09-11,30.3679,3.413386129482159,0.010749783625749298
2014-09-12,29.9808,3.4005571767747322,-0.012828952707426566
2014-09-15,30.1992,3.407815433963731,0.007258257188998751
2014-09-16,30.6956,3.424119321845934,0.01630388788220305
2014-09-17,29.8832,3.3972964495772056,-0.02682287226872848
2014-09-18,28.6562,3.3553698246351504,-0.041926624942055124
2014-09-19,27.4126,3.311002761708169,-0.04436706292698123
2014-09-22,26.5475,3.2789355812958636,-0.03206718041230561
2014-09-23,26.9805,3.295114382853998,0.01617880155813456
2014-09-24,26.4617,3.275698404544391,-0.019415978309607063
2014-09-25,26.6159,3.281508781570554,0.005810377026163049
2014-09-26,26.3739,3.272374884765367,-0.00913389680518728
2014-09-29,26.2052,3.265957864356278,-0.00641702040908898
2014-09-30,25.6132,3.243107843596625,-0.0228500207596527
2014-10-01,25.8161,3.2509983283089388,0.007890484712313572
2014-10-02,26.7251,3.2856031987188885,0.03460487040994975
2014-10-03,24.7471,3.2087083104323857,-0.07689488828650282
2014-10-06,25.2776,3.229918628063021,0.021210317630635522
2014-10-07,24.6769,3.2058675833682906,-0.024051044694730628
2014-10-08,27.0596,3.2980418406673864,0.09217425729909579
2014-10-09,26.0375,3.2595378065870904,-0.03850403408029601
2014-10-10,25.7878,3.2499015118730847,-0.009636294714005622
2014-10-13,26.4529,3.2753657931259497,0.02546428125286493
2014-10-14,26.5153,3.277721924875454,0.002356131749504442
2014-10-15,27.2009,3.3032500609898423,0.0255281361143882
2014-10-16,26.8753,3.291207649176221,-0.01204241181362109
2014-10-17,25.3401,3.2323881212151195,-0.05881952796110168
2014-10-20,26.7621,3.2869867075173222,0.05459858630220271
2014-10-21,26.7435,3.2862914531607976,-0.0006952543565246216
2014-10-22,25.4172,3.235426110205816,-0.050865342954981685
2014-10-23,25.7965,3.2502388238103403,0.014812713604524408
2014-10-24,25.7615,3.248881129354528,-0.0013576944558124637
2014-10-27,25.2865,3.230270656482074,-0.018610472872453876
2014-10-28,26.0179,3.2587847626790145,0.028514106196940503
2014-10-29,24.7725,3.209734166950917,-0.049050595728097335
2014-10-30,21.8348,3.083505027289438,-0.1262291396614792
2014-10-31,20.7326,3.0317073406765793,-0.05179768661285866
2014-11-03,21.1646,3.052329974668381,0.020622633991801642
2014-11-04,20.3015,3.010694774943506,-0.04163519972487517
2014-11-05,19.5963,2.9753407729059282,-0.03535400203757755
2014-11-06,20.3961,3.0153437061030317,0.04000293319710346
2014-11-07,21.7158,3.078040106201568,0.06269640009853639
2014-11-10,20.3015,3.010694774943506,-0.0673453312580623
2014-11-11,21.2281,3.0553257757139276,0.044631000770421814
2014-11-12,20.9639,3.0428019108464976,-0.012523864867429957
2014-11-13,20.6712,3.0287414271609365,-0.01406048368556112
2014-11-14,22.1536,3.0980000115015693,0.06925858434063281
2014-11-17,22.7096,3.122787742576176,0.024787731074606523
2014-11-18,23.7152,3.166116192774903,0.043328450198727
2014-11-19,22.9818,3.1347025983347785,-0.03141359444012437
2014-11-20,23.7395,3.167140327460147,0.03243772912536835
2014-11-21,23.5055,3.157234436319619,-0.009905891140527867
2014-11-24,22.8891,3.1306608147117982,-0.02657362160782073
2014-11-25,23.5728,3.160093504970953,0.029432690259154626
2014-11-26,22.9993,3.1354637806833936,-0.024629724287559274
2014-11-28,20.7863,3.0342941158533803,-0.10116966483001333
2014-12-01,22.219,3.100947778698301,0.0666536628449208
2014-12-02,21.4436,3.065426232554981,-0.03552154614332004
2014-12-03,22.3722,3.1078191166654934,0.04239288411051234
2014-12-04,21.47,3.0666566118906897,-0.041162504774803654
2014-12-05,20.9833,3.0437268832586337,-0.022929728632056
2014-12-08,21.1139,3.049931591362293,0.00620470810365914
2014-12-09,22.6989,3.122316465163443,0.07238487380115011
2014-12-10,22.0006,3.0910697257136945,-0.03124673944974843
2014-12-11,21.7099,3.0777683777073213,-0.013301348006373281
2014-12-12,21.4533,3.0658784796947662,-0.011889898012555022
2014-12-15,19.6471,2.9779297447266715,-0.08794873496809474
2014-12-16,19.293,2.959742335820836,-0.01818740890583559
2014-12-17,20.4703,3.0189750551593577,0.05923271933852181
2014-12-18,21.8923,3.0861349768238093,0.06715992166445162
2014-12-19,22.0533,3.0934622505588805,0.007327273735071138
2014-12-22,20.479,3.019399970854175,-0.07406227970470525
2014-12-23,20.3542,3.013287278799876,-0.006112692054299096
2014-12-24,20.9306,3.041212203032207,0.027924924232330728
2014-12-26,21.5469,3.0702319546940156,0.0290197516618087
2014-12-29,21.0867,3.0486425099858865,-0.02158944470812907
2014-12-30,22.1663,3.0985731175035056,0.04993060751761913
2014-12-31,22.0269,3.092264433708844,-0.00630868379466154
2015-01-02,23.8946,3.173652491986262,0.08138805827741802
2015-01-05,24.2916,3.190130611573395,0.016478119587132856
2015-01-06,25.6893,3.2460745627941567,0.05594395122076179
2015-01-07,25.1655,3.2254740088964278,-0.020600553897728968
2015-01-08,24.7852,3.2102467008367923,-0.015227308059635458
2015-01-09,26.3545,3.2716390383950857,0.06139233755829343
2015-01-12,27.2732,3.3059045350409435,0.03426549664585776
2015-01-13,26.3271,3.2705988269181883,-0.03530570812275524
2015-01-14,26.0443,3.2597989342761733,-0.010799892642014974
2015-01-15,27.7511,3.3232754790464534,0.06347654477028009
2015-01-16,28.9546,3.365729086042528,0.04245360699607481
2015-01-20,29.3273,3.378518822836509,0.012789736793980655
2015-01-21,28.9108,3.364215227731173,-0.014303595105335631
2015-01-22,29.574,3.386895596951296,0.02268036922012273
2015-01-23,28.8142,3.3608683211855053,-0.02602727576579067
2015-01-26,28.9449,3.365394022696878,0.0045257015113726595
2015-01-27,30.3309,3.412166994850742,0.04677297215386389
2015-01-28,29.1605,3.372815053769859,-0.03935194108088291
2015-01-29,28.8952,3.363675491358523,-0.009139562411335955
2015-01-30,29.8412,3.3958899890041914,0.032214497645668416
2015-02-02,30.6011,3.42103595602465,0.02514596702045857
2015-02-03,29.8842,3.3973299126356653,-0.023706043388984632
2015-02-04,30.1845,3.4073285475923956,0.009998634956730257
2015-02-05,30.5835,3.4204606478430017,0.013132100250606182
2015-02-06,27.9471,3.330313437509601,-0.0901472103334009
2015-02-09,28.3988,3.3463468907533285,0.016033453243727624
2015-02-10,27.8232,3.3258702050421642,-0.020476685711164233
2015-02-11,27.2293,3.304293599414365,-0.02157660562779906
2015-02-12,28.7703,3.359343605037766,0.0550500056234009
2015-02-13,28.861,3.362491202780076,0.0031475977423101043
2015-02-17,27.7258,3.3223633876443044,-0.040127815135771794
2015-02-18,28.2573,3.341351831290737,0.018988443646432707
2015-02-19,27.361,3.309118641794028,-0.03223318949670917
2015-02-20,26.8763,3.291244857370958,-0.01787378442306986
2015-02-23,27.2566,3.3052956936179863,0.014050836247028187
2015-02-24,27.0352,3.2971397206242483,-0.008155972993737937
2015-02-25,28.4251,3.3472725576603146,0.0501328370360663
2015-02-26,28.4846,3.349363590355265,0.0020910326949503677
2015-02-27,28.5216,3.350661694954261,0.0012981045989959306
2015-03-02,28.4085,3.346688396161763,-0.003973298792498081
2015-03-03,28.0789,3.3350184046011235,-0.011669991560639303
2015-03-04,27.3073,3.307154065713501,-0.02786433888762252
2015-03-05,27.7755,3.324154337163843,0.017000271450342108
2015-03-06,25.4249,3.235729008790212,-0.08842532837363093
2015-03-09,24.5285,3.1998357067879653,-0.03589330200224694
2015-03-10,24.3892,3.194140411361883,-0.005695295426082048
2015-03-11,25.3625,3.233271705151933,0.03913129379004987
2015-03-12,25.2659,3.229455660511942,-0.0038160446399908565
2015-03-13,25.1568,3.2251282377338746,-0.0043274227780676355
2015-03-16,25.2299,3.228029799109638,0.002901561375763251
2015-03-17,24.9285,3.2160117272535507,-0.012018071856087165
2015-03-18,25.9672,3.256834203150427,0.04082247589687649
2015-03-19,25.3372,3.2322736715501543,-0.024560531600272828
2015-03-20,26.3672,3.2721208134609747,0.039847141910820394
2015-03-23,26.9875,3.2953737958409257,0.023252982379950993
2015-03-24,26.8352,3.289714458554252,-0.005659337286673782
2015-03-25,26.7124,3.2851278770725125,-0.004586581481739405
2015-03-26,25.8531,3.2524305163948553,-0.03269736067765727
2015-03-27,25.5966,3.2424595301651555,-0.009970986229699719
2015-03-30,24.8407,3.2124834370224864,-0.029976093142669136
2015-03-31,24.7852,3.2102467008367923,-0.002236736185694088
2015-04-01,26.7855,3.287860696323152,0.0776139954863595
2015-04-02,26.3769,3.2724886271163167,-0.015372069206835093
2015-04-06,27.3863,3.310042888352342,0.037554261236025344
2015-04-07,26.3213,3.2703784973346313,-0.0396643910177108
2015-04-08,25.7088,3.2468333457427714,-0.02354515159185988
2015-04-09,25.543,3.240363306509624,-0.006470039233147595
2015-04-10,26.3495,3.271449299475269,0.031085992965645293
2015-04-13,25.7702,3.2492187855965167,-0.02223051387875241
2015-04-14,26.0286,3.259195933464783,0.0099771478682662
2015-04-15,26.9875,3.2953737958409257,0.036177862376142844
2015-04-16,26.6753,3.283738043610049,-0.011635752230876761
2015-04-17,26.8548,3.2904445759269723,0.006706532316923308
2015-04-20,26.7308,3.285816458621784,-0.004628117305188084
2015-04-21,27.1386,3.3009570686989003,0.01514061007711609
2015-04-22,25.8072,3.2506535227622892,-0.050303545936611016
2015-04-23,27.0928,3.299268009928939,0.048614487166649845
2015-04-24,26.4559,3.275479195811447,-0.02378881411749223
2015-04-27,26.7026,3.2847609389424006,0.009281743130953757
2015-04-28,28.4406,3.347817701758914,0.06305676281651351
2015-04-29,28.3002,3.342868871762029,-0.0049488299968851734
2015-04-30,26.8821,3.29146063760335,-0.05140823415867901
2015-05-01,28.1471,3.337444329740634,0.04598369213728404
2015-05-04,28.0086,3.3325116058736355,-0.004932723866998501
2015-05-05,28.2125,3.339765142143654,0.007253536270018568
2015-05-06,27.1902,3.3028566142627844,-0.036908527880869624
2015-05-07,27.8476,3.3267467867173837,0.023890172454599234
2015-05-08,28.111,3.3361609588143195,0.009414172096935847
2015-05-11,28.7343,3.3580915311270503,0.021930572312730767
2015-05-12,29.7096,3.391470225903573,0.03337869477652289
2015-05-13,30.2616,3.409879582044989,0.018409356141416033
2015-05-14,30.127,3.4054217796485915,-0.004457802396397703
2015-05-15,29.7369,3.39238869888076,-0.013033080767831606
2015-05-18,30.127,3.4054217796485915,0.013033080767831606
2015-05-19,28.8435,3.3618846642766145,-0.04353711537197702
2015-05-20,29.099,3.3707038093258137,0.008819145049199228
2015-05-21,28.9898,3.3669440439791005,-0.003759765346713184
2015-05-22,28.8786,3.3631008363953105,-0.003843207583789976
2015-05-26,27.5805,3.317109001279869,-0.04599183511544158
2015-05-27,27.8292,3.3260858291670266,0.00897682788715759
2015-05-28,28.5333,3.3510718262546053,0.02498599708757876
2015-05-29,28.6105,3.353773783316159,0.002701957061553628
2015-06-01,28.5508,3.3516849567251996,-0.002088826590959325
2015-06-02,28.9839,3.366740503407415,0.015055546682215315
2015-06-03,28.3188,3.3435258950464073,-0.023214608361007638
2015-06-04,28.1675,3.338168831056184,-0.0053570639902233985
2015-06-05,27.4215,3.3113273772331127,-0.026841453823071237
2015-06-08,27.9276,3.3296154471564825,0.018288069923369843
2015-06-09,27.519,3.3148766751956282,-0.014738771960854269
2015-06-10,28.0964,3.3356414542534125,0.02076477905778429
2015-06-11,27.7492,3.323207010948056,-0.012434443305356702
2015-06-12,27.4761,3.313316535884974,-0.009890475063081716
2015-06-15,27.6341,3.3190505173584794,0.005733981473505345
2015-06-16,26.9045,3.292293558862363,-0.02675695849611648
2015-06-17,27.5433,3.315759311830043,0.023465752967680054
2015-06-18,28.3909,3.3460686712856798,0.03030935945563673
2015-06-19,27.5288,3.3152327293922914,-0.03083594189338834
2015-06-22,26.8704,3.291025309007107,-0.02420742038518453
2015-06-23,26.7738,3.287423797402288,-0.003601511604818697
2015-06-24,26.7183,3.285348723889941,-0.0020750735123473696
2015-06-25,26.3086,3.2698958819298327,-0.015452841960108099
2015-06-26,25.937,3.2556705206966776,-0.014225361233155098
2015-06-29,25.8287,3.2514862767664794,-0.004184243930198228
2015-06-30,25.2329,3.228148698576316,-0.023337578190163466
2015-07-01,24.5929,3.2024577833939802,-0.025690915182335683
2015-07-02,25.2865,3.230270656482074,0.02781287308809377
2015-07-06,26.4617,3.275698404544391,0.045427748062317086
2015-07-07,25.2865,3.230270656482074,-0.045427748062317086
2015-07-08,25.4083,3.2350758922998053,0.00480523581773129
2015-07-09,25.4279,3.2358469963937853,0.0007711040939799574
2015-07-10,24.868,3.213581836407091,-0.022265159986694094
2015-07-13,24.3892,3.194140411361883,-0.01944142504520796
2015-07-14,24.3892,3.194140411361883,0.0
2015-07-15,23.9599,3.1763815996158344,-0.017758811746048764
2015-07-16,23.7201,3.16632278997224,-0.01005880964359429
2015-07-17,22.3789,3.1081185506481246,-0.05820423932411556
2015-07-20,20.2099,3.006172583357766,-0.10194596729035865
2015-07-21,20.7589,3.032975070381329,0.02680248702356325
2015-07-22,20.6927,3.0297809810683876,-0.003194089312941628
2015-07-23,19.9065,2.991046311563277,-0.03873466950511073
2015-07-24,21.2408,3.0559238604478653,0.06487754888458852
2015-07-27,20.4303,3.0170190930095298,-0.0389047674383356
2015-07-28,20.5639,3.023537111314288,0.0065180183047583995
2015-07-29,20.7853,3.034246006086126,0.010708894771837674
2015-07-30,19.2365,2.956809516007529,-0.07743649007859688
2015-07-31,19.6842,2.9798162834885904,0.023006767481061452
2015-08-03,18.821,2.9349732677084273,-0.04484301578016314
2015-08-04,18.9439,2.9414819799714467,0.006508712263019412
2015-08-05,18.7673,2.9321159936878427,-0.009365986283603966
2015-08-06,19.5027,2.9705529175232486,0.03843692383540587
2015-08-07,19.648,2.977975551964732,0.007422634441483389
2015-08-10,21.0691,3.0478075121434736,0.0698319601787416
2015-08-11,21.0867,3.0486425099858865,0.0008349978424129212
2015-08-12,22.9905,3.135081087124935,0.08643857713904834
2015-08-13,21.5499,3.0703711761677606,-0.06470991095717427
2015-08-14,21.0867,3.0486425099858865,-0.02172866618187408
2015-08-17,21.8972,3.0863587747671724,0.03771626478128587
2015-08-18,21.8708,3.0851524138093183,-0.0012063609578540913
2015-08-19,23.4176,3.153487876402696,0.06833546259337764
2015-08-20,24.0955,3.1820251010701868,0.028537224667490868
2015-08-21,23.2948,3.148230159698528,-0.03379494137165873
2015-08-24,21.9429,3.0884436247813514,-0.05978653491717667
2015-08-25,21.0691,3.0478075121434736,-0.04063611263787781
2015-08-26,20.0655,2.9990019224216136,-0.04880558972186
2015-08-27,20.9014,3.03981614237326,0.04081421995164636
2015-08-28,21.9275,3.0877415568433997,0.04792541447013976
2015-08-31,21.8455,3.0839949506743056,-0.0037466061690940577
2015-09-01,21.5334,3.0696052180908864,-0.014389732583419246
2015-09-02,21.0779,3.048225098217352,-0.021380119873534387
2015-09-03,20.3396,3.0125697247436594,-0.03565537347369263
2015-09-04,20.3572,3.013434657666996,0.0008649329233367808
2015-09-08,20.2245,3.0068947407601017,-0.006539916906894483
2015-09-09,19.2306,2.9565027603619893,-0.050391980398112324
2015-09-10,19.4735,2.969054566967629,0.012551806605639815
2015-09-11,19.766,2.983963289953992,0.014908722986362921
2015-09-14,19.7943,2.9853940174675584,0.001430727513566321
2015-09-15,19.6978,2.980506954380908,-0.004887063086650212
2015-09-16,21.1773,3.0529298532936124,0.07242289891270426
2015-09-17,21.6875,3.076736057707078,0.023806204413465704
2015-09-18,21.8279,3.0831889680417306,0.006452910334652451
2015-09-21,21.506,3.0683319659683344,-0.014857002073396242
2015-09-22,20.5532,3.023016646581049,-0.0453153193872855
2015-09-23,20.6331,3.026896582396301,0.0038799358152523666
2015-09-24,22.9886,3.1349984408790936,0.10810185848279241
2015-09-25,23.1963,3.1439927831949164,0.008994342315822745
2015-09-28,22.0698,3.094210158152369,-0.04978262504254749
2015-09-29,22.0093,3.091465091307042,-0.002745066845327049
2015-09-30,22.5955,3.11775077140796,0.026285680100918363
2015-10-01,22.0523,3.093416904843136,-0.02433386656482428
2015-10-02,24.8183,3.211581284280013,0.11816437943687719
2015-10-05,25.2659,3.229455660511942,0.017874376231929112
2015-10-06,25.7108,3.2469111370908568,0.017455476578914553
2015-10-07,25.1285,3.224002660159998,-0.022908476930858956
2015-10-08,24.5432,3.2004348301295127,-0.023567830030485126
2015-10-09,25.6386,3.2440990283776285,0.04366419824811585
2015-10-12,24.7392,3.2083890301440188,-0.03570999823360976
2015-10-13,25.2484,3.228762787377004,0.0203737572329854
2015-10-14,26.9796,3.29508102487282,0.06631823749581578
2015-10-15,26.8976,3.2920370632966574,-0.0030439615761626015
2015-10-16,26.0599,3.2603977343907946,-0.03163932890586274
2015-10-19,25.2572,3.2291112635891093,-0.03128647080168534
2015-10-20,25.8375,3.2518269250078866,0.022715661418777344
2015-10-21,25.3908,3.2343869036881063,-0.017440021319780286
2015-10-22,25.9614,3.2566108195034924,0.022223915815386075
2015-10-23,25.936,3.25563196499332,-0.0009788545101723223
2015-10-26,24.9548,3.21706618846349,-0.038565776529829954
2015-10-27,25.0085,3.2192157670812986,0.002149578617808512
2015-10-28,24.8007,3.2108718785790473,-0.008343888502251318
2015-10-29,25.0796,3.2220547666742165,0.011182888095169208
2015-10-30,25.2484,3.228762787377004,0.006708020702787643
2015-11-02,25.0885,3.222409573816339,-0.006353213560664983
2015-11-03,24.7822,3.2101256535353944,-0.012283920280944827
2015-11-04,24.6242,3.2037296992207835,-0.006395954314610819
2015-11-05,23.5512,3.1591767745782566,-0.044552924642526914
2015-11-06,22.4287,3.1103413887606406,-0.04883538581761604
2015-11-09,23.0861,3.139230704812898,0.028889316052257197
2015-11-10,22.8852,3.1304904134163363,-0.008740291396561517
2015-11-11,23.5445,3.158892247538837,0.028401834122500524
2015-11-12,23.3212,3.1493628181343616,-0.00952942940447521
2015-11-13,23.2665,3.147014557750778,-0.0023482603835836002
2015-11-16,23.3632,3.1511621348796295,0.004147577128851498
2015-11-17,22.3565,3.1071171065178804,-0.04404502836174906
2015-11-18,23.5192,3.1578171088465083,0.050700002328627924
2015-11-19,24.1238,3.183198905055286,0.025381796208777452
2015-11-20,23.4176,3.153487876402696,-0.0297110286525899
2015-11-23,23.1329,3.1412558466807305,-0.012232029721965354
2015-11-24,23.8293,3.170915915941479,0.02966006926074849
2015-11-25,23.8206,3.170550752526795,-0.0003651634146839555
2015-11-27,23.2918,3.1481013672988185,-0.02244938522797657
2015-11-30,23.6771,3.1645083362999893,0.01640696900117078
2015-12-01,24.472,3.1975296068486023,0.033021270548613035
2015-12-02,24.0156,3.1787036191894424,-0.018825987659159882
2015-12-03,24.1434,3.1840110508220723,0.005307431632629811
2015-12-04,26.0764,3.261030690720679,0.07701963989860694
2015-12-07,24.9217,3.2157389098910456,-0.04529178082963359
2015-12-08,25.1011,3.222911669878659,0.007172759987613464
2015-12-09,25.0026,3.218979819460576,-0.003931850418083194
2015-12-10,24.6086,3.203095975340684,-0.015883844119891855
2015-12-11,24.949,3.216833741233976,0.013737765893291787
2015-12-14,23.7942,3.169441853499382,-0.04739188773459402
2015-12-15,23.6771,3.1645083362999893,-0.004933517199392501
2015-12-16,24.4203,3.1954147536193833,0.03090641731939403
2015-12-17,22.4239,3.1101273543448733,-0.08528739927451001
2015-12-18,23.3348,3.149945808548679,0.03981845420380559
2015-12-21,23.9268,3.174999169618717,0.025053361070038083
2015-12-22,23.7035,3.1656227165624617,-0.00937645305625523
2015-12-23,23.8917,3.1735311182869568,0.007908401724495029
2015-12-24,24.3559,3.1927741199734054,0.019243001686448657
2015-12-28,24.0079,3.1783829428511505,-0.014391177122254906
2015-12-29,24.1082,3.1825520315877136,0.004169088736563076
2015-12-30,23.4703,3.155735792056485,-0.026816239531228803
2015-12-31,23.5269,3.158144447353579,0.002408655297094331
2016-01-04,24.117,3.1829169860139337,0.02477253866035456
2016-01-05,24.7247,3.207802743967015,0.024885757953081455
2016-01-06,25.4669,3.2373795697660563,0.029576825799041195
2016-01-07,26.845,3.2900795838745327,0.052700014108476356
2016-01-08,26.4617,3.275698404544391,-0.014381179330141602
2016-01-11,25.5946,3.2423813917350732,-0.03331701280931787
2016-01-12,25.541,3.2402850041057003,-0.00209638762937292
2016-01-13,25.9409,3.2558208737374654,0.01553586963176512
2016-01-14,24.949,3.216833741233976,-0.03898713250348962
2016-01-15,25.0738,3.2218234762721356,0.004989735038159804
2016-01-19,23.9717,3.1768739679172633,-0.044949508354872325
2016-01-20,24.0526,3.180243098816618,0.0033691308993546443
2016-01-21,24.3842,3.1939353815703364,0.013692282753718477
2016-01-22,24.4203,3.1954147536193833,0.001479372049046912
2016-01-25,24.9743,3.2178472961137965,0.022432542494413177
2016-01-26,25.7332,3.2477819870020475,0.02993469088825096
2016-01-27,25.9165,3.2548798315023886,0.007097844500341122
2016-01-28,25.9341,3.255558705061265,0.0006788735588765249
2016-01-29,26.3545,3.2716390383950857,0.01608033333382064
2016-02-01,26.9143,3.292657743872371,0.021018705477285238
2016-02-02,26.6373,3.282312489184442,-0.010345254687929017
2016-02-03,28.1041,3.3359154731695497,0.053602983985107766
2016-02-04,29.2989,3.3775499726561624,0.041634499486612686
2016-02-05,29.9972,3.4011040439729956,0.02355407131683318
2016-02-08,30.3553,3.4129711315841287,0.011867087611133087
2016-02-09,29.6384,3.389070817864241,-0.023900313719887656
2016-02-10,29.8101,3.3948472622633536,0.0057764443991126235
2016-02-11,31.6271,3.4540143480051473,0.059167085741793635
2016-02-12,31.9022,3.4626749729300283,0.008660624924881066
2016-02-16,30.5406,3.4190569459629216,-0.043618026967106704
2016-02-17,30.3465,3.412681189603441,-0.006375756359480622
2016-02-18,31.3823,3.446244039711348,0.03356285010790705
2016-02-19,30.997,3.4338904256086735,-0.012353614102674548
2016-02-22,31.0165,3.4345193209505815,0.0006288953419080201
2016-02-23,31.5539,3.451697194659929,0.017177873709347313
2016-02-24,31.5179,3.4505556384046945,-0.0011415562552343772
2016-02-25,31.8924,3.4623677368919594,0.011812098487264944
2016-02-26,30.9951,3.433829127475505,-0.028538609416454364
2016-02-29,31.5793,3.452501842654026,0.01867271517852087
2016-03-01,30.0099,3.4015273272241315,-0.050974515429894396
2016-03-02,30.405,3.414607068572073,0.013079741347941543
2016-03-03,30.8195,3.4281476065287038,0.013540537956630683
2016-03-04,30.7718,3.4265986861605144,-0.0015489203681893216
2016-03-07,31.5988,3.4531191451882655,0.02652045902775102
2016-03-08,30.6118,3.4213855555407315,-0.03173358964753392
2016-03-09,30.7181,3.4248520574084123,0.0034665018676807158
2016-03-10,32.6639,3.486270492538182,0.061418435129769744
2016-03-11,32.0485,3.467250380399362,-0.019020112138819822
2016-03-14,31.4642,3.4488503915801934,-0.018399988819168822
2016-03-15,32.0942,3.4686753284521488,0.019824936871955412
2016-03-16,33.922,3.524063771449647,0.055388442997498455
2016-03-17,34.1289,3.530144532689295,0.006080761239647625
2016-03-18,34.081,3.5287400442536305,-0.0014044884356643195
2016-03-21,34.1571,3.5309704707030343,0.002230426449403744
2016-03-22,33.6528,3.5160962621386758,-0.014874208564358504
2016-03-23,31.8045,3.459607789208578,-0.05648847293009762
2016-03-24,32.4073,3.4783837060620786,0.01877591685350044
2016-03-28,32.3049,3.475218921509285,-0.003164784552793787
2016-03-29,33.4636,3.510458280924781,0.035239359415496274
2016-03-30,32.9691,3.4955707591678338,-0.014887521756947297
2016-03-31,32.4415,3.4794384673890635,-0.01613229177877029
2016-04-01,32.7741,3.489638569318499,0.010200101929435323
2016-04-04,32.1449,3.4702538066850934,-0.019384762633405384
2016-04-05,32.6834,3.4868673037477897,0.016613497062696325
2016-04-06,32.7653,3.489370028561248,0.002502724813458368
2016-04-07,33.9786,3.5257309146887157,0.03636088612746757
2016-04-08,34.5131,3.541338962110588,0.015608047421872495
2016-04-11,36.4043,3.5946868995338073,0.05334793742321908
2016-04-12,36.8548,3.6069858679544344,0.012298968420627165
2016-04-13,36.2628,3.5907924224226084,-0.016193445531826
2016-04-14,35.4913,3.569287596024172,-0.02150482639843654
2016-04-15,36.2628,3.5907924224226084,0.02150482639843654
2016-04-18,35.9399,3.5818480989364057,-0.008944323486202777
2016-04-19,37.2235,3.6169402822578514,0.0350921833214457
2016-04-20,36.6325,3.600935824530043,-0.01600445772780823
2016-04-21,37.5278,3.6250819916578734,0.024146167127830243
2016-04-22,37.0889,3.6133177334720576,-0.011764258185815724
2016-04-25,36.4043,3.5946868995338073,-0.01863083393825038
2016-04-26,36.8822,3.607729049837644,0.01304215030383693
2016-04-27,37.124,3.6142636607331466,0.006534610895502446
2016-04-28,38.7821,3.657958799972908,0.04369513923976154
2016-04-29,42.3518,3.7460109231464322,0.08805212317352407
2016-05-02,41.9509,3.736499886795117,-0.009511036351315116
2016-05-03,41.0087,3.7137842393160585,-0.02271564747905863
2016-05-04,39.2951,3.6710998291679346,-0.04268441014812385
2016-05-05,40.3543,3.697697956572118,0.026598127404183547
2016-05-06,41.3044,3.7209690318225337,0.023271075250415496
2016-05-09,39.5732,3.6781521214730475,-0.042816910349486204
2016-05-10,40.6869,3.705906173316278,0.02775405184323043
2016-05-11,41.8612,3.7343593835921522,0.02845321027587433
2016-05-12,41.0468,3.7147128791449067,-0.019646504447245583
2016-05-13,41.4496,3.7244782313537996,0.009765352208892963
2016-05-16,42.6434,3.752872514014572,0.028394282660772152
2016-05-17,43.3428,3.769140599466687,0.016268085452115333
2016-05-18,40.2734,3.695691201396189,-0.073449398070498
2016-05-19,40.9727,3.71290599126677,0.017214789870581004
2016-05-20,41.4321,3.7240559427120354,0.011149951445265316
2016-05-23,41.2058,3.7185790231464004,-0.005476919565635008
2016-05-24,39.6102,3.67908666085107,-0.03949236229533026
2016-05-25,40.21,3.6941157209091826,0.015029060058112442
2016-05-26,40.5045,3.701413079051222,0.007297358142039467
2016-05-27,39.6706,3.6806103591912906,-0.02080271985993143
2016-05-31,40.3729,3.6981587678062287,0.017548408614938005
2016-06-01,40.5972,3.703699098712215,0.00554033090598649
2016-06-02,40.5523,3.7025924990515415,-0.0011065996606736128
2016-06-03,45.0837,3.808520762112284,0.10592826306074254
2016-06-06,45.1705,3.8104442188990277,0.0019234567867436603
2016-06-07,45.074,3.8083055835964736,-0.0021386353025540927
2016-06-08,45.4699,3.8170505685822467,0.00874498498577303
2016-06-09,45.9244,3.8269965662363123,0.009945997654065675
2016-06-10,45.4699,3.8170505685822467,-0.009945997654065675
2016-06-13,46.221,3.8334342402677475,0.01638367168550081
2016-06-14,44.8662,3.803684727299718,-0.029749512968029634
2016-06-15,46.0697,3.8301554670967994,0.02647073979708159
2016-06-16,45.3968,3.8154416179816497,-0.014713849115149724
2016-06-17,45.1364,3.8096890163260086,-0.005752601655641065
2016-06-20,45.2866,3.8130111829903264,0.0033221666643177272
2016-06-21,44.6155,3.7980813322824805,-0.014929850707845915
2016-06-22,45.2964,3.813227559132389,0.01514622684990874
2016-06-23,44.7589,3.8012903076278897,-0.011937251504499535
2016-06-24,46.7632,3.8450965688217824,0.04380626119389275
2016-06-27,47.2197,3.8548111783970325,0.009714609575250055
2016-06-28,47.0227,3.8506304638367803,-0.004180714560252152
2016-06-29,47.5981,3.8627928444743245,0.012162380637544157
2016-06-30,48.0857,3.872984835612816,0.010191991138491563
2016-07-01,49.9721,3.911464849688208,0.03848001407539181
2016-07-05,49.7165,3.9063368699571597,-0.005127979731048171
2016-07-06,50.6363,3.924668710395628,0.018331840438468472
2016-07-07,49.7165,3.9063368699571597,-0.018331840438468472
2016-07-08,50.1847,3.915710199366059,0.009373329408899345
2016-07-11,49.9165,3.9103516094237114,-0.0053585899423476135
2016-07-12,48.7811,3.887342942759024,-0.02300866666468737
2016-07-13,51.0586,3.9329739927143668,0.04563104995534273
2016-07-14,50.4021,3.920032840875958,-0.012941151838408604
2016-07-15,50.3934,3.9198602141213588,-0.00017262675459939203
2016-07-18,50.3934,3.9198602141213588,0.0
2016-07-19,50.0687,3.913396062353903,-0.006464151767455739
2016-07-20,46.9584,3.8492621033891368,-0.06413395896476626
2016-07-21,47.839,3.867841206413872,0.01857910302473531
2016-07-22,48.2887,3.8771975788355695,0.009356372421697401
2016-07-25,46.0971,3.83075004129938,-0.046447537536189465
2016-07-26,47.3835,3.858274066833898,0.02752402553451816
2016-07-27,49.1245,3.8943578920205795,0.036083825186681295
2016-07-28,50.8158,3.9282073298486635,0.03384943782808403
2016-07-29,52.2534,3.9561049604981795,0.027897630649516003
2016-08-01,52.9283,3.9689381674625506,0.012833206964371069
2016-08-02,53.3682,3.9772150629642757,0.008276895501725168
2016-08-03,53.3155,3.976227095649932,-0.0009879673143435852
2016-08-04,53.7183,3.983753725584685,0.007526629934752727
2016-08-05,52.0535,3.952272035835809,-0.03148168974887566
2016-08-08,51.4508,3.9406260112359464,-0.011646024599862859
2016-08-09,52.4514,3.959887026573781,0.019261015337834753
2016-08-10,53.1146,3.9724518433742873,0.01256481680050614
2016-08-11,52.6571,3.9638010822896823,-0.008650761084604941
2016-08-12,52.543,3.961631881980162,-0.0021692003095203916
2016-08-15,52.2368,3.9557872273492403,-0.005844654630921653
2016-08-16,52.27,3.9564225927248304,0.0006353653755901689
2016-08-17,51.4985,3.9415526810319217,-0.014869911692908744
2016-08-18,51.8955,3.9492320812104174,0.007679400178495666
2016-08-19,50.4568,3.921117524634418,-0.028114556575999483
2016-08-22,50.5544,3.9230499842106457,0.0019324595762277852
2016-08-23,50.2666,3.9173408406449197,-0.005709143565725938
2016-08-24,46.7242,3.8442622317397293,-0.07307860890519047
2016-08-25,47.1582,3.8535079070018248,0.00924567526209552
2016-08-26,47.1134,3.8525574616211906,-0.0009504453806341573
2016-08-29,47.9034,3.8691864831086784,0.016629021487487794
2016-08-30,45.7684,3.8235938966588527,-0.04559258644982567
2016-08-31,45.6055,3.8200283232821404,-0.003565573376712372
2016-09-01,46.9027,3.848075243091561,0.028046919809420423
2016-09-02,48.235,3.876084898622517,0.028009655530956135
2016-09-06,50.3095,3.91819392607181,0.04210902744929301
2016-09-07,50.5319,3.9226048200217973,0.004410893949987393
2016-09-08,49.1099,3.894060643803916,-0.0285441762178813
2016-09-09,45.8952,3.8263605364347373,-0.06770010736917875
2016-09-12,47.4879,3.8604749417475497,0.0341144053128124
2016-09-13,46.181,3.8325684580877386,-0.027906483659811077
2016-09-14,45.9684,3.8279542039046084,-0.0046142541831302175
2016-09-15,46.5244,3.839976906152841,0.01202270224823243
2016-09-16,46.3194,3.835560879812969,-0.004416026339872037
2016-09-19,46.9408,3.8488872333113067,0.013326353498337884
2016-09-20,47.0754,3.851750571586245,0.002863338274938343
2016-09-21,50.452,3.9210223892249467,0.06927181763870172
2016-09-22,50.9211,3.930277375969622,0.009254986744675175
2016-09-23,48.9217,3.8902210608284293,-0.04005631514119257
2016-09-26,48.75,3.886705197443856,-0.0035158633845733256
2016-09-27,48.67,3.885062823845363,-0.0016423735984929522
2016-09-28,49.5244,3.902465477417839,0.017402653572475835
2016-09-29,49.659,3.905179642946138,0.002714165528299173
2016-09-30,48.7831,3.8873839414040243,-0.01779570154211374
2016-10-03,47.5162,3.8610707055269455,-0.02631323587707879
2016-10-04,42.7322,3.754952734405928,-0.10611797112101762
2016-10-05,42.1041,3.7401451231199094,-0.014807611286018485
2016-10-06,41.0878,3.7157112404544033,-0.024433882665506168
2016-10-07,40.4734,3.7006449682079166,-0.015066272246486712
2016-10-10,40.4655,3.700449759228672,-0.00019520897924474312
2016-10-11,40.2675,3.6955446919826973,-0.004905067245974504
2016-10-12,41.5023,3.7257488473876745,0.03020415540497723
2016-10-13,41.6974,3.730438776741002,0.004689929353327571
2016-10-14,41.1151,3.71637545062226,-0.014063326118741948
2016-10-17,41.5735,3.727462945053491,0.011087494431230915
2016-10-18,43.2306,3.766548577833745,0.03908563278025401
2016-10-19,44.5648,3.7969443097458404,0.030395731912095325
2016-10-20,44.2732,3.7903795278452836,-0.00656478190055676
2016-10-21,44.1669,3.78797563976308,-0.002403888082203487
2016-10-24,43.4822,3.7723516589490553,-0.01562398081402483
2016-10-25,44.6487,3.798825191557103,0.026473532608047634
2016-10-26,43.5818,3.774639632013675,-0.02418555954342816
2016-10-27,43.9144,3.7822422845181447,0.007602652504469898
2016-10-28,44.481,3.795062131703999,0.012819847185854272
2016-10-31,45.7421,3.8230190992154096,0.027956967511410635
2016-11-01,46.4824,3.8390737463224855,0.016054647107075937
2016-11-02,46.1205,3.8312575366257,-0.007816209696785759
2016-11-03,46.7037,3.843823390658446,0.012565854032746238
2016-11-04,46.5331,3.840163887320943,-0.0036595033375030894
2016-11-07,44.6487,3.798825191557103,-0.04133869576383997
2016-11-08,44.7521,3.8011383709941113,0.0023131794370083725
2016-11-09,45.5109,3.817951857706445,0.016813486712333514
2016-11-10,41.9178,3.735710557719585,-0.08224129998686003
2016-11-11,38.0341,3.6384831257531096,-0.09722743196647521
2016-11-14,37.8351,3.633237243198364,-0.005245882554745673
2016-11-15,39.8267,3.68453754163961,0.05130029844124584
2016-11-16,39.8638,3.685468643908521,0.0009311022689111326
2016-11-17,38.5208,3.6511983551462475,-0.03427028876227345
2016-11-18,37.9979,3.6375308950414267,-0.013667460104820783
2016-11-21,38.8924,3.660798858786016,0.02326796374458917
2016-11-22,38.4865,3.6503075304512307,-0.010491328334785166
2016-11-23,35.8728,3.5799793481575772,-0.07032818229365345
2016-11-25,36.8091,3.605745097214276,0.025765749056698706
2016-11-28,37.9716,3.6368385118863267,0.031093414672050734
2016-11-29,37.8624,3.6339585352141794,-0.002879976672147233
2016-11-30,37.049,3.612241360824538,-0.021717174389641603
2016-12-01,36.2043,3.5891778963077887,-0.02306346451674912
2016-12-02,37.0958,3.6135037556577614,0.024325859349972667
2016-12-05,36.9251,3.608891536606058,-0.004612219051703281
2016-12-06,36.5652,3.5990969684194285,-0.009794568186629604
2016-12-07,36.3906,3.5943104995343087,-0.004786468885119799
2016-12-08,36.4921,3.5970957988061203,0.002785299271811592
2016-12-09,34.5502,3.542413338908936,-0.054682459897184454
2016-12-12,35.1275,3.5589842994983583,0.016570960589422423
2016-12-13,35.7878,3.5776070532043267,0.018622753705968442
2016-12-14,34.1776,3.5315704587212733,-0.04603659448305342
2016-12-15,32.8912,3.4932051447892714,-0.03836531393200193
2016-12-16,33.7016,3.5175453139760906,0.02434016918681925
2016-12-19,34.3892,3.5377425615972666,0.02019724762117603
2016-12-20,34.0801,3.5287136362291105,-0.009028925368156138
2016-12-21,34.5052,3.5411100373171784,0.012396401088067943
2016-12-22,34.4088,3.538312345618031,-0.002797691699147453
2016-12-23,35.0749,3.557485774950961,0.01917342933292998
2016-12-27,36.0688,3.5854282257177315,0.027942450766770488
2016-12-28,36.5554,3.5988289181009496,0.013400692383218171
2016-12-29,39.1732,3.6679928395157497,0.0691639214148001
2016-12-30,37.9082,3.6351674475252325,-0.03282539199051726
2017-01-03,38.8572,3.659893387827838,0.024725940302605665
2017-01-04,39.0542,3.664950424919547,0.005057037091708683
2017-01-05,41.1228,3.7165627122138742,0.05161228729432743
2017-01-06,40.5152,3.701677212343797,-0.014885499870077368
2017-01-09,39.8316,3.6846605671123145,-0.017016645231482386
2017-01-10,40.0296,3.689619180448936,0.004958613336621731
2017-01-11,41.1131,3.716326805510233,0.02670762506129698
2017-01-12,41.1932,3.7182731941897815,0.0019463886795483276
2017-01-13,41.5638,3.727229596122409,0.008956401932627589
2017-01-17,41.9608,3.7367358491232774,0.00950625300086827
2017-01-18,41.2477,3.719595353650421,-0.017140495472856454
2017-01-19,40.7972,3.7086134516041644,-0.010981902046256486
2017-01-20,41.1932,3.7182731941897815,0.009659742585617082
2017-01-23,42.5215,3.750009830367973,0.031736636178191446
2017-01-24,42.6561,3.7531702883296343,0.0031604579616613115
2017-01-25,41.3922,3.7230924572835655,-0.03007783104606876
2017-01-26,40.5542,3.7026393510301214,-0.020453106253444098
2017-01-27,41.4477,3.724432391501348,0.021793040471226544
2017-01-30,41.6721,3.7298318401328503,0.005399448631502324
2017-01-31,43.0521,3.7624110101718156,0.032579170038965266
2017-02-01,42.7809,3.7560917413011294,-0.006319268870686123
2017-02-02,43.9124,3.782196740333446,0.026104999032316556
2017-02-03,44.4165,3.7936110220255883,0.011414281692142314
2017-02-06,45.4368,3.8163223493979013,0.02271132737231296
2017-02-07,45.1998,3.811092662049635,-0.005229687348266232
2017-02-08,45.9049,3.8265718651813527,0.01547920313171769
2017-02-09,45.3081,3.8134858244517726,-0.013086040729580084
2017-02-10,45.8786,3.8259987774102435,0.01251295295847088
2017-02-13,44.9024,3.804491245435508,-0.02150753197473554
2017-02-14,44.6302,3.798410759921749,-0.006080485513758838
2017-02-15,44.6088,3.797931148980116,-0.0004796109416331795
2017-02-16,42.5118,3.749781684452383,-0.048149464527733166
2017-02-17,42.2582,3.7437984178117816,-0.005983266640601226
2017-02-21,42.069,3.7393111274126234,-0.004487290399158184
2017-02-22,41.0419,3.71459349608717,-0.02471763132545357
2017-02-23,40.9581,3.7125495929366052,-0.0020439031505645744
2017-02-24,40.9054,3.7112620836735033,-0.0012875092631019491
2017-02-27,38.4076,3.6482553566774283,-0.06300672699607501
2017-02-28,38.3617,3.64705956603014,-0.0011957906472881419
2017-03-01,38.1735,3.642141557601872,-0.0049180084282682834
2017-03-02,36.7154,3.603196285573901,-0.03894527202797082
2017-03-03,37.2948,3.618853906743599,0.015657621169697933
2017-03-06,36.2911,3.591572532146144,-0.027281374597455166
2017-03-07,36.1653,3.5881000955799864,-0.0034724365661573664
2017-03-08,36.2296,3.5898764642719283,0.0017763686919418653
2017-03-09,36.0571,3.585103793021498,-0.004772671250430349
2017-03-10,37.2684,3.618145782599164,0.03304198957766591
2017-03-13,37.3132,3.619347151445857,0.001201368846693196
2017-03-14,36.1097,3.5865615273069182,-0.03278562413893882
2017-03-15,38.8894,3.6607217199180164,0.07416019261109819
2017-03-16,38.2184,3.6433170750368458,-0.01740464488117066
2017-03-17,38.3275,3.6461676542024724,0.0028505791656265878
2017-03-20,38.9225,3.6615724895816926,0.015404835379220216
2017-03-21,39.8813,3.6859075423557215,0.02433505277402892
2017-03-22,40.1358,3.692268704111932,0.006361161756210709
2017-03-23,40.0998,3.6913713467689138,-0.0008973573430184345
2017-03-24,39.6481,3.68004302763887,-0.011328319130043951
2017-03-27,40.3817,3.698376712048039,0.01833368440916905
2017-03-28,38.9782,3.663002515486263,-0.03537419656177576
2017-03-29,39.0425,3.664650796379864,0.0016482808936006954
2017-03-30,38.2339,3.643722556630267,-0.020928239749596678
2017-03-31,38.39,3.6477970090127063,0.004074452382439198
2017-04-03,39.3946,3.673628751073315,0.025831742060608676
2017-04-04,40.1192,3.691855022715465,0.01822627164214996
2017-04-05,40.3817,3.698376712048039,0.00652168933257391
2017-04-06,40.6333,3.704587927474235,0.0062112154261959596
2017-04-07,40.3348,3.6972146199038542,-0.007373307570380572
2017-04-10,40.9581,3.7125495929366052,0.015334973032750998
2017-04-11,41.9364,3.7361541848797044,0.023604591943099162
2017-04-12,42.6249,3.752438589559873,0.016284404680168674
2017-04-13,42.1733,3.7417873193801547,-0.010651270179718342
2017-04-17,42.2699,3.744075248831874,0.002287929451719073
2017-04-18,42.0339,3.738476435575888,-0.005598813255985657
2017-04-19,41.0517,3.7148322479520304,-0.023644187623857782
2017-04-20,41.2204,3.7189332794424006,0.004101031490370222
2017-04-21,41.6184,3.7285423771703123,0.009609097727911742
2017-04-24,41.3034,3.720944821033721,-0.007597556136591521
2017-04-25,39.3137,3.671573058637081,-0.04937176239663987
2017-04-26,39.4473,3.674965603885048,0.0033925452479670604
2017-04-27,39.3312,3.6720180970385248,-0.002947506846523229
2017-04-28,43.2647,3.767337060023336,0.09531896298481124
2017-05-01,42.2611,3.743867041191321,-0.02347001883201516
2017-05-02,42.3694,3.746426403575255,0.0025593623839341717
2017-05-03,41.8544,3.7341969288043955,-0.01222947477085956
2017-05-04,41.0234,3.7141426356062266,-0.02005429319816887
2017-05-05,42.2182,3.7428514076884944,0.028708772082267853
2017-05-08,42.1733,3.7417873193801547,-0.0010640883083397057
2017-05-09,41.8105,3.733147504158483,-0.008639815221671565
2017-05-10,42.307,3.7449525569947304,0.01180505283624722
2017-05-11,43.0755,3.7629543900076814,0.018001833012950996
2017-05-12,43.7982,3.77959272064753,0.016638330639848764
2017-05-15,44.1893,3.7884826783292453,0.008889957681715188
2017-05-16,44.4702,3.794819301926479,0.006336623597233526
2017-05-17,44.8038,3.802292957252377,0.007473655325898054
2017-05-18,44.1542,3.7876880527632006,-0.014604904489176285
2017-05-19,44.5414,3.7964190937555298,0.008731040992329131
2017-05-22,44.4429,3.7942052191679676,-0.00221387458756217
2017-05-23,43.057,3.7625248192815444,-0.03168039988642324
2017-05-24,43.6656,3.77656060675377,0.014035787472225447
2017-05-25,43.6471,3.7761368425069457,-0.00042376424682410985
2017-05-26,44.4429,3.7942052191679676,0.0180683766610219
2017-05-30,43.5632,3.7742127572582107,-0.019992461909756898
2017-05-31,43.8801,3.7814609143470035,0.007248157088792784
2017-06-01,44.0616,3.7855886548319684,0.004127740484964892
2017-06-02,44.3141,3.791302910833727,0.005714256001758677
2017-06-05,43.6002,3.775061737500431,-0.01624117333329611
2017-06-06,45.8464,3.8252966787169163,0.05023494121648531
2017-06-07,45.4036,3.815591397057793,-0.009705281659123433
2017-06-08,45.0222,3.8071557014547714,-0.008435695603021376
2017-06-09,43.69,3.7771192429633444,-0.030036458491427
2017-06-12,43.61,3.775286481854675,-0.0018327611086692563
2017-06-13,44.6555,3.7989774800275926,0.02369099817291742
2017-06-14,42.5665,3.751067558935937,-0.047909921091655594
2017-06-15,42.0475,3.7387999316194507,-0.01226762731648634
2017-06-16,42.4571,3.748494154366516,0.009694222747065329
2017-06-19,41.9842,3.7372933570297895,-0.01120079733672652
2017-06-20,41.4242,3.723865251116491,-0.01342810591329835
2017-06-21,42.0768,3.7394965199104626,0.015631268793971476
2017-06-22,42.1958,3.742320690022568,0.0028241701121052287
2017-06-23,43.3622,3.7695880938516417,0.02726740382907389
2017-06-26,42.8464,3.7576216275120813,-0.011966466339560444
2017-06-27,41.7685,3.732142466923404,-0.025479160588677274
2017-06-28,42.1118,3.7403279864514527,0.00818551952804869
2017-06-29,40.5612,3.7028119446440932,-0.03751604180735946
2017-06-30,40.8975,3.711068936486189,0.008256991842095829
2017-07-03,39.9272,3.6870577959016666,-0.024011140584522472
2017-07-05,40.092,3.69117681316262,0.004119017260953317
2017-07-06,39.8569,3.685295539557525,-0.00588127360509505
2017-07-07,39.4834,3.6758803304114096,-0.009415209146115266
2017-07-10,40.3261,3.6969989020025227,0.021118571591113078
2017-07-11,40.6167,3.704179312083934,0.007180410081411459
2017-07-12,40.4636,3.7004028045485793,-0.003776507535354856
2017-07-13,39.6102,3.67908666085107,-0.021316143697509116
2017-07-14,40.4284,3.6995325082962487,0.020445847445178522
2017-07-17,40.6898,3.705977446788936,0.0064449384926872355
2017-07-18,40.7991,3.7086600223432873,0.002682575554351363
2017-07-19,40.7348,3.70708276396781,-0.0015772583754771752
2017-07-20,41.3589,3.7222876341018196,0.015204870134009507
2017-07-21,41.7412,3.7314886506368525,0.009201016535032913
2017-07-24,41.6212,3.728609652842013,-0.0028789977948395773
2017-07-25,41.1785,3.7179162754869735,-0.010693377355039502
2017-07-26,42.9468,3.7599621404159618,0.04204586492898832
2017-07-27,42.818,3.7569585749245307,-0.003003565491431104
2017-07-28,42.8648,3.7580509763085663,0.0010924013840356572
2017-07-31,42.3391,3.7457110089857566,-0.01233996732280973
2017-08-01,41.8758,3.734708094440354,-0.011002914545402476
2017-08-02,41.6506,3.7293157742713947,-0.005392320168959408
2017-08-03,41.3502,3.7220772582173747,-0.007238516054020039
2017-08-04,40.6079,3.703962628959993,-0.018114629257381498
2017-08-07,40.7708,3.7079661389099257,0.004003509949932482
2017-08-08,40.3826,3.6983989991228983,-0.00956713978702739
2017-08-09,40.5445,3.702400136343665,0.004001137220766893
2017-08-10,41.9655,3.736847852154625,0.034447715810959956
2017-08-11,41.831,3.73363769145571,-0.003210160698915221
2017-08-14,41.6867,3.730182133086907,-0.003455558368802958
2017-08-15,41.396,3.7231842578059267,-0.006997875280980281
2017-08-16,42.3304,3.745505504051143,0.022321246245216475
2017-08-17,42.6396,3.752783398950549,0.00727789489940589
2017-08-18,42.4377,3.7480371181207697,-0.004746280829779348
2017-08-21,42.7917,3.7563441585481767,0.008307040427407042
2017-08-22,42.4747,3.7489086045548303,-0.007435553993346389
2017-08-23,42.6122,3.752140597251501,0.003231992696670627
2017-08-24,42.5752,3.751271924130202,-0.0008686731212987908
2017-08-25,43.0277,3.761844094341307,0.010572170211105014
2017-08-28,44.9568,3.8057020286751952,0.04385793433388807
2017-08-29,46.2453,3.8339598371729857,0.02825780849779047
2017-08-30,45.8542,3.8254667975606056,-0.008493039612380127
2017-08-31,46.5545,3.840623669297855,0.015156871737249222
2017-09-01,46.5262,3.8400155947803234,-0.0006080745175314206
2017-09-05,46.7067,3.8438876233349153,0.0038720285545918998
2017-09-06,45.8991,3.826445509031126,-0.017442114303789502
2017-09-07,46.655,3.8427801026859854,0.016334593654859564
2017-09-08,46.5009,3.839471667244718,-0.0033084354412675765
2017-09-11,44.9179,3.8048363790000557,-0.03463528824466211
2017-09-12,45.0554,3.807892843685545,0.0030564646854891464
2017-09-13,44.0859,3.7861400034377843,-0.021752840247760474
2017-09-14,44.3464,3.792031532969379,0.005891529531594664
2017-09-15,43.7017,3.7773870029467274,-0.014644530022651647
2017-09-18,42.9127,3.7591678194196145,-0.018219183527112826
2017-09-19,43.0941,3.7633860967880044,0.004218277368389867
2017-09-20,42.6229,3.752391667527859,-0.010994429260145377
2017-09-21,41.9061,3.7354314010572014,-0.016960266470657626
2017-09-22,42.4494,3.748312778381848,0.012881377324646781
2017-09-25,43.1204,3.7639962029955636,0.015683424613715413
2017-09-26,41.7315,3.73125623932049,-0.03273996367507337
2017-09-27,41.196,3.7183411642635553,-0.0129150750569349
2017-09-28,41.4242,3.723865251116491,0.005524086852935817
2017-09-29,41.0614,3.715068507453745,-0.008796743662746298
2017-10-02,41.0244,3.7141670116406855,-0.0009014958130593165
2017-10-03,41.0244,3.7141670116406855,0.0
2017-10-04,41.2691,3.720114035918269,0.005947024277583424
2017-10-05,41.1258,3.716635661783869,-0.0034783741343997754
2017-10-06,41.6135,3.7284246338530105,0.011788972069141312
2017-10-09,42.0484,3.738821335754493,0.010396701901482341
2017-10-10,41.7315,3.73125623932049,-0.007565096434002605
2017-10-11,42.0036,3.737755328895823,0.006499089575332739
2017-10-12,42.0944,3.7399147152137613,0.0021593863179383277
2017-10-13,42.4113,3.747414836164544,0.007500120950782563
2017-10-16,41.3395,3.721818459357064,-0.02559637680748006
2017-10-17,40.9415,3.712144218545831,-0.009674240811232693
2017-10-18,40.7065,3.706387784856743,-0.00575643368908807
2017-10-19,40.5602,3.70278729023724,-0.0036004946195031806
2017-10-20,40.2891,3.6960809609046144,-0.006706329332625494
2017-10-23,40.7874,3.708373210184898,0.012292249280283496
2017-10-24,40.1769,3.6932922035980127,-0.01508100658688516
2017-10-25,39.9145,3.686739666400238,-0.0065525371977748215
2017-10-26,41.2771,3.7203078667675396,0.03356820036730168
2017-10-27,41.2507,3.719668082333676,-0.0006397844338636993
2017-10-30,41.0791,3.7154994763490876,-0.004168605984588236
2017-10-31,40.5328,3.7021115228826544,-0.013387953466433178
2017-11-01,40.1954,3.6937525612169115,-0.008358961665742903
2017-11-02,40.0081,3.6890819336135787,-0.004670627603332811
2017-11-03,40.0608,3.690398300083206,0.0013163664696271837
2017-11-06,41.0429,3.7146178611340495,0.024219561050843552
2017-11-07,40.9054,3.7112620836735033,-0.003355777460546161
2017-11-08,41.4057,3.723418552513508,0.012156468840004653
2017-11-09,41.1872,3.7181275284729214,-0.005291024040586567
2017-11-10,40.8664,3.71030820952723,-0.007819318945691212
2017-11-13,40.9328,3.711931697644089,0.0016234881168588622
2017-11-14,41.2312,3.719195251315882,0.007263553671792877
2017-11-15,41.2312,3.719195251315882,0.0
2017-11-16,40.5231,3.701872181883509,-0.01732306943237294
2017-11-17,40.5045,3.701413079051222,-0.0004591028322868951
2017-11-20,39.9525,3.687691248477127,-0.01372183057409515
2017-11-21,40.3699,3.6980844577748355,0.010393209297708594
2017-11-22,40.7972,3.7086134516041644,0.010528993829328925
2017-11-24,40.5875,3.7034601374289644,-0.005153314175200041
2017-11-27,41.2136,3.7187682989728024,0.015308161543837961
2017-11-28,41.0429,3.7146178611340495,-0.004150437838752907
2017-11-29,39.5887,3.6785437240040144,-0.036074137130035044
2017-11-30,39.7964,3.683776455938033,0.005232731934018631
2017-12-01,39.7964,3.683776455938033,0.0
2017-12-04,39.3058,3.6713720906831617,-0.012404365254871319
2017-12-05,38.6329,3.654104245048685,-0.017267845634476586
2017-12-06,37.7132,3.630010165797836,-0.024094079250849276
2017-12-07,38.3774,3.6474687446683847,0.017458578870548802
2017-12-08,39.0054,3.663700098083194,0.016231353414809302
2017-12-11,38.7235,3.6564466508851985,-0.007253447197995477
2017-12-12,38.2223,3.6434191149188293,-0.013027535966369186
2017-12-13,38.8055,3.6585619891606003,0.015142874241770965
2017-12-14,39.024,3.6641768414735645,0.005614852312964214
2017-12-15,39.1255,3.666774428331375,0.00259758685781053
2017-12-18,39.7877,3.6835578192999443,0.01678339096856929
2017-12-19,39.9067,3.6865442295983653,0.0029864102984209495
2017-12-20,40.3632,3.697918478764606,0.011374249166240968
2017-12-21,40.5552,3.702664009084553,0.004745530319946845
2017-12-22,41.2644,3.7200001427717266,0.01733613368717357
2017-12-26,41.9021,3.7353359450039023,0.015335802232175677
2017-12-27,41.8359,3.733754822603287,-0.0015811224006152536
2017-12-28,42.184,3.7420410022281687,0.008286179624881651
2017-12-29,42.0466,3.738778527026262,-0.0032624752019065895
2018-01-02,42.5468,3.750604646550874,0.0118261195246121
2018-01-03,42.3011,3.7448130904422476,-0.005791556108626583
2018-01-04,42.6659,3.7534000063400677,0.008586915897820013
2018-01-05,42.8102,3.7567763919515946,0.0033763856115269775
2018-01-08,42.9117,3.7591445160233765,0.0023681240717818852
2018-01-09,42.5468,3.750604646550874,-0.008539869472502293
2018-01-10,42.3918,3.7469549473080352,-0.0036496992428389774
2018-01-11,42.1568,3.741396000024182,-0.0055589472838533105
2018-01-12,43.0024,3.76125592808951,0.019859928065327992
2018-01-16,43.6402,3.7759787439057892,0.014722815816279322
2018-01-17,43.214,3.7661645168234785,-0.009814227082310722
2018-01-18,42.5215,3.750009830367973,-0.01615468645550555
2018-01-19,42.1188,3.740494196831436,-0.00951563353653695
2018-01-22,41.8105,3.733147504158483,-0.007346692672952848
2018-01-23,42.3205,3.745271602225052,0.012124098066568667
2018-01-24,44.7228,3.8004834386936044,0.055211836468552544
2018-01-25,44.4244,3.793788868040674,-0.006694570652930221
2018-01-26,44.8242,3.8027481721484424,0.00895930410776824
2018-01-29,43.4022,3.770510131065841,-0.03223804108260131
2018-01-30,43.1116,3.76379210242894,-0.0067180286369010744
2018-01-31,43.0472,3.762297188108098,-0.0014949143208418114
2018-02-01,42.9214,3.7593705360562377,-0.00292665205186049
2018-02-02,41.6905,3.730273285104548,-0.0290972509516898
2018-02-05,40.763,3.707774807216228,-0.022498477888319712
2018-02-06,39.9798,3.688374326558491,-0.01940048065773725
2018-02-07,39.9155,3.6867647196383704,-0.0016096069201205765
2018-02-08,39.5702,3.6780763097186515,-0.008688409919718865
2018-02-09,39.0142,3.663925682424496,-0.014150627294155615
2018-02-12,40.1075,3.691563349243094,0.027637666818598028
2018-02-13,39.9896,3.6886194203080764,-0.0029439289350174924
2018-02-14,41.4194,3.723749370106845,0.03512994979876849
2018-02-15,41.0644,3.7151415661028255,-0.008607804004019393
2018-02-16,39.2424,3.6697577949063493,-0.045383771196476186
2018-02-20,37.9502,3.6362747739199786,-0.03348302098637079
2018-02-21,36.8198,3.6060357439596524,-0.030239029960326125
2018-02-22,36.6491,3.601388871414498,-0.004646872545154501
2018-02-23,36.9309,3.609048598998062,0.0076597275835639245
2018-02-26,36.8198,3.6060357439596524,-0.0030128550384094233
2018-02-27,35.1451,3.5594852059787785,-0.04655053798087394
2018-02-28,34.7813,3.5490798860309396,-0.010405319947838887
2018-03-01,35.2992,3.5638603007929253,0.01478041476198566
2018-03-02,34.8154,3.5500598176290974,-0.01380048316382787
2018-03-05,34.9803,3.5547850458830106,0.004725228253913194
2018-03-06,35.7654,3.576980945616357,0.022195899733346458
2018-03-07,35.0455,3.5566472172210335,-0.020333728395323547
2018-03-08,35.6962,3.5750442405431495,0.018397023322116013
2018-03-09,35.6669,3.574223087828472,-0.000821152714677531
2018-03-12,36.0317,3.5843991065500598,0.010176018721587798
2018-03-13,36.0765,3.5856416838370886,0.001242577287028812
2018-03-14,36.3409,3.592943828759314,0.007302144922225473
2018-03-15,35.6766,3.5744950116914667,-0.0184488170678474
2018-03-16,36.0228,3.5841520713185266,0.009657059627059983
2018-03-19,36.3409,3.592943828759314,0.008791757440787418
2018-03-20,36.1867,3.5886916480076745,-0.004252180751639578
2018-03-21,37.0421,3.6120551036352144,0.023363455627539942
2018-03-22,36.5984,3.6000045236047606,-0.012050580030453784
2018-03-23,38.2057,3.642984719140815,0.04298019553605448
2018-03-26,38.6885,3.6555423982529223,0.012557679112107145
2018-03-27,38.2661,3.6445643867453423,-0.010978011507579932
2018-03-28,37.8194,3.632822198482574,-0.011742188262768405
2018-03-29,38.4134,3.648406357055216,0.01558415857264217
2018-04-02,38.8914,3.6607731464911666,0.012366789435950487
2018-04-03,38.6154,3.6536511606364876,-0.007121985854678936
2018-04-04,38.0496,3.638890571768864,-0.014760588867623436
2018-04-05,38.3871,3.6477214656540387,0.00883089388517444
2018-04-06,38.8533,3.659793015291224,0.012071549637185264
2018-04-09,39.3537,3.672589998397318,0.012796983106094117
2018-04-10,39.5565,3.677730029635269,0.005140031237950815
2018-04-11,40.1495,3.6926099870151035,0.014879957379834607
2018-04-12,39.7272,3.6820360916319284,-0.010573895383175103
2018-04-13,40.961,3.712620394495734,0.030584302863805757
2018-04-16,41.2721,3.720186726889598,0.007566332393863728
2018-04-17,41.1805,3.717964843342348,-0.0022218835472500587
2018-04-18,41.5188,3.726146336705866,0.008181493363518033
2018-04-19,40.5328,3.7021115228826544,-0.024034813823211376
2018-04-20,40.3222,3.6969021857666435,-0.005209337116010904
2018-04-23,39.7838,3.6834597942532095,-0.013442391513434071
2018-04-24,39.7838,3.6834597942532095,0.0
2018-04-25,39.5302,3.677064936744315,-0.006394857508894347
2018-04-26,39.8755,3.6857621002113468,0.008697163467031643
2018-04-27,40.1398,3.6923683607947426,0.006606260583395862
2018-04-30,38.4329,3.6489138636083887,-0.04345449718635397
2018-05-01,38.5509,3.6519794460403197,0.003065582431931002
2018-05-02,38.4134,3.648406357055216,-0.0035730889851035563
2018-05-03,38.8162,3.6588376852627924,0.010431328207576307
2018-05-04,39.0259,3.6642255282752227,0.005387843012430338
2018-05-07,39.0523,3.6649017733988574,0.0006762451236346223
2018-05-08,39.3907,3.673529747832782,0.008627974433924823
2018-05-09,39.8404,3.684881472826638,0.01135172499385595
2018-05-10,40.7795,3.708179504158932,0.02329803133229369
2018-05-11,40.842,3.7097109636938694,0.001531459534937607
2018-05-14,40.9249,3.7117386797600167,0.002027716066147267
2018-05-15,39.8491,3.6850998202885887,-0.026638859471427967
2018-05-16,40.0217,3.68942180701401,0.0043219867254213895
2018-05-17,39.7115,3.6816408182902345,-0.007780988723775639
2018-05-18,39.3449,3.6723663603647054,-0.009274457925529056
2018-05-21,39.1175,3.666569937194075,-0.005796423170630227
2018-05-22,39.1078,3.6663219355871854,-0.00024800160688975836
2018-05-23,39.8579,3.685320629001393,0.01899869341420768
2018-05-24,40.4334,3.6996561760851523,0.01433554708375917
2018-05-25,40.1038,3.6914710929150547,-0.008185083170097585
2018-05-29,41.0721,3.7153290588745547,0.02385796595949996
2018-05-30,41.4097,3.7235151529043318,0.008186094029777102
2018-05-31,41.1425,3.717041650487401,-0.0064735024169308986
2018-06-01,40.9338,3.711956127631411,-0.0050855228559898435
2018-06-04,40.6216,3.704299944839813,-0.007656182791598187
2018-06-05,40.8868,3.710807272571207,0.006507327731394064
2018-06-06,40.7045,3.706338651447243,-0.004468621123963956
2018-06-07,40.5025,3.7013637006024362,-0.004974950844806703
2018-06-08,40.6958,3.7061248930204775,0.0047611924180412935
2018-06-11,41.2907,3.7206372930117415,0.014512399991263969
2018-06-12,41.7101,3.730743305712573,0.010106012700831446
2018-06-13,41.8564,3.7342447123639935,0.0035014066514205133
2018-06-14,42.6542,3.753125745056423,0.018881032692429578
2018-06-15,41.3171,3.7212764578581305,-0.0318492871982925
2018-06-18,41.5832,3.727696239545552,0.006419781687421633
2018-06-19,40.7132,3.7065523641911087,-0.02114387535444351
2018-06-20,40.2471,3.695037951579428,-0.011514412611680847
2018-06-21,40.3562,3.6977450384264086,0.002707086846980733
2018-06-22,41.0537,3.7148809658195616,0.01713592739315306
2018-06-25,40.5505,3.7025481109416294,-0.012332854877932231
2018-06-26,40.7776,3.7081329110358228,0.005584800094193376
2018-06-27,40.4216,3.6993642955562107,-0.008768615479612052
2018-06-28,40.7962,3.7085889398176706,0.009224644261459858
2018-06-29,41.949,3.736454594726823,0.027865654909152493
2018-07-02,41.3531,3.7221473884298613,-0.014307206296961805
2018-07-03,42.3792,3.7466576758332906,0.02451028740342931
2018-07-05,43.6968,3.777274872875728,0.030617197042437372
2018-07-06,42.9009,3.7588928047348937,-0.018382068140834207
2018-07-09,42.2679,3.744027932720019,-0.014864872014874742
2018-07-10,42.3605,3.7462163242518347,0.0021883915318157143
2018-07-11,41.4545,3.7245964402241865,-0.02161988402764825
2018-07-12,42.1225,3.7405820397304033,0.015985599506216808
2018-07-13,41.6651,3.7296638479272937,-0.0109181918031096
2018-07-16,41.8222,3.733427299025236,0.003763451097942294
2018-07-17,41.6915,3.7302972710967293,-0.0031300279285066956
2018-07-18,41.6847,3.7301341550032863,-0.00016311609344299427
2018-07-19,41.6379,3.729010810198361,-0.0011233448049252637
2018-07-20,42.1314,3.7407933059158998,0.011782495717538755
2018-07-23,40.5505,3.7025481109416294,-0.03824519497427037
2018-07-24,40.6958,3.7061248930204775,0.003576782078848151
2018-07-25,41.0439,3.714642225587288,0.00851733256681042
2018-07-26,38.8748,3.6603462257916304,-0.05429599979565758
2018-07-27,38.2594,3.6443892817145453,-0.015956944077085033
2018-07-30,38.3881,3.6477475157327115,0.0033582340181661507
2018-07-31,38.3345,3.6463502740146203,-0.0013972417180911911
2018-08-01,37.8575,3.6338291108486738,-0.012521163165946536
2018-08-02,37.8009,3.6323329118659093,-0.0014961989827644295
2018-08-03,38.0311,3.638404246055125,0.0060713341892157935
2018-08-06,37.7668,3.6314304098097514,-0.006973836245373732
2018-08-07,36.7769,3.604869930686534,-0.026560479123217462
2018-08-08,36.73,3.6035938598315758,-0.0012760708549581778
2018-08-09,36.9894,3.610631385112645,0.007037525281069268
2018-08-10,36.5866,3.599682053150371,-0.010949331962274211
2018-08-13,35.3606,3.565598205951274,-0.03408384719909696
2018-08-14,35.0582,3.557009537616075,-0.00858866833519878
2018-08-15,32.5039,3.481360082136268,-0.07564945547980706
2018-08-16,31.6242,3.453922650285036,-0.02743743185123204
2018-08-17,32.5478,3.4827097780447316,0.028787127759695608
2018-08-20,32.4132,3.4785657472378273,-0.004144030806904286
2018-08-21,32.5566,3.482980113077497,0.004414365839669809
2018-08-22,33.053,3.4981123337364517,0.015132220658954587
2018-08-23,31.7441,3.457706881299113,-0.04040545243733851
2018-08-24,33.0989,3.4995000492024024,0.04179316790328924
2018-08-27,33.6128,3.514906946806176,0.015406897603773562
2018-08-28,32.9418,3.494742368065264,-0.02016457874091193
2018-08-29,32.6122,3.4846864514937446,-0.010055916571519496
2018-08-30,32.0065,3.465939007172637,-0.018747444321107753
2018-08-31,31.6944,3.4561400091262797,-0.009798998046357088
2018-09-04,30.4919,3.4174610745719156,-0.03867893455436411
2018-09-05,29.9222,3.3986006798148867,-0.018860394757028942
2018-09-06,29.9963,3.401074040722641,0.0024733609077545182
2018-09-07,30.4459,3.415951338127957,0.014877297405315737
2018-09-10,30.3299,3.412134024629443,-0.0038173134985139967
2018-09-11,30.3621,3.413195120095772,0.0010610954663290428
2018-09-12,31.3111,3.4439726672666935,0.030777547170921515
2018-09-13,30.7863,3.427069785829548,-0.016902881437145467
2018-09-14,30.5748,3.4201761402599367,-0.006893645569611362
2018-09-17,31.273,3.442755105467233,0.02257896520729652
2018-09-18,31.6475,3.4546591565288463,0.011904051061613075
2018-09-19,32.0338,3.466791595360191,0.01213243883134485
2018-09-20,32.2698,3.474131808337816,0.007340212977624994
2018-09-21,31.8319,3.4604689316268558,-0.013662876710960337
2018-09-24,31.5393,3.451234387249286,-0.009234544377569875
2018-09-25,32.2288,3.4728604627420228,0.021626075492736874
2018-09-26,30.9872,3.4335742159913303,-0.03928624675069248
2018-09-27,31.1706,3.4394753428721327,0.005901126880802465
2018-09-28,31.3998,3.446801523467171,0.007326180595038423
2018-10-01,31.3179,3.4441898190662346,-0.0026117044009366097
2018-10-02,32.9057,3.4936458950445184,0.04945607597828383
2018-10-03,32.0825,3.468310710136479,-0.02533518490803921
2018-10-04,32.1635,3.47083226923489,0.002521559098410897
2018-10-05,32.2201,3.4725904814063338,0.0017582121714436738
2018-10-08,32.2288,3.4728604627420228,0.00026998133568900684
2018-10-09,30.9336,3.4318429717765424,-0.04101749096548035
2018-10-10,31.8495,3.461021683307821,0.02917871153127871
2018-10-11,34.3122,3.5355009760621288,0.07447929275430765
2018-10-12,34.2381,3.5333390590796725,-0.002161916982456269
2018-10-15,34.8701,3.5516297284781135,0.01829066939844104
2018-10-16,34.1903,3.531941978108181,-0.019687750369932644
2018-10-17,33.7884,3.520117548317728,-0.01182442979045284
2018-10-18,33.9923,3.52613402837959,0.006016480061862062
2018-10-19,33.9923,3.52613402837959,0.0
2018-10-22,33.3027,3.505638474780586,-0.0204955535990039
2018-10-23,34.081,3.5287400442536305,0.023101569473044314
2018-10-24,33.6879,3.5171387224391677,-0.011601321814462828
2018-10-25,32.4952,3.4810923861204164,-0.036046336318751315
2018-10-26,32.2796,3.474435451751242,-0.006656934369174472
2018-10-29,32.5751,3.4835481928450305,0.009112741093788568
2018-10-30,32.6969,3.4872802721860463,0.003732079341015826
2018-10-31,32.4659,3.4801903077385266,-0.007089964447519748
2018-11-01,34.0185,3.5269044942848895,0.046714186546362946
2018-11-02,34.2098,3.5325121527286356,0.005607658443746111
2018-11-05,33.3466,3.5069558181389904,-0.025556334589645235
2018-11-06,33.0442,3.497846059217955,-0.009109758921035382
2018-11-07,32.7614,3.4892509931144877,-0.008595066103467275
2018-11-08,32.6122,3.4846864514937446,-0.004564541620743157
2018-11-09,31.4379,3.4480141714370647,-0.036672280056679885
2018-11-12,31.2185,3.4410108678087545,-0.007003303628310142
2018-11-13,30.8389,3.428776880095328,-0.01223398771342632
2018-11-14,32.025,3.466516847782798,0.0377399676874699
2018-11-15,32.4122,3.478534895133557,0.012018047350758732
2018-11-16,33.0715,3.498671884295857,0.0201369891623
2018-11-19,32.7955,3.490291310856035,-0.008380573439821681
2018-11-20,32.9341,3.4945085951669794,0.004217284310944258
2018-11-21,34.2283,3.5330527872714006,0.03854419210442117
2018-11-23,32.9984,3.496459075442567,-0.03659371182883353
2018-11-26,32.7701,3.4895165142776263,-0.0069425611649407415
2018-11-27,32.0825,3.468310710136479,-0.021205804141147144
2018-11-28,32.5838,3.4838152323454423,0.015504522208963145
2018-11-29,32.1431,3.470197808676119,-0.01361742366932317
2018-11-30,32.3459,3.476487274120434,0.006289465444314857
2018-12-03,33.0188,3.497077096220465,0.020589822100030908
2018-12-04,33.7913,3.520203372907117,0.023126276686652236
2018-12-06,35.3206,3.5644663631339415,0.04426299022682434
2018-12-07,36.7651,3.6045490256227266,0.040082662488785115
2018-12-10,36.1029,3.586373194522332,-0.018175831100394557
2018-12-11,35.9654,3.5825573651815645,-0.003815829340767518
2018-12-12,36.3614,3.593507772418409,0.010950407236844484
2018-12-13,36.8578,3.6070672651647255,0.013559492746316515
2018-12-14,35.7352,3.5761361974101633,-0.030931067754562225
2018-12-17,36.3155,3.592244647378603,0.016108449968439853
2018-12-18,37.1338,3.6145276060710607,0.022282958692457555
2018-12-19,35.1831,3.5605658536762324,-0.053961752394828366
2018-12-20,37.2099,3.6165748549053096,0.05600900122907726
2018-12-21,36.5545,3.5988042976323116,-0.017770557272998033
2018-12-24,37.521,3.6249007762348793,0.026096478602567696
2018-12-26,36.6491,3.601388871414498,-0.023511904820381346
2018-12-27,37.6585,3.628558692377351,0.02716982096285303
2018-12-28,37.0978,3.613557668663748,-0.015001023713602901
2018-12-31,37.2099,3.6165748549053096,0.0030171862415615536
2019-01-02,37.1816,3.6158140152565545,-0.0007608396487550628
2019-01-03,38.0087,3.6378150808903578,0.02200106563380322
2019-01-04,37.2928,3.6188002785265634,-0.01901480236379438
2019-01-07,36.6588,3.6016535086515926,-0.01714676987497077
2019-01-08,36.4901,3.5970409909214442,-0.004612517730148369
2019-01-09,37.2558,3.6178076374028367,0.02076664648139248
2019-01-10,36.5086,3.5975478492736084,-0.02025978812922835
2019-01-11,36.6588,3.6016535086515926,0.004105659377984239
2019-01-14,36.7028,3.6028530464281934,0.0011995377766007564
2019-01-15,36.0502,3.5849124115657767,-0.017940634862416704
2019-01-16,36.1769,3.588420793598554,0.0035083820327774795
2019-01-17,36.3428,3.5929961100823737,0.0045753164838195914
2019-01-18,35.9108,3.581038085906857,-0.011958024175516613
2019-01-22,36.1672,3.5881526307474543,0.007114544840597148
2019-01-23,36.0765,3.5856416838370886,-0.0025109469103656856
2019-01-24,36.4705,3.5965037146251557,0.010862030788067134
2019-01-25,38.0369,3.6385567411913518,0.04205302656619603
2019-01-28,38.2388,3.6438507069376764,0.00529396574632468
2019-01-29,39.0601,3.665101485609106,0.02125077867142977
2019-01-30,39.5028,3.6763715554707264,0.011270069861620158
2019-01-31,40.1378,3.692318533694769,0.015946978224042674
2019-02-01,39.8541,3.685225285765673,-0.007093247929096158
2019-02-04,40.1202,3.691879948126175,0.0066546623605021615
2019-02-05,40.2764,3.695765689476889,0.003885741350714067
2019-02-06,39.5858,3.6784704680945666,-0.017295221382322534
2019-02-07,39.4638,3.6753837960086013,-0.0030866720859652474
2019-02-08,39.9252,3.6870077034811404,0.011623907472539052
2019-02-11,39.1889,3.6683935434328236,-0.01861416004831673
2019-02-12,38.6924,3.655643198321241,-0.012750345111582462
2019-02-13,38.3325,3.646298100328407,-0.009345097992834006
2019-02-14,38.5529,3.652031324157882,0.005733223829474721
2019-02-15,39.7311,3.6821342563297166,0.030102932171834684
2019-02-19,39.8794,3.685859899845052,0.0037256435153354417
2019-02-20,40.2861,3.6960064963050505,0.010146596459998491
2019-02-21,39.9447,3.6874959975791035,-0.008510498725947002
2019-02-22,40.1202,3.691879948126175,0.0043839505470715245
2019-02-25,39.815,3.684243725709408,-0.00763622241676698
2019-02-26,39.8443,3.684979358619095,0.000735632909687034
2019-02-27,39.1537,3.667494926272589,-0.017484432346506207
2019-02-28,39.2171,3.669112876167971,0.0016179498953823312
2019-03-01,39.0142,3.663925682424496,-0.005187193743475316
2019-03-04,39.2708,3.670481240167494,0.006555557742998097
2019-03-05,39.3654,3.672887257895614,0.0024060177281199913
2019-03-06,38.4427,3.6491688209694524,-0.0237184369261616
2019-03-07,39.0601,3.665101485609106,0.015932664639653815
2019-03-08,40.2891,3.6960809609046144,0.030979475295508152
2019-03-11,40.0296,3.689619180448936,-0.006461780455678134
2019-03-12,41.0371,3.714476535597752,0.024857355148815596
2019-03-13,41.2575,3.7198329144355857,0.005356378837833908
2019-03-14,40.2891,3.6960809609046144,-0.02375195353097137
2019-03-15,40.3709,3.6981092283988586,0.002028267494244229
2019-03-18,39.9095,3.68661439079374,-0.01149483760511849
2019-03-19,39.9555,3.6877663348264638,0.001151944032723673
2019-03-20,41.0079,3.713764731070166,0.02599839624370226
2019-03-21,40.9902,3.7133330137431817,-0.00043171732698432663
2019-03-22,40.9064,3.7112865300247644,-0.0020464837184173135
2019-03-25,41.6915,3.7302972710967293,0.019010741071964876
2019-03-26,42.0807,3.739589203272083,0.009291932175353956
2019-03-27,41.1932,3.7182731941897815,-0.02131600908230169
2019-03-28,40.2051,3.6939938532498484,-0.024279340939933114
2019-03-29,40.1769,3.6932922035980127,-0.0007016496518357229
2019-04-01,39.6141,3.679185115491961,-0.01410708810605188
2019-04-02,39.9095,3.68661439079374,0.007429275301779281
2019-04-03,39.5135,3.6766423856681767,-0.009972005125563399
2019-04-04,40.3622,3.6978937034150867,0.021251317746910026
2019-04-05,40.131,3.692149102981559,-0.005744600433527758
2019-04-08,40.4177,3.6992678078329617,0.007118704851402757
2019-04-09,40.3525,3.6976533506652975,-0.001614457167664174
2019-04-10,39.7799,3.683361759596623,-0.014291591068674503
2019-04-11,39.1722,3.6679673115332503,-0.015394448063372757
2019-04-12,39.024,3.6641768414735645,-0.003790470059685802
2019-04-15,39.6336,3.6796772433491367,0.015500401875572223
2019-04-16,38.5148,3.6510425830094135,-0.028634660339723172
2019-04-17,37.7405,3.630733788395303,-0.020308794614110504
2019-04-18,37.3142,3.619373951253972,-0.011359837141331042
2019-04-22,37.1015,3.6136574000629142,-0.005716551191057739
2019-04-23,37.0635,3.6126326578442045,-0.00102474221870974
2019-04-24,37.4985,3.624300932176344,0.011668274332139461
2019-04-25,37.5162,3.6247728396912304,0.00047190751488646043
2019-04-26,39.0425,3.664650796379864,0.039877956688633365
2019-04-29,38.1647,3.6419110046142724,-0.022739791765591377
2019-04-30,38.2457,3.6440311356524804,0.002120131038207962
2019-05-01,37.8214,3.6328750799962664,-0.011156055656214026
2019-05-02,37.2235,3.6169402822578514,-0.015934797738414996
2019-05-03,37.9325,3.635808264417259,0.01886798215940777
2019-05-06,37.757,3.6311708889685064,-0.004637375448752756
2019-05-07,38.4865,3.6503075304512307,0.019136641482724315
2019-05-08,37.7025,3.629726405252703,-0.020581125198527506
2019-05-09,37.6205,3.627549114587327,-0.002177290665376308
2019-05-10,37.3142,3.619373951253972,-0.008175163333354885
2019-05-13,38.3569,3.6469344334024263,0.0275604821484543
2019-05-14,38.3472,3.6466815134137502,-0.00025291998867604804
2019-05-15,37.9512,3.6363011238950795,-0.010380389518670707
2019-05-16,37.6371,3.627990266052939,-0.008310857842140695
2019-05-17,37.9696,3.6367858395556167,0.0087955735026779
2019-05-20,38.1735,3.642141557601872,0.00535571804625512
2019-05-21,37.7941,3.6321530057869795,-0.009988551814892332
2019-05-22,37.2498,3.617646575683638,-0.014506430103341739
2019-05-23,37.7668,3.6314304098097514,0.013783834126113614
2019-05-24,37.9969,3.6375045774512738,0.0060741676415223544
2019-05-28,37.9872,3.637249260877078,-0.00025531657419586296
2019-05-29,38.1101,3.640479338865533,0.0032300779884550934
2019-05-30,38.8494,3.6596926326789525,0.01921329381341952
2019-05-31,40.3777,3.6982776523719325,0.038585019692980005
2019-06-03,41.8242,3.7334751193737596,0.03519746700182713
2019-06-04,41.9354,3.736130338962482,0.0026552195887221686
2019-06-05,42.5088,3.749711113320181,0.013580774357699
2019-06-06,42.8044,3.7566409010421267,0.006929787721945857
2019-06-07,42.7381,3.7550907940596177,-0.0015501069825090141
2019-06-10,42.4806,3.749047501127722,-0.00604329293189565
2019-06-11,42.6941,3.754060737385661,0.0050132362579389245
2019-06-12,43.0726,3.762887064088686,0.008826326703025078
2019-06-13,43.2569,3.7671567582253775,0.0042696941366915375
2019-06-14,42.8883,3.7585990614643983,-0.008557696760979283
2019-06-17,43.6119,3.7753300488946113,0.016730987430213062
2019-06-18,44.24,3.7896293572140793,0.014299308319468018
2019-06-19,44.8428,3.803163040500607,0.013533683286527598
2019-06-20,46.2219,3.833453711746899,0.030290671246292256
2019-06-21,46.5935,3.8414610464241252,0.00800733467722603
2019-06-24,48.4203,3.8799191472775836,0.038458100853458355
2019-06-25,47.4918,3.860557064559102,-0.0193620827184815
2019-06-26,47.3338,3.8572246280394795,-0.0033324365196225614
2019-06-27,47.0939,3.852143480957728,-0.005081147081751336
2019-06-28,47.4645,3.8599820632005364,0.0078385822428082
2019-07-01,46.5214,3.839912421780606,-0.020069641419930395
2019-07-02,47.6488,3.863857446152458,0.023945024371851975
2019-07-03,48.1121,3.8735337047275515,0.009676258575093577
2019-07-05,47.7698,3.866393640665034,-0.007140064062517659
2019-07-08,47.4079,3.8587888814803515,-0.007604759184682397
2019-07-09,47.8517,3.86810664495857,0.009317763478218666
2019-07-10,48.1677,3.874688671941456,0.006582026982886013
2019-07-11,48.1024,3.873332071916845,-0.001356600024611243
2019-07-12,48.0682,3.8726208358126364,-0.0007112361042085347
2019-07-15,48.0292,3.8718091592815096,-0.0008116765311267926
2019-07-16,47.7415,3.8658010406097905,-0.0060081186717191315
2019-07-17,48.9636,3.8910771649126805,0.025276124302890057
2019-07-18,50.0842,3.9137055890899988,0.02262842417731825
2019-07-19,49.6054,3.90409969877261,-0.009605890317388788
2019-07-22,49.7146,3.9062986525382586,0.0021989537656486036
2019-07-23,49.2805,3.897528465277689,-0.00877018726056944
2019-07-24,49.696,3.9059244469662766,0.008395981688587462
2019-07-25,49.8171,3.9083582985853966,0.00243385161912002
2019-07-26,49.7887,3.9077880506526537,-0.0005702479327429621
2019-07-29,50.3544,3.919086003628464,0.011297952975810155
2019-07-30,50.1857,3.9157301255594392,-0.003355878069024598
2019-07-31,48.3814,3.879115442340709,-0.03661468321873018
2019-08-01,50.3817,3.919628013904191,0.04051257156348198
2019-08-02,50.1037,3.914094857659282,-0.005533156244909243
2019-08-05,52.0944,3.953057457377723,0.03896259971844129
2019-08-06,52.6054,3.9628187760712814,0.00976131869355834
2019-08-07,54.0217,3.9893858176952954,0.02656704162401402
2019-08-08,55.0224,4.007740375046718,0.018354557351422773
2019-08-09,54.8751,4.005059693717137,-0.0026806813295809917
2019-08-12,55.194,4.010854251723075,0.0057945580059382
2019-08-13,54.3552,3.9955402851634987,-0.01531396655957673
2019-08-14,54.0978,3.9907935195911937,-0.004746765572305023
2019-08-15,54.8381,4.004385207850301,0.013591688259106949
2019-08-16,54.7444,4.002675080360314,-0.001710127489986668
2019-08-19,54.1787,3.9922878422753247,-0.010387238084989203
2019-08-20,54.9872,4.00710043087455,0.014812588599224963
2019-08-21,55.1608,4.010252556083164,0.003152125208614187
2019-08-22,55.0048,4.007420454151701,-0.0028321019314629936
2019-08-23,57.0414,4.04377731998436,0.0363568658326594
2019-08-26,57.5787,4.05315270764538,0.009375387661020085
2019-08-27,59.3596,4.083613860291947,0.030461152646566347
2019-08-28,59.2027,4.08096714895805,-0.002646711333897045
2019-08-29,57.4274,4.050521541345716,-0.030445607612334058
2019-08-30,58.0878,4.061955659020097,0.011434117674381739
2019-09-03,58.7159,4.072710558980245,0.010754899960147668
2019-09-04,59.5343,4.08655261704448,0.013842058064234664
2019-09-05,56.9262,4.041755692096522,-0.04479692494795806
2019-09-06,55.2008,4.010977445931654,-0.030778246164867795
2019-09-09,53.5574,3.9807539759553685,-0.030223469976285333
2019-09-10,52.6114,3.962932826299125,-0.017821149656243485
2019-09-11,53.102,3.9722145923220205,0.009281766022895432
2019-09-12,52.5187,3.9611692966530003,-0.011045295669020128
2019-09-13,51.2575,3.9368619487750647,-0.024307347877935648
2019-09-16,51.8418,3.948196773663439,0.011334824888374229
2019-09-17,53.5477,3.9805728454578193,0.0323760717943804
2019-09-18,52.7967,3.9664486887590096,-0.014124156698809731
2019-09-19,53.1117,3.9723972429598753,0.005948554200865708
2019-09-20,54.0119,3.9892043926566614,0.016807149696786094
2019-09-23,55.2388,4.011665604916287,0.022461212259625274
2019-09-24,55.592,4.018039306012026,0.006373701095739648
2019-09-25,54.2255,3.9931512775095226,-0.024888028502503712
2019-09-26,53.7632,3.984589218252946,-0.008562059256576493
2019-09-27,51.4985,3.9415526810319217,-0.04303653722102441
2019-09-30,49.7537,3.9070848326984486,-0.03446784833347305
2019-10-01,49.2805,3.897528465277689,-0.009556367420759493
2019-10-02,49.659,3.905179642946138,0.007651177668448916
2019-10-03,49.5965,3.90392026672496,-0.001259376221177888
2019-10-04,50.4208,3.9204037883534544,0.016483521628494202
2019-10-07,50.134,3.914699420631554,-0.005704367721900194
2019-10-08,51.0147,3.9321138264866313,0.017414405855077142
2019-10-09,50.7934,3.9277664248840956,-0.004347401602535772
2019-10-10,51.0518,3.9328408035385327,0.005074378654437162
2019-10-11,48.4622,3.880784112624521,-0.05205669091401166
2019-10-14,48.8445,3.888641782590234,0.007857669965713132
2019-10-15,48.1102,3.8734942128426093,-0.015147569747624878
2019-10-16,48.5471,3.8825344607184835,0.009040247875874208
2019-10-17,49.7341,3.9066908145323302,0.02415635381384673
2019-10-18,50.2822,3.9176511377369816,0.010960323204651345
2019-10-21,49.2142,3.8961821997423116,-0.02146893799466998
2019-10-22,49.2045,3.8959850827303737,-0.00019711701193791953
2019-10-23,50.2071,3.916156450959749,0.020171368229375375
2019-10-24,53.4188,3.978162743932689,0.062006292972939914
2019-10-25,54.5405,3.9989435449588453,0.020780801026156315
2019-10-28,54.1426,3.9916213066754653,-0.007322238283379967
2019-10-29,55.0428,4.00811106442417,0.01648975774870509
2019-10-30,55.5256,4.016844175665376,0.008733111241205904
2019-10-31,57.0471,4.043877242413084,0.027033066747708112
2019-11-01,56.0104,4.0255373877781,-0.01833985463498422
2019-11-04,55.3393,4.0134833252003554,-0.012054062577744773
2019-11-05,54.802,4.003726689638359,-0.00975663556199624
2019-11-06,55.2477,4.011826710572077,0.008100020933717644
2019-11-07,54.1981,3.9926458524805937,-0.019180858091483177
2019-11-08,53.5028,3.979733988981055,-0.012911863499538878
2019-11-11,53.6686,3.9828281005121946,0.0030941115311398093
2019-11-12,53.9378,3.9878315308212264,0.005003430309031831
2019-11-13,54.7278,4.002371807015534,0.0145402761943072
2019-11-14,54.959,4.006587452697616,0.004215645682082325
2019-11-15,54.403,3.9964192994001775,-0.010168153297438476
2019-11-18,55.0428,4.00811106442417,0.01169176502399294
2019-11-19,55.8699,4.023025773600116,0.014914709175945617
2019-11-20,56.221,4.029290352584513,0.00626457898439714
2019-11-21,55.8427,4.0225388097207055,-0.006751542863807636
2019-11-22,55.6826,4.0196677103382665,-0.002871099382439013
2019-11-25,53.966,3.9883542186346683,-0.031313491703598206
2019-11-26,54.1621,3.9919814018552815,0.0036271832206131727
2019-11-27,54.0782,3.9904311471571146,-0.0015502546981669418
2019-11-29,55.4837,4.016089283922256,0.025658136765141837
2019-12-02,55.9108,4.023757563646613,0.007668279724356353
2019-12-03,57.4294,4.050556367320324,0.026798803673711014
2019-12-04,57.133,4.0453818831728325,-0.005174484147491221
2019-12-05,57.1768,4.046148221704499,0.0007663385316662996
2019-12-06,56.1537,4.028092573937787,-0.018055647766711758
2019-12-09,55.2047,4.011048094585962,-0.01704447935182518
2019-12-10,55.1218,4.009545282195429,-0.0015028123905329593
2019-12-11,56.779,4.039166539054582,0.029621256859153178
2019-12-12,56.5185,4.034568018186023,-0.004598520868559497
2019-12-13,56.9165,4.041585281520816,0.0070172633347933555
2019-12-16,55.8474,4.022622971163892,-0.018962310356924306
2019-12-17,55.0087,4.007491354541228,-0.01513161662266338
2019-12-18,55.0281,4.007843963853768,0.0003526093125394425
2019-12-19,54.721,4.002247548001113,-0.005596415852655134
2019-12-20,53.9749,3.988519123689567,-0.013728424311545417
2019-12-23,55.6047,4.018267730057977,0.029748606368410258
2019-12-24,57.1047,4.04488642500834,0.026618694950362176
2019-12-26,57.0754,4.044373200713684,-0.000513224294655501
2019-12-27,57.0657,4.0442032356437245,-0.00016996506995958782
2019-12-30,58.1561,4.063130774580735,0.01892753893701027
2019-12-31,57.3543,4.049247818968666,-0.013882955612069203
2020-01-02,56.6092,4.036171516169876,-0.013076302798789463
2020-01-03,56.7136,4.038014040878683,0.0018425247088069696
2020-01-06,56.779,4.039166539054582,0.0011524981758990194
2020-01-07,57.2344,4.047155116219484,0.007988577164901756
2020-01-08,55.1218,4.009545282195429,-0.03760983402405493
2020-01-09,54.8975,4.0054678101380095,-0.0040774720574194845
2020-01-10,55.2047,4.011048094585962,0.005580284447952444
2020-01-13,54.1163,3.9911354343727283,-0.01991266021323357
2020-01-14,54.1797,3.992306299543059,0.0011708651703306039
2020-01-15,56.0504,4.0262512859779855,0.033944986434926605
2020-01-16,56.182,4.028596420900039,0.002345134922053127
2020-01-17,56.182,4.028596420900039,0.0
2020-01-21,58.1366,4.062795413888572,0.03419899298853313
2020-01-22,56.4795,4.033877740454583,-0.028917673433988433
2020-01-23,56.7604,4.03883889948336,0.004961159028776585
2020-01-24,57.7084,4.055402743507483,0.016563844024123142
2020-01-27,57.4392,4.050726997066377,-0.004675746441106021
2020-01-28,55.354,4.013748923932824,-0.03697807313355295
2020-01-29,56.4795,4.033877740454583,0.02012881652175924
2020-01-30,56.9457,4.042098182213761,0.008220441759177355
2020-01-31,57.5495,4.052645447032844,0.010547264819082969
2020-02-03,56.7214,4.0381515645708825,-0.01449388246196115
2020-02-04,55.3345,4.0133965838035115,-0.024754980767371038
2020-02-05,55.4739,4.0159126398703755,0.002516056066864003
2020-02-06,55.4837,4.016089283922256,0.00017664405188089205
2020-02-07,54.125,3.991296186322654,-0.024793097599602465
2020-02-10,55.1287,4.009670451695958,0.01837426537330389
2020-02-11,55.4837,4.016089283922256,0.006418832226298576
2020-02-12,55.195,4.010872369470315,-0.005216914451941612
2020-02-13,55.0281,4.007843963853768,-0.0030284056165470474
2020-02-14,46.4258,3.8378553391850754,-0.16998862466869236
2020-02-18,46.1565,3.832037796101548,-0.005817543083527443
2020-02-19,46.2112,3.833222192950109,0.0011843968485609757
2020-02-20,47.84,3.867862109642376,0.03463991669226729
2020-02-21,48.3618,3.878710245897586,0.010848136255209972
2020-02-24,49.0982,3.893822374250685,0.015112128353098608
2020-02-25,48.3521,3.8785096542549673,-0.015312719995717483
2020-02-26,47.6274,3.8634082258779325,-0.015101428377034765
2020-02-27,46.1702,3.8323345683267127,-0.031073657551219824
2020-02-28,44.4225,3.7937460978370927,-0.03858847048962
2020-03-02,45.0847,3.808542942831916,0.014796844994823477
2020-03-03,47.2431,3.8553066115300463,0.04676366869813009
2020-03-04,47.6645,3.864186886013254,0.008880274483207717
2020-03-05,49.6834,3.9056708732866707,0.041483987273416734
2020-03-06,49.5898,3.903785167421726,-0.0018857058649448533
2020-03-09,46.0649,3.830051271712995,-0.07373389570873101
2020-03-10,46.1029,3.8308758547485695,0.0008245830355746442
2020-03-11,42.3548,3.746081755879685,-0.08479409886888467
2020-03-12,39.6082,3.6790361675313257,-0.06704558834835916
2020-03-13,34.8321,3.5505393754113594,-0.12849679211996623
2020-03-16,36.1585,3.587912052362676,0.03737267695131674
2020-03-17,38.8328,3.6592652503377554,0.07135319797507922
2020-03-18,33.9835,3.525875112705213,-0.1333901376325426
2020-03-19,36.3936,3.5943929350079884,0.06851782230277559
2020-03-20,34.3931,3.537855962864865,-0.056536972143123254
2020-03-23,35.3753,3.566013836492813,0.02815787362794797
2020-03-24,41.196,3.7183411642635553,0.1523273277707422
2020-03-25,38.8231,3.6590154302970257,-0.059325733966529626
2020-03-26,38.5705,3.6524877355792023,-0.00652769471782344
2020-03-27,36.2531,3.5905248948856725,-0.06196284069352975
2020-03-30,37.4781,3.6237567623819436,0.03323186749627105
2020-03-31,37.1874,3.6159699942266026,-0.007786768155340962
2020-04-01,38.8698,3.6602175994945783,0.044247605267975665
2020-04-02,40.7767,3.7081108398513476,0.04789324035676934
2020-04-03,41.7491,3.7316778941782838,0.023567054326936177
2020-04-06,42.6269,3.7524855093903136,0.020807615212029784
2020-04-07,42.4591,3.7485412596303025,-0.003944249760011065
2020-04-08,42.8883,3.7585990614643983,0.01005780183409577
2020-04-09,45.786,3.823978367535551,0.06537930607115294
2020-04-13,48.3179,3.8778020924172343,0.05382372488168308
2020-04-14,49.3831,3.8996082603993636,0.02180616798212931
2020-04-15,49.2055,3.8960054058682667,-0.0036028545310968774
2020-04-16,50.4021,3.920032840875958,0.024027435007691444
2020-04-17,50.3554,3.9191058626689945,-0.0009269782069636356
2020-04-20,50.3554,3.9191058626689945,0.0
2020-04-21,50.2812,3.9176312497856984,-0.0014746128832960892
2020-04-22,52.8405,3.9672779421377427,0.04964669235204422
2020-04-23,56.0551,4.026335135566145,0.059057193428402766
2020-04-24,56.9252,4.0417381253384494,0.015402989772304032
2020-04-27,56.8414,4.040264933467445,-0.0014731918710042535
2020-04-28,57.133,4.0453818831728325,0.005116949705387341
2020-04-29,56.6541,4.036964359082841,-0.008417524089991524
2020-04-30,54.8419,4.004454500337564,-0.03250985874527679
2020-05-01,57.1964,4.046490959342195,0.042036459004631155
2020-05-04,59.2329,4.081477130765117,0.03498617142292204
2020-05-05,59.5888,4.0874676369491425,0.0059905061840250795
2020-05-06,59.189,4.080735713814182,-0.006731923134960738
2020-05-07,61.2537,4.115024255763602,0.03428854194942055
2020-05-08,61.5815,4.120361500757663,0.005337244994060519
2020-05-11,60.3281,4.099797998504064,-0.02056350225359882
2020-05-12,60.0287,4.094822781190514,-0.004975217313550218
2020-05-13,60.7017,4.1059717042630615,0.011148923072547667
2020-05-14,61.7756,4.123508464494442,0.017536760231380732
2020-05-15,64.4216,4.16544898060176,0.04194051610731808
2020-05-18,61.7853,4.123665472091829,-0.04178350850993162
2020-05-19,63.5604,4.151990634914918,0.028325162823088945
2020-05-20,62.4203,4.133890542982958,-0.018100091931959383
2020-05-21,60.8031,4.107640774514442,-0.026249768468516343
2020-05-22,61.3561,4.116694595716988,0.00905382120254572
2020-05-26,59.2329,4.081477130765117,-0.03521746495187017
2020-05-27,58.9997,4.077532359147029,-0.003944771618088261
2020-05-28,59.4299,4.084797466725294,0.007265107578264818
2020-05-29,60.0024,4.094384561422122,0.009587094696827947
2020-06-01,60.1048,4.096089705240491,0.0017051438183690593
2020-06-02,58.2956,4.0655266188102015,-0.030563086430289488
2020-06-03,54.603,4.0000888262963805,-0.06543779251382098
2020-06-04,54.6117,4.000248145509241,0.00015931921286060913
2020-06-05,54.5454,3.999033382417276,-0.0012147630919652208
2020-06-08,54.1055,3.9909358442709957,-0.008097538146280225
2020-06-09,55.1647,4.01032325596672,0.019387411695724666
2020-06-10,57.9581,4.059720335686732,0.04939707972001184
2020-06-11,56.0543,4.026320863792324,-0.03339947189440817
2020-06-12,55.55,4.017283516085639,-0.009037347706684962
2020-06-15,57.208,4.046693748746095,0.029410232660455726
2020-06-16,55.2671,4.01217779477436,-0.03451595397173435
2020-06-17,54.762,4.002996522762795,-0.009181272011565156
2020-06-18,53.8148,3.9855485222734175,-0.01744800048937778
2020-06-19,55.4934,4.016264094762055,0.03071557248863721
2020-06-22,57.4899,4.051609280200742,0.03534518543868703
2020-06-23,58.5131,4.0692506607927985,0.017641380592056777
2020-06-24,57.6948,4.0551670481357265,-0.014083612657072031
2020-06-25,57.8187,4.057312252765741,0.0021452046300147742
2020-06-26,57.6674,4.0546920225118175,-0.002620230253923772
2020-06-29,58.361,4.066647858531771,0.011955836019953203
2020-06-30,60.06,4.095344062555184,0.02869620402341333
2020-07-01,60.2931,4.099217669325077,0.003873606769892568
2020-07-02,58.9051,4.075927674345398,-0.02328999497967832
2020-07-06,58.9803,4.077203489844184,0.0012758154987855264
2020-07-07,60.3028,4.0993785371492875,0.022175047305103668
2020-07-08,61.7551,4.123176563190747,0.023798026041459863
2020-07-09,62.0262,4.127556876428198,0.004380313237450473
2020-07-10,60.9114,4.10942034931582,-0.018136527112377898
2020-07-13,58.4447,4.068081008015505,-0.041339341300314913
2020-07-14,61.0245,4.111275422882082,0.04319441486657727
2020-07-15,61.7092,4.1224330283857125,0.011157605503630208
2020-07-16,61.0245,4.111275422882082,-0.011157605503630208
2020-07-17,62.7587,4.139297213819832,0.028021790937749813
2020-07-20,64.3328,4.164069610046972,0.02477239622713956
2020-07-21,64.5864,4.168003862308991,0.003934252262019378
2020-07-22,65.6096,4.18372202670659,0.01571816439759921
2020-07-23,64.839,4.171907274169891,-0.011814752536698947
2020-07-24,67.3144,4.209374181073492,0.03746690690360044
2020-07-27,69.4903,4.241187174484855,0.031812993411363344
2020-07-28,70.456,4.254988401503159,0.013801227018303663
2020-07-29,68.712,4.229923856463924,-0.02506454503923461
2020-07-30,70.6247,4.2573799416699725,0.027456085206048364
2020-07-31,74.5251,4.311135981394835,0.053756039724862426
2020-08-03,73.1927,4.293095689218264,-0.018040292176570993
2020-08-04,76.4757,4.3369730433131535,0.043877354094889576
2020-08-05,78.2947,4.360479912327762,0.023506869014608966
2020-08-06,78.8477,4.3675181436748005,0.007038231347038071
2020-08-07,77.2063,4.346481059918741,-0.021037083756059616
2020-08-10,76.7752,4.340881671338146,-0.0055993885805945
2020-08-11,72.4711,4.283187861700627,-0.057693809637519244
2020-08-12,72.5188,4.283845838590341,0.0006579768897134741
2020-08-13,74.1037,4.305465463579071,0.02161962498873038
2020-08-14,74.1136,4.305599051223897,0.000133587644826072
2020-08-17,77.3184,4.347931960903053,0.04233290967915604
2020-08-18,77.0093,4.343926193781241,-0.0040057671218125535
2020-08-19,75.4712,4.323751126528125,-0.02017506725311513
2020-08-20,75.8564,4.328842079294984,0.0050909527668583365
2020-08-21,74.5349,4.31126747206992,-0.017574607225063765
2020-08-24,73.7467,4.300636248456096,-0.010631223613824403
2020-08-25,73.7087,4.300120838361366,-0.0005154100947297735
2020-08-26,75.7159,4.326988178018287,0.026867339656921452
2020-08-27,74.4392,4.309982684806038,-0.01700549321224898
2020-08-28,77.1009,4.345114953652904,0.0351322688468656
2020-08-31,77.5418,4.350817145798469,0.005702192145564666
2020-09-01,76.2729,4.334317698266987,-0.016499447531481692
2020-09-02,77.0531,4.344494794571311,0.010177096304324174
2020-09-03,75.3629,4.322315111480987,-0.022179683090324254
2020-09-04,74.1203,4.305689448899524,-0.01662566258146292
2020-09-08,74.6577,4.31291366668992,0.007224217790396281
2020-09-09,78.125,4.358310108056566,0.04539644136664567
2020-09-10,77.176,4.346088527868252,-0.012221580188313652
2020-09-11,77.2414,4.346935582719719,0.0008470548514667442
2020-09-14,81.2733,4.397817549330179,0.050881966610460516
2020-09-15,80.6902,4.39061713047923,-0.007200418850949575
2020-09-16,80.4463,4.387589881081817,-0.0030272493974132786
2020-09-17,79.074,4.370384122889807,-0.017205758192009313
2020-09-18,75.8691,4.329009486883421,-0.04137463600638647
2020-09-21,73.7926,4.301258455576243,-0.027751031307177598
2020-09-22,74.1954,4.3067021536424255,0.005443698066182279
2020-09-23,70.22,4.251633170740286,-0.055068982902139574
2020-09-24,73.575,4.298305294119537,0.04667212337925086
2020-09-25,73.4444,4.296528657371562,-0.0017766367479747913
2020-09-28,73.575,4.298305294119537,0.0017766367479747913
2020-09-29,75.005,4.317554777980853,0.01924948386131664
2020-09-30,74.8254,4.315157399531357,-0.002397378449496834
2020-10-01,76.2066,4.333448073115038,0.018290673583681638
2020-10-02,74.7973,4.314781788072262,-0.018666285042776565
2020-10-05,76.0387,4.331242421208962,0.016460633136700764
2020-10-06,73.2377,4.293710315708619,-0.03753210550034325
2020-10-07,72.9373,4.289600167969322,-0.0041101477392970764
2020-10-08,73.8287,4.301747544897631,0.012147376928308695
2020-10-09,77.7212,4.353128064431217,0.05138051953358591
2020-10-12,77.7115,4.353003251569926,-0.0001248128612907351
2020-10-13,78.1621,4.358784875336743,0.005781623766816679
2020-10-14,79.1219,4.370989701181834,0.012204825845091527
2020-10-15,77.8802,4.355171748554117,-0.015817952627717347
2020-10-16,76.424,4.3362967829677075,-0.01887496558640933
2020-10-19,74.7699,4.31441539757613,-0.0218813853915778
2020-10-20,74.9953,4.317425444906006,0.0030100473298766417
2020-10-21,76.8093,4.34132572657237,0.023900281666363377
2020-10-22,74.8918,4.316044405224136,-0.02528132134823391
2020-10-23,74.4782,4.31050646511501,-0.005537940109126005
2020-10-26,74.5621,4.311632335216754,0.001125870101744475
2020-10-27,75.7754,4.327773701715813,0.01614136649905884
2020-10-28,71.5563,4.270484552440724,-0.0572891492750891
2020-10-29,73.933,4.303159277671718,0.03267472523099357
2020-10-30,74.5251,4.311135981394835,0.007976703723117318
2020-11-02,76.1129,4.332217764299434,0.0210817829045995
2020-11-03,77.5329,4.350702362406855,0.018484598107420425
2020-11-04,74.9562,4.316903942941889,-0.03379841946496587
2020-11-05,78.0782,4.357710888560417,0.04080694561852827
2020-11-06,79.1023,4.37074195146845,0.013031062908032354
2020-11-09,71.5367,4.2702106047266835,-0.10053134674176611
2020-11-10,68.8769,4.232320853299483,-0.0378897514272003
2020-11-11,68.6409,4.228888566981858,-0.003432286317624822
2020-11-12,70.0698,4.249491888089801,0.020603321107942385
2020-11-13,69.8074,4.245740021340879,-0.003751866748921806
2020-11-16,68.6126,4.228476191335321,-0.01726383000555831
2020-11-17,67.2979,4.209129032597719,-0.01934715873760151
2020-11-18,64.6937,4.169663824277438,-0.03946520832028089
2020-11-19,63.256,4.147189984768626,-0.022473839508812432
2020-11-20,63.5643,4.152051991991886,0.004862007223260356
2020-11-23,60.8684,4.10871415663383,-0.0433378353580558
2020-11-24,59.4317,4.0848277540510605,-0.02388640258276986
2020-11-25,60.2921,4.099201083541746,0.014373329490685371
2020-11-27,60.9251,4.109645240872253,0.010444157330507409
2020-11-30,62.2476,4.1311199803847165,0.02147473951246326
2020-12-01,65.0166,4.174642621905922,0.04352264152120533
2020-12-02,65.281,4.178701029165974,0.004058407260052022
2020-12-03,65.2428,4.178115695286778,-0.0005853338791954599
2020-12-04,65.2623,4.178414534184953,0.0002988388981748358
2020-12-07,68.1533,4.221759579567418,0.04334504538246442
2020-12-08,69.0047,4.234174618219503,0.012415038652084931
2020-12-09,66.8697,4.202745949739089,-0.03142866848041326
2020-12-10,67.0677,4.205702556993451,0.002956607254361643
2020-12-11,66.303,4.194235145036896,-0.011467411956554763
2020-12-14,64.9141,4.173064857432043,-0.0211702876048534
2020-12-15,66.3957,4.195632295349287,0.02256743791724425
2020-12-16,67.493,4.212023888797179,0.016391593447892205
2020-12-17,68.9764,4.233764417106498,0.021740528309318385
2020-12-18,67.6343,4.214115250816571,-0.019649166289926967
2020-12-21,67.7582,4.215945485646214,0.0018302348296437287
2020-12-22,66.303,4.194235145036896,-0.0217103406093182
2020-12-23,67.0863,4.205979850255213,0.011744705218316831
2020-12-24,67.5593,4.213005730725472,0.007025880470258983
2020-12-28,66.8503,4.2024557911968206,-0.010549939528651464
2020-12-29,67.2657,4.208650448484116,0.006194657287295513
2020-12-30,68.163,4.221901895636976,0.013251447152859974
2020-12-31,66.6326,4.1991939472749324,-0.022707948362043595
2021-01-04,71.0471,4.26334303738357,0.06414909010863745
2021-01-05,70.1576,4.250744139953182,-0.012598897430388334
2021-01-06,71.367,4.267835577631239,0.017091437678057098
2021-01-07,72.1891,4.279289064972648,0.011453487341409385
2021-01-08,68.1533,4.221759579567418,-0.057529485405230396
2021-01-11,65.5647,4.1830374413609315,-0.03872213820648618
2021-01-12,66.5577,4.198069240627444,0.015031799266512103
2021-01-13,66.2445,4.1933524425521504,-0.004716798075293127
2021-01-14,66.1509,4.1919384959105885,-0.001413946641561914
2021-01-15,64.8752,4.172465424332938,-0.019473071577650103
2021-01-19,64.724,4.170132075537562,-0.002333348795376722
2021-01-20,67.3886,4.2104758641466935,0.04034378860913179
2021-01-21,66.9926,4.204582165529969,-0.005893698616724841
2021-01-22,66.8034,4.201753977450923,-0.0028281880790457237
2021-01-25,67.2091,4.207808655027762,0.006054677576838863
2021-01-26,67.0286,4.205119393981375,-0.0026892610463864486
2021-01-27,64.2323,4.162506199440663,-0.04261319454071266
2021-01-28,65.5939,4.183482703821531,0.020976504380868732
2021-01-29,66.0094,4.18979715612748,0.006314452305948848
2021-02-01,66.8785,4.2028775402952645,0.013080384167784231
2021-02-02,65.5364,4.182605713473986,-0.02027182682127826
2021-02-03,65.4798,4.181741698130524,-0.0008640153434624764
2021-02-04,64.686,4.169544794785036,-0.01219690334548762
2021-02-05,67.0863,4.205979850255213,0.03643505547017689
2021-02-08,68.5697,4.227850746195554,0.021870895940341306
2021-02-09,68.4176,4.225630101471499,-0.002220644724054921
2021-02-10,69.0047,4.234174618219503,0.008544516748003161
2021-02-11,67.1057,4.206268988208819,-0.027905630010683247
2021-02-12,63.0143,4.143361684761517,-0.062907303447302
2021-02-16,60.3574,4.100283558087869,-0.043078126673647965
2021-02-17,58.2692,4.065073651869043,-0.03520990621882625
2021-02-18,57.7308,4.055790826589853,-0.009282825279190554
2021-02-19,56.5029,4.0342919642688155,-0.021498862321037038
2021-02-22,58.8749,4.075414853821339,0.041122889552523745
2021-02-23,57.4187,4.0503700342415705,-0.025044819579768784
2021-02-24,58.2507,4.064756109540986,0.014386075299415602
2021-02-25,55.4915,4.016229855870094,-0.04852625367089214
2021-02-26,53.1137,3.972434898737123,-0.04379495713297077
2021-03-01,52.6298,3.963282499244464,-0.009152399492659224
2021-03-02,54.3025,3.9945702663957117,0.0312877671512477
2021-03-03,53.2287,3.974597724568195,-0.019972541827516732
2021-03-04,53.5223,3.9800983894855304,0.005500664917335474
2021-03-05,54.3513,3.995468532324401,0.015370142838870393
2021-03-08,53.9417,3.987903833714764,-0.007564698609636711
2021-03-09,54.7687,4.003118862892245,0.015215029177481298
2021-03-10,55.0448,4.008147399124904,0.0050285362326585314
2021-03-11,56.0611,4.026442167377886,0.018294768252982152
2021-03-12,56.1947,4.028822446402728,0.002380279024841947
2021-03-15,56.7175,4.038082805088878,0.009260358686150383
2021-03-16,56.2893,4.0305044637972625,-0.007578341291615942
2021-03-17,58.3902,4.067148067533629,0.03664360373636644
2021-03-18,57.1545,4.045758127298456,-0.02138994023517249
2021-03-19,57.6498,4.054386777498296,0.008628650199839605
2021-03-22,57.4207,4.05040486549287,-0.003981912005426302
2021-03-23,56.3566,4.031699358738089,-0.018705506754781
2021-03-24,55.7655,4.02115539860374,-0.010543960134349106
2021-03-25,55.1111,4.009351147775784,-0.011804250827955443
2021-03-26,55.9567,4.024578177365088,0.015227029589303775
2021-03-29,56.1098,4.02731048532951,0.0027323079644219206
2021-03-30,53.9134,3.9873790555512936,-0.03993142977821629
2021-03-31,54.959,4.006587452697616,0.019208397146322387
2021-04-01,56.7263,4.038237947988141,0.031650495290524994
2021-04-05,57.0598,4.044099840696842,0.0058618927087010775
2021-04-06,57.6011,4.053541664741719,0.00944182404487659
2021-04-07,57.1076,4.044937207629838,-0.008604457111880848
2021-04-08,57.7825,4.056685961668707,0.011748754038869436
2021-04-09,57.7728,4.056518076681644,-0.00016788498706343802
2021-04-12,57.1545,4.045758127298456,-0.010759949383187362
2021-04-13,58.2293,4.064388664481907,0.018630537183450535
2021-04-14,57.802,4.057023377155819,-0.007365287326088321
2021-04-15,60.1399,4.09667351477217,0.039650137616351167
2021-04-16,61.3942,4.117315368150513,0.020641853378343455
2021-04-19,62.3646,4.132997806703179,0.015682438552666156
2021-04-20,63.0971,4.144674809695467,0.01167700299228791
2021-04-21,63.9144,4.157544688108192,0.012869878412725022
2021-04-22,62.8971,4.1415000577150725,-0.016044630393119874
2021-04-23,62.8494,4.140741388451309,-0.0007586692637637782
2021-04-26,62.6016,4.136790836884856,-0.003950551566452631
2021-04-27,61.4332,4.117950405630923,-0.018840431253932977
2021-04-28,61.88,4.125197025704866,0.007246620073942722
2021-04-29,60.4823,4.102350760248719,-0.022846265456147208
2021-04-30,59.3606,4.083630706624753,-0.018720053623965782
2021-05-03,63.5906,4.152465660680628,0.06883495405587503
2021-05-04,63.0971,4.144674809695467,-0.0077908509851605245
2021-05-05,63.4014,4.149485943218304,0.004811133522836464
2021-05-06,64.923,4.173201952299595,0.023716009081291567
2021-05-07,65.7588,4.185993502406242,0.012791550106646454
2021-05-10,65.1307,4.1763960202358525,-0.009597482170389249
2021-05-11,65.6924,4.184983241478271,0.008587221242418508
2021-05-12,65.2828,4.178728601892872,-0.006254639585399069
2021-05-13,65.4827,4.181785985617407,0.003057383724534901
2021-05-14,66.5664,4.198199945736622,0.016413960119215254
2021-05-17,69.6377,4.243306087358605,0.04510614162198312
2021-05-18,69.3812,4.239615937442764,-0.0036901499158412676
2021-05-19,68.5911,4.228162788705858,-0.011453148736905838
2021-05-20,69.941,4.247652029502703,0.019489240796844776
2021-05-21,68.5257,4.227208857386583,-0.02044317211611979
2021-05-24,68.562,4.227738445392632,0.0005295880060485203
2021-05-25,68.7336,4.230238162635643,0.0024997172430110126
2021-05-26,69.1803,4.236716140013063,0.006477977377420174
2021-05-27,68.163,4.221901895636976,-0.014814244376086805
2021-05-28,68.2108,4.222602910083409,0.0007010144464327794
2021-06-01,68.1444,4.221628983086147,-0.0009739269972621756
2021-06-02,68.4673,4.226356259026993,0.0047272759408460985
2021-06-03,66.5284,4.19762892416354,-0.02872733486345247
2021-06-04,67.2326,4.20815824894452,0.010529324780979898
2021-06-07,67.0892,4.206023077222885,-0.002135171721635132
2021-06-08,66.7458,4.200891373952413,-0.0051317032704716325
2021-06-09,67.2228,4.208012475699007,0.007121101746593972
2021-06-10,68.9053,4.232733098138108,0.02472062243910056
2021-06-11,67.765,4.21604583746798,-0.016687260670128268
2021-06-14,67.4129,4.210836394263394,-0.0052094432045857175
2021-06-15,66.1577,4.192041285903167,-0.018795108360227353
2021-06-16,65.0458,4.175091637155381,-0.016949648747785595
2021-06-17,61.2527,4.115007930085922,-0.06008370706945865
2021-06-18,59.6737,4.0888913873206585,-0.026116542765263873
2021-06-21,60.8997,4.109228248595343,0.020336861274684814
2021-06-22,60.2257,4.098099171513504,-0.011129077081839078
2021-06-23,59.3411,4.08330215193387,-0.01479701957963453
2021-06-24,59.465,4.085387904179209,0.002085752245339023
2021-06-25,59.2455,4.081689827763853,-0.0036980764153558
2021-06-28,58.0293,4.0609480554035855,-0.02074177236026742
2021-06-29,57.6869,4.0550301113422424,-0.00591794406134305
2021-06-30,57.4684,4.0512352315196,-0.003794879822642372
2021-07-01,57.5163,4.052068385891804,0.0008331543722039925
2021-07-02,58.6477,4.071548358644255,0.019479972752450614
2021-07-06,58.7033,4.072495943311797,0.0009475846675419675
2021-07-07,58.7715,4.073657043524983,0.0011611002131859394
2021-07-08,57.5358,4.052407362758575,-0.021249680766407764
2021-07-09,58.4467,4.0681152278126875,0.015707865054112702
2021-07-12,57.4968,4.051729294080752,-0.016385933731935864
2021-07-13,58.6857,4.072196085571601,0.020466791490849623
2021-07-14,59.1226,4.079613254022047,0.007417168450445821
2021-07-15,59.4933,4.085863701169144,0.0062504471470967715
2021-07-16,58.239,4.064555233411348,-0.02130846775779549
2021-07-19,57.7153,4.055522303008837,-0.009032930402510964
2021-07-20,57.9532,4.059635788278448,0.004113485269610528
2021-07-21,58.163,4.063249413738157,0.0036136254597094464
2021-07-22,57.4031,4.050098308835838,-0.01315110490231941
2021-07-23,56.9935,4.0429372262443355,-0.007161082591502499
2021-07-26,58.1054,4.0622586027402905,0.019321376495955
2021-07-27,58.1434,4.062912372953033,0.0006537702127422662
2021-07-28,58.676,4.072030784625516,0.009118411672483617
2021-07-29,61.5756,4.120265688173499,0.04823490354798299
2021-07-30,61.4897,4.118869681111389,-0.0013960070621106269
2021-08-02,60.9289,4.109707610593415,-0.009162070517973575
2021-08-03,60.8714,4.1087634420770565,-0.000944168516358701
2021-08-04,60.1975,4.097630823213252,-0.011132618863804566
2021-08-05,58.7813,4.073823777112319,-0.02380704610093254
2021-08-06,57.5455,4.052575939234909,-0.021247837877409914
2021-08-09,56.0152,4.025623082476508,-0.026952856758401644
2021-08-10,55.0535,4.008305439712599,-0.017317642763909014
2021-08-11,55.7947,4.021678882797329,0.013373443084730319
2021-08-12,55.1208,4.009527140388178,-0.01215174240915129
2021-08-13,56.223,4.029325925847652,0.01979878545947411
2021-08-16,56.0904,4.026964674890788,-0.002361250956863792
2021-08-17,55.4631,4.015717934766864,-0.011246740123923793
2021-08-18,53.7984,3.9852437269485512,-0.030474207818313115
2021-08-19,53.1907,3.97388356903612,-0.01136015791243139
2021-08-20,53.3517,3.976905842282257,0.0030222732461373525
2021-08-23,55.3481,4.013642331555524,0.036736489273267114
2021-08-24,55.4057,4.014682476547264,0.0010401449917400996
2021-08-25,54.3787,3.9959725330708373,-0.01870994347642707
2021-08-26,53.732,3.984008727200767,-0.011963805870070399
2021-08-27,55.6807,4.0196335877862195,0.035624860585452556
2021-08-30,54.4264,3.996849330262437,-0.022784257523782436
2021-08-31,55.2915,4.0126191896617085,0.015769859399271446
2021-09-01,54.801,4.003708441962656,-0.008910747699052202
2021-09-02,55.3969,4.014523635508905,0.01081519354624838
2021-09-03,56.5887,4.035809318633984,0.021285683125078947
2021-09-07,54.8107,4.003885430368554,-0.03192388826543002
2021-09-08,54.763,4.003014783433875,-0.0008706469346781986
2021-09-09,54.4751,3.99774371653345,-0.005271066900425225
2021-09-10,53.0327,3.9709087044295903,-0.026835012103859857
2021-09-13,53.3691,3.9772319267972565,0.006323222367666137
2021-09-14,53.571,3.981007876883097,0.0037759500858407513
2021-09-15,53.7827,3.9849518541175155,0.0039439772344183055
2021-09-16,51.7443,3.9463142811515444,-0.038637572965971145
2021-09-17,51.1668,3.935090884218939,-0.011223396932605212
2021-09-20,50.966,3.931158743736622,-0.003932140482317159
2021-09-21,50.8314,3.9285142738692067,-0.002644469867415289
2021-09-22,50.4851,3.9216782432406947,-0.006836030628512013
2021-09-23,49.1781,3.8954484024508593,-0.026229840789835368
2021-09-24,48.553,3.882655984795333,-0.0127924176555263
2021-09-27,48.5921,3.883460966253202,0.0008049814578687808
2021-09-28,47.7941,3.8669022009168392,-0.01655876533636258
2021-09-29,49.1294,3.894457633608528,0.027555432691688697
2021-09-30,49.8414,3.9088459639723245,0.014388330363796609
2021-10-01,49.0143,3.892112092269264,-0.016733871703060732
2021-10-04,50.0813,3.9136476849213815,0.021535592652117685
2021-10-05,50.5719,3.9233960860689097,0.009748401147528174
2021-10-06,51.2254,3.9362355027816402,0.01283941671273059
2021-10-07,51.6867,3.9452004950341424,0.008964992252502135
2021-10-08,51.8886,3.9490991128653596,0.003898617831217255
2021-10-11,51.6682,3.9448425052301257,-0.004256607635233944
2021-10-12,52.9937,3.970173038562242,0.0253305333321161
2021-10-13,54.8781,4.005114361827056,0.03494132326481436
2021-10-14,55.6465,4.01901918266194,0.013904820834883758
2021-10-15,55.2047,4.011048094585962,-0.007971088075978017
2021-10-18,54.3777,3.9959541433484844,-0.015093951237477476
2021-10-19,54.5415,3.998961879789524,0.003007736441039466
2021-10-20,55.1189,4.009492670047635,0.0105307902581111
2021-10-21,54.8878,4.005291101598246,-0.004201568449389015
2021-10-22,54.916,4.005804745035358,0.0005136434371122434
2021-10-25,55.6084,4.018334268981924,0.012529523946565924
2021-10-26,55.0418,4.008092896578713,-0.010241372403211102
2021-10-27,54.522,3.998604289941265,-0.009488606637447994
2021-10-28,53.2434,3.9748738532459122,-0.023730436695352797
2021-10-29,50.9951,3.931729549677125,-0.04314430356878729
2021-11-01,51.12,3.9341758100692794,0.0024462603921544535
2021-11-02,50.2061,3.916136533259685,-0.018039276809594273
2021-11-03,50.5621,3.9232022837861824,0.007065750526497272
2021-11-04,50.1778,3.9155726978089858,-0.007629585977196651
2021-11-05,51.5239,3.942045777688856,0.02647307987987002
2021-11-08,51.5239,3.942045777688856,0.0
2021-11-09,53.3789,3.9774155367951494,0.035369759106293586
2021-11-10,54.955,4.006514668520864,0.029099131725714322
2021-11-11,54.7532,4.002835814477207,-0.003678854043656976
2021-11-12,54.8594,4.00477354851928,0.0019377340420732025
2021-11-15,55.1472,4.010005973785073,0.005232425265792706
2021-11-16,54.1475,3.991711804329514,-0.018294169455558507
2021-11-17,54.801,4.003708441962656,0.011996637633142182
2021-11-18,53.6286,3.9820825078620037,-0.02162593410065261
2021-11-19,52.2446,3.9559365362217185,-0.026145971640285204
2021-11-22,50.8889,3.929644825118553,-0.026291711103165305
2021-11-23,50.0141,3.9123049656736195,-0.01733985944493366
2021-11-24,49.6775,3.9055521142978344,-0.006752851375785074
2021-11-26,49.8218,3.908452639249605,0.0029005249517704
2021-11-29,48.7168,3.886023939799529,-0.02242869945007575
2021-11-30,48.2038,3.875437856123263,-0.0105860836762659
2021-12-01,46.5389,3.8402885220125262,-0.03514933411073695
2021-12-02,46.2971,3.8350793241413346,-0.005209197871191673
2021-12-03,46.9067,3.848160522391981,0.013081198250646242
2021-12-06,47.6322,3.863509003122516,0.015348480730535297
2021-12-07,47.9707,3.8705904078611204,0.007081404738604302
2021-12-08,48.1941,3.875236606925246,0.004646199064125778
2021-12-09,46.7808,3.8454728623351597,-0.02976374459008646
2021-12-10,46.142,3.831723598143417,-0.013749264191742938
2021-12-13,47.2061,3.8545231215292266,0.022799523385809817
2021-12-14,47.7005,3.8649418800196513,0.010418758490424729
2021-12-15,47.3708,3.858006005118999,-0.0069358749006522835
2021-12-16,49.5391,3.9027622567585225,0.04475625163952346
2021-12-17,48.8036,3.887804080629996,-0.014958176128526457
2021-12-20,49.8004,3.908023016126864,0.020218935496867818
2021-12-21,50.4685,3.92134937928439,0.013326363157526
2021-12-22,50.6518,3.9249747680691556,0.003625388784765704
2021-12-23,49.9457,3.9109364153028565,-0.014038352766299056
2021-12-27,49.7907,3.9078282196032657,-0.0031081956995908655
2021-12-28,49.5684,3.9033535339242995,-0.004474685678966139
2021-12-29,49.5195,3.9023665313948332,-0.0009870025294662632
2021-12-30,50.9133,3.9301241860845684,0.027757654689735123
2021-12-31,51.4361,3.9403402605699234,0.010216074485354998
2022-01-03,50.091,3.9138413512349297,-0.02649890933499366
2022-01-04,51.0781,3.933355833918105,0.019514482683175238
2022-01-05,50.3524,3.919046284364218,-0.014309549553886747
2022-01-06,48.3968,3.879433695834367,-0.039612588529851056
2022-01-07,48.5227,3.882031729683416,0.0025980338490487753
2022-01-10,49.936,3.9107421855284237,0.028710455845007754
2022-01-11,50.1204,3.9144281108419903,0.003685925313566596
2022-01-12,50.8752,3.929375574958963,0.014947464116972675
2022-01-13,50.1008,3.9140369760272034,-0.015338598931759595
2022-01-14,49.7614,3.9072395830833724,-0.006797392943830971
2022-01-18,48.6875,3.885422323630967,-0.021817259452405313
2022-01-19,52.5597,3.9619496663975085,0.07652734276654138
2022-01-20,50.6909,3.9257464073078987,-0.03620325908960975
2022-01-21,49.2582,3.8970758512208628,-0.028670556087035948
2022-01-24,48.6778,3.885223074000306,-0.011852777220556554
2022-01-25,48.7841,3.887404440096209,0.0021813660959026926
2022-01-26,46.9837,3.8498007330474406,-0.03760370704876825
2022-01-27,45.2222,3.8115881167057637,-0.03821261634167694
2022-01-28,44.7765,3.801683448223156,-0.009904668482607626
2022-01-31,46.2482,3.8340225442821545,0.03233909605899843
2022-02-01,46.3545,3.8363183746778304,0.002295830395675935
2022-02-02,47.0997,3.8522666315753358,0.015948256897505342
2022-02-03,46.5965,3.8415254310147686,-0.010741200560567155
2022-02-04,46.655,3.8427801026859854,0.0012546716712167338
2022-02-07,47.6128,3.863101632651241,0.020321529965255714
2022-02-08,47.5454,3.861685044038361,-0.0014165886128800764
2022-02-09,47.8839,3.8687793310066905,0.007094286968329477
2022-02-10,45.6767,3.8215883210569377,-0.04719100994975278
2022-02-11,48.1454,3.874225598893273,0.052637277836335095
2022-02-14,50.7299,3.9265154803564704,0.052289881463197574
2022-02-15,50.0228,3.9124789014917414,-0.014036578864728977
2022-02-16,50.6236,3.9244178707233277,0.011938969231586327
2022-02-17,54.3503,3.995450133331193,0.07103226260786544
2022-02-18,53.1594,3.973294947099634,-0.02215518623155921
2022-02-22,51.911,3.9495307137645486,-0.023764233335085372
2022-02-23,53.0238,3.970740869360153,0.021210155595604352
2022-02-24,50.333,3.9186609256083296,-0.05207994375182334
2022-02-25,50.1398,3.9148151038909194,-0.003845821717410214
2022-02-28,48.8709,3.889182127318749,-0.025632976572170563
2022-03-01,51.1464,3.934692108689089,0.045509981370340125
2022-03-02,50.9425,3.9306975456929547,-0.00399456299613421
2022-03-03,51.0977,3.933739486411952,0.003041940718997438
2022-03-04,55.0965,4.009086193270189,0.07534670685823697
2022-03-07,56.8228,4.039937653634991,0.030851460364801575
2022-03-08,59.4464,4.085075066214948,0.04513741257995729
2022-03-09,60.0024,4.094384561422122,0.009309495207173946
2022-03-10,60.5388,4.103284481791572,0.00889992036945042
2022-03-11,59.8854,4.0924327358461445,-0.010851745945427815
2022-03-14,58.0224,4.060829142884284,-0.03160359296186055
2022-03-15,58.237,4.064520891572683,0.0036917486883991657
2022-03-16,58.1883,4.063684303600132,-0.0008365879725511505
2022-03-17,59.6123,4.0878619286176665,0.02417762501753451
2022-03-18,58.871,4.075348609476501,-0.012513319141165269
2022-03-21,60.9289,4.109707610593415,0.03435900111691392
2022-03-22,59.7878,4.090801626765099,-0.018905983828315875
2022-03-23,61.0947,4.112425119370965,0.02162349260586538
2022-03-24,60.6559,4.105216910131101,-0.007208209239863983
2022-03-25,60.5194,4.1029639747930196,-0.00225293533808113
2022-03-28,58.9003,4.075846184023177,-0.02711779076984211
2022-03-29,59.1538,4.080140831809732,0.004294647786554862
2022-03-30,60.217,4.09795470447623,0.017813872666497588
2022-03-31,59.7293,4.089822687271558,-0.00813201720467216
2022-04-01,61.719,4.122591825160203,0.03276913788864544
2022-04-04,61.836,4.124485719134087,0.0018938939738841754
2022-04-05,61.202,4.1141798687228714,-0.0103058504112159
2022-04-06,61.2216,4.114500068425665,0.000320199702793289
2022-04-07,61.4264,4.1178397101703,0.0033396417446356352
2022-04-08,63.5234,4.151408341954753,0.03356863178445302
2022-04-11,62.2457,4.131089456653719,-0.02031888530103476
2022-04-12,63.3381,4.148487043818141,0.017397587164422745
2022-04-13,64.0597,4.159815461060462,0.011328417242320477
2022-04-14,64.1768,4.161641774669272,0.0018263136088103593
2022-04-18,64.1281,4.160882645402367,-0.0007591292669051342
2022-04-19,62.587,4.136557588808494,-0.02432505659387285
2022-04-20,63.2893,4.147716278526966,0.01115868971847167
2022-04-21,60.2364,4.098276820749706,-0.04943945777726011
2022-04-22,58.1298,4.062678441143088,-0.03559837960661749
2022-04-25,56.0524,4.026286967513151,-0.03639147362993711
2022-04-26,54.6284,4.000553894041695,-0.025733073471456258
2022-04-27,53.7994,3.985262314689193,-0.015291579352501916
2022-04-28,54.4723,3.997692315582154,0.01243000089296098
2022-04-29,56.7935,4.039421882559018,0.04172956697686381
2022-05-02,56.1011,4.0271554201795565,-0.012266462379461274
2022-05-03,56.423,4.032876876794053,0.005721456614496745
2022-05-04,58.1395,4.06284529516255,0.029968418368496508
2022-05-05,56.657,4.03701554559503,-0.025829749567519933
2022-05-06,55.9645,4.024717561146045,-0.012297984448984778
2022-05-09,52.7167,3.9649322933944453,-0.05978526775159976
2022-05-10,52.151,3.954143356718352,-0.010788936676093375
2022-05-11,51.7218,3.9458793560822767,-0.008264000636075242
2022-05-12,49.3615,3.899170768114327,-0.04670858796794963
2022-05-13,49.3908,3.899764172032206,0.0005934039178789874
2022-05-16,50.3758,3.919510901034047,0.019746729001841157
2022-05-17,50.8148,3.9281876507362696,0.00867674970222243
2022-05-18,49.6444,3.904885594603278,-0.023302056132991744
2022-05-19,52.7362,3.9653021267555433,0.06041653215226539
2022-05-20,52.5314,3.9614110860480007,-0.003891040707542537
2022-05-23,52.4338,3.9595514215472343,-0.001859664500766467
2022-05-24,53.6822,3.9830814754301787,0.02353005388294438
2022-05-25,53.4579,3.978894428233278,-0.004187047196900551
2022-05-26,52.307,3.957130205326911,-0.02176422290636726
2022-05-27,52.7264,3.9651162788809753,0.007986073554064443
2022-05-31,52.0091,3.9514187032707135,-0.013697575610261747
2022-06-01,52.2449,3.9559422784254807,0.004523575154767201
2022-06-02,54.4754,3.9977492236215317,0.04180694519605099
2022-06-03,53.2374,3.974761156872362,-0.022988066749169533
2022-06-06,52.4709,3.9602587302101773,-0.01450242666218493
2022-06-07,52.5496,3.9617574854957027,0.001498755285525455
2022-06-08,52.1565,3.9542488141400156,-0.007508671355687113
2022-06-09,50.4369,3.92072305004863,-0.033525764091385746
2022-06-10,53.0704,3.971619334026398,0.05089628397776824
2022-06-13,49.6607,3.9052138758324673,-0.06640545819393084
2022-06-14,47.7151,3.8652479096440304,-0.03996596618843684
2022-06-15,48.3637,3.8787495323318817,0.013501622687851267
2022-06-16,50.5647,3.923253704378954,0.044504172047072466
2022-06-17,49.8572,3.909162919278262,-0.01409078510069195
2022-06-21,50.5549,3.9230598744976914,0.013896955219429241
2022-06-22,49.6017,3.9040251073370835,-0.019034767160607924
2022-06-23,47.3614,3.857807550949649,-0.046217556387434744
2022-06-24,48.3637,3.8787495323318817,0.02094198138223291
2022-06-27,49.1989,3.8958712655247476,0.017121733192865918
2022-06-28,47.7151,3.8652479096440304,-0.030623355880717185
2022-06-29,46.9291,3.848637952124034,-0.0166099575199965
2022-06-30,44.9639,3.805859945595654,-0.04277800652837982
2022-07-01,46.5852,3.841282894120606,0.03542294852495198
2022-07-05,44.7477,3.8010400467519667,-0.04024284736863937
2022-07-06,44.4431,3.7942097193142224,-0.006830327437744366
2022-07-07,44.4824,3.7950936053212416,0.0008838860070192744
2022-07-08,44.3842,3.792883550250603,-0.002210055070638539
2022-07-11,44.109,3.78666384326363,-0.006219706986973161
2022-07-12,43.1264,3.7641353385927028,-0.022528504670927152
2022-07-13,43.9616,3.7833165255973706,0.019181187004667866
2022-07-14,42.2421,3.743417354071302,-0.03989917152606859
2022-07-15,41.8687,3.734538531065637,-0.008878823005665115
2022-07-18,41.9669,3.736881212334964,0.0023426812693272403
2022-07-19,42.2323,3.7431853311141943,0.0063041187792300946
2022-07-20,40.326,3.696996422215884,-0.04618890889831029
2022-07-21,40.6601,3.705247267616753,0.008250845400869178
2022-07-22,39.5792,3.678303727741752,-0.02694353987500131
2022-07-25,37.7712,3.6315469074666917,-0.04675682027506012
2022-07-26,38.7932,3.658244973537838,0.026698066071146442
2022-07-27,38.8226,3.659002551283764,0.0007575777459258859
2022-07-28,41.2791,3.720356318610052,0.061353767326287834
2022-07-29,42.2421,3.743417354071302,0.023061035461250157
2022-08-01,42.1929,3.7422519604414477,-0.00116539362985435
2022-08-02,41.4855,3.7253439685927314,-0.016907991848716275
2022-08-03,41.8687,3.734538531065637,0.00919456247290551
2022-08-04,42.9987,3.7611698826784097,0.026631351612772747
2022-08-05,42.7038,3.754287909249178,-0.0068819734292318024
2022-08-08,44.2171,3.7891115920937763,0.03482368284459847
2022-08-09,44.1483,3.787554421212366,-0.0015571708814103857
2022-08-10,45.1113,3.809132769448865,0.021578348236499068
2022-08-11,44.1188,3.7868859954660037,-0.022246773982861345
2022-08-12,45.4552,3.8167272255201423,0.029841230054138634
2022-08-15,44.6592,3.7990603331302086,-0.017666892389933686
2022-08-16,44.6887,3.7997206732405404,0.0006603401103317807
2022-08-17,42.8905,3.758650356189913,-0.04107031705062747
2022-08-18,43.3917,3.7702681785772163,0.011617822387303356
2022-08-19,42.9594,3.7602554836226303,-0.01001269495458601
2022-08-22,43.5195,3.7732091135111,0.01295362988846982
2022-08-23,44.1679,3.787998280896587,0.014789167385486746
2022-08-24,44.9148,3.8047673618158626,0.01676908091927576
2022-08-25,44.7674,3.80148019596295,-0.0032871658529125547
2022-08-26,42.8022,3.756589503135879,-0.04489069282707092
2022-08-29,42.812,3.756818437122129,0.00022893398625001282
2022-08-30,41.5641,3.727236813915713,-0.029581623206416108
2022-08-31,40.8796,3.710631161111766,-0.016605652803947102
2022-09-01,39.8678,3.6855689805379965,-0.02506218057376941
2022-09-02,41.2268,3.719088530318424,0.03351954978042748
2022-09-06,40.6911,3.706009395317402,-0.013079135001022202
2022-09-07,42.0799,3.7395701920007753,0.03356079668337353
2022-09-08,42.6056,3.751985700034882,0.012415508034106626
2022-09-09,43.7563,3.778635602436619,0.026649902401736814
2022-09-12,44.4706,3.7948282966735465,0.016192694236927707
2022-09-13,42.4668,3.74872259418245,-0.04610570249109669
2022-09-14,42.6552,3.7531491891317548,0.004426594949304974
2022-09-15,40.7506,3.707470563504856,-0.04567862562689884
2022-09-16,41.3458,3.721970844364125,0.014500280859269132
2022-09-19,41.5641,3.727236813915713,0.005265969551587979
2022-09-20,40.8002,3.7086869833588856,-0.018549830556827462
2022-09-21,40.7804,3.7082015738279734,-0.0004854095309121398
2022-09-22,40.8002,3.7086869833588856,0.0004854095309121398
2022-09-23,38.7568,3.6573062242748304,-0.05138075908405515
2022-09-26,37.239,3.6173565992019205,-0.03994962507290989
2022-09-27,37.3481,3.6202820401376408,0.002925440935720225
2022-09-28,40.3935,3.698668880933636,0.07838684079599512
2022-09-29,41.0978,3.71595459208898,0.017285711155344163
2022-09-30,41.8914,3.7350805552646467,0.019125963175666616
2022-10-03,43.7266,3.7779566125736617,0.042876057309015
2022-10-04,45.0459,3.8076819699237854,0.029725357350123716
2022-10-05,44.0738,3.785865501594516,-0.021816468329269423
2022-10-06,44.7682,3.8014980659498607,0.01563256435534477
2022-10-07,42.2981,3.7447421677857387,-0.056755898164122076
2022-10-10,41.7525,3.7317593297436353,-0.012982838042103317
2022-10-11,41.1573,3.717401311146589,-0.014358018597046218
2022-10-12,41.6137,3.7284294399740863,0.011028128827497152
2022-10-13,41.5045,3.72580185509308,-0.0026275848810062286
2022-10-14,39.7983,3.6838241978103023,-0.04197765728277769
2022-10-17,41.0383,3.7145057770026084,0.030681579192306074
2022-10-18,41.445,3.7243672470434896,0.009861470040881226
2022-10-19,40.0761,3.6907801466529113,-0.03358710039057833
2022-10-20,40.6514,3.7050332757451683,0.014253129092256955
2022-10-21,42.7247,3.754777207326915,0.049743931581746725
2022-10-24,42.0005,3.737681522974412,-0.01709568435250297
2022-10-25,42.6751,3.7536156119700848,0.015934088995672724
2022-10-26,44.4507,3.7943807098674105,0.04076509789732574
2022-10-27,44.5698,3.797056499625085,0.0026757897576743517
2022-10-28,44.8078,3.802382231408907,0.0053257317838220075
2022-10-31,43.6075,3.775229153910153,-0.02715307749875384
2022-11-01,45.3931,3.8153601111179554,0.040130957207802354
2022-11-02,41.9609,3.7367382322971165,-0.07862187882083882
2022-11-03,40.7506,3.707470563504856,-0.029267668792260615
2022-11-04,43.062,3.76264093767599,0.05517037417113402
2022-11-07,42.7346,3.7550088965648163,-0.00763204111117366
2022-11-08,45.2542,3.8122954835181986,0.05728658695338229
2022-11-09,43.8258,3.780222685061681,-0.03207279845651767
2022-11-10,47.258,3.855621951777376,0.0753992667156953
2022-11-11,48.3095,3.8776282286887027,0.022006276911326506
2022-11-14,48.2302,3.8759853808688822,-0.001642847819820492
2022-11-15,47.7144,3.8652332391280995,-0.010752141740782761
2022-11-16,47.3771,3.8581389895969513,-0.007094249531148122
2022-11-17,46.8414,3.8467674272666246,-0.011371562330326768
2022-11-18,47.3473,3.8575097958309708,0.010742368564346183
2022-11-21,46.9803,3.849728364906419,-0.0077814309245516355
2022-11-22,48.7361,3.886420028581953,0.03669166367553389
2022-11-23,49.4106,3.900164976074761,0.01374494749280819
2022-11-25,49.4702,3.9013704680857,0.0012054920109387801
2022-11-28,48.0318,3.8718632915516427,-0.029507176534057322
2022-11-29,49.49,3.901770628963795,0.029907337412152124
2022-11-30,50.37,3.9193957597575593,0.017625130793764487
2022-12-01,52.17,3.9545076170343014,0.03511185727674215
2022-12-02,51.77,3.94681083091381,-0.007696786120491517
2022-12-05,50.35,3.9189986191645714,-0.027812211749238536
2022-12-06,50.79,3.9276994848131537,0.008700865648582301
2022-12-07,51.89,3.949126093379648,0.021426608566494476
2022-12-08,51.77,3.94681083091381,-0.0023152624658382415
2022-12-09,50.92,3.930255773689206,-0.01655505722460404
2022-12-12,51.29,3.937495801401177,0.0072400277119712975
2022-12-13,52.86,3.967646909176143,0.03015110777496588
2022-12-14,52.62,3.9630962756121466,-0.004550633563996431
2022-12-15,50.47,3.921379100352171,-0.04171717525997565
2022-12-16,51.06,3.9330014118133376,0.011622311461166657
2022-12-19,50.3,3.9180050771056933,-0.014996334707644277
2022-12-20,52.03,3.9518204753022124,0.03381539819651902
2022-12-21,52.3,3.9569963710708773,0.005175895768664951
2022-12-22,51.77,3.94681083091381,-0.010185540157067408
2022-12-23,52.62,3.9630962756121466,0.016285444698336704
2022-12-27,53.54,3.9804290380922063,0.01733276248005966
2022-12-28,52.03,3.9518204753022124,-0.028608562789993908
2022-12-29,52.15,3.9541241814467813,0.0023037061445689844
2022-12-30,51.99,3.9510513923956245,-0.003072789051156821
2023-01-03,53.56,3.9808025208229716,0.029751128427347062
2023-01-04,55.48,4.016022595446631,0.0352200746236595
2023-01-05,54.53,3.9987510089379703,-0.017271586508660786
2023-01-06,55.28,4.012411179459415,0.013660170521444304
2023-01-09,54.71,4.002046508075734,-0.010364671383680246
2023-01-10,55.24,4.0116873285410914,0.00964082046535708
2023-01-11,54.54,3.9989343774174424,-0.012752951123649048
2023-01-12,55.19,4.01078177745141,0.011847400033967226
2023-01-13,55.95,4.024458434757935,0.013676657306525009
2023-01-17,54.58,3.9996675152801924,-0.024790919477742257
2023-01-18,54.37,3.995812531157829,-0.003854984122363181
2023-01-19,55.51,4.01656318470207,0.020750653544240993
2023-01-20,56.24,4.029628247502409,0.013065062800339255
2023-01-23,56.39,4.03229183781909,0.0026635903166809527
2023-01-24,57.32,4.048649602959971,0.01635776514088061
2023-01-25,57.91,4.058890081237698,0.010240478277727227
2023-01-26,57.1,4.044804116661965,-0.014085964575733634
2023-01-27,56.87,4.040767961318708,-0.004036155343256631
2023-01-30,55.98,4.0249944840873075,-0.015773477231400435
2023-01-31,56.48,4.033886593184986,0.008892109097678791
2023-02-01,57.2,4.046553898385752,0.012667305200765533
2023-02-02,54.96,4.006605647914094,-0.03994825047165751
2023-02-03,52.44,3.959669658895499,-0.046935989018595414
2023-02-06,52.44,3.959669658895499,0.0
2023-02-07,52.79,3.9663217788355247,0.006652119940025791
2023-02-08,52.69,3.9644256842211942,-0.0018960946143304902
2023-02-09,51.54,3.942358205224219,-0.022067478996975254
2023-02-10,51.23,3.936325297951111,-0.0060329072731080124
2023-02-13,51.27,3.9371057857956093,0.0007804878444983565
2023-02-14,51.04,3.9326096390365346,-0.004496146759074726
2023-02-15,49.15,3.8948768465931756,-0.03773279244335903
2023-02-16,49.3,3.8979240810486444,0.003047234455468839
2023-02-17,46.23,3.833628938000134,-0.06429514304851036
2023-02-21,46.5,3.8394523125933104,0.005823374593176389
2023-02-22,45.4,3.8155121050473024,-0.023940207546008008
2023-02-23,45.39,3.8152918164683745,-0.00022028857892797404
2023-02-24,45.42,3.8159525366774125,0.0006607202090380682
2023-02-27,45.94,3.8273361972609523,0.01138366058353979
2023-02-28,46.03,3.82929335782915,0.0019571605681978355
2023-03-01,46.9,3.8480176754522337,0.018724317623083575
2023-03-02,47.12,3.8526975393433314,0.0046798638910976464
2023-03-03,47.72,3.8653505972297153,0.012653057886383934
2023-03-06,47.32,3.856933039110186,-0.008417558119529378
2023-03-07,45.48,3.8172726688823353,-0.03966037022785063
2023-03-08,44.77,3.8015382722528743,-0.015734396629460967
2023-03-09,44.96,3.8057732055854356,0.004234933332561308
2023-03-10,45.42,3.8159525366774125,0.010179331091976884
2023-03-13,47.74,3.865769620910684,0.04981708423327147
2023-03-14,47.86,3.868280082480227,0.0025104615695430432
2023-03-15,48.17,3.8747364206421295,0.006456338161902497
2023-03-16,48.17,3.8747364206421295,0.0
2023-03-17,50.84,3.928683446321253,0.053947025679123684
2023-03-20,50.87,3.9292733588346738,0.0005899125134205541
2023-03-21,49.47,3.901366425239617,-0.027906933595056582
2023-03-22,50.26,3.917209532115446,0.015843106875828905
2023-03-23,51.13,3.934371409091908,0.017161876976461876
2023-03-24,51.68,3.945070859474346,0.010699450382438247
2023-03-27,51.52,3.9419700817960983,-0.0031007776782479013
2023-03-28,52.24,3.955848484968176,0.013878403172077558
2023-03-29,51.71,3.94565118640813,-0.010197298560045809
2023-03-30,51.39,3.9394436010041383,-0.0062075854039918
2023-03-31,50.97,3.93123722435195,-0.008206376652188041
2023-04-03,52.53,3.9613844349658702,0.030147210613920006
2023-04-04,55.38,4.014218517742816,0.05283408277694601
2023-04-05,55.92,4.0239220979255546,0.009703580182738314
2023-04-06,56.54,4.034948352265444,0.011026254339889796
2023-04-10,56.2,4.028916756899646,-0.006031595365798559
2023-04-11,56.79,4.039360253889341,0.010443496989695156
2023-04-12,57.72,4.05560373390567,0.016243480016329137
2023-04-13,59.28,4.082271980987832,0.026668247082161756
2023-04-14,58.36,4.066630723654585,-0.015641257333246728
2023-04-17,57.49,4.0516110196351995,-0.015019704019385571
2023-04-18,57.27,4.047776926405766,-0.0038340932294333996
2023-04-19,56.33,4.031227252906622,-0.016549673499143935
2023-04-20,56.74,4.038479429380705,0.007252176474082717
2023-04-21,56.27,4.030161533445187,-0.008317895935517683
2023-04-24,56.15,4.0280266811844525,-0.002134852260734732
2023-04-25,56.32,4.0310497118497866,0.0030230306653340477
2023-04-26,55.89,4.023385473281607,-0.007664238568179549
2023-04-27,56.59,4.035832291154432,0.0124468178728252
2023-04-28,56.73,4.038303171338476,0.0024708801840436223
2023-05-01,55.92,4.0239220979255546,-0.014381073412921275
2023-05-02,58.13,4.062681881713259,0.03875978378770473
2023-05-03,58.06,4.061476958596484,-0.001204923116775447
2023-05-04,60.4,4.100989104940769,0.03951214634428535
2023-05-05,59.81,4.091172871056465,-0.009816233884303749
2023-05-08,59.37,4.083789048282584,-0.007383822773881832
2023-05-09,59.95,4.093510881473524,0.00972183319094011
2023-05-10,59.25,4.081765780015241,-0.011745101458283003
2023-05-11,56.78,4.039184151044825,-0.04258162897041551
2023-05-12,56.75,4.038655656361512,-0.0005284946833130633
2023-05-15,57.33,4.048824046920291,0.010168390558779272
2023-05-16,55.87,4.023027563471057,-0.02579648344923413
2023-05-17,55.11,4.009331187895144,-0.013696375575912967
2023-05-18,53.74,3.984157603187345,-0.02517358470779918
2023-05-19,54.03,3.9895394478559743,0.005381844668629121
2023-05-22,53.47,3.97912074896064,-0.010418698895334089
2023-05-23,53.42,3.9781852076818147,-0.0009355412788254469
2023-05-24,52.02,3.9516282600205055,-0.026556947661309227
2023-05-25,51.11,3.933980172780188,-0.017648087240317523
2023-05-26,51.01,3.932021691934835,-0.0019584808453529945
2023-05-30,50.26,3.917209532115446,-0.014812159819388881
2023-05-31,50.78,3.9275025762765323,0.010293044161086229
2023-06-01,52.35,3.9579519373165457,0.03044936104001339
2023-06-02,51.95,3.9502817175452365,-0.007670219771309217
2023-06-05,52.09,3.9529729917571004,0.002691274211863881
2023-06-06,52.02,3.9516282600205055,-0.001344731736594884
2023-06-07,50.75,3.926911617921897,-0.024716642098608688
2023-06-08,51.55,3.942552210462969,0.015640592541072085
2023-06-09,50.97,3.93123722435195,-0.011314986111018666
2023-06-12,50.88,3.9294699190318667,-0.001767305320083512
2023-06-13,50.06,3.913222286003628,-0.016247633028238617
2023-06-14,50.14,3.914819092730147,0.0015968067265190733
2023-06-15,50.42,3.9203879217597737,0.005568829029626521
2023-06-16,51.0,3.9318256327243257,0.01143771096455204
2023-06-20,48.73,3.8862948568554145,-0.04553077586891119
2023-06-21,49.16,3.895080284697834,0.008785427842419313
2023-06-22,49.09,3.893655348069961,-0.001424936627872686
2023-06-23,49.11,3.894062680051153,0.00040733198119191627
2023-06-26,49.19,3.8956903508072482,0.0016276707560951564
2023-06-27,49.01,3.8920243589214563,-0.003665991885791975
2023-06-28,48.48,3.881151341761059,-0.010873017160397236
2023-06-29,49.23,3.8965031937701093,0.015351852009050315
2023-06-30,49.98,3.9116229254068062,0.015119731636696887
2023-07-03,50.52,3.9223692974822906,0.010746372075484345
2023-07-05,49.31,3.8981269002360346,-0.024242397246255987
2023-07-06,48.21,3.875566468417531,-0.022560431818503535
2023-07-07,48.39,3.8792931808052273,0.003726712387696285
2023-07-10,49.46,3.9011642620932703,0.021871081288042937
2023-07-11,49.93,3.910622024512518,0.009457762419247562
2023-07-12,52.68,3.9642358768750805,0.053613852362562664
2023-07-13,52.96,3.9695369116287527,0.0053010347536721625
2023-07-14,52.6,3.9627161197436642,-0.00682079188508844
2023-07-17,52.63,3.9632862993656874,0.0005701796220232147
2023-07-18,53.84,3.9860166853364722,0.022730385970784805
2023-07-19,53.57,3.980989209892869,-0.005027475443603269
2023-07-20,51.92,3.9497040723958348,-0.03128513749703421
2023-07-21,52.09,3.9529729917571004,0.0032689193612656098
2023-07-24,51.79,3.9471970804358,-0.005775911321300509
2023-07-25,52.31,3.95718755738252,0.009990476946720062
2023-07-26,52.21,3.955274047422461,-0.0019135099600591232
2023-07-27,50.59,3.923753928303845,-0.03152011911861585
2023-07-28,51.32,3.938080539747436,0.01432661144359093
2023-07-31,52.41,3.959097412814075,0.021016873066638908
2023-08-01,50.61,3.9241491852259864,-0.034948227588088354
2023-08-02,48.62,3.884034968887977,-0.04011421633800927
2023-08-03,48.35,3.8784662218993033,-0.005568746988673823
2023-08-04,48.56,3.8828001467512427,0.004333924851939397
2023-08-07,48.47,3.8809450498572846,-0.0018550968939581303
2023-08-08,48.2,3.8753590210565547,-0.005586028800729892
2023-08-09,48.43,3.880119456415138,0.0047604353585830594
2023-08-10,48.41,3.879706403951603,-0.0004130524635348465
2023-08-11,49.05,3.892840186011372,0.013133782059769228
2023-08-14,48.12,3.873697891106478,-0.019142294904894275
2023-08-15,46.88,3.8475911452687575,-0.026106745837720435
2023-08-16,45.93,3.8271184983377022,-0.020472646931055216
2023-08-17,46.47,3.8388069430968867,0.011688444759184513
2023-08-18,46.22,3.8334126048462345,-0.005394338250652275
2023-08-21,46.58,3.841171264456195,0.007758659609960361
2023-08-22,46.81,3.846096855311979,0.0049255908557843675
2023-08-23,47.9,3.8691155044168695,0.023018649104890265
2023-08-24,47.84,3.867862109642376,-0.001253394774493266
2023-08-25,47.31,3.8567216896430567,-0.011140419999319473
2023-08-28,48.37,3.878879786834892,0.022158097191835147
2023-08-29,49.06,3.893044038830343,0.014164251995451238
2023-08-30,49.14,3.894673367093033,0.0016293282626897998
2023-08-31,48.51,3.8817699622571253,-0.012903404835907573
2023-09-01,48.13,3.873905683315018,-0.007864278942107283
2023-09-05,47.27,3.855875844805145,-0.018029838509872942
2023-09-06,47.05,3.8512108660313884,-0.004664978773756712
2023-09-07,47.15,3.8533340090794663,0.0021231430480779245
2023-09-08,47.37,3.85798911693566,0.00465510785619383
2023-09-11,48.04,3.872033997211783,0.014044880276122829
2023-09-12,47.93,3.86974161317154,-0.0022923840402429008
2023-09-13,47.34,3.857355604085838,-0.012386009085702199
2023-09-14,48.09,3.873074255289571,0.01571865120373328
2023-09-15,49.08,3.8934516198427107,0.020377364553139543
2023-09-18,49.79,3.9078141606540915,0.014362540811380775
2023-09-19,49.3,3.8979240810486444,-0.009890079605447077
2023-09-20,50.24,3.9168115221599433,0.01888744111129892
2023-09-21,49.08,3.8934516198427107,-0.023359902317232617
2023-09-22,49.05,3.892840186011372,-0.0006114338313385481
2023-09-25,48.58,3.8832119235740263,-0.009628262437345825
2023-09-26,47.01,3.850360345036039,-0.03285157853798726
2023-09-27,45.18,3.810654511039857,-0.039705833996181994
2023-09-28,45.59,3.8196883942253503,0.009033883185493252
2023-09-29,45.45,3.816612820623488,-0.0030755736018623914
2023-10-02,43.79,3.779405480813307,-0.03720733981018087
2023-10-03,44.25,3.7898553714539385,0.010449890640631398
2023-10-04,43.39,3.7702289998102594,-0.019626371643679086
2023-10-05,44.36,3.7923381624821664,0.02210916267190699
2023-10-06,45.1,3.8088822465086327,0.016544084026466344
2023-10-09,46.34,3.8360055190042304,0.02712327249559765
2023-10-10,46.75,3.844814255734696,0.008808736730465672
2023-10-11,47.55,3.8617817889913995,0.016967533256703415
2023-10-12,46.74,3.844600329110712,-0.017181459880687644
2023-10-13,48.6,3.883623530906448,0.03902320179573637
2023-10-16,48.19,3.8751515306522415,-0.00847200025420669
2023-10-17,49.32,3.8983296782961436,0.023178147643902136
2023-10-18,49.28,3.8975183192252643,-0.0008113590708793694
2023-10-19,49.62,3.9043939782636548,0.006875659038390491
2023-10-20,49.8,3.9080149840306073,0.0036210057669525675
2023-10-23,49.39,3.8997479745525334,-0.008267009478073906
2023-10-24,49.44,3.900759813149435,0.001011838596901793
2023-10-25,48.81,3.887935209899056,-0.012824603250379152
2023-10-26,47.4,3.858622228701031,-0.029312981198025057
2023-10-27,48.79,3.8875253738277458,0.02890314512671477
2023-10-30,47.62,3.8632528410587166,-0.024272532769029187
2023-10-31,46.91,3.8482308723403666,-0.015021968718349932
2023-11-01,47.01,3.850360345036039,0.0021294726956724297
2023-11-02,47.59,3.862622655133019,0.012262310096979867
2023-11-03,49.46,3.9011642620932703,0.03854160696025133
2023-11-06,49.16,3.895080284697834,-0.006083977395436424
2023-11-07,48.17,3.8747364206421295,-0.02034386405570432
2023-11-08,46.92,3.848444023785275,-0.026292396856854694
2023-11-09,47.31,3.8567216896430567,0.00827766585778189
2023-11-10,47.06,3.8514233832992164,-0.00529830634384032
2023-11-13,46.67,3.8431015599617244,-0.008321823337491985
2023-11-14,48.23,3.8759812340808804,0.03287967411915593
2023-11-15,47.81,3.867234822638012,-0.00874641144286814
2023-11-16,48.71,3.8858843478184513,0.018649525180439053
2023-11-17,48.38,3.8790865051818813,-0.006797842636570017
2023-11-20,48.59,3.883417748417812,0.004331243235930593
2023-11-21,49.53,3.902578546600146,0.019160798182334293
2023-11-22,49.58,3.9035875266070446,0.001008980006898419
2023-11-24,49.82,3.9084165098340344,0.00482898322698988
2023-11-27,50.79,3.9276994848131537,0.01928297497911924
2023-11-28,53.41,3.977997994351679,0.05029850953852533
2023-11-29,53.41,3.977997994351679,0.0
2023-11-30,53.7,3.983413001514819,0.005415007163140029
2023-12-01,54.39,3.9961803134348695,0.012767311920050428
2023-12-04,53.51,3.979868552323213,-0.01631176111165633
2023-12-05,52.9,3.9684033388642534,-0.011465213458959678
2023-12-06,52.93,3.9689702858698963,0.0005669470056428594
2023-12-07,52.51,3.961003627649768,-0.00796665822012832
2023-12-08,51.24,3.9365204770285334,-0.02448315062123463
2023-12-11,51.16,3.934957976710642,-0.001562500317891402
2023-12-12,50.3,3.9180050771056933,-0.016952899604948612
2023-12-13,53.56,3.9808025208229716,0.06279744371727825
2023-12-14,54.53,3.9987510089379703,0.017948488114998717
2023-12-15,54.01,3.9891692146047997,-0.009581794333170635
2023-12-18,54.47,3.9976500913955832,0.008480876790783576
2023-12-19,55.44,4.015301354881648,0.017651263486064384
2023-12-20,54.07,3.9902795033939134,-0.02502185148773428
2023-12-21,54.63,4.000583182407627,0.010303679013713207
2023-12-22,55.3,4.012772908528289,0.012189726120662492
2023-12-26,55.44,4.015301354881648,0.002528446353358582
2023-12-27,56.04,4.0260657214688065,0.010764366587158847
2023-12-28,54.98,4.0069694827371,-0.019096238731706627
2023-12-29,54.85,4.00460218672124,-0.0023672960158602763
2024-01-02,54.05,3.9899095440852173,-0.014692642636022324
2024-01-03,52.56,3.961955374176355,-0.027954169908862347
2024-01-04,52.58,3.9623358193017353,0.0003804451253803798
2024-01-05,52.63,3.9632862993656874,0.0009504800639521527
2024-01-08,52.46,3.9600509744387278,-0.0032353249269596596
2024-01-09,51.57,3.9429401080628677,-0.017110866375860123
2024-01-10,52.06,3.9523968995664194,0.00945679150355172
2024-01-11,51.63,3.9441028988915576,-0.008294000674861746
2024-01-12,52.57,3.9621456148313565,0.018042715939798892
2024-01-16,50.2,3.9160150266976834,-0.0461305881336731
2024-01-17,48.98,3.891412051524022,-0.024602975173661612
2024-01-18,49.15,3.8948768465931756,0.003464795069153759
2024-01-19,49.34,3.8987351111012107,0.0038582645080351696
2024-01-22,49.36,3.8991403795971324,0.00040526849592170677
2024-01-23,50.47,3.921379100352171,0.02223872075503852
2024-01-24,48.95,3.8907993689765195,-0.03057973137565151
2024-01-25,49.77,3.9074123928704627,0.016613023893943257
2024-01-26,49.38,3.8995454839170334,-0.007866908953429341
2024-01-29,49.92,3.9104217240611723,0.010876240144138904
2024-01-30,49.5,3.901972669574645,-0.00844905448652744
2024-01-31,49.16,3.895080284697834,-0.006892384876810986
2024-02-01,50.61,3.9241491852259864,0.029068900528152586
2024-02-02,48.62,3.884034968887977,-0.04011421633800927
2024-02-05,47.48,3.860308569741467,-0.02372639914650998
2024-02-06,47.79,3.866816412590067,0.006507842848599843
2024-02-07,47.5,3.8607297110405954,-0.0060867015494716625
2024-02-08,47.17,3.8537580972961702,-0.00697161374442512
2024-02-09,46.62,3.842029633607611,-0.011728463688559287
2024-02-12,46.91,3.8482308723403666,0.006201238732755687
2024-02-13,44.98,3.8062179465311696,-0.04201292580919702
2024-02-14,45.3,3.8133070324889884,0.007089085957818764
2024-02-15,46.64,3.842458542042237,0.029151509553248633
2024-02-16,47.8,3.86702563949741,0.024567097455173048
2024-02-20,48.62,3.884034968887977,0.017009329390567096
2024-02-21,48.76,3.8869103046130706,0.002875335725093464
2024-02-22,48.16,3.8745288010005656,-0.012381503612505007
2024-02-23,49.63,3.9045954895993495,0.03006668859878392
2024-02-26,48.88,3.88936831486334,-0.015227174736009541
2024-02-27,48.2,3.8753590210565547,-0.014009293806785283
2024-02-28,48.02,3.8716175907931074,-0.0037414302634473096
2024-02-29,48.06,3.872450230308323,0.0008326395152153943
2024-03-01,49.62,3.9043939782636548,0.03194374795533195
2024-03-04,51.96,3.9504741918023987,0.04608021353874392
2024-03-05,52.77,3.9659428474175766,0.015468655615177962
2024-03-06,53.66,3.982667844997478,0.016724997579901313
2024-03-07,54.29,3.9943400479173596,0.011672202919881691
2024-03-08,54.51,3.9983841710761894,0.004044123158829738
2024-03-11,55.64,4.018902367055242,0.020518195979052578
2024-03-12,55.33,4.013315256910018,-0.005587110145223839
2024-03-13,56.22,4.029272565478386,0.015957308568367523
2024-03-14,55.62,4.018542848805819,-0.010729716672567058
2024-03-15,55.94,4.024279687773814,0.005736838967995261
2024-03-18,55.3,4.012772908528289,-0.01150677924552479
2024-03-19,54.37,3.995812531157829,-0.016960377370459856
2024-03-20,55.92,4.0239220979255546,0.028109566767725358
2024-03-21,56.39,4.03229183781909,0.008369739893535844
2024-03-22,55.64,4.018902367055242,-0.013389470763848443
2024-03-25,56.01,4.025530246221741,0.006627879166498651
2024-03-26,56.06,4.026422545736642,0.0008922995149012181
2024-03-27,57.85,4.0578534536396855,0.0314309079030437
2024-03-28,59.65,4.0884941485439255,0.03064069490423993
2024-04-01,61.3,4.115779842942166,0.027285694398240246
2024-04-02,60.8,4.107589788972121,-0.008190053970044353
2024-04-03,61.72,4.12260802749496,0.015018238522838345
2024-04-04,60.59,4.104129862956897,-0.01847816453806228
2024-04-05,62.0,4.127134385045092,0.023004522088194257
2024-04-08,61.15,4.113329862133181,-0.013804522911910588
2024-04-09,62.21,4.130515758526928,0.017185896393747235
2024-04-10,61.26,4.115127101404629,-0.01538865712229942
2024-04-11,61.67,4.1217975890034015,0.006670487598772645
2024-04-12,61.45,4.118223836012044,-0.003573752991357537
2024-04-15,61.43,4.117898315175836,-0.0003255208362080708
2024-04-16,61.74,4.122932019074013,0.005033703898177144
2024-04-17,62.49,4.135006543940991,0.012074524866977576
2024-04-18,63.47,4.150567353318379,0.015560809377388019
2024-04-19,63.84,4.1563799531415535,0.0058125998231748355
2024-04-22,62.26,4.131319165013462,-0.025060788128091538
2024-04-23,62.92,4.1418640781900775,0.010544913176615545
2024-04-24,63.69,4.1540275643832745,0.01216348619319696
2024-04-25,64.94,4.1734637666747,0.019436202291425175
2024-04-26,65.52,4.182355439544814,0.008891672870114498
2024-04-29,65.81,4.186771802468027,0.004416362923213235
2024-04-30,63.35,4.148674906767148,-0.03809689570087915
2024-05-01,64.24,4.162626069638506,0.01395116287135778
2024-05-02,65.12,4.176231721694285,0.013605652055779238
2024-05-03,65.04,4.175002465239555,-0.0012292564547298213
2024-05-06,66.13,4.191622501686571,0.016620036447015707
2024-05-07,65.88,4.1878349053094395,-0.0037875963771316634
2024-05-08,66.28,4.193888192558362,0.006053287248922956
2024-05-09,68.1,4.220977213155467,0.027089020597104607
2024-05-10,68.4,4.225372824628505,0.00439561147303813
2024-05-13,67.75,4.21582445975981,-0.009548364868694925
2024-05-14,68.64,4.228875455179707,0.013050995419896516
2024-05-15,69.1,4.235554730773624,0.006679275593917566
2024-05-16,68.81,4.231349083214389,-0.004205647559235359
2024-05-17,70.11,4.250065437218876,0.018716354004487457
2024-05-20,70.78,4.259576474917317,0.009511037698440639
2024-05-21,70.12,4.250208060053033,-0.009368414864283636
2024-05-22,68.01,4.219654753187547,-0.030553306865486185
2024-05-23,67.32,4.209457369322605,-0.010197383864942289
2024-05-24,67.71,4.215233879497554,0.005776510174949401
2024-05-28,68.93,4.23309149689756,0.01785761740000602
2024-05-29,67.39,4.2104966389581255,-0.02259485793943483
2024-05-30,68.59,4.22814675151123,0.017650112553104336
2024-05-31,68.21,4.222591181666628,-0.005555569844601926
2024-06-03,68.63,4.2287297569205435,0.00613857525391559
2024-06-04,65.02,4.174694914875759,-0.0540348420447847
2024-06-05,66.1,4.191168746857641,0.016473831981882014
2024-06-06,68.69,4.2296036282257905,0.038434881368149654
2024-06-07,63.8,4.155753190350744,-0.07385043787504664
2024-06-10,65.24,4.178072777752813,0.02231958740206874
2024-06-11,64.68,4.169452034708907,-0.008620743043906032
2024-06-12,65.64,4.18418526622189,0.014733231512983558
2024-06-13,64.03,4.159351723530711,-0.02483354269117921
2024-06-14,64.25,4.162781723775329,0.0034300002446183697
2024-06-17,64.25,4.162781723775329,0.0
2024-06-18,64.61,4.168369197570074,0.0055874737947450015
2024-06-20,66.07,4.190714786041794,0.022345588471719857
2024-06-21,65.23,4.177919485808005,-0.012795300233789497
2024-06-24,65.66,4.184489912073446,0.006570426265441576
2024-06-25,64.89,4.1726935286330775,-0.011796383440368707
2024-06-26,65.36,4.1799104505517475,0.007216921918669961
2024-06-27,66.38,4.195395806291828,0.01548535574008092
2024-06-28,65.4,4.180522258463153,-0.014873547828675449
2024-07-01,65.04,4.175002465239555,-0.0055197932235975244
2024-07-02,65.67,4.184642200202881,0.009639734963325708
2024-07-03,68.05,4.220242729097475,0.03560052889459353
2024-07-05,69.8,4.2456340097683265,0.025391280670851835
2024-07-08,69.93,4.247494741715776,0.001860731947449068
2024-07-09,70.2,4.251348311031766,0.003853569315990235
2024-07-10,73.28,4.294287720365875,0.042939409334109335
2024-07-11,74.62,4.312408567793012,0.018120847427137043
2024-07-12,75.12,4.319086834900007,0.0066782671069951505
2024-07-15,74.75,4.314149212270796,-0.004937622629211269
2024-07-16,76.49,4.337160013333775,0.023010801062978814
2024-07-17,75.48,4.32386772050035,-0.013292292833424924
2024-07-18,74.94,4.316687793365541,-0.00717992713480875
2024-07-19,74.17,4.306359755748467,-0.010328037617074237
2024-07-22,74.76,4.314282982587362,0.007923226838895125
2024-07-23,75.43,4.323205073865539,0.008922091278177113
2024-07-24,74.63,4.312542571143296,-0.010662502722243339
2024-07-25,73.04,4.291007236286713,-0.021535334856582544
2024-07-26,73.4,4.29592393562047,0.004916699333756824
2024-07-29,74.52,4.311067545733388,0.01514361011291765
2024-07-30,75.16,4.319619174545265,0.008551628811876988
2024-07-31,77.17,4.346010780469512,0.026391605924247052
2024-08-01,76.09,4.331916850188431,-0.014093930281080524
2024-08-02,75.12,4.319086834900007,-0.01283001528842398
2024-08-05,73.17,4.292785500895938,-0.026301334004068977
2024-08-06,75.01,4.317621437981545,0.02483593708560683
2024-08-07,72.24,4.27999390910873,-0.0376275288728154
2024-08-08,73.56,4.298101399736121,0.01810749062739081
2024-08-09,74.15,4.306090068583941,0.00798866884782079
2024-08-12,76.73,4.340292766189574,0.03420269760563244
2024-08-13,77.51,4.35040696029342,0.010114194103846508
2024-08-14,77.64,4.35208275830081,0.001675798007389595
2024-08-15,78.08,4.357733942104837,0.005651183804027404
2024-08-16,80.0,4.382026634673881,0.024292692569043872
2024-08-19,80.84,4.39247189253542,0.010445257861539048
2024-08-20,82.04,4.40720693320418,0.014735040668759858
2024-08-21,82.7,4.415219602029645,0.008012668825465141
2024-08-22,81.47,4.400234854322551,-0.01498474770709457
2024-08-23,82.79,4.416307281150715,0.016072426828164232
2024-08-26,82.32,4.410614091525794,-0.005693189624921047
2024-08-27,82.27,4.410006521180839,-0.0006075703449548442
2024-08-28,81.21,4.397038392294319,-0.012968128886519992
2024-08-29,82.09,4.407816206360175,0.010777814065855651
2024-08-30,81.47,4.400234854322551,-0.007581352037624001
2024-09-03,79.01,4.369574426734642,-0.030660427587908323
2024-09-04,78.3,4.360547602996758,-0.009026823737884548
2024-09-05,78.71,4.3657702121543585,0.005222609157600644
2024-09-06,76.89,4.342375829044089,-0.023394383110269423
2024-09-09,77.76,4.353627160152183,0.011251331108094398
2024-09-10,78.91,4.368307962532944,0.014680802380760305
2024-09-11,79.1,4.370712874773608,0.002404912240664636
2024-09-12,81.86,4.405010471064257,0.034297596290648436
2024-09-13,83.17,4.420886705880596,0.015876234816339263
2024-09-16,82.56,4.4135253017332525,-0.007361404147343542
2024-09-17,82.29,4.410249593617622,-0.0032757081156304935
2024-09-18,81.29,4.398023007758481,-0.012226585859140826
2024-09-19,81.83,4.4046439245392905,0.006620916780809338
2024-09-20,83.13,4.420405647542997,0.015761723003706152
2024-09-23,82.61,4.414130738574414,-0.0062749089685825155
2024-09-24,84.0,4.430816798843313,0.016686060268899183
2024-09-25,84.24,4.43366986782572,0.002853068982406448
2024-09-26,84.08,4.431768726568696,-0.0019011412570240083
2024-09-27,81.82,4.404521712501253,-0.02724701406744323
2024-09-30,80.56,4.389002248410307,-0.015519464090945512
2024-10-01,81.85,4.404888303817144,0.01588605540683652
2024-10-02,81.6,4.401829261970061,-0.003059041847082611
2024-10-03,79.94,4.3812763532831775,-0.02055290868688342
2024-10-04,78.82,4.367166771766858,-0.014109581516319913
2024-10-07,78.22,4.359525369327368,-0.007641402439489298
2024-10-08,78.18,4.359013860364809,-0.0005115089625595814
2024-10-09,78.17,4.358885942232239,-0.00012791813256995965
2024-10-10,79.42,4.374750225703106,0.01586428347086688
2024-10-11,79.46,4.375253750386452,0.00050352468334669
2024-10-14,79.82,4.379774099620588,0.004520349234135246
2024-10-15,82.08,4.407694381422459,0.02792028180187156
2024-10-16,82.21,4.409276949164042,0.0015825677415826078
2024-10-17,82.18,4.408911963455264,-0.0003649857087779651
2024-10-18,86.17,4.4563220892516755,0.047410125796411684
2024-10-21,86.63,4.4616461759020485,0.005324086650372983
2024-10-22,87.99,4.477223171657469,0.015576995755420597
2024-10-23,88.61,4.484244718059211,0.007021546401741574
2024-10-24,87.93,4.4765410433909105,-0.007703674668300131
2024-10-25,86.88,4.464527856185625,-0.012013187205285547
2024-10-28,86.76,4.463145685958674,-0.001382170226951196
2024-10-29,88.85,4.486949554600661,0.023803868641986803
2024-10-30,88.24,4.480060374945247,-0.006889179655413358
2024-10-31,86.29,4.4577137165202165,-0.022346658425030697
2024-11-01,85.8,4.4520190064939165,-0.005694710026300065
2024-11-04,85.89,4.453067407778134,0.0010484012842173485
2024-11-05,85.79,4.451902449584874,-0.0011649581932600128
2024-11-06,83.17,4.420886705880596,-0.031015743704277732
2024-11-07,85.53,4.44886719159269,0.027980485712093994
2024-11-08,83.84,4.428910220572732,-0.019956971019958303
2024-11-11,78.13,4.358374106008653,-0.07053611456407882
2024-11-12,77.15,4.34575157880917,-0.012622527199482647
2024-11-13,75.99,4.330601752681694,-0.015149826127476729
2024-11-14,77.64,4.35208275830081,0.021481005619116367
2024-11-15,76.76,4.340683671139499,-0.011399087161310995
2024-11-18,79.99,4.3819016268607305,0.04121795572123155
2024-11-19,82.45,4.412192049005608,0.030290422144877205
2024-11-20,82.8,4.416428061391214,0.004236012385606003
2024-11-21,83.57,4.425684604013345,0.009256542622130937
2024-11-22,84.3,4.4343818650078095,0.008697260994464884
2024-11-25,81.72,4.403298769949421,-0.031083095058388466
2024-11-26,84.11,4.432125465974346,0.02882669602492527
2024-11-27,83.55,4.425445255041403,-0.0066802109329433534
2024-11-29,84.42,4.435804340354353,0.010359085312949823
2024-12-02,82.87,4.417273114860951,-0.018531225493402026
2024-12-03,85.99,4.454231010422805,0.03695789556185414
2024-12-04,85.51,4.448633328167864,-0.005597682254941283
2024-12-05,85.01,4.442768896629268,-0.005864431538595838
2024-12-06,83.59,4.4259238957110645,-0.01684500091820329
2024-12-09,84.53,4.437106500940836,0.01118260522977188
2024-12-10,84.31,4.434500481934585,-0.002606019006251792
2024-12-11,87.35,4.469923036580066,0.035422554645481164
2024-12-12,85.21,4.445118797839864,-0.024804238740201434
2024-12-13,83.72,4.427477897577799,-0.017640900262064996
2024-12-16,82.64,4.414493824811383,-0.012984072766416332
2024-12-17,81.73,4.403421131528038,-0.011072693283344925
2024-12-18,77.76,4.353627160152183,-0.04979397137585462
2024-12-19,77.36,4.348469851145039,-0.005157309007144839
2024-12-20,78.16,4.358758007734528,0.010288156589489006
2024-12-23,78.84,4.367420482284519,0.008662474549991472
2024-12-24,78.73,4.3660242771963755,-0.0013962050881435317
2024-12-26,79.01,4.369574426734642,0.0035501495382668224
2024-12-27,78.65,4.365007629504287,-0.004566797230355135
2024-12-30,77.85,4.354783898280007,-0.010223731224280108
2024-12-31,78.21,4.35939751661352,0.0046136183335132586
2025-01-02,81.99,4.406597288608086,0.04719977199456604
2025-01-03,81.08,4.395436321583799,-0.011160967024287594
2025-01-06,79.66,4.377767577753498,-0.017668743830300926
2025-01-07,81.15,4.396299293960601,0.01853171620710281
2025-01-08,83.36,4.423168578005057,0.026869284044455988
2025-01-10,84.3,4.4343818650078095,0.011213287002752814
2025-01-13,82.36,4.411099882159589,-0.023281982848220473
2025-01-14,83.94,4.430102257905445,0.01900237574585617
2025-01-15,84.34,4.434856248318414,0.004753990412968534
2025-01-16,84.18,4.432957363342425,-0.0018988849759891124
2025-01-17,85.03,4.443004135397701,0.010046772055276598
2025-01-21,88.6,4.484131857611035,0.04112772221333394
2025-01-22,89.23,4.49121730591206,0.007085448301024755
2025-01-23,88.7,4.485259889315534,-0.005957416596525711
2025-01-24,89.94,4.499142781342561,0.013882892027027083
2025-01-27,89.47,4.493903373559505,-0.005239407783056649
2025-01-28,89.97,4.499476281429027,0.005572907869522581
2025-01-29,90.11,4.501031146246946,0.0015548648179191105
2025-01-30,94.46,4.548176464467971,0.04714531822102508
2025-01-31,92.94,4.531954123656832,-0.01622234081113927
2025-02-03,94.86,4.552402120449436,0.020447996792603895
2025-02-04,95.59,4.560068212075671,0.007666091626234994
2025-02-05,98.6,4.591071261608589,0.031003049532918325
2025-02-06,98.96,4.594715728084233,0.0036444664756434264
2025-02-07,98.35,4.5885325448350684,-0.006183183249164337
2025-02-10,100.51,4.610257225036649,0.02172468020158025
2025-02-11,98.37,4.588735879524666,-0.02152134551198248
2025-02-12,99.55,4.6006600305102054,0.011924150985539228
2025-02-13,100.81,4.61323755706585,0.012577526555644702
2025-02-14,95.85,4.562784469491653,-0.050453087574196864
2025-02-18,97.32,4.578004517915322,0.015220048423668864
2025-02-19,98.05,4.585477552642355,0.007473034727032868
2025-02-20,98.04,4.585375558659912,-0.00010199398244292723
2025-02-21,96.1,4.565389315976247,-0.019986242683665445
2025-02-24,97.49,4.57974980864118,0.014360492664933666
2025-02-25,96.85,4.573163389853005,-0.00658641878817523
2025-02-26,98.36,4.588634217347992,0.01547082749498685
2025-02-27,95.09,4.554823811551353,-0.033810405796638854
2025-02-28,96.28,4.567260612914871,0.01243680136351788
2025-03-03,95.93,4.563618758829857,-0.0036418540850142733
2025-03-04,95.87,4.562993107088905,-0.0006256517409513052
2025-03-05,99.55,4.6006600305102054,0.03766692342130007
2025-03-06,97.88,4.583742238574471,-0.016917791935734172
2025-03-07,98.79,4.592996385056383,0.009254146481911363
2025-03-10,97.03,4.575020209037208,-0.01797617601917434
2025-03-11,100.57,4.610854002456389,0.03583379341918036
2025-03-12,101.05,4.61561544384963,0.004761441393241306
2025-03-13,102.68,4.6316173560029394,0.016001912153309483
2025-03-14,103.6,4.640537329825382,0.008919973822442806
2025-03-17,105.28,4.656623467577007,0.01608613775162482
2025-03-18,105.82,4.661739537475985,0.005116069898978282
2025-03-19,105.48,4.658521361485086,-0.0032181759908995744
2025-03-20,105.41,4.657857508267098,-0.0006638532179881196
2025-03-21,104.34,4.647654797594247,-0.010202710672850834
2025-03-24,104.18,4.646120172317046,-0.0015346252772010516
2025-03-25,105.45,4.658236906924784,0.012116734607737989
2025-03-26,104.75,4.6515765588022475,-0.0066603481225362415
2025-03-27,107.83,4.680555912893981,0.028979354091733356
2025-03-28,107.36,4.676187673223372,-0.004368239670609064
2025-03-31,108.41,4.685920335673201,0.009732662449828844
2025-04-01,108.24,4.684350983862532,-0.001569351810668529
2025-04-02,107.53,4.677769878402435,-0.00658110546009727
2025-04-03,108.49,4.686658002834359,0.008888124431924105
2025-04-04,99.48,4.599956618935204,-0.08670138389915483
2025-04-07,99.63,4.601463324056765,0.0015067051215611471
2025-04-08,100.13,4.606469341719712,0.005006017662946505
2025-04-09,105.8,4.661550519424199,0.05508117770448706
2025-04-10,111.55,4.714472920878541,0.05292240145434235
2025-04-11,117.65,4.767714115173372,0.05324119429483076
2025-04-14,118.39,4.773984259423544,0.006270144250172471
2025-04-15,120.57,4.79223049712922,0.018246237705675128
2025-04-16,122.54,4.8084375072975085,0.01620701016828896
2025-04-17,121.53,4.800161145882709,-0.008276361414799815
2025-04-21,123.47,4.815998211579652,0.01583706569694332
2025-04-22,121.1,4.796616650559047,-0.019381561020605176
2025-04-23,118.24,4.772716457199891,-0.023900193359155608
2025-04-24,119.63,4.784403646182813,0.011687188982921981
2025-04-25,118.51,4.774997345200357,-0.009406300982456095
2025-04-28,119.02,4.779291546216706,0.004294201016349142
2025-04-29,116.37,4.756774770119986,-0.022516776096720648
2025-04-30,117.58,4.7671189529741085,0.010344182854122863
2025-05-01,112.56,4.723486412806134,-0.04363254016797491
2025-05-02,111.12,4.7106106984460885,-0.012875714360045087
2025-05-05,114.3,4.738826570800765,0.02821587235467682
2025-05-06,119.13,4.780215333811269,0.04138876301050409
2025-05-07,117.3,4.76473475565943,-0.015480578151839453
2025-05-08,114.66,4.741971227480237,-0.022763528179193138
2025-05-09,117.32,4.76490524410925,0.022934016629013065
2025-05-12,106.46,4.667769327744611,-0.09713591636463903
2025-05-13,107.0,4.672828834461906,0.005059506717294937
2025-05-14,104.78,4.651862913980073,-0.020965920481832434
2025-05-15,106.51,4.6682388774550745,0.016375963475001143
2025-05-16,106.45,4.667675391339489,-0.0005634861155856541
2025-05-19,108.22,4.684166192214589,0.016490800875100575
2025-05-20,112.57,4.7235752503667126,0.039409058152123144
2025-05-21,115.63,4.75039543814087,0.026820187774157844
2025-05-22,114.59,4.7413605404383565,-0.009034897702513867
2025-05-23,117.62,4.76745908903181,0.026098548593453508
2025-05-27,116.3,4.7561730595246186,-0.011286029507191486
2025-05-28,117.87,4.769582322238478,0.013409262713859782
2025-05-29,118.17,4.772124265650924,0.002541943412445846
2025-05-30,117.99,4.770599875111828,-0.0015243905390960322
2025-06-02,124.28,4.822537084524846,0.05193720941301816
2025-06-03,122.51,4.808192659306079,-0.01434442521876722
2025-06-04,123.61,4.817131447899731,0.00893878859365227
2025-06-05,122.06,4.804512727116349,-0.012618720783382109
2025-06-06,117.97,4.770430354853751,-0.03408237226259825
2025-06-09,118.5,4.774912960575186,0.004482605721435107
2025-06-10,117.05,4.76260119393692,-0.012311766638266164
2025-06-11,118.91,4.778366904449488,0.01576571051256792
2025-06-12,122.09,4.804758477680764,0.026391573231276055
2025-06-13,124.46,4.823984379141072,0.01922590146030778
2025-06-16,124.01,4.820362207514681,-0.003622171626390447
2025-06-17,123.91,4.819555495628402,-0.0008067118862795652
2025-06-18,122.65,4.809334770704498,-0.010220724923903468
2025-06-20,121.02,4.795955821194175,-0.013378949510323146
2025-06-23,122.36,4.806967519282702,0.01101169808852731
2025-06-24,120.49,4.791566761935185,-0.015400757347517668
2025-06-25,119.78,4.785656726836316,-0.005910035098868782
2025-06-26,123.05,4.812590776837065,0.02693405000074911
2025-06-27,116.12,4.754624139156429,-0.05796663768063581
2025-06-30,118.93,4.778535084739154,0.023910945582724885
2025-07-01,117.96,4.770345583947075,-0.008189500792078697
2025-07-02,118.7,4.776599301615622,0.0062537176685468765
2025-07-03,120.06,4.787991617823697,0.011392316208074682
2025-07-07,122.15,4.805249797703749,0.017258179880052182
2025-07-08,116.14,4.754796359943904,-0.05045343775984534
2025-07-09,117.69,4.768054048889571,0.013257688945667034
2025-07-10,118.15,4.771955003632917,0.0039009547433463965
2025-07-11,119.88,4.786491242448462,0.014536238815544777
2025-07-14,119.56,4.783818337415737,-0.0026729050327247705
2025-07-15,119.06,4.779627567725244,-0.004190769690493035
2025-07-16,119.71,4.785072151263279,0.005444583538034564
2025-07-17,118.61,4.775840800041184,-0.00923135122209473
2025-07-18,117.73,4.768393867090105,-0.0074469329510788995
2025-07-21,122.67,4.80949782304466,0.04110395595455518
2025-07-22,128.62,4.856862320706717,0.047364497662056415
2025-07-23,127.2,4.845760650906022,-0.011101669800694935
2025-07-24,125.79,4.834613849850781,-0.011146801055240907
2025-07-25,126.85,4.843005286045291,0.008391436194510327
2025-07-28,123.74,4.818182590102842,-0.024822695942448902
2025-07-29,126.3,4.838660029356445,0.020477439253602903
2025-07-30,123.37,4.8151879700833735,-0.02347205927307172
2025-07-31,124.36,4.823180585190553,0.00799261510717919
2025-08-01,125.22,4.830072190317164,0.006891605126611466
2025-08-04,131.39,4.87816999965373,0.048097809336566044
2025-08-05,134.55,4.901935877172915,0.023765877519184464
2025-08-06,135.42,4.908381060057499,0.006445182884584177
2025-08-07,135.78,4.911035928873501,0.002654868816001965
2025-08-08,135.61,4.909783119099854,-0.0012528097736463906
2025-08-11,135.46,4.908676393786758,-0.0011067253130967458
2025-08-12,135.38,4.908085639080461,-0.0005907547062964369
2025-08-13,133.69,4.895523686995031,-0.012561952085429873
2025-08-14,132.73,4.888316989638111,-0.007206697356920699
2025-08-15,133.35,4.892977250628023,0.004660260989912679
2025-08-18,133.51,4.894176381402003,0.0011991307739798174
2025-08-19,130.23,4.869302117979612,-0.024874263422391074
2025-08-20,134.69,4.902975841610724,0.03367372363111176
2025-08-21,136.34,4.915151765934639,0.012175924323915233
2025-08-22,137.26,4.921876937480489,0.0067251715458498396
2025-08-25,136.62,4.917203349303703,-0.00467358817678587
2025-08-26,139.67,4.93928249731768,0.022079148013976813
2025-08-27,139.5,4.93806460126142,-0.0012178960562598817
2025-08-28,139.11,4.935264987071479,-0.002799614189941124
2025-08-29,144.17,4.970993158823812,0.035728171752333004
2025-09-02,147.74,4.9954539721005915,0.024460813276779625
2025-09-03,148.77,5.002401489169152,0.006947517068560671
2025-09-04,148.39,4.999843943018035,-0.0025575461511175845
2025-09-05,151.85,5.022893191491757,0.023049248473722805
2025-09-08,154.18,5.038120751031117,0.01522755953935917
2025-09-09,152.75,5.028802598051705,-0.009318152979411742
2025-09-10,152.82,5.02926075821942,0.0004581601677156044
2025-09-11,153.73,5.035197816924508,0.005937058705087317
2025-09-12,153.25,5.032070574816321,-0.003127242108186934
2025-09-15,153.76,5.035392945221982,0.0033223704056615233
2025-09-16,152.4,5.026508643252546,-0.008884301969436237
2025-09-17,153.2,5.0317442573064906,0.0052356140539444596
2025-09-18,154.38,5.039417095521708,0.007672838215217581
2025-09-19,161.19,5.08258379340884,0.043166697887131456
2025-09-22,161.19,5.08258379340884,0.0
2025-09-23,162.39,5.090000849476996,0.007417056068156569
2025-09-24,157.93,5.062151896881963,-0.027848952595032728
2025-09-25,159.9,5.074548619839908,0.012396722957944917
2025-09-26,163.42,5.096323573956561,0.021774954116652978
2025-09-29,166.77,5.116615617633488,0.020292043676926497
2025-09-30,168.56,5.127291769495933,0.010676151862445415
2025-10-01,170.19,5.136915460006586,0.009623690510652594
2025-10-02,168.14,5.124796965707151,-0.012118494299435234
2025-10-03,169.42,5.132380839003405,0.007583873296254318
2025-10-06,170.41,5.138207298119301,0.005826459115896299
2025-10-07,166.29,5.113733252099823,-0.024474046019478557
2025-10-08,169.57,5.133265820919036,0.019532568819212948
2025-10-09,161.73,5.085928278131687,-0.04733754278734903
2025-10-10,164.38,5.102180820720354,0.01625254258866704
2025-10-13,172.1,5.1480757032174935,0.04589488249713991
2025-10-14,171.19,5.142774050786687,-0.005301652430806492
2025-10-15,178.74,5.185932235953246,0.04315818516655856
2025-10-16,185.52,5.223162692947276,0.03723045699403027
2025-10-17,174.49,5.161867433410139,-0.06129525953713699
2025-10-20,178.5,5.184588601219693,0.022721167809554466
2025-10-21,163.2,5.094976442530006,-0.08961215868968697
2025-10-22,163.5,5.096812990337308,0.0018365478073016916
2025-10-23,164.67,5.103943471229908,0.0071304808925996
2025-10-24,163.35,5.095895138047079,-0.008048333182828493
2025-10-27,155.17,5.044521290095393,-0.051373847951686535
2025-10-28,156.79,5.054907330372359,0.010386040276966213
2025-10-29,156.78,5.0548435487605765,-6.378161178233199e-05
2025-10-30,162.61,5.091354695837631,0.036511147077054495
2025-10-31,160.81,5.080223543865933,-0.011131151971698117
2025-11-03,162.51,5.0907395383379175,0.010515994471984591
2025-11-04,155.91,5.0492789176884605,-0.04146062064945699
2025-11-05,159.68,5.073171812563154,0.023892894874693482
2025-11-06,159.29,5.070726440306547,-0.0024453722566066816
2025-11-07,161.41,5.083947711785188,0.01322127147864105
2025-11-10,167.92,5.1234876755123775,0.039539963727189154
2025-11-11,167.84,5.123011144647987,-0.00047653086439058967
2025-11-12,173.1,5.153869462182164,0.030858317534177004
2025-11-13,168.87,5.129129188144045,-0.024740274038118848
2025-11-14,168.11,5.124618527044968,-0.004510661099077495
2025-11-17,164.94,5.105581771405209,-0.019036755639758596
2025-11-18,166.49,5.114935247556761,0.00935347615155191
2025-11-19,167.67,5.121997761949716,0.007062514392955244
2025-11-20,158.6,5.066385309200747,-0.05561245274896898
2025-11-21,160.0,5.075173815233827,0.008788506033079457
2025-11-24,166.2,5.113191882421348,0.03801806718752143
2025-11-25,165.87,5.111204349017951,-0.0019875334033967462
2025-11-26,173.02,5.153407194752228,0.042202845734276906
2025-11-28,174.43,5.161523515030043,0.00811632027781517
2025-12-01,172.01,5.1475526146582995,-0.013970900371743866
2025-12-02,169.77,5.134444579822542,-0.013108034835757287
2025-12-03,169.18,5.130963236875869,-0.0034813429466735712
2025-12-04,171.43,5.144175020019389,0.013211783143520783
2025-12-05,168.83,5.128892291489103,-0.015282728530286782
2025-12-08,164.72,5.104247062719534,-0.024645228769568206
2025-12-09,166.28,5.1136731143844365,0.009426051664902069
2025-12-10,164.11,5.100536934691537,-0.01313617969289993
2025-12-11,170.4,5.138148614395216,0.03761167970367918
2025-12-12,168.27,5.125569832188355,-0.012578782206860595
2025-12-15,168.4,5.126342101808226,0.000772269619870869
2025-12-16,166.53,5.115175473370179,-0.011166628438046722
2025-12-17,167.51,5.1210430509755955,0.00586757760541623
2025-12-18,168.61,5.127588355789889,0.006545304814293829
2025-12-19,174.21,5.160261468052068,0.03267311226217906
2025-12-22,180.13,5.193678812435467,0.03341734438339827
2025-12-23,181.27,5.199987632474827,0.006308820039360619
2025-12-24,181.34,5.20037372221791,0.0003860897430829624
2025-12-26,183.21,5.210633035903153,0.010259313685242688
2025-12-29,171.34,5.143649886535898,-0.06698314936725502
2025-12-30,171.84,5.1465638113205,0.002913924784602173
2025-12-31,169.53,5.133029902309862,-0.013533909010638112
2026-01-02,170.45,5.138441998583912,0.005412096274049816
2026-01-05,175.16,5.165699841933198,0.02725784334928605
2026-01-06,180.62,5.196395376822653,0.03069553488945509
2026-01-07,182.07,5.204391228515873,0.007995851693220146
2026-01-08,186.47,5.228270368236002,0.023879139720128784
2026-01-09,191.14,5.253006143838033,0.024735775602031218
2026-01-12,194.33,5.269557744876612,0.016551601038578667
2026-01-13,199.08,5.293706753990353,0.024149009113741293
2026-01-14,197.28,5.284624039416034,-0.009082714574319084
2026-01-15,200.42,5.3004151646301825,0.015791125214148494
2026-01-16,197.48,5.285637313390662,-0.014777851239520245
2026-01-20,209.09,5.342764781283332,0.05712746789266987
2026-01-21,204.98272705078125,5.322925717299607,-0.019839063983725147
2026-01-22,213.30780029296875,5.362736194395943,0.039810477096335894
2026-01-23,214.15628051757812,5.3667060312875465,0.003969836891603684
2026-01-26,215.0247344970703,5.37075306568301,0.004047034395463278
2026-01-27,215.7733917236328,5.3742287445899715,0.0034756789069616545
2026-01-28,222.59117126464844,5.405336776171012,0.031108031581040585
2026-01-29,215.12454223632812,5.371217126633231,-0.03411964953778135
2026-01-30,190.5,5.249652194566756,-0.1215649320664749
2026-02-02,190.4787139892578,5.2495404507344485,-0.00011174383230727614
2026-02-03,196.99703979492188,5.2831887022033746,0.03364825146892603
2026-02-04,198.1848907470703,5.289200386634203,0.006011684430828446
2026-02-05,189.1111602783203,5.2423349917881845,-0.04686539484601848
2026-02-06,196.6,5.281171207713066,0.0388362159248814
2026-02-09,209.46469116210938,5.344555186552283,0.06338397883921676
2026-02-10,211.51101684570312,5.354277086234721,0.00972189968243864
2026-02-11,217.19,5.38077254648423,0.02649546024950844
2026-02-12,205.21,5.324033845052673,-0.05673870143155657
2026-02-13,216.59,5.3780061654494045,0.05397232039673128
2026-02-17,212.96,5.361104354646802,-0.016901810802602668
2026-02-18,220.64,5.396532414044992,0.03542805939818994
2026-02-19,224.0685272216797,5.411951930166284,0.015419516121291998
2026-02-20,227.85174560546875,5.428695178885148,0.016743248718864123
2026-02-23,240.05987548828125,5.480888373427903,0.05219319454275517
2026-02-24,244.14,5.497741831241654,0.016853457813750694
2026-02-25,240.55,5.482927968145463,-0.014813863096191149
2026-02-26,246.4,5.506956231659364,0.02402826351390175
2026-02-27,251.6,5.527840524826286,0.02088429316692153
2026-03-02,252.19000244140625,5.530182781354937,0.0023422565286512764
2026-03-03,234.52000427246094,5.45754089031391,-0.0726418910410267
2026-03-04,232.72999572753906,5.449878964998558,-0.007661925315352036
2026-03-05,221.49,5.400377441739184,-0.049501523259374736
2026-03-06,221.0,5.3981627015177525,-0.0022147402214311995
2026-03-09,224.75,5.41498867335173,0.016825971833977604
2026-03-10,226.94000244140625,5.42468567612078,0.009697002769049945
2026-03-11,222.80999755859375,5.406319379391968,-0.018366296728811626
2026-03-12,218.24000549316406,5.3855953998253865,-0.020723979566581896
