date,price,log_price,r
2005-03-01,12.1658,2.498628736506442,0.013972117973651166
2005-03-02,12.3506,2.513704644889822,0.015075908383380021
2005-03-03,12.0366,2.4879520079739605,-0.025752636915861604
2005-03-04,12.1997,2.5014113612729334,0.013459353298972854
2005-03-07,12.2893,2.5087289650803304,0.0073176038073969885
2005-03-08,12.493,2.525168487449692,0.016439522369361637
2005-03-09,12.6193,2.535227388062802,0.010058900613109767
2005-03-10,12.6542,2.5379891758787534,0.0027617878159515996
2005-03-11,12.493,2.525168487449692,-0.012820688429061367
2005-03-14,12.5014,2.5258406380367235,0.000672150587031517
2005-03-15,12.5326,2.528333249377627,0.0024926113409033945
2005-03-16,12.6966,2.5413342410866435,0.013000991709016585
2005-03-17,12.7164,2.5428924989866535,0.0015582579000099628
2005-03-18,12.7437,2.5450370318410234,0.002144532854369885
2005-03-21,12.6343,2.536415337643379,-0.00862169419764447
2005-03-22,12.707,2.542153022722397,0.005737685079018284
2005-03-23,12.5872,2.532680424592841,-0.009472598129556253
2005-03-24,12.5939,2.533212569746,0.0005321451531590249
2005-03-28,12.5673,2.5310982023939093,-0.002114367352090696
2005-03-29,12.6305,2.536114523860673,0.0050163214667637845
2005-03-30,12.5939,2.533212569746,-0.0029019541146730887
2005-03-31,12.7889,2.5485776072009707,0.015365037454970754
2005-04-01,12.6447,2.537238155048083,-0.011339452152887564
2005-04-04,12.6768,2.5397735512288406,0.0025353961807574876
2005-04-05,12.7475,2.5453351739471737,0.005561622718333048
2005-04-06,12.5825,2.532306959668378,-0.013028214278795858
2005-04-07,12.5155,2.5269678761432064,-0.005339083525171429
2005-04-08,12.5052,2.526144557804245,-0.0008233183389614318
2005-04-11,12.525,2.5277266469709283,0.0015820891666833425
2005-04-12,12.5673,2.5310982023939093,0.003371555422980954
2005-04-13,12.4278,2.519935898707395,-0.011162303686514274
2005-04-14,12.475,2.5237266416375825,0.0037907429301875517
2005-04-15,12.2987,2.509493565735768,-0.014233075901814551
2005-04-18,12.2761,2.5076542827001993,-0.001839283035568684
2005-04-19,12.3996,2.5176642140261722,0.010009931325972943
2005-04-20,12.3619,2.5146191618984255,-0.00304505212774675
2005-04-21,12.4392,2.5208527765614694,0.0062336146630439515
2005-04-22,12.4684,2.523197443520724,0.0023446669592543934
2005-04-25,12.4278,2.519935898707395,-0.003261544813328854
2005-04-26,12.3204,2.511256425110782,-0.008679473596612919
2005-04-27,12.3119,2.510566274346348,-0.0006901507644339056
2005-04-28,12.2733,2.5074261712178707,-0.003140103128477456
2005-04-29,12.3147,2.510793670739847,0.003367499521976125
2005-05-02,12.2139,2.5025746474414072,-0.008219023298439598
2005-05-03,12.3119,2.510566274346348,0.00799162690494093
2005-05-04,12.3242,2.511564809099982,0.000998534753633873
2005-05-05,12.3242,2.511564809099982,0.0
2005-05-06,12.2497,2.5055014468949377,-0.006063362205044331
2005-05-09,12.3204,2.511256425110782,0.005754978215844364
2005-05-10,12.1093,2.493973752426108,-0.017282672684673983
2005-05-11,11.8876,2.475495840033813,-0.018477912392294904
2005-05-12,11.9046,2.476924880046343,0.0014290400125296365
2005-05-13,11.6613,2.4562756669888475,-0.02064921305749534
2005-05-16,11.6237,2.4530461172632188,-0.003229549725628722
2005-05-17,11.6745,2.4574069760854154,0.004360858822196612
2005-05-18,11.6388,2.4543443442053605,-0.0030626318800548447
2005-05-19,11.7434,2.4632913806487693,0.008947036443408773
2005-05-20,11.7473,2.463623426950994,0.00033204630222449794
2005-05-23,11.7605,2.4647464585734613,0.0011230316224675185
2005-05-24,11.7529,2.464100018648596,-0.0006464399248651276
2005-05-25,11.7226,2.461518602548759,-0.002581416099836975
2005-05-26,11.6973,2.459358045941625,-0.002160556607134101
2005-05-27,11.7745,2.465936176155899,0.006578130214273781
2005-05-31,11.7745,2.465936176155899,0.0
2005-06-01,11.7265,2.461851237919495,-0.004084938236403879
2005-06-02,11.6349,2.4540092019601216,-0.007842035959373383
2005-06-03,11.7962,2.467777445709263,0.01376824374914154
2005-06-06,11.832,2.470807725408499,0.0030302796992356384
2005-06-07,11.9593,2.481509218381537,0.010701492973038018
2005-06-08,11.9046,2.476924880046343,-0.004584338335194005
2005-06-09,12.0895,2.4923373072785284,0.01541242723218561
2005-06-10,12.0895,2.4923373072785284,0.0
2005-06-13,11.9131,2.477638634973213,-0.014698672305315519
2005-06-14,11.865,2.473592889887727,-0.00404574508548583
2005-06-15,11.9999,2.4848983164199447,0.011305426532217666
2005-06-16,12.0743,2.4910792268437594,0.006180910423814634
2005-06-17,12.0677,2.4905324618562337,-0.0005467649875257052
2005-06-20,12.0856,2.492014661247378,0.0014821993911442455
2005-06-21,12.1308,2.495747672965875,0.00373301171849727
2005-06-22,12.0932,2.492643311159722,-0.003104361806153033
2005-06-23,12.1838,2.5001072004876805,0.007463889327958384
2005-06-24,12.2082,2.502107857107775,0.002000656620094521
2005-06-27,12.1308,2.495747672965875,-0.006360184141899872
2005-06-28,12.1997,2.5014113612729334,0.005663688307058212
2005-06-29,12.2422,2.5048889994952317,0.003477638222298296
2005-06-30,12.1196,2.4948239767962175,-0.010065022699014214
2005-07-01,12.2214,2.5031885134660126,0.008364536669795086
2005-07-05,11.9697,2.4823784565991667,-0.020810056866845894
2005-07-06,12.0932,2.492643311159722,0.01026485456055548
2005-07-07,12.1554,2.4977735154948237,0.005130204335101585
2005-07-08,12.3204,2.511256425110782,0.013482909615958327
2005-07-11,12.3882,2.5167444066367515,0.00548798152596941
2005-07-12,12.5212,2.5274232077243237,0.010678801087572243
2005-07-13,12.376,2.515759113270765,-0.011664094453558871
2005-07-14,12.4034,2.5179706285751973,0.002211515304432421
2005-07-15,12.376,2.515759113270765,-0.002211515304432421
2005-07-18,12.4034,2.5179706285751973,0.002211515304432421
2005-07-19,12.5778,2.5319333552157546,0.01396272664055731
2005-07-20,12.5419,2.5290750388790286,-0.0028583163367259523
2005-07-21,12.4967,2.525464609454121,-0.003610429424907746
2005-07-22,12.5561,2.5302066032678394,0.004741993813718537
2005-07-25,12.4392,2.5208527765614694,-0.009353826706369972
2005-07-26,12.3204,2.511256425110782,-0.00959635145068738
2005-07-27,12.4222,2.519485194474414,0.008228769363631816
2005-07-28,12.376,2.515759113270765,-0.0037260812036490343
2005-07-29,12.3666,2.5149992900951696,-0.0007598231755951979
2005-08-01,12.493,2.525168487449692,0.010169197354522375
2005-08-02,12.6966,2.5413342410866435,0.016165753636951496
2005-08-03,12.6872,2.540593611202254,-0.0007406298843894987
2005-08-04,12.7955,2.5490935466129883,0.008499935410734238
2005-08-05,12.805,2.5498357196514885,0.0007421730385002157
2005-08-08,12.9087,2.5579015026542495,0.008065783002761062
2005-08-09,13.0162,2.566194735502435,0.008293232848185284
2005-08-10,13.036,2.5677147609753153,0.0015200254728804374
2005-08-11,13.2528,2.5842088508618626,0.016494089886547325
2005-08-12,13.101,2.5726885631715337,-0.011520287690328868
2005-08-15,13.1113,2.57347445380533,0.0007858906337960825
2005-08-16,13.1057,2.5730472500760575,-0.00042720372927229633
2005-08-17,12.9955,2.564603143690311,-0.00844410638574633
2005-08-18,12.7683,2.546965536672022,-0.017637607018289092
2005-08-19,12.9021,2.5573900888163332,0.01042455214431115
2005-08-22,12.987,2.5639488571279534,0.006558768311620167
2005-08-23,12.9549,2.561474094956879,-0.0024747621710745626
2005-08-24,12.9549,2.561474094956879,0.0
2005-08-25,13.0558,2.5692324794769688,0.007758384520089923
2005-08-26,12.9125,2.558195834445757,-0.011036645031211822
2005-08-29,12.9125,2.558195834445757,0.0
2005-08-30,13.0058,2.5653954118106563,0.007199577364899401
2005-08-31,13.4122,2.5961647405118864,0.03076932870123006
2005-09-01,13.5329,2.605123757722502,0.008959017210615539
2005-09-02,13.6073,2.6106064134412437,0.005482655718741736
2005-09-06,13.628,2.61212649979872,0.001520086357476469
2005-09-07,13.7601,2.62177309992065,0.009646600121929971
2005-09-08,13.9458,2.6351783876662993,0.013405287745649197
2005-09-09,14.007,2.6395572046569096,0.004378816990610268
2005-09-12,14.0183,2.640363618904919,0.0008064142480095349
2005-09-13,13.8788,2.6303624960097687,-0.010001122895150427
2005-09-14,13.81,2.6253929674212007,-0.0049695285885680285
2005-09-15,13.9288,2.6339586390702516,0.008565671649050977
2005-09-16,14.0589,2.6432556471910456,0.009297008120793926
2005-09-19,14.4247,2.6689420149508614,0.02568636775981581
2005-09-20,13.6648,2.6148231833417137,-0.054118831609147655
2005-09-21,13.5036,2.602956316561815,-0.0118668667798989
2005-09-22,13.6242,2.611847623229149,0.008891306667334398
2005-09-23,13.8883,2.631046759067176,0.019199135838027015
2005-09-26,13.9232,2.633556513544224,0.002509754477047821
2005-09-27,13.9042,2.6321909527694096,-0.0013655607748144227
2005-09-28,13.7006,2.617439627495517,-0.014751325273892668
2005-09-29,13.8138,2.625668092496243,0.008228465000725826
2005-09-30,14.0467,2.642387492747358,0.01671940025111507
2005-10-03,13.893,2.6313851161667245,-0.0110023765806333
2005-10-04,13.8138,2.625668092496243,-0.005717023670481769
2005-10-05,13.4867,2.6017040146453017,-0.023964077850941123
2005-10-06,13.3037,2.58804219202724,-0.013661822618061592
2005-10-07,13.4122,2.5961647405118864,0.00812254848464633
2005-10-10,13.3461,2.5912242073351055,-0.004940533176780892
2005-10-11,13.3113,2.5886132985616435,-0.0026109087734620395
2005-10-12,13.4018,2.5953890262938284,0.006775727732184933
2005-10-13,13.2207,2.5817837830973773,-0.013605243196451067
2005-10-14,13.2207,2.5817837830973773,0.0
2005-10-17,13.1425,2.575851253711466,-0.005932529385911156
2005-10-18,12.7475,2.5453351739471737,-0.030516079764292492
2005-10-19,12.8804,2.555706776094604,0.01037160214743027
2005-10-20,12.6711,2.539323809822564,-0.016382966272039834
2005-10-21,12.5014,2.5258406380367235,-0.013483171785840575
2005-10-24,12.5505,2.529760505421626,0.0039198673849023535
2005-10-25,12.6711,2.539323809822564,0.009563304400938222
2005-10-26,12.7475,2.5453351739471737,0.006011364124609564
2005-10-27,12.6305,2.536114523860673,-0.009220650086500637
2005-10-28,12.5561,2.5302066032678394,-0.0059079205928336265
2005-10-31,12.6711,2.539323809822564,0.0091172065547247
2005-11-01,12.3119,2.510566274346348,-0.028757535476215956
2005-11-02,12.0055,2.4853648781186943,-0.025201396227653827
2005-11-03,11.9499,2.4807229101416692,-0.0046419679770250966
2005-11-04,11.997,2.484656618532791,0.003933708391121726
2005-11-07,11.8528,2.4725641265896137,-0.012092491943177297
2005-11-08,11.8028,2.4683367914588352,-0.004227335130778442
2005-11-09,11.8934,2.475983624409155,0.007646832950319649
2005-11-10,11.7745,2.465936176155899,-0.010047448253255986
2005-11-11,11.7311,2.462243434909721,-0.0036927412461777998
2005-11-14,11.7151,2.4608786079882012,-0.001364826921519846
2005-11-15,11.6793,2.4578180440972672,-0.0030605638909340094
2005-11-16,11.5944,2.4505222229261694,-0.007295821171097838
2005-11-17,11.6745,2.4574069760854154,0.006884753159245971
2005-11-18,11.6293,2.4535277755531824,-0.003879200532233007
2005-11-21,11.5059,2.442859947285656,-0.010667828267526325
2005-11-22,11.5832,2.4495557724850747,0.006695825199418692
2005-11-23,12.179,2.4997131571049733,0.050157384619898604
2005-11-25,12.7739,2.547404026707315,0.04769086960234148
2005-11-28,12.4599,2.522515487644918,-0.024888539062396742
2005-11-29,12.3204,2.511256425110782,-0.011259062534136
2005-11-30,12.1404,2.496538734017708,-0.01471769109307397
2005-12-01,12.4156,2.518953746427055,0.022415012409346957
2005-12-02,12.3308,2.51210019747213,-0.0068535489549250705
2005-12-05,12.2082,2.502107857107775,-0.009992340364354924
2005-12-06,12.114,2.4943618085587556,-0.007746048549019502
2005-12-07,12.1997,2.5014113612729334,0.0070495527141778425
2005-12-08,12.0621,2.490068305493517,-0.0113430557794163
2005-12-09,12.1196,2.4948239767962175,0.004755671302700382
2005-12-12,12.1196,2.4948239767962175,0.0
2005-12-13,11.9131,2.477638634973213,-0.017185341823004574
2005-12-14,12.0093,2.4856813496305716,0.00804271465735873
2005-12-15,11.9178,2.478033080844828,-0.007648268785743539
2005-12-16,12.0932,2.492643311159722,0.014610230314894057
2005-12-19,12.1308,2.495747672965875,0.003104361806153033
2005-12-20,12.0969,2.492949221431185,-0.0027984515346903827
2005-12-21,12.1601,2.498160100188417,0.005210878757232251
2005-12-22,12.1308,2.495747672965875,-0.0024124272225418686
2005-12-23,12.0932,2.492643311159722,-0.003104361806153033
2005-12-27,12.079,2.4914684076231413,-0.0011749035365808957
2005-12-28,12.2346,2.50426800326662,0.012799595643478767
2005-12-29,12.2837,2.50827318026798,0.00400517700136005
2005-12-30,12.261,2.50642349325025,-0.0018496870177302505
2006-01-03,12.3666,2.5149992900951696,0.008575796844919825
2006-01-04,12.4788,2.5240312044720503,0.009031914376880668
2006-01-05,12.2139,2.5025746474414072,-0.021456557030643086
2006-01-06,12.3204,2.511256425110782,0.008681777669374835
2006-01-09,12.2176,2.5028775351092367,-0.008378890001545347
2006-01-10,12.2317,2.5040309424921197,0.0011534073828829428
2006-01-11,12.5985,2.5335777592516546,0.029546816759534966
2006-01-12,12.6476,2.5374674738536256,0.0038897146019709616
2006-01-13,12.5985,2.5335777592516546,-0.0038897146019709616
2006-01-17,12.2987,2.509493565735768,-0.024084193515886643
2006-01-18,12.0215,2.486696713334497,-0.02279685240127094
2006-01-19,12.1838,2.5001072004876805,0.013410487153183492
2006-01-20,12.2657,2.5068067490537236,0.006699548566043045
2006-01-23,12.2563,2.506040090505447,-0.0007666585482763999
2006-01-24,12.2036,2.501730990178303,-0.004309100327144044
2006-01-25,12.179,2.4997131571049733,-0.002017833073329811
2006-01-26,12.2214,2.5031885134660126,0.003475356361039239
2006-01-27,12.2082,2.502107857107775,-0.0010806563582375084
2006-01-30,12.2346,2.50426800326662,0.0021601461588449666
2006-01-31,12.393,2.517131797082737,0.01286379381611713
2006-02-01,12.5985,2.5335777592516546,0.016445962168917472
2006-02-02,12.1838,2.5001072004876805,-0.03347055876397409
2006-02-03,12.1714,2.499088937359361,-0.0010182631283193189
2006-02-06,12.1658,2.498628736506442,-0.0004602008529190904
2006-02-07,12.1658,2.498628736506442,0.0
2006-02-08,12.2082,2.502107857107775,0.00347912060133293
2006-02-09,12.179,2.4997131571049733,-0.0023947000028017307
2006-02-10,12.1498,2.4973127087457256,-0.0024004483592476866
2006-02-13,12.0677,2.4905324618562337,-0.00678024688949197
2006-02-14,12.0743,2.4910792268437594,0.0005467649875257052
2006-02-15,12.0093,2.4856813496305716,-0.005397877213187741
2006-02-16,12.0093,2.4856813496305716,0.0
2006-02-17,12.0932,2.492643311159722,0.006961961529150518
2006-02-21,11.9649,2.481977363615423,-0.010665947544298948
2006-02-22,12.0159,2.486230772750132,0.004253409134708619
2006-02-23,11.9999,2.4848983164199447,-0.0013324563301870818
2006-02-24,11.9867,2.483797701799074,-0.0011006146208707435
2006-02-27,12.261,2.50642349325025,0.022625791451175825
2006-02-28,12.4156,2.518953746427055,0.012530253176805228
2006-03-01,12.3119,2.510566274346348,-0.008387472080706893
2006-03-02,12.3581,2.514311718530308,0.003745444183959723
2006-03-03,12.4278,2.519935898707395,0.005624180177087101
2006-03-06,12.3996,2.5176642140261722,-0.002271684681222741
2006-03-07,12.5089,2.526440390956506,0.008776176930333612
2006-03-08,12.707,2.542153022722397,0.015712631765891327
2006-03-09,12.707,2.542153022722397,0.0
2006-03-10,12.7343,2.544299140293295,0.0021461175708976654
2006-03-13,12.5985,2.5335777592516546,-0.010721381041640221
2006-03-14,12.525,2.5277266469709283,-0.005851112280726323
2006-03-15,12.5326,2.528333249377627,0.0006066024066986309
2006-03-16,12.7343,2.544299140293295,0.015965890915667913
2006-03-17,12.6599,2.538439517790679,-0.005859622502615736
2006-03-20,12.6768,2.5397735512288406,0.0013340334381615193
2006-03-21,12.6711,2.539323809822564,-0.00044974140627651593
2006-03-22,12.6401,2.5368743000798215,-0.002449509742742606
2006-03-23,12.4628,2.5227482072148755,-0.014126092864946038
2006-03-24,12.5014,2.5258406380367235,0.003092430821848069
2006-03-27,12.3882,2.5167444066367515,-0.009096231399972066
2006-03-28,12.3242,2.511564809099982,-0.0051795975367694425
2006-03-29,12.4496,2.5216884938805286,0.010123684780546593
2006-03-30,12.4967,2.525464609454121,0.0037761155735922536
2006-03-31,12.3147,2.510793670739847,-0.014670938714274051
2006-04-03,12.2214,2.5031885134660126,-0.007605157273834262
2006-04-04,12.2761,2.5076542827001993,0.004465769234186734
2006-04-05,12.5419,2.5290750388790286,0.021420756178829325
2006-04-06,12.6401,2.5368743000798215,0.007799261200792884
2006-04-07,12.4449,2.521310900431707,-0.015563399648114373
2006-04-10,12.5673,2.5310982023939093,0.009787301962202122
2006-04-11,12.6193,2.535227388062802,0.004129185668892532
2006-04-12,12.5052,2.526144557804245,-0.009082830258556829
2006-04-13,12.5939,2.533212569746,0.0070680119417549925
2006-04-17,12.6343,2.536415337643379,0.003202767897378944
2006-04-18,12.623,2.5355205467707247,-0.0008947908726542053
2006-04-19,12.6089,2.5344029138165913,-0.001117632954133363
2006-04-20,12.493,2.525168487449692,-0.009234426366899307
2006-04-21,12.5561,2.5302066032678394,0.005038115818147393
2006-04-24,12.6401,2.5368743000798215,0.006667696811982093
2006-04-25,12.7277,2.5437807206759975,0.006906420596175966
2006-04-26,12.6966,2.5413342410866435,-0.002446479589353956
2006-04-27,12.7475,2.5453351739471737,0.00400093286053016
2006-04-28,12.6542,2.5379891758787534,-0.00734599806842029
2006-05-01,12.6711,2.539323809822564,0.0013346339438107258
2006-05-02,12.7635,2.5465895349755847,0.007265725153020597
2006-05-03,12.6089,2.5344029138165913,-0.012186621158993383
2006-05-04,12.4628,2.5227482072148755,-0.011654706601715858
2006-05-05,12.4449,2.521310900431707,-0.001437306783168335
2006-05-08,12.4496,2.5216884938805286,0.0003775934488214894
2006-05-09,12.5382,2.5287799842319703,0.007091490351441632
2006-05-10,12.5561,2.5302066032678394,0.0014266190358691588
2006-05-11,12.3374,2.5126352993569436,-0.017571303910895786
2006-05-12,12.2657,2.5068067490537236,-0.005828550303220048
2006-05-15,12.3421,2.51301618228057,0.006209433226846528
2006-05-16,12.3204,2.511256425110782,-0.0017597571697880454
2006-05-17,12.0895,2.4923373072785284,-0.01891911783225364
2006-05-18,12.1196,2.4948239767962175,0.002486669517689055
2006-05-19,12.2214,2.5031885134660126,0.008364536669795086
2006-05-22,12.0856,2.492014661247378,-0.01117385221863465
2006-05-23,12.0329,2.4876445649419785,-0.004370096305399418
2006-05-24,11.9999,2.4848983164199447,-0.0027462485220337562
2006-05-25,12.2036,2.501730990178303,0.016832673758358396
2006-05-26,12.2261,2.5035730108631213,0.001842020684818202
2006-05-30,12.4109,2.51857511874646,0.015002107883338667
2006-05-31,12.408,2.5183414258742376,-0.00023369287222241297
2006-06-01,12.4854,2.524559961664652,0.006218535790414315
2006-06-02,12.5731,2.5315596111306755,0.006999649466023605
2006-06-05,12.5089,2.526440390956506,-0.005119220174169659
2006-06-06,12.6476,2.5374674738536256,0.011027082897119733
2006-06-07,12.6542,2.5379891758787534,0.0005217020251278015
2006-06-08,12.5561,2.5302066032678394,-0.007782572610913974
2006-06-09,12.739,2.54466815412765,0.01446155085981049
2006-06-12,12.8927,2.5566612597177474,0.011993105590097475
2006-06-13,12.3421,2.51301618228057,-0.04364507743717727
2006-06-14,12.2214,2.5031885134660126,-0.009827668814557544
2006-06-15,12.2036,2.501730990178303,-0.001457523287709428
2006-06-16,12.0093,2.4856813496305716,-0.016049640547731503
2006-06-19,12.2139,2.5025746474414072,0.016893297810835595
2006-06-20,12.2761,2.5076542827001993,0.00507963525879207
2006-06-21,12.2176,2.5028775351092367,-0.004776747590962582
2006-06-22,12.0366,2.4879520079739605,-0.014925527135276173
2006-06-23,12.0366,2.4879520079739605,0.0
2006-06-26,11.9649,2.481977363615423,-0.00597464435853734
2006-06-27,12.0055,2.4853648781186943,0.0033875145032711274
2006-06-28,11.899,2.4764543629730165,-0.008910515145677866
2006-06-29,12.0507,2.4891227495357375,0.012668386562721068
2006-06-30,12.1027,2.4934285682064257,0.004305818670688133
2006-07-03,12.2893,2.5087289650803304,0.01530039687390472
2006-07-05,12.0159,2.486230772750132,-0.022498192330198563
2006-07-06,12.0479,2.488890370890289,0.002659598140157371
2006-07-07,12.079,2.4914684076231413,0.0025780367328520626
2006-07-10,11.9904,2.484106329617231,-0.007362078005910266
2006-07-11,12.0895,2.4923373072785284,0.008230977661297434
2006-07-12,11.9225,2.4784273711902425,-0.013909936088285946
2006-07-13,11.9273,2.47882989029437,0.0004025191041274745
2006-07-14,12.0329,2.4876445649419785,0.008814674647608545
2006-07-17,11.9225,2.4784273711902425,-0.00921719375173602
2006-07-18,11.9537,2.4810408538850393,0.002613482694796776
2006-07-19,11.9046,2.476924880046343,-0.004115973838696441
2006-07-20,11.7529,2.464100018648596,-0.012824861397746634
2006-07-21,11.6048,2.4514188056270108,-0.012681213021585425
2006-07-24,11.7265,2.461851237919495,0.01043243229248425
2006-07-25,11.5944,2.4505222229261694,-0.011329014993325615
2006-07-26,11.7745,2.465936176155899,0.015413953229729493
2006-07-27,11.865,2.473592889887727,0.007656713731828191
2006-07-28,12.0159,2.486230772750132,0.012637882862404748
2006-07-31,11.7708,2.465621888376133,-0.02060888437399866
2006-08-01,11.832,2.470807725408499,0.005185837032365637
2006-08-02,11.7265,2.461851237919495,-0.008956487489003795
2006-08-03,11.8565,2.472876240404027,0.011025002484532198
2006-08-04,11.9225,2.4784273711902425,0.005551130786215275
2006-08-07,12.2036,2.501730990178303,0.02330361898806066
2006-08-08,12.079,2.4914684076231413,-0.010262582555161881
2006-08-09,12.3882,2.5167444066367515,0.025275999013610218
2006-08-10,12.2176,2.5028775351092367,-0.013866871527514757
2006-08-11,12.2346,2.50426800326662,0.0013904681573833066
2006-08-14,12.2705,2.5071980076888205,0.002930004422200483
2006-08-15,12.6137,2.534783524860492,0.02758551717167146
2006-08-16,12.6305,2.536114523860673,0.0013309990001810768
2006-08-17,12.6447,2.537238155048083,0.0011236311874101013
2006-08-18,12.5778,2.5319333552157546,-0.005304799832328566
2006-08-21,12.5825,2.532306959668378,0.00037360445262324404
2006-08-22,12.5985,2.5335777592516546,0.0012707995832768049
2006-08-23,12.722,2.5433327782566124,0.009755019004957788
2006-08-24,12.722,2.5433327782566124,0.0
2006-08-25,12.8314,2.5518952919262263,0.008562513669613914
2006-08-28,12.9445,2.5606709875058193,0.008775695579593012
2006-08-29,12.8616,2.554246127866613,-0.0064248596392064705
2006-08-30,12.9502,2.5611112320417333,0.006865104175120429
2006-08-31,12.8766,2.555411710673354,-0.005699521368379479
2006-09-01,12.7437,2.5450370318410234,-0.010374678832330453
2006-09-05,12.7475,2.5453351739471737,0.000298142106150312
2006-09-06,12.6655,2.538881761553168,-0.006453412394005653
2006-09-07,12.6909,2.5408852011972667,0.002003439644098659
2006-09-08,12.5985,2.5335777592516546,-0.007307441945612059
2006-09-11,13.628,2.61212649979872,0.07854874054706551
2006-09-12,14.1201,2.647599314192992,0.03547281439427197
2006-09-13,13.7478,2.620878811311215,-0.026720502881777186
2006-09-14,13.6734,2.6154523396346434,-0.005426471676571509
2006-09-15,13.5941,2.6096358750839426,-0.0058164645507008395
2006-09-18,13.628,2.61212649979872,0.0024906247147775673
2006-09-19,13.628,2.61212649979872,0.0
2006-09-20,13.8195,2.6260806382349595,0.013954138436239383
2006-09-21,14.1315,2.6484063481746953,0.022325709939735816
2006-09-22,14.1475,2.649537930034542,0.00113158185984652
2006-09-25,14.1475,2.649537930034542,0.0
2006-09-26,14.0627,2.643525902085726,-0.006012027948815835
2006-09-27,14.1033,2.6464088125536285,0.0028829104679024553
2006-09-28,14.04,2.641910398597665,-0.0044984139559636205
2006-09-29,13.9552,2.6358521986663104,-0.00605819993135448
2006-10-02,14.2513,2.656848130623808,0.020995931957497493
2006-10-03,14.4039,2.6674990032465615,0.01065087262275366
2006-10-04,14.5049,2.6744865233751796,0.00698752012861803
2006-10-05,14.4473,2.670507545888506,-0.0039789774866734184
2006-10-06,14.3908,2.6665891135165913,-0.003918432371914804
2006-10-09,14.3559,2.664161007532485,-0.0024281059841064767
2006-10-10,14.3559,2.664161007532485,0.0
2006-10-11,14.9574,2.7052061606504747,0.04104515311798984
2006-10-12,14.4606,2.6714277096457093,-0.0337784510047654
2006-10-13,14.8292,2.696598209988097,0.02517050034238766
2006-10-16,14.6585,2.6850203719875188,-0.011577838000578211
2006-10-17,14.4898,2.673444953614836,-0.011575418372682833
2006-10-18,14.2984,2.6601476428940316,-0.013297310720804312
2006-10-19,14.222,2.654790061461326,-0.005357581432705594
2006-10-20,14.2663,2.6579001126547874,0.003110051193461416
2006-10-23,14.3192,2.661601294050153,0.0037011813953657935
2006-10-24,14.5001,2.6741555459544717,0.01255425190431847
2006-10-25,14.4548,2.6710265393296986,-0.003129006624773112
2006-10-26,14.6151,2.6820552408251244,0.011028701495425786
2006-10-27,14.4219,2.6687478846194677,-0.013307356205656706
2006-10-30,14.4709,2.67213973635951,0.0033918517400421955
2006-10-31,14.5718,2.6790881541001665,0.006948417740656687
2006-11-01,12.7889,2.5485776072009707,-0.13051054689919583
2006-11-02,12.5475,2.5295214425469514,-0.01905616465401927
2006-11-03,12.6305,2.536114523860673,0.006593081313721605
2006-11-06,12.6872,2.540593611202254,0.004479087341580978
2006-11-07,12.739,2.54466815412765,0.004074542925395885
2006-11-08,12.7277,2.5437807206759975,-0.0008874334516524307
2006-11-09,12.6033,2.533958684428272,-0.009822036247725485
2006-11-10,12.5212,2.5274232077243237,-0.006535476703948273
2006-11-13,12.3619,2.5146191618984255,-0.012804045825898225
2006-11-14,12.2139,2.5025746474414072,-0.012044514457018263
2006-11-15,12.261,2.50642349325025,0.0038488458088425936
2006-11-16,12.3421,2.51301618228057,0.006592689030320287
2006-11-17,12.2733,2.5074261712178707,-0.005590011062699407
2006-11-20,12.2497,2.5055014468949377,-0.0019247243229330024
2006-11-21,12.2761,2.5076542827001993,0.0021528358052615992
2006-11-22,12.3204,2.511256425110782,0.003602142410582765
2006-11-24,12.5505,2.529760505421626,0.01850408031084383
2006-11-27,12.7437,2.5450370318410234,0.015276526419397474
2006-11-28,12.7635,2.5465895349755847,0.001552503134561345
2006-11-29,12.7635,2.5465895349755847,0.0
2006-11-30,12.6711,2.539323809822564,-0.007265725153020597
2006-12-01,12.6033,2.533958684428272,-0.005365125394292125
2006-12-04,12.6872,2.540593611202254,0.006634926773982031
2006-12-05,12.8097,2.550202696430662,0.009609085228408087
2006-12-06,12.8408,2.5526276016168707,0.002424905186208637
2006-12-07,12.9804,2.5634405274421073,0.010812925825236519
2006-12-08,12.9379,2.5601609884220364,-0.003279539020070832
2006-12-11,13.0002,2.5649647419585793,0.004803753536542832
2006-12-12,13.5837,2.608870544519465,0.04390580256088583
2006-12-13,13.2425,2.5834313544365446,-0.025439190082920504
2006-12-14,13.4018,2.5953890262938284,0.011957671857283803
2006-12-15,13.3556,2.5919357725463725,-0.0034532537474558644
2006-12-18,13.644,2.6132998645563994,0.02136409201002687
2006-12-19,13.744,2.6206023652418997,0.007302500685500313
2006-12-20,13.9118,2.632737400870439,0.012135035628539459
2006-12-21,13.5432,2.605884576340903,-0.02685282452953608
2006-12-22,13.6186,2.6114365054234265,0.0055519290825234435
2006-12-26,13.762,2.621911170780288,0.010474665356861479
2006-12-27,13.7242,2.619160697900802,-0.0027504728794860434
2006-12-28,13.8883,2.631046759067176,0.011886061166374251
2006-12-29,13.9118,2.632737400870439,0.0016906418032629489
2007-01-03,13.6394,2.612962663178009,-0.01977473769243021
2007-01-04,13.5941,2.6096358750839426,-0.0033267880940663908
2007-01-05,13.3113,2.5886132985616435,-0.021022576522299108
2007-01-08,13.2369,2.5830083841212437,-0.005604914440399789
2007-01-09,13.2425,2.5834313544365446,0.000422970315300919
2007-01-10,13.2057,2.5806485545675035,-0.002782799869041064
2007-01-11,13.1444,2.5759958124082547,-0.004652742159248824
2007-01-12,13.1811,2.578783985379344,0.0027881729710892422
2007-01-16,13.0727,2.5705260862555233,-0.008257899123820689
2007-01-17,13.0624,2.569737874193334,-0.0007882120621891531
2007-01-18,12.8692,2.5548368596138586,-0.014901014579475458
2007-01-19,12.8927,2.5566612597177474,0.0018244001038887347
2007-01-22,12.7277,2.5437807206759975,-0.012880539041749905
2007-01-23,12.6994,2.54155474825402,-0.002225972421977307
2007-01-24,13.0104,2.5657490376321013,0.024194289378081102
2007-01-25,13.1737,2.5782224178322957,0.012473380200194395
2007-01-26,13.3414,2.590871982507108,0.012649564674812375
2007-01-29,13.1934,2.579716704550643,-0.011155277956464982
2007-01-30,13.4244,2.5970739466587482,0.017357242108105186
2007-01-31,13.5329,2.605123757722502,0.008049811063753687
2007-02-01,13.6479,2.6135856636415893,0.008461905919087354
2007-02-02,13.3914,2.5946127098760576,-0.018972953765531653
2007-02-05,13.4574,2.599529140624698,0.004916430748640455
2007-02-06,13.6394,2.612962663178009,0.013433522553310873
2007-02-07,13.1877,2.5792845769980617,-0.033678086179947275
2007-02-08,13.1444,2.5759958124082547,-0.0032887645898069806
2007-02-09,13.3037,2.58804219202724,0.012046379618985359
2007-02-12,13.2425,2.5834313544365446,-0.004610837590695471
2007-02-13,13.5139,2.603718785368995,0.020287430932450334
2007-02-14,13.7855,2.6236173151273663,0.019898529758371364
2007-02-15,14.0354,2.6415827095858497,0.01796539445848344
2007-02-16,14.0627,2.643525902085726,0.0019431924998762895
2007-02-20,13.991,2.6384142657511487,-0.005111636334577341
2007-02-21,14.04,2.641910398597665,0.0034961328465161756
2007-02-22,13.8788,2.6303624960097687,-0.011547902587896175
2007-02-23,14.007,2.6395572046569096,0.009194708647140892
2007-02-26,13.9476,2.6353074504555254,-0.004249754201384182
2007-02-27,13.5676,2.6076845974828946,-0.027622852972630785
2007-02-28,13.5083,2.6033043113380008,-0.00438028614489383
2007-03-01,13.317,2.589041414520008,-0.014262896817992754
2007-03-02,13.2161,2.5814357833359525,-0.00760563118405555
2007-03-05,13.1689,2.5778579891082423,-0.003577794227710207
2007-03-06,13.4772,2.6009993687748536,0.02314137966661134
2007-03-07,13.5139,2.603718785368995,0.0027194165941413218
2007-03-08,13.4122,2.5961647405118864,-0.007554044857108533
2007-03-09,13.5329,2.605123757722502,0.008959017210615539
2007-03-12,13.5517,2.6065120007107176,0.0013882429882157155
2007-03-13,13.2161,2.5814357833359525,-0.025076217374765175
2007-03-14,13.1737,2.5782224178322957,-0.0032133655036568065
2007-03-15,13.2273,2.582282875666721,0.004060457834425435
2007-03-16,13.2057,2.5806485545675035,-0.0016343210992175727
2007-03-19,13.382,2.593910520360625,0.013261965793121444
2007-03-20,13.628,2.61212649979872,0.018215979438095165
2007-03-21,13.7723,2.622659328567517,0.010532828768796687
2007-03-22,13.5432,2.605884576340903,-0.01677475222661373
2007-03-23,13.4867,2.6017040146453017,-0.004180561695601437
2007-03-26,13.3461,2.5912242073351055,-0.010479807310196154
2007-03-27,13.3914,2.5946127098760576,0.003388502540952132
2007-03-28,13.4018,2.5953890262938284,0.0007763164177707615
2007-03-29,14.2513,2.656848130623808,0.061459104329979475
2007-03-30,14.5718,2.6790881541001665,0.022240023476358672
2007-04-02,14.5049,2.6744865233751796,-0.0046016307249869826
2007-04-03,14.5237,2.6757817978719487,0.0012952744967691388
2007-04-04,14.6293,2.6830263669973817,0.007244569125433031
2007-04-05,14.7726,2.6927741135496936,0.00974774655231192
2007-04-09,14.5482,2.677467274624416,-0.01530683892527751
2007-04-10,15.4033,2.734581772177965,0.057114497553548915
2007-04-11,15.6531,2.7506689804373945,0.016087208259429442
2007-04-12,15.8352,2.7622353101602894,0.011566329722894952
2007-04-13,15.804,2.760263072549144,-0.001972237611145289
2007-04-16,16.5262,2.8049470003478416,0.044683927798697454
2007-04-17,17.5708,2.8662384333195345,0.06129143297169293
2007-04-18,17.5454,2.8647918072933924,-0.001446626026142095
2007-04-19,17.5491,2.865002666545623,0.00021085925223074398
2007-04-20,18.2656,2.9050195094202707,0.04001684287464746
2007-04-23,18.1628,2.899375546309885,-0.00564396311038573
2007-04-24,18.0497,2.893129064142153,-0.006246482167731937
2007-04-25,18.095,2.895635657015706,0.0025065928735528153
2007-04-26,17.8187,2.880248467641937,-0.015387189373768706
2007-04-27,17.8998,2.884789539599931,0.004541071957993914
2007-04-30,17.3917,2.855993080920055,-0.028796458679876125
2007-05-01,17.3682,2.854640947940366,-0.001352132979688836
2007-05-02,17.4557,2.859666242875205,0.005025294934839053
2007-05-03,17.4521,2.8594599852472387,-0.0002062576279664441
2007-05-04,17.4557,2.859666242875205,0.0002062576279664441
2007-05-07,17.5199,2.863337377729399,0.0036711348541937916
2007-05-08,17.4784,2.860965832857194,-0.0023715448722048116
2007-05-09,17.3389,2.8529525322006135,-0.008013300656580569
2007-05-10,17.3068,2.8510994878582943,-0.0018530443423192544
2007-05-11,17.2522,2.847939671577199,-0.0031598162810952957
2007-05-14,17.2173,2.845914692280967,-0.0020249792962321322
2007-05-15,17.3756,2.8550669232287276,0.009152230947760742
2007-05-16,17.3068,2.8510994878582943,-0.003967435370433314
2007-05-17,17.7547,2.87665026960347,0.025550781745175666
2007-05-18,18.3599,2.910168938554418,0.033518668950947905
2007-05-21,18.5711,2.921606608936066,0.011437670381648335
2007-05-22,18.3957,2.912116941651682,-0.009489667284384051
2007-05-23,18.7351,2.930398769834822,0.018281828183139837
2007-05-24,18.6823,2.927576551559601,-0.002822218275221111
2007-05-25,18.8653,2.9373242557547132,0.009747704195112394
2007-05-29,18.9784,2.943301490366018,0.005977234611304727
2007-05-30,18.9736,2.9430485392685477,-0.00025295109747025535
2007-05-31,19.0161,2.945285988773557,0.002237449505009259
2007-06-01,19.2905,2.959612746747605,0.014326757974048032
2007-06-04,19.0199,2.9454857994798687,-0.014126947267736334
2007-06-05,19.0482,2.9469726089194435,0.0014868094395747988
2007-06-06,19.3244,2.9613685461260313,0.014395937206587828
2007-06-07,19.0614,2.947665347784605,-0.013703198341426415
2007-06-08,19.2208,2.9559930259849736,0.008327678200368727
2007-06-11,19.3932,2.964922489160461,0.008929463175487484
2007-06-12,19.116,2.950525680715912,-0.014396808444549158
2007-06-13,18.9784,2.943301490366018,-0.007224190349893966
2007-06-14,18.7682,2.9321639482908277,-0.011137542075190243
2007-06-15,18.9369,2.941112399599349,0.008948451308521399
2007-06-18,18.9322,2.9408641761124357,-0.00024822348691344587
2007-06-19,19.0614,2.947665347784605,0.006801171672169204
2007-06-20,18.9463,2.941608661804913,-0.006056685979691778
2007-06-21,19.5214,2.9715112997245714,0.029902637919658304
2007-06-22,19.4102,2.9657987010948608,-0.00571259862971063
2007-06-25,19.6035,2.975708121723063,0.009909420628202437
2007-06-26,18.9926,2.944049429617656,-0.03165869210540739
2007-06-27,19.0803,2.9486563891669713,0.004606959549315448
2007-06-28,19.2961,2.9599030029525735,0.01124661378560221
2007-06-29,19.4705,2.9689004995885244,0.008997496635950952
2007-07-02,20.3256,3.011881175293362,0.042980675704837434
2007-07-03,20.0955,3.0004959094030133,-0.011385265890348606
2007-07-05,20.2624,3.0087669518244464,0.008271042421433172
2007-07-06,20.5293,3.021853134005317,0.013086182180870765
2007-07-09,20.4548,3.0182175737730623,-0.003635560232254864
2007-07-10,20.3114,3.0111823047774298,-0.00703526899563256
2007-07-11,20.2465,3.0079819391079066,-0.0032003656695231975
2007-07-12,20.3256,3.011881175293362,0.0038992361854552904
2007-07-13,20.287,3.0099802868191925,-0.00190088847416936
2007-07-16,20.1588,3.0036409176220316,-0.006339369197160938
2007-07-17,20.2992,3.0105814764041967,0.0069405587821651515
2007-07-18,20.4096,3.016005378393547,0.005423901989350277
2007-07-19,20.4039,3.015726059048866,-0.0002793193446808395
2007-07-20,20.2578,3.008539904572964,-0.007186154475902207
2007-07-23,20.1899,3.0051824793654767,-0.0033574252074872746
2007-07-24,20.072,2.9993258090641213,-0.005856670301355393
2007-07-25,19.9806,2.994761802799545,-0.004564006264576204
2007-07-26,19.7882,2.9850858004500234,-0.009676002349521706
2007-07-27,19.4272,2.9666741459539776,-0.01841165449604576
2007-07-30,19.3659,2.9635137874870683,-0.0031603584669093188
2007-07-31,19.5007,2.970450362361301,0.006936574874232715
2007-08-01,19.4365,2.9671527416706756,-0.003297620690625447
2007-08-02,19.8005,2.9857071899069023,0.01855444823622676
2007-08-03,19.3009,2.9601517269479483,-0.025555462958954056
2007-08-06,19.2,2.954910279033736,-0.005241447914212216
2007-08-07,19.1104,2.9502326894826245,-0.004677589551111527
2007-08-08,19.3583,2.963121268075559,0.012888578592934685
2007-08-09,19.0708,2.9481583694403395,-0.014962898635219712
2007-08-10,19.0039,2.9446442212607358,-0.0035141481796037155
2007-08-13,19.0671,2.947964336732109,0.0033201154713733416
2007-08-14,18.7351,2.930398769834822,-0.017565566897287166
2007-08-15,18.5542,2.9206961785197545,-0.009702591315067455
2007-08-16,18.2044,2.9016633231056934,-0.01903285541406108
2007-08-17,18.752,2.931300413394602,0.029637090288908485
2007-08-20,19.0708,2.9481583694403395,0.016857956045737588
2007-08-21,19.3141,2.9608353991227068,0.01267702968236728
2007-08-22,19.3706,2.96375645267484,0.002921053552133124
2007-08-23,19.3885,2.9646801067985216,0.000923654123681672
2007-08-24,19.5969,2.9753713904620374,0.010691283663515794
2007-08-27,19.4762,2.969193207316814,-0.006178183145223226
2007-08-28,19.2518,2.95760456285584,-0.011588644460974074
2007-08-29,19.4941,2.970111855685384,0.012507292829543992
2007-08-30,19.5007,2.970450362361301,0.0003385066759169497
2007-08-31,19.6846,2.979836604148606,0.00938624178730496
2007-09-04,19.7882,2.9850858004500234,0.0052491963014174026
2007-09-05,19.8345,2.98742284568285,0.002337045232826629
2007-09-06,19.9985,2.9956572707413502,0.00823442505850025
2007-09-07,19.9655,2.99400578402829,-0.0016514867130603683
2007-09-10,20.0334,2.9974008806545367,0.0033950966262468185
2007-09-11,20.2087,3.0061132047548282,0.008712324100291546
2007-09-12,20.1277,3.0020969757964626,-0.00401622895836562
2007-09-13,20.1635,3.003874039245614,0.001777063449151406
2007-09-14,20.1182,3.00162487800879,-0.002249161236823838
2007-09-17,20.0843,2.9999384153243924,-0.0016864626843977604
2007-09-18,20.5831,3.024470350743335,0.024531935418942385
2007-09-19,20.5944,3.025019194178884,0.0005488434355491734
2007-09-20,20.6151,3.0260238169838676,0.0010046228049835904
2007-09-21,20.6603,3.028213984399232,0.0021901674153643746
2007-09-24,20.6226,3.026387561813608,-0.0018264225856241545
2007-09-25,20.6603,3.028213984399232,0.0018264225856241545
2007-09-26,20.5877,3.0246938100892375,-0.003520174309994406
2007-09-27,20.632,3.026843268579044,0.0021494584898062996
2007-09-28,20.6368,3.027075889833921,0.00023262125487732987
2007-10-01,20.7339,3.0317700418932443,0.004694152059323109
2007-10-02,20.5944,3.025019194178884,-0.006750847714360297
2007-10-03,20.6226,3.026387561813608,0.0013683676347238105
2007-10-04,20.6952,3.029901789324087,0.003514227510479362
2007-10-05,21.0911,3.0488511505511107,0.01894936122702351
2007-10-08,21.0911,3.0488511505511107,0.0
2007-10-09,21.1732,3.052736231021724,0.0038850804706132003
2007-10-10,21.3005,3.058730546618269,0.005994315596545174
2007-10-11,21.4928,3.067717995326612,0.008987448708342782
2007-10-12,21.5286,3.069382283716269,0.0016642883896573757
2007-10-15,21.4307,3.064824473441047,-0.004557810275222174
2007-10-16,21.3721,3.062086333103856,-0.0027381403371911084
2007-10-17,21.5579,3.0707423386994526,0.00865600559559665
2007-10-18,21.6191,3.0735771832224787,0.002834844523026181
2007-10-19,21.7181,3.078146014259658,0.004568831037179422
2007-10-22,21.3278,3.0600113860480493,-0.018134628211608828
2007-10-23,21.7351,3.0789284653043376,0.01891707925628827
2007-10-24,21.6474,3.074885354858079,-0.004043110446258602
2007-10-25,21.7672,3.0804042496111896,0.005518894753110626
2007-10-26,21.9859,3.090401338797379,0.009997089186189356
2007-10-29,22.1622,3.09838813492969,0.007986796132311014
2007-10-30,22.2292,3.1014067399241347,0.003018604994444729
2007-10-31,22.4724,3.112287889572326,0.01088114964819109
2007-11-01,22.2094,3.100515622683256,-0.011772266889069627
2007-11-02,22.5827,3.1171841264180093,0.01666850373475315
2007-11-05,22.5591,3.1161385322170654,-0.0010455942009439667
2007-11-06,22.7703,3.1254570552194223,0.009318523002356915
2007-11-07,22.5016,3.1135864177932104,-0.01187063742621186
2007-11-08,22.2329,3.1015731738086583,-0.012013243984552169
2007-11-09,21.8576,3.0845486871510857,-0.017024486657572613
2007-11-12,21.2477,3.056248654218446,-0.028300032932639496
2007-11-13,21.8059,3.0821805753798843,0.025931921161438165
2007-11-14,21.3589,3.061468514638579,-0.020712060741305383
2007-11-15,20.947,3.041995438023629,-0.019473076614950013
2007-11-16,21.1968,3.0538502268886396,0.01185478886501068
2007-11-19,20.8498,3.0373443558726647,-0.016505871015974893
2007-11-20,20.7819,3.0340824155624637,-0.0032619403102009947
2007-11-21,20.5831,3.024470350743335,-0.009612064819128907
2007-11-23,20.7924,3.034587535322664,0.010117184579329308
2007-11-26,20.5293,3.021853134005317,-0.012734401317346933
2007-11-27,20.4321,3.0171071935616833,-0.004745940443633856
2007-11-28,20.715,3.0308580755293653,0.013750881967681927
2007-11-29,20.2304,3.007186423599107,-0.02367165193025844
2007-11-30,20.1993,3.0056479503413676,-0.001538473257739259
2007-12-03,20.1588,3.0036409176220316,-0.0020070327193359994
2007-12-04,19.7449,2.982895230152478,-0.02074568746955352
2007-12-05,19.7958,2.985469793987482,0.0025745638350040956
2007-12-06,20.1116,3.001296763026403,0.01582696903892078
2007-12-07,20.3256,3.011881175293362,0.010584412266958942
2007-12-10,20.3153,3.0113742967438943,-0.0005068785494675154
2007-12-11,20.0796,2.999704374306391,-0.0116699224375032
2007-12-12,19.7609,2.983705237841213,-0.015999136465178143
2007-12-13,19.3988,2.9652112084860387,-0.018494029355174302
2007-12-14,19.4875,2.969773234383895,0.004562025897856259
2007-12-17,19.7308,2.9821808666022624,0.012407632218367493
2007-12-18,19.8052,2.9859445294828757,0.00376366288061325
2007-12-19,19.859,2.9886573048820275,0.0027127753991518233
2007-12-20,19.9985,2.9956572707413502,0.006999965859322721
2007-12-21,20.1361,3.0025142240503215,0.006856953308971292
2007-12-24,20.4661,3.01876985880527,0.01625563475494829
2007-12-26,20.436,3.0172980514685515,-0.001471807336718367
2007-12-27,20.7282,3.0314950919975128,0.014197040528961313
2007-12-28,20.7038,3.0303172583027442,-0.0011778336947685375
2007-12-31,20.4783,3.019365788913468,-0.01095146938927627
2008-01-02,20.4661,3.01876985880527,-0.0005959301081981394
2008-01-03,20.3784,3.0144755163711263,-0.0042943424341435055
2008-01-04,20.074,2.9994254453916085,-0.015050070979517827
2008-01-07,19.9806,2.994761802799545,-0.004663642592063422
2008-01-08,19.6666,2.978921765401356,-0.01584003739818929
2008-01-09,19.5743,2.974217481339638,-0.004704284061717967
2008-01-10,19.7006,2.9806490921329343,0.006431610793296461
2008-01-11,19.5903,2.9750345457748737,-0.005614546358060579
2008-01-14,19.4941,2.970111855685384,-0.004922690089489645
2008-01-15,19.2763,2.958876362051873,-0.011235493633511062
2008-01-16,18.6164,2.924042912662146,-0.0348334493897271
2008-01-17,18.2656,2.9050195094202707,-0.019023403241875236
2008-01-18,18.26,2.9047128751668225,-0.00030663425344812367
2008-01-22,17.5539,2.865276147446396,-0.03943672772042639
2008-01-23,17.7886,2.878557802684488,0.013281655238091883
2008-01-24,18.9001,2.93916721305689,0.060609410372402195
2008-01-25,18.5645,2.921251154866683,-0.017916058190207362
2008-01-28,17.9592,2.888102518452121,-0.03314863641456167
2008-01-29,17.7518,2.8764869192306395,-0.011615599221481698
2008-01-30,17.6416,2.8702597494132274,-0.006227169817412115
2008-01-31,17.9526,2.887734951241661,0.01747520182843365
2008-02-01,18.6692,2.9268751071444035,0.039140155902742446
2008-02-04,18.4966,2.9175869314101863,-0.009288175734217141
2008-02-05,17.7141,2.8743609326237998,-0.043225998786386555
2008-02-06,17.8065,2.8795635591795614,0.005202626555761647
2008-02-07,17.6849,2.872711168131986,-0.006852391047575512
2008-02-08,18.3891,2.911758097777537,0.03904692964555112
2008-02-11,18.3429,2.909242578646416,-0.0025155191311210245
2008-02-12,18.4721,2.9162614856365012,0.0070189069900852274
2008-02-13,18.7682,2.9321639482908277,0.015902462654326488
2008-02-14,18.4523,2.915189023963581,-0.016974924327246566
2008-02-15,18.0431,2.892763340226382,-0.022425683737198998
2008-02-19,18.1063,2.8962599440091013,0.0034966037827190988
2008-02-20,18.1535,2.8988633795856704,0.0026034355765691686
2008-02-21,18.1582,2.899122249317809,0.00025886973213840037
2008-02-22,18.3853,2.9115514322703624,0.012429182952553575
2008-02-25,18.8747,2.9378224009690417,0.026270968698679287
2008-02-26,19.4046,2.9655101513644047,0.027687750395362976
2008-02-27,19.2819,2.9591668320447346,-0.006343319319670027
2008-02-28,19.2452,2.957261678991401,-0.0019051530533338301
2008-02-29,18.6541,2.9260659610708326,-0.03119571792056819
2008-03-03,18.4721,2.9162614856365012,-0.009804475434331383
2008-03-04,18.5588,2.920944070095405,0.0046825844589037935
2008-03-05,19.1472,2.952156490837115,0.031212420741709934
2008-03-06,18.8276,2.9353238783588953,-0.016832612478219655
2008-03-07,18.5871,2.9224677917161173,-0.012856086642778042
2008-03-10,19.5846,2.9747435431155065,0.052275751399389225
2008-03-11,20.074,2.9994254453916085,0.024681902276102008
2008-03-12,19.9467,2.9930637161197104,-0.006361729271898042
2008-03-13,19.8231,2.986847924340459,-0.006215791779251578
2008-03-14,19.3885,2.9646801067985216,-0.022167817541937307
2008-03-17,18.771,2.932313125684336,-0.03236698111418557
2008-03-18,19.5581,2.973389522874251,0.04107639718991507
2008-03-19,18.3241,2.908217133333333,-0.0651723895409182
2008-03-20,18.5956,2.922924993594844,0.014707860261510941
2008-03-24,18.8276,2.9353238783588953,0.012398884764051488
2008-03-25,18.5824,2.9222148961955936,-0.013108982163301697
2008-03-26,18.0497,2.893129064142153,-0.02908583205344062
2008-03-27,18.6889,2.9279297647327724,0.03480070059061946
2008-03-28,17.7104,2.8741520376492224,-0.05377772708355
2008-03-31,17.3814,2.8554006689521123,-0.018751368697110138
2008-04-01,17.6736,2.8720720007247316,0.016671331772619258
2008-04-02,17.7415,2.87590652798558,0.0038345272608486525
2008-04-03,18.128,2.8974577042856504,0.021551176300070196
2008-04-04,18.3655,2.91047390460208,0.013016200316429583
2008-04-07,18.3128,2.907600268895658,-0.002873635706421851
2008-04-08,18.292,2.9064638057958088,-0.001136463099849383
2008-04-09,18.5344,2.919628464889096,0.013164659093287234
2008-04-10,18.8106,2.9344205407308457,0.014792075841749686
2008-04-11,18.508,2.9182030710447533,-0.01621746968609239
2008-04-14,18.4618,2.915703732446775,-0.002499338597978351
2008-04-15,18.6889,2.9279297647327724,0.012226032285997501
2008-04-16,18.9784,2.943301490366018,0.015371725633245514
2008-04-17,18.885,2.9383679561644205,-0.004933534201597478
2008-04-18,19.4423,2.9674511047910923,0.02908314862667183
2008-04-21,19.463,2.968515227260438,0.0010641224693457296
2008-04-22,19.5789,2.9744524557489407,0.005937228488502644
2008-04-23,19.0906,2.9491960673118403,-0.02525638843710043
2008-04-24,19.0246,2.945732878559573,-0.0034631887522671434
2008-04-25,18.9369,2.941112399599349,-0.004620478960223995
2008-04-28,18.6785,2.9273731297906287,-0.013739269808720422
2008-04-29,18.4269,2.9138115535186575,-0.013561576271971187
2008-04-30,18.8002,2.9338675080771894,0.02005595455853193
2008-05-01,18.6286,2.924698034178394,-0.0091694738987953
2008-05-02,18.8605,2.937069787988574,0.012371753810179964
2008-05-05,18.7257,2.92989691188212,-0.007172876106454229
2008-05-06,18.7794,2.9327605243879513,0.0028636125058314477
2008-05-07,18.8512,2.9365765723452313,0.0038160479572799666
2008-05-08,18.9878,2.943796667665409,0.007220095320177755
2008-05-09,19.0482,2.9469726089194435,0.00317594125403442
2008-05-12,19.5102,2.970937405735732,0.02396479681628838
2008-05-13,20.1012,3.000779514775504,0.029842109039772247
2008-05-14,20.0051,2.995987241047017,-0.0047922737284871175
2008-05-15,20.106,3.0010182779832286,0.0050310369362116525
2008-05-16,19.9985,2.9956572707413502,-0.005361007241878379
2008-05-19,18.869,2.937520363805577,-0.058136906935773336
2008-05-20,19.4498,2.9678367872352376,0.030316423429660677
2008-05-21,19.4941,2.970111855685384,0.002275068450146467
2008-05-22,17.0551,2.8364492792365916,-0.13366257644879243
2008-05-23,17.5199,2.863337377729399,0.026888098492807266
2008-05-27,18.1223,2.8971432241270323,0.0338058463976334
2008-05-28,17.9733,2.8888873233348153,-0.008255900792216941
2008-05-29,18.2779,2.905692679776941,0.016805356442125774
2008-05-30,18.1063,2.8962599440091013,-0.009432735767839873
2008-06-02,17.7943,2.8788781812960544,-0.01738176271304681
2008-06-03,17.7329,2.8754216712906975,-0.003456510005356961
2008-06-04,17.5454,2.8647918072933924,-0.010629863997305034
2008-06-05,17.5454,2.8647918072933924,0.0
2008-06-06,17.5265,2.8637140212692787,-0.0010777860241137915
2008-06-09,17.3756,2.8550669232287276,-0.008647098040551082
2008-06-10,17.3587,2.8540938216355713,-0.0009731015931562226
2008-06-11,17.5143,2.8630176901071502,0.008923868471578889
2008-06-12,17.0184,2.8342951116757598,-0.028722578431390478
2008-06-13,16.8543,2.824605817120545,-0.009689294555214722
2008-06-16,16.8759,2.8258865686697554,0.0012807515492103683
2008-06-17,17.7273,2.8751058242257312,0.04921925555597584
2008-06-18,17.6538,2.8709510576565607,-0.004154766569170576
2008-06-19,17.4671,2.86031911151145,-0.01063194614511076
2008-06-20,17.5708,2.8662384333195345,0.005919321808084632
2008-06-23,18.5711,2.921606608936066,0.05536817561653162
2008-06-24,18.9322,2.9408641761124357,0.019257567176369506
2008-06-25,19.1226,2.9508708816419675,0.010006705529531867
2008-06-26,18.869,2.937520363805577,-0.01335051783639063
2008-06-27,18.7437,2.930857695955772,-0.006662667849804738
2008-06-30,17.9366,2.886843318045044,-0.044014377910728264
2008-07-01,18.0149,2.8911991932548693,0.004355875209825388
2008-07-02,18.1487,2.8985989328012898,0.007399739546420481
2008-07-03,17.9046,2.885057663072396,-0.013541269728893912
2008-07-07,19.9136,2.9914029153927615,0.10634525232036562
2008-07-08,19.9004,2.990739832030947,-0.0006630833618146426
2008-07-09,19.9325,2.9923515653945136,0.0016117333635667919
2008-07-10,19.8231,2.986847924340459,-0.005503641054054764
2008-07-11,20.0051,2.995987241047017,0.009139316706558098
2008-07-14,19.9579,2.9936250549274717,-0.0023621861195453064
2008-07-15,19.726,2.981937562531802,-0.011687492395669796
2008-07-16,19.7958,2.985469793987482,0.003532231455680268
2008-07-17,19.9758,2.994521540912934,0.009051746925452075
2008-07-18,19.7816,2.984752212710828,-0.009769328202106298
2008-07-21,19.9033,2.9908855471280424,0.006133334417214531
2008-07-22,19.8231,2.986847924340459,-0.004037622787583572
2008-07-23,19.8524,2.988324906625569,0.0014769822851099512
2008-07-24,19.7308,2.9821808666022624,-0.006144040023306374
2008-07-25,19.6327,2.9771965434046126,-0.004984323197649854
2008-07-28,19.6138,2.9762334001199355,-0.0009631432846770593
2008-07-29,19.5789,2.9744524557489407,-0.0017809443709948525
2008-07-30,19.6629,2.978733611470545,0.004281155721604257
2008-07-31,19.5525,2.973103155493629,-0.005630455976915805
2008-08-01,19.5743,2.974217481339638,0.0011143258460086791
2008-08-04,19.3423,2.96229440746298,-0.01192307387665803
2008-08-05,19.3762,2.9640455088053588,0.0017511013423789912
2008-08-06,19.4875,2.969773234383895,0.00572772557853618
2008-08-07,19.5139,2.9711270321466463,0.001353797762751352
2008-08-08,19.3141,2.9608353991227068,-0.01029163302393954
2008-08-11,19.3527,2.9628319446254254,0.0019965455027186607
2008-08-12,19.4875,2.969773234383895,0.0069412897584695266
2008-08-13,19.3762,2.9640455088053588,-0.00572772557853618
2008-08-14,19.3197,2.9611253007135017,-0.0029202080918571127
2008-08-15,19.4564,2.968176064782945,0.007050764069443272
2008-08-18,19.4762,2.969193207316814,0.0010171425338691975
2008-08-19,19.4102,2.9657987010948608,-0.003394506221953364
2008-08-20,19.4102,2.9657987010948608,0.0
2008-08-21,19.6788,2.9795419141552633,0.013743213060402493
2008-08-22,19.5846,2.9747435431155065,-0.004798371039756777
2008-08-25,19.5459,2.972765545767263,-0.0019779973482436652
2008-08-26,19.6138,2.9762334001199355,0.003467854352672717
2008-08-27,19.6893,2.9800753409779435,0.0038419408580079306
2008-08-28,19.693,2.9802632426500595,0.00018790167211601982
2008-08-29,19.4941,2.970111855685384,-0.010151386964675435
2008-09-02,19.3932,2.964922489160461,-0.005189366524922967
2008-09-03,19.4875,2.969773234383895,0.004850745223433872
2008-09-04,19.1944,2.9546185698240746,-0.015154664559820397
2008-09-05,19.3075,2.960493621461282,0.0058750516372074735
2008-09-08,19.2725,2.9586792093512804,-0.001814412110001662
2008-09-09,18.9567,2.9421574310453953,-0.016521778305885082
2008-09-10,18.8512,2.9365765723452313,-0.005580858700164004
2008-09-11,18.7097,2.9290421059511424,-0.0075344663940888346
2008-09-12,19.2725,2.9586792093512804,0.02963710340013792
2008-09-15,18.3241,2.908217133333333,-0.0504620760179475
2008-09-16,17.8187,2.880248467641937,-0.027968665691395778
2008-09-17,16.3772,2.795890123642047,-0.08435834399989028
2008-09-18,16.939,2.8296186556042446,0.03372853196219783
2008-09-19,18.4401,2.914527641107236,0.0849089855029912
2008-09-22,18.0658,2.8940206481471655,-0.020506992960070303
2008-09-23,18.2977,2.9067753688884883,0.012754720741322778
2008-09-24,18.5381,2.9198280737642617,0.013052704875773369
2008-09-25,18.4118,2.912991763415007,-0.006836310349254582
2008-09-26,18.5645,2.921251154866683,0.008259391451675757
2008-09-29,17.1164,2.8400370682277467,-0.08121408663893614
2008-09-30,17.8856,2.8839959198139122,0.043958851586165526
2008-10-01,17.4784,2.860965832857194,-0.023030086956718154
2008-10-02,16.6166,2.810402195695581,-0.05056363716161316
2008-10-03,16.6422,2.8119416381923488,0.001539442496767851
2008-10-06,15.9747,2.7710062207445416,-0.040935417447807154
2008-10-07,15.459,2.738191358014197,-0.03281486273034462
2008-10-08,15.3496,2.7310894150617524,-0.007101942952444595
2008-10-09,15.4222,2.7358080298132563,0.0047186147515039245
2008-10-10,14.3248,2.6619923008977544,-0.07381572891550192
2008-10-13,15.3203,2.7291787463661463,0.06718644546839192
2008-10-14,15.0781,2.7132433599468513,-0.01593538641929504
2008-10-15,13.9042,2.6321909527694096,-0.08105240717744167
2008-10-16,14.0919,2.6456001642290046,0.01340921145959495
2008-10-17,15.1082,2.715237642782181,0.06963747855317637
2008-10-20,15.2298,2.7232540348444827,0.008016392062301758
2008-10-21,15.2695,2.725857374752076,0.002603339907593316
2008-10-22,14.6736,2.6860499608225425,-0.039807413929533464
2008-10-23,14.3634,2.6646833043969975,-0.021366656425545028
2008-10-24,14.1475,2.649537930034542,-0.015145374362455666
2008-10-27,13.68,2.615934912194404,-0.03360301784013764
2008-10-28,14.0467,2.642387492747358,0.02645258055295363
2008-10-29,14.4247,2.6689420149508614,0.026554522203503517
2008-10-30,15.2195,2.7225775003827475,0.05363548543188612
2008-10-31,14.948,2.7045775116232376,-0.01799998875950992
2008-11-03,15.3977,2.734218147616314,0.029640635993076536
2008-11-04,15.9747,2.7710062207445416,0.036788073128227516
2008-11-05,15.6259,2.748929793963649,-0.02207642678089261
2008-11-06,15.8097,2.7606236757092786,0.011693881745629575
2008-11-07,16.3018,2.791275531163687,0.030651855454408405
2008-11-10,16.3339,2.793242702718249,0.0019671715545621637
2008-11-11,16.2047,2.785301323617457,-0.00794137910079229
2008-11-12,15.5618,2.744819193293621,-0.040482130323836074
2008-11-13,15.9124,2.7670986794961427,0.02227948620252196
2008-11-14,15.5701,2.745352408432861,-0.021746271063281863
2008-11-17,15.7192,2.754882895120849,0.009530486687987949
2008-11-18,16.0624,2.776481136955125,0.021598241834276166
2008-11-19,14.9781,2.706589134263694,-0.06989200269143092
2008-11-20,14.1956,2.6529320574360185,-0.05365707682767562
2008-11-21,13.8883,2.631046759067176,-0.021885298368842232
2008-11-24,15.8352,2.7622353101602894,0.13118855109311323
2008-11-25,16.119,2.779998700414794,0.017763390254504685
2008-11-26,10.6319,2.363858915798615,-0.41613978461617895
2008-11-28,10.1991,2.322299481103145,-0.04155943469547019
2008-12-01,9.52313,2.2537235762790813,-0.06857590482406373
2008-12-02,9.15262,2.2140401770981146,-0.03968339918096664
2008-12-03,9.03383,2.200976419255931,-0.013063757842183499
2008-12-04,9.24218,2.223777788562244,0.022801369306312935
2008-12-05,9.17713,2.2167145195859477,-0.0070632689762963885
2008-12-08,10.1247,2.314977982924007,0.09826346333805924
2008-12-09,9.17713,2.2167145195859477,-0.09826346333805924
2008-12-10,9.42225,2.2430739135705,0.026359393984552337
2008-12-11,9.23087,2.2225533019275896,-0.020520611642910414
2008-12-12,8.79201,2.1738433544983073,-0.04870994742928225
2008-12-15,8.94501,2.1910958349030425,0.01725248040473515
2008-12-16,9.15262,2.2140401770981146,0.02294434219507213
2008-12-17,9.44582,2.245572315607417,0.03153213850930259
2008-12-18,9.69288,2.271391595365747,0.02581927975832965
2008-12-19,9.53633,2.2551087154289284,-0.01628287993681843
2008-12-22,9.44582,2.245572315607417,-0.009536399821511221
2008-12-23,9.67118,2.2691503289078083,0.02357801330039111
2008-12-24,9.90029,2.2925640496408075,0.023413720732999188
2008-12-26,9.85223,2.2876978254993907,-0.004866224141416797
2008-12-29,9.79281,2.2816484429370463,-0.006049382562344441
2008-12-30,10.1915,2.321554039541648,0.0399055966046018
2008-12-31,10.5583,2.356912280470179,0.035358240928530904
2009-01-02,10.5923,2.360127322056396,0.0032150415862171045
2009-01-05,10.4867,2.3501077875965124,-0.010019534459883683
2009-01-06,10.4971,2.3510990285396733,0.0009912409431609426
2009-01-07,10.4641,2.3479503512441027,-0.0031486772955706677
2009-01-08,10.7912,2.378730987173333,0.030780635929230193
2009-01-09,10.5272,2.3539623838537937,-0.024768603319539118
2009-01-12,10.4121,2.3429685913889258,-0.01099379246486798
2009-01-13,10.4121,2.3429685913889258,0.0
2009-01-14,10.052,2.3077716196813456,-0.03519697170758018
2009-01-15,9.9766,2.300242350915568,-0.00752926876577753
2009-01-16,10.2378,2.3260867527791373,0.02584440186356929
2009-01-20,10.1717,2.319609354399826,-0.006477398379311161
2009-01-21,10.3047,2.332600101837144,0.012990747437317651
2009-01-22,10.2274,2.3250703932131174,-0.0075297086240264655
2009-01-23,10.4499,2.3465924089870427,0.021522015773925318
2009-01-26,10.6262,2.3633226496095765,0.01673024062253381
2009-01-27,10.7016,2.3703932629992392,0.00707061338966275
2009-01-28,10.842,2.3834274808381464,0.013034217838907125
2009-01-29,10.5998,2.3608351330154917,-0.022592347822654624
2009-01-30,10.5423,2.355395735626284,-0.005439397389207734
2009-02-02,10.2547,2.3277361370740084,-0.02765959855227562
2009-02-03,10.4451,2.346132968921531,0.0183968318475225
2009-02-04,10.3989,2.341700031322598,-0.004432937598932707
2009-02-05,10.3556,2.3375274361916096,-0.0041725951309885545
2009-02-06,10.4753,2.349020105016234,0.011492668824624186
2009-02-09,10.6319,2.363858915798615,0.014838810782381362
2009-02-10,10.3556,2.3375274361916096,-0.026331479607005548
2009-02-11,10.5923,2.360127322056396,0.02259988586478645
2009-02-12,10.7526,2.375147585795261,0.01502026373886478
2009-02-13,10.9034,2.3890746672016134,0.01392708140635257
2009-02-17,10.4867,2.3501077875965124,-0.038966879605101035
2009-02-18,10.3047,2.332600101837144,-0.017507685759368563
2009-02-19,10.3669,2.3386180383023616,0.006017936465217755
2009-02-20,10.3406,2.3360778944760807,-0.0025401438262808718
2009-02-23,10.1048,2.3130105584776284,-0.023067335998452343
2009-02-24,10.4423,2.3458648647039864,0.03285430622635799
2009-02-25,10.3217,2.3342484751693076,-0.011616389534678806
2009-02-26,10.2765,2.3298597351289265,-0.004388740040381034
2009-02-27,10.0822,2.310771492797544,-0.01908824233138251
2009-03-02,9.61926,2.2637673386419603,-0.04700415415558368
2009-03-03,9.53633,2.2551087154289284,-0.008658623213031902
2009-03-04,9.99359,2.3019438874657117,0.046835172036783224
2009-03-05,9.63723,2.2656337229328023,-0.03631016453290936
2009-03-06,9.6664,2.2686559547309613,0.0030222317981589697
2009-03-09,9.56839,2.2584649572471394,-0.010190997483821906
2009-03-10,9.98883,2.3014674686846,0.04300251143746081
2009-03-11,9.9766,2.300242350915568,-0.0012251177690321136
2009-03-12,9.79563,2.2819363678580182,-0.018305983057549824
2009-03-13,10.0106,2.3036445315907357,0.021708163732717445
2009-03-16,10.1105,2.3135744877936473,0.009929956202911594
2009-03-17,10.2077,2.323142337455844,0.009567849662196704
2009-03-18,10.0681,2.30937200968302,-0.013770327772824054
2009-03-19,10.0435,2.3069256590924656,-0.0024463505905543137
2009-03-20,9.98135,2.3007183517162204,-0.006207307376245197
2009-03-23,9.83242,2.285685089007992,-0.015033262708228357
2009-03-24,10.004,2.3029850130153724,0.01729992400738034
2009-03-25,10.2963,2.3317846073984736,0.0287995943831012
2009-03-26,10.4603,2.34758713891383,0.015802531515356488
2009-03-27,10.4697,2.348485371176803,0.000898232262972698
2009-03-30,10.2708,2.329304917693427,-0.019180453483375715
2009-03-31,10.2547,2.3277361370740084,-0.0015687806194186749
2009-04-01,10.6648,2.36694859881733,0.039212461743321825
2009-04-02,11.0891,2.4059626438761295,0.03901404505879924
2009-04-03,10.81,2.3804716316511167,-0.02549101222501271
2009-04-06,10.9505,2.3933851173204843,0.012913485669367564
2009-04-07,10.6451,2.365099692383047,-0.02828542493743713
2009-04-08,10.7375,2.3737422873103737,0.008642594927326552
2009-04-09,10.7695,2.376718064835273,0.0029757775248993035
2009-04-13,10.8713,2.386126289198372,0.00940822436309885
2009-04-14,10.8864,2.387514303779351,0.0013880145809790356
2009-04-15,11.2314,2.4187134270532016,0.03119912327385066
2009-04-16,11.1617,2.412488275101271,-0.006225151951930741
2009-04-17,11.0579,2.4031451046482277,-0.009343170453043115
2009-04-20,10.5423,2.355395735626284,-0.04774936902194371
2009-04-21,10.6714,2.367567265703703,0.01217153007741878
2009-04-22,10.9118,2.3898447724873906,0.022277506783687784
2009-04-23,11.1014,2.4070712264911833,0.017226454003792746
2009-04-24,11.3078,2.425492753081372,0.018421526590188808
2009-04-27,11.0222,2.399911420823543,-0.025581332257829104
2009-04-28,11.0523,2.402638551101019,0.002727130277476064
2009-04-29,11.1203,2.4087722668757916,0.006133715774772508
2009-04-30,11.0278,2.4004193573424,-0.008352909533391628
2009-05-01,11.207,2.416538583069891,0.016119225727491138
2009-05-04,11.5265,2.4446487322575137,0.028110149187622557
2009-05-05,11.3559,2.4297374326543757,-0.014911299603137973
2009-05-06,11.453,2.438251704415579,0.00851427176120323
2009-05-07,10.9798,2.396057220979243,-0.04219448343633614
2009-05-08,11.0694,2.4041845447096377,0.00812732373039493
2009-05-11,10.8025,2.379777588823951,-0.024406955885686532
2009-05-12,10.7959,2.379166432422974,-0.0006111564009771975
2009-05-13,10.4603,2.34758713891383,-0.0315792935091439
2009-05-14,10.6611,2.3666016029074624,0.01901446399363227
2009-05-15,10.4819,2.349649960170376,-0.01695164273708638
2009-05-18,10.7582,2.375668254494381,0.02601829432400482
2009-05-19,10.6714,2.367567265703703,-0.008100988790677999
2009-05-20,10.7845,2.3781099180802916,0.010542652376588801
2009-05-21,10.842,2.3834274808381464,0.005317562757854777
2009-05-22,10.9967,2.3975952277893686,0.014167746951222249
2009-05-26,11.501,2.4424339881104444,0.04483876032107581
2009-05-27,11.3559,2.4297374326543757,-0.012696555456068737
2009-05-28,11.5331,2.445221161977042,0.015483729322666395
2009-05-29,11.8,2.468099531471619,0.02287836949457711
2009-06-01,11.7529,2.464100018648596,-0.0039995128230230215
2009-06-02,11.8753,2.4744606127594913,0.010360594110895072
2009-06-03,11.5577,2.447351881510963,-0.027108731248528084
2009-06-04,11.6973,2.459358045941625,0.012006164430661936
2009-06-05,11.4596,2.4388278066634728,-0.02053023927815234
2009-06-08,11.5634,2.447844937647174,0.009017130983701271
2009-06-09,11.6709,2.457098564147429,0.009253626500254963
2009-06-10,11.6293,2.4535277755531824,-0.0035707885942466433
2009-06-11,11.4134,2.4347881037098675,-0.01873967184331482
2009-06-12,11.1249,2.40918583924786,-0.02560226446200753
2009-06-15,10.8949,2.3882947898322024,-0.02089104941565756
2009-06-16,10.8816,2.387073289439237,-0.0012215003929654245
2009-06-17,10.877,2.3866504681117133,-0.0004228213275236925
2009-06-18,10.8232,2.3816919783070136,-0.004958489804699706
2009-06-19,10.7441,2.374356766698098,-0.007335211608915593
2009-06-22,10.5319,2.3544087467162176,-0.01994801998188045
2009-06-23,10.6262,2.3633226496095765,0.008913902893358916
2009-06-24,10.7582,2.375668254494381,0.012345604884804295
2009-06-25,10.7582,2.375668254494381,0.0
2009-06-26,10.7233,2.3724189440918266,-0.003249310402554162
2009-06-29,10.7289,2.372941035078038,0.0005220909862115874
2009-06-30,10.6451,2.365099692383047,-0.007841342694991038
2009-07-01,10.8205,2.38144248307154,0.01634279068849276
2009-07-02,10.6346,2.36411283628525,-0.01732964678629001
2009-07-06,10.6082,2.3616272869611024,-0.0024855493241475735
2009-07-07,10.4301,2.3446958566944276,-0.016931430266674763
2009-07-08,10.351,2.337083133401613,-0.007612723292814483
2009-07-09,10.5169,2.3529834870777386,0.015900353676125523
2009-07-10,10.6319,2.363858915798615,0.010875428720876545
2009-07-13,10.7582,2.375668254494381,0.011809338695765614
2009-07-14,10.9759,2.3957019601548537,0.02003370566047291
2009-07-15,11.1579,2.412147767203574,0.01644580704872034
2009-07-16,11.3042,2.4251743380777975,0.013026570874223431
2009-07-17,11.1806,2.4141801335498867,-0.010994204527910778
2009-07-20,11.2136,2.417127327366711,0.0029471938168241785
2009-07-21,11.2956,2.4244132693590377,0.007285941992326794
2009-07-22,11.2532,2.4206525326482224,-0.0037607367108152268
2009-07-23,11.6134,2.452159603827844,0.031507071179621704
2009-07-24,11.7095,2.4604004781497677,0.008240874321923553
2009-07-27,11.7265,2.461851237919495,0.0014507597697273056
2009-07-28,11.6745,2.4574069760854154,-0.004444261834079644
2009-07-29,11.6134,2.452159603827844,-0.0052473722575712145
2009-07-30,11.7962,2.467777445709263,0.015617841881419015
2009-07-31,11.8697,2.473988934502694,0.00621148879343103
2009-08-03,11.9904,2.484106329617231,0.010117395114536798
2009-08-04,11.8,2.468099531471619,-0.01600679814561179
2009-08-05,11.899,2.4764543629730165,0.008354831501397264
2009-08-06,11.9405,2.47993598313458,0.0034816201615637254
2009-08-07,12.1308,2.495747672965875,0.015811689831294995
2009-08-10,12.0565,2.4896039335896227,-0.006143739376252455
2009-08-11,11.7529,2.464100018648596,-0.02550391494102655
2009-08-12,12.0969,2.492949221431185,0.028849202782588623
2009-08-13,12.4156,2.518953746427055,0.02600452499587025
2009-08-14,12.3374,2.5126352993569436,-0.0063184470701114215
2009-08-17,12.0856,2.492014661247378,-0.020620638109565714
2009-08-18,12.2422,2.5048889994952317,0.012874338247853778
2009-08-19,12.3581,2.514311718530308,0.009422719035076188
2009-08-20,12.4156,2.518953746427055,0.0046420278967471695
2009-08-21,12.5778,2.5319333552157546,0.012979608788699526
2009-08-24,12.7559,2.54599390966898,0.014060554453225294
2009-08-25,12.7475,2.5453351739471737,-0.0006587357218061918
2009-08-26,12.5089,2.526440390956506,-0.018894782990667824
2009-08-27,12.5052,2.526144557804245,-0.0002958331522608937
2009-08-28,12.6994,2.54155474825402,0.015410190449775207
2009-08-31,12.6599,2.538439517790679,-0.0031152304633410566
2009-09-01,12.5561,2.5302066032678394,-0.008232914522839696
2009-09-02,12.4599,2.522515487644918,-0.007691115622921352
2009-09-03,12.5419,2.5290750388790286,0.006559551234110561
2009-09-04,12.8333,2.552043355219658,0.022968316340629347
2009-09-08,13.0002,2.5649647419585793,0.012921386738921292
2009-09-09,12.8927,2.5566612597177474,-0.008303482240831883
2009-09-10,13.051,2.5688647591853906,0.012203499467643208
2009-09-11,12.8144,2.550569538587281,-0.01829522059810973
2009-09-14,12.7522,2.545703805739173,-0.004865732848107651
2009-09-15,12.7635,2.5465895349755847,0.0008857292364115033
2009-09-16,12.9502,2.5611112320417333,0.014521697066148587
2009-09-17,12.9643,2.5621994260174143,0.001088193975681051
2009-09-18,12.8861,2.55614921104642,-0.00605021497099445
2009-09-21,12.6033,2.533958684428272,-0.02219052661814791
2009-09-22,12.7683,2.546965536672022,0.013006852243750089
2009-09-23,12.6089,2.5344029138165913,-0.01256262285543075
2009-09-24,12.4278,2.519935898707395,-0.014467015109196346
2009-09-25,12.3242,2.511564809099982,-0.008371089607412951
2009-09-28,12.3817,2.5162195760844117,0.004654766984429681
2009-09-29,12.5212,2.5274232077243237,0.011203631639912004
2009-09-30,12.7098,2.5423733494363288,0.014950141712005038
2009-10-01,12.4109,2.51857511874646,-0.02379823068986875
2009-10-02,12.3996,2.5176642140261722,-0.000910904720287764
2009-10-05,12.6305,2.536114523860673,0.0184503098345008
2009-10-06,12.8144,2.550569538587281,0.014455014726607818
2009-10-07,12.8314,2.5518952919262263,0.0013257533389454679
2009-10-08,12.8861,2.55614921104642,0.004253919120193572
2009-10-09,12.8333,2.552043355219658,-0.004105855826761928
2009-10-12,12.7739,2.547404026707315,-0.004639328512343166
2009-10-13,12.8577,2.5539428536694233,0.0065388269621085016
2009-10-14,12.7343,2.544299140293295,-0.00964371337612846
2009-10-15,12.6909,2.5408852011972667,-0.0034139390960281624
2009-10-16,12.6401,2.5368743000798215,-0.004010901117445176
2009-10-19,12.8474,2.553141456238466,0.01626715615864427
2009-10-20,12.707,2.542153022722397,-0.010988433516068596
2009-10-21,12.5985,2.5335777592516546,-0.008575263470742556
2009-10-22,12.5561,2.5302066032678394,-0.0033711559838152105
2009-10-23,12.475,2.5237266416375825,-0.006479961630256881
2009-10-26,12.261,2.50642349325025,-0.017303148387332712
2009-10-27,12.3996,2.5176642140261722,0.01124072077592242
2009-10-28,12.1921,2.500788201010391,-0.016876013015781233
2009-10-29,12.3666,2.5149992900951696,0.014211089084778639
2009-10-30,12.3581,2.514311718530308,-0.0006875715648617664
2009-11-02,12.2987,2.509493565735768,-0.004818152794539898
2009-11-03,12.6305,2.536114523860673,0.02662095812490506
2009-11-04,12.5089,2.526440390956506,-0.009674132904167188
2009-11-05,12.7955,2.5490935466129883,0.022653155656482404
2009-11-06,12.7635,2.5465895349755847,-0.002504011637403547
2009-11-09,13.117,2.573909098833009,0.02731956385742418
2009-11-10,13.2877,2.5868387952951473,0.012929696462138374
2009-11-11,13.3348,2.59037715939627,0.0035383641011228484
2009-11-12,13.2528,2.5842088508618626,-0.0061683085344075295
2009-11-13,13.3037,2.58804219202724,0.0038333411653774796
2009-11-16,13.382,2.593910520360625,0.005868328333384909
2009-11-17,13.35,2.5915163848462583,-0.0023941355143666243
2009-11-18,13.5083,2.6033043113380008,0.011787926491742429
2009-11-19,13.3632,2.5925046603860187,-0.010799650951982098
2009-11-20,13.2594,2.5847067348651773,-0.007797925520841353
2009-11-23,13.5281,2.6047690036446527,0.020062268779475367
2009-11-24,13.5139,2.603718785368995,-0.001050218275657766
2009-11-25,13.7006,2.617439627495517,0.013720842126522026
2009-11-27,13.4433,2.5984808406703293,-0.0189587868251877
2009-11-30,13.6535,2.6139958990198875,0.015515058349558242
2009-12-01,13.9118,2.632737400870439,0.01874150185055168
2009-12-02,13.8883,2.631046759067176,-0.0016906418032629489
2009-12-03,13.6959,2.617096517970862,-0.013950241096314375
2009-12-04,13.6695,2.615167073622154,-0.0019294443487076762
2009-12-07,13.8195,2.6260806382349595,0.010913564612805349
2009-12-08,13.7299,2.619575936432162,-0.006504701802797719
2009-12-09,13.9194,2.6332835505290175,0.013707614096855725
2009-12-10,13.941,2.634834138770951,0.0015505882419333261
2009-12-11,13.2981,2.5876211678797976,-0.04721297089115328
2009-12-14,12.8973,2.5570179871352563,-0.03060318074454127
2009-12-15,12.805,2.5498357196514885,-0.0071822674837678235
2009-12-16,12.805,2.5498357196514885,0.0
2009-12-17,13.1737,2.5782224178322957,0.02838669818080719
2009-12-18,13.3735,2.593275136960131,0.015052719127835346
2009-12-21,13.6535,2.6139958990198875,0.02072076205975648
2009-12-22,13.68,2.615934912194404,0.0019390131745167238
2009-12-23,13.9194,2.6332835505290175,0.01734863833461331
2009-12-24,13.9194,2.6332835505290175,0.0
2009-12-28,13.893,2.6313851161667245,-0.0018984343622929778
2009-12-29,13.9995,2.639021614691774,0.00763649852504944
2009-12-30,14.0354,2.6415827095858497,0.002561094894075744
2009-12-31,14.2276,2.655183740112156,0.013601030526306346
2010-01-04,14.3559,2.664161007532485,0.008977267420328783
2010-01-05,14.2456,2.6564480871049674,-0.007712920427517478
2010-01-06,14.2616,2.657570610655515,0.0011225235505474274
2010-01-07,13.8534,2.628530689870876,-0.029039920784638795
2010-01-08,13.9232,2.633556513544224,0.005025823673348029
2010-01-11,13.7997,2.6246468527964257,-0.00890966074779831
2010-01-12,13.991,2.6384142657511487,0.013767412954722946
2010-01-13,14.0957,2.645869786333974,0.007455520582825503
2010-01-14,14.0863,2.645202693838864,-0.0006670924951102108
2010-01-15,13.9345,2.634367779414684,-0.010834914424179942
2010-01-19,13.8986,2.631788115639644,-0.002579663775040153
2010-01-20,13.7478,2.620878811311215,-0.01090930432842896
2010-01-21,13.5215,2.604281011206245,-0.016597800104969807
2010-01-22,13.3678,2.592848830080037,-0.011432181126207919
2010-01-25,13.464,2.600019456888505,0.007170626808467695
2010-01-26,13.3461,2.5912242073351055,-0.008795249553399387
2010-01-27,13.4074,2.5958067933351017,0.004582585999996169
2010-01-28,13.4338,2.597773919135221,0.0019671258001192626
2010-01-29,13.2679,2.5853475841254414,-0.012426335009779521
2010-02-01,13.2877,2.5868387952951473,0.0014912111697058528
2010-02-02,13.5036,2.602956316561815,0.016117521266667545
2010-02-03,13.4198,2.5967312283028257,-0.006225088258989153
2010-02-04,13.5979,2.6099153690545767,0.013184140751751006
2010-02-05,13.8072,2.6251901952350565,0.015274826180479817
2010-02-08,13.5281,2.6047690036446527,-0.020421191590403787
2010-02-09,13.7667,2.622252632603452,0.01748362895879918
2010-02-10,13.975,2.637270019041163,0.015017386437711
2010-02-11,14.2852,2.6592240362847623,0.021954017243599466
2010-02-12,14.2786,2.6587619128895943,-0.0004621233951680459
2010-02-16,14.2984,2.6601476428940316,0.0013857300044373133
2010-02-17,14.2946,2.659881843570955,-0.00026579932307679854
2010-02-18,14.4653,2.671752677929591,0.011870834358636007
2010-02-19,14.4653,2.671752677929591,0.0
2010-02-22,14.4379,2.669856693525924,-0.0018959844036667839
2010-02-23,14.272,2.6582995758376535,-0.011557117688270502
2010-02-24,14.2513,2.656848130623808,-0.001451445213845659
2010-02-25,14.2456,2.6564480871049674,-0.00040004351884048717
2010-02-26,14.3031,2.6604762969885587,0.004028209883591316
2010-03-01,14.8178,2.6958291608052547,0.035352863816696
2010-03-02,14.948,2.7045775116232376,0.008748350817982864
2010-03-03,15.0658,2.7124272743917213,0.007849762768483703
2010-03-04,14.9574,2.7052061606504747,-0.007221113741246565
2010-03-05,15.2082,2.721834756072827,0.016628595422352177
2010-03-08,15.3137,2.7287478525813245,0.006913096508497585
2010-03-09,15.5816,2.746090730933553,0.017342878352228475
2010-03-10,15.7767,2.7585341680726616,0.01244343713910867
2010-03-11,15.3921,2.7338543907837427,-0.024679777288918903
2010-03-12,15.6031,2.747469612462413,0.013615221678670242
2010-03-15,15.6739,2.7519969086179765,0.004527296155563576
2010-03-16,15.7192,2.754882895120849,0.0028859865028723064
2010-03-17,15.7606,2.757513154771038,0.0026302596501892594
2010-03-18,15.6957,2.7533867894905018,-0.004126365280536337
2010-03-19,15.4062,2.7347700258015917,-0.018616763688910076
2010-03-22,15.4524,2.7377643310856015,0.0029943052840097906
2010-03-23,15.5447,2.743719744514586,0.005955413428984535
2010-03-24,15.3713,2.732502134325122,-0.0112176101894641
2010-03-25,15.4749,2.7392193565142398,0.006717222189117855
2010-03-26,15.127,2.716481226580062,-0.022738129934177564
2010-03-29,15.278,2.726413885119168,0.009932658539105965
2010-03-30,15.2195,2.7225775003827475,-0.0038363847364206727
2010-03-31,15.1224,2.7161770883138185,-0.00640041206892894
2010-04-01,15.5164,2.7418975290855916,0.025720440771773045
2010-04-05,15.5919,2.746751548639285,0.004854019553693245
2010-04-06,15.6597,2.751090533291035,0.0043389846517500885
2010-04-07,15.441,2.7370263093387273,-0.014064223952307664
2010-04-08,15.4033,2.734581772177965,-0.0024445371607622057
2010-04-09,15.3863,2.7334775030918124,-0.0011042690861526872
2010-04-12,15.3071,2.7283167730470073,-0.005160730044805106
2010-04-13,15.2082,2.721834756072827,-0.006482016974180382
2010-04-14,15.2582,2.725117063459965,0.0032823073871379727
2010-04-15,15.3025,2.728016213743088,0.002899150283123042
2010-04-16,15.2242,2.722886267059422,-0.0051299466836658425
2010-04-19,15.3071,2.7283167730470073,0.00543050598758521
2010-04-20,15.5919,2.746751548639285,0.018434775592277575
2010-04-21,15.5919,2.746751548639285,0.0
2010-04-22,15.8154,2.7609841488816462,0.014232600242361393
2010-04-23,15.886,2.76543821821094,0.004454069329293819
2010-04-26,15.9011,2.7663882892231317,0.0009500710121916889
2010-04-27,15.6457,2.750196118849226,-0.016192170373905856
2010-04-28,15.6221,2.748686578396654,-0.0015095404525720113
2010-04-29,15.7983,2.759902339307462,0.011215760910808115
2010-04-30,15.5089,2.741414052687549,-0.018488286619913197
2010-05-03,15.6259,2.748929793963649,0.0075157412761002185
2010-05-04,15.2836,2.7267803580828005,-0.0221494358808485
2010-05-05,15.1639,2.7189176030662665,-0.007862755016533995
2010-05-06,15.0093,2.7086700089816156,-0.010247594084650924
2010-05-07,15.0828,2.713555021736655,0.004885012755039497
2010-05-10,15.5164,2.7418975290855916,0.028342507348936508
2010-05-11,15.6221,2.748686578396654,0.0067890493110622785
2010-05-12,15.7314,2.7556587150169354,0.0069721366202815105
2010-05-13,15.9067,2.7667404041168284,0.011081689099893044
2010-05-14,15.8879,2.7655578132246004,-0.0011825908922280526
2010-05-17,15.738,2.7560781701127914,-0.009479643111808933
2010-05-18,15.7484,2.7567387728097152,0.0006606026969238066
2010-05-19,15.5447,2.743719744514586,-0.013019028295129242
2010-05-20,14.8292,2.696598209988097,-0.04712153452648904
2010-05-21,15.0781,2.7132433599468513,0.016645149958754324
2010-05-24,15.1978,2.721150680534738,0.00790732058788679
2010-05-25,14.9216,2.7028098276318646,-0.01834085290287346
2010-05-26,14.6048,2.68135024180551,-0.021459585826354655
2010-05-27,15.1082,2.715237642782181,0.03388740097667098
2010-05-28,15.0516,2.7114842978364924,-0.003753344945688575
2010-06-01,15.2968,2.7276436561966126,0.01615935836012028
2010-06-02,15.7096,2.7542719904538835,0.026628334257270847
2010-06-03,15.7192,2.754882895120849,0.0006109046669653395
2010-06-04,15.3525,2.731278327221417,-0.02360456789943166
2010-06-07,15.3863,2.7334775030918124,0.002199175870395198
2010-06-08,15.5816,2.746090730933553,0.01261322784174057
2010-06-09,15.7428,2.756383117892848,0.010292386959295019
2010-06-10,15.9784,2.771237810168825,0.014854692275977133
2010-06-11,15.6089,2.7478412643954364,-0.023396545773388677
2010-06-14,15.6183,2.7484433036614555,0.0006020392660190943
2010-06-15,15.87,2.7644305345383176,0.015987230876862046
2010-06-16,15.9341,2.768461466826519,0.004030932288201505
2010-06-17,15.8955,2.766036050300863,-0.0024254165256558657
2010-06-18,15.7248,2.755239083904668,-0.010796966396195096
2010-06-21,15.6795,2.7523541266587346,-0.002884957245933517
2010-06-22,15.6645,2.751397005605576,-0.0009571210531587049
2010-06-23,15.4656,2.738618202668628,-0.012778802936947997
2010-06-24,15.293,2.727395207365986,-0.011222995302641703
2010-06-25,15.5674,2.7451789841048466,0.017783776738860446
2010-06-28,15.5862,2.746385907367783,0.0012069232629365878
2010-06-29,14.8904,2.7007167100019864,-0.045669197365796776
2010-06-30,15.0837,2.713614690574622,0.012897980572635692
2010-07-01,15.1732,2.719530713765135,0.005916023190513098
2010-07-02,15.031,2.7101147351510892,-0.009415978614045972
2010-07-06,14.9687,2.7059613543133345,-0.004153380837754739
2010-07-07,15.2082,2.721834756072827,0.015873401759492367
2010-07-08,15.3806,2.733106975020072,0.011272218947245172
2010-07-09,15.5221,2.7422648148799484,0.009157839859876393
2010-07-12,15.6391,2.7497741887043685,0.007509373824420074
2010-07-13,15.8154,2.7609841488816462,0.011209960177277711
2010-07-14,15.7606,2.757513154771038,-0.0034709941106081388
2010-07-15,15.754,2.7570943012811324,-0.0004188534899056684
2010-07-16,15.3449,2.730783171269755,-0.026311130011377415
2010-07-19,15.3806,2.733106975020072,0.002323803750317044
2010-07-20,15.5259,2.7425095971537807,0.009402622133708682
2010-07-21,15.4033,2.734581772177965,-0.007927824975815678
2010-07-22,15.7606,2.757513154771038,0.022931382593073035
2010-07-23,15.8879,2.7655578132246004,0.008044658453562281
2010-07-26,16.0906,2.7782352505514147,0.012677437326814367
2010-07-27,15.9209,2.767632711481643,-0.010602539069771932
2010-07-28,15.6259,2.748929793963649,-0.0187029175179938
2010-07-29,15.706,2.754042804952683,0.005113010989033828
2010-07-30,15.772,2.758236216015381,0.004193411062697994
2010-08-02,15.772,2.758236216015381,0.0
2010-08-03,15.6795,2.7523541266587346,-0.005882089356646247
2010-08-04,15.9841,2.771594478142884,0.019240351484149265
2010-08-05,16.3131,2.7919684660156805,0.02037398787279665
2010-08-06,16.1801,2.7837820920809624,-0.008186373934718105
2010-08-09,16.2981,2.7910485366013793,0.007266444520416915
2010-08-10,16.1991,2.784955685139516,-0.006092851461863447
2010-08-11,15.8247,2.7615720105045756,-0.023383674634940288
2010-08-12,15.8653,2.764134334405698,0.002562323901122543
2010-08-13,15.8606,2.7638380465125643,-0.00029628789313385084
2010-08-16,15.8436,2.7627656332910187,-0.0010724132215456095
2010-08-17,16.0161,2.7735944663096164,0.010828833018597717
2010-08-18,16.2876,2.7904040821097826,0.016809615800166267
2010-08-19,16.2415,2.7875696950002107,-0.0028343871095719564
2010-08-20,16.0802,2.777588701484417,-0.009980993515793735
2010-08-23,16.4017,2.797384987994563,0.0197962865101462
2010-08-24,16.1745,2.7834359280080996,-0.013949059986463563
2010-08-25,15.9427,2.769001044212496,-0.014434883795603426
2010-08-26,15.9427,2.769001044212496,0.0
2010-08-27,16.3546,2.79450920333877,0.0255081591262738
2010-08-30,16.1632,2.7827370532915965,-0.011772150047173469
2010-08-31,16.0972,2.778645343822312,-0.004091709469284499
2010-09-01,16.067,2.7767674790611983,-0.0018778647611137345
2010-09-02,16.1274,2.78051968881598,0.0037522097547819655
2010-09-03,16.3584,2.7947415268809146,0.014221838064934378
2010-09-07,16.2981,2.7910485366013793,-0.003692990279535291
2010-09-08,16.2726,2.7894827117827483,-0.0015658248186309898
2010-09-09,16.3622,2.7949737964613677,0.005491084678619362
2010-09-10,16.4102,2.7979030927181627,0.0029292962567950553
2010-09-13,16.4056,2.797622739959423,-0.0002803527587396104
2010-09-14,16.5658,2.807340329182755,0.009717589223331657
2010-09-15,16.6384,2.811713276923831,0.004372947741076327
2010-09-16,16.7091,2.815953481192709,0.004240204268878056
2010-09-17,16.7157,2.816348397547378,0.0003949163546690393
2010-09-20,16.8289,2.823097646589567,0.006749249042188765
2010-09-21,16.8448,2.824042003828697,0.0009443572391298893
2010-09-22,16.9165,2.828289476988505,0.004247473159808113
2010-09-23,16.8119,2.8220869689928936,-0.006202507995611395
2010-09-24,16.973,2.831623846179394,0.009536877186500536
2010-09-27,16.973,2.831623846179394,0.0
2010-09-28,16.8496,2.8243269176441954,-0.007296928535198699
2010-09-29,16.8242,2.8228183261091027,-0.0015085915350927515
2010-09-30,16.7458,2.818147480560317,-0.004670845548785607
2010-10-01,16.7157,2.816348397547378,-0.0017990830129388513
2010-10-04,16.858,2.8248253215752905,0.008476924027912336
2010-10-05,16.8496,2.8243269176441954,-0.000498403931095126
2010-10-06,17.0656,2.837064741424146,0.012737823779950475
2010-10-07,16.9948,2.832907414911726,-0.0041573265124199565
2010-10-08,17.1051,2.839376664656267,0.006469249744541106
2010-10-11,17.221,2.8461295693227626,0.006752904666495585
2010-10-12,17.4002,2.8564817004072984,0.01035213108453581
2010-10-13,17.4095,2.857016034240757,0.0005343338334586889
2010-10-14,17.353,2.8537654021083667,-0.0032506321323904075
2010-10-15,17.2964,2.8504983873639387,-0.0032670147444280317
2010-10-18,17.5265,2.8637140212692787,0.013215633905339974
2010-10-19,17.2634,2.8485886535096063,-0.015125367759672326
2010-10-20,17.3285,2.852352544874654,0.0037638913650477335
2010-10-21,17.3068,2.8510994878582943,-0.0012530570163598043
2010-10-22,17.221,2.8461295693227626,-0.004969918535531637
2010-10-25,17.6076,2.8683306270192843,0.022201057696521698
2010-10-26,17.3191,2.851809938735664,-0.01652068828362019
2010-10-27,17.1691,2.8431112565291583,-0.008698682206505826
2010-10-28,17.0824,2.838048693711567,-0.005062562817591321
2010-10-29,17.2663,2.8487566248506155,0.010707931139048554
2010-11-01,17.2342,2.846895781717164,-0.001860843133451695
2010-11-02,17.353,2.8537654021083667,0.006869620391202869
2010-11-03,17.3144,2.8515385252181824,-0.002226876890184304
2010-11-04,17.3851,2.8556135175284125,0.004074992310230119
2010-11-05,17.2135,2.845693959680189,-0.009919557848223626
2010-11-08,17.1277,2.840697035954167,-0.004996923726022118
2010-11-09,16.942,2.829795746009359,-0.010901289944807768
2010-11-10,17.2173,2.845914692280967,0.016118946271607815
2010-11-11,17.059,2.8366779236983826,-0.009236768582584265
2010-11-12,16.8335,2.823370948554289,-0.013306975144093514
2010-11-15,16.8939,2.8269526100265097,0.0035816614722206097
2010-11-16,16.7826,2.8203426354008316,-0.006609974625678028
2010-11-17,16.9344,2.82934705605839,0.009004420657558576
2010-11-18,17.1164,2.8400370682277467,0.0106900121693565
2010-11-19,17.3492,2.8535463958197056,0.013509327591958886
2010-11-22,17.4935,2.8618293833613624,0.008282987541656794
2010-11-23,17.3285,2.852352544874654,-0.009476838486708328
2010-11-24,17.6472,2.8705771305679852,0.018224585693331186
2010-11-26,17.6245,2.8692899795016045,-0.0012871510663807761
2010-11-29,17.6416,2.8702597494132274,0.0009697699116228975
2010-11-30,17.4549,2.8596204115231147,-0.010639337890112621
2010-12-01,17.8536,2.8822051685631043,0.022584757039989523
2010-12-02,18.1628,2.899375546309885,0.017170377746780652
2010-12-03,18.061,2.8937549174415267,-0.005620628868358235
2010-12-06,18.0818,2.8949059075306334,0.0011509900891066849
2010-12-07,17.8904,2.88426425613037,-0.010641651400263186
2010-12-08,17.8763,2.8834758132082987,-0.000788442922071475
2010-12-09,17.9046,2.885057663072396,0.0015818498640971512
2010-12-10,18.4118,2.912991763415007,0.027934100342611234
2010-12-13,18.2081,2.9018665500202276,-0.011125213394779454
2010-12-14,18.3655,2.91047390460208,0.008607354581852356
2010-12-15,18.3561,2.9099619443277285,-0.0005119602743515195
2010-12-16,18.1346,2.8978217156953607,-0.012140228632367744
2010-12-17,18.1063,2.8962599440091013,-0.0015617716862594833
2010-12-20,17.879,2.883626839769683,-0.012633104239418103
2010-12-21,17.8065,2.8795635591795614,-0.004063280590121732
2010-12-22,18.2544,2.904406146859968,0.02484258768040659
2010-12-23,18.226,2.902849146073935,-0.001557000786033047
2010-12-27,18.2458,2.903934916556619,0.0010857704826841008
2010-12-28,18.26,2.9047128751668225,0.0007779586102034663
2010-12-29,18.4098,2.912883131524923,0.008170256358100314
2010-12-30,18.3835,2.9114535231734413,-0.0014296083514815372
2010-12-31,18.2713,2.9053315227572667,-0.006122000416174611
2011-01-03,18.5212,2.9189160219353547,0.013584499178088016
2011-01-04,18.2156,2.9022783698027315,-0.01663765213262325
2011-01-05,18.4015,2.912432183031354,0.010153813228622521
2011-01-06,18.4721,2.9162614856365012,0.0038293026051472445
2011-01-07,18.5023,2.9178950486809754,0.0016335630444741511
2011-01-10,18.3599,2.910168938554418,-0.0077261101265575505
2011-01-11,18.5956,2.922924993594844,0.012756055040425984
2011-01-12,18.5824,2.9222148961955936,-0.0007100973992502091
2011-01-13,18.3741,2.910942064307524,-0.01127283188806949
2011-01-14,18.4269,2.9138115535186575,0.0028694892111333914
2011-01-18,18.2977,2.9067753688884883,-0.0070361846301691955
2011-01-19,18.3287,2.9084681373507153,0.00169276846222699
2011-01-20,18.2722,2.9053807791229778,-0.0030873582277375355
2011-01-21,18.3429,2.909242578646416,0.0038617995234382363
2011-01-24,18.4665,2.9159582797736423,0.006715701127226303
2011-01-25,18.4118,2.912991763415007,-0.0029665163586352072
2011-01-26,18.7144,2.9292932809974204,0.016301517582413272
2011-01-27,18.8888,2.938569153820617,0.00927587282319653
2011-01-28,18.5994,2.923129322134337,-0.015439831686280048
2011-01-31,18.7229,2.929747373581344,0.006618051447007112
2011-02-01,18.9614,2.9424053337633094,0.01265796018196541
2011-02-02,18.8888,2.938569153820617,-0.0038361799426924748
2011-02-03,18.9596,2.9423103995579165,0.0037412457372996144
2011-02-04,19.0293,2.945979896606286,0.0036694970483694966
2011-02-07,19.0161,2.945285988773557,-0.000693907832729046
2011-02-08,18.9926,2.944049429617656,-0.0012365591559011513
2011-02-09,18.9567,2.9421574310453953,-0.0018919985722605226
2011-02-10,18.7144,2.9292932809974204,-0.01286415004797492
2011-02-11,18.752,2.931300413394602,0.0020071323971815325
2011-02-14,18.5645,2.921251154866683,-0.010049258527919047
2011-02-15,18.4665,2.9159582797736423,-0.00529287509304055
2011-02-16,18.6626,2.926521521189868,0.010563241416225555
2011-02-18,18.7635,2.931913493340769,0.0053919721509010365
2011-02-22,18.5419,2.920033036008776,-0.011880457331992833
2011-02-23,18.4928,2.917381467141322,-0.0026515688674542126
2011-02-24,18.5542,2.9206961785197545,0.0033147113784326443
2011-02-25,18.787,2.933165141285162,0.012468962765407543
2011-02-28,19.1302,2.9512682381805737,0.018103096895411674
2011-03-01,18.7946,2.933569594533752,-0.017698643646821832
2011-03-02,18.7447,2.930911045792001,-0.0026585487417509768
2011-03-03,18.8106,2.9344205407308457,0.0035094949388447816
2011-03-04,18.771,2.932313125684336,-0.0021074150465096864
2011-03-07,18.5278,2.9192723068590944,-0.013040818825241551
2011-03-08,18.6947,2.928240061228912,0.008967754369817449
2011-03-09,18.8002,2.9338675080771894,0.00562744684827754
2011-03-10,18.7144,2.9292932809974204,-0.0045742270797690665
2011-03-11,18.6626,2.926521521189868,-0.0027717598075525096
2011-03-14,18.5324,2.919520551608104,-0.007000969581763883
2011-03-15,18.2024,2.90155345352078,-0.017967098087324107
2011-03-16,18.3665,2.910528353039423,0.008974899518642943
2011-03-17,18.7784,2.9327072731325403,0.022178920093117505
2011-03-18,18.7398,2.930649604394735,-0.0020576687378053293
2011-03-21,18.9133,2.9398653782859454,0.009215773891210421
2011-03-22,18.9501,2.941809208559367,0.0019438302734213764
2011-03-23,18.7398,2.930649604394735,-0.011159604164631798
2011-03-24,18.8144,2.9346225340870142,0.003972929692279248
2011-03-25,18.6531,2.9260123521159795,-0.008610181971034692
2011-03-28,18.7144,2.9292932809974204,0.0032809288814408255
2011-03-29,18.935,2.9410120613537583,0.011718780356337888
2011-03-30,19.0066,2.9447862872690513,0.0037742259152930835
2011-03-31,18.985,2.9436491936837657,-0.0011370935852856867
2011-04-01,19.1792,2.9538263584706983,0.010177164786932646
2011-04-04,19.0293,2.945979896606286,-0.00784646186441229
2011-04-05,19.2415,2.957069404776599,0.011089508170313067
2011-04-06,19.3564,2.963023114144286,0.005953709367687132
2011-04-07,19.2273,2.9563311441266724,-0.006691970017613791
2011-04-08,19.38,2.96424160646262,0.00791046233594761
2011-04-11,19.3753,2.9639990589905043,-0.00024254747211571726
2011-04-12,19.3168,2.960975183595986,-0.003023875394518427
2011-04-13,19.2593,2.957994060953522,-0.0029811226424638626
2011-04-14,19.38,2.96424160646262,0.006247545509098007
2011-04-15,19.2735,2.958731095409508,-0.005510511053111955
2011-04-18,19.2103,2.955446593524739,-0.003284501884769142
2011-04-19,19.2159,2.9557380613274176,0.0002914678026786355
2011-04-20,19.5177,2.9713217461738455,0.015583684846427914
2011-04-21,19.4762,2.969193207316814,-0.002128538857031348
2011-04-25,19.447,2.967692816522745,-0.0015003907940691619
2011-04-26,19.4875,2.969773234383895,0.0020804178611499857
2011-04-27,19.4149,2.9660408125136573,-0.003732421870237701
2011-04-28,19.3348,2.961906581069894,-0.004134231443763348
2011-04-29,19.5515,2.9730520098307704,0.011145428760876541
2011-05-02,19.6375,2.9774410035817396,0.004388993750969128
2011-05-03,19.5347,2.972192371337667,-0.005248632244072571
2011-05-04,19.5261,2.9717520321669917,-0.000440339170675319
2011-05-05,19.3678,2.963611893270999,-0.008140138895992521
2011-05-06,19.6441,2.977777038776951,0.014165145505951937
2011-05-09,19.99,2.995232148512309,0.017455109735357688
2011-05-10,20.1579,3.0035962711107773,0.008364122598468526
2011-05-11,20.0334,2.9974008806545367,-0.006195390456240624
2011-05-12,20.5755,3.0241010476044345,0.026700166949897852
2011-05-13,20.4246,3.0167400567109715,-0.007360990893463093
2011-05-16,20.3342,3.012304197547689,-0.004435859163282263
2011-05-17,20.3907,3.015078914551277,0.002774717003587668
2011-05-18,20.7782,3.0339043601675164,0.018825445616239556
2011-05-19,20.9988,3.0444652932335647,0.010560933066048328
2011-05-20,20.8451,3.0371189086347576,-0.007346384598807099
2011-05-23,20.7782,3.0339043601675164,-0.0032145484672412294
2011-05-24,20.6669,3.0285333866358273,-0.005370973531689138
2011-05-25,20.649,3.027666892084337,-0.0008664945514902378
2011-05-26,20.684,3.029360454533975,0.0016935624496379198
2011-05-27,20.8649,3.0380683213169575,0.00870786678298252
2011-05-31,21.0176,3.045360181955808,0.007291860638850345
2011-06-01,20.6151,3.0260238169838676,-0.019336364971940245
2011-06-02,20.6056,3.025562883512665,-0.00046093347120246264
2011-06-03,20.533,3.0220333479733616,-0.0035295355393034633
2011-06-06,20.4171,3.0163727850212863,-0.005660562952075399
2011-06-07,20.5011,3.02047854324138,0.004105758220093847
2011-06-08,20.4331,3.0171561349592637,-0.0033224082821163847
2011-06-09,20.5709,3.023877455746135,0.0067213207868714875
2011-06-10,20.4529,3.0181246817257774,-0.005752774020357787
2011-06-13,20.5113,3.020975953790887,0.002851272065109711
2011-06-14,20.4576,3.0183544515902705,-0.002621502200616632
2011-06-15,20.1202,3.001724285539986,-0.016630166050284334
2011-06-16,19.9249,2.9919702058431072,-0.009754079696878915
2011-06-17,20.0512,2.9982890023356807,0.006318796492573497
2011-06-20,20.6113,3.0258394690897625,0.027550466754081793
2011-06-21,20.6972,3.0299984254216104,0.004158956331847818
2011-06-22,20.7084,3.0305394150593967,0.000540989637786371
2011-06-23,20.4765,3.019277887129005,-0.01126152793039159
2011-06-24,20.3011,3.010675071771787,-0.008602815357217963
2011-06-27,20.3784,3.0144755163711263,0.003800444599339148
2011-06-28,20.4765,3.019277887129005,0.0048023707578788155
2011-06-29,20.6585,3.028126856989862,0.008848969860856926
2011-06-30,20.8046,3.035174116102519,0.007047259112657134
2011-07-01,21.0176,3.045360181955808,0.010186065853288628
2011-07-05,20.9942,3.0442462090996187,-0.0011139728561890827
2011-07-06,21.0242,3.0456741551945474,0.0014279460949286893
2011-07-07,20.8979,3.039648675453566,-0.006025479740981332
2011-07-08,20.8809,3.038834865533787,-0.0008138099197791959
2011-07-11,20.633,3.0268917358030927,-0.011943129730694224
2011-07-12,20.8809,3.038834865533787,0.011943129730694224
2011-07-13,21.0074,3.0448747566042176,0.006039891070430681
2011-07-14,20.9714,3.0431596047263536,-0.001715151877863974
2011-07-15,21.1808,3.0530951109424667,0.009935506216113055
2011-07-18,20.8809,3.038834865533787,-0.014260245408679761
2011-07-19,21.1308,3.0507316917725955,0.011896826238808611
2011-07-20,21.0074,3.0448747566042176,-0.00585693516837793
2011-07-21,21.11,3.0497468618602293,0.004872105256011672
2011-07-22,21.1043,3.0494768111885544,-0.00027005067167484853
2011-07-25,21.0714,3.0479166707914387,-0.0015601403971157168
2011-07-26,20.9214,3.04077255856369,-0.007144112227748689
2011-07-27,20.5227,3.021531590594187,-0.019240967969503142
2011-07-28,20.4189,3.0164609425294246,-0.0050706480647622065
2011-07-29,20.2125,3.006301224903225,-0.010159717626199605
2011-08-01,20.3935,3.0152162226266785,0.0089149977234535
2011-08-02,19.8901,2.9902221205053285,-0.024994102121350004
2011-08-03,20.1739,3.0043896897451723,0.014167569239843747
2011-08-04,19.512,2.971029660913619,-0.0333600288315532
2011-08-05,19.5611,2.973542900244232,0.002513239330613093
2011-08-08,19.0387,2.946473749721293,-0.02706915052293901
2011-08-09,20.0758,2.9995151095992116,0.05304135987791847
2011-08-10,19.6129,2.976187513007323,-0.023327596591888433
2011-08-11,20.1993,3.0056479503413676,0.029460437334044354
2011-08-12,20.271,3.0091912932381475,0.003543342896779933
2011-08-15,20.5227,3.021531590594187,0.012340297356039365
2011-08-16,20.5481,3.022768479246868,0.001236888652681234
2011-08-17,20.7546,3.032767908854819,0.009999429607951082
2011-08-18,20.3935,3.0152162226266785,-0.01755168622814063
2011-08-19,20.4529,3.0181246817257774,0.00290845909909887
2011-08-22,20.7716,3.0335866691049596,0.01546198737918214
2011-08-23,21.0997,3.049258822371465,0.015672153266505617
2011-08-24,20.9884,3.043969904152479,-0.00528891821898636
2011-08-25,20.8564,3.037660855580387,-0.006309048572092024
2011-08-26,20.6867,3.029490981694687,-0.008169873885699896
2011-08-29,21.1242,3.0504193027036726,0.020928321008985673
2011-08-30,21.0573,3.0472472933586445,-0.0031720093450280373
2011-08-31,21.2505,3.0563804245053783,0.009133131146733753
2011-09-01,21.1685,3.0525142276529738,-0.0038661968524045243
2011-09-02,20.9508,3.042176831796592,-0.010337395856381715
2011-09-06,20.5133,3.02107345626509,-0.02110337553150199
2011-09-07,20.7687,3.0334470456547336,0.012373589389643502
2011-09-08,20.7631,3.033177372775931,-0.00026967287880275137
2011-09-09,20.5462,3.022676009001537,-0.010501363774393813
2011-09-12,20.599,3.025242530927932,0.002566521926394838
2011-09-13,20.7631,3.033177372775931,0.007934841847998975
2011-09-14,21.0044,3.044731939585899,0.011554566809968136
2011-09-15,21.2534,3.056516882571791,0.011784942985892055
2011-09-16,21.0827,3.0484527989626327,-0.008064083609158335
2011-09-19,20.6867,3.029490981694687,-0.01896181726794577
2011-09-20,20.5934,3.0249706361107083,-0.004520345583978624
2011-09-21,20.2964,3.010443530419684,-0.014527105691024111
2011-09-22,19.9702,2.9942411624001077,-0.01620236801957642
2011-09-23,20.1446,3.0029362624024936,0.008695100002385825
2011-09-26,20.1483,3.003119917587918,0.00018365518542440284
2011-09-27,20.3096,3.0110936806666904,0.0079737630787724
2011-09-28,19.9307,2.9922612565381637,-0.018832424128526704
2011-09-29,20.1371,3.0025638848669542,0.010302628328790586
2011-09-30,20.1182,3.00162487800879,-0.0009390068581640598
2011-10-03,19.8646,2.988939253146389,-0.012685624862401212
2011-10-04,19.5647,2.9737269220411107,-0.01521233110527831
2011-10-05,19.7572,2.9835179818744124,0.009791059833301752
2011-10-06,20.0202,2.9967417638471647,0.013223781972752313
2011-10-07,20.0702,2.999236127880668,0.002494364033503338
2011-10-10,20.4973,3.020293170153119,0.021057042272450754
2011-10-11,20.4783,3.019365788913468,-0.0009273812396508596
2011-10-12,20.928,3.041087975274788,0.021722186361320173
2011-10-13,20.6801,3.029171885218479,-0.011916090056309336
2011-10-14,20.6867,3.029490981694687,0.00031909647620809167
2011-10-17,20.4925,3.0200589655450485,-0.0094320161496384
2011-10-18,20.9988,3.0444652932335647,0.02440632768851625
2011-10-19,20.8149,3.035669076407678,-0.008796216825886827
2011-10-20,20.8734,3.0384756210928234,0.002806544685145518
2011-10-21,20.9932,3.0441985757619894,0.005722954669165947
2011-10-24,20.8367,3.0367158550183726,-0.0074827207436167775
2011-10-25,20.7094,3.030587703476463,-0.006128151541909599
2011-10-26,20.8734,3.0384756210928234,0.00788791761636043
2011-10-27,21.292,3.0583314153105112,0.019855794217687794
2011-10-28,21.2204,3.0549629831495517,-0.0033684321609595003
2011-10-31,21.276,3.057579676880071,0.002616693730519426
2011-11-01,20.649,3.027666892084337,-0.029912784795734115
2011-11-02,20.9705,3.04311668821565,0.015449796131313143
2011-11-03,21.0223,3.045583779063298,0.002467090847647846
2011-11-04,20.8046,3.035174116102519,-0.010409662960778832
2011-11-07,21.0242,3.0456741551945474,0.010500039092028235
2011-11-08,21.26,3.056827372913802,0.011153217719254371
2011-11-09,20.7641,3.033225533981126,-0.023601838932675978
2011-11-10,20.7782,3.0339043601675164,0.0006788261863905909
2011-11-11,21.1175,3.0501020806195145,0.016197720451998077
2011-11-14,20.9648,3.0428448408681836,-0.007257239751330857
2011-11-15,20.863,3.037977255147737,-0.004867585720446765
2011-11-16,20.8083,3.035351945574137,-0.0026253095735997434
2011-11-17,20.6801,3.029171885218479,-0.006180060355658323
2011-11-18,20.6923,3.0297616503930214,0.0005897651745425669
2011-11-21,20.3699,3.0140583210464977,-0.01570332934652363
2011-11-22,20.5934,3.0249706361107083,0.010912315064210532
2011-11-23,20.3096,3.0110936806666904,-0.013876955444017902
2011-11-25,20.1541,3.003407741640086,-0.007685939026604416
2011-11-28,20.4492,3.01794376191921,0.014536020279124262
2011-11-29,20.5085,3.0208394343537206,0.002895672434510388
2011-11-30,21.0441,3.046620235805569,0.02578080145184858
2011-12-01,21.0516,3.0469765667410025,0.0003563309354333022
2011-12-02,21.2684,3.057222403063501,0.010245836322498647
2011-12-05,21.2072,3.0543407466607615,-0.0028816564027396296
2011-12-06,21.2553,3.056606276037188,0.002265529376426656
2011-12-07,21.3439,3.0607659845648167,0.004159708527628592
2011-12-08,21.3156,3.0594391990117034,-0.0013267855531133854
2011-12-09,21.4796,3.0671036474933437,0.007664448481640385
2011-12-12,21.5729,3.0714378973538135,0.004334249860469708
2011-12-13,21.507,3.068378463538845,-0.0030594338149683153
2011-12-14,21.1469,3.0514933226455274,-0.01688514089331772
2011-12-15,21.2684,3.057222403063501,0.005729080417973709
2011-12-16,21.225,3.055179732197411,-0.0020426708660901127
2011-12-19,21.2808,3.05780525775177,0.0026255255543587985
2011-12-20,21.507,3.068378463538845,0.010573205787075324
2011-12-21,21.8548,3.084420577049429,0.01604211351058371
2011-12-22,22.0793,3.0946405180077963,0.010219940958367424
2011-12-23,22.167,3.09860469647462,0.003964178466823842
2011-12-27,22.3281,3.105845974905468,0.007241278430847764
2011-12-28,22.0793,3.0946405180077963,-0.011205456897671606
2011-12-29,22.3668,3.1075777165436214,0.01293719853582509
2011-12-30,22.6685,3.120976295590137,0.013398579046515646
2012-01-03,22.71,3.122805356117467,0.0018290605273301175
2012-01-04,22.71,3.122805356117467,0.0
2012-01-05,22.6675,3.120932180538074,-0.0018731755793930382
2012-01-06,22.1491,3.0977968636114643,-0.02313531692660975
2012-01-09,22.3017,3.104662908744328,0.006866045132863707
2012-01-10,22.3809,3.1082079165524106,0.0035450078080825342
2012-01-11,22.447,3.111156974969408,0.002949058416997552
2012-01-12,22.6431,3.119855169756554,0.008698194787145841
2012-01-13,22.5421,3.115384671973653,-0.004470497782901095
2012-01-17,22.6393,3.119687334129073,0.0043026621554203
2012-01-18,22.7486,3.124503605041852,0.004816270912778808
2012-01-19,22.6251,3.119059909465725,-0.005443695576127006
2012-01-20,22.6355,3.1195194703280658,0.00045956086234077986
2012-01-23,22.5695,3.1165994372832144,-0.0029200330448513334
2012-01-24,22.4158,3.1097660673564187,-0.006833369926795729
2012-01-25,22.1924,3.0997498879233745,-0.010016179433044226
2012-01-26,21.8502,3.084210074817786,-0.015539813105588607
2012-01-27,21.9812,3.0901875425716603,0.005977467753874421
2012-01-30,22.0199,3.091946589958155,0.0017590473864945722
2012-01-31,22.1942,3.0998309934823034,0.007884403524148542
2012-02-01,22.1433,3.097534967663936,-0.0022960258183672977
2012-02-02,22.1491,3.0977968636114643,0.00026189594752823453
2012-02-03,22.083,3.0948080817446786,-0.00298878186678575
2012-02-06,22.1613,3.0983475244183305,0.0035394426736519158
2012-02-07,22.1942,3.0998309934823034,0.0014834690639728976
2012-02-08,22.2979,3.1044925036281747,0.00466151014587135
2012-02-09,21.6389,3.0744926208933254,-0.029999882734849326
2012-02-10,21.3486,3.0609861637540883,-0.013506457139237149
2012-02-13,21.4796,3.0671036474933437,0.006117483739255469
2012-02-14,21.4532,3.0658738183963616,-0.0012298290969821046
2012-02-15,21.4307,3.064824473441047,-0.0010493449553146128
2012-02-16,21.7521,3.0797103045980134,0.0148858311569664
2012-02-17,21.7087,3.0777131018577863,-0.0019972027402270776
2012-02-21,21.7087,3.0777131018577863,0.0
2012-02-22,21.8738,3.0852895735961128,0.007576471738326429
2012-02-23,21.7936,3.08161634871094,-0.0036732248851727434
2012-02-24,21.801,3.0819558403026086,0.00033949159166857257
2012-02-27,21.9048,3.08670579088864,0.004749950586031559
2012-02-28,22.0199,3.091946589958155,0.00524079906951469
2012-02-29,22.2537,3.102508286922076,0.010561696963921285
2012-03-01,22.411,3.1095519097534514,0.0070436228313752736
2012-03-02,22.3706,3.1077475967784642,-0.0018043129749871767
2012-03-05,22.4309,3.1104394725599507,0.0026918757814864414
2012-03-06,22.2688,3.1031865956683937,-0.007252876891556959
2012-03-07,22.4092,3.109471588826683,0.006284993158289343
2012-03-08,22.708,3.1227172853084797,0.013245696481796632
2012-03-09,22.8062,3.127032428818743,0.004315143510263297
2012-03-12,22.8221,3.1277293647398086,0.0006969359210655668
2012-03-13,22.7326,3.123800017596488,-0.003929347143320605
2012-03-14,22.3065,3.104878115814711,-0.018921901781776995
2012-03-15,22.249,3.1022970637820206,-0.002581052032690323
2012-03-16,22.0717,3.094296244941498,-0.008000818840522506
2012-03-19,22.0661,3.094042494186814,-0.0002537507546840345
2012-03-20,21.951,3.0888126965700025,-0.005229797616811638
2012-03-21,22.1942,3.0998309934823034,0.01101829691230094
2012-03-22,22.0463,3.093144787359269,-0.006686206123034388
2012-03-23,22.083,3.0948080817446786,0.001663294385409575
2012-03-26,22.2235,3.1011502875587555,0.006342205814076962
2012-03-27,22.0001,3.091046998802531,-0.010103288756224682
2012-03-28,22.0415,3.092927040045093,0.001880041242562136
2012-03-29,22.1028,3.0957042973309203,0.0027772572858273392
2012-03-30,22.0736,3.09438232432033,-0.0013219730105902272
2012-04-02,22.3433,3.1065264998313316,0.012144175511001443
2012-04-03,22.3103,3.1050484552388378,-0.001478044592493788
2012-04-04,22.2292,3.1014067399241347,-0.0036417153147030312
2012-04-05,22.2876,3.1040304699991594,0.0026237300750246995
2012-04-09,22.1508,3.0978736132204174,-0.006156856778742004
2012-04-10,21.6456,3.074802200537471,-0.023071412682946324
2012-04-11,21.87,3.0851158346886765,0.010313634151205342
2012-04-12,22.0613,3.0938249422794306,0.008709107590754162
2012-04-13,21.8576,3.0845486871510857,-0.009276255128344957
2012-04-16,21.9349,3.0880789756836915,0.003530288532605841
2012-04-17,22.1942,3.0998309934823034,0.011752017798611902
2012-04-18,22.1716,3.0988121906226764,-0.001018802859626966
2012-04-19,22.0905,3.0951476518521894,-0.0036645387704870025
2012-04-20,22.2122,3.1006416874807288,0.00549403562853934
2012-04-23,22.0509,3.093353417386422,-0.007288270094306881
2012-04-24,22.1679,3.098645296543646,0.005291879157224066
2012-04-25,22.1292,3.096898003386937,-0.0017472931567090733
2012-04-26,22.0972,3.0954509036644065,-0.0014470997225304316
2012-04-27,22.4309,3.1104394725599507,0.01498856889554423
2012-04-30,22.3347,3.1061415228804288,-0.004297949679521906
2012-05-01,22.3536,3.1069873819140854,0.0008458590336566374
2012-05-02,22.4865,3.112915129138342,0.0059277472242564855
2012-05-03,22.4762,3.112456971590856,-0.0004581575474857935
2012-05-04,22.3602,3.1072825927907246,-0.005174378800131496
2012-05-07,22.6685,3.120976295590137,0.0136937027994124
2012-05-08,22.3536,3.1069873819140854,-0.013988913676051595
2012-05-09,22.1763,3.0990241510545165,-0.00796323085956896
2012-05-10,22.3338,3.106101226026936,0.007077074972419606
2012-05-11,22.3357,3.1061862952576704,8.506923073436923e-05
2012-05-14,22.198,3.1000021947297878,-0.006184100527882652
2012-05-15,22.2979,3.1044925036281747,0.004490308898386974
2012-05-16,22.2876,3.1040304699991594,-0.00046203362901531264
2012-05-17,22.1622,3.09838813492969,-0.0056423350694694285
2012-05-18,21.9151,3.087175896945007,-0.011212237984683071
2012-05-21,22.2122,3.1006416874807288,0.013465790535721833
2012-05-22,22.2235,3.1011502875587555,0.0005086000780267774
2012-05-23,22.0189,3.0919011754600225,-0.009249112098733026
2012-05-24,21.687,3.0767130026862697,-0.01518817277375284
2012-05-25,21.6691,3.0758872826137984,-0.000825720072471281
2012-05-29,21.885,3.085801470642859,0.009914188029060522
2012-05-30,21.6757,3.076191817416174,-0.009609653226684944
2012-05-31,21.9793,3.0901011013345867,0.01390928391841273
2012-06-01,21.6625,3.0755826550417247,-0.01451844629286203
2012-06-04,21.7954,3.0816989383551636,0.006116283313438942
2012-06-05,21.886,3.0858471629962514,0.004148224641087772
2012-06-06,22.2537,3.102508286922076,0.01666112392582475
2012-06-07,22.4799,3.1126215766170198,0.010113289694943628
2012-06-08,22.4762,3.112456971590856,-0.00016460502616366668
2012-06-11,22.3111,3.1050843124732626,-0.00737265911759355
2012-06-12,22.5761,3.1168918245832846,0.011807512110022067
2012-06-13,22.6637,3.1207645255892134,0.003872701005928736
2012-06-14,22.6317,3.1193515783440717,-0.001412947245141627
2012-06-15,22.496,3.1133375156282543,-0.006014062715817392
2012-06-18,22.378,3.1080783333855293,-0.005259182242725036
2012-06-19,22.7185,3.1231795705466996,0.015101237161170289
2012-06-20,22.7646,3.125206697799958,0.002027127253258598
2012-06-21,22.2688,3.1031865956683937,-0.022020102131564467
2012-06-22,22.4196,3.109935576271655,0.006748980603261234
2012-06-25,22.4017,3.10913684883842,-0.000798727433235058
2012-06-26,22.7694,3.125417529267336,0.01628068042891595
2012-06-27,22.6694,3.121015997473114,-0.004401531794221647
2012-06-28,22.5704,3.1166393133130734,-0.004376684160040778
2012-06-29,23.006,3.1357550514738186,0.019115738160745188
2012-07-02,23.2181,3.144932146909756,0.009177095435937588
2012-07-03,23.2889,3.1479768522097906,0.0030447053000344226
2012-07-05,23.3171,3.1491869969740467,0.0012101447642560714
2012-07-06,23.2417,3.145948079050223,-0.003238917923823692
2012-07-09,23.3294,3.149714367742918,0.003766288692694797
2012-07-10,23.3624,3.1511278924086894,0.0014135246657716038
2012-07-11,23.2767,3.1474528602380714,-0.003675032170618042
2012-07-12,23.2417,3.145948079050223,-0.0015047811878483586
2012-07-13,23.4331,3.1541495527731884,0.008201473722965424
2012-07-16,23.4265,3.1538678602259345,-0.0002816925472539644
2012-07-17,23.4519,3.1549515150642233,0.0010836548382888722
2012-07-18,23.4867,3.1564343034889366,0.0014827884247132772
2012-07-19,23.401,3.1527787564932748,-0.0036555469956618403
2012-07-20,23.1729,3.1429834924594107,-0.009795264033864104
2012-07-23,22.6977,3.1222635977680753,-0.020719894691335394
2012-07-24,22.8712,3.129878477143514,0.007614879375438921
2012-07-25,22.9164,3.1318528114472315,0.0019743343037172956
2012-07-26,23.188,3.143634903477486,0.01178209203025471
2012-07-27,23.5793,3.1603692084938575,0.016734305016371298
2012-07-30,23.6924,3.165154321608344,0.004785113114486705
2012-07-31,23.7602,3.168011911967435,0.0028575903590906115
2012-08-01,23.6632,3.1639210987708886,-0.00409081319654625
2012-08-02,23.6066,3.1615263339506607,-0.0023947648202278238
2012-08-03,23.7763,3.1686892862215594,0.007162952270898693
2012-08-06,23.8593,3.1721740784355523,0.0034847922139928933
2012-08-07,24.2005,3.1863732941062266,0.014199215670674281
2012-08-08,24.8878,3.2143777235617614,0.02800442945553483
2012-08-09,25.2555,3.229043953783827,0.01466623022206548
2012-08-10,25.3989,3.234705866000098,0.005661912216270881
2012-08-13,25.3498,3.232770840459718,-0.001935025540379609
2012-08-14,25.3451,3.2325854174679196,-0.00018542299179857835
2012-08-15,25.2941,3.23057116695673,-0.0020142505111895304
2012-08-16,25.2696,3.2296020922285225,-0.0009690747282076195
2012-08-17,25.2555,3.229043953783827,-0.000558138444695544
2012-08-20,25.3903,3.2343672113222453,0.005323257538418336
2012-08-21,25.1923,3.226538392270212,-0.007828819052033253
2012-08-22,25.0491,3.22083789874173,-0.00570049352848212
2012-08-23,24.9859,3.2183116657603734,-0.0025262329813564577
2012-08-24,25.1433,3.224591459464084,0.006279793703710457
2012-08-27,25.1734,3.2257878814707137,0.0011964220066298381
2012-08-28,25.1536,3.2250010274551126,-0.0007868540156010795
2012-08-29,25.216,3.2274787136754686,0.0024776862203559347
2012-08-30,25.0255,3.2198953050216663,-0.007583408653802248
2012-08-31,24.8454,3.2126726247435604,-0.0072226802781059085
2012-09-04,24.9651,3.217478849552401,0.004806224808840742
2012-09-05,24.8681,3.2135858576311116,-0.003892991921289557
2012-09-06,25.2593,3.229194404741058,0.015608547109946525
2012-09-07,25.1857,3.226276373133376,-0.0029180316076820034
2012-09-10,25.2809,3.230049169910769,0.0037727967773930615
2012-09-11,25.3989,3.234705866000098,0.004656696089328616
2012-09-12,25.4563,3.2369632565668427,0.002257390566744899
2012-09-13,25.3375,3.232285511778118,-0.004677744788724514
2012-09-14,24.7831,3.2101619692643455,-0.022123542513772687
2012-09-17,24.7671,3.209516159537802,-0.0006458097265436002
2012-09-18,25.0123,3.219367703875885,0.009851544338082885
2012-09-19,24.8615,3.2133204221545038,-0.006047281721381026
2012-09-20,24.9142,3.2154379220466756,0.0021174998921718036
2012-09-21,24.6691,3.205551448319251,-0.009886473727424683
2012-09-24,24.7831,3.2101619692643455,0.0046105209450946205
2012-09-25,24.8615,3.2133204221545038,0.0031584528901582587
2012-09-26,24.9756,3.217899348270069,0.004578926115565096
2012-09-27,25.0443,3.2206462567284233,0.002746908458354458
2012-09-28,24.85,3.2128577525426376,-0.007788504185785694
2012-10-01,24.9971,3.2187598181396804,0.0059020655970427605
2012-10-02,24.9802,3.2180835110705046,-0.0006763070691757633
2012-10-03,24.8615,3.2133204221545038,-0.004763088916000857
2012-10-04,25.33,3.231989464013584,0.01866904185908025
2012-10-05,25.2593,3.229194404741058,-0.0027950592725258794
2012-10-08,25.1791,3.226014285324518,-0.0031801194165401725
2012-10-09,24.8916,3.214530397157963,-0.0114838881665551
2012-10-10,24.8397,3.212443179697661,-0.0020872174603017157
2012-10-11,24.8681,3.2135858576311116,0.0011426779334504644
2012-10-12,24.7775,3.2099359832987266,-0.0036498743323849503
2012-10-15,24.8312,3.2121009269870004,0.0021649436882738016
2012-10-16,24.9416,3.2165370921636396,0.00443616517663914
2012-10-17,25.1499,3.224853920394702,0.008316828231062612
2012-10-18,25.0773,3.221963054467058,-0.002890865927644093
2012-10-19,24.4306,3.195836444935311,-0.026126609531746947
2012-10-22,24.3466,3.1923922093892245,-0.003444235546086638
2012-10-23,24.1327,3.1835677672852825,-0.008824442103942065
2012-10-24,24.0214,3.1789450997160444,-0.004622667569238015
2012-10-25,24.3297,3.1916978262631837,0.012752726547139215
2012-10-26,24.3202,3.1913072807483625,-0.0003905455148212056
2012-10-31,24.6936,3.206544100747573,0.01523681999921056
2012-11-01,24.4739,3.197607243586346,-0.008936857161227163
2012-11-02,24.3721,3.193439035446926,-0.004168208139419871
2012-11-05,24.309,3.190846652146698,-0.0025923833002279295
2012-11-06,24.4089,3.1949478198909125,0.004101167744214429
2012-11-07,24.1722,3.185203212501157,-0.009744607389755355
2012-11-08,24.0148,3.1786703069538556,-0.006532905547301571
2012-11-09,24.0647,3.1807460364400946,0.0020757294862390196
2012-11-12,24.1609,3.1847356240284177,0.003989587588323129
2012-11-13,23.9968,3.177920488124933,-0.006815135903484482
2012-11-14,23.5952,3.1610433015145394,-0.016877186610393835
2012-11-15,23.3793,3.1518510154759474,-0.009192286038592012
2012-11-16,23.7264,3.1665883522386675,0.014737336762720155
2012-11-19,23.8602,3.1722117988643124,0.005623446625644846
2012-11-20,23.6858,3.1648757124571865,-0.007336086407125908
2012-11-21,23.765,3.168213910065973,0.0033381976087865084
2012-11-23,23.9658,3.176627814069867,0.008413904003893968
2012-11-26,24.0534,3.1802763587010427,0.0036485446311758096
2012-11-27,23.9035,3.1740248917303044,-0.006251466970738306
2012-11-28,23.9469,3.1758388791536416,0.00181398742333716
2012-11-29,24.0911,3.1818424776847545,0.006003598531112875
2012-11-30,23.9205,3.1747358318739995,-0.00710664581075493
2012-12-03,24.0082,3.178395438659848,0.003659606785848535
2012-12-04,24.0298,3.1792947267840708,0.0008992881242226858
2012-12-05,24.2288,3.187542008220254,0.00824728143618314
2012-12-06,24.2015,3.186414614712819,-0.0011273935074349595
2012-12-07,24.3466,3.1923922093892245,0.005977594676405573
2012-12-10,24.5408,3.200337038588403,0.007944829199178383
2012-12-11,24.6493,3.204748502519558,0.004411463931154991
2012-12-12,24.621,3.203599737315684,-0.0011487652038737473
2012-12-13,24.851,3.2128979931816644,0.00929825586598021
2012-12-14,24.72,3.20761263258949,-0.005285360592174548
2012-12-17,24.884,3.214225026652773,0.0066123940632834
2012-12-18,24.9274,3.2159676000790265,0.00174257342625328
2012-12-19,24.7945,3.210621854381855,-0.005345745697171278
2012-12-20,24.6568,3.2050527245147205,-0.005569129867134759
2012-12-21,24.7096,3.207191832091268,0.002139107576547339
2012-12-24,24.7313,3.2080696478831903,0.000877815791922476
2012-12-26,24.6568,3.2050527245147205,-0.003016923368469815
2012-12-27,24.6473,3.204667361020911,-0.0003853634938093542
2012-12-28,24.4561,3.196879673556294,-0.007787687464617221
2012-12-31,24.6069,3.203026891413845,0.006147217857551013
2013-01-02,24.9793,3.218047481886862,0.01502059047301696
2013-01-03,24.9453,3.2166854276988914,-0.0013620541879704184
2013-01-04,25.0519,3.22094967295793,0.004264245259038457
2013-01-07,24.9509,3.216909893691232,-0.004039779266697963
2013-01-08,24.6993,3.206774903151372,-0.010134990539859778
2013-01-09,24.4324,3.195910120313443,-0.010864782837929354
2013-01-10,24.4692,3.1974151838265654,0.0015050635131226286
2013-01-11,24.4098,3.194984691007927,-0.0024304928186382746
2013-01-14,24.5249,3.1996889279711462,0.004704236963219088
2013-01-15,24.7775,3.2099359832987266,0.010247055327580412
2013-01-16,24.7888,3.21039193825989,0.0004559549611635738
2013-01-17,24.8708,3.2136944245677608,0.0033024863078705557
2013-01-18,24.8888,3.2144179030838713,0.0007234785161105428
2013-01-22,25.149,3.2248181343238302,0.010400231239958924
2013-01-23,25.1952,3.2266535001840078,0.001835365860177518
2013-01-24,25.3063,3.2310533765928753,0.00439987640886752
2013-01-25,25.265,3.229420038743872,-0.0016333378490034356
2013-01-28,25.3639,3.2333269032342082,0.0039068644903363925
2013-01-29,25.642,3.244231632130509,0.010904728896300675
2013-01-30,25.4534,3.2368493293583485,-0.007382302772160454
2013-01-31,25.4534,3.2368493293583485,0.0
2013-02-01,25.5959,3.242432182409135,0.005582853050786429
2013-02-04,25.4441,3.236483889008489,-0.005948293400646065
2013-02-05,25.4714,3.237556254108161,0.0010723650996720124
2013-02-06,25.6543,3.2447111988920776,0.007154944783916761
2013-02-07,25.5223,3.2395525798073894,-0.005158619084688176
2013-02-08,25.3234,3.231728869461694,-0.00782371034569529
2013-02-11,25.265,3.229420038743872,-0.0023088307178222855
2013-02-12,25.3517,3.2328457889326785,0.003425750188806642
2013-02-13,25.4761,3.237740757764408,0.004894968831729685
2013-02-14,25.3923,3.2344459784590613,-0.003294779305346829
2013-02-15,25.3667,3.233437290259114,-0.0010086881999473718
2013-02-19,25.4714,3.237556254108161,0.004118963849046864
2013-02-20,25.3063,3.2310533765928753,-0.0065028775152855545
2013-02-21,25.3667,3.233437290259114,0.0023839136662386906
2013-02-22,25.512,3.2391489297077567,0.005711639448642725
2013-02-25,25.3327,3.232096051305716,-0.007052878402040719
2013-02-26,25.5016,3.238741195294028,0.006645143988312174
2013-02-27,25.9221,3.2550958867207695,0.016354691426741397
2013-02-28,25.8268,3.251412712479971,-0.003683174240798337
2013-03-01,25.9739,3.2570921876766374,0.005679475196666228
2013-03-04,26.0522,3.260102217608472,0.0030100299318345236
2013-03-05,26.1144,3.2624868863227747,0.0023846687143027623
2013-03-06,26.2116,3.2662020608746385,0.0037151745518637647
2013-03-07,26.1974,3.2656601692015483,-0.0005418916730901557
2013-03-08,26.1662,3.2644685015663137,-0.0011916676352345945
2013-03-11,26.3406,3.2711114750989765,0.006642973532662744
2013-03-12,26.4689,3.2759704588964826,0.004858983797506156
2013-03-13,26.3425,3.2711836044915454,-0.004786854404937202
2013-03-14,26.5291,3.27824224371444,0.007058639222894403
2013-03-15,26.6216,3.2817229163447936,0.003480672630353787
2013-03-18,26.4265,3.2743672945728877,-0.0073556217719059624
2013-03-19,26.4076,3.273651847511002,-0.0007154470618857545
2013-03-20,26.6452,3.28260902181928,0.008957174308278137
2013-03-21,26.401,3.2734018882227662,-0.009207133596513817
2013-03-22,26.5113,3.2775710571974366,0.004169168974670345
2013-03-25,26.4358,3.2747191521385233,-0.0028519050589133066
2013-03-26,26.9978,3.2957553812030516,0.02103622906452829
2013-03-27,26.878,3.2913081081248725,-0.004447273078179048
2013-03-28,27.0995,3.2995152775309466,0.008207169406074133
2013-04-01,27.0109,3.2962404882416174,-0.0032747892893292274
2013-04-02,26.9591,3.294320902697571,-0.001919585544046587
2013-04-03,26.663,3.28327683655178,-0.011044066145790676
2013-04-04,26.7385,3.2861044743636483,0.0028276378118681222
2013-04-05,26.3614,3.271900818997879,-0.014203655365769396
2013-04-08,26.5235,3.278031132476883,0.006130313479004279
2013-04-09,26.5763,3.2800198411877193,0.001988708710836118
2013-04-10,26.9223,3.2929549394626902,0.012935098274970969
2013-04-11,26.9705,3.294743676097329,0.0017887366346389655
2013-04-12,26.8196,3.289132963499212,-0.005610712598117296
2013-04-15,26.5763,3.2800198411877193,-0.009113122311492639
2013-04-16,26.7158,3.2852551506847467,0.0052353094970274405
2013-04-17,26.5999,3.280907456382091,-0.004347694302655913
2013-04-18,26.5113,3.2775710571974366,-0.0033363991846542262
2013-04-19,26.6745,3.283708052869688,0.006136995672251455
2013-04-22,26.6339,3.2821848404735205,-0.0015232123961674837
2013-04-23,26.663,3.28327683655178,0.001091996078259605
2013-04-24,26.5207,3.2779255601427693,-0.005351276409010897
2013-04-25,26.5763,3.2800198411877193,0.0020942810449500193
2013-04-26,26.5406,3.2786756360335976,-0.0013442051541217026
2013-04-29,26.8158,3.2889912660379697,0.010315630004372078
2013-04-30,27.1957,3.3030588725693955,0.014067606531425803
2013-05-01,27.2486,3.3050021436426644,0.0019432710732689706
2013-05-02,27.1957,3.3030588725693955,-0.0019432710732689706
2013-05-03,27.4022,3.3106233021416,0.007564429572204379
2013-05-06,27.3014,3.306937982927317,-0.003685319214282945
2013-05-07,27.5541,3.316151344852956,0.009213361925639152
2013-05-08,27.7407,3.322900648886979,0.006749304034022963
2013-05-09,27.455,3.312548300730836,-0.010352348156143165
2013-05-10,27.4682,3.313028971931864,0.00048067120102812666
2013-05-13,27.5756,3.3169313237423745,0.0039023518105105737
2013-05-14,27.5954,3.3176490921660053,0.0007177684236308046
2013-05-15,27.3184,3.3075604678338504,-0.01008862433215496
2013-05-16,27.1901,3.302852936460345,-0.004707531373505436
2013-05-17,26.9808,3.295125501933783,-0.007727434526561883
2013-05-20,26.9195,3.2928509310527736,-0.0022745708810094634
2013-05-21,27.3287,3.3079374320322055,0.015086500979431872
2013-05-22,27.0883,3.2991019003442186,-0.008835531687986897
2013-05-23,27.0817,3.2988582230308476,-0.000243677313370938
2013-05-24,26.9421,3.2936901189464236,-0.00516810408442403
2013-05-28,26.6537,3.282927977747904,-0.010762141198519704
2013-05-29,26.6113,3.2813359376106446,-0.0015920401372593318
2013-05-30,26.3491,3.2714341188063325,-0.009901818804312068
2013-05-31,25.9353,3.25560497511645,-0.015829143689882308
2013-06-03,26.0238,3.25901150392787,0.0034065288114200065
2013-06-04,25.9333,3.2555278571683663,-0.0034836467595038556
2013-06-05,25.5487,3.2405864347290274,-0.014941422439338936
2013-06-06,25.6986,3.246436515709202,0.005850080980174699
2013-06-07,25.8909,3.253891555615793,0.007455039906590688
2013-06-10,25.875,3.253277251585533,-0.0006143040302597491
2013-06-11,25.6882,3.2460317424934346,-0.007245509092098423
2013-06-12,25.3186,3.2315393034882183,-0.014492439005216351
2013-06-13,25.8296,3.251521121118697,0.019981817630478904
2013-06-14,25.5468,3.240512064187556,-0.011009056931141181
2013-06-17,25.5657,3.241251609342319,0.0007395451547629328
2013-06-18,25.6185,3.243314746745219,0.002063137402899873
2013-06-19,25.265,3.229420038743872,-0.013894708001346956
2013-06-20,24.4589,3.1969941578659355,-0.0324258808779363
2013-06-21,24.5597,3.201106888220625,0.004112730354689287
2013-06-24,24.0893,3.1817677585043063,-0.01933912971631857
2013-06-25,24.2552,3.1886310273857155,0.006863268881409201
2013-06-26,23.3812,3.1519322806463816,-0.03669874673933382
2013-06-27,23.5707,3.160004415276662,0.008072134630280559
2013-06-28,24.1251,3.183252792294179,0.02324837701751692
2013-07-01,23.9998,3.1780454969798897,-0.0052072953142894285
2013-07-02,23.9714,3.176861453081969,-0.0011840438979207057
2013-07-03,23.9677,3.176707090567556,-0.00015436251441292015
2013-07-05,23.8951,3.173673416997301,-0.003033673570254969
2013-07-08,24.0713,3.181020259476548,0.0073468424792468845
2013-07-09,24.2118,3.1868401176285635,0.005819858152015467
2013-07-10,24.3014,3.1905339618556523,0.0036938442270888494
2013-07-11,24.6427,3.204480710584175,0.013946748728522529
2013-07-12,24.7992,3.2108113945861176,0.00633068400194281
2013-07-15,24.9,3.214867803470662,0.0040564088845442825
2013-07-16,24.851,3.2128979931816644,-0.0019698102889975644
2013-07-17,24.6578,3.205093280455563,-0.007804712726101393
2013-07-18,24.67,3.2055879305412653,0.000494650085702375
2013-07-19,24.5654,3.2013389488179804,-0.004248981723284917
2013-07-22,24.0591,3.1805133033631026,-0.02082564545487786
2013-07-23,24.1251,3.183252792294179,0.0027394889310765613
2013-07-24,24.2656,3.1890597095244795,0.005806917230300357
2013-07-25,24.2656,3.1890597095244795,0.0
2013-07-26,24.3768,3.193631860311264,0.0045721507867844124
2013-07-29,24.4267,3.195676796325655,0.002044936014391041
2013-07-30,24.5286,3.1998397836698027,0.004162987344147773
2013-07-31,24.2826,3.1897600444779823,-0.01007973919182037
2013-08-01,24.1298,3.1834475911649616,-0.006312453313020772
2013-08-02,24.0893,3.1817677585043063,-0.0016798326606553005
2013-08-05,24.4118,3.1950666219565695,0.013298863452263276
2013-08-06,24.0931,3.181925492448978,-0.013141129507591387
2013-08-07,24.0195,3.178866000448504,-0.0030594920004740622
2013-08-08,23.8715,3.1726852787617856,-0.00618072168671846
2013-08-09,23.8639,3.172366856791331,-0.00031842197045461873
2013-08-12,23.7404,3.167178238239239,-0.0051886185520921835
2013-08-13,23.7593,3.167974032780991,0.0007957945417520484
2013-08-14,23.8131,3.170235849419878,0.0022618166388870264
2013-08-15,24.2552,3.1886310273857155,0.01839517796583756
2013-08-16,24.1431,3.1839986249887646,-0.004632402396950841
2013-08-19,24.1365,3.183725217585178,-0.0002734074035868339
2013-08-20,24.029,3.1792614342341077,-0.004463783351070116
2013-08-21,23.7885,3.1692022706246283,-0.010059163609479338
2013-08-22,23.6377,3.1628428950804572,-0.0063593755441710975
2013-08-23,23.9035,3.1740248917303044,0.011181996649847203
2013-08-26,23.9714,3.176861453081969,0.002836561351664546
2013-08-27,23.7885,3.1692022706246283,-0.007659182457340652
2013-08-28,23.8187,3.1704709864512646,0.0012687158266362353
2013-08-29,24.2552,3.1886310273857155,0.018160040934450894
2013-08-30,24.0893,3.1817677585043063,-0.006863268881409201
2013-09-03,25.0273,3.2199672290699026,0.03819947056559636
2013-09-04,24.9793,3.218047481886862,-0.0019197471830407764
2013-09-05,25.0217,3.2197434483740497,0.0016959664871878388
2013-09-06,25.099,3.2228280047066287,0.0030845563325789804
2013-09-09,25.3186,3.2315393034882183,0.008711298781589605
2013-09-10,25.4798,3.237885981379593,0.0063466778913747746
2013-09-11,25.56,3.241028629509334,0.003142648129740966
2013-09-12,25.099,3.2228280047066287,-0.018200624802705345
2013-09-13,24.9793,3.218047481886862,-0.004780522819766819
2013-09-16,25.0641,3.2214365434280787,0.0033890615412168756
2013-09-17,25.1782,3.2259785407552064,0.004541997327127678
2013-09-18,25.4573,3.2370025388018497,0.011023998046643335
2013-09-19,25.3545,3.2329562290762053,-0.004046309725644459
2013-09-20,25.4402,3.236330600076239,0.0033743710000337934
2013-09-23,25.7844,3.249769657889546,0.01343905781330701
2013-09-24,25.7891,3.2499519220373356,0.00018226414778954592
2013-09-25,25.4798,3.237885981379593,-0.01206594065774258
2013-09-26,25.5939,3.242354041842029,0.004468060462436085
2013-09-27,25.5591,3.240993417621797,-0.0013606242202319763
2013-09-30,25.4402,3.236330600076239,-0.0046628175455580845
2013-10-01,25.5223,3.2395525798073894,0.0032219797311503484
2013-10-02,25.33,3.231989464013584,-0.007563115793805419
2013-10-03,25.0943,3.2226407287150627,-0.009348735298521316
2013-10-04,25.1734,3.2257878814707137,0.003147152755651028
2013-10-07,25.2187,3.22758578281646,0.001797901345746311
2013-10-08,25.1594,3.225231584171098,-0.0023541986453619046
2013-10-09,25.6128,3.243092226527168,0.017860642356069878
2013-10-10,25.6769,3.2455917550240327,0.0024995284968647447
2013-10-11,25.7005,3.2465104469648414,0.0009186919408086247
2013-10-14,25.8023,3.2504636352410103,0.003953188276168973
2013-10-15,25.6185,3.243314746745219,-0.007148888495791539
2013-10-16,25.7203,3.247280563376044,0.003965816630825181
2013-10-17,25.8268,3.251412712479971,0.0041321491039272296
2013-10-18,26.0484,3.2599563459675798,0.00854363348760856
2013-10-21,26.2162,3.2663775402963116,0.006421194328731783
2013-10-22,26.2925,3.2692837274120463,0.0029061871157347596
2013-10-23,26.088,3.261475438487018,-0.007808288925028162
2013-10-24,25.8428,3.2520320321771012,-0.009443406309916913
2013-10-25,25.7778,3.2495136563986846,-0.002518375778416626
2013-10-28,25.9155,3.2548412453008093,0.0053275889021247025
2013-10-29,25.9579,3.2564759948812303,0.00163474958042098
2013-10-30,25.8494,3.252287389853341,-0.004188605027889203
2013-10-31,25.9353,3.25560497511645,0.003317585263109102
2013-11-01,26.0701,3.2607890637646744,0.005184088648224172
2013-11-04,25.9635,3.2566917055524263,-0.004097358212248103
2013-11-05,25.8618,3.2527669764898017,-0.003924729062624532
2013-11-06,26.0106,3.2585041472452465,0.005737170755444776
2013-11-07,26.1418,3.2635355658100336,0.00503141856478706
2013-11-08,26.369,3.2721890777652174,0.008653511955183824
2013-11-11,26.1238,3.262846776215668,-0.009342301549549514
2013-11-12,26.1144,3.2624868863227747,-0.00035988989289315043
2013-11-13,26.2379,3.267204930385473,0.004718044062698379
2013-11-14,26.3746,3.2724014258044503,0.005196495418977154
2013-11-15,26.663,3.28327683655178,0.010875410747329894
2013-11-18,26.731,3.2858239405995704,0.0025471040477902385
2013-11-19,26.4896,3.2767522031322214,-0.009071737467349017
2013-11-20,26.5235,3.278031132476883,0.0012789293446617833
2013-11-21,26.4463,3.2751162619408185,-0.002914870536064651
2013-11-22,26.3982,3.273295826009603,-0.0018204359312155027
2013-11-25,26.4246,3.274295394461033,0.0009995684514301217
2013-11-26,26.3198,3.270321507644051,-0.003973886816982297
2013-11-27,26.2501,3.267669798554186,-0.0026517090898647844
2013-11-29,26.3257,3.2705456483597706,0.0028758498055845294
2013-12-02,26.1945,3.2655494650658725,-0.00499618329389806
2013-12-03,26.1144,3.2624868863227747,-0.003062578743097788
2013-12-04,26.0333,3.2593764877669797,-0.00311039855579498
2013-12-05,25.9353,3.25560497511645,-0.0037715126505295515
2013-12-06,26.0333,3.2593764877669797,0.0037715126505295515
2013-12-09,26.2209,3.266556802689258,0.007180314922278441
2013-12-10,26.2087,3.2660914167156787,-0.00046538597357947964
2013-12-11,26.0701,3.2607890637646744,-0.005302352951004341
2013-12-12,25.8833,3.2535979730957507,-0.00719109066892365
2013-12-13,25.7816,3.2496610592003803,-0.003936913895370431
2013-12-16,25.7043,3.2466582930806487,-0.0030027661197316036
2013-12-17,25.6072,3.2428735619421496,-0.0037847311384990867
2013-12-18,25.5939,3.242354041842029,-0.000519520100120463
2013-12-19,25.7533,3.2485627742383567,0.0062087323963275765
2013-12-20,25.759,3.2487840806068657,0.0002213063685090333
2013-12-23,25.9635,3.2566917055524263,0.00790762494556052
2013-12-24,26.0352,3.2594494685519395,0.002757762999513247
2013-12-26,26.122,3.2627778711553295,0.003328402603389957
2013-12-27,26.0125,3.258577191719753,-0.004200679435576671
2013-12-30,26.1512,3.263895078559398,0.00531788683964507
2013-12-31,26.1379,3.2633863683201003,-0.0005087102392975495
2014-01-02,25.8833,3.2535979730957507,-0.0097883952243496
2014-01-03,25.8965,3.254107824438782,0.0005098513430312757
2014-01-06,25.6797,3.245700796510532,-0.008407027928249988
2014-01-07,25.5176,3.2393684101670384,-0.006332386343493646
2014-01-08,25.3601,3.233177072778916,-0.0061913373881221645
2014-01-09,25.1905,3.226466939314014,-0.006710133464902235
2014-01-10,25.5526,3.2407390727248346,0.014272133410820675
2014-01-13,25.8136,3.250901484825364,0.010162412100529483
2014-01-14,25.775,3.2494050299030235,-0.0014964549223406287
2014-01-15,25.7269,3.2475371371074115,-0.0018678927956119473
2014-01-16,25.7043,3.2466582930806487,-0.0008788440267628594
2014-01-17,25.6147,3.243166405435015,-0.0034918876456337955
2014-01-21,25.675,3.245517755814622,0.002351350379607098
2014-01-22,25.4563,3.2369632565668427,-0.00855449924777929
2014-01-23,25.4393,3.2362952223700865,-0.0006680341967562065
2014-01-24,25.0999,3.222863862066057,-0.013431360304029472
2014-01-27,24.9849,3.2182716423867177,-0.0045922196793393155
2014-01-28,24.7907,3.2104685828408535,-0.007803059545864244
2014-01-29,25.0349,3.2202708513661014,0.009802268525247904
2014-01-30,25.2216,3.2277007702373592,0.007429918871257879
2014-01-31,25.3413,3.232435475865947,0.004734705628587577
2014-02-03,25.0395,3.2204545779814153,-0.011980897884531494
2014-02-04,24.8049,3.211041214299613,-0.009413363681802345
2014-02-05,24.7181,3.2075357687941204,-0.003505445505492588
2014-02-06,25.2621,3.2293052488587137,0.02176948006459334
2014-02-07,25.4856,3.2381135867756083,0.008808337916894615
2014-02-10,25.5657,3.241251609342319,0.0031380225667105854
2014-02-11,25.642,3.244231632130509,0.0029800227881899843
2014-02-12,25.7458,3.2482715070102683,0.004039874879759431
2014-02-13,25.8608,3.252728308673407,0.004456801663138776
2014-02-14,25.8684,3.253022146585251,0.0002938379118440082
2014-02-18,25.9891,3.257677219350464,0.004655072765213042
2014-02-19,25.841,3.25196237785599,-0.005714841494474321
2014-02-20,25.8909,3.253891555615793,0.001929177759802947
2014-02-21,25.9513,3.2562217046962316,0.002330149080438826
2014-02-24,26.1644,3.2643997081643383,0.00817800346810671
2014-02-25,26.0899,3.261548266255128,-0.0028514419092102727
2014-02-26,25.9635,3.2566917055524263,-0.004856560702701795
2014-02-27,26.1266,3.2629539524287754,0.006262246876349131
2014-02-28,26.3247,3.270507661943708,0.007553709514932727
2014-03-03,26.2238,3.266667395370805,-0.0038402665729031504
2014-03-04,26.219,3.2664843387829263,-0.00018305658787864942
2014-03-05,26.4292,3.274469459523966,0.00798512074103952
2014-03-06,26.5489,3.278988315567879,0.004518856043913111
2014-03-07,26.3425,3.2711836044915454,-0.007804711076333515
2014-03-10,26.3501,3.271472070046584,0.00028846555503836413
2014-03-11,26.2727,3.2685303772512393,-0.0029416927953445082
2014-03-12,26.1606,3.2642544621057934,-0.004275915145445897
2014-03-13,26.0804,3.2611840743641483,-0.003070387741645142
2014-03-14,25.8589,3.2526548357027263,-0.008529238661421967
2014-03-17,26.086,3.2613987719480915,0.00874393624536518
2014-03-18,26.2785,3.2687511143618493,0.0073523424137578175
2014-03-19,26.1191,3.2626668474593132,-0.006084266902536051
2014-03-20,26.154,3.2640021424843106,0.0013352950249974072
2014-03-21,26.0616,3.2604629665886633,-0.0035391758956473396
2014-03-24,25.9409,3.2558208737374654,-0.0046420928511978765
2014-03-25,25.8833,3.2535979730957507,-0.002222900641714709
2014-03-26,25.9343,3.255566416885806,0.001968443790055119
2014-03-27,26.1276,3.2629922268641365,0.007425809978330644
2014-03-28,26.2944,3.2693559887547314,0.0063637618905949545
2014-03-31,26.4256,3.2743332372695795,0.004977248514848043
2014-04-01,26.5763,3.2800198411877193,0.005686603918139799
2014-04-02,26.6867,3.28416531395874,0.004145472771020842
2014-04-03,26.4471,3.2751465114615548,-0.009018802497185341
2014-04-04,26.6735,3.2836705631793484,0.00852405171779358
2014-04-07,26.8026,3.288498897736541,0.0048283345571924485
2014-04-08,27.0242,3.296732760866951,0.008233863130410413
2014-04-09,27.1543,3.3015354132131045,0.004802652346153291
2014-04-10,26.9431,3.29372723488921,-0.007808178323894577
2014-04-11,26.8696,3.290995536026085,-0.002731698863124965
2014-04-14,26.962,3.2944284672688724,0.0034329312427874292
2014-04-15,27.0298,3.2969399610748926,0.0025114938060202263
2014-04-16,27.0912,3.2992089519044128,0.0022689908295201455
2014-04-17,27.2317,3.304381735879048,0.0051727839746353865
2014-04-21,27.1203,3.3002825249579146,-0.004099210921133523
2014-04-22,27.0298,3.2969399610748926,-0.0033425638830220095
2014-04-23,26.9752,3.2949179253891874,-0.002022035685705248
2014-04-24,26.9431,3.29372723488921,-0.0011906904999774426
2014-04-25,26.9091,3.2924645193634707,-0.0012627155257391998
2014-04-28,26.8469,3.290150358050928,-0.002314161312542584
2014-04-29,26.9355,3.293445119167925,0.0032947611169968916
2014-04-30,27.2806,3.3061758268682913,0.012730707700366217
2014-05-01,27.3494,3.3086945907845733,0.0025187639162820297
2014-05-02,27.2571,3.305314037630593,-0.003380553153980337
2014-05-05,27.3494,3.3086945907845733,0.003380553153980337
2014-05-06,27.307,3.307143079579833,-0.0015515112047403967
2014-05-07,27.5257,3.315120113711347,0.00797703413151396
2014-05-08,27.7227,3.32225157217578,0.0071314584644333046
2014-05-09,27.5493,3.3159771269276686,-0.006274445248111604
2014-05-12,27.7756,3.3241579374525863,0.008180810524917703
2014-05-13,27.8444,3.326631868955281,0.002473931502694704
2014-05-14,27.9424,3.3301452484933782,0.003513379538097272
2014-05-15,28.0773,3.334961420688379,0.004816172195000856
2014-05-16,28.0915,3.335467039476835,0.0005056187884560082
2014-05-19,28.0547,3.334156175864707,-0.001310863612128177
2014-05-20,27.9613,3.330821411277598,-0.003334764587108907
2014-05-21,28.0773,3.334961420688379,0.004140009410781076
2014-05-22,28.3073,3.3431197219157096,0.008158301227330522
2014-05-23,28.2413,3.3407854455598436,-0.0023342763558660273
2014-05-27,28.0915,3.335467039476835,-0.005318406083008487
2014-05-28,28.0207,3.3329435227524153,-0.00252351672441975
2014-05-29,27.9424,3.3301452484933782,-0.0027982742590371146
2014-05-30,28.1311,3.3368757258964785,0.006730477403100288
2014-06-02,28.2724,3.3418860637511654,0.005010337854686853
2014-06-03,28.3592,3.344951492521342,0.0030654287701765703
2014-06-04,28.5449,3.3514782861695886,0.006526793648246709
2014-06-05,28.4299,3.347441408245537,-0.004036877924051829
2014-06-06,28.2545,3.341252736942219,-0.006188671303317683
2014-06-09,28.3413,3.3443201047700994,0.0030673678278803074
2014-06-10,28.3516,3.344683465971002,0.00036336120090263435
2014-06-11,28.3289,3.343882484991172,-0.0008009809798301681
2014-06-12,28.2395,3.340721707085863,-0.003160777905308887
2014-06-13,28.2884,3.3424518266267533,0.001730119540890307
2014-06-16,28.3941,3.3461813771059985,0.0037295504792451695
2014-06-17,28.3271,3.3438189436186567,-0.002362433487341775
2014-06-18,28.4195,3.3470755292699974,0.003256585651340682
2014-06-19,28.3271,3.3438189436186567,-0.003256585651340682
2014-06-20,28.2696,3.3417870223305473,-0.002031921288109473
2014-06-23,28.0981,3.3357019583952954,-0.006085063935251878
2014-06-24,27.9245,3.3295044396920117,-0.0061975187032836665
2014-06-25,27.9245,3.3295044396920117,0.0
2014-06-26,27.966,3.330989486618659,0.0014850469266471933
2014-06-27,28.264,3.341588910056844,0.010599423438184985
2014-06-30,28.1575,3.3378137489397144,-0.0037751611171294996
2014-07-01,28.313,3.3433210631314663,0.0055073141917518775
2014-07-02,28.0575,3.334255975908274,-0.009065087223192325
2014-07-03,28.3054,3.343052599167608,0.008796623259334169
2014-07-07,28.0292,3.333246823920309,-0.009805775247299309
2014-07-08,27.8623,3.3272745205794503,-0.00597230334085852
2014-07-09,28.1131,3.33623565987671,0.008961139297259724
2014-07-10,28.2281,3.3403179357141424,0.00408227583743237
2014-07-11,28.2338,3.3405198417789177,0.0002019060647753257
2014-07-14,28.3649,3.3451524653007843,0.004632623521866552
2014-07-15,27.9245,3.3295044396920117,-0.015648025608772542
2014-07-16,28.2395,3.340721707085863,0.011217267393851316
2014-07-17,28.1575,3.3378137489397144,-0.002907958146148637
2014-07-18,28.2517,3.341153632773038,0.0033398838333233982
2014-07-21,28.1517,3.337607743526016,-0.003545889247021705
2014-07-22,28.3573,3.34488449261829,0.0072767490922740485
2014-07-23,28.8099,3.360719078073405,0.015834585455114958
2014-07-24,28.6571,3.355401230957944,-0.005317847115461127
2014-07-25,28.313,3.3433210631314663,-0.012080167826477695
2014-07-28,28.4299,3.347441408245537,0.004120345114070556
2014-07-29,28.3817,3.345744571276854,-0.0016968369686827245
2014-07-30,28.3271,3.3438189436186567,-0.0019256276581973708
2014-07-31,28.1093,3.3361004824383302,-0.007718461180326486
2014-08-01,27.8897,3.328257445037982,-0.007843037400348418
2014-08-04,27.9359,3.3299126000402466,0.0016551550022647632
2014-08-05,27.9245,3.3295044396920117,-0.0004081603482348761
2014-08-06,27.7945,3.3248381593967165,-0.004666280295295255
2014-08-07,27.5974,3.3177215653871817,-0.0071165940095347935
2014-08-08,27.2834,3.3062784586402456,-0.01144310674693605
2014-08-11,27.5257,3.315120113711347,0.00884165507110124
2014-08-12,27.4823,3.3135421610860827,-0.0015779526252641674
2014-08-13,27.4136,3.3110392406178915,-0.0025029204681912276
2014-08-14,27.638,3.319191637381293,0.008152396763401626
2014-08-15,27.5191,3.314880309042,-0.004311328339293041
2014-08-18,27.488,3.3137495458018447,-0.0011307632401553747
2014-08-19,27.4748,3.3132692209183316,-0.00048032488351301694
2014-08-20,27.5031,3.3142987255920113,0.001029504673679682
2014-08-21,27.5756,3.3169313237423745,0.002632598150363208
2014-08-22,27.5624,3.3164525250825694,-0.00047879865980515746
2014-08-25,27.5493,3.3159771269276686,-0.00047539815490083015
2014-08-26,27.6616,3.3200451698275586,0.004068042899890045
2014-08-27,27.9452,3.33024544961142,0.010200279783861621
2014-08-28,27.9726,3.331225459633022,0.0009800100216019736
2014-08-29,27.9452,3.33024544961142,-0.0009800100216019736
2014-09-02,27.9452,3.33024544961142,0.0
2014-09-03,28.1037,3.3359012402694894,0.005655790658069204
2014-09-04,28.1262,3.3367015262810544,0.0008002860115650101
2014-09-05,28.0923,3.335495517436676,-0.0012060088443783812
2014-09-08,27.8218,3.3258198860557218,-0.009675631380954286
2014-09-09,27.8792,3.3278808910760396,0.0020610050203178076
2014-09-10,28.0038,3.3323402152525676,0.004459324176528057
2014-09-11,27.638,3.319191637381293,-0.013148577871274547
2014-09-12,27.4437,3.3121366334177815,-0.0070550039635115525
2014-09-15,27.4919,3.313891415830948,0.0017547824131662892
2014-09-16,27.604,3.3179606897583556,0.004069273927407746
2014-09-17,27.4107,3.310933448113374,-0.007027241644981697
2014-09-18,27.6426,3.319358061045675,0.008424612932301123
2014-09-19,27.2778,3.306073184561975,-0.013284876483699914
2014-09-22,27.2023,3.3033015285505853,-0.0027716560113897337
2014-09-23,27.1825,3.3025733838897677,-0.000728144660817609
2014-09-24,27.3419,3.308420324126183,0.00584694023641541
2014-09-25,26.8253,3.289345472051617,-0.019074852074566273
2014-09-26,26.9506,3.294005560558014,0.004660088506397209
2014-09-29,27.0826,3.2988914552520736,0.004885894694059534
2014-09-30,26.9129,3.292605725561914,-0.006285729690159503
2014-10-01,26.944,3.2937606380599163,0.0011549124980021475
2014-10-02,27.1553,3.301572239114975,0.007811601055058848
2014-10-03,26.978,3.295021719047488,-0.006550520067487131
2014-10-06,27.3202,3.3076263553200103,0.012604636272522285
2014-10-07,27.027,3.2968363663374127,-0.010789988982597531
2014-10-08,27.2853,3.3063480956299767,0.009511729292563942
2014-10-09,27.1553,3.301572239114975,-0.004775856515001564
2014-10-10,26.7612,3.2869530773039357,-0.014619161811039394
2014-10-13,26.7188,3.285367437480312,-0.0015856398236238078
2014-10-14,26.5849,3.2803433854295734,-0.0050240520507385256
2014-10-15,26.3718,3.272295257421295,-0.008048128008278255
2014-10-16,26.3906,3.2730078861415812,0.0007126287202861015
2014-10-17,26.416,3.2739698871777723,0.0009620010361910403
2014-10-20,26.729,3.285749118302491,0.011779231124718681
2014-10-21,27.0392,3.2972876649382785,0.011538546635787572
2014-10-22,26.9242,3.2930255104376203,-0.004262154500658255
2014-10-23,27.0506,3.2977091861925185,0.004683675754898253
2014-10-24,27.24,3.3046864812813115,0.0069772950887929674
2014-10-27,27.4919,3.313891415830948,0.009204934549636334
2014-10-28,27.7737,3.3240895297498523,0.010198113918904461
2014-10-29,27.7124,3.3218799664559913,-0.0022095632938610166
2014-10-30,27.9576,3.33068907677154,0.00880911031554854
2014-10-31,27.9896,3.331833012607098,0.001143935835558274
2014-11-03,27.8029,3.3251403318027615,-0.006692680804336604
2014-11-04,28.1584,3.3378457114938094,0.012705379691047902
2014-11-05,28.2403,3.340750035798077,0.0029043243042674582
2014-11-06,28.0547,3.334156175864707,-0.006593859933369917
2014-11-07,28.3083,3.343155047868277,0.008998872003570302
2014-11-10,28.6241,3.3542490203320887,0.011093972463811497
2014-11-11,28.8182,3.3610071319935377,0.006758111661449018
2014-11-12,29.0447,3.3688360225910157,0.007828890597477933
2014-11-13,29.186,3.373689142245554,0.004853119654538496
2014-11-14,29.5,3.3843902633457743,0.010701121100220146
2014-11-17,29.796,3.3943741563140297,0.009983892968255415
2014-11-18,30.2004,3.407855169326222,0.013481013012192289
2014-11-19,29.9788,3.400490465188906,-0.007364704137315936
2014-11-20,29.6065,3.3879939318172454,-0.012496533371660679
2014-11-21,29.8544,3.3963322326608476,0.008338300843602209
2014-11-24,29.5188,3.3850273484995177,-0.011304884161329909
2014-11-25,29.4802,3.3837188515586383,-0.0013084969408794223
2014-11-26,29.6065,3.3879939318172454,0.004275080258607122
2014-11-28,29.532,3.385474421196919,-0.002519510620326404
2014-12-01,29.5499,3.3860803597516265,0.0006059385547074747
2014-12-02,29.1294,3.3717479734368676,-0.01433238631475886
2014-12-03,29.2124,3.3745932766669906,0.0028453032301229975
2014-12-04,28.7957,3.3602260704391607,-0.014367206227829943
2014-12-05,28.7315,3.3579940818614973,-0.0022319885776633797
2014-12-08,28.5458,3.3515098149474833,-0.006484266914013936
2014-12-09,28.6985,3.3568448565913602,0.005335041643876881
2014-12-10,28.2347,3.3405517179576747,-0.016293138633685533
2014-12-11,28.8984,3.363786230263982,0.02323451230630713
2014-12-12,28.4704,3.348864951068311,-0.014921279195670767
2014-12-15,28.3299,3.343917784009157,-0.004947167059154101
2014-12-16,28.7269,3.3578339660208254,0.013916182011668443
2014-12-17,28.8268,3.361305509999047,0.0034715439782218027
2014-12-18,29.1323,3.371847524256785,0.010542014257737709
2014-12-19,29.2425,3.375623130542725,0.003775606285940203
2014-12-22,29.2218,3.3749150060679605,-0.0007081244747646487
2014-12-23,29.3133,3.3780413379449494,0.0031263318769889636
2014-12-24,29.3246,3.378426754207806,0.00038541626285670816
2014-12-26,29.5357,3.385599701172433,0.007172946964626892
2014-12-29,29.4773,3.3836204756097823,-0.0019792255626507327
2014-12-30,29.3886,3.3806068440461465,-0.003013631563635766
2014-12-31,29.268,3.3764947690217837,-0.004112075024362838
2015-01-02,29.1784,3.3734287095145414,-0.003066059507242258
2015-01-05,28.8182,3.3610071319935377,-0.012421577521003702
2015-01-06,28.8768,3.3630385045613838,0.0020313725678460237
2015-01-07,29.3632,3.37974218963275,0.016703685071366436
2015-01-08,29.5612,3.386462690655218,0.006720501022468017
2015-01-09,29.2162,3.374723349953202,-0.011739340702016321
2015-01-12,29.2425,3.375623130542725,0.0008997805895232247
2015-01-13,29.515,3.384898608692653,0.009275478149927796
2015-01-14,29.4518,3.382755028773105,-0.0021435799195477223
2015-01-15,29.4274,3.3819262131167522,-0.0008288156563529547
2015-01-16,30.3334,3.4122494156485232,0.03032320253177101
2015-01-20,30.2636,3.409945670219856,-0.002303745428667181
2015-01-21,29.778,3.3937698658333586,-0.01617580438649746
2015-01-22,30.1797,3.407169512932444,0.013399647099085588
2015-01-23,30.0892,3.404166303382567,-0.003003209549877095
2015-01-26,29.6319,3.388851483728053,-0.015314819654514089
2015-01-27,29.6998,3.3911403117792465,0.002288828051193459
2015-01-28,29.515,3.384898608692653,-0.006241703086593553
2015-01-29,29.515,3.384898608692653,0.0
2015-01-30,29.3246,3.378426754207806,-0.006471854484846773
2015-02-02,29.6678,3.390062282581534,0.011635528373727944
2015-02-03,29.7978,3.3944345652827663,0.004372282701232244
2015-02-04,29.8733,3.396965104866904,0.0025305395841375145
2015-02-05,30.2636,3.409945670219856,0.012980565352952222
2015-02-06,28.9098,3.364180637982879,-0.04576503223697692
2015-02-09,28.0745,3.3348616910269144,-0.02931894695596471
2015-02-10,28.2866,3.3423881942802893,0.007526503253374894
2015-02-11,28.3224,3.3436530109975116,0.001264816717222228
2015-02-12,28.4628,3.348597971518764,0.004944960521252373
2015-02-13,28.5524,3.3517409956162045,0.0031430240974406054
2015-02-17,28.6721,3.355924524509652,0.00418352889344753
2015-02-18,28.5713,3.3524027174825983,-0.003521807027053736
2015-02-19,28.2527,3.3411890282466685,-0.011213689235929802
2015-02-20,28.4572,3.348401204125297,0.007212175878628546
2015-02-23,28.347,3.344521204468599,-0.003879999656698274
2015-02-24,28.2074,3.33958435486775,-0.004936849600848614
2015-02-25,28.2074,3.33958435486775,0.0
2015-02-26,28.0556,3.3341882555363562,-0.005396099331393955
2015-02-27,27.9584,3.3307176911216385,-0.003470564414717714
2015-03-02,27.8595,3.327174021313369,-0.0035436698082693674
2015-03-03,27.8708,3.3275795457822794,0.0004055244689102899
2015-03-04,28.3441,3.344418895640492,0.01683934985821267
2015-03-05,28.1291,3.3368046276778145,-0.007614267962677612
2015-03-06,27.4607,3.3127558916390996,-0.024048736038714935
2015-03-09,27.2202,3.3039593447349014,-0.008796546904198177
2015-03-10,26.8111,3.2888159808727995,-0.01514336386210191
2015-03-11,26.681,3.2839517016043884,-0.0048642792684110425
2015-03-12,27.0912,3.2992089519044128,0.015257250300024339
2015-03-13,26.911,3.292535124955091,-0.006673826949321615
2015-03-16,27.0995,3.2995152775309466,0.006980152575855492
2015-03-17,27.3061,3.307110120454638,0.007594842923691392
2015-03-18,27.6078,3.3180983414924414,0.010988221037803392
2015-03-19,27.2598,3.3054130894843192,-0.012685252008122205
2015-03-20,27.3372,3.3082484120057725,0.002835322521453243
2015-03-23,27.5852,3.3172793970153123,0.009030985009539805
2015-03-24,28.0622,3.3344234750221675,0.017144078006855246
2015-03-25,27.7681,3.323887879820647,-0.010535595201520476
2015-03-26,27.7134,3.321916050734436,-0.0019718290862109633
2015-03-27,27.7002,3.3214396333838336,-0.0004764173506024427
2015-03-30,27.6152,3.318366345767627,-0.0030732876162065104
2015-03-31,27.4607,3.3127558916390996,-0.005610454128527564
2015-04-01,27.4334,3.311761249145619,-0.0009946424934805798
2015-04-02,27.8104,3.325410051457789,0.013648802312169916
2015-04-06,27.8858,3.3281175986894467,0.002707547231657781
2015-04-07,27.9933,3.331965195827524,0.003847597138077141
2015-04-08,28.2055,3.3395169943881178,0.007551798560593959
2015-04-09,28.1338,3.3369717004739528,-0.0025452939141650255
2015-04-10,28.3073,3.3431197219157096,0.006148021441756857
2015-04-13,28.4723,3.3489316848199846,0.005811962904274992
2015-04-14,28.808,3.360653126346574,0.011721441526589604
2015-04-15,28.8287,3.361371418715499,0.0007182923689246223
2015-04-16,28.7193,3.357569370623938,-0.003802048091560817
2015-04-17,28.6033,3.353522095784899,-0.0040472748390389945
2015-04-20,28.6147,3.353920571794226,0.00039847600932718663
2015-04-21,28.6618,3.3555652257314144,0.0016446539371881563
2015-04-22,28.8532,3.362220905347296,0.006655679615881649
2015-04-23,29.1398,3.372104937325523,0.009884031978227181
2015-04-24,29.1218,3.371487034604942,-0.0006179027205810428
2015-04-27,29.2237,3.3749800239051138,0.0034929893001716117
2015-04-28,29.3019,3.377652360336966,0.0026723364318521625
2015-04-29,29.2171,3.3747541543062014,-0.0028982060307645163
2015-04-30,28.5967,3.3532913265531055,-0.021462827753095937
2015-05-01,28.7372,3.3581924507133656,0.0049011241602601174
2015-05-04,28.8428,3.3618603950827146,0.00366794436934903
2015-05-05,28.6335,3.354577361026929,-0.007283034055785453
2015-05-06,28.7042,3.3570434535221225,0.0024660924951933616
2015-05-07,28.5298,3.3509491550360986,-0.006094298486023941
2015-05-08,28.7042,3.3570434535221225,0.006094298486023941
2015-05-11,28.6712,3.355893134617544,-0.0011503189045787288
2015-05-12,28.5967,3.3532913265531055,-0.002601808064438327
2015-05-13,28.6477,3.355073160706087,0.0017818341529816095
2015-05-14,28.7627,3.359079408835788,0.00400624812970074
2015-05-15,28.8494,3.3620891955108068,0.003009786675018944
2015-05-18,28.6929,3.3566497054008417,-0.005439490109965028
2015-05-19,28.2856,3.342352841227019,-0.014296864173822588
2015-05-20,28.4063,3.3466109515522207,0.004258110325201514
2015-05-21,28.4516,3.348204398006803,0.0015934464545823701
2015-05-22,28.3158,3.3434199527424866,-0.004784445264316428
2015-05-26,28.2112,3.3397190622162394,-0.0037008905262472247
2015-05-27,28.3441,3.344418895640492,0.004699833424252731
2015-05-28,28.5053,3.3500900348975544,0.005671139257062308
2015-05-29,28.3883,3.3459770884524658,-0.004112946445088639
2015-06-01,28.2517,3.341153632773038,-0.00482345567942799
2015-06-02,28.5637,3.3521366809009994,0.010983048127961581
2015-06-03,28.8014,3.3604239970715297,0.008287316170530357
2015-06-04,28.6147,3.353920571794226,-0.006503425277303521
2015-06-05,28.5676,3.352273208513921,-0.0016473632803051252
2015-06-08,28.4469,3.348039191542285,-0.0042340169716359455
2015-06-09,28.5449,3.3514782861695886,0.0034390946273035183
2015-06-10,28.808,3.360653126346574,0.009174840176985555
2015-06-11,28.6769,3.3560919206285456,-0.004561205718028649
2015-06-12,28.4931,3.3496619526992366,-0.006429967929308944
2015-06-15,28.5138,3.3503881806088325,0.0007262279095958668
2015-06-16,28.4535,3.34827117585275,-0.0021170047560823413
2015-06-17,28.4931,3.3496619526992366,0.0013907768464864745
2015-06-18,28.5251,3.3507844014387516,0.0011224487395149474
2015-06-19,28.2366,3.340619008776222,-0.01016539266252936
2015-06-22,28.5524,3.3517409956162045,0.011121986839982334
2015-06-23,28.6439,3.3549405060060757,0.0031995103898712074
2015-06-24,28.6515,3.3552057978111622,0.0002652918050864983
2015-06-25,29.0794,3.3700300197151845,0.014824221904022217
2015-06-26,28.9597,3.3659052083478374,-0.004124811367347103
2015-06-29,28.1225,3.3365699676848437,-0.029335240662993645
2015-06-30,27.9604,3.330789223414923,-0.005780744269920923
2015-07-01,28.2554,3.34128458976801,0.010495366353087121
2015-07-02,28.1517,3.337607743526016,-0.0036768462419938253
2015-07-06,27.9811,3.3315292822601363,-0.006078461265879742
2015-07-07,27.6963,3.3212988302642703,-0.01023045199586603
2015-07-08,27.3277,3.307900839794147,-0.013397990470123133
2015-07-09,27.1967,3.303095642412245,-0.004805197381902104
2015-07-10,27.6765,3.32058367766791,0.01748803525566478
2015-07-13,27.885,3.328088909841517,0.0075052321736071015
2015-07-14,27.9952,3.332033066908218,0.003944157066701148
2015-07-15,27.8501,3.3268365570311196,-0.005196509877098521
2015-07-16,27.966,3.330989486618659,0.004152929587539322
2015-07-17,28.0253,3.33310767362885,0.002118187010191175
2015-07-20,27.5871,3.3173482721573944,-0.015759401471455714
2015-07-21,27.1901,3.302852936460345,-0.014495335697049416
2015-07-22,26.6593,3.283138057841712,-0.01971487861863297
2015-07-23,26.334,3.270860879934152,-0.012277177907559889
2015-07-24,26.8997,3.292115134129248,0.021254254195095967
2015-07-27,26.7055,3.2848695367020233,-0.007245597427224748
2015-07-28,26.8488,3.290221127218693,0.005351590516669891
2015-07-29,26.9798,3.295088437853691,0.004867310634997679
2015-07-30,27.0138,3.2963478465426457,0.0012594086889547995
2015-07-31,27.0656,3.2982635488559775,0.001915702313331824
2015-08-03,27.026,3.2967993656158945,-0.0014641832400830168
2015-08-04,26.8743,3.291170439596983,-0.0056289260189115176
2015-08-05,27.0194,3.2965551265119997,0.005384686915016701
2015-08-06,27.2185,3.3038968891655895,0.007341762653589878
2015-08-07,27.1232,3.3003894502117337,-0.003507438953855857
2015-08-10,27.3277,3.307900839794147,0.007511389582413486
2015-08-11,26.8941,3.2919069316962455,-0.015993908097901688
2015-08-12,27.0788,3.2987511339159843,0.006844202219738804
2015-08-13,26.9469,3.2938682629094846,-0.004882871006499645
2015-08-14,27.0138,3.2963478465426457,0.002479583633161031
2015-08-17,27.1364,3.3008760000668893,0.004528153524243628
2015-08-18,27.2571,3.305314037630593,0.004438037563703645
2015-08-19,27.3108,3.307282228355731,0.001968190725138097
2015-08-20,27.0921,3.299242172472377,-0.008040055883354214
2015-08-21,27.2891,3.306487355063196,0.007245182590819077
2015-08-24,25.9267,3.255273325736217,-0.05121402932697894
2015-08-25,25.775,3.2494050299030235,-0.005868295833193482
2015-08-26,25.9786,3.2572731221846136,0.007868092281590133
2015-08-27,26.6696,3.2835243399562155,0.026251217771601887
2015-08-28,26.5585,3.2793498471097946,-0.0041744928464209075
2015-08-31,26.6056,3.281121719945888,0.0017718728360933689
2015-09-01,25.8693,3.2530569374630867,-0.02806478248280131
2015-09-02,26.219,3.2664843387829263,0.01342740131983966
2015-09-03,26.8488,3.290221127218693,0.023736788435766876
2015-09-04,26.566,3.2796322027103115,-0.01058892450838167
2015-09-08,27.1967,3.303095642412245,0.02346343970193354
2015-09-09,26.9978,3.2957553812030516,-0.0073402612091935104
2015-09-10,26.9139,3.2926428817740656,-0.0031124994289859487
2015-09-11,26.7489,3.2864933510011767,-0.006149530772888934
2015-09-14,26.6481,3.2827178535111763,-0.00377549749000039
2015-09-15,26.8601,3.290641914096352,0.007924060585175585
2015-09-16,27.2202,3.3039593447349014,0.01331743063854951
2015-09-17,27.2155,3.3037866639385975,-0.00017268079630383681
2015-09-18,27.2334,3.3044441611752675,0.0006574972366699683
2015-09-21,27.5974,3.3177215653871817,0.013277404211914146
2015-09-22,26.9921,3.2955442305981726,-0.022177334789009073
2015-09-23,26.9139,3.2926428817740656,-0.002901348824106975
2015-09-24,26.9393,3.2935861869772274,0.0009433052031617706
2015-09-25,27.1391,3.3009754924714634,0.007389305494235998
2015-09-28,26.8535,3.2903961662770578,-0.010579326194405603
2015-09-29,26.9864,3.2953330353992993,0.004936869122241561
2015-09-30,27.2806,3.3061758268682913,0.01084279146899192
2015-10-01,27.4409,3.3120346011536337,0.005858774285342427
2015-10-02,27.9076,3.3288990531664773,0.01686445201284359
2015-10-05,28.4987,3.3498584721991653,0.020959419032688054
2015-10-06,28.2178,3.339952984491314,-0.009905487707851268
2015-10-07,28.1932,3.339080814114636,-0.000872170376677861
2015-10-08,28.5402,3.3513136197326157,0.012232805617979459
2015-10-09,28.593,3.3531619326235984,0.0018483128909827506
2015-10-12,28.6458,3.35500683555574,0.0018449029321416788
2015-10-13,28.6184,3.354049867603999,-0.0009569679517409391
2015-10-14,28.8654,3.362643646029907,0.008593778425908027
2015-10-15,29.1992,3.3741413116386503,0.011497665608743102
2015-10-16,29.3859,3.380514967466953,0.006373655828302738
2015-10-19,29.2171,3.3747541543062014,-0.00576081316075161
2015-10-20,29.5254,3.3852509098324677,0.010496755526266277
2015-10-21,29.498,3.3843224644373104,-0.0009284453951572402
2015-10-22,30.0044,3.4013440375743182,0.017021573137007806
2015-10-23,29.7252,3.391995170897356,-0.00934886667696233
2015-10-26,29.5781,3.387034222630065,-0.004960948267290988
2015-10-27,28.9711,3.366298781374523,-0.020735441255542053
2015-10-28,29.1115,3.3711332851142757,0.0048345037397528046
2015-10-29,29.0662,3.369575987072069,-0.0015572980422065008
2015-10-30,28.7806,3.359701549052889,-0.009874438019179976
2015-11-02,28.8239,3.361204904108661,0.0015033550557719266
2015-11-03,28.7721,3.359406167600349,-0.001798736508312082
2015-11-04,28.4733,3.3489668060585034,-0.01043936154184566
2015-11-05,28.5779,3.352633691845471,0.003666885786967722
2015-11-06,28.4469,3.348039191542285,-0.004594500303185978
2015-11-09,28.6184,3.354049867603999,0.006010676061714015
2015-11-10,28.6458,3.35500683555574,0.0009569679517409391
2015-11-11,28.7504,3.3586516801900523,0.00364484463431225
2015-11-12,28.4195,3.3470755292699974,-0.011576150920054928
2015-11-13,28.0725,3.3347904494645566,-0.012285079805440802
2015-11-16,28.6703,3.355861743740079,0.021071294275522234
2015-11-17,28.7279,3.35786877599319,0.002007032253111163
2015-11-18,28.9154,3.364374325164852,0.006505549171662128
2015-11-19,29.252,3.375947947408705,0.011573622243852721
2015-11-20,29.2143,3.3746583154249787,-0.0012896319837261139
2015-11-23,28.8928,3.363592429131023,-0.011065886293955884
2015-11-24,28.2724,3.3418860637511654,-0.021706365379857484
2015-11-25,28.5185,3.3505529994925403,0.008666935741374893
2015-11-27,28.4855,3.349395185876427,-0.0011578136161132235
2015-11-30,28.6787,3.356154686949553,0.00675950107312584
2015-12-01,28.757,3.3588812158682075,0.002726528918654658
2015-12-02,28.6853,3.3563847964268954,-0.002496419441312181
2015-12-03,28.4195,3.3470755292699974,-0.009309267156897949
2015-12-04,28.3724,3.3454168416473387,-0.00165868762265875
2015-12-07,27.9142,3.3291355199242942,-0.016281321723044417
2015-12-08,27.3325,3.308076470326503,-0.02105904959779137
2015-12-09,27.3409,3.3083837495542845,0.00030727922778162053
2015-12-10,27.1137,3.3000391352012093,-0.008344614353075208
2015-12-11,26.4792,3.276359519132069,-0.023679616069140152
2015-12-14,26.782,3.2877300200733743,0.011370500941305206
2015-12-15,26.8026,3.288498897736541,0.0007688776631664673
2015-12-16,26.829,3.289483392032154,0.000984494295613203
2015-12-17,25.8372,3.251815313909999,-0.037668078122155
2015-12-18,25.7778,3.2495136563986846,-0.0023016575113143922
2015-12-21,25.8504,3.252326074722533,0.0028124183238484868
2015-12-22,26.0408,3.2596645388346643,0.007338464112131238
2015-12-23,26.3425,3.2711836044915454,0.0115190656568811
2015-12-24,26.2558,3.267886917012203,-0.0032966874793425305
2015-12-28,26.122,3.2627778711553295,-0.00510904585687344
2015-12-29,26.7158,3.2852551506847467,0.02247727952941725
2015-12-30,26.3369,3.2709709976653065,-0.014284153019440193
2015-12-31,26.0267,3.2591229341736123,-0.011848063491694205
2016-01-04,25.9126,3.254729336895793,-0.0043935972778195165
2016-01-05,26.1022,3.262019601964085,0.007290265068292001
2016-01-06,26.1889,3.2653356568739134,0.0033160549098285586
2016-01-07,25.7438,3.248193821419353,-0.017141835454560272
2016-01-08,25.8316,3.2515985486659087,0.0034047272465556055
2016-01-11,25.8589,3.2526548357027263,0.0010562870368175936
2016-01-12,26.3115,3.2700061059698076,0.017351270267081276
2016-01-13,25.7778,3.2495136563986846,-0.02049244957112295
2016-01-14,25.8372,3.251815313909999,0.0023016575113143922
2016-01-15,25.4204,3.2355520012787315,-0.016263312631267457
2016-01-19,25.2187,3.22758578281646,-0.007966218462271524
2016-01-20,24.902,3.2149481215302207,-0.012637661286239332
2016-01-21,25.4742,3.237666175279089,0.02271805374886826
2016-01-22,26.3718,3.272295257421295,0.03462908214220617
2016-01-25,26.0408,3.2596645388346643,-0.012630718586630785
2016-01-26,26.5952,3.28073074837657,0.021066209541905856
2016-01-27,26.2841,3.2689641936243357,-0.011766554752234537
2016-01-28,26.7356,3.2859960106399826,0.017031817015646933
2016-01-29,27.1609,3.301778439107605,0.015782428467622456
2016-02-01,27.4691,3.313061736556266,0.011283297448660967
2016-02-02,27.0939,3.2993086102976696,-0.013753126258596371
2016-02-03,27.7595,3.3235781239490167,0.024269513651347108
2016-02-04,28.2319,3.3404525442867863,0.016874420337769536
2016-02-05,28.2046,3.3394850852087306,-0.0009674590780557324
2016-02-08,28.2046,3.3394850852087306,0.0
2016-02-09,28.2253,3.3402187388543503,0.0007336536456197251
2016-02-10,27.8736,3.327680004303758,-0.012538734550592068
2016-02-11,27.7275,3.3224247004967595,-0.005255303806998679
2016-02-12,28.0622,3.3344234750221675,0.011998774525407985
2016-02-16,28.2319,3.3404525442867863,0.006029069264618769
2016-02-17,28.5552,3.351839056119614,0.011386511832827573
2016-02-18,28.7636,3.359110698871826,0.0072716427522121485
2016-02-19,28.8994,3.363820833657194,0.00471013478536797
2016-02-22,28.6958,3.356750770593204,-0.007070063063990162
2016-02-23,28.7363,3.3581611319316638,0.0014103613384599534
2016-02-24,28.7636,3.359110698871826,0.0009495669401622386
2016-02-25,29.0069,3.367533732719857,0.008423033848031114
2016-02-26,28.9164,3.3644089082143194,-0.003124824505537749
2016-02-29,29.0625,3.369448683347575,0.005039775133255819
2016-03-01,29.417,3.3815727385258554,0.01212405517828019
2016-03-02,29.0069,3.367533732719857,-0.014039005805998261
2016-03-03,28.6835,3.356322044547804,-0.01121168817205298
2016-03-04,29.0992,3.3707106823906163,0.01438863784281219
2016-03-07,29.2435,3.375657326760627,0.004946644370010578
2016-03-08,29.3557,3.3794867352546616,0.0038294084940346806
2016-03-09,30.2127,3.408262365784273,0.02877563052961163
2016-03-10,29.68,3.39047341829918,-0.01778894748509341
2016-03-11,29.6866,3.3906957655458534,0.00022234724667358208
2016-03-14,29.7838,3.393964621533097,0.0032688559872435796
2016-03-15,29.8657,3.396710664717554,0.0027460431844570365
2016-03-16,30.3494,3.412776747952595,0.016066083235040995
2016-03-17,30.8047,3.427667275740327,0.014890527787732033
2016-03-18,30.2617,3.409882886557466,-0.01778438918286085
2016-03-21,30.4153,3.4149457712781914,0.005062884720725247
2016-03-22,30.4153,3.4149457712781914,0.0
2016-03-23,30.4522,3.416158241135521,0.001212469857329701
2016-03-24,30.5606,3.4197115976134382,0.0035533564779171023
2016-03-28,30.6483,3.422577195917394,0.0028655983039556077
2016-03-29,30.9744,3.4331610568675477,0.010583860950153845
2016-03-30,31.2686,3.442614399121145,0.009453342253597175
2016-03-31,31.0537,3.435717963921086,-0.0068964352000588924
2016-04-01,31.1461,3.438689036753153,0.002971072832067101
2016-04-04,31.2639,3.4424640772882147,0.0037750405350616134
2016-04-05,30.8877,3.430358046405056,-0.01210603088315887
2016-04-06,30.9282,3.4316683890772444,0.001310342672188547
2016-04-07,30.9424,3.432127411625897,0.00045902254865248793
2016-04-08,31.3713,3.4458934622110085,0.0137660505851116
2016-04-11,31.3299,3.4445729131300884,-0.0013205490809200526
2016-04-12,31.8023,3.4595386142146816,0.014965701084593164
2016-04-13,31.7561,3.4580848328691194,-0.0014537813455621773
2016-04-14,31.7871,3.459060547106343,0.000975714237223535
2016-04-15,31.724,3.457073492221073,-0.0019870548852698455
2016-04-18,31.8023,3.4595386142146816,0.002465121993608488
2016-04-19,32.168,3.470972169594973,0.011433555380291338
2016-04-20,32.1152,3.469329438309857,-0.0016427312851159392
2016-04-21,31.4741,3.4491649853992716,-0.02016445291058533
2016-04-22,31.4515,3.448446676762668,-0.000718308636603826
2016-04-25,31.3789,3.446135692515841,-0.0023109842468267416
2016-04-26,31.2809,3.44300768764171,-0.0031280048741311184
2016-04-27,31.4515,3.448446676762668,0.00543898912095786
2016-04-28,31.9559,3.4643568273121077,0.015910150549439894
2016-04-29,31.9861,3.465301433431578,0.000944606119470226
2016-05-02,31.8956,3.462468069242956,-0.0028333641886217897
2016-05-03,31.3582,3.4454757958756974,-0.016992273367258726
2016-05-04,31.3176,3.44418023983401,-0.0012955560416876288
2016-05-05,31.2884,3.443247421825596,-0.0009328180084136051
2016-05-06,31.3101,3.4439407292009876,0.0006933073753914165
2016-05-09,31.1055,3.4373846524238676,-0.006556076777120001
2016-05-10,31.4939,3.4497938762852005,0.012409223861332919
2016-05-11,31.6034,3.453264709741655,0.003470833456454603
2016-05-12,31.74,3.457577715098263,0.004313005356607835
2016-05-13,31.4798,3.4493460702888683,-0.008231644809394645
2016-05-16,31.7334,3.457369753967339,0.008023683678470839
2016-05-17,31.8249,3.4602490022547157,0.0028792482873765124
2016-05-18,31.4798,3.4493460702888683,-0.010902931965847351
2016-05-19,31.2111,3.440773800775339,-0.008572269513529296
2016-05-20,31.3713,3.4458934622110085,0.0051196614356694425
2016-05-23,31.5091,3.450276393000116,0.004382930789107675
2016-05-24,31.5628,3.451979211940902,0.001702818940785722
2016-05-25,31.7108,3.4566573168665196,0.00467810492561771
2016-05-26,31.937,3.463765212264074,0.007107895397554298
2016-05-27,31.6364,3.4543083564007304,-0.009456855863343439
2016-05-31,31.3911,3.4465244132471975,-0.007783943153532924
2016-06-01,31.5487,3.451532383700895,0.005007970453697386
2016-06-02,31.4883,3.4496160482634814,-0.00191633543741343
2016-06-03,32.0087,3.466007740848416,0.016391692584934336
2016-06-06,32.2303,3.4729070038820717,0.006899263033655956
2016-06-07,32.2586,3.4737846743592122,0.0008776704771404908
2016-06-08,32.3585,3.4768767375930656,0.0030920632338533593
2016-06-09,32.2981,3.4750084049690275,-0.0018683326240380715
2016-06-10,31.9918,3.4654796199620854,-0.009528785006942098
2016-06-13,31.5091,3.450276393000116,-0.015203226961969296
2016-06-14,31.7277,3.4571901163620873,0.006913723361971158
2016-06-15,31.5091,3.450276393000116,-0.006913723361971158
2016-06-16,31.5091,3.450276393000116,0.0
2016-06-17,31.6665,3.455259339760686,0.004982946760569984
2016-06-20,31.9154,3.4630886519210353,0.007829312160349211
2016-06-21,32.169,3.471003255906118,0.007914603985082813
2016-06-22,32.0719,3.4679802573508103,-0.0030229985553078542
2016-06-23,32.5282,3.482107405416031,0.014127148065220752
2016-06-24,31.7759,3.458708140828606,-0.02339926458742525
2016-06-27,31.7673,3.45843745883423,-0.00027068199437563223
2016-06-28,31.9012,3.4626436266381355,0.00420616780390537
2016-06-29,32.3472,3.4765274638779253,0.013883837239789809
2016-06-30,32.6244,3.485060474669147,0.008533010791221596
2016-07-01,32.8318,3.491397557911817,0.006337083242669905
2016-07-05,32.7366,3.488493718047,-0.002903839864816682
2016-07-06,32.812,3.4907943021405035,0.0023005840935033106
2016-07-07,32.6677,3.4863868221552217,-0.0044074799852817925
2016-07-08,32.3764,3.477429762327983,-0.008957059827238822
2016-07-11,32.5282,3.482107405416031,0.004677643088048189
2016-07-12,33.1071,3.4997477608914314,0.017640355475400327
2016-07-13,33.2957,3.5054282595193853,0.005680498627953945
2016-07-14,33.5077,3.511775263165654,0.006347003646268501
2016-07-15,33.306,3.5057375609360792,-0.00603770222957456
2016-07-18,33.2164,3.5030437298601247,-0.002693831075954556
2016-07-19,33.0175,3.497037723935822,-0.00600600592430256
2016-07-20,32.9571,3.495206715733432,-0.0018310082023900165
2016-07-21,33.0524,3.4980941809077866,0.0028874651743544533
2016-07-22,33.0948,3.499376170343682,0.0012819894358955253
2016-07-25,32.8609,3.492283501156755,-0.007092669186927303
2016-07-26,32.9015,3.4935182494371775,0.0012347482804226928
2016-07-27,32.7224,3.4880598586778455,-0.005458390759331966
2016-07-28,32.7847,3.489961943147561,0.0019020844697155148
2016-07-29,33.0241,3.497237597955288,0.007275654807727072
2016-08-01,33.1146,3.4999742727457654,0.0027366747904773447
2016-08-02,32.73,3.4882920885130893,-0.011682184232676196
2016-08-03,32.5923,3.4840760641549,-0.004216024358189241
2016-08-04,33.058,3.4982635944951617,0.014187530340261656
2016-08-05,32.8724,3.49263339991788,-0.005630194577281866
2016-08-08,32.9223,3.4941502397109785,0.0015168397930986899
2016-08-09,33.1759,3.501823708712385,0.007673469001406641
2016-08-10,33.3126,3.5059357037977303,0.00411199508534521
2016-08-11,33.5823,3.513999142454531,0.008063438656800592
2016-08-12,33.6247,3.515260915949117,0.0012617734945861159
2016-08-15,33.5907,3.514249242942637,-0.001011673006479974
2016-08-16,33.405,3.5087055893774406,-0.0055436535651964824
2016-08-17,33.3485,3.5070127938388698,-0.0016927955385708238
2016-08-18,33.3221,3.5062208405227206,-0.0007919533161491188
2016-08-19,33.0524,3.4980941809077866,-0.008126659614934084
2016-08-22,33.0873,3.499149522956183,0.0010553420483963016
2016-08-23,33.1005,3.499548388009108,0.0003988650529249682
2016-08-24,33.0656,3.498493467037899,-0.0010549209712089613
2016-08-25,33.0241,3.497237597955288,-0.0012558690826107721
2016-08-26,32.6516,3.4858938591159347,-0.011343738839353357
2016-08-29,32.9779,3.495837640149599,0.009943781033664223
2016-08-30,32.6743,3.4865888361744575,-0.009248803975141495
2016-08-31,32.2038,3.472084458009805,-0.014504378164652554
2016-09-01,32.3368,3.476205900582841,0.004121442573036038
2016-09-02,32.8318,3.491397557911817,0.015191657328975872
2016-09-06,33.1495,3.501027633561863,0.009630075650046255
2016-09-07,32.9223,3.4941502397109785,-0.006877393850884594
2016-09-08,32.9157,3.493949747593293,-0.00020049211768569108
2016-09-09,32.2095,3.4722614400931593,-0.021688307500133508
2016-09-12,32.399,3.4781275581244437,0.005866118031284451
2016-09-13,31.7117,3.4566856979615586,-0.021441860162885185
2016-09-14,31.79,3.459151774922711,0.002466076961152641
2016-09-15,32.0483,3.4672441398382112,0.008092364915500028
2016-09-16,31.6628,3.455142490213819,-0.012101649624392419
2016-09-19,31.7061,3.4565090913932273,0.0013666011794084554
2016-09-20,31.8474,3.460955746032985,0.004446654639757686
2016-09-21,32.2077,3.47220555439802,0.011249808365035197
2016-09-22,32.5933,3.4841067457778374,0.011901191379817266
2016-09-23,32.1171,3.4693885985765935,-0.01471814720124387
2016-09-26,31.9861,3.465301433431578,-0.004087165145015614
2016-09-27,31.9918,3.4654796199620854,0.0001781865305074959
2016-09-28,32.2143,3.4724104533463014,0.006930833384215962
2016-09-29,32.3189,3.4756521984202373,0.003241745073935931
2016-09-30,32.2077,3.47220555439802,-0.0034466440222171713
2016-10-03,32.1879,3.4715906055312042,-0.0006149488668159009
2016-10-04,31.8173,3.4600101670153265,-0.011580438515877756
2016-10-05,31.7013,3.4563576895060923,-0.003652477509234142
2016-10-06,31.6513,3.4547792219962665,-0.0015784675098258205
2016-10-07,31.2214,3.4411037571311938,-0.013675464865072762
2016-10-10,31.525,3.4507808818509833,0.009677124719789543
2016-10-11,31.4741,3.4491649853992716,-0.0016158964517116736
2016-10-12,31.7409,3.4576060700837803,0.00844108468450866
2016-10-13,31.8946,3.462436716464627,0.004830646380846737
2016-10-14,31.9984,3.465685901549685,0.003249185085057782
2016-10-17,31.9635,3.464594626791947,-0.0010912747577376258
2016-10-18,32.2019,3.4720254570207447,0.007430830228797536
2016-10-19,32.2019,3.4720254570207447,0.0
2016-10-20,31.9549,3.4643255336966288,-0.007699923324115954
2016-10-21,31.8474,3.460955746032985,-0.0033697876636438195
2016-10-24,31.8531,3.461134708521983,0.00017896248899784695
2016-10-25,31.6298,3.454099714186596,-0.0070349943353869016
2016-10-26,31.5382,3.4511995095195056,-0.0029002046670902892
2016-10-27,31.5108,3.4503303442123654,-0.0008691653071402072
2016-10-28,31.5448,3.4514087576536805,0.0010784134413150959
2016-10-31,31.6938,3.4561210781580547,0.004712320504374201
2016-11-01,31.3789,3.446135692515841,-0.009985385642213629
2016-11-02,31.1979,3.4403507848578645,-0.005784907657976568
2016-11-03,31.0594,3.43590150008386,-0.004449284774004525
2016-11-04,30.8208,3.4281897867257567,-0.007711713358103278
2016-11-07,31.1347,3.4383229528195067,0.010133166093750035
2016-11-08,31.2384,3.4416481072706366,0.003325154451129908
2016-11-09,30.8547,3.429289088828339,-0.012359018442297476
2016-11-10,29.83,3.395514598526657,-0.033774490301682114
2016-11-11,29.5933,3.38754798435733,-0.007966614169327091
2016-11-14,29.3142,3.378072040260418,-0.009475944096911881
2016-11-15,30.01,3.4015306594522756,0.023458619191857544
2016-11-16,30.0741,3.4036643362259427,0.002133676773667048
2016-11-17,30.1778,3.407106554725076,0.003442218499133176
2016-11-18,30.192,3.4075769886261944,0.000470433901118561
2016-11-21,30.1382,3.4057934701143644,-0.0017835185118300068
2016-11-22,29.9213,3.3985706013602486,-0.007222868754115819
2016-11-23,29.8912,3.3975641226963926,-0.0010064786638559475
2016-11-25,30.0788,3.403820604668846,0.0062564819724535425
2016-11-28,30.2004,3.407855169326222,0.004034564657375839
2016-11-29,30.3644,3.4132708695626803,0.005415700236458321
2016-11-30,30.0459,3.4027262124046462,-0.010544657158034099
2016-12-01,29.8713,3.396898153209323,-0.005828059195323032
2016-12-02,30.1307,3.4055445855308157,0.008646432321492536
2016-12-05,30.2956,3.4110024874492217,0.005457901918406005
2016-12-06,30.2956,3.4110024874492217,0.0
2016-12-07,30.7096,3.424575309294638,0.013572821845416083
2016-12-08,30.8208,3.4281897867257567,0.0036144774311188677
2016-12-09,30.8972,3.4306655649111915,0.0024757781854347627
2016-12-12,31.2536,3.4421345695474,0.011469004636208702
2016-12-13,30.8699,3.4297815991178267,-0.012352970429573507
2016-12-14,30.0939,3.4043224934096528,-0.02545910570817389
2016-12-15,30.0251,3.4020336985183692,-0.00228879489128353
2016-12-16,29.9685,3.4001468300259763,-0.0018868684923929457
2016-12-19,29.8997,3.3978484469014893,-0.0022983831244869357
2016-12-20,29.9827,3.4006205486593166,0.002772101757827272
2016-12-21,29.9345,3.399011661381633,-0.0016088872776838237
2016-12-22,30.0788,3.403820604668846,0.004808943287213374
2016-12-23,30.0459,3.4027262124046462,-0.0010943922641999393
2016-12-27,29.9402,3.399202058995891,-0.003524153408755115
2016-12-28,29.8837,3.3973131812464072,-0.0018888777494838749
2016-12-29,30.1561,3.406387224433624,0.00907404318721694
2016-12-30,30.192,3.4075769886261944,0.0011897641925702196
2017-01-03,30.3532,3.4129019485207737,0.005324959894579262
2017-01-04,30.7793,3.426842386111843,0.013940437591069443
2017-01-05,31.0716,3.436294218699585,0.009451832587741738
2017-01-06,30.9019,3.430817670686488,-0.005476548013096938
2017-01-09,30.5766,3.420235010539293,-0.010582660147195
2017-01-10,30.6048,3.4211568594017594,0.00092184886246649
2017-01-11,30.7162,3.4247902027115864,0.0036333433098270085
2017-01-12,30.9179,3.4313353042070514,0.0065451014954649445
2017-01-13,30.9546,3.4325216149041813,0.001186310697129933
2017-01-17,31.295,3.4434583403766648,0.010936725472483477
2017-01-18,30.5709,3.420048576097443,-0.0234097642792217
2017-01-19,30.6322,3.4220517432735535,0.0020031671761104874
2017-01-20,30.8699,3.4297815991178267,0.007729855844273104
2017-01-23,30.8924,3.430510198959327,0.0007285998415005324
2017-01-24,31.1762,3.439654983207004,0.009144784247676618
2017-01-25,31.1762,3.439654983207004,0.0
2017-01-26,31.2404,3.4417121289868247,0.002057145779820857
2017-01-27,31.28,3.4429789156771102,0.0012667866902855707
2017-01-30,31.3176,3.44418023983401,0.0012013241568995525
2017-01-31,31.5052,3.450152611572568,0.005972371738558024
2017-02-01,31.2404,3.4417121289868247,-0.008440482585743148
2017-02-02,30.8293,3.4284655364829786,-0.013246592503846077
2017-02-03,30.7661,3.4264134344695627,-0.0020521020134158796
2017-02-06,30.6388,3.4222671796145803,-0.004146254854982434
2017-02-07,30.6106,3.421346354202654,-0.0009208254119261738
2017-02-08,30.8699,3.4297815991178267,0.008435244915172557
2017-02-09,30.9396,3.4320369168131273,0.0022553176953006293
2017-02-10,31.0848,3.436718953729234,0.004682036916106913
2017-02-13,31.0537,3.435717963921086,-0.0010009898081482227
2017-02-14,31.0046,3.434135580573644,-0.0015823833474417626
2017-02-15,31.3101,3.4439407292009876,0.009805148627343385
2017-02-16,31.28,3.4429789156771102,-0.000961813523877364
2017-02-17,31.3299,3.4445729131300884,0.0015939974529781686
2017-02-21,31.2234,3.4411678137059827,-0.0034050994241057175
2017-02-22,31.3355,3.4447516401473868,0.003583826441404092
2017-02-23,31.3176,3.44418023983401,-0.0005714003133769907
2017-02-24,31.0046,3.434135580573644,-0.010044659260365574
2017-02-27,31.0282,3.4348964683987497,0.0007608878251055273
2017-02-28,30.471,3.4167754116254736,-0.018121056773276134
2017-03-01,30.289,3.410784610298061,-0.005990801327412587
2017-03-02,30.2127,3.408262365784273,-0.002522244513787797
2017-03-03,30.2702,3.41016373021365,0.0019013644293766063
2017-03-06,30.3183,3.411751490600685,0.0015877603870353418
2017-03-07,30.2004,3.407855169326222,-0.003896321274463155
2017-03-08,29.9345,3.399011661381633,-0.008843507944589213
2017-03-09,30.1854,3.407358363775628,0.008346702393995376
2017-03-10,30.3975,3.4143603681884365,0.007002004412808294
2017-03-13,30.3644,3.4132708695626803,-0.0010894986257561357
2017-03-14,30.027,3.4020969769049914,-0.011173892657688977
2017-03-15,30.5851,3.420512962265773,0.018415985360781484
2017-03-16,30.4861,3.4172708420284574,-0.0032421202373154046
2017-03-17,30.933,3.431823575203916,0.014552733175458687
2017-03-20,30.4719,3.4168049474696844,-0.015018627734231682
2017-03-21,30.7001,3.4242659119168364,0.007460964447151941
2017-03-22,31.1498,3.438807824667104,0.014541912750267727
2017-03-23,31.1593,3.4391127560518813,0.00030493138477716286
2017-03-24,31.1159,3.437718942558672,-0.0013938134932094393
2017-03-27,31.1649,3.4392924615279266,0.001573518969254728
2017-03-28,31.1103,3.437538954064593,-0.0017535074633334702
2017-03-29,31.228,3.4413151282580445,0.0037761741934514426
2017-03-30,31.1441,3.438624821194343,-0.002690307063701436
2017-03-31,31.2922,3.443368865212354,0.004744044018011095
2017-04-03,31.2648,3.442492864069327,-0.0008760011430273273
2017-04-04,31.4619,3.4487772899577815,0.006284425888454681
2017-04-05,31.4063,3.447008509731983,-0.0017687802257984053
2017-04-06,31.4911,3.4497049662271917,0.0026964564952085546
2017-04-07,31.8523,3.4611095929116877,0.011404626684496044
2017-04-10,32.0285,3.466626131428609,0.005516538516921354
2017-04-11,32.1548,3.4705617396949906,0.003935608266381507
2017-04-12,32.4217,3.4788279517001985,0.00826621200520794
2017-04-13,32.2888,3.4747204208711913,-0.004107530829007278
2017-04-17,32.5451,3.482626819688243,0.007906398817051574
2017-04-18,32.185,3.4715005055045793,-0.0111263141836635
2017-04-19,31.9483,3.4641189712702256,-0.007381534234353726
2017-04-20,32.1284,3.4697403741909643,0.0056214029207386496
2017-04-21,32.1125,3.469245362436002,-0.000495011754962249
2017-04-24,32.1332,3.4698897635621884,0.0006444011261863558
2017-04-25,32.1332,3.4698897635621884,0.0
2017-04-26,32.6913,3.4871089874584134,0.01721922389622499
2017-04-27,32.2322,3.4729659528834462,-0.014143034574967128
2017-04-28,32.2095,3.4722614400931593,-0.0007045127902869375
2017-05-01,31.739,3.4575462086158018,-0.014715231477357538
2017-05-02,32.005,3.465892140593967,0.008345931978165133
2017-05-03,31.8466,3.460930625927479,-0.004961514666487865
2017-05-04,31.675,3.455527726207203,-0.005402899720276189
2017-05-05,32.1614,3.4707669757015696,0.015239249494366724
2017-05-08,32.1548,3.4705617396949906,-0.00020523600657895713
2017-05-09,31.8645,3.461492537445911,-0.009069202249079478
2017-05-10,31.9295,3.463530347349464,0.002037809903552734
2017-05-11,31.6665,3.455259339760686,-0.008271007588777746
2017-05-12,31.6174,3.453707601961584,-0.0015517377991018932
2017-05-15,31.6579,3.4549877224993186,0.0012801205377344083
2017-05-16,31.5836,3.4526379985305495,-0.0023497239687690907
2017-05-17,31.3007,3.4436404615132847,-0.0089975370172648
2017-05-18,31.2837,3.443097195126833,-0.0005432663864515241
2017-05-19,31.5958,3.4530242003669596,0.009927005240126352
2017-05-22,31.8937,3.462408498123644,0.009384297756684479
2017-05-23,31.6174,3.453707601961584,-0.008700896162059824
2017-05-24,31.9154,3.4630886519210353,0.009381049959451104
2017-05-25,31.9229,3.463323620585129,0.000234968664093671
2017-05-26,31.9229,3.463323620585129,0.0
2017-05-30,31.9483,3.4641189712702256,0.0007953506850966185
2017-05-31,32.0493,3.4672753422545286,0.003156370984302992
2017-06-01,31.9352,3.463708849715094,-0.0035664925394347513
2017-06-02,31.9993,3.465714027560465,0.002005177845371353
2017-06-05,32.005,3.465892140593967,0.00017811303350168117
2017-06-06,32.1002,3.4688622606461554,0.002970120052188552
2017-06-07,31.6034,3.453264709741655,-0.015597550904500324
2017-06-08,31.7588,3.4581698522898106,0.004905142548155439
2017-06-09,31.8202,3.4601013082450107,0.0019314559552001676
2017-06-12,32.1407,3.470123139785944,0.010021831540933501
2017-06-13,32.1313,3.469830632937954,-0.00029250684799020377
2017-06-14,32.0861,3.4684229145481003,-0.0014077183898537626
2017-06-15,31.972,3.4648605197637727,-0.003562394784327516
2017-06-16,32.1794,3.4713264962692216,0.006465976505448889
2017-06-19,32.3086,3.475333448659309,0.004006952390087193
2017-06-20,32.037,3.4668914848575176,-0.008441963801791186
2017-06-21,31.6853,3.455852850933277,-0.01103863392424076
2017-06-22,31.8447,3.4608709631477725,0.0050181122144956625
2017-06-23,31.9078,3.4628504940086797,0.001979530860907186
2017-06-26,32.0002,3.4657421527801953,0.0028916587715155373
2017-06-27,32.0295,3.4666573531339413,0.0009152003537460374
2017-06-28,32.3953,3.4780133505474184,0.011355997413477148
2017-06-29,32.2586,3.4737846743592122,-0.004228676188206215
2017-06-30,32.2134,3.4723825150526775,-0.001402159306534756
2017-07-03,32.2642,3.4739582564112643,0.0015757413585868463
2017-07-05,32.3001,3.4750703261990505,0.0011120697877862185
2017-07-06,32.1794,3.4713264962692216,-0.0037438299298289124
2017-07-07,32.251,3.473549050512989,0.002222554243767494
2017-07-10,32.1718,3.4710902924366485,-0.0024587580763406613
2017-07-11,32.037,3.4668914848575176,-0.0041988075791308255
2017-07-12,32.5292,3.4821381474991786,0.015246662641660969
2017-07-13,32.4574,3.479928460295511,-0.002209687203667432
2017-07-14,32.8724,3.49263339991788,0.012704939622368627
2017-07-17,32.8374,3.4915681097082016,-0.0010652902096781602
2017-07-18,32.9289,3.494350691639633,0.002782581931431327
2017-07-19,33.1023,3.4996027663737825,0.00525207473414957
2017-07-20,33.3644,3.5074894632776457,0.007886696903863122
2017-07-21,33.3814,3.507998858636383,0.0005093953587373967
2017-07-24,33.3145,3.5059927376473357,-0.0020061209890473997
2017-07-25,33.273,3.5047462572907144,-0.0012464803566212268
2017-07-26,33.4804,3.510960192981207,0.006213935690492445
2017-07-27,33.6746,3.516743843977922,0.005783650996715295
2017-07-28,33.5803,3.5139395854987074,-0.0028042584792147274
2017-07-31,33.5662,3.5135196082785325,-0.00041997722017494965
2017-08-01,33.653,3.5161022051629027,0.0025825968843702363
2017-08-02,33.7661,3.519457340609581,0.0033551354466783145
2017-08-03,33.4379,3.5096899872014964,-0.009767353408084656
2017-08-04,33.4098,3.5088492701190805,-0.0008407170824158428
2017-08-07,33.6171,3.515034866080364,0.006185595961283319
2017-08-08,33.5097,3.5118349491576675,-0.0031999169226963886
2017-08-09,33.2655,3.5045208238940564,-0.007314125263611082
2017-08-10,33.0004,3.49651968260514,-0.00800114128891627
2017-08-11,33.0722,3.4986930503328346,0.0021733677276944974
2017-08-14,33.2805,3.50497163987861,0.006278589545775315
2017-08-15,33.3145,3.5059927376473357,0.0010210977687257206
2017-08-16,33.6369,3.5156236786587103,0.009630941011374627
2017-08-17,33.3644,3.5074894632776457,-0.008134215381064624
2017-08-18,33.4511,3.5100846709363807,0.0025952076587349993
2017-08-21,33.5323,3.51250915341339,0.0024244824770094375
2017-08-22,33.5247,3.5122824805818427,-0.00022667283154742535
2017-08-23,33.6944,3.517331651443377,0.005049170861534336
2017-08-24,33.7735,3.5196764713130384,0.0023448198696613964
2017-08-25,33.9961,3.5262458121545857,0.006569340841547255
2017-08-28,34.0254,3.527107304530147,0.0008614923755612125
2017-08-29,33.982,3.525830972663567,-0.0012763318665798273
2017-08-30,33.8661,3.522414514052821,-0.0034164586107459094
2017-08-31,34.0168,3.5268545202272943,0.0044400061744731545
2017-09-01,34.1517,3.5308123651584706,0.003957844931176346
2017-09-05,33.9669,3.525386521016857,-0.005425844141613734
2017-09-06,34.2808,3.5345854306801407,0.00919890966328385
2017-09-07,34.312,3.5354951472145792,0.0009097165344384983
2017-09-08,34.2667,3.534174037115128,-0.0013211100994512393
2017-09-11,34.3534,3.5367009948472017,0.002526957732073676
2017-09-12,34.312,3.5354951472145792,-0.0012058476326224365
2017-09-13,34.2035,3.5323279780135493,-0.0031671692010299957
2017-09-14,34.3054,3.5353027761827316,0.0029747981691823355
2017-09-15,34.5297,3.5418198232668523,0.006517047084120708
2017-09-18,34.3703,3.5371928193659823,-0.004627003900870008
2017-09-19,34.7399,3.547888882282621,0.010696062916638827
2017-09-20,34.5787,3.5432378855635105,-0.004650996719110623
2017-09-21,34.5787,3.5432378855635105,0.0
2017-09-22,34.4195,3.5386232642397664,-0.004614621323744128
2017-09-25,34.0225,3.5270220704523356,-0.011601193787430741
2017-09-26,33.9782,3.5257191425040335,-0.0013029279483021128
2017-09-27,33.6954,3.517361329525225,-0.008357812978808443
2017-09-28,33.9782,3.5257191425040335,0.008357812978808443
2017-09-29,33.9131,3.5238013704197657,-0.0019177720842677992
2017-10-02,33.9057,3.5235831418451116,-0.00021822857465414458
2017-10-03,33.9716,3.525524881445995,0.0019417396008836185
2017-10-04,34.0734,3.528517021234383,0.0029921397883878598
2017-10-05,33.8264,3.521241562705134,-0.007275458529249157
2017-10-06,33.833,3.52143665754845,0.00019509484331603488
2017-10-09,33.7397,3.518675185554878,-0.0027614719935717957
2017-10-10,34.0376,3.527465795931662,0.00879061037678408
2017-10-11,34.2035,3.5323279780135493,0.004862182081887045
2017-10-12,34.0876,3.5289336817940997,-0.003394296219449533
2017-10-13,34.2894,3.534836268508967,0.005902586714867208
2017-10-16,34.0225,3.5270220704523356,-0.007814198056631305
2017-10-17,34.3393,3.5362904708701848,0.009268400417849154
2017-10-18,34.3138,3.5355476056194477,-0.0007428652507370792
2017-10-19,34.2894,3.534836268508967,-0.0007113371104807698
2017-10-20,33.999,3.526331112418921,-0.008505156090045762
2017-10-23,33.9339,3.524414514719488,-0.0019165976994330869
2017-10-24,33.7538,3.519093003573061,-0.005321511146426872
2017-10-25,33.5578,3.5132693252190053,-0.00582367835405595
2017-10-26,33.4653,3.5105090811022936,-0.0027602441167116076
2017-10-27,33.6237,3.515231175464583,0.004722094362289209
2017-10-30,33.653,3.5161022051629027,0.0008710296983198695
2017-10-31,33.4286,3.5094118210028777,-0.006690384160024987
2017-11-01,33.4917,3.5112976469391155,0.0018858259362377616
2017-11-02,34.1375,3.5303964867998237,0.01909883986070815
2017-11-03,34.3629,3.5369774940201935,0.0065810072203698056
2017-11-06,34.5656,3.542858967846309,0.005881473826115702
2017-11-07,34.5713,3.543023858086193,0.00016489023988386364
2017-11-08,34.5203,3.541547556791601,-0.0014763012945921972
2017-11-09,34.7399,3.547888882282621,0.006341325491020289
2017-11-10,34.9192,3.553036821201529,0.005147938918907968
2017-11-13,34.8333,3.5505738257984993,-0.002462995403029744
2017-11-14,35.0153,3.555785108827454,0.005211283028954572
2017-11-15,34.9126,3.552847795570809,-0.0029373132566448135
2017-11-16,34.905,3.552630085422365,-0.00021771014844418346
2017-11-17,35.0351,3.556350416106992,0.003720330684627182
2017-11-20,34.9436,3.553735333170477,-0.002615082936515023
2017-11-21,34.9342,3.5534662920713953,-0.0002690410990817682
2017-11-22,35.1087,3.5584489630066636,0.004982670935268274
2017-11-24,35.1444,3.55946528835239,0.0010163253457262655
2017-11-27,35.3547,3.565431339657454,0.005966051305064113
2017-11-28,35.0426,3.556564464228681,-0.008866875428772847
2017-11-29,34.7523,3.5482457568708945,-0.008318707357786614
2017-11-30,34.6222,3.5444950948116443,-0.0037506620592502316
2017-12-01,35.0511,3.5568069967256575,0.012311901914013212
2017-12-04,35.0653,3.557212037491987,0.00040504076632963404
2017-12-05,35.1153,3.558636932932029,0.0014248954400417624
2017-12-06,35.0021,3.5554080596894857,-0.003228873242543173
2017-12-07,34.9126,3.552847795570809,-0.002560264118676603
2017-12-08,35.0351,3.556350416106992,0.0035026205361829987
2017-12-11,35.2321,3.5619575988650336,0.005607182758041507
2017-12-12,35.1944,3.5608869790386595,-0.0010706198263741307
2017-12-13,35.4207,3.5672963950052545,0.006409415966595056
2017-12-14,35.4112,3.5670281542815987,-0.0002682407236558326
2017-12-15,34.9003,3.5524954251599747,-0.014532729121623955
2017-12-18,34.8258,3.5503584914048885,-0.002136933755086279
2017-12-19,34.8927,3.5522776382750427,0.0019191468701542647
2017-12-20,34.5118,3.5413012945442417,-0.01097634373080103
2017-12-21,34.6805,3.546177569340128,0.004876274795886371
2017-12-22,34.7758,3.5489217425772455,0.0027441732371173977
2017-12-26,34.8795,3.5518992640756486,0.002977521498403135
2017-12-27,34.7758,3.5489217425772455,-0.002977521498403135
2017-12-28,35.0125,3.5557051405862268,0.006783398008981312
2017-12-29,35.1708,3.560216192886274,0.004511052300047336
2018-01-02,35.0181,3.555865070674272,-0.004351122212002068
2018-01-03,34.7758,3.5489217425772455,-0.00694332809702658
2018-01-04,34.854,3.5511679082384506,0.0022461656612051684
2018-01-05,34.8484,3.5510072251052427,-0.00016068313320793948
2018-01-08,34.6937,3.5465581142735267,-0.004449110831715952
2018-01-09,34.3657,3.537058973928166,-0.00949914034536059
2018-01-10,34.0272,3.5271602047867257,-0.0098987691414405
2018-01-11,34.1969,3.5321349966853557,0.004974791898630038
2018-01-12,34.0272,3.5271602047867257,-0.004974791898630038
2018-01-16,34.0357,3.5274099737517326,0.0002497689650069468
2018-01-17,34.0555,3.5279915467173457,0.0005815729656131197
2018-01-18,34.0725,3.528490607319531,0.0004990606021850752
2018-01-19,34.0272,3.5271602047867257,-0.0013304025328051416
2018-01-22,34.1677,3.5312807533554547,0.00412054856872901
2018-01-23,34.0272,3.5271602047867257,-0.00412054856872901
2018-01-24,33.998,3.526301699356578,-0.0008585054301475381
2018-01-25,34.2828,3.5346437706739735,0.008342071317395394
2018-01-26,34.5043,3.5410839539518433,0.006440183277869771
2018-01-29,34.1233,3.5299804354144064,-0.011103518537436852
2018-01-30,33.9763,3.525663222734173,-0.004317212680233329
2018-01-31,34.2489,3.533654447404158,0.00799122466998492
2018-02-01,34.1008,3.529320844424837,-0.004333602979321061
2018-02-02,33.2287,3.5034139603252905,-0.025906884099546446
2018-02-05,32.7742,3.4896416205036553,-0.013772339821635171
2018-02-06,32.6941,3.487194633489537,-0.0024469870141183847
2018-02-07,32.9807,3.495922541891045,0.008727908401508166
2018-02-08,32.5338,3.482279548910354,-0.013642992980690938
2018-02-09,32.5178,3.4817876317146927,-0.0004919171956614399
2018-02-12,32.9147,3.4939193664927655,0.012131734778072722
2018-02-13,32.5847,3.483842853051767,-0.010076513440998358
2018-02-14,32.5847,3.483842853051767,0.0
2018-02-15,32.6073,3.4845361896852602,0.0006933366334931357
2018-02-16,32.5942,3.4841343584336397,-0.00040183125162052136
2018-02-20,32.3292,3.47597084661213,-0.008163511821509761
2018-02-21,32.3877,3.477778721091084,0.0018078744789540302
2018-02-22,32.2095,3.4722614400931593,-0.005517280997924701
2018-02-23,32.5688,3.4833547748881797,0.011093334795020393
2018-02-26,32.7583,3.489156365086511,0.0058015901983314855
2018-02-27,32.6941,3.487194633489537,-0.0019617315969742144
2018-02-28,31.9606,3.464503894188688,-0.02269073930084886
2018-03-01,31.8466,3.460930625927479,-0.0035732682612090727
2018-03-02,31.8804,3.4619914008947434,0.0010607749672644218
2018-03-05,31.9106,3.462938242996489,0.0009468421017455597
2018-03-06,32.1897,3.4716465256027966,0.008708282606307627
2018-03-07,32.1586,3.4706799110248974,-0.0009666145778992608
2018-03-08,32.3717,3.4772845843225046,0.0066046732976072775
2018-03-09,32.5424,3.482543854449094,0.005259270126589222
2018-03-12,32.6139,3.4847385778664814,0.0021947234173875785
2018-03-13,32.4019,3.478217063054219,-0.0065215148122623745
2018-03-14,32.2755,3.4743084284794783,-0.003908634574740777
2018-03-15,32.0379,3.4669195769809567,-0.0073888514985216425
2018-03-16,32.0059,3.465920260804745,-0.0009993161762116287
2018-03-19,32.0002,3.4657421527801953,-0.00017810802454976127
2018-03-20,31.8531,3.461134708521983,-0.0046074442582124675
2018-03-21,32.0002,3.4657421527801953,0.0046074442582124675
2018-03-22,31.7089,3.456597398576128,-0.00914475420406724
2018-03-23,31.4515,3.448446676762668,-0.008150721813460216
2018-03-26,31.3478,3.445144089177922,-0.0033025875847458863
2018-03-27,31.5778,3.452454342056301,0.007310252878379053
2018-03-28,31.7409,3.4576060700837803,0.005151728027479319
2018-03-29,31.954,3.4642973686053797,0.0066912985215994425
2018-04-02,31.6222,3.453859405578597,-0.010437963026782793
2018-04-03,31.5458,3.4514404580971725,-0.0024189474814244605
2018-04-04,31.8606,3.461370136696289,0.009929678599116532
2018-04-05,32.0135,3.466157688835489,0.004787552139200013
2018-04-06,31.724,3.457073492221073,-0.009084196614415951
2018-04-09,31.9116,3.4629695800547564,0.005896087833683339
2018-04-10,32.0539,3.4674188608310708,0.004449280776314346
2018-04-11,32.1869,3.4715595374735146,0.004140676642443886
2018-04-12,32.0473,3.467212936448272,-0.004346601025242425
2018-04-13,31.7409,3.4576060700837803,-0.009606866364491928
2018-04-16,32.0059,3.465920260804745,0.008314190720964731
2018-04-17,31.8466,3.460930625927479,-0.004989634877266003
2018-04-18,31.7042,3.4564491642204946,-0.00448146170698438
2018-04-19,31.1112,3.437567882971806,-0.01888128124868871
2018-04-20,31.1169,3.4377510799524607,0.00018319698065472068
2018-04-23,31.0056,3.434167833332064,-0.003583246620396441
2018-04-24,31.1037,3.4373267831697865,0.003158949837722247
2018-04-25,31.295,3.4434583403766648,0.006131557206878302
2018-04-26,31.4883,3.4496160482634814,0.006157707886816688
2018-04-27,31.6523,3.4548108157760855,0.005194767512604059
2018-04-30,31.5174,3.4505397742777686,-0.004271041498316919
2018-05-01,31.4515,3.448446676762668,-0.0020930975151007836
2018-05-02,31.1319,3.438233016962984,-0.010213659799684027
2018-05-03,30.7304,3.4252523926538383,-0.012980624309145483
2018-05-04,30.8047,3.427667275740327,0.0024148830864887394
2018-05-07,30.8047,3.427667275740327,0.0
2018-05-08,30.7106,3.4246078718717734,-0.003059403868553634
2018-05-09,30.7453,3.4257371370420033,0.0011292651702299317
2018-05-10,30.9924,3.433742013137882,0.008004876095878632
2018-05-11,31.2196,3.4410461027054,0.007304089567517824
2018-05-14,31.3252,3.444422885438526,0.003376782733126138
2018-05-15,31.2724,3.4427359194039893,-0.0016869660345366633
2018-05-16,31.4591,3.4486882894650415,0.0059523700610522035
2018-05-17,31.3911,3.4465244132471975,-0.002163876217843974
2018-05-18,31.3035,3.443729912380858,-0.0027945008663396997
2018-05-21,31.3845,3.4463141404652786,0.0025842280844208254
2018-05-22,31.4949,3.4498256279616917,0.003511487496413057
2018-05-23,31.5458,3.4514404580971725,0.0016148301354808048
2018-05-24,31.4666,3.4489266658370332,-0.002513792260139258
2018-05-25,31.2592,3.442313732855234,-0.006612932981799435
2018-05-29,31.0056,3.434167833332064,-0.008145899523169575
2018-05-30,31.2507,3.4420417759315343,0.007873942599470052
2018-05-31,30.9387,3.432007827455467,-0.010033948476067422
2018-06-01,30.9603,3.43270573859706,0.0006979111415930106
2018-06-04,31.1243,3.4379888645721293,0.005283125975069414
2018-06-05,31.2366,3.441590484221401,0.003601619649271637
2018-06-06,31.1923,3.4401712694847757,-0.0014192147366252073
2018-06-07,31.2592,3.442313732855234,0.002142463370458092
2018-06-08,31.4364,3.447966457188149,0.005652724332915415
2018-06-11,31.5108,3.4503303442123654,0.0023638870242161936
2018-06-12,31.5778,3.452454342056301,0.0021239978439355767
2018-06-13,31.4666,3.4489266658370332,-0.00352767621926775
2018-06-14,31.2243,3.441196637826008,-0.00773002801102507
2018-06-15,31.0677,3.4361686942728493,-0.005027943553158831
2018-06-18,30.8105,3.427855540974137,-0.008313153298712184
2018-06-19,30.5181,3.4183199502188772,-0.009535590755259893
2018-06-20,30.5775,3.4202644443793813,0.0019444941605040178
2018-06-21,30.5389,3.419001280805203,-0.0012631635741784386
2018-06-22,30.834,3.4286179772381473,0.009616696432944494
2018-06-25,30.4427,3.415846228140112,-0.012771749098035468
2018-06-26,30.4871,3.4173036433247677,0.001457415184655808
2018-06-27,30.3749,3.4136166094742233,-0.0036870338505443634
2018-06-28,30.3654,3.4133038023238647,-0.0003128071503586405
2018-06-29,30.4795,3.41705432648442,0.003750524160555546
2018-07-02,30.4116,3.4148241145768123,-0.0022302119076078597
2018-07-03,30.6606,3.422978442723813,0.008154328147000456
2018-07-05,30.7671,3.426445937248553,0.0034674945247403777
2018-07-06,31.346,3.4450866672318763,0.018640729983323112
2018-07-09,31.247,3.4419233715741155,-0.003163295657760745
2018-07-10,31.5571,3.4517986032892565,0.00987523171514093
2018-07-11,31.4591,3.4486882894650415,-0.0031103138242150052
2018-07-12,32.0304,3.466685451835315,0.01799716237027349
2018-07-13,32.0059,3.465920260804745,-0.0007651910305699339
2018-07-16,32.0747,3.468067557379238,0.002147296574492863
2018-07-17,31.9879,3.4653577062924423,-0.002709851086795556
2018-07-18,31.8861,3.4621701781528706,-0.0031875281395716826
2018-07-19,31.6005,3.453172943252498,-0.008997234900372852
2018-07-20,31.7456,3.457754133058069,0.004581189805571206
2018-07-23,31.6005,3.453172943252498,-0.004581189805571206
2018-07-24,31.6156,3.45365066966356,0.0004777264110620294
2018-07-25,31.6467,3.4546338777513266,0.0009832080877667515
2018-07-26,31.7013,3.4563576895060923,0.0017238117547657694
2018-07-27,31.7287,3.457221634065584,0.0008639445594917916
2018-07-30,31.807,3.4596863913481686,0.00246475728258444
2018-07-31,31.9408,3.463884189436252,0.004197798088083626
2018-08-01,31.954,3.4642973686053797,0.00041317916912753105
2018-08-02,31.3525,3.445294008716068,-0.01900335988931179
2018-08-03,31.3911,3.4465244132471975,0.0012304045311295475
2018-08-06,31.2564,3.4422241552137534,-0.004300258033444138
2018-08-07,30.7812,3.426904114005561,-0.015320041208192414
2018-08-08,30.834,3.4286179772381473,0.0017138632325863767
2018-08-09,30.8717,3.429839906644697,0.0012219294065496378
2018-08-10,30.4937,3.4175201049004036,-0.012319801744293368
2018-08-13,30.5342,3.418847366888625,0.0013272619882211956
2018-08-14,30.9245,3.4315487499990986,0.012701383110473863
2018-08-15,30.6812,3.423650089163089,-0.00789866083600943
2018-08-16,30.8943,3.4305717008683336,0.006921611705244413
2018-08-17,31.2696,3.4426463795746947,0.01207467870636103
2018-08-20,31.2846,3.443125963688551,0.00047958411385629063
2018-08-21,31.1725,3.439536295888604,-0.0035896677999467386
2018-08-22,31.1649,3.4392924615279266,-0.00024383436067765274
2018-08-23,30.8472,3.4290459844818946,-0.010246477046031988
2018-08-24,30.8792,3.4300828180852387,0.0010368336033441672
2018-08-27,31.0726,3.43632640191218,0.006243583826941457
2018-08-28,31.0452,3.4354442070573388,-0.0008821948548414227
2018-08-29,31.196,3.4402898814682517,0.004845674410912881
2018-08-30,31.1055,3.4373846524238676,-0.002905229044384061
2018-08-31,30.6907,3.423959677104016,-0.01342497531985165
2018-09-04,30.0354,3.4023766860093483,-0.02158299109466766
2018-09-05,30.3815,3.413833870537287,0.011457184527938757
2018-09-06,30.4258,3.415290932693887,0.0014570621566001307
2018-09-07,30.2099,3.408169685230904,-0.007121247462983149
2018-09-10,30.1703,3.4068579967741672,-0.0013116884567367926
2018-09-11,30.5549,3.4195250655547453,0.012667068780578106
2018-09-12,30.6011,3.42103595602465,0.0015108904699046022
2018-09-13,30.5775,3.4202644443793813,-0.0007715116452686743
2018-09-14,30.471,3.4167754116254736,-0.0034890327539076615
2018-09-17,30.8303,3.4284979726324214,0.011722561006947796
2018-09-18,30.9659,3.4328865990411135,0.004388626408692087
2018-09-19,30.6388,3.4222671796145803,-0.010619419426533216
2018-09-20,31.0056,3.434167833332064,0.011900653717483944
2018-09-21,30.9906,3.433683932696454,-0.00048390063561010166
2018-09-24,30.5549,3.4195250655547453,-0.014158867141708775
2018-09-25,30.6549,3.422792519098745,0.003267453543999821
2018-09-26,31.0348,3.4351091555078126,0.012316636409067439
2018-09-27,30.9368,3.431946413810305,-0.0031627416975075207
2018-09-28,30.9368,3.431946413810305,0.0
2018-10-01,31.2356,3.4415584699814645,0.009612056171159455
2018-10-02,31.1413,3.438534912483734,-0.0030235574977304225
2018-10-03,30.9726,3.4331029426731394,-0.005431969810594683
2018-10-04,30.7755,3.426718918892233,-0.0063840237809063005
2018-10-05,30.57,3.420019135902743,-0.006699782989489922
2018-10-08,30.6614,3.4230045345016427,0.002985398598899458
2018-10-09,30.1288,3.4054815249345403,-0.0175230095671024
2018-10-10,30.0797,3.403850525627649,-0.0016309993068914785
2018-10-11,29.7922,3.3942466142837233,-0.009603911343925464
2018-10-12,29.8129,3.394941185749326,0.0006945714656025892
2018-10-15,30.2325,3.4089175046772935,0.01397631892796758
2018-10-16,30.5333,3.418817891308322,0.009900386631028546
2018-10-17,30.4314,3.415474970080287,-0.003342921228035145
2018-10-18,30.7142,3.424725088370781,0.009250118290494047
2018-10-19,31.1121,3.437596811042161,0.012871722671380148
2018-10-22,30.9207,3.4314258625315253,-0.006170948510635821
2018-10-23,30.9047,3.430908275896997,-0.0005175866345283886
2018-10-24,30.8303,3.4284979726324214,-0.002410303264575475
2018-10-25,30.6219,3.4217154392515505,-0.00678253338087087
2018-10-26,30.0958,3.4043856271352118,-0.017329812116338772
2018-10-29,29.83,3.395514598526657,-0.00887102860855471
2018-10-30,29.9893,3.4008406513748053,0.005326052848148244
2018-10-31,29.6819,3.3905374324227386,-0.01030321895206665
2018-11-01,31.1479,3.438746827230583,0.04820939480784414
2018-11-02,30.8518,3.4291950954888324,-0.009551731741750391
2018-11-05,30.9726,3.4331029426731394,0.003907847184307034
2018-11-06,30.7981,3.4274529997650385,-0.005649942908100947
2018-11-07,31.2168,3.440956411435504,0.013503411670465315
2018-11-08,31.295,3.4434583403766648,0.002501928941160969
2018-11-09,31.295,3.4434583403766648,0.0
2018-11-12,31.2356,3.4415584699814645,-0.0018998703952002316
2018-11-13,31.5382,3.4511995095195056,0.009641039538041074
2018-11-14,31.7221,3.4570135988627557,0.005814089343250117
2018-11-15,31.8371,3.4606322764261006,0.0036186775633448853
2018-11-16,32.0597,3.467599789682853,0.0069675132567526
2018-11-19,32.2651,3.473986150716643,0.006386361033789978
2018-11-20,31.7136,3.456745610961594,-0.017240539755049245
2018-11-21,32.1502,3.4704186715040923,0.013673060542498394
2018-11-23,32.2332,3.47299697727793,0.0025783057738375526
2018-11-26,32.7592,3.489183838662275,0.016186861384344997
2018-11-27,32.7451,3.488753332566713,-0.00043050609556205544
2018-11-28,32.6979,3.487310855657517,-0.0014424769091956335
2018-11-29,32.8214,3.4910807416686787,0.0037698860111614607
2018-11-30,32.7394,3.488579245568587,-0.00250149610009176
2018-12-03,32.7856,3.489989394600431,0.0014101490318441101
2018-12-04,32.9675,3.495522227699717,0.005532833099286094
2018-12-06,32.8214,3.4910807416686787,-0.004441486031038444
2018-12-07,32.6781,3.4867051287667503,-0.0043756129019283385
2018-12-10,32.3029,3.4751570094800672,-0.01154811928668309
2018-12-11,32.2256,3.4727611677364796,-0.0023958417435876456
2018-12-12,32.4942,3.481061611871075,0.00830044413459552
2018-12-13,32.4566,3.4799038122997,-0.0011577995713749623
2018-12-14,32.5018,3.4812954724174054,0.0013916601177053067
2018-12-17,32.186,3.471531575396303,-0.009763897021102252
2018-12-18,31.8974,3.4625245017669157,-0.009007073629387463
2018-12-19,31.7909,3.459180085311525,-0.003344416455390853
2018-12-20,31.6108,3.453498834353967,-0.005681250957557893
2018-12-21,30.915,3.431241503010532,-0.022257331343435105
2018-12-24,30.4202,3.4151068614314934,-0.016134641579038433
2018-12-26,30.7915,3.4272386778657156,0.01213181643422212
2018-12-27,30.5597,3.4196821474962085,-0.007556530369507097
2018-12-28,30.5672,3.419927538642746,0.00024539114653743255
2018-12-31,30.5832,3.420450838584042,0.0005232999412960737
2019-01-02,30.7453,3.4257371370420033,0.005286298457961358
2019-01-03,30.9764,3.4332256242339323,0.007488487191928961
2019-01-04,30.8444,3.4289552103732017,-0.004270413860730571
2019-01-07,31.2338,3.4415008417666746,0.012545631393472867
2019-01-08,31.8126,3.4598624377242686,0.018361595957594012
2019-01-09,31.807,3.4596863913481686,-0.00017604637610002527
2019-01-10,32.1926,3.4717366124745594,0.01205022112639087
2019-01-11,32.3397,3.4762955776680866,0.004558965193527165
2019-01-14,32.168,3.470972169594973,-0.005323408073113711
2019-01-15,32.4396,3.4793798987149644,0.008407729119991547
2019-01-16,32.4009,3.478186200190266,-0.0011936985246983056
2019-01-17,32.4009,3.478186200190266,0.0
2019-01-18,32.5244,3.481990576880221,0.0038043766899549247
2019-01-22,32.2765,3.474339411253059,-0.007651165627162282
2019-01-23,32.3453,3.476468724456801,0.0021293132037421003
2019-01-24,32.3858,3.477720055124275,0.001251330667474182
2019-01-25,32.7639,3.489327299518311,0.01160724439403582
2019-01-28,32.911,3.4938069483945484,0.00447964887623753
2019-01-29,33.1909,3.502275741965621,0.008468793571072553
2019-01-30,33.3852,3.5081126880062805,0.005836946040659541
2019-01-31,33.6548,3.5161556907916243,0.008043002785343756
2019-02-01,33.7378,3.5186188704868777,0.002463179695253448
2019-02-04,33.6228,3.5152044082722367,-0.003414462214641034
2019-02-05,33.8245,3.521185391981596,0.0059809837093594
2019-02-06,33.6775,3.516829958590586,-0.004355433391010077
2019-02-07,33.4775,3.510873571387584,-0.005956387203001956
2019-02-08,33.4437,3.5098634280287055,-0.0010101433588785014
2019-02-11,33.1524,3.5011151122012945,-0.00874831582741109
2019-02-12,33.4304,3.5094656656610517,0.008350553459757215
2019-02-13,33.305,3.5057075358651426,-0.00375812979590906
2019-02-14,33.2833,3.5050557696909594,-0.000651766174183166
2019-02-15,33.5153,3.512002050985733,0.006946281294773371
2019-02-19,33.7378,3.5186188704868777,0.006616819501144899
2019-02-20,33.8613,3.5222727693525067,0.003653898865628946
2019-02-21,33.8952,3.523273411440827,0.0010006420883201805
2019-02-22,34.1563,3.5309470492366737,0.007673637795846844
2019-02-25,34.2195,3.532795657018902,0.0018486077822283953
2019-02-26,34.3422,3.536374918647293,0.0035792616283907286
2019-02-27,34.3732,3.537277190979349,0.0009022723320559756
2019-02-28,34.4269,3.538838235539021,0.0015610445596720979
2019-03-01,33.6925,3.5172752606611772,-0.021562974877843644
2019-03-04,33.8793,3.522804208413384,0.005528947752206914
2019-03-05,33.8491,3.52191241111708,-0.0008917972963042864
2019-03-06,33.9028,3.52349760684576,0.001585195728680322
2019-03-07,33.8952,3.523273411440827,-0.00022419540493334722
2019-03-08,34.1733,3.5314446374078545,0.008171225967027684
2019-03-11,34.4034,3.5381553967045796,0.006710759296725044
2019-03-12,34.5128,3.5413302697212097,0.0031748730166301087
2019-03-13,34.6825,3.5462352369727435,0.004904967251533776
2019-03-14,34.4854,3.5405360460620328,-0.005699190910710694
2019-03-15,34.7853,3.5491948837454865,0.008658837683453768
2019-03-18,34.953,3.554004301905914,0.004809418160427459
2019-03-19,34.8871,3.552117133372133,-0.001887168533781125
2019-03-20,34.8324,3.55054798811941,-0.0015691452527226701
2019-03-21,34.8012,3.5496518689445327,-0.0008961191748775299
2019-03-22,34.706,3.546912582668312,-0.002739286276220554
2019-03-25,34.8097,3.5498960835730533,0.0029835009047411987
2019-03-26,34.9738,3.554599209741349,0.004703126168295491
2019-03-27,35.0219,3.555973580097566,0.001374370356217014
2019-03-28,34.8239,3.550303932663057,-0.005669647434508818
2019-03-29,34.9588,3.5541702252554286,0.0038662925923715896
2019-04-01,34.9814,3.554816491659774,0.000646266404345397
2019-04-02,35.2189,3.561582870325922,0.006766378666148043
2019-04-03,35.1708,3.560216192886274,-0.001366677439647912
2019-04-04,35.2264,3.5617958014945974,0.0015796086083232908
2019-04-05,35.1566,3.5598123673447932,-0.001983434149804175
2019-04-08,35.3377,3.5649503827136324,0.005138015368839177
2019-04-09,35.1624,3.559977329873076,-0.004973052840556491
2019-04-10,35.3679,3.5658046291053327,0.005827299232256777
2019-04-11,35.5018,3.5695833994213064,0.003778770315973734
2019-04-12,35.7299,3.57598787326286,0.006404473841553404
2019-04-15,35.7214,3.5757499489692477,-0.00023792429361213507
2019-04-16,35.7393,3.5762509236413225,0.0005009746720747721
2019-04-17,35.7082,3.5753803542872036,-0.0008705693541188886
2019-04-18,35.7846,3.5775176332602663,0.002137278973062706
2019-04-22,35.4386,3.5678016215705965,-0.009716011689669735
2019-04-23,35.3283,3.5646843424664008,-0.0031172791041957915
2019-04-24,35.0455,3.5566472172210335,-0.00803712524536726
2019-04-25,35.0624,3.557129331228937,0.0004821140079034336
2019-04-26,35.2029,3.5611284655741176,0.003999134345180622
2019-04-29,35.1407,3.5593600028792696,-0.0017684626948479831
2019-04-30,35.235,3.5620399067789856,0.002679903899716063
2019-05-01,35.1624,3.559977329873076,-0.0020625769059097188
2019-05-02,34.9588,3.5541702252554286,-0.0058071046176473295
2019-05-03,34.9814,3.554816491659774,0.000646266404345397
2019-05-06,34.9738,3.554599209741349,-0.00021728191842518285
2019-05-07,34.9116,3.5528191522064723,-0.0017800575348765335
2019-05-08,34.9267,3.5532515796921156,0.00043242748564331634
2019-05-09,35.0285,3.556162015852951,0.002910436160835417
2019-05-10,35.1087,3.5584489630066636,0.002286947153712582
2019-05-13,34.9898,3.5550565904444267,-0.0033923725622369005
2019-05-14,35.2264,3.5617958014945974,0.006739211050170724
2019-05-15,35.283,3.563401261537009,0.0016054600424117993
2019-05-16,35.565,3.571362008185478,0.00796074664846902
2019-05-17,35.4707,3.5687070035781114,-0.0026550046073667843
2019-05-20,35.4866,3.5691551604348724,0.0004481568567609173
2019-05-21,35.8176,3.5784393927128115,0.009284232277939175
2019-05-22,35.762,3.5768858771530114,-0.0015535155598001005
2019-05-23,35.565,3.571362008185478,-0.0055238689675332076
2019-05-24,35.6827,3.574665977494518,0.003303969309039978
2019-05-28,35.7469,3.576463552093489,0.0017975745989708969
2019-05-29,35.6526,3.573822075477246,-0.0026414766162430325
2019-05-30,35.5555,3.571094855956332,-0.002727219520914037
2019-05-31,35.4622,3.5684673404587217,-0.002627515497610311
2019-06-03,35.7695,3.577095574979213,0.008628234520491329
2019-06-04,36.0457,3.5847875778372056,0.0076920028579925415
2019-06-05,36.3455,3.59307039989246,0.008282822055254435
2019-06-06,36.7462,3.6040348189520124,0.010964419059552366
2019-06-07,36.8961,3.6081058544038775,0.004071035451865157
2019-06-10,36.8745,3.6075202552460217,-0.0005855991578558317
2019-06-11,36.7858,3.60511190114285,-0.0024083541031716393
2019-06-12,36.9197,3.608745283924498,0.0036333827816479314
2019-06-13,35.9751,3.5828270324776987,-0.025918251446799268
2019-06-14,35.7582,3.5767796134679664,-0.00604741900973238
2019-06-17,35.4857,3.56912979842744,-0.00764981504052642
2019-06-18,36.0702,3.5854670396741257,0.016337241246685785
2019-06-19,36.4483,3.5958948181352,0.010427778461074233
2019-06-20,36.5265,3.5980380245553127,0.0021432064201127865
2019-06-21,36.3352,3.592786968388114,-0.0052510561671987865
2019-06-24,36.503,3.5973944489917082,0.004607480603594283
2019-06-25,36.4624,3.5962815926463696,-0.001112856345338642
2019-06-26,36.2795,3.591252843454062,-0.005028749192307558
2019-06-27,36.5265,3.5980380245553127,0.0067851811012507035
2019-06-28,36.4314,3.5954310401475595,-0.002606984407753199
2019-07-01,36.3833,3.594109878157016,-0.0013211619905435512
2019-07-02,36.8952,3.6080814612843626,0.013971583127346587
2019-07-03,37.0819,3.613128979945851,0.005047518661488226
2019-07-05,37.0244,3.611577154755844,-0.0015518251900066282
2019-07-08,36.6953,3.6026486814643564,-0.008928473291487826
2019-07-09,36.9452,3.6094357336783873,0.006787052214030975
2019-07-10,36.9197,3.608745283924498,-0.0006904497538893217
2019-07-11,37.0951,3.6134848854189583,0.004739601494460288
2019-07-12,37.0819,3.613128979945851,-0.0003559054731074873
2019-07-15,37.1196,3.614145131997871,0.0010161520520202139
2019-07-16,36.7586,3.604372211887375,-0.00977292011049613
2019-07-17,36.7368,3.6037789774634703,-0.0005932344239045761
2019-07-18,36.9452,3.6094357336783873,0.005656756214917014
2019-07-19,36.5435,3.5985033318033413,-0.010932401875046072
2019-07-22,36.5755,3.599378617352733,0.0008752855493918688
2019-07-23,36.8159,3.605929817078978,0.00655119972624485
2019-07-24,36.6548,3.60154438837912,-0.004385428699857918
2019-07-25,36.4624,3.5962815926463696,-0.005262795732750458
2019-07-26,36.503,3.5973944489917082,0.001112856345338642
2019-07-29,36.7104,3.6030600936629456,0.005665644671237313
2019-07-30,36.5435,3.5985033318033413,-0.004556761859604297
2019-07-31,36.1344,3.587245320196924,-0.011258011606417373
2019-08-01,36.783,3.60503578191836,0.017790461721435946
2019-08-02,36.9593,3.6098173072001916,0.004781525281831733
2019-08-05,36.8311,3.606342596967251,-0.0034747102329406587
2019-08-06,36.6803,3.602239826198874,-0.004102770768376729
2019-08-07,37.0876,3.6132826819395607,0.01104285574068653
2019-08-08,37.1375,3.6146272407887263,0.0013445588491656224
2019-08-09,37.1846,3.615894697071724,0.0012674562829975144
2019-08-12,37.0046,3.6110422292409203,-0.0048524678308035085
2019-08-13,37.3289,3.619767825575645,0.008725596334724806
2019-08-14,37.0876,3.6132826819395607,-0.006485143636084434
2019-08-15,37.1846,3.615894697071724,0.002612015132163137
2019-08-16,37.4401,3.6227423225459954,0.006847625474271535
2019-08-19,37.5194,3.6248581325389435,0.0021158099929481367
2019-08-20,37.2167,3.6167575852737244,-0.008100547265219138
2019-08-21,37.344,3.6201722561041456,0.0034146708304212403
2019-08-22,37.3118,3.6193096305078294,-0.0008626255963162244
2019-08-23,36.9998,3.6109125072242096,-0.008397123283619745
2019-08-26,37.1196,3.614145131997871,0.0032326247736613745
2019-08-27,37.0555,3.6124167887679604,-0.0017283432299106671
2019-08-28,37.5834,3.626562463549025,0.014145674781064432
2019-08-29,37.8409,3.633390528256014,0.0068280647069891565
2019-08-30,37.904,3.63505664741643,0.0016661191604159242
2019-09-03,37.8182,3.632790468232008,-0.002266179184422068
2019-09-04,38.2915,3.6452279394411415,0.012437471209133744
2019-09-05,38.3282,3.64618591768451,0.000957978243368629
2019-09-06,38.5941,3.6530994150471403,0.006913497362630139
2019-09-09,38.7459,3.6570249437498457,0.00392552870270535
2019-09-10,38.6582,3.6547589129445646,-0.002266030805281094
2019-09-11,38.7949,3.658288794690831,0.003529881746266561
2019-09-12,38.9863,3.6632103023643716,0.004921507673540493
2019-09-13,38.9948,3.6634283039066338,0.0002180015422621473
2019-09-16,38.6516,3.654588171330538,-0.008840132576095616
2019-09-17,39.0844,3.66572341039673,0.01113523906619207
2019-09-18,39.2389,3.6696686016844655,0.003945191287735295
2019-09-19,39.1248,3.6667565370261657,-0.002912064658299851
2019-09-20,39.3842,3.6733647206473523,0.006608183621186647
2019-09-23,39.32,3.671733295278966,-0.0016314253683864521
2019-09-24,39.5897,3.6785689834181996,0.006835688139233742
2019-09-25,39.4267,3.6744432517672805,-0.004125731650919118
2019-09-26,39.3842,3.6733647206473523,-0.0010785311199281722
2019-09-27,39.4201,3.674275838504715,0.0009111178573628642
2019-09-30,39.4201,3.674275838504715,0.0
2019-10-01,39.5058,3.676447496570846,0.0021716580661306217
2019-10-02,39.1428,3.6672164974776766,-0.009230999093169157
2019-10-03,39.3031,3.6713033961714445,0.004086898693767882
2019-10-04,39.5982,3.6787836626818913,0.007480266510446754
2019-10-07,39.485,3.6759208529495444,-0.0028628097323468715
2019-10-08,39.4492,3.6750137682522976,-0.0009070846972467628
2019-10-09,39.5415,3.6773507532899803,0.0023369850376826484
2019-10-10,39.8414,3.6849065726612316,0.007555819371251271
2019-10-11,39.799,3.6838417863465973,-0.0010647863146342473
2019-10-14,39.7434,3.682443789578701,-0.0013979967678960925
2019-10-15,39.9141,3.6867296449292364,0.0042858553505351615
2019-10-16,39.8264,3.6845300089760977,-0.0021996359531386567
2019-10-17,39.7914,3.6836508085396487,-0.000879200436449068
2019-10-18,39.7914,3.6836508085396487,0.0
2019-10-21,39.9715,3.6881667001651786,0.0045158916255299
2019-10-22,39.7358,3.6822525445731356,-0.005914155592043002
2019-10-23,38.0416,3.638680297781084,-0.043572246792051406
2019-10-24,37.985,3.637191344955185,-0.0014889528258992257
2019-10-25,37.985,3.637191344955185,0.0
2019-10-28,38.3999,3.6480548554236236,0.010863510468438697
2019-10-29,38.547,3.651878275969453,0.0038234205458294035
2019-10-30,38.8232,3.6590180060797737,0.007139730110320652
2019-10-31,38.6355,3.654171542935039,-0.004846463144734692
2019-11-01,38.6931,3.655661289565726,0.0014897466306869056
2019-11-04,38.6206,3.6537858128714005,-0.0018754766943254175
2019-11-05,38.7657,3.657535835034006,0.0037500221626056707
2019-11-06,38.7997,3.658412514640573,0.0008766796065668991
2019-11-07,39.1248,3.6667565370261657,0.00834402238559262
2019-11-08,38.9212,3.6615390893193687,-0.005217447706796996
2019-11-11,39.2879,3.6709165834272492,0.00937749410788058
2019-11-12,39.3842,3.6733647206473523,0.0024481372201030638
2019-11-13,39.3927,3.6735805199497618,0.00021579930240944734
2019-11-14,39.4267,3.6744432517672805,0.0008627318175187249
2019-11-15,39.4916,3.6760879910642608,0.0016447392969802799
2019-11-18,39.7113,3.681635781953062,0.005547790888801085
2019-11-19,39.3842,3.6733647206473523,-0.008271061305709537
2019-11-20,39.1248,3.6667565370261657,-0.006608183621186647
2019-11-21,39.1248,3.6667565370261657,0.0
2019-11-22,38.9543,3.6623891641694373,-0.004367372856728391
2019-11-25,39.0033,3.663646257934582,0.0012570937651448233
2019-11-26,39.0278,3.6642742127065917,0.000627954772009609
2019-11-27,39.0589,3.6650707632496267,0.0007965505430349573
2019-11-29,39.1428,3.6672164974776766,0.002145734228049978
2019-12-02,38.9212,3.6615390893193687,-0.005677408158307973
2019-12-03,38.9212,3.6615390893193687,0.0
2019-12-04,39.4333,3.6746106370073366,0.013071547687967922
2019-12-05,39.5643,3.677927196499741,0.0033165594924042807
2019-12-06,39.6377,3.679780685578636,0.0018534890788952652
2019-12-09,39.6877,3.6810413160102917,0.001260630431655585
2019-12-10,39.6217,3.679376947972312,-0.0016643680379795356
2019-12-11,39.8979,3.6863236909317805,0.006946742959468288
2019-12-12,39.7113,3.681635781953062,-0.0046879089787186246
2019-12-13,39.157,3.6675792059432326,-0.014056576009829236
2019-12-16,39.4898,3.6760424107124234,0.008463204769190824
2019-12-17,38.514,3.6510218115576962,-0.025020599154727208
2019-12-18,38.1189,3.64071022212621,-0.010311589431486023
2019-12-19,38.2434,3.6439709963646423,0.0032607742384320737
2019-12-20,38.1275,3.640935806548202,-0.0030351898164404645
2019-12-23,38.1689,3.642021047898075,0.0010852413498732005
2019-12-24,38.036,3.638533079677198,-0.003487968220877047
2019-12-26,38.0115,3.6378887455216335,-0.0006443341555644189
2019-12-27,38.1924,3.642636542939199,0.004747797417565369
2019-12-30,38.1189,3.64071022212621,-0.0019263208129887133
2019-12-31,38.2104,3.6431077298677677,0.0023975077415574475
2020-01-02,37.855,3.63376307155527,-0.009344658312497867
2020-01-03,37.8955,3.6348323715297646,0.0010692999744947862
2020-01-06,38.2933,3.645274946157888,0.010442574628123591
2020-01-07,38.3245,3.646089378358358,0.000814432200469728
2020-01-08,38.3593,3.646997001673555,0.0009076233151970037
2020-01-09,38.0859,3.639844134896461,-0.007152866777093703
2020-01-10,38.2518,3.644190617988843,0.0043464830923816145
2020-01-13,38.5055,3.650801088233486,0.0066104702446430075
2020-01-14,38.448,3.649306678994113,-0.0014944092393727182
2020-01-15,38.6054,3.6533921630592574,0.004085484065144307
2020-01-16,38.9109,3.661274417029655,0.007882253970397546
2020-01-17,39.157,3.6675792059432326,0.006304788913577664
2020-01-21,38.9769,3.6629691629538406,-0.004610042989392049
2020-01-22,39.0174,3.664007700478766,0.0010385375249253315
2020-01-23,39.2739,3.670560176111017,0.006552475632251031
2020-01-24,39.1664,3.6678192363822877,-0.0027409397287292414
2020-01-27,39.1824,3.668227666383064,0.00040843000077650515
2020-01-28,39.5464,3.6774746660504976,0.009246999667433364
2020-01-29,39.1824,3.668227666383064,-0.009246999667433364
2020-01-30,39.2475,3.6698877479323357,0.0016600815492715526
2020-01-31,38.8448,3.6595742197213474,-0.010313528210988299
2020-02-03,38.6639,3.6549063481541704,-0.004667871567177073
2020-02-04,38.9194,3.661492840960535,0.0065864928063645856
2020-02-05,39.0759,3.665505908671852,0.004013067711317042
2020-02-06,39.8273,3.684552606796413,0.019046698124561168
2020-02-07,39.799,3.6838417863465973,-0.0007108204498158521
2020-02-10,39.9413,3.6874108762812026,0.003569089934605252
2020-02-11,39.799,3.6838417863465973,-0.003569089934605252
2020-02-12,40.0808,3.69089741665725,0.007055630310652816
2020-02-13,39.8754,3.685759592402657,-0.005137824254592971
2020-02-14,40.0243,3.689486769660511,0.0037271772578537643
2020-02-18,40.541,3.7023138077151887,0.012827038054677775
2020-02-19,40.541,3.7023138077151887,0.0
2020-02-20,40.3779,3.698282605588799,-0.0040312021263897435
2020-02-21,40.2534,3.695194472346699,-0.0030881332420999996
2020-02-24,39.6605,3.680355730173048,-0.01483874217365111
2020-02-25,38.9939,3.6634052236398764,-0.016950506533171428
2020-02-26,38.646,3.654443276792809,-0.008961946847067637
2020-02-27,37.5825,3.6265385165198523,-0.02790476027295652
2020-02-28,36.5445,3.5985306960765477,-0.02800782044330452
2020-03-02,38.3329,3.6463085352834197,0.04777783920687195
2020-03-03,38.102,3.6402667741932433,-0.006041761090176401
2020-03-04,39.1664,3.6678192363822877,0.02755246218904439
2020-03-05,38.531,3.651463112103504,-0.016356124278783746
2020-03-06,38.3593,3.646997001673555,-0.004466110429949044
2020-03-09,34.7541,3.548297550662557,-0.09869945101099775
2020-03-10,36.3389,3.5928887928346005,0.044591242172043355
2020-03-11,34.7541,3.548297550662557,-0.044591242172043355
2020-03-12,30.3372,3.4123746822522807,-0.13592286841027645
2020-03-13,34.0895,3.528989418984461,0.11661473673218037
2020-03-16,30.3362,3.412341718877883,-0.11664770010657799
2020-03-17,31.6947,3.4561494744760006,0.04380775559811756
2020-03-18,30.2259,3.408699172732478,-0.047450301743522605
2020-03-19,31.5411,3.451291457274222,0.04259228454174391
2020-03-20,30.092,3.404259355697975,-0.04703210157624671
2020-03-23,26.7903,3.2880398817021046,-0.11621947399587063
2020-03-24,29.3878,3.3805796222360303,0.09253974053392566
2020-03-25,31.591,3.4528722699001775,0.07229264766414722
2020-03-26,32.7252,3.4881454233128117,0.03527315341263426
2020-03-27,32.1963,3.4718515391157685,-0.01629388419704325
2020-03-30,32.6668,3.4863592716267857,0.014507732511017224
2020-03-31,34.2506,3.533704082802967,0.04734481117618117
2020-04-01,32.5904,3.484017766477739,-0.049686316325227686
2020-04-02,33.8727,3.5226093802158145,0.03859161373807529
2020-04-03,33.8896,3.5231081826575967,0.0004988024417822423
2020-04-06,34.0829,3.5287957922375486,0.005687609579951847
2020-04-07,34.5015,3.5410028013530312,0.01220700911548267
2020-04-08,34.2592,3.5339551417768704,-0.007047659576160825
2020-04-09,34.4091,3.5383210642798906,0.004365922503020148
2020-04-13,35.0285,3.556162015852951,0.017840951573060426
2020-04-14,35.3132,3.564256831719036,0.008094815866085181
2020-04-15,34.5175,3.5414664418081703,-0.022790389910865905
2020-04-16,34.2742,3.5343928845487023,-0.007073557259468011
2020-04-17,34.9201,3.553062594655732,0.01866971010702967
2020-04-20,34.3581,3.536837798730317,-0.016224795925415147
2020-04-21,33.6199,3.515118153556058,-0.02171964517425895
2020-04-22,33.7972,3.520377958820845,0.005259805264786976
2020-04-23,33.6143,3.5149515716672886,-0.005426387153556256
2020-04-24,33.6143,3.5149515716672886,0.0
2020-04-27,34.048,3.527771293719179,0.012819722051890636
2020-04-28,34.3261,3.5359059977538085,0.008134704034629348
2020-04-29,34.576,3.5431597997645303,0.007253802010721788
2020-04-30,33.8991,3.523388465361416,-0.019771334403114516
2020-05-01,33.2353,3.50361256408136,-0.01977590128005602
2020-05-04,33.5031,3.5116379718631405,0.008025407781780736
2020-05-05,33.7378,3.5186188704868777,0.006980898623737186
2020-05-06,33.6633,3.5164082231728164,-0.002210647314061287
2020-05-07,33.8557,3.5221073751379737,0.005699151965157245
2020-05-08,34.1743,3.531473899591167,0.009366524453193303
2020-05-11,34.1573,3.530976325983912,-0.0004975736072547754
2020-05-12,33.3946,3.50839421026487,-0.02258211571904223
2020-05-13,32.498,3.4811785489805844,-0.02721566128428554
2020-05-14,32.9005,3.493487855224233,0.012309306243648788
2020-05-15,32.6083,3.4845668571942636,-0.008920998029969596
2020-05-18,33.0514,3.4980639254610475,0.013497068266783874
2020-05-19,33.2862,3.505142896678599,0.007078971217551633
2020-05-20,33.2023,3.5026191506313284,-0.0025237460472706807
2020-05-21,32.6979,3.487310855657517,-0.015308294973811254
2020-05-22,32.7478,3.488835784252362,0.0015249285948448765
2020-05-26,33.8557,3.5221073751379737,0.0332715908856116
2020-05-27,34.2912,3.5348887614880433,0.012781386350069646
2020-05-28,34.6693,3.545854569126793,0.01096580763874977
2020-05-29,34.7598,3.5484615466407075,0.002606977513914366
2020-06-01,35.2632,3.562839927247709,0.014378380607001695
2020-06-02,35.7336,3.5760914226273135,0.01325149537960435
2020-06-03,36.3371,3.59283925791247,0.016747835285156665
2020-06-04,36.537,3.5983254457730833,0.0054861878606131675
2020-06-05,37.1252,3.61429598431374,0.015970538540656776
2020-06-08,37.5118,3.6246555501458593,0.010359565832119166
2020-06-09,37.0668,3.612721690264205,-0.011933859881654296
2020-06-10,37.1432,3.614780712686842,0.0020590224226371134
2020-06-11,35.5254,3.570247933596059,-0.04453277909078324
2020-06-12,35.9062,3.580909982532829,0.010662048936770141
2020-06-15,35.5254,3.570247933596059,-0.010662048936770141
2020-06-16,36.4436,3.5957658600477718,0.025517926451712913
2020-06-17,36.0005,3.583532827248549,-0.01223303279922261
2020-06-18,36.0778,3.585677717725579,0.002144890477029815
2020-06-19,36.2296,3.5898764642719283,0.00419874654634933
2020-06-22,36.0684,3.58541713573919,-0.004459328532738116
2020-06-23,35.8553,3.5794913943334215,-0.005925741405768736
2020-06-24,35.2868,3.56350895633007,-0.01598243800335153
2020-06-25,35.5064,3.5697129619227197,0.006204005592649775
2020-06-26,34.7503,3.5481882050670617,-0.021524756855658023
2020-06-29,35.3791,3.5661212503074635,0.017933045240401846
2020-06-30,35.5328,3.5704562135701297,0.004334963262666136
2020-07-01,35.184,3.560591433812405,-0.009864779757724484
2020-07-02,35.3791,3.5661212503074635,0.005529816495058348
2020-07-06,35.2264,3.5617958014945974,-0.004325448812866117
2020-07-07,34.7419,3.547946451315103,-0.01384935017949429
2020-07-08,34.7843,3.5491661355566206,0.0012196842415175269
2020-07-09,34.3251,3.5358768649782686,-0.013289270578352053
2020-07-10,34.5203,3.541547556791601,0.00567069181333224
2020-07-13,34.9116,3.5528191522064723,0.011271595414871438
2020-07-14,34.954,3.5540329113441693,0.001213759137697057
2020-07-15,35.482,3.5690255256384567,0.014992614294287332
2020-07-16,35.8468,3.5792543022527203,0.01022877661426369
2020-07-17,36.1023,3.586356575220675,0.007102272967954626
2020-07-20,35.6092,3.5726040314377805,-0.013752543782894477
2020-07-21,35.6687,3.5742735535146197,0.001669522076839236
2020-07-22,35.465,3.56854629465405,-0.005727258860569684
2020-07-23,35.4056,3.566869999719075,-0.001676294934974898
2020-07-24,35.4056,3.566869999719075,0.0
2020-07-27,35.6771,3.5745090263816652,0.007639026662590087
2020-07-28,35.7187,3.5756743611690824,0.0011653347874172049
2020-07-29,35.8393,3.5790450566659926,0.003370695496910159
2020-07-30,35.762,3.5768858771530114,-0.0021591795129811686
2020-07-31,35.6687,3.5742735535146197,-0.0026123236383917003
2020-08-03,35.6178,3.5728455128996357,-0.0014280406149840275
2020-08-04,36.3323,3.5927071527896266,0.0198616398899909
2020-08-05,36.1542,3.5877931244287153,-0.00491402836091126
2020-08-06,36.5021,3.5973697931799897,0.009576668751274386
2020-08-07,36.0778,3.585677717725579,-0.011692075454410755
2020-08-10,36.1777,3.588442906912705,0.0027651891871260936
2020-08-11,36.5615,3.598995774190695,0.010552867277989986
2020-08-12,36.6896,3.6024933361545863,0.0034975619638912825
2020-08-13,36.5021,3.5973697931799897,-0.005123542974596607
2020-08-14,36.4088,3.594810503665639,-0.0025592895143509153
2020-08-17,36.3748,3.593876227194754,-0.0009342764708848428
2020-08-18,36.749,3.604111014404269,0.010234787209514984
2020-08-19,36.7406,3.6038824106280454,-0.0002286037762235793
2020-08-20,36.9537,3.6096657776990018,0.005783367070956391
2020-08-21,37.0734,3.6128997313274183,0.003233953628416497
2020-08-24,37.1139,3.6139915625174828,0.0010918311900645072
2020-08-25,37.26,3.6179203651734424,0.003928802655959629
2020-08-26,37.2327,3.6171874074145696,-0.000732957758872832
2020-08-27,37.4222,3.622264111207548,0.005076703792978421
2020-08-28,37.0734,3.6128997313274183,-0.009364379880129725
2020-08-31,36.5878,3.599714851506083,-0.013184879821335205
2020-09-01,36.2465,3.590342824915128,-0.009372026590955151
2020-09-02,37.1828,3.6158462887637732,0.025503463848645325
2020-09-03,36.5615,3.598995774190695,-0.01685051457307818
2020-09-04,36.3833,3.594109878157016,-0.00488589603367906
2020-09-08,36.2908,3.591564265622396,-0.0025456125346199343
2020-09-09,36.8169,3.605956978887304,0.014392713264907986
2020-09-10,36.3833,3.594109878157016,-0.011847100730288052
2020-09-11,36.6463,3.601312468256827,0.007202590099811168
2020-09-14,36.5521,3.598738640085637,-0.002573828171190229
2020-09-15,36.9329,3.6091027527242576,0.010364112638620693
2020-09-16,36.5351,3.5982734423408447,-0.010829310383412949
2020-09-17,36.8113,3.6058048632574016,0.007531420916556897
2020-09-18,36.2409,3.5901883153034952,-0.015616547953906323
2020-09-21,35.6281,3.5731346523468677,-0.01705366295662758
2020-09-22,36.1476,3.5876105563593637,0.014475904012495988
2020-09-23,35.465,3.56854629465405,-0.019064261705313612
2020-09-24,35.5857,3.5719438717675382,0.003397577113488204
2020-09-25,35.7667,3.577017292934558,0.005073421167019809
2020-09-28,36.1645,3.588077974683757,0.011060681749198942
2020-09-29,35.9571,3.582326561190133,-0.005751413493623847
2020-09-30,35.8016,3.577992585145394,-0.004333976044739174
2020-10-01,35.8704,3.5799124428619984,0.0019198577166044117
2020-10-02,35.9402,3.581856446170202,0.0019440033082034347
2020-10-05,36.1212,3.5868799505882887,0.005023504418086855
2020-10-06,35.8364,3.5789641366330778,-0.007915813955210904
2020-10-07,36.0788,3.585705435217813,0.006741298584735045
2020-10-08,36.4832,3.5968518806572636,0.011146445439450758
2020-10-09,36.6303,3.600875766765375,0.004023886108111441
2020-10-12,36.8113,3.6058048632574016,0.004929096492026552
2020-10-13,37.1224,3.614220561000358,0.008415697742956585
2020-10-14,36.8735,3.607493135866511,-0.006727425133846943
2020-10-15,36.9933,3.6107368151659847,0.0032436792994734454
2020-10-16,36.7849,3.605087434881144,-0.005649380284840522
2020-10-19,36.1381,3.5873477104561022,-0.017739724425041903
2020-10-20,36.3361,3.5928117374510053,0.005464026994903115
2020-10-21,36.1381,3.5873477104561022,-0.005464026994903115
2020-10-22,36.8641,3.607238177743358,0.019890467287255742
2020-10-23,36.9423,3.609357235962225,0.0021190582188670426
2020-10-26,36.1985,3.589017681509123,-0.020339554453101982
2020-10-27,36.2239,3.5897191219762004,0.0007014404670773189
2020-10-28,34.9719,3.554544881884155,-0.035174240092045395
2020-10-29,35.0596,3.557049470414885,0.0025045885307299898
2020-10-30,34.723,3.5474022915893606,-0.00964717882552435
2020-11-02,34.9294,3.553328881459645,0.005926589870284271
2020-11-03,35.2406,3.562198827029733,0.008869945570088245
2020-11-04,35.6375,3.5733984542387907,0.011199627209057539
2020-11-05,35.1972,3.5609665339855985,-0.012431920253192175
2020-11-06,35.0408,3.5565130968577945,-0.004453437127803994
2020-11-09,36.3975,3.5945000909653437,0.03798699410754924
2020-11-10,36.9329,3.6091027527242576,0.014602661758913893
2020-11-11,37.2431,3.617466692768137,0.008363940043879303
2020-11-12,36.9933,3.6107368151659847,-0.006729877602152268
2020-11-13,36.717,3.603239863068311,-0.007496952097673759
2020-11-16,37.1564,3.615136030888794,0.011896167820482972
2020-11-17,37.4071,3.6218605259754275,0.006724495086633642
2020-11-18,37.3638,3.6207023212503175,-0.001158204725109968
2020-11-19,37.5023,3.6244022644288862,0.0036999431785686987
2020-11-20,37.3214,3.619566888673175,-0.0048353757557113575
2020-11-23,37.2516,3.6176948969232483,-0.0018719917499265826
2020-11-24,37.7965,3.6322165057459905,0.014521608822742227
2020-11-25,37.6938,3.6294956246961343,-0.0027208810498562386
2020-11-27,37.9775,3.6369938790996805,0.007498254403546234
2020-11-30,37.4325,3.622539311029737,-0.014454568069943718
2020-12-01,37.3817,3.621181279858988,-0.0013580311707488413
2020-12-02,37.5787,3.6264374005184252,0.005256120659437258
2020-12-03,38.0643,3.639276834992343,0.012839434473917777
2020-12-04,38.7111,3.6561263806156807,0.016849545623337736
2020-12-07,38.8232,3.6590180060797737,0.0028916254640929395
2020-12-08,38.943,3.662099038578967,0.003081032499193448
2020-12-09,39.2889,3.670942036232659,0.008842997653691675
2020-12-10,39.6688,3.680564984509851,0.009622948277192123
2020-12-11,39.5821,3.6783769958664867,-0.002187988643364225
2020-12-14,38.777,3.657827287358467,-0.020549708508019737
2020-12-15,38.3829,3.647612047912624,-0.010215239445842794
2020-12-16,38.3216,3.646013705884445,-0.0015983420281791005
2020-12-17,38.1472,3.641452360541545,-0.00456134534289987
2020-12-18,37.9888,3.637291379440841,-0.004160981100704397
2020-12-21,37.3326,3.6198669395769185,-0.01742443986392228
2020-12-22,37.0612,3.6125706002574423,-0.007296339319476264
2020-12-23,37.2271,3.61703699067935,0.004466390421907551
2020-12-24,37.4373,3.6226675336243366,0.005630542944986772
2020-12-28,37.3412,3.620097274715562,-0.002570258908774381
2020-12-29,37.376,3.621028787205762,0.0009315124901996263
2020-12-30,37.4543,3.623121523131624,0.0020927359258622324
2020-12-31,37.4731,3.6236233422363715,0.0005018191047474474
2021-01-04,37.6475,3.6282665509788377,0.004643208742466154
2021-01-05,38.5932,3.6530760951486587,0.024809544169821063
2021-01-06,38.5498,3.6519509119284357,-0.001125183220223036
2021-01-07,38.1029,3.640290394721583,-0.011660517206852905
2021-01-08,38.1123,3.640537064678433,0.00024666995685018733
2021-01-11,37.7786,3.631742804743022,-0.008794259935410942
2021-01-12,37.8409,3.633390528256014,0.0016477235129919166
2021-01-13,37.8229,3.6329147392964436,-0.0004757889595703446
2021-01-14,38.0595,3.639150724629845,0.006235985333401306
2021-01-15,38.4281,3.648788962813285,0.009638238183439896
2021-01-19,38.0247,3.638235948567883,-0.010553014245402004
2021-01-20,38.1821,3.6423668194041854,0.0041308708363025914
2021-01-21,38.0849,3.639817878115646,-0.0025489412885395524
2021-01-22,37.674,3.6289702013600276,-0.010847676755618263
2021-01-25,37.9285,3.6357028083857355,0.006732607025707882
2021-01-26,38.218,3.64330660881918,0.007603800433444441
2021-01-27,37.7004,3.6296707044772543,-0.013635904341925631
2021-01-28,37.8229,3.6329147392964436,0.0032440348191893342
2021-01-29,37.1224,3.614220561000358,-0.01869417829608544
2021-02-01,37.1045,3.61373825605843,-0.00048230494192802453
2021-02-02,37.6928,3.629469094782328,0.01573083872389791
2021-02-03,37.5523,3.6257346279987845,-0.0037344667835434997
2021-02-04,38.2877,3.6451286957822076,0.019394067783423008
2021-02-05,38.0247,3.638235948567883,-0.006892747214324757
2021-02-08,38.218,3.64330660881918,0.005070660251297099
2021-02-09,38.199,3.642809337259408,-0.0004972715597717503
2021-02-10,38.3216,3.646013705884445,0.003204368625036924
2021-02-11,38.1557,3.641675156792675,-0.004338549091770005
2021-02-12,38.234,3.6437251721068264,0.0020500153141513877
2021-02-16,38.2877,3.6451286957822076,0.001403523675381102
2021-02-17,38.5413,3.651730393605712,0.006601697823504615
2021-02-18,38.4706,3.6498943132113335,-0.0018360803943786586
2021-02-19,38.1209,3.640762688161023,-0.009131625050310621
2021-02-22,38.1557,3.641675156792675,0.0009124686316521746
2021-02-23,38.218,3.64330660881918,0.0016314520265048316
2021-02-24,38.3395,3.6464806963222367,0.0031740875030568105
2021-02-25,38.1643,3.641900523669939,-0.004580172652297598
2021-02-26,37.4373,3.6226675336243366,-0.019232990045602527
2021-03-01,38.0502,3.638906340535668,0.016238806911331505
2021-03-02,38.498,3.650606291892444,0.011699951356775706
2021-03-03,38.4357,3.6489867152019193,-0.0016195766905244824
2021-03-04,38.4894,3.650382878709617,0.0013961635076977785
2021-03-05,39.3993,3.6737480496486,0.02336517093898305
2021-03-08,39.9055,3.6865141590076513,0.012766109359051203
2021-03-09,39.9243,3.6869851610732347,0.0004710020655833702
2021-03-10,40.3704,3.698096843163545,0.011111682090310104
2021-03-11,40.2573,3.6952913538792918,-0.00280548928425306
2021-03-12,40.5155,3.7016846169447692,0.006393263065477495
2021-03-15,40.0064,3.6890394413153014,-0.012645175629467875
2021-03-16,40.0516,3.6901686227788075,0.001129181463506157
2021-03-17,40.5608,3.7028020829542925,0.012633460175484945
2021-03-18,40.5061,3.7014525800548,-0.0013495028994925384
2021-03-19,40.4901,3.701057499786636,-0.0003950802681638166
2021-03-22,41.0869,3.715689335902271,0.01463183611563501
2021-03-23,40.8465,3.7098211383207644,-0.005868197581506696
2021-03-24,40.8012,3.7087114927423044,-0.00110964557846005
2021-03-25,40.7116,3.706513064125276,-0.0021984286170284584
2021-03-26,40.8285,3.709380366963766,0.0028673028384900157
2021-03-29,40.9436,3.7121955099285238,0.002815142964757822
2021-03-30,40.6852,3.7058643899531782,-0.006331119975345523
2021-03-31,40.293,3.696177756595048,-0.009686633358130248
2021-04-01,40.704,3.706326367717657,0.010148611122609008
2021-04-05,40.9341,3.7119634565112287,0.005637088793571721
2021-04-06,40.9624,3.7126545727647056,0.0006911162534768422
2021-04-07,40.9973,3.713506210877324,0.000851638112618236
2021-04-08,41.034,3.714400991344014,0.0008947804666901149
2021-04-09,41.2566,3.719811099982055,0.0054101086380411445
2021-04-12,41.1679,3.717658826465315,-0.0021522735167400775
2021-04-13,41.3904,3.7230489698840326,0.0053901434187175745
2021-04-14,41.283,3.7204507929512545,-0.0025981769327780846
2021-04-15,41.4347,3.7241186940189728,0.0036679010677183044
2021-04-16,41.4715,3.725006444329971,0.0008877503109983031
2021-04-19,41.4169,3.7236890100955753,-0.0013174342343957868
2021-04-20,41.3545,3.7221812426343153,-0.0015077674612600234
2021-04-21,41.7571,3.731869496718562,0.009688254084246672
2021-04-22,41.5149,3.7260523989431777,-0.005817097775384195
2021-04-23,41.5866,3.7277779999922984,0.001725601049120673
2021-04-26,41.6224,3.7286384838872846,0.0008604838949861637
2021-04-27,41.5432,3.726733849664905,-0.0019046342223796309
2021-04-28,41.8279,3.7335635809904417,0.00682973132553677
2021-04-29,42.1928,3.742249590371637,0.008686009381195348
2021-04-30,42.1767,3.741867935859155,-0.0003816545124819548
2021-05-03,42.3455,3.7458621580733635,0.0039942222142084205
2021-05-04,42.4794,3.7490192525401493,0.0031570944667858036
2021-05-05,42.8451,3.7575912861129903,0.008572033572840976
2021-05-06,43.2477,3.7669440527730735,0.009352766660083223
2021-05-07,43.4787,3.772271163001983,0.005327110228909415
2021-05-10,43.8719,3.781274024019173,0.009002861017190167
2021-05-11,43.5061,3.7729011581484047,-0.008372865870768464
2021-05-12,43.1846,3.765483950213955,-0.0074172079344494435
2021-05-13,43.4164,3.7708372499119553,0.005353299698000136
2021-05-14,43.6578,3.7763819604797875,0.005544710567832123
2021-05-17,43.7644,3.778820701505139,0.002438741025351465
2021-05-18,43.9614,3.7833119761620693,0.004491274656930333
2021-05-19,43.7389,3.778237866326995,-0.005074109835074392
2021-05-20,44.2924,3.790813104771331,0.012575238444336279
2021-05-21,44.2113,3.7889804125177955,-0.0018326922535356616
2021-05-24,44.2547,3.7899615805028235,0.0009811679850280086
2021-05-25,44.2547,3.7899615805028235,0.0
2021-05-26,44.3452,3.7920044729095745,0.00204289240675104
2021-05-27,44.3715,3.7925973714454857,0.0005928985359111572
2021-05-28,44.381,3.792811449922966,0.00021407847748022846
2021-06-01,44.7025,3.800029428467221,0.00721797854425521
2021-06-02,44.925,3.8049944326696226,0.004965004202401424
2021-06-03,44.7741,3.801629847242245,-0.003364585427377609
2021-06-04,45.121,3.8093477700647727,0.007717922822527701
2021-06-07,45.3266,3.813894056624592,0.004546286559819368
2021-06-08,45.2294,3.811747317870037,-0.0021467387545550665
2021-06-09,45.1484,3.8099548418042875,-0.0017924760657495042
2021-06-10,45.3012,3.813333522204358,0.0033786804000706105
2021-06-11,45.2728,3.8127064106506947,-0.0006271115536633509
2021-06-14,45.3501,3.814412381630379,0.0017059709796845013
2021-06-15,45.6038,3.819991046381644,0.005578664751265006
2021-06-16,45.1691,3.8104132247392104,-0.009577821642433815
2021-06-17,44.7977,3.802156798817319,-0.008256425921891353
2021-06-18,44.3725,3.7926199081803644,-0.00953689063695462
2021-06-21,44.8525,3.8033793283114026,0.010759420131038144
2021-06-22,44.9796,3.8062090536503654,0.002829725338962863
2021-06-23,44.662,3.7991230282126955,-0.007086025437669896
2021-06-24,44.5893,3.797493919929034,-0.0016291082836614734
2021-06-25,44.6987,3.799944418422562,0.002450498493527853
2021-06-28,44.5629,3.7969016742913118,-0.0030427441312501635
2021-06-29,44.6356,3.798531746906834,0.0016300726155220602
2021-06-30,44.662,3.7991230282126955,0.0005912813058617239
2021-07-01,44.8608,3.8035643621920796,0.004441333979384066
2021-07-02,45.006,3.8067958142155542,0.0032314520234746347
2021-07-06,44.7166,3.8003447973339815,-0.006451016881572791
2021-07-07,44.9164,3.8048029841831505,0.004458186849169099
2021-07-08,44.7524,3.8011450745676747,-0.0036579096154758517
2021-07-09,45.0975,3.8088268125996962,0.007681738032021546
2021-07-12,45.106,3.8090152753539166,0.0001884627542203532
2021-07-13,45.1239,3.809412039624626,0.0003967642707092267
2021-07-14,45.1512,3.8100168575828937,0.0006048179582678337
2021-07-15,44.7807,3.8017772430269927,-0.008239614555900943
2021-07-16,44.7883,3.8019469445982557,0.00016970157126294794
2021-07-19,43.9379,3.782777273370127,-0.01916967122812885
2021-07-20,44.2282,3.789362594692179,0.006585321322052362
2021-07-21,44.4621,3.7946371408888715,0.00527454619669232
2021-07-22,44.4272,3.7938518944802864,-0.0007852464085851274
2021-07-23,44.6525,3.798910296796502,0.00505840231621546
2021-07-26,44.6525,3.798910296796502,0.0
2021-07-27,44.6449,3.798740079074186,-0.00017021772231595733
2021-07-28,44.6892,3.7997318616886915,0.0009917826145056097
2021-07-29,44.9164,3.8048029841831505,0.005071122494459068
2021-07-30,45.1955,3.8109975243598826,0.006194540176732044
2021-08-02,45.0249,3.8072156700712134,-0.003781854288669173
2021-08-03,45.1955,3.8109975243598826,0.003781854288669173
2021-08-04,45.0249,3.8072156700712134,-0.003781854288669173
2021-08-05,45.748,3.8231480749189704,0.01593240484775693
2021-08-06,45.9563,3.8276909449530994,0.00454287003412901
2021-08-09,45.6122,3.8201752245965133,-0.0075157203565860975
2021-08-10,45.93,3.8271184983377022,0.006943273741188971
2021-08-11,46.0921,3.83064156872331,0.0035230703856079515
2021-08-12,46.1015,3.8308454874342095,0.00020391871089930902
2021-08-13,46.2929,3.8349886016010415,0.004143114166831996
2021-08-16,46.4099,3.837512798542726,0.0025241969416844867
2021-08-17,46.4004,3.8373080798847066,-0.00020471865801940936
2021-08-18,46.2373,3.8337868316558406,-0.003521248228866014
2021-08-19,45.7037,3.8221792574237234,-0.011607574232117113
2021-08-20,45.9752,3.8281021206712436,0.005922863247520116
2021-08-23,46.4552,3.83848840732564,0.010386286654396226
2021-08-24,46.5455,3.8404303288031603,0.0019419214775204807
2021-08-25,46.5098,3.839663043076255,-0.0007672857269054312
2021-08-26,46.2468,3.833992272375563,-0.005670770700691996
2021-08-27,46.6371,3.8423963617214305,0.008404089345867671
2021-08-30,46.9529,3.849144971584843,0.006748609863412636
2021-08-31,47.1971,3.854332450025988,0.005187478441144755
2021-09-01,47.3252,3.8570429231826004,0.0027104731566125473
2021-09-02,47.5874,3.8625680203142356,0.005525097131635182
2021-09-03,47.5327,3.861417895240151,-0.0011501250740844071
2021-09-07,47.2432,3.8553087282390295,-0.00610916700112174
2021-09-08,47.7873,3.8667599138189,0.011451185579870682
2021-09-09,47.7316,3.865593652349946,-0.001166261468954044
2021-09-10,47.5507,3.861796510228993,-0.0037971421209532785
2021-09-13,47.7052,3.86504040662768,0.0032438963986871627
2021-09-14,47.0754,3.851750571586245,-0.013289835041434994
2021-09-15,47.1028,3.8523324472384255,0.0005818756521804858
2021-09-16,47.0199,3.8505709163550894,-0.001761530883336082
2021-09-17,46.5521,3.84057211548748,-0.009998800867609514
2021-09-20,46.1214,3.831277050534239,-0.00929506495324084
2021-09-21,46.4881,3.839196365863246,0.007919315329007137
2021-09-22,46.6069,3.8417485988400446,0.0025522329767984075
2021-09-23,47.0104,3.850368853827748,0.008620254987703468
2021-09-24,46.9199,3.848441892495706,-0.0019269613320420653
2021-09-27,46.6992,3.8437270339071357,-0.0047148585885703476
2021-09-28,45.8914,3.8262777356772806,-0.01744929822985508
2021-09-29,45.4878,3.8174441581349963,-0.00883357754228431
2021-09-30,45.9375,3.8272817769730554,0.009837618838059115
2021-10-01,45.9196,3.8268920411719782,-0.0003897358010771512
2021-10-04,46.0111,3.8288826717277096,0.001990630555731343
2021-10-05,46.0752,3.830274844295245,0.0013921725675354324
2021-10-06,46.0657,3.830068638364249,-0.0002062059309961839
2021-10-07,46.4598,3.8385874225546934,0.008518784190444606
2021-10-08,46.507,3.8396028388980663,0.001015416343372877
2021-10-11,46.4429,3.8382236010471074,-0.0013792378509589476
2021-10-12,46.3599,3.8364348614373007,-0.0017887396098066333
2021-10-13,46.754,3.844899813571846,0.008464952134545456
2021-10-14,47.2951,3.8564066960513115,0.011506882479465297
2021-10-15,47.1489,3.853310679008807,-0.0030960170425045064
2021-10-18,46.9105,3.8482415309917277,-0.00506914801707925
2021-10-19,47.0018,3.8501858988490545,0.0019443678573267675
2021-10-20,47.0482,3.8511726081263444,0.0009867092772899433
2021-10-21,46.6711,3.8431251294289805,-0.008047478697363886
2021-10-22,46.8728,3.847437549855838,0.004312420426857422
2021-10-25,46.8086,3.8460669467254354,-0.0013706031304026034
2021-10-26,46.8557,3.8470726661717993,0.0010057194463639618
2021-10-27,46.7822,3.845502788694941,-0.0015698774768582169
2021-10-28,47.3235,3.857007000871989,0.01150421217704789
2021-10-29,47.231,3.8550504566671546,-0.001956544204834376
2021-11-01,47.6166,3.863181439937689,0.008130983270534298
2021-11-02,47.2678,3.8558293025754677,-0.007352137362221178
2021-11-03,47.3507,3.857581603049739,0.0017523004742714399
2021-11-04,47.4243,3.8591347555645443,0.001553152514805145
2021-11-05,46.654,3.8427586685263644,-0.016376087038179943
2021-11-08,46.8557,3.8470726661717993,0.004313997645434942
2021-11-09,47.0934,3.8521328638150774,0.0050601976432780305
2021-11-10,47.0576,3.8513723832737052,-0.0007604805413721216
2021-11-11,46.6992,3.8437270339071357,-0.007645349366569576
2021-11-12,46.7351,3.844495488356233,0.0007684544490973444
2021-11-15,47.0839,3.851931116684246,0.007435628328012811
2021-11-16,46.7634,3.845100845679917,-0.006830271004328647
2021-11-17,46.8275,3.8464706371879105,0.0013697915079933232
2021-11-18,46.8557,3.8470726661717993,0.000602028983888836
2021-11-19,46.9463,3.8490043953070714,0.0019317291352720645
2021-11-22,46.7992,3.8458661087604025,-0.0031382865466689225
2021-11-23,46.9935,3.8500092942736854,0.004143185513282965
2021-11-24,47.1575,3.8534930632377424,0.003483768964056999
2021-11-26,46.4052,3.8374115219184692,-0.016081541319273196
2021-11-29,46.6447,3.842559308834733,0.005147786916263719
2021-11-30,46.2221,3.833458038690779,-0.009101270143954121
2021-12-01,46.112,3.8310732198171116,-0.0023848188736672604
2021-12-02,46.9557,3.849204604035989,0.0181313842188775
2021-12-03,47.066,3.8515508719847684,0.002346267948779346
2021-12-06,47.626,3.8633788306017514,0.011827958616982936
2021-12-07,48.0022,3.8712468431909093,0.007868012589157924
2021-12-08,47.6449,3.8637755939418255,-0.007471249249083822
2021-12-09,47.2867,3.8562290720259265,-0.007546521915898996
2021-12-10,47.4422,3.8595121279818345,0.003283055955908054
2021-12-13,47.0934,3.8521328638150774,-0.00737926416675716
2021-12-14,46.688,3.8434871723403754,-0.008645691474701955
2021-12-15,47.0321,3.850830347309634,0.007343174969258737
2021-12-16,47.4139,3.858915434657111,0.008085087347476705
2021-12-17,47.4327,3.859311864265472,0.0003964296083611707
2021-12-20,47.2461,3.855370110850625,-0.003941753414847149
2021-12-21,47.4508,3.8596933847662873,0.004323273915662451
2021-12-22,47.7118,3.86517874675597,0.005485361989682858
2021-12-23,47.7298,3.8655559407722775,0.000377194016307314
2021-12-27,48.1578,3.874483118894031,0.008927178121753698
2021-12-28,48.0739,3.8727394102978345,-0.001743708596196658
2021-12-29,47.9344,3.8698334095005857,-0.0029060007972487867
2021-12-30,48.1022,3.873327914111501,0.003494504610915161
2021-12-31,48.4189,3.879890233366686,0.006562319255185134
2022-01-03,48.4934,3.8814277062091507,0.0015374728424646378
2022-01-04,48.2322,3.8760268478031548,-0.005400858405995912
2022-01-05,48.1484,3.8742879082008495,-0.0017389396023053116
2022-01-06,48.27,3.8768102496724017,0.0025223414715522807
2022-01-07,48.5208,3.8819925719860895,0.005182322313687759
2022-01-10,48.2606,3.876615492776045,-0.005377079210044489
2022-01-11,48.549,3.882573597202858,0.0059581044268131045
2022-01-12,48.8744,3.8892537420153426,0.0066801448124844676
2022-01-13,49.209,3.8960765335984586,0.00682279158311605
2022-01-14,49.2467,3.8968423602970153,0.0007658266985566264
2022-01-18,49.5258,3.9024937459119986,0.005651385614983351
2022-01-19,49.3117,3.898161375407324,-0.004332370504674721
2022-01-20,48.8554,3.8888649148563927,-0.00929646055093114
2022-01-21,48.3445,3.878352461550867,-0.01051245330552586
2022-01-24,47.8231,3.8675087863614914,-0.010843675189375457
2022-01-25,48.1673,3.8746803675868597,0.0071715812253683175
2022-01-26,47.9071,3.8692637189022885,-0.005416648684571257
2022-01-27,47.8787,3.8686707291098097,-0.000592989792478793
2022-01-28,48.4095,3.879696075453728,0.011025346343918496
2022-01-31,48.6236,3.8841090097503406,0.004412934296612381
2022-02-01,48.5678,3.8829607598819176,-0.0011482498684229903
2022-02-02,49.0883,3.8936207171993886,0.010659957317471047
2022-02-03,49.4702,3.9013704680857,0.007749750886311357
2022-02-04,49.5352,3.9026835279660506,0.0013130598803505755
2022-02-07,49.2373,3.8966514663441183,-0.006032061621932261
2022-02-08,48.7999,3.887728263676674,-0.008923202667444396
2022-02-09,49.0515,3.892870766583537,0.005142502906863022
2022-02-10,48.6047,3.8837202340494783,-0.00915053253405862
2022-02-11,48.6603,3.884863502564485,0.001143268515006568
2022-02-14,48.5678,3.8829607598819176,-0.0019027426825672933
2022-02-15,48.6509,3.884670307947026,0.0017095480651083683
2022-02-16,48.7819,3.8873593424187316,0.0026890344717056536
2022-02-17,48.9026,3.8898305648015175,0.0024712223827858537
2022-02-18,48.6414,3.884475020138429,-0.005355544663088629
2022-02-22,48.4095,3.879696075453728,-0.004778944684700637
2022-02-23,48.1304,3.8739139941053327,-0.005782081348395529
2022-02-24,48.5208,3.8819925719860895,0.008078577880756832
2022-02-25,49.1817,3.8955216030877375,0.013529031101648048
2022-02-28,48.8744,3.8892537420153426,-0.006267861072394965
2022-03-01,48.9487,3.890772810911906,0.0015190688965636134
2022-03-02,50.214,3.916293872278792,0.0255210613668857
2022-03-03,50.9032,3.9299257899496958,0.013631917670903881
2022-03-04,52.0195,3.9516186482865003,0.021692858336804566
2022-03-07,51.6753,3.9449799110662194,-0.006638737220280966
2022-03-08,49.9161,3.9103435960092554,-0.03463631505696396
2022-03-09,50.2611,3.9172314180677494,0.006887822058494031
2022-03-10,50.5213,3.922395029534433,0.0051636114666835375
2022-03-11,51.368,3.939015410491747,0.016620380957314218
2022-03-14,50.0151,3.912324959835325,-0.026690450656422282
2022-03-15,50.0151,3.912324959835325,0.0
2022-03-16,50.5619,3.923198328246449,0.010873368411123963
2022-03-17,50.9485,3.930815318607283,0.007616990360834297
2022-03-18,50.8259,3.928406067178583,-0.0024092514287001876
2022-03-21,50.9485,3.930815318607283,0.0024092514287001876
2022-03-22,50.8824,3.929517087730727,-0.0012982308765563388
2022-03-23,50.7504,3.9269194996642347,-0.002597588066492129
2022-03-24,50.9578,3.930997839217409,0.0040783395531742705
2022-03-25,51.3916,3.9394747349814283,0.008476895764019332
2022-03-28,51.4859,3.9413079837755824,0.0018332487941541409
2022-03-29,51.4198,3.940023312293034,-0.001284671482548294
2022-03-30,51.7309,3.946055281892303,0.006031969599268994
2022-03-31,52.2872,3.9567515992428923,0.01069631735058918
2022-04-01,52.9189,3.9687605529385066,0.012008953695614277
2022-04-04,52.9,3.9684033388642534,-0.00035721407425315377
2022-04-05,53.8428,3.9860686899277464,0.017665351063492984
2022-04-06,54.267,3.993916307387608,0.0078476174598614
2022-04-07,54.6442,4.000843079072712,0.006926771685103805
2022-04-08,54.9177,4.005835700925949,0.0049926218532370115
2022-04-11,54.597,3.9999789361863796,-0.005856764739569087
2022-04-12,54.352,3.995481411418228,-0.004497524768151351
2022-04-13,54.6536,4.001015086194962,0.005533674776733832
2022-04-14,54.8705,4.004975863476969,0.003960777282006944
2022-04-18,54.6254,4.0004989760434055,-0.004476887433563448
2022-04-19,54.7196,4.002221963346057,0.001722987302651191
2022-04-20,55.6435,4.0189652694621785,0.016743306116121737
2022-04-21,54.8327,4.004286731318638,-0.014678538143540365
2022-04-22,53.6355,3.9822111622768457,-0.02207556904179242
2022-04-25,53.0227,3.9707201237438423,-0.011491038533003373
2022-04-26,52.0043,3.951326407470299,-0.019393716273543138
2022-04-27,51.665,3.9447805696663183,-0.006545837803980881
2022-04-28,51.6084,3.9436844499362236,-0.0010961197300947134
2022-04-29,50.1282,3.914583723988024,-0.029100725948199457
2022-05-02,49.9113,3.9102474300266956,-0.004336293961328508
2022-05-03,50.4016,3.920022920605174,0.009775490578478596
2022-05-04,51.3821,3.9392898627811075,0.019266942175933277
2022-05-05,50.7128,3.926178344216325,-0.013111518564782543
2022-05-06,50.8259,3.928406067178583,0.0022277229622580386
2022-05-09,50.7221,3.9263617130573465,-0.0020443541212364913
2022-05-10,49.9397,3.9108162776249333,-0.015545435432413157
2022-05-11,49.4682,3.901330038889346,-0.009486238735587182
2022-05-12,49.0817,3.8934862565696657,-0.007843782319680415
2022-05-13,49.8831,3.909682268038636,0.016196011468970095
2022-05-16,50.741,3.9267342622938393,0.01705199425520343
2022-05-17,50.6939,3.9258055877767832,-0.0009286745170560273
2022-05-18,49.9962,3.91194700254,-0.013858585236783405
2022-05-19,49.3835,3.8996163603035825,-0.012330642236417333
2022-05-20,49.638,3.9047566694361007,0.005140309132518173
2022-05-23,50.2979,3.9179633267311766,0.013206657295075974
2022-05-24,50.3168,3.9183390173652946,0.00037569063411790893
2022-05-25,50.4488,3.920958960590068,0.0026199432247735466
2022-05-26,50.4771,3.9215197680882765,0.0005608074982084155
2022-05-27,51.005,3.931923667134482,0.010403899046205645
2022-05-31,51.335,3.938372780750928,0.006449113616445956
2022-06-01,51.1087,3.933954737121154,-0.004418043629774271
2022-06-02,51.6933,3.9453281793059354,0.011373442184781535
2022-06-03,51.3538,3.9387389355839777,-0.006589243721957683
2022-06-06,51.1559,3.9348778327642524,-0.003861102819725293
2022-06-07,51.9572,3.950420302744559,0.015542469980306617
2022-06-08,51.0993,3.9337707984856944,-0.016649504258864578
2022-06-09,50.2037,3.9160887291608732,-0.017682069324821192
2022-06-10,49.5154,3.902283732300729,-0.013804996860144136
2022-06-13,48.2804,3.877025681199153,-0.025258051101576307
2022-06-14,46.8259,3.846436468647309,-0.03058921255184366
2022-06-15,47.3232,3.8570006615067496,0.010564192859440436
2022-06-16,45.4394,3.8163795701003673,-0.04062109140638226
2022-06-17,45.4872,3.817430967698063,0.0010513975976955692
2022-06-21,46.3383,3.8359688329622936,0.018537865264230735
2022-06-22,45.8888,3.8262210785769324,-0.00974775438536124
2022-06-23,45.7741,3.8237184289800665,-0.002502649596865858
2022-06-24,46.9312,3.8486826994772887,0.024964270497222163
2022-06-27,47.1606,3.8535587982345483,0.004876098757259584
2022-06-28,46.8355,3.846641462380771,-0.0069173358537772955
2022-06-29,47.0554,3.8513256309653014,0.004684168584530468
2022-06-30,47.0268,3.8507176519664905,-0.0006079789988109319
2022-07-01,47.6674,3.8642477260888404,0.013530074122349856
2022-07-05,46.7494,3.844801421427738,-0.01944630466110242
2022-07-06,46.8164,3.846233568888705,0.0014321474609668705
2022-07-07,47.0363,3.8509196440342044,0.004686075145499569
2022-07-08,46.8833,3.8476615352827896,-0.0032581087514147455
2022-07-11,46.6347,3.8423448992214997,-0.005316636061289959
2022-07-12,46.6538,3.842754381639309,0.0004094824178091372
2022-07-13,47.371,3.85801022712027,0.015255845480961039
2022-07-14,46.7017,3.8437805665818874,-0.014229660538382483
2022-07-15,46.6538,3.842754381639309,-0.0010261849425785563
2022-07-18,46.6729,3.843163696449897,0.0004093148105881461
2022-07-19,47.2658,3.8557869895777546,0.012623293127857593
2022-07-20,46.9885,3.8499028909197515,-0.005884098658003101
2022-07-21,46.8451,3.846846414100414,-0.003056476819337295
2022-07-22,46.9598,3.84929191656699,0.002445502466575711
2022-07-25,47.065,3.8515296249991837,0.002237708432193841
2022-07-26,47.0268,3.8507176519664905,-0.0008119730326932029
2022-07-27,47.2945,3.8563940096671847,0.00567635770069419
2022-07-28,47.9925,3.871044748699588,0.014650739032403326
2022-07-29,48.3177,3.877797953155927,0.006753204456338757
2022-08-01,48.2412,3.8762134277314275,-0.0015845254244992724
2022-08-02,47.6005,3.8628432653838862,-0.013370162347541292
2022-08-03,47.4092,3.8588163026944593,-0.004026962689426927
2022-08-04,47.61,3.8630428232064276,0.004226520511968257
2022-08-05,47.1128,3.8525447263097803,-0.010498096896647269
2022-08-08,47.3423,3.8574041876120186,0.004859461302238355
2022-08-09,47.5048,3.8608307585667014,0.003426570954682795
2022-08-10,48.222,3.8758153484586364,0.014984589891934963
2022-08-11,48.1169,3.8736334667536347,-0.002181881705001665
2022-08-12,48.2698,3.8768061063035524,0.003172639549917644
2022-08-15,48.0213,3.871644662479977,-0.005161443823575418
2022-08-16,48.8244,3.8882301879007524,0.016585525420775404
2022-08-17,48.528,3.8821409509462255,-0.0060892369545269
2022-08-18,48.3559,3.8785882413419084,-0.0035527096043170836
2022-08-19,48.5854,3.883323074251234,0.004734832909325526
2022-08-22,47.983,3.8708467815093983,-0.012476292741835593
2022-08-23,48.1073,3.8734339327480134,0.002587151238615082
2022-08-24,47.916,3.8694494778690847,-0.003984454878928734
2022-08-25,48.1742,3.874823608039039,0.005374130169954139
2022-08-26,47.4188,3.85901877453891,-0.015804833500128623
2022-08-29,47.5048,3.8608307585667014,0.001811984027791258
2022-08-30,46.6634,3.8429601314910804,-0.017870627075621037
2022-08-31,46.0896,3.830587328022594,-0.01237280346848646
2022-09-01,46.1184,3.8312120026915277,0.000624674668933789
2022-09-02,46.2618,3.8343165665521357,0.0031045638606079784
2022-09-06,45.6307,3.8205807356062143,-0.013735830945921457
2022-09-07,46.0896,3.830587328022594,0.01000659241637969
2022-09-08,45.9654,3.8278889395513223,-0.0026983884712716844
2022-09-09,46.7685,3.8452098993825587,0.017320959831236493
2022-09-12,47.3327,3.8572013885619443,0.011991489179385528
2022-09-13,45.3821,3.815117754173463,-0.04208363438848117
2022-09-14,45.0287,3.8073000642542834,-0.007817689919179749
2022-09-15,45.1937,3.810957696592843,0.0036576323385597576
2022-09-16,45.5723,3.8193000758037563,0.008342379210913187
2022-09-19,45.8636,3.8256717741307567,0.0063716983270003524
2022-09-20,44.9219,3.804925426393363,-0.020746347737393478
2022-09-21,44.5821,3.797332433173961,-0.0075929932194021
2022-09-22,44.883,3.804059103900205,0.0067266707262438885
2022-09-23,43.9219,3.782413056739156,-0.021646047161048898
2022-09-26,43.0772,3.7629938548184234,-0.019419201920732654
2022-09-27,42.7277,3.754847421855734,-0.008146432962689243
2022-09-28,43.2423,3.7668191828457522,0.011971760990018065
2022-09-29,41.6112,3.7283693618003486,-0.03844982104540362
2022-09-30,40.718,3.7066702551224853,-0.021699106677863345
2022-10-03,42.7763,3.755984210900311,0.049313955777825935
2022-10-04,43.6889,3.7770940652602594,0.021109854359948166
2022-10-05,42.7083,3.7543932807364535,-0.02270078452380586
2022-10-06,41.1452,3.717107273903804,-0.03728600683264949
2022-10-07,40.7763,3.7081010302796575,-0.009006243624146482
2022-10-10,40.32,3.696847623763113,-0.011253406516544384
2022-10-11,40.252,3.695159692071087,-0.00168793169202619
2022-10-12,39.5821,3.6783769958664867,-0.016782696204600267
2022-10-13,41.553,3.7269697208610713,0.04859272499458456
2022-10-14,40.6112,3.704043890633708,-0.022925830227363164
2022-10-17,41.6598,3.7295366350531793,0.025492744419471247
2022-10-18,42.1355,3.740890615773109,0.01135398071992988
2022-10-19,41.7083,3.7307001497661565,-0.010190466006952725
2022-10-20,41.3103,3.7211118635464286,-0.009588286219727848
2022-10-21,41.9413,3.736271021655285,0.015159158108856374
2022-10-24,42.0384,3.738583486293052,0.002312464637766798
2022-10-25,42.65,3.753027273937688,0.014443787644636163
2022-10-26,43.0869,3.7632190065937214,0.010191732656033459
2022-10-27,43.4656,3.7719698206460346,0.00875081405231315
2022-10-28,44.1452,3.7874842008676914,0.015514380221656854
2022-10-31,43.786,3.7793141315851444,-0.008170069282547043
2022-11-01,43.8733,3.7813059345966207,0.0019918030114762786
2022-11-02,43.7277,3.777981768569423,-0.0033241660271978724
2022-11-03,43.7957,3.779535639047084,0.001553870477660979
2022-11-04,44.5238,3.7960238776614976,0.01648823861441384
2022-11-07,44.3393,3.7918714169638634,-0.004152460697634197
2022-11-08,44.417,3.793622279040116,0.001750862076252524
2022-11-09,43.9801,3.7837372588848304,-0.009885020155285584
2022-11-10,45.5044,3.8178090245781457,0.03407176569331538
2022-11-11,45.7956,3.824188016636138,0.006378992057992416
2022-11-14,45.65,3.8210036070409776,-0.003184409595160531
2022-11-15,45.2908,3.813103921355592,-0.00789968568538546
2022-11-16,45.4073,3.815672885073043,0.002568963717450856
2022-11-17,45.1549,3.8100988011061343,-0.005574083966908727
2022-11-18,45.9607,3.8277866834999053,0.01768788239377095
2022-11-21,45.7568,3.823340414556391,-0.004446268943514298
2022-11-22,45.9995,3.8286305268648033,0.005290112308412365
2022-11-23,46.2714,3.8345240596472503,0.005893532782446975
2022-11-25,46.6306,3.8422569779902886,0.007732918343038353
2022-11-28,46.0772,3.830318250652547,-0.011938727337741817
2022-11-29,45.7374,3.822916343953211,-0.007401906699335825
2022-11-30,46.252,3.8341047062667153,0.011188362313504285
2022-12-01,46.1549,3.832003130827266,-0.0021015754394491104
2022-12-02,45.8927,3.82630606302374,-0.005697067803525968
2022-12-05,45.6888,3.8218531912775515,-0.004452871746188691
2022-12-06,45.3296,3.813960240735576,-0.007892950541975363
2022-12-07,45.2617,3.8124612002600564,-0.0014990404755197417
2022-12-08,45.3005,3.813318069955669,0.0008568696956126054
2022-12-09,45.0481,3.807730807804231,-0.0055872621514381215
2022-12-12,45.0092,3.8068669133188466,-0.0008638944853842645
2022-12-13,45.184,3.8107430418707766,0.0038761285519299804
2022-12-14,45.55,3.8188106237059674,0.00806758183519074
2022-12-15,44.43,3.7939149169478172,-0.024895706758150116
2022-12-16,44.13,3.7871398232814557,-0.006775093666361531
2022-12-19,43.71,3.7775769088752233,-0.009562914406232359
2022-12-20,43.79,3.779405480813307,0.0018285719380837229
2022-12-21,44.04,3.785098311854479,0.005692831041172131
2022-12-22,43.88,3.7814586354070294,-0.00363967644744978
2022-12-23,44.16,3.78781940196884,0.006360766561810394
2022-12-27,44.26,3.7900813346229034,0.002261932654063603
2022-12-28,43.39,3.7702289998102594,-0.019852334812644035
2022-12-29,44.12,3.786913194385302,0.016684194575042444
2022-12-30,43.95,3.783052624131186,-0.0038605702541159026
2023-01-03,44.06,3.785552341374197,0.0024997172430110126
2023-01-04,44.93,3.8051057230820686,0.019553381707871687
2023-01-05,44.77,3.8015382722528743,-0.0035674508291942963
2023-01-06,45.84,3.8251570724064843,0.023618800153609953
2023-01-09,45.84,3.8251570724064843,0.0
2023-01-10,45.77,3.8236288546655506,-0.0015282177409337017
2023-01-11,45.56,3.8190301385789813,-0.0045987160865692545
2023-01-12,46.42,3.837730400846291,0.018700262267309586
2023-01-13,46.66,3.842887266593284,0.0051568657469931445
2023-01-17,47.0,3.8501476017100584,0.007260335116774375
2023-01-18,46.32,3.83557383326474,-0.014573768445318436
2023-01-19,46.14,3.8316802527456075,-0.003893580519132467
2023-01-20,46.7,3.8437441646748516,0.012063911929244053
2023-01-23,46.22,3.8334126048462345,-0.01033155982861711
2023-01-24,46.27,3.8344938029189084,0.0010811980726739279
2023-01-25,46.47,3.8388069430968867,0.004313140177978347
2023-01-26,46.9,3.8480176754522337,0.009210732355346973
2023-01-27,46.82,3.846310462062765,-0.0017072133894688868
2023-01-30,46.94,3.8488701904228773,0.0025597283601124232
2023-01-31,47.3,3.856510295497887,0.007640105075009895
2023-02-01,47.6,3.8628327612373745,0.00632246573948736
2023-02-02,46.12,3.8312466954008584,-0.03158606583651613
2023-02-03,46.09,3.830596006732417,-0.0006506886684412017
2023-02-06,45.98,3.8282065193350356,-0.00238948739738154
2023-02-07,45.67,3.821441627196908,-0.006764892138127809
2023-02-08,45.59,3.8196883942253503,-0.0017532329715574946
2023-02-09,45.06,3.8079949350040985,-0.011693459221251867
2023-02-10,45.59,3.8196883942253503,0.011693459221251867
2023-02-13,45.83,3.8249388985210326,0.005250504295682301
2023-02-14,45.83,3.8249388985210326,0.0
2023-02-15,45.61,3.820126990723609,-0.004811907797423576
2023-02-16,45.32,3.8137484361598055,-0.00637855456380354
2023-02-17,45.83,3.8249388985210326,0.011190462361227116
2023-02-21,45.14,3.8097687713893897,-0.015170127131642897
2023-02-22,44.95,3.8055507609176296,-0.004218010471760181
2023-02-23,44.92,3.8048831298702424,-0.0006676310473872071
2023-02-24,44.45,3.794364961959914,-0.010518167910328557
2023-02-27,44.49,3.7952644448179504,0.0008994828580366487
2023-02-28,44.25,3.7898553714539385,-0.005409073364011974
2023-03-01,44.28,3.790533107840436,0.000677736386497596
2023-03-02,44.02,3.7846440760983158,-0.005889031742120299
2023-03-03,44.52,3.795938526407344,0.011294450309028203
2023-03-06,44.56,3.7968365956190286,0.0008980692116846711
2023-03-07,44.01,3.784416880823,-0.012419714796028547
2023-03-08,43.92,3.7823697972012753,-0.002047083621724788
2023-03-09,43.4,3.770459441106359,-0.011910356094916086
2023-03-10,43.2,3.765840495250065,-0.00461894585629441
2023-03-13,43.73,3.778034365424829,0.012193870174764143
2023-03-14,43.29,3.7679216614538893,-0.010112703970939663
2023-03-15,43.41,3.770689829311502,0.002768167857612802
2023-03-16,43.62,3.775515760773483,0.004825931461980737
2023-03-17,43.68,3.7768903314366495,0.0013745706631667076
2023-03-20,44.45,3.794364961959914,0.017474630523264256
2023-03-21,44.16,3.78781940196884,-0.006545559991073979
2023-03-22,43.83,3.780318514430718,-0.0075008875381219475
2023-03-23,43.93,3.782597457987688,0.0022789435569703365
2023-03-24,44.24,3.7896293572140793,0.007031899226391136
2023-03-27,44.43,3.7939149169478172,0.004285559733737898
2023-03-28,44.42,3.7936898184662815,-0.00022509848153573486
2023-03-29,44.66,3.799078246412012,0.005388427945730356
2023-03-30,45.06,3.8079949350040985,0.008916688592086608
2023-03-31,44.79,3.8019849002192085,-0.006010034784889928
2023-04-03,45.34,3.814189645079383,0.012204744860174532
2023-04-04,46.33,3.835789699428557,0.02160005434917389
2023-04-05,46.96,3.849296175519841,0.013506476091284192
2023-04-06,46.7,3.8437441646748516,-0.005552010844989574
2023-04-10,46.57,3.840956556994286,-0.002787607680565518
2023-04-11,46.87,3.847377811934615,0.006421254940328858
2023-04-12,47.03,3.8507856959569566,0.0034078840223417117
2023-04-13,48.07,3.8726582819058692,0.021872585948912615
2023-04-14,47.55,3.8617817889913995,-0.010876492914469793
2023-04-17,47.85,3.8680711178989635,0.006289328907564062
2023-04-18,47.62,3.8632528410587166,-0.004818276840246938
2023-04-19,47.41,3.8588331769140267,-0.004419664144689861
2023-04-20,47.43,3.85925493988949,0.00042176297546347996
2023-04-21,47.59,3.862622655133019,0.003367715243528746
2023-04-24,47.62,3.8632528410587166,0.000630185925697635
2023-04-25,47.43,3.85925493988949,-0.003997901169226381
2023-04-26,47.24,3.8552409913291616,-0.004013948560328551
2023-04-27,47.97,3.8705758155139725,0.015334824184810802
2023-04-28,48.07,3.8726582819058692,0.002082466391896798
2023-05-01,48.3,3.877431560658527,0.004773278752657539
2023-05-02,47.96,3.8703673301593136,-0.007064230499213231
2023-05-03,47.97,3.8705758155139725,0.00020848535465889384
2023-05-04,47.6,3.8628327612373745,-0.007743054276597938
2023-05-05,48.13,3.873905683315018,0.011072922077643543
2023-05-08,48.03,3.871825815676733,-0.002079867638284938
2023-05-09,47.86,3.868280082480227,-0.0035457331965060845
2023-05-10,47.94,3.869950229006238,0.0016701465260111625
2023-05-11,47.64,3.8636727444870993,-0.006277484519138898
2023-05-12,47.34,3.857355604085838,-0.006317140401261412
2023-05-15,47.48,3.860308569741467,0.0029529656556293027
2023-05-16,47.12,3.8526975393433314,-0.007611030398135821
2023-05-17,47.0,3.8501476017100584,-0.002549937633272936
2023-05-18,46.78,3.845455761156033,-0.004691840554025273
2023-05-19,46.95,3.849083205654272,0.0036274444982389298
2023-05-22,46.94,3.8488701904228773,-0.0002130152313948308
2023-05-23,46.56,3.8407418034231826,-0.008128386999694648
2023-05-24,45.87,3.8258113086090804,-0.014930494814102246
2023-05-25,45.06,3.8079949350040985,-0.017816373604981894
2023-05-26,45.44,3.816392774412896,0.00839783940879757
2023-05-30,45.46,3.8168328184243974,0.0004400440115013282
2023-05-31,45.1,3.8088822465086327,-0.007950571915764648
2023-06-01,45.43,3.816172679771312,0.007290433262679308
2023-06-02,45.73,3.822754537669964,0.006581857898651844
2023-06-05,45.6,3.8199077165203406,-0.002846821149623313
2023-06-06,45.68,3.821660565347755,0.0017528488274143328
2023-06-07,45.88,3.82602929226117,0.004368726913415166
2023-06-08,46.01,3.8288587641673772,0.0028294719062071927
2023-06-09,45.97,3.8279890098181366,-0.0008697543492406368
2023-06-12,46.12,3.8312466954008584,0.00325768558272177
2023-06-13,46.44,3.8381611568296905,0.006914461428832119
2023-06-14,45.26,3.8124236402053913,-0.02573751662429924
2023-06-15,45.41,3.8157323451098595,0.003308704904468218
2023-06-16,45.7,3.822098297900159,0.006365952790299723
2023-06-20,45.13,3.80954721383891,-0.012551084061249274
2023-06-21,45.09,3.8086604924329928,-0.000886721405917168
2023-06-22,44.99,3.806440242853081,-0.002220249579911737
2023-06-23,44.58,3.797285327957723,-0.009154914895358246
2023-06-26,44.78,3.8017616111706087,0.004476283212885956
2023-06-27,44.88,3.803992261214441,0.00223065004383205
2023-06-28,44.89,3.804215052793841,0.00022279157940019445
2023-06-29,45.15,3.8099902798629945,0.005775227069153566
2023-06-30,45.59,3.8196883942253503,0.009698114362355792
2023-07-03,45.93,3.8271184983377022,0.0074301041123518985
2023-07-05,45.54,3.8185910606355935,-0.008527437702108731
2023-07-06,44.98,3.8062179465311696,-0.012373114104423877
2023-07-07,44.83,3.802877558167348,-0.003340388363821667
2023-07-10,44.29,3.790758917935107,-0.012118640232241074
2023-07-11,44.31,3.7912103852113983,0.00045146727629141736
2023-07-12,44.55,3.796612153916818,0.005401768705419752
2023-07-13,45.07,3.808216836702557,0.011604682785738785
2023-07-14,44.28,3.790533107840436,-0.017683728862120773
2023-07-17,43.71,3.7775769088752233,-0.012956198965212717
2023-07-18,43.49,3.772531026609547,-0.005045882265676482
2023-07-19,43.89,3.7816865037001426,0.00915547709059572
2023-07-20,44.16,3.78781940196884,0.006132898268697229
2023-07-21,44.44,3.7941399647714293,0.006320562802589524
2023-07-24,44.34,3.7918872041881655,-0.0022527605832638464
2023-07-25,43.85,3.780774718818192,-0.011112485369973335
2023-07-26,43.57,3.774368840129351,-0.006405878688841238
2023-07-27,43.14,3.76445064096101,-0.009918199168340802
2023-07-28,43.08,3.7630588522881876,-0.0013917886728225248
2023-07-31,43.22,3.76630335107874,0.0032444987905524414
2023-08-01,42.76,3.7556030861568446,-0.010700264921895464
2023-08-02,42.08,3.7395725684294545,-0.01603051772739006
2023-08-03,41.58,3.727619282429867,-0.01195328599958767
2023-08-04,42.03,3.7383836490170252,0.010764366587158403
2023-08-07,42.24,3.743367639398006,0.004983990380980963
2023-08-08,41.8,3.7328963395307104,-0.01047129986729578
2023-08-09,42.19,3.7421832261362473,0.009286886605536893
2023-08-10,42.3,3.744787086052232,0.002603859915984774
2023-08-11,42.23,3.743130868945852,-0.0016562171063800868
2023-08-14,41.79,3.732657076459824,-0.010473792486028088
2023-08-15,41.2,3.7184382563554808,-0.014218820104343166
2023-08-16,40.99,3.7133281345162463,-0.005110121839234427
2023-08-17,40.64,3.7047528032702264,-0.008575331246019946
2023-08-18,40.69,3.7059823620135983,0.001229558743371939
2023-08-21,40.5,3.7013019741124933,-0.004680387901105032
2023-08-22,40.4,3.6988297849671046,-0.0024721891453887146
2023-08-23,40.55,3.702535780561422,0.0037059955943172795
2023-08-24,41.37,3.72255598047332,0.020020199911898295
2023-08-25,41.41,3.723522397557476,0.0009664170841556796
2023-08-28,42.09,3.7398101827824792,0.016287785225003404
2023-08-29,42.55,3.750679855019383,0.010869672236903938
2023-08-30,42.61,3.7520889675118205,0.0014091124924373588
2023-08-31,42.35,3.7459684210980635,-0.006120546413757033
2023-09-01,41.45,3.724487881581304,-0.021480539516759656
2023-09-05,41.04,3.714547200862514,-0.009940680718789618
2023-09-06,40.62,3.7042605561522386,-0.010286644710275628
2023-09-07,40.38,3.6983346128846915,-0.00592594326754714
2023-09-08,40.52,3.7017956793804827,0.003461066495791254
2023-09-11,40.96,3.7125959807312525,0.010800301350769814
2023-09-12,41.16,3.717466910965849,0.004870930234596393
2023-09-13,41.25,3.71965111278069,0.0021842018148410247
2023-09-14,40.99,3.7133281345162463,-0.006322978264443613
2023-09-15,40.78,3.708191765146309,-0.0051363693699371105
2023-09-18,40.78,3.708191765146309,0.0
2023-09-19,40.57,3.703028877218356,-0.005162887927953275
2023-09-20,40.55,3.702535780561422,-0.0004930966569340889
2023-09-21,39.69,3.681099266794974,-0.021436513766448062
2023-09-22,39.83,3.684620397193553,0.003521130398579153
2023-09-25,39.44,3.6747805297344347,-0.009839867459118246
2023-09-26,38.51,3.6509179478268177,-0.02386258190761703
2023-09-27,38.17,3.6420498667571386,-0.008868081069679068
2023-09-28,38.2,3.6428355156125294,0.0007856488553907859
2023-09-29,38.17,3.6420498667571386,-0.0007856488553907859
2023-10-02,36.63,3.6008675767907232,-0.041182289966415375
2023-10-03,36.39,3.5942940116240685,-0.006573565166654749
2023-10-04,36.5,3.597312260588446,0.0030182489643775234
2023-10-05,37.38,3.6211358020274167,0.023823541438970697
2023-10-06,37.32,3.619529375979143,-0.001606426048273768
2023-10-09,37.67,3.62886402170395,0.009334645724806911
2023-10-10,38.02,3.6381123370602833,0.009248315356333414
2023-10-11,38.4,3.648057459593681,0.009945122533397743
2023-10-12,37.87,3.634159241913703,-0.013898217679977787
2023-10-13,37.84,3.6333667441836774,-0.0007924977300257652
2023-10-16,38.58,3.652734007477583,0.0193672632939057
2023-10-17,38.39,3.6477970090127063,-0.0049369984648768295
2023-10-18,37.4,3.6216707044204863,-0.026126304592219984
2023-10-19,37.54,3.6254070311583626,0.003736326737876272
2023-10-20,36.93,3.6090242288644716,-0.016382802293890997
2023-10-23,37.37,3.6208682434973927,0.011844014632921063
2023-10-24,37.54,3.6254070311583626,0.004538787660969934
2023-10-25,37.12,3.6141559079179997,-0.011251123240362926
2023-10-26,37.13,3.6144252681889886,0.00026936027098889426
2023-10-27,36.65,3.6014134283326604,-0.013011839856328145
2023-10-30,37.28,3.6184569898173904,0.017043561484729963
2023-10-31,37.13,3.6144252681889886,-0.004031721628401819
2023-11-01,37.86,3.633895145781177,0.01946987759218821
2023-11-02,39.06,3.665098925448533,0.031203779667356102
2023-11-03,39.88,3.6858749450936377,0.020776019645104782
2023-11-06,39.57,3.678071255397333,-0.007803689696304517
2023-11-07,38.94,3.6620219999440535,-0.01604925545327962
2023-11-08,38.64,3.654288009344317,-0.007733990599736451
2023-11-09,38.65,3.654546775033431,0.00025876568911398223
2023-11-10,38.5,3.6506582412937387,-0.0038885337396923347
2023-11-13,38.55,3.6519561000093383,0.0012978587155996202
2023-11-14,39.49,3.676047475298558,0.024091375289219563
2023-11-15,39.5,3.676300671907076,0.00025319660851819137
2023-11-16,39.39,3.6735119769828146,-0.002788694924261481
2023-11-17,39.5,3.676300671907076,0.002788694924261481
2023-11-20,39.47,3.675540889674756,-0.0007597822323202053
2023-11-21,39.37,3.673004104955646,-0.002536784719109786
2023-11-22,39.28,3.670715483486265,-0.0022886214693809137
2023-11-24,39.68,3.6808472824166723,0.010131798930407054
2023-11-27,39.33,3.671987586443718,-0.008859695972954107
2023-11-28,39.24,3.6696966346971625,-0.0022909517465556917
2023-11-29,39.1,3.66612246699132,-0.0035741677058425125
2023-11-30,39.39,3.6735119769828146,0.0073895099914946805
2023-12-01,40.31,3.6965995771290743,0.023087600146259657
2023-12-04,40.6,3.703768066607687,0.007168489478612816
2023-12-05,40.47,3.7005609588877744,-0.0032071077199127274
2023-12-06,40.69,3.7059823620135983,0.005421403125823954
2023-12-07,40.76,3.707701208354524,0.0017188463409256727
2023-12-08,40.61,3.7040143416982065,-0.0036868666563174557
2023-12-11,40.39,3.6985822295753215,-0.00543211212288508
2023-12-12,40.23,3.694612985961697,-0.003969243613624496
2023-12-13,40.98,3.7130841428107537,0.018471156849056758
2023-12-14,40.07,3.6906279246480533,-0.02245621816270038
2023-12-15,38.69,3.6555811687124216,-0.03504675593563178
2023-12-18,38.55,3.6519561000093383,-0.003625068703083212
2023-12-19,38.51,3.6509179478268177,-0.0010381521825206796
2023-12-20,38.3,3.6454498961866,-0.005468051640217464
2023-12-21,38.73,3.6566144935266607,0.011164597340060478
2023-12-22,38.77,3.657646751682838,0.001032258156177246
2023-12-26,38.95,3.6622787723167574,0.004632020633919431
2023-12-27,38.97,3.662792119350618,0.0005133470338605228
2023-12-28,39.15,3.667400422436812,0.004608303086194088
2023-12-29,39.38,3.6732580732109796,0.0058576507741676664
2024-01-02,40.38,3.6983346128846915,0.025076539673711817
2024-01-03,40.63,3.7045067099996354,0.006172097114943931
2024-01-04,40.65,3.7049988359938197,0.0004921259941843559
2024-01-05,40.79,3.708436953329467,0.0034381173356474726
2024-01-08,40.91,3.711374531941307,0.002937578611839964
2024-01-09,40.58,3.7032753343976688,-0.008099197543638414
2024-01-10,40.9,3.711130063048756,0.00785472865108705
2024-01-11,40.69,3.7059823620135983,-0.0051477010351574926
2024-01-12,40.89,3.7108855343765508,0.004903172362952457
2024-01-16,41.42,3.723763855967438,0.01287832159088742
2024-01-17,41.32,3.721346644251438,-0.0024172117160001783
2024-01-18,41.51,3.7259343620649474,0.004587717813509418
2024-01-19,41.68,3.7300213974451113,0.0040870353801638615
2024-01-22,40.93,3.7118632905043114,-0.01815810694079989
2024-01-23,41.16,3.717466910965849,0.005603620461537506
2024-01-24,40.67,3.7054907199191334,-0.011976191046715545
2024-01-25,40.5,3.7013019741124933,-0.004188745806640082
2024-01-26,40.75,3.7074558396868715,0.006153865574378248
2024-01-29,41.12,3.7164946211469094,0.009038781460037892
2024-01-30,40.77,3.707946516831162,-0.008548104315747374
2024-01-31,40.35,3.6975913947159578,-0.010355122115204285
2024-02-01,40.88,3.7106409458954492,0.01304955117949147
2024-02-02,39.55,3.677565694213663,-0.033075251681786266
2024-02-05,39.01,3.663818023518565,-0.01374767069509808
2024-02-06,39.63,3.679586407202344,0.015768383683778975
2024-02-07,39.39,3.6735119769828146,-0.006074430219529248
2024-02-08,37.95,3.636269503841639,-0.03724247314117557
2024-02-09,37.53,3.6251406131469297,-0.011128890694709348
2024-02-12,38.0,3.6375861597263857,0.012445546579455957
2024-02-13,37.09,3.6133473915014993,-0.024238768224886353
2024-02-14,37.01,3.6111881463980646,-0.0021592451034346816
2024-02-15,37.28,3.6184569898173904,0.007268843419325766
2024-02-16,37.68,3.629129449708162,0.010672459890771702
2024-02-20,37.88,3.6344232683178777,0.0052938186097155615
2024-02-21,37.92,3.6354786773868213,0.0010554090689436357
2024-02-22,37.61,3.627269972482245,-0.008208704904576258
2024-02-23,37.6,3.6270040503958487,-0.00026592208639630854
2024-02-26,37.26,3.6179203651734424,-0.009083685222406324
2024-02-27,37.3,3.6189933266497696,0.0010729614763271833
2024-02-28,37.15,3.6149637711637683,-0.004029555486001257
2024-02-29,37.11,3.613886475072506,-0.0010772960912621699
2024-03-01,36.98,3.610377225958979,-0.0035092491135273463
2024-03-04,36.24,3.5901634811747787,-0.020213744784200127
2024-03-05,35.9,3.580737295494233,-0.00942618568054554
2024-03-06,36.34,3.592919062968025,0.012181767473792071
2024-03-07,36.68,3.602231647388264,0.009312584420238856
2024-03-08,36.53,3.5981338408071912,-0.004097806581072838
2024-03-11,36.45,3.5959414584546674,-0.002192382352523836
2024-03-12,36.19,3.588782837575651,-0.007158620879016198
2024-03-13,35.77,3.5771095532709265,-0.011673284304724696
2024-03-14,34.04,3.5275363037051735,-0.04957324956575304
2024-03-15,34.4,3.5380565643793527,0.010520260674179216
2024-03-18,34.2,3.5322256440685598,-0.005830920310792909
2024-03-19,34.17,3.5313480661272005,-0.0008775779413592311
2024-03-20,34.37,3.5371840908617425,0.0058360247345419225
2024-03-21,34.17,3.5313480661272005,-0.0058360247345419225
2024-03-22,33.71,3.5177945292459696,-0.013553536881230954
2024-03-25,33.82,3.5210523434704344,0.0032578142244648056
2024-03-26,33.87,3.5225296668296804,0.0014773233592459967
2024-03-27,34.26,3.5339784928959737,0.011448826066293272
2024-03-28,33.98,3.525772116243786,-0.008206376652187597
2024-04-01,33.8,3.520460802488973,-0.005311313754813085
2024-04-02,32.94,3.494687724749494,-0.0257730777394789
2024-04-03,32.98,3.4959013171314526,0.001213592381958506
2024-04-04,33.17,3.501645852958961,0.005744535827508557
2024-04-05,32.93,3.494384096388273,-0.0072617565706880605
2024-04-08,32.77,3.489513462710723,-0.004870633677549918
2024-04-09,33.17,3.501645852958961,0.012132390248237979
2024-04-10,32.77,3.489513462710723,-0.012132390248237979
2024-04-11,32.79,3.4901235908565567,0.0006101281458334995
2024-04-12,32.11,3.4691675081014224,-0.020956082755134275
2024-04-15,32.4,3.4781584227982836,0.008990914696861196
2024-04-16,32.22,3.472587377748828,-0.005571045049455492
2024-04-17,32.24,3.4732079176384274,0.0006205398895993142
2024-04-18,32.21,3.4722769633431074,-0.0009309542953199745
2024-04-19,32.6,3.484312288372662,0.0120353250295544
2024-04-22,32.9,3.493472657771326,0.009160369398664159
2024-04-23,33.26,3.5043554737647815,0.01088281599345553
2024-04-24,33.06,3.498324092392878,-0.00603138137190351
2024-04-25,32.89,3.4931686602009657,-0.005155432191912279
2024-04-26,32.62,3.4849255971928677,-0.008243063008098073
2024-04-29,32.75,3.488902962081261,0.003977364888393176
2024-04-30,32.85,3.4919517449306197,0.003048782849358833
2024-05-01,33.26,3.5043554737647815,0.012403728834161853
2024-05-02,32.99,3.49620448524049,-0.008150988524291414
2024-05-03,33.6,3.5145260669691587,0.0183215817286686
2024-05-06,33.55,3.5130368634176907,-0.001489203551467977
2024-05-07,33.46,3.510350695558678,-0.002686167859012656
2024-05-08,33.62,3.5151211279804695,0.004770432421791426
2024-05-09,33.79,3.5201649007261984,0.0050437727457288695
2024-05-10,33.94,3.52459425980608,0.004429359079881845
2024-05-13,33.94,3.52459425980608,0.0
2024-05-14,34.17,3.5313480661272005,0.006753806321120326
2024-05-15,34.57,3.5429862539335333,0.011638187806332745
2024-05-16,34.34,3.5363108554693294,-0.006675398464203841
2024-05-17,34.34,3.5363108554693294,0.0
2024-05-20,34.07,3.5284172316728752,-0.007893623796454197
2024-05-21,33.85,3.521938999358284,-0.006478232314591104
2024-05-22,34.15,3.530762586016799,0.008823586658514682
2024-05-23,33.79,3.5201649007261984,-0.010597685290600456
2024-05-24,33.57,3.5136328109919437,-0.006532089734254676
2024-05-28,33.61,3.5148236417370144,0.001190830745070759
2024-05-29,33.19,3.502248625731883,-0.012575016005131445
2024-05-30,33.66,3.51631018876266,0.014061563030776991
2024-05-31,34.21,3.5325179989895132,0.016207810226853248
2024-06-03,34.36,3.536893097116055,0.004375098126541577
2024-06-04,34.45,3.539508997459668,0.0026159003436130313
2024-06-05,34.51,3.541249137109912,0.0017401396502441102
2024-06-06,34.49,3.5406694269487495,-0.0005797101611624278
2024-06-07,34.23,3.533102452542094,-0.007566974406655547
2024-06-10,33.89,3.52311998561896,-0.00998246692313387
2024-06-11,34.06,3.5281236752345424,0.005003689615582285
2024-06-12,34.29,3.534853766474829,0.006730091240286562
2024-06-13,33.98,3.525772116243786,-0.009081650231042904
2024-06-14,32.88,3.492864570187979,-0.032907546055807035
2024-06-17,32.64,3.4855385300959063,-0.0073260400920727164
2024-06-18,32.5,3.481240089335692,-0.004298440760214461
2024-06-20,32.79,3.4901235908565567,0.008883501520864812
2024-06-21,32.6,3.484312288372662,-0.005811302483894831
2024-06-24,33.24,3.5037539699872475,0.019441681614585704
2024-06-25,32.72,3.487986511734546,-0.015767458252701427
2024-06-26,32.57,3.4833916192881422,-0.004594892446403875
2024-06-27,32.39,3.477849733183238,-0.005541886104904137
2024-06-28,32.37,3.4772320679381528,-0.0006176652450853304
2024-07-01,32.09,3.4685444551217657,-0.00868761281638708
2024-07-02,31.33,3.4445761049641,-0.02396835015766552
2024-07-03,31.47,3.4490347110763153,0.004458606112215158
2024-07-05,31.62,3.453789831781326,0.004755120705010718
2024-07-08,31.73,3.4572626055951043,0.003472773813778307
2024-07-09,31.54,3.451256581534892,-0.006006024060212223
2024-07-10,31.77,3.4585224482814247,0.007265866746532623
2024-07-11,32.27,3.4741380060638707,0.015615557782445944
2024-07-12,32.47,3.4803165861147547,0.006178580050884008
2024-07-15,32.7,3.487375077903208,0.007058491788453303
2024-07-16,32.95,3.4949912609485163,0.007616183045308311
2024-07-17,33.37,3.5076572927632825,0.012666031814766221
2024-07-18,33.33,3.506457892319648,-0.001199400443634424
2024-07-19,33.21,3.5028510353886553,-0.00360685693099283
2024-07-22,32.98,3.4959013171314526,-0.006949718257202697
2024-07-23,32.89,3.4931686602009657,-0.002732656930486854
2024-07-24,33.16,3.501344330267094,0.008175670066128404
2024-07-25,33.17,3.501645852958961,0.00030152269186700664
2024-07-26,33.36,3.507357577490546,0.00571172453158475
2024-07-29,33.27,3.5046560900303856,-0.002701487460160301
2024-07-30,33.56,3.5133348815990053,0.008678791568619726
2024-07-31,33.73,3.5183876490735586,0.005052767474553299
2024-08-01,33.93,3.5242995787961386,0.005911929722580034
2024-08-02,34.33,3.5360196074696004,0.01172002867346178
2024-08-05,33.93,3.5242995787961386,-0.01172002867346178
2024-08-06,35.0,3.5553480614894135,0.03104848269327487
2024-08-07,34.85,3.551053137206533,-0.004294924282880697
2024-08-08,35.02,3.555919326857706,0.004866189651173247
2024-08-09,34.99,3.5550623063795967,-0.000857020478109316
2024-08-12,34.82,3.550191934340043,-0.004870372039553761
2024-08-13,34.48,3.5403794457954922,-0.009812488544550746
2024-08-14,34.26,3.5339784928959737,-0.006400952899518586
2024-08-15,34.31,3.5354368568703585,0.0014583639743848131
2024-08-16,34.31,3.5354368568703585,0.0
2024-08-19,34.36,3.536893097116055,0.0014562402456963497
2024-08-20,34.53,3.541828511401901,0.004935414285846207
2024-08-21,34.62,3.544431549748063,0.0026030383461619344
2024-08-22,34.55,3.542407550213679,-0.0020239995343840356
2024-08-23,34.97,3.5544905510752844,0.01208300086160552
2024-08-26,35.14,3.559340082758951,0.00484953168366653
2024-08-27,35.22,3.56161410306806,0.0022740203091089484
2024-08-28,35.01,3.555633734966574,-0.005980368101485833
2024-08-29,34.89,3.5522002551986827,-0.003433479767891434
2024-08-30,35.0,3.5553480614894135,0.003147806290730859
2024-09-03,35.32,3.564449375735759,0.009101314246345638
2024-09-04,35.88,3.5801800371905954,0.01573066145483626
2024-09-05,35.95,3.5821290841670557,0.0019490469764602558
2024-09-06,35.75,3.5765502691400166,-0.005578815027039052
2024-09-09,36.08,3.585738695194423,0.009188426054406396
2024-09-10,35.3,3.563882963939251,-0.02185573125517193
2024-09-11,35.19,3.5607619513334936,-0.0031210126057574783
2024-09-12,35.26,3.562749176969724,0.0019872256362303276
2024-09-13,35.4,3.5667118201397288,0.0039626431700048315
2024-09-16,34.38,3.5374749999547035,-0.02923682018502527
2024-09-17,34.51,3.541249137109912,0.003774137155208468
2024-09-18,35.61,3.5726264972896864,0.03137736017977444
2024-09-19,35.19,3.5607619513334936,-0.011864545956192796
2024-09-20,35.04,3.5564902660681907,-0.00427168526530286
2024-09-23,35.1,3.55820113047182,0.0017108644036292198
2024-09-24,35.13,3.559055466277736,0.0008543358059158734
2024-09-25,34.9,3.5524868292083815,-0.006568637069354288
2024-09-26,34.83,3.5504790843779097,-0.002007744830471836
2024-09-27,35.19,3.5607619513334936,0.010282866955583891
2024-09-30,34.8,3.5496173867804286,-0.011144564553065006
2024-10-01,34.83,3.5504790843779097,0.0008616975974811147
2024-10-02,34.44,3.53921867955953,-0.011260404818379754
2024-10-03,33.84,3.521643534738023,-0.017575144821507127
2024-10-04,33.71,3.5177945292459696,-0.003849005492053248
2024-10-07,33.53,3.512440560478137,-0.005353968767832562
2024-10-08,33.51,3.511843901749219,-0.0005966587289178982
2024-10-09,33.31,3.5058576522055884,-0.005986249543630695
2024-10-10,32.86,3.492256112609122,-0.013601539596466594
2024-10-11,33.02,3.497113438491982,0.004857325882860142
2024-10-14,32.56,3.4830845411343394,-0.014028897357642567
2024-10-15,33.41,3.508855256368665,0.025770715234325614
2024-10-16,33.48,3.5109482456212744,0.0020929892526093674
2024-10-17,33.49,3.5112468868061133,0.00029864118483891033
2024-10-18,33.54,3.5127387563950627,0.0014918695889494238
2024-10-21,33.39,3.508256453955563,-0.0044823024394995414
2024-10-22,33.32,3.506157817298642,-0.0020986366569211157
2024-10-23,33.21,3.5028510353886553,-0.003306781909986789
2024-10-24,33.14,3.500741011998417,-0.002110023390238247
2024-10-25,32.79,3.4901235908565567,-0.010617421141860373
2024-10-28,32.69,3.487069220736119,-0.0030543701204375218
2024-10-29,32.46,3.480008562086445,-0.007060658649673979
2024-10-30,32.24,3.4732079176384274,-0.006800644448017756
2024-10-31,32.26,3.4738280726970627,0.0006201550586353299
2024-11-01,32.1,3.4688560301359703,-0.004972042561092405
2024-11-04,29.12,3.3714252233284854,-0.09743080680748495
2024-11-05,28.84,3.3617633124167483,-0.00966191091173707
2024-11-06,28.74,3.358289880650879,-0.003473431765869339
2024-11-07,28.07,3.334701390373791,-0.02358849027708798
2024-11-08,28.37,3.34533224882076,0.010630858446968983
2024-11-11,27.85,3.326832966373293,-0.018499282447467014
2024-11-12,27.69,3.3210713371828704,-0.005761629190422557
2024-11-13,27.21,3.303584552795155,-0.01748678438771556
2024-11-14,26.84,3.289893312103481,-0.013691240691673823
2024-11-15,26.82,3.2891478778535324,-0.0007454342499486621
2024-11-18,27.23,3.3043193066856684,0.015171428832136069
2024-11-19,27.31,3.3072529354856135,0.002933628799945076
2024-11-20,27.0,3.295836866004329,-0.011416069481284374
2024-11-21,26.68,3.283914221047423,-0.011922644956906314
2024-11-22,26.77,3.2872818575322613,0.00336763648483851
2024-11-25,27.02,3.2965773325320527,0.009295474999791331
2024-11-26,26.63,3.282038399825841,-0.01453893270621176
2024-11-27,27.02,3.2965773325320527,0.01453893270621176
2024-11-29,27.03,3.2969473602883563,0.00037002775630368134
2024-12-02,27.04,3.2973172511747633,0.0003698908864069317
2024-12-03,27.31,3.3072529354856135,0.009935684310850235
2024-12-04,26.84,3.289893312103481,-0.017359623382132483
2024-12-05,26.97,3.2947251371516386,0.004831825048157601
2024-12-06,26.78,3.2876553402630266,-0.007069796888611979
2024-12-09,26.9,3.292126286607793,0.004470946344766524
2024-12-10,26.46,3.2756341586868096,-0.016492127920983535
2024-12-11,25.97,3.256942025674657,-0.018692133012152556
2024-12-12,25.81,3.2507620137305224,-0.006180011944134645
2024-12-13,25.52,3.239462458476589,-0.011299555253933224
2024-12-16,23.86,3.17220341666977,-0.0672590418068193
2024-12-17,23.58,3.160398895109225,-0.011804521560545123
2024-12-18,23.4,3.152736022363656,-0.007662872745568983
2024-12-19,23.11,3.1402654242862895,-0.01247059807736628
2024-12-20,23.16,3.1424266527047946,0.002161228418505079
2024-12-23,22.84,3.1285133847878095,-0.013913267916985106
2024-12-24,22.9,3.131136910560194,0.0026235257723845606
2024-12-26,22.87,3.12982600803469,-0.001310902525504254
2024-12-27,22.66,3.12060125559986,-0.009224752434829675
2024-12-30,22.53,3.114847754444153,-0.0057535011557070526
2024-12-31,23.18,3.1432898379116057,0.028442083467452584
2025-01-02,23.26,3.1467351470905185,0.0034453091789128365
2025-01-03,23.82,3.170525563927154,0.02379041683663541
2025-01-06,23.94,3.1755507001298273,0.005025136202673419
2025-01-07,23.86,3.17220341666977,-0.0033472834600574153
2025-01-08,23.63,3.1625170911988163,-0.009686325470953605
2025-01-10,22.96,3.133753571451366,-0.028763519747450506
2025-01-13,23.21,3.1445832202863455,0.010829648834979722
2025-01-14,22.54,3.11529150861163,-0.029291711674715337
2025-01-15,22.73,3.123685637864452,0.008394129252821791
2025-01-16,22.82,3.1276373444339294,0.003951706569477409
2025-01-17,23.15,3.1419947805322432,0.014357436098313858
2025-01-21,23.39,3.1523085805960878,0.010313800063844525
2025-01-22,23.15,3.1419947805322432,-0.010313800063844525
2025-01-23,23.22,3.1450139762697455,0.0030191957375023115
2025-01-24,23.53,3.158276202739271,0.013262226469525462
2025-01-27,24.06,3.180550710546533,0.022274507807261923
2025-01-28,23.88,3.1730412885244013,-0.007509422022131673
2025-01-29,23.7,3.1654750481410856,-0.007566240383315659
2025-01-30,23.9,3.173878458937465,0.008403410796379518
2025-01-31,23.79,3.1692653243148663,-0.0046131346225988246
2025-02-03,24.03,3.1793030497483774,0.010037725433511113
2025-02-04,24.4,3.1945831322991562,0.01528008255077884
2025-02-05,24.9,3.214867803470662,0.020284671171505675
2025-02-06,23.52,3.1578511230304263,-0.05701668044023567
2025-02-07,22.14,3.0973859272804907,-0.060465195749935585
2025-02-10,22.51,3.113959654918641,0.01657372763815035
2025-02-11,22.88,3.130263166511597,0.016303511592956177
2025-02-12,23.26,3.1467351470905185,0.016471980578921297
2025-02-13,23.63,3.1625170911988163,0.015781944108297807
2025-02-14,23.82,3.170525563927154,0.008008472728337601
2025-02-18,23.37,3.1514531485507664,-0.019072415376387486
2025-02-19,23.42,3.1535903581695712,0.002137209618804814
2025-02-20,23.57,3.1599747169480397,0.006384358778468435
2025-02-21,23.97,3.176803048446293,0.016828331498253135
2025-02-24,24.08,3.1813816204406202,0.0045785719943274295
2025-02-25,23.91,3.1742967814702334,-0.007084838970386809
2025-02-26,23.36,3.151025157960026,-0.023271623510207284
2025-02-27,23.39,3.1523085805960878,0.0012834226360616263
2025-02-28,23.12,3.1406980438041767,-0.011610536791911041
2025-03-03,23.41,3.1531632815028194,0.012465237698642717
2025-03-04,23.61,3.1616703510974213,0.008507069594601901
2025-03-05,23.71,3.165896900077314,0.004226548979892719
2025-03-06,24.49,3.1982648709640764,0.032367970886762354
2025-03-07,24.8,3.2108436531709366,0.01257878220686015
2025-03-10,25.18,3.2260500286162013,0.015206375445264708
2025-03-11,24.78,3.2100368762009963,-0.016013152415204956
2025-03-12,24.35,3.192531849528599,-0.017505026672397506
2025-03-13,24.36,3.192942442841696,0.0004105933130973405
2025-03-14,23.47,3.1557230098629323,-0.037219432978763844
2025-03-17,23.7,3.1654750481410856,0.009752038278153297
2025-03-18,23.78,3.1688448912626357,0.003369843121550087
2025-03-19,23.37,3.1514531485507664,-0.017391742711869274
2025-03-20,23.02,3.1363634032937364,-0.015089745257029996
2025-03-21,22.7,3.122364924487357,-0.013998478806379389
2025-03-24,22.52,3.1144038032714896,-0.00796112121586745
2025-03-25,22.53,3.114847754444153,0.0004439511726634926
2025-03-26,22.65,3.120159851929043,0.005312097484889922
2025-03-27,23.16,3.1424266527047946,0.022266800775751605
2025-03-28,22.97,3.134189016701007,-0.008237636003787685
2025-03-31,22.96,3.133753571451366,-0.00043544524964111986
2025-04-01,22.78,3.125882958019036,-0.007870613432329865
2025-04-02,21.82,3.0828269804049246,-0.043055977614111285
2025-04-03,22.66,3.12060125559986,0.03777427519493548
2025-04-04,22.71,3.122805356117467,0.0022041005176069994
2025-04-07,22.08,3.0946722214088944,-0.028133134708572705
2025-04-08,20.87,3.038312721089109,-0.056359500319785205
2025-04-09,21.0,3.044522437723423,0.0062097166343138
2025-04-10,20.98,3.043569602968151,-0.0009528347552718586
2025-04-11,21.36,3.061520014091994,0.01795041112384288
2025-04-14,21.65,3.075005454448499,0.013485440356504785
2025-04-15,21.24,3.055886196373738,-0.019119258074761003
2025-04-16,21.62,3.073618812211062,0.017732615837324328
2025-04-17,22.04,3.092858984284714,0.019240172073651696
2025-04-21,22.38,3.108167702883779,0.01530871859906524
2025-04-22,22.25,3.1023420086122493,-0.005825694271529791
2025-04-23,22.22,3.100992784211484,-0.0013492244007653476
2025-04-24,22.01,3.0914968955383704,-0.009495888673113573
2025-04-25,21.65,3.075005454448499,-0.01649144108987155
2025-04-28,21.81,3.0823685802135374,0.007363125765038614
2025-04-29,21.92,3.087399462079815,0.005030881866277426
2025-04-30,22.25,3.1023420086122493,0.014942546532434431
2025-05-01,21.44,3.0652583362026014,-0.03708367240964794
2025-05-02,21.45,3.065724645374026,0.00046630917142476136
2025-05-05,21.39,3.062923523094314,-0.002801122279711965
2025-05-06,21.59,3.072230244526716,0.009306721432401854
2025-05-07,21.25,3.056356895370426,-0.01587334915629013
2025-05-08,22.23,3.101442727976105,0.04508583260567933
2025-05-09,22.71,3.122805356117467,0.021362628141361917
2025-05-12,22.56,3.1161784266298582,-0.006626929487608901
2025-05-13,21.98,3.090132948975475,-0.02604547765438303
2025-05-14,21.26,3.056827372913802,-0.03330557606167339
2025-05-15,21.63,3.0740812399649675,0.017253867051165717
2025-05-16,21.56,3.070839746040796,-0.0032414939241713903
2025-05-19,21.57,3.071303460401065,0.0004637143602690408
2025-05-20,21.66,3.0754672415728446,0.0041637811717794015
2025-05-21,21.47,3.0666566118906897,-0.008810629682154847
2025-05-22,21.47,3.0666566118906897,0.0
2025-05-23,21.53,3.0694473113762717,0.002790699485581971
2025-05-27,21.48,3.067122269640664,-0.002325041735607769
2025-05-28,21.16,3.052112606990099,-0.015009662650565136
2025-05-29,21.5,3.068052935133617,0.0159403281435182
2025-05-30,21.8,3.0819099697950434,0.013857034661426404
2025-06-02,22.28,3.1036894150590832,0.021779445264039854
2025-06-03,21.94,3.088311454847084,-0.01537796021199922
2025-06-04,21.96,3.08922261664133,0.000911161794245885
2025-06-05,21.86,3.0846584827483925,-0.0045641338929374164
2025-06-06,21.78,3.0809921175048145,-0.003666365243577996
2025-06-09,22.1,3.095577608523707,0.014585491018892505
2025-06-10,22.5,3.1135153092103742,0.017937700686667224
2025-06-11,22.45,3.1112906141882632,-0.0022246950221109785
2025-06-12,22.95,3.133317936506554,0.022027322318290743
2025-06-13,22.8,3.126760535960395,-0.006557400546158831
2025-06-16,22.39,3.1086144306106633,-0.018146105349731823
2025-06-17,22.0,3.091042453358316,-0.01757197725234727
2025-06-18,21.8,3.0819099697950434,-0.009132483563272675
2025-06-20,21.71,3.0777729838902004,-0.004136985904843016
2025-06-23,21.88,3.0855729775537806,0.007799993663580196
2025-06-24,21.98,3.090132948975475,0.00455997142169462
2025-06-25,21.94,3.088311454847084,-0.0018214941283911656
2025-06-26,21.85,3.084200921541599,-0.0041105333054849424
2025-06-27,21.8,3.0819099697950434,-0.0022909517465556917
2025-06-30,22.17,3.09874002362822,0.016830053833176706
2025-07-01,22.63,3.119276459645446,0.020536436017225768
2025-07-02,22.86,3.1293886583666644,0.01011219872121849
2025-07-03,22.85,3.128951117340214,-0.0004375410264505497
2025-07-07,23.29,3.1480240838962494,0.01907296655603563
2025-07-08,23.91,3.1742967814702334,0.026272697573983983
2025-07-09,23.83,3.170945291110651,-0.0033514903595825984
2025-07-10,24.06,3.180550710546533,0.009605419435882112
2025-07-11,23.81,3.170105660498771,-0.01044505004776175
2025-07-14,23.89,3.173459961337718,0.003354300838946944
2025-07-15,24.06,3.180550710546533,0.007090749208814806
2025-07-16,24.43,3.195811885269649,0.015261174723116167
2025-07-17,24.09,3.18179681662678,-0.014015068642869277
2025-07-18,23.68,3.164630810015805,-0.017166006610974893
2025-07-21,23.97,3.176803048446293,0.01217223843048787
2025-07-22,24.38,3.1937631240531252,0.016960075606832437
2025-07-23,24.6,3.202746442938317,0.008983318885191771
2025-07-24,24.43,3.195811885269649,-0.006934557668667907
2025-07-25,24.2,3.186352633162641,-0.009459252107008265
2025-07-28,23.83,3.170945291110651,-0.015407342051990014
2025-07-29,23.66,3.1637858585502405,-0.007159432560410295
2025-07-30,23.53,3.158276202739271,-0.005509655810969516
2025-07-31,23.33,3.1497400860333387,-0.00853611670593235
2025-08-01,23.57,3.1599747169480397,0.010234630914701004
2025-08-04,23.31,3.1488824530476656,-0.0110922639003741
2025-08-05,23.56,3.159550358783386,0.010667905735720407
2025-08-06,23.25,3.1463051320333655,-0.013245226750020489
2025-08-07,23.78,3.1688448912626357,0.022539759229270206
2025-08-08,24.35,3.192531849528599,0.02368695826596312
2025-08-11,24.35,3.192531849528599,0.0
2025-08-12,24.5,3.1986731175506815,0.006141268022082702
2025-08-13,25.11,3.2232661731694936,0.024593055618812087
2025-08-14,25.37,3.2335673736111907,0.010301200441697134
2025-08-15,25.61,3.242982900211434,0.00941552660024314
2025-08-18,25.57,3.2414197893030954,-0.0015631109083384942
2025-08-19,25.58,3.2418107961506966,0.000391006847601183
2025-08-20,25.74,3.2480462021679806,0.0062354060172840065
2025-08-21,25.72,3.2472688993694185,-0.0007773027985620296
2025-08-22,25.49,3.238286218388024,-0.00898268098139443
2025-08-25,25.22,3.2276373305367736,-0.01064888785125051
2025-08-26,24.9,3.214867803470662,-0.012769527066111674
2025-08-27,24.98,3.2180755046974316,0.0032077012267697214
2025-08-28,24.82,3.211649779776461,-0.006425724920970488
2025-08-29,24.96,3.217274543501227,0.0056247637247657245
2025-09-02,24.43,3.195811885269649,-0.02146265823157778
2025-09-03,24.53,3.199896858270398,0.004084973000749059
2025-09-04,24.47,3.19744787745458,-0.0024489808158181248
2025-09-05,24.72,3.20761263258949,0.010164755134909775
2025-09-08,24.39,3.194173212227829,-0.013439420361661014
2025-09-09,24.2,3.186352633162641,-0.00782057906518796
2025-09-10,24.14,3.1838702156693857,-0.0024824174932551735
2025-09-11,24.3,3.190476350346503,0.006606134677117126
2025-09-12,24.16,3.184698373066614,-0.005777977279888713
2025-09-15,23.69,3.165053018170694,-0.019645354895919898
2025-09-16,23.43,3.1540172525197043,-0.011035765650989848
2025-09-17,23.49,3.1565747986708215,0.0025575461511171405
2025-09-18,23.1,3.139832617527748,-0.016742181143073687
2025-09-19,23.22,3.1450139762697455,0.005181358741997766
2025-09-22,23.07,3.138533072185662,-0.0064809040840834164
2025-09-23,23.24,3.1458749319837103,0.007341859798048134
2025-09-24,23.12,3.1406980438041767,-0.005176888179533545
2025-09-25,23.05,3.1376657694426577,-0.003032274361518983
2025-09-26,23.1,3.139832617527748,0.002166848085090045
2025-09-29,23.27,3.1471649773142003,0.007332359786452525
2025-09-30,23.39,3.1523085805960878,0.005143603281887454
2025-10-01,23.47,3.1557230098629323,0.003414429266844543
2025-10-02,23.23,3.145444546782318,-0.010278463080614308
2025-10-03,23.36,3.151025157960026,0.005580611177708139
2025-10-06,23.19,3.1437211512674406,-0.007304006692585574
2025-10-07,23.29,3.1480240838962494,0.004302932628808875
2025-10-08,23.23,3.145444546782318,-0.0025795371139314405
2025-10-09,23.44,3.154443964708812,0.008999417926494058
2025-10-10,23.9,3.173878458937465,0.019434494228653065
2025-10-13,24.2,3.186352633162641,0.012474174225175716
2025-10-14,23.33,3.1497400860333387,-0.036612547129302175
2025-10-15,23.65,3.1633631149379418,0.013623028904603096
2025-10-16,23.69,3.165053018170694,0.001689903232752421
2025-10-17,24.26,3.1888289035159043,0.023775885345210135
2025-10-20,23.86,3.17220341666977,-0.016625486846134407
2025-10-21,23.93,3.175132901920282,0.002929485250512176
2025-10-22,24.04,3.179719109667007,0.004586207746724913
2025-10-23,23.86,3.17220341666977,-0.007515692997237089
2025-10-24,23.81,3.170105660498771,-0.0020977561709987214
2025-10-27,23.48,3.1561489949598958,-0.013956665538875423
2025-10-28,23.57,3.1599747169480397,0.003825721988143904
2025-10-29,23.49,3.1565747986708215,-0.0033999182772181946
2025-10-30,23.11,3.1402654242862895,-0.01630937438453195
2025-10-31,22.86,3.1293886583666644,-0.010876765919625164
2025-11-03,22.67,3.1210424645194377,-0.00834619384722668
2025-11-04,22.29,3.1041381473977774,-0.016904317121660295
2025-11-05,22.39,3.1086144306106633,0.004476283212885956
2025-11-06,23.17,3.142858338444285,0.034243907833621634
2025-11-07,23.19,3.1437211512674406,0.0008628128231555898
2025-11-10,22.94,3.1328821117012247,-0.010839039566215902
2025-11-11,23.41,3.1531632815028194,0.02028116980159478
2025-11-12,22.77,3.125443880075648,-0.02771940142717133
2025-11-13,23.11,3.1402654242862895,0.014821544210641413
2025-11-14,22.83,3.1280754605417043,-0.012189963744585253
2025-11-17,23.04,3.1372318358276905,0.009156375285986229
2025-11-18,23.02,3.1363634032937364,-0.0008684325339540777
2025-11-19,22.79,3.126321843257593,-0.010041560036143427
2025-11-20,22.95,3.133317936506554,0.0069960932489609995
2025-11-21,23.13,3.141130476243348,0.007812539736793855
2025-11-24,23.07,3.138533072185662,-0.002597404057685715
2025-11-25,23.02,3.1363634032937364,-0.0021696688919257134
2025-11-26,23.2,3.1441522786722644,0.007788875378528015
2025-11-28,23.51,3.157425862551978,0.01327358387971378
2025-12-01,23.49,3.1565747986708215,-0.0008510638811567439
2025-12-02,23.37,3.1514531485507664,-0.005121650120055055
2025-12-03,23.18,3.1432898379116057,-0.008163310639160759
2025-12-04,23.22,3.1450139762697455,0.0017241383581398928
2025-12-05,23.55,3.159125820462427,0.0141118441926813
2025-12-08,23.34,3.15016862685841,-0.008957193604016922
2025-12-09,23.15,3.1419947805322432,-0.00817384632616669
2025-12-10,23.19,3.1437211512674406,0.0017263707351973245
2025-12-11,23.4,3.152736022363656,0.009014871096215238
2025-12-12,23.71,3.165896900077314,0.013160877713658259
2025-12-15,23.61,3.1616703510974213,-0.004226548979892719
2025-12-16,23.33,3.1497400860333387,-0.011930265064082679
2025-12-17,23.15,3.1419947805322432,-0.007745305501095423
2025-12-18,22.85,3.128951117340214,-0.013043663192029431
2025-12-19,22.84,3.1285133847878095,-0.00043773255240431297
2025-12-22,22.73,3.123685637864452,-0.004827746923357523
2025-12-23,22.73,3.123685637864452,0.0
2025-12-24,23.01,3.1359289040472746,0.012243266182822676
2025-12-26,23.05,3.1376657694426577,0.0017368653953830915
2025-12-29,23.38,3.1518809560439225,0.014215186601264751
2025-12-30,23.57,3.1599747169480397,0.008093760904117175
2025-12-31,23.82,3.170525563927154,0.010550846979114237
2026-01-02,23.66,3.1637858585502405,-0.006739705376913374
2026-01-05,23.72,3.1663185741295248,0.0025327155792842504
2026-01-06,23.28,3.147594622863237,-0.018723951266287564
2026-01-07,23.33,3.1497400860333387,0.002145463170101447
2026-01-08,23.75,3.1675825304806504,0.017842444447311756
2026-01-09,23.74,3.167161389181522,-0.0004211412991286245
2026-01-12,23.84,3.171364842197149,0.00420345301562719
2026-01-13,23.72,3.1663185741295248,-0.0050462680676242044
2026-01-14,24.22,3.1871787381249463,0.020860163995421566
2026-01-15,24.24,3.1880041612011136,0.0008254230761672865
2026-01-16,24.14,3.1838702156693857,-0.004133945531727967
2026-01-20,24.39,3.194173212227829,0.010302996558443134
2026-01-21,24.510000228881836,3.199081206878325,0.004907994650496406
2026-01-22,24.709999084472656,3.207207982949634,0.00812677607130885
2026-01-23,25.200000762939453,3.226844024792752,0.01963604184311807
2026-01-26,25.15,3.224857896545748,-0.001986128247004171
2026-01-27,25.520000457763672,3.2394624764140367,0.01460457986828878
2026-01-28,25.270000457763672,3.2296179395150086,-0.009844536899028089
2026-01-29,25.49,3.238286218388024,0.008668278873015467
2026-01-30,25.860000610351562,3.2526973969458597,0.01441117855783558
2026-02-02,25.829999923706055,3.251536604154054,-0.0011607927918055871
2026-02-03,26.1,3.261935314328648,0.010398710174593706
2026-02-04,26.34,3.271088696315135,0.009153381986487297
2026-02-05,25.57,3.2414197893030954,-0.029668907012039725
2026-02-06,25.08,3.22207071576472,-0.01934907353837545
2026-02-09,25.62,3.2433732964685884,0.02130258070386848
2026-02-10,25.829999923706055,3.251536604154054,0.008163307685465693
2026-02-11,25.649999618530273,3.2445435567446643,-0.006993047409389774
2026-02-12,25.83,3.251536607107749,0.006993050363084841
2026-02-13,25.71,3.246880021277798,-0.004656585829950988
2026-02-17,25.790000915527344,3.249986855392568,0.003106834114769974
2026-02-18,25.709999084472656,3.2468799856680213,-0.003106869724546879
2026-02-19,25.56999969482422,3.24141977736818,-0.005460208299841174
2026-02-20,25.8,3.250374491927572,0.008954714559391785
2026-02-23,26.07,3.2607852279454104,0.010410736017838484
2026-02-24,26.03,3.259249719006474,-0.0015355089389363918
2026-02-25,25.63,3.24376354037598,-0.015486178630494063
2026-02-26,25.67,3.245322994883049,0.00155945450706918
2026-02-27,26.309999465942383,3.269949074753546,0.02462607987049692
2026-03-02,26.229999542236328,3.2669037764268696,-0.0030452983266764377
2026-03-03,26.399999618530273,3.2733639957026597,0.006460219275790102
2026-03-04,26.450000762939453,3.2752561871488997,0.001892191446239977
2026-03-05,25.98,3.2573270112424533,-0.017929175906446382
2026-03-06,26.059999465942383,3.2604015512033135,0.0030745399608602675
2026-03-09,25.8799991607666,3.2534704372048244,-0.0069311139984891135
2026-03-10,26.389999389648438,3.2729851273870945,0.019514690182270034
2026-03-11,25.889999389648438,3.2538567701886465,-0.019128357198447965
2026-03-12,25.68000030517578,3.2457124907055523,-0.008144279483094152
