date,price,log_price,r
2009-07-06,29.011,3.367675068411319,-0.010526593456520406
2009-07-07,28.555,3.3518320521168263,-0.015843016294492696
2009-07-08,28.63,3.354455119110024,0.002623066993197476
2009-07-09,28.63,3.354455119110024,0.0
2009-07-10,28.783,3.3597849350816085,0.005329815971584662
2009-07-13,28.63,3.354455119110024,-0.005329815971584662
2009-07-14,29.625,3.3886185994552953,0.0341634803452715
2009-07-15,30.427,3.415330372128068,0.026711772672772582
2009-07-16,30.197,3.407742581698159,-0.0075877904299090915
2009-07-17,29.699,3.3911133752081355,-0.016629206490023307
2009-07-20,30.197,3.407742581698159,0.016629206490023307
2009-07-21,29.585,3.3872674761286574,-0.020475105569501384
2009-07-22,30.197,3.407742581698159,0.020475105569501384
2009-07-23,30.462,3.4164800051933124,0.008737423495153607
2009-07-24,30.462,3.4164800051933124,0.0
2009-07-27,30.233,3.4089340430338773,-0.007545962159435149
2009-07-28,30.441,3.4157903839650556,0.006856340931178373
2009-07-29,30.043,3.4026296887537804,-0.013160695211275275
2009-07-30,30.387,3.4140148853727696,0.01138519661898929
2009-07-31,30.654,3.422763159576716,0.008748274203946416
2009-08-03,30.38,3.4137844971676268,-0.008978662409089289
2009-08-04,29.966,3.4000634056209527,-0.013721091546674113
2009-08-05,30.082,3.4039269862330217,0.0038635806120690397
2009-08-06,30.082,3.4039269862330217,0.0
2009-08-07,30.117,3.4050897963774993,0.0011628101444776107
2009-08-10,30.654,3.422763159576716,0.01767336319921675
2009-08-11,30.845,3.428974662661602,0.006211503084885717
2009-08-12,31.342,3.444959051101024,0.015984388439422403
2009-08-13,29.891,3.3975574317415598,-0.04740161935946441
2009-08-14,29.547,3.385982215855675,-0.011575215885884838
2009-08-17,29.891,3.3975574317415598,0.011575215885884838
2009-08-18,30.654,3.422763159576716,0.02520572783515629
2009-08-19,31.065,3.4360817835156574,0.013318623938941343
2009-08-20,30.999,3.4339549459003273,-0.0021268376153300572
2009-08-21,32.105,3.4690117812460115,0.035056835345684156
2009-08-24,31.991,3.465454613241528,-0.0035571680044834686
2009-08-25,32.525,3.482009024398569,0.016554411157041038
2009-08-26,32.448,3.479638807968718,-0.002370216429850913
2009-08-27,32.349,3.476583108568045,-0.003055699400673184
2009-08-28,32.6,3.484312288372662,0.007729179804616848
2009-08-31,33.134,3.5005599455163456,0.016247657143683814
2009-09-01,31.683,3.455780259432447,-0.044779686083898707
2009-09-02,31.874,3.461790630437442,0.006010371004995019
2009-09-03,31.724,3.457073492221073,-0.004717138216368877
2009-09-04,32.141,3.470132473702129,0.013058981481055998
2009-09-08,33.211,3.502881146347541,0.032748672645412036
2009-09-09,33.935,3.524446930155722,0.02156578380818086
2009-09-10,34.357,3.5368057824777,0.012358852321978198
2009-09-11,34.7,3.5467396869528134,0.00993390447511322
2009-09-14,35.251,3.562493897650217,0.015754210697403792
2009-09-15,35.31,3.564166209940295,0.0016723122900779153
2009-09-16,35.845,3.5792040873048356,0.015037877364540542
2009-09-17,35.539,3.5706306850205705,-0.008573402284265175
2009-09-18,35.883,3.5802636457354375,0.009632960714867078
2009-09-21,36.416,3.5950082385038655,0.014744592768427989
2009-09-22,35.769,3.5770815964921048,-0.01792664201176075
2009-09-23,35.044,3.5566044148041174,-0.0204771816879874
2009-09-24,34.831,3.5505077948471846,-0.006096619956932781
2009-09-25,34.296,3.535028729295676,-0.015479065551508686
2009-09-28,34.685,3.5463073168372645,0.011278587541588614
2009-09-29,34.57,3.5429862539335333,-0.0033210629037312422
2009-09-30,35.074,3.557460115247101,0.01447386131356776
2009-10-01,34.408,3.5382890954814354,-0.019171019765665598
2009-10-02,33.593,3.514317711931422,-0.023971383550013492
2009-10-05,34.662,3.5456439860271836,0.03132627409576161
2009-10-06,35.623,3.572991496662009,0.027347510634825323
2009-10-07,35.669,3.5742819642147126,0.001290467552703678
2009-10-08,36.792,3.605280430237623,0.030998466022910343
2009-10-09,36.335,3.592781464068599,-0.012498966169023795
2009-10-12,36.569,3.5992008869692564,0.0064194229006573345
2009-10-13,36.303,3.591900382484025,-0.0073005044852312295
2009-10-14,37.832,3.6331553053415746,0.04125492285754939
2009-10-15,38.027,3.638296433737858,0.005141128396283445
2009-10-16,38.321,3.645998048795567,0.007701615057709166
2009-10-19,39.082,3.6656620029377516,0.01966395414218436
2009-10-20,38.288,3.6451365311660173,-0.02052547177173425
2009-10-21,38.753,3.657208172157471,0.012071640991453858
2009-10-22,39.93,3.6871279210751298,0.029919748917658584
2009-10-23,38.594,3.653096823974164,-0.034031097100965635
2009-10-26,37.784,3.631885732593816,-0.021211091380348268
2009-10-27,36.952,3.6096197731283044,-0.022265959465511465
2009-10-28,36.258,3.5906600466074767,-0.01895972652082767
2009-10-29,37.327,3.619716925378865,0.029056878771388295
2009-10-30,36.021,3.5841021017166907,-0.03561482366217428
2009-11-02,36.884,3.607777852676895,0.023675750960204134
2009-11-03,35.968,3.582629654271226,-0.025148198405668953
2009-11-04,36.174,3.5883406287353234,0.005710974464097518
2009-11-05,37.096,3.6135091470891596,0.025168518353836156
2009-11-06,36.931,3.6090513067540226,-0.004457840335136964
2009-11-09,37.96,3.636532973741727,0.02748166698770449
2009-11-10,36.893,3.6080218311537817,-0.028511142587945404
2009-11-11,37.136,3.614586849532081,0.006565018378299481
2009-11-12,36.853,3.606937026447827,-0.007649823084254326
2009-11-13,38.379,3.6475104350030074,0.040573408555180546
2009-11-16,39.435,3.6746537468499545,0.02714331184694707
2009-11-17,39.005,3.6636898430402765,-0.010963903809678044
2009-11-18,39.235,3.6695692055794367,0.0058793625391602156
2009-11-19,38.633,3.6541068335126776,-0.015462372066759045
2009-11-20,38.686,3.655477777479906,0.0013709439672284773
2009-11-23,39.18,3.6681664125163946,0.012688635036488538
2009-11-24,39.18,3.6681664125163946,0.0
2009-11-25,40.036,3.6897790493567726,0.021612636840377952
2009-11-27,39.074,3.6654572841694435,-0.024321765187329092
2009-11-30,38.396,3.6479532875012906,-0.017503996668152944
2009-12-01,39.892,3.6861758025396214,0.03822251503833085
2009-12-02,40.648,3.704949634291431,0.018773831751809578
2009-12-03,40.189,3.6935933263401566,-0.011356307951274403
2009-12-04,40.189,3.6935933263401566,0.0
2009-12-07,40.082,3.6909273557312368,-0.002665970608919821
2009-12-08,39.06,3.665098925448533,-0.025828430282703874
2009-12-09,39.22,3.6691868207682004,0.004087895319667467
2009-12-10,39.464,3.675388863931437,0.006202043163236581
2009-12-11,39.946,3.68752854204298,0.012139678111543262
2009-12-14,40.455,3.700190245259803,0.012661703216822584
2009-12-15,40.044,3.689978849557237,-0.010211395702565795
2009-12-16,40.159,3.6928465746750474,0.0028677251178104157
2009-12-17,39.267,3.670384471477692,-0.022462103197355532
2009-12-18,38.64,3.654288009344317,-0.01609646213337479
2009-12-21,38.808,3.6586264109429156,0.004338401598598551
2009-12-22,38.694,3.6556845492562955,-0.0029418616866201397
2009-12-23,39.15,3.667400422436812,0.011715873180516478
2009-12-24,39.303,3.6713008518396433,0.003900429402831307
2009-12-28,39.717,3.6817793076236294,0.010478455783986096
2009-12-29,40.029,3.6896041914283932,0.007824883804763871
2009-12-30,39.791,3.6836407560657345,-0.005963435362658753
2009-12-31,39.724,3.681955539041112,-0.0016852170246224318
2010-01-04,40.839,3.7096375071984458,0.027681968157333703
2010-01-05,40.351,3.6976161775563203,-0.012021329642125433
2010-01-06,40.099,3.6913513963457145,-0.006264781210605808
2010-01-07,39.121,3.666659407212093,-0.024691989133621473
2010-01-08,38.899,3.6609685433530976,-0.005690863858995421
2010-01-11,39.251,3.6699769216108726,0.009008378257775007
2010-01-12,39.09,3.6658666798048634,-0.004110241806009274
2010-01-13,39.541,3.677338108267377,0.0114714284625137
2010-01-14,39.609,3.6790563651651738,0.0017182568977966994
2010-01-15,38.549,3.6519301593356577,-0.02712620582951608
2010-01-19,38.58,3.652734007477583,0.0008038481419254673
2010-01-20,37.617,3.6274560758765104,-0.025277931601072723
2010-01-21,36.556,3.5988453314099553,-0.028610744466555094
2010-01-22,36.693,3.6025860011733357,0.0037406697633803887
2010-01-25,36.916,3.60864506140333,0.006059060229994362
2010-01-26,36.732,3.603648309751276,-0.004996751652054154
2010-01-27,37.968,3.6367436996934077,0.03309538994213179
2010-01-28,37.463,3.623353779233729,-0.013389920459678795
2010-01-29,38.015,3.6379808186804,0.014627039446671208
2010-02-01,38.67,3.6550641056192057,0.017083286938805564
2010-02-02,38.954,3.662381462807708,0.007317357188502349
2010-02-03,38.931,3.661790848423203,-0.0005906143845049172
2010-02-04,36.563,3.5990368001122457,-0.06275404831095743
2010-02-05,35.45,3.5681232529781366,-0.0309135471341091
2010-02-08,35.914,3.5811271916197063,0.013003938641569679
2010-02-09,37.046,3.612160383700531,0.03103319208082489
2010-02-10,36.878,3.607615167282973,-0.00454521641755834
2010-02-11,37.51,3.624607564093796,0.016992396810822985
2010-02-12,37.824,3.6329438217836327,0.008336257689836923
2010-02-16,38.335,3.6463633170108576,0.013419495227224854
2010-02-17,38.823,3.6590128545076426,0.01264953749678499
2010-02-18,39.06,3.665098925448533,0.006086070940890309
2010-02-19,38.42,3.6485781573404106,-0.016520768108122308
2010-02-22,37.892,3.634740008013288,-0.013838149327122462
2010-02-23,37.451,3.6230334118764222,-0.011706596136865866
2010-02-24,38.379,3.6475104350030074,0.024477023126585173
2010-02-25,37.977,3.6369807133228007,-0.010529721680206716
2010-02-26,38.136,3.6411587179025244,0.004178004579723726
2010-03-01,38.823,3.6590128545076426,0.017854136605118143
2010-03-02,38.83,3.659193143743576,0.00018028923593327306
2010-03-03,39.242,3.66974760179791,0.01055445805433397
2010-03-04,37.731,3.6304820377331284,-0.03926556406478143
2010-03-05,37.869,3.6341328354388343,0.003650797705705866
2010-03-08,37.409,3.621911317182144,-0.012221518256690267
2010-03-09,37.946,3.636164096441942,0.014252779259797954
2010-03-10,38.457,3.649540733998107,0.01337663755616525
2010-03-11,38.686,3.655477777479906,0.005937043481798909
2010-03-12,38.633,3.6541068335126776,-0.0013709439672284773
2010-03-15,38.168,3.641997468213806,-0.012109365298871744
2010-03-16,39.174,3.6680132614325514,0.026015793218745475
2010-03-17,39.503,3.6763766183901576,0.00836335695760626
2010-03-18,39.435,3.6746537468499545,-0.0017228715402031192
2010-03-19,39.284,3.6708173112955276,-0.00383643555442692
2010-03-22,39.44,3.6747805297344347,0.0039632184389071234
2010-03-23,39.64,3.6798387094617873,0.005058179727352563
2010-03-24,38.677,3.6552451081149484,-0.024593601346838856
2010-03-25,38.305,3.6455804359687844,-0.009664672146163955
2010-03-26,38.42,3.6485781573404106,0.0029977213716261275
2010-03-29,38.701,3.655865439495176,0.007287282154765595
2010-03-30,38.746,3.657027524664754,0.0011620851695779422
2010-03-31,38.515,3.6510477758049293,-0.005979748859824774
2010-04-01,38.816,3.6588325327616396,0.007784756956710215
2010-04-05,38.802,3.6584717916925107,-0.00036074106912886705
2010-04-06,39.038,3.664535530724419,0.006063739031908266
2010-04-07,38.816,3.6588325327616396,-0.005702997962779399
2010-04-08,39.066,3.66525252348278,0.006419990721140412
2010-04-09,39.662,3.6803935504636383,0.015141026980858285
2010-04-12,39.968,3.6880791339431673,0.007685583479529079
2010-04-13,39.235,3.6695692055794367,-0.018509928363730666
2010-04-14,39.29,3.6709700335703683,0.0014008279909316634
2010-04-15,38.649,3.6545209014774973,-0.01644913209287102
2010-04-16,38.015,3.6379808186804,-0.016540082797097178
2010-04-19,37.64,3.6280673147171787,-0.009913503963221437
2010-04-20,38.136,3.6411587179025244,0.01309140318534574
2010-04-21,37.716,3.630084407603431,-0.011074310299093337
2010-04-22,37.755,3.631117917255389,0.0010335096519580311
2010-04-23,37.522,3.624927427621419,-0.006190489633969953
2010-04-26,37.409,3.621911317182144,-0.003016110439275188
2010-04-27,36.441,3.5956945143862433,-0.026216802795900662
2010-04-28,35.945,3.581989992435835,-0.013704521950408388
2010-04-29,36.761,3.604437500599524,0.02244750816368901
2010-04-30,36.989,3.6106205711453248,0.006183070545800806
2010-05-03,37.166,3.615394364851459,0.004773793706134288
2010-05-04,36.517,3.5977779055836434,-0.017616459267815632
2010-05-05,36.287,3.591459550406353,-0.006318355177290513
2010-05-06,35.761,3.576857914120139,-0.014601636286213804
2010-05-07,34.968,3.5544333575610136,-0.022424556559125453
2010-05-10,38.091,3.639978033755764,0.08554467619475048
2010-05-11,37.54,3.6254070311583626,-0.014571002597401517
2010-05-12,37.748,3.6309324941590866,0.005525463000723985
2010-05-13,37.54,3.6254070311583626,-0.005525463000723985
2010-05-14,36.425,3.5952553520812685,-0.03015167907709415
2010-05-17,36.989,3.6106205711453248,0.015365219064056301
2010-05-18,36.594,3.599884292542374,-0.010736278602950566
2010-05-19,37.075,3.612942888023996,0.013058595481621804
2010-05-20,35.883,3.5802636457354375,-0.03267924228855845
2010-05-21,36.853,3.606937026447827,0.02667338071238934
2010-05-24,36.272,3.591046093765173,-0.015890932682653958
2010-05-25,35.975,3.5828242527734315,-0.008221840991741391
2010-05-26,35.274,3.563146148648173,-0.0196781041252585
2010-05-27,37.623,3.6276155655100224,0.06446941686184937
2010-05-28,36.578,3.599446966782384,-0.02816859872763855
2010-06-01,36.287,3.591459550406353,-0.007987416376030954
2010-06-02,37.458,3.623220305307662,0.03176075490130925
2010-06-03,37.143,3.6147753281066644,-0.008444977200997794
2010-06-04,35.47,3.5686872687855304,-0.04608805932113391
2010-06-07,35.753,3.576634181703175,0.0079469129176446
2010-06-08,36.28,3.591266625246936,0.014632443543761031
2010-06-09,36.41,3.594843462187342,0.003576836940406114
2010-06-10,37.51,3.624607564093796,0.02976410190645362
2010-06-11,37.075,3.612942888023996,-0.011664676069799818
2010-06-14,37.854,3.6337366546167273,0.020793766592731355
2010-06-15,39.51,3.6765538044232993,0.04281714980657192
2010-06-16,39.303,3.6713008518396433,-0.00525295258365599
2010-06-17,39.64,3.6798387094617873,0.008537857622143985
2010-06-18,39.129,3.6668638800562556,-0.01297482940553163
2010-06-21,38.947,3.6622017475275745,-0.004662132528681084
2010-06-22,38.404,3.6481616208353773,-0.01404012669219723
2010-06-23,38.311,3.6457370612170945,-0.0024245596182828066
2010-06-24,38.114,3.6405816687061843,-0.005155392510910239
2010-06-25,37.863,3.6339743819446033,-0.006607286761580955
2010-06-28,37.921,3.635505048347121,0.0015306664025178662
2010-06-29,36.817,3.6059596950275603,-0.029545353319560874
2010-06-30,36.653,3.601495280371504,-0.0044644146560561815
2010-07-01,37.57,3.6262058595858777,0.024710579214373585
2010-07-02,37.304,3.6191005595060197,-0.00710530007985799
2010-07-06,38.465,3.6497487369108983,0.030648177404878574
2010-07-07,39.19,3.66842161221154,0.018672875300641767
2010-07-08,39.777,3.6832888558006913,0.014867243589151258
2010-07-09,40.068,3.6905780107495176,0.007289154948826315
2010-07-12,40.281,3.6958798937586805,0.0053018830091629
2010-07-13,40.976,3.7129865294571696,0.017106635698489026
2010-07-14,41.075,3.715399663923332,0.0024131344661624254
2010-07-15,41.495,3.7255729380504112,0.010173274127079246
2010-07-16,40.351,3.6976161775563203,-0.027956760494090904
2010-07-19,40.532,3.702091785586071,0.004475608029750777
2010-07-20,40.082,3.6909273557312368,-0.011164429854834346
2010-07-21,40.417,3.6992504885381536,0.008323132806916878
2010-07-22,41.526,3.726319737087781,0.027069248549627556
2010-07-23,41.741,3.731483859196282,0.005164122108500813
2010-07-26,42.038,3.738573971137788,0.007090111941506105
2010-07-27,41.763,3.73201078007454,-0.006563191063248208
2010-07-28,41.027,3.7142303865496054,-0.017780393524934546
2010-07-29,40.754,3.7075539943787446,-0.006676392170860801
2010-07-30,40.512,3.701598226521711,-0.005955767857033667
2010-08-02,41.656,3.729445415860598,0.02784718933888719
2010-08-03,41.87,3.734569580031052,0.005124164170454026
2010-08-04,42.143,3.7410685971092694,0.006499017078217317
2010-08-05,41.121,3.716518939917354,-0.024549657191915486
2010-08-06,40.126,3.692024503258009,-0.02449443665934492
2010-08-09,40.189,3.6935933263401566,0.0015688230821475635
2010-08-10,39.877,3.6857997165870136,-0.007793609753143027
2010-08-11,38.823,3.6590128545076426,-0.026786862079370977
2010-08-12,40.505,3.701425423282455,0.042412568774812254
2010-08-13,40.648,3.704949634291431,0.0035242110089761525
2010-08-16,40.854,3.7100047357288846,0.00505510143745358
2010-08-17,40.968,3.7127912741602493,0.0027865384313647823
2010-08-18,40.9,3.711130063048756,-0.0016612111114935324
2010-08-19,39.908,3.686576805051261,-0.02455325799749497
2010-08-20,39.472,3.675591559787001,-0.010985245264259813
2010-08-23,39.359,3.672724665357237,-0.0028668944297640664
2010-08-24,39.038,3.664535530724419,-0.008189134632818007
2010-08-25,38.947,3.6622017475275745,-0.002333783196844408
2010-08-26,39.029,3.6643049595473562,0.0021032120197816973
2010-08-27,39.609,3.6790563651651738,0.014751405617817515
2010-08-30,39.082,3.6656620029377516,-0.013394362227422185
2010-08-31,39.677,3.6807716747197725,0.01510967178202094
2010-09-01,41.395,3.723160100590769,0.04238842587099656
2010-09-02,41.955,3.7365976153220326,0.013437514731263533
2010-09-03,42.108,3.740237746389078,0.0036401310670455267
2010-09-07,41.481,3.725235491074591,-0.01500225531448729
2010-09-08,42.487,3.749198146785881,0.023962655711290193
2010-09-09,42.03,3.7383836490170252,-0.01081449776885579
2010-09-10,41.837,3.733781115465135,-0.004602533551890442
2010-09-13,42.357,3.7461336966954977,0.012352581230362869
2010-09-14,42.64,3.752792779857589,0.006659083162091406
2010-09-15,42.976,3.760641820340827,0.007849040483237868
2010-09-16,42.992,3.7610140518731354,0.0003722315323084757
2010-09-17,42.268,3.7440302985787843,-0.01698375329435109
2010-09-20,42.878,3.7583588738837395,0.014328575304955127
2010-09-21,42.863,3.7580089829295162,-0.0003498909542232198
2010-09-22,42.793,3.756374537809893,-0.0016344451196230736
2010-09-23,43.076,3.7629659974666345,0.00659145965674135
2010-09-24,44.718,3.800376105127612,0.03741010766097741
2010-09-27,44.068,3.7857338954778186,-0.014642209649793347
2010-09-28,45.008,3.8068402517475013,0.021106356269682713
2010-09-29,45.411,3.815754366448538,0.008914114701036535
2010-09-30,44.853,3.8033904758999006,-0.01236389054863718
2010-10-01,44.786,3.8018955905826397,-0.001494885317260941
2010-10-04,43.969,3.78348484015493,-0.018410750427709566
2010-10-05,45.275,3.812755003769477,0.029270163614546707
2010-10-06,45.726,3.8226670639120353,0.00991206014255841
2010-10-07,45.435,3.81628273314731,-0.00638433076472511
2010-10-08,47.031,3.8508069587545037,0.03452422560719359
2010-10-11,47.29,3.8562988566557843,0.0054918979012805735
2010-10-12,47.558,3.8619500187937055,0.005651162137921162
2010-10-13,48.633,3.884302312827546,0.022352294033840536
2010-10-14,48.389,3.879272515164953,-0.0050297976625928165
2010-10-15,47.888,3.8688649511103432,-0.010407564054609963
2010-10-18,47.651,3.8639036162388676,-0.004961334871475653
2010-10-19,46.861,3.847185773014137,-0.0167178432247308
2010-10-20,47.497,3.860666551151315,0.013480778137178184
2010-10-21,48.663,3.884918987736087,0.024252436584772052
2010-10-22,48.671,3.885083370172194,0.00016438243610705783
2010-10-25,48.773,3.887176881055444,0.0020935108832498273
2010-10-26,47.888,3.8688649511103432,-0.01831192994510067
2010-10-27,46.755,3.84492120188741,-0.023943749222933075
2010-10-28,47.571,3.86222333187554,0.017302129988129966
2010-10-29,48.02,3.8716175907931074,0.009394258917567289
2010-11-01,47.99,3.8709926558701544,-0.0006249349229530132
2010-11-02,48.488,3.881316344648984,0.01032368877882961
2010-11-03,47.045,3.851104590458729,-0.030211754190255125
2010-11-04,47.809,3.867213906292933,0.016109315834204274
2010-11-05,47.001,3.85016887807946,-0.017045028213473312
2010-11-08,46.411,3.83753650010132,-0.012632377978139875
2010-11-09,46.152,3.8319402969545884,-0.005596203146731593
2010-11-10,46.229,3.8336073067906242,0.0016670098360358487
2010-11-11,45.108,3.809059614370041,-0.02454769242058319
2010-11-12,44.818,3.802609844440959,-0.006449769929082194
2010-11-15,44.756,3.8012255139454747,-0.0013843304954841429
2010-11-16,43.853,3.7808431315293003,-0.020382382416174405
2010-11-17,44.877,3.8039254140604335,0.023082282531133202
2010-11-18,46.382,3.8369114529330175,0.032986038872584
2010-11-19,46.464,3.838677819202331,0.0017663662693134796
2010-11-22,46.496,3.8393662873878727,0.0006884681855416908
2010-11-23,45.214,3.811406773393628,-0.027959513994244567
2010-11-24,44.818,3.802609844440959,-0.008796928952669258
2010-11-26,43.954,3.7831436325040193,-0.019466211936939537
2010-11-29,42.768,3.7557901593965632,-0.02735347310745606
2010-11-30,41.95,3.7364784329132155,-0.01931172648334778
2010-12-01,43.243,3.766835370567828,0.030356937654612448
2010-12-02,44.128,3.7870945016108912,0.020259131043063316
2010-12-03,44.296,3.790894379520666,0.0037998779097749846
2010-12-06,43.871,3.7812535095387987,-0.009640869981867528
2010-12-07,44.044,3.7851891342513446,0.003935624712545938
2010-12-08,43.93,3.782597457987688,-0.0025916762636564172
2010-12-09,43.672,3.7767071644794563,-0.005890293508231892
2010-12-10,44.0,3.784189633918261,0.007482469438804706
2010-12-13,44.176,3.7881816551877985,0.00399202126953746
2010-12-14,44.198,3.788679539191113,0.0004978840033147414
2010-12-15,43.61,3.775286481854675,-0.01339305733643803
2010-12-16,43.871,3.7812535095387987,0.005967027684123494
2010-12-17,43.817,3.78002186993415,-0.00123163960464856
2010-12-20,43.551,3.773932665147401,-0.006089204786749125
2010-12-21,44.0,3.784189633918261,0.01025696877086002
2010-12-22,43.884,3.7815497889552443,-0.0026398449630167242
2010-12-23,43.746,3.778400180052348,-0.0031496089028961727
2010-12-27,43.877,3.781390264792693,0.0029900847403450115
2010-12-28,43.519,3.773197624342514,-0.008192640450179312
2010-12-29,43.501,3.772783926336154,-0.00041369800635981946
2010-12-30,43.773,3.7790171889499953,0.006233262613841273
2010-12-31,43.584,3.774690110527047,-0.004327078422948105
2011-01-03,44.0,3.784189633918261,0.009499523391213849
2011-01-04,43.779,3.7791542503537183,-0.005035383564542695
2011-01-05,43.382,3.7700446085314443,-0.009109641822274028
2011-01-06,43.57,3.774368840129351,0.004324231597906625
2011-01-07,43.212,3.7661182344547384,-0.008250605674612554
2011-01-10,43.222,3.766349624880835,0.00023139042609665594
2011-01-11,43.551,3.773932665147401,0.007583040266565977
2011-01-12,44.366,3.7924734103240425,0.018540745176641504
2011-01-13,44.801,3.8022304606003914,0.009757050276348878
2011-01-14,44.213,3.789018863486595,-0.01321159711379627
2011-01-18,43.807,3.7797936219645663,-0.00922524152202886
2011-01-19,43.403,3.7705285631413394,-0.009265058823226813
2011-01-20,42.632,3.7526051449944813,-0.01792341814685816
2011-01-21,42.525,3.7500921382819254,-0.002513006712555832
2011-01-24,43.229,3.7665115663277886,0.01641942804586316
2011-01-25,43.93,3.782597457987688,0.016085891659899598
2011-01-26,43.871,3.7812535095387987,-0.0013439484488895204
2011-01-27,43.113,3.7638245757602196,-0.017428933778579125
2011-01-28,42.045,3.7387404732848615,-0.025084102475358083
2011-01-31,42.228,3.7430835081274485,0.0043430348425870235
2011-02-01,42.502,3.7495511336466687,0.006467625519220199
2011-02-02,42.945,3.759920227218188,0.010369093571519272
2011-02-03,42.756,3.7555095364116995,-0.004410690806488482
2011-02-04,42.443,3.7481619992776616,-0.007347537134037907
2011-02-07,42.976,3.760641820340827,0.012479821063165364
2011-02-08,43.113,3.7638245757602196,0.0031827554193926133
2011-02-09,42.871,3.758195606673264,-0.00562896908695576
2011-02-10,42.573,3.75122024952051,-0.0069753571527537694
2011-02-11,42.747,3.7552990174817613,0.004078767961251284
2011-02-14,41.975,3.7370742029636044,-0.01822481451815694
2011-02-15,41.97,3.7369550773454994,-0.00011912561810500932
2011-02-16,41.975,3.7370742029636044,0.00011912561810500932
2011-02-18,41.915,3.7356437580898207,-0.0014304448737836317
2011-02-22,41.618,3.728532765990588,-0.007110992099232938
2011-02-23,42.22,3.7428940424201746,0.014361276429586844
2011-02-24,42.122,3.7405701695192914,-0.002323872900883206
2011-02-25,42.143,3.7410685971092694,0.0004984275899779789
2011-02-28,42.778,3.7560239517432668,0.014955354633997331
2011-03-01,42.934,3.7596640528318965,0.003640101088629777
2011-03-02,42.833,3.7573088335357165,-0.002355219296179989
2011-03-03,44.143,3.78743436408315,0.0301255305474335
2011-03-04,44.313,3.7912780877265724,0.0038437236434223365
2011-03-07,43.562,3.774185210693036,-0.017092877033536347
2011-03-08,43.746,3.778400180052348,0.004214969359312093
2011-03-09,44.0,3.784189633918261,0.005789453865912897
2011-03-10,43.519,3.773197624342514,-0.010992009575747197
2011-03-11,43.556,3.7740474664838146,0.0008498421413007939
2011-03-14,43.251,3.7670203544978764,-0.007027111985938195
2011-03-15,42.108,3.740237746389078,-0.02678260810879829
2011-03-16,41.152,3.7172725286151542,-0.022965217773923907
2011-03-17,41.896,3.7351903569771867,0.017917828362032484
2011-03-18,42.022,3.7381932906668576,0.0030029336896708614
2011-03-21,43.122,3.7640333077143606,0.02584001704750305
2011-03-22,42.756,3.7555095364116995,-0.008523771302661132
2011-03-23,43.206,3.7659793744947847,0.010469838083085214
2011-03-24,43.846,3.7806834945889736,0.014704120094188866
2011-03-25,43.88,3.7814586354070294,0.0007751408180558528
2011-03-28,43.374,3.769860183246215,-0.011598452160814343
2011-03-29,43.442,3.771426715081502,0.0015665318352868773
2011-03-30,43.954,3.7831436325040193,0.011716917422517348
2011-03-31,43.648,3.776157462220997,-0.006986170283022286
2011-04-01,44.935,3.805217001110337,0.029059538889339986
2011-04-04,45.463,3.816898808327966,0.011681807217629014
2011-04-05,45.687,3.8218137935376633,0.004914985209697242
2011-04-06,45.71,3.822317092343653,0.0005032988059898713
2011-04-07,45.237,3.811915336051768,-0.010401756291885
2011-04-08,45.068,3.8081724603019196,-0.003742875749848551
2011-04-11,45.366,3.814762925804188,0.006590465502268383
2011-04-12,45.375,3.8149612925850147,0.00019836678082674197
2011-04-13,45.947,3.827488558313409,0.012527265728394354
2011-04-14,46.275,3.8346018584595614,0.0071133001461523016
2011-04-15,46.982,3.8497645496315736,0.015162691172012188
2011-04-18,46.182,3.8325901117802355,-0.017174437851338098
2011-04-19,47.586,3.8625386003292377,0.029948488549002228
2011-04-20,47.169,3.8537368971562485,-0.008801703172989228
2011-04-21,47.642,3.8637147251340274,0.009977827977778908
2011-04-25,47.586,3.8625386003292377,-0.00117612480478968
2011-04-26,48.517,3.881914251991161,0.019375651661923232
2011-04-27,49.199,3.8958732980884507,0.013959046097289818
2011-04-28,49.438,3.900719359256754,0.004846061168303439
2011-04-29,49.603,3.904051315772774,0.0033319565160199183
2011-05-02,49.571,3.9034059853210317,-0.0006453304517424208
2011-05-03,49.152,3.894917537525207,-0.008488447795824694
2011-05-04,47.283,3.8561508228615136,-0.03876671466369341
2011-05-05,46.266,3.8344073500788785,-0.02174347278263511
2011-05-06,46.021,3.8290978140538803,-0.005309536024998174
2011-05-09,45.903,3.826530474407786,-0.0025673396460943465
2011-05-10,45.944,3.8274232635619954,0.000892789154209428
2011-05-11,45.169,3.8104110108338927,-0.017012252728102695
2011-05-12,45.882,3.826072883290143,0.015661872456250503
2011-05-13,46.176,3.8324601825914604,0.006387299301317206
2011-05-16,46.143,3.831745270137783,-0.0007149124536773854
2011-05-17,46.526,3.840011296117852,0.008266025980069092
2011-05-18,46.518,3.839839334464877,-0.00017196165297495014
2011-05-19,46.843,3.8468015845009167,0.006962250036039563
2011-05-20,46.865,3.8472711281984493,0.00046954369753260394
2011-05-23,45.314,3.8136160355152624,-0.033655092683186894
2011-05-24,45.448,3.8165688152548256,0.002952779739563205
2011-05-25,45.346,3.8143219698044506,-0.0022468454503750124
2011-05-26,45.215,3.8114288901924436,-0.0028930796120070212
2011-05-27,45.508,3.81788813467747,0.0064592444850264386
2011-05-31,46.895,3.847911059960902,0.030022925283431867
2011-06-01,46.182,3.8325901117802355,-0.015320948180666427
2011-06-02,45.843,3.82522251529123,-0.0073675964890056456
2011-06-03,46.115,3.8311382766876823,0.005915761396452446
2011-06-06,45.563,3.8190959836455636,-0.012042293042118679
2011-06-07,45.617,3.820280454062615,0.0011844704170513864
2011-06-08,45.44,3.816392774412896,-0.0038876796497189225
2011-06-09,45.493,3.817558467967525,0.0011656935546291436
2011-06-10,44.259,3.7900587406035395,-0.02749972736398565
2011-06-13,44.376,3.7926987827529333,0.0026400421493937287
2011-06-14,44.911,3.80468275360748,0.011983970854546833
2011-06-15,43.78,3.779177092094717,-0.025505661512763123
2011-06-16,43.437,3.7713116124673944,-0.007865479627322536
2011-06-17,44.207,3.788883147585007,0.01757153511761267
2011-06-20,44.376,3.7926987827529333,0.003815635167926157
2011-06-21,44.78,3.8017616111706087,0.009062828417675473
2011-06-22,44.059,3.785529644793436,-0.016231966377172835
2011-06-23,43.935,3.7827112689478066,-0.002818375845629273
2011-06-24,43.153,3.764751940025786,-0.017959328922020568
2011-06-27,43.562,3.774185210693036,0.009433270667249971
2011-06-28,44.376,3.7926987827529333,0.018513572059897232
2011-06-29,44.726,3.8005549880045253,0.00785620525159203
2011-06-30,44.98,3.8062179465311696,0.005662958526644335
2011-07-01,45.028,3.8072845184925574,0.0010665719613878188
2011-07-05,45.035,3.807439965235706,0.00015544674314860174
2011-07-06,44.942,3.8053727695497406,-0.0020671956859654728
2011-07-07,45.67,3.821441627196908,0.016068857647167256
2011-07-08,44.672,3.799346907139907,-0.02209472005700075
2011-07-11,43.244,3.766858495430525,-0.03248841170938199
2011-07-12,42.44,3.7480913137457823,-0.018767181684742784
2011-07-13,42.391,3.7469360755557455,-0.0011552381900368225
2011-07-14,42.757,3.7555329246684566,0.00859684911271108
2011-07-15,43.533,3.7735192711770655,0.017986346508608975
2011-07-18,42.957,3.760199615359979,-0.013319655817086495
2011-07-19,43.828,3.780272882543147,0.020073267183168042
2011-07-20,44.199,3.7887021643933267,0.00842928185017966
2011-07-21,45.121,3.8093477700647727,0.02064560567144591
2011-07-22,45.944,3.8274232635619954,0.018075493497222705
2011-07-25,45.826,3.824851615637151,-0.0025716479248445445
2011-07-26,46.005,3.8287500862343244,0.003898470597173631
2011-07-27,44.989,3.8064180154444625,-0.02233207078986199
2011-07-28,45.36,3.8146306594194965,0.008212643975034073
2011-07-29,44.648,3.7988095134861326,-0.015821145933363923
2011-08-01,44.495,3.7953768233088256,-0.003432690177306963
2011-08-02,43.428,3.7711043943696057,-0.024272428939219992
2011-08-03,43.376,3.7699062927563096,-0.001198101613296032
2011-08-04,41.228,3.7191176371745462,-0.050788655581763376
2011-08-05,42.121,3.7405464286743535,0.021428791499807254
2011-08-08,39.81,3.684118137012226,-0.056428291662127705
2011-08-09,40.964,3.712693632213191,0.02857549520096514
2011-08-10,38.554,3.6520598559754,-0.06063377623779109
2011-08-11,39.942,3.6874284018466215,0.035368545871221624
2011-08-12,42.323,3.745330673506384,0.05790227165976258
2011-08-15,43.014,3.76152564409879,0.016194970592406044
2011-08-16,43.298,3.768106444565239,0.006580800466448711
2011-08-17,43.593,3.7748965870066686,0.006790142441429836
2011-08-18,42.407,3.747313442950964,-0.02758314405570461
2011-08-19,41.772,3.732226258617302,-0.015087184333661963
2011-08-22,42.176,3.7418513388800423,0.009625080262740227
2011-08-23,43.073,3.7628963506918325,0.021045011811790193
2011-08-24,41.986,3.7373362293821306,-0.025560121309701866
2011-08-25,41.339,3.721806364314217,-0.01552986506791365
2011-08-26,41.788,3.7326092169752614,0.010802852661044415
2011-08-29,42.43,3.7478556592142334,0.01524644223897198
2011-08-30,42.475,3.7489156675579958,0.0010600083437624086
2011-08-31,42.847,3.7576356309242462,0.008719963366250472
2011-09-01,42.461,3.7485860075757316,-0.009049623348514668
2011-09-02,42.158,3.741424464777703,-0.007161542798028719
2011-09-06,41.011,3.713840323403189,-0.027584141374513926
2011-09-07,41.385,3.722918496337359,0.009078172934170237
2011-09-08,40.879,3.710616483756723,-0.012302012580636124
2011-09-09,39.577,3.6782481414452755,-0.032368342311447584
2011-09-12,38.942,3.662073359693429,-0.01617478175184628
2011-09-13,38.902,3.6610456631845003,-0.0010276965089288659
2011-09-14,39.166,3.6678090234946445,0.00676336031014424
2011-09-15,39.933,3.6872030497329917,0.019394026238347184
2011-09-16,40.747,3.707382217344912,0.020179167611920068
2011-09-19,40.049,3.690103704413629,-0.017278512931282908
2011-09-20,40.762,3.7077502748641877,0.01764657045055884
2011-09-21,39.894,3.686225936648373,-0.021524338215814787
2011-09-22,38.77,3.657646751682838,-0.02857918496553502
2011-09-23,39.677,3.6807716747197725,0.023124923036934586
2011-09-26,40.795,3.7085595248807635,0.027787850160990946
2011-09-27,41.887,3.7349755162568825,0.026415991376119052
2011-09-28,41.469,3.72494616015033,-0.010029356106552534
2011-09-29,41.794,3.732752788557906,0.007806628407576177
2011-09-30,41.083,3.715594410631511,-0.017158377926395296
2011-10-03,40.755,3.707578531546421,-0.008015879085089939
2011-10-04,41.477,3.725139056734247,0.017560525187826137
2011-10-05,41.073,3.7153509713197286,-0.009788085414518477
2011-10-06,41.314,3.721201425576061,0.005850454256332238
2011-10-07,40.133,3.6921989385242786,-0.02900248705178221
2011-10-10,41.663,3.729613444761964,0.03741450623768561
2011-10-11,41.576,3.7275230777061408,-0.002090367055823439
2011-10-12,41.927,3.7359300108052125,0.0084069330990717
2011-10-13,42.251,3.743628022162138,0.007698011356925605
2011-10-14,42.934,3.7596640528318965,0.01603603066975845
2011-10-17,41.95,3.7364784329132155,-0.023185619918681066
2011-10-18,42.68,3.7537304264335525,0.017251993520337017
2011-10-19,42.121,3.7405464286743535,-0.013183997759198984
2011-10-20,42.291,3.744574297456898,0.004027868782544353
2011-10-21,43.252,3.7670434750832906,0.022469177626392778
2011-10-24,43.422,3.7709662251120455,0.003922750028754862
2011-10-25,42.547,3.750609347245872,-0.020356877866173573
2011-10-26,42.857,3.757868992261999,0.007259645016127081
2011-10-27,44.121,3.7869358595862863,0.029066867324287315
2011-10-28,44.004,3.7842805388771894,-0.002655320709096909
2011-10-31,43.014,3.76152564409879,-0.022754894778399315
2011-11-01,42.391,3.7469360755557455,-0.014589568543044606
2011-11-02,41.935,3.736120800436375,-0.010815275119370416
2011-11-03,43.025,3.761781342097603,0.02566054166122811
2011-11-04,42.275,3.744195894784644,-0.01758544731295908
2011-11-07,42.81,3.7567717201568547,0.01257582537221058
2011-11-08,44.199,3.7887021643933267,0.031930444236472066
2011-11-09,43.584,3.774690110527047,-0.014012053866279572
2011-11-10,44.554,3.796701936642682,0.022011826115635014
2011-11-11,45.974,3.8280760193022254,0.03137408265954322
2011-11-14,44.693,3.79981688980396,-0.028259129498265256
2011-11-15,44.571,3.7970834233233255,-0.002733466480634661
2011-11-16,44.413,3.793532219375527,-0.003551203947798509
2011-11-17,44.298,3.7909395293050836,-0.002592690070443382
2011-11-18,44.765,3.801426584086119,0.01048705478103562
2011-11-21,44.447,3.794297468118701,-0.007129115967418276
2011-11-22,45.121,3.8093477700647727,0.015050301946071709
2011-11-23,44.098,3.7864144299504683,-0.022933340114304368
2011-11-25,43.689,3.777096354168553,-0.009318075781915347
2011-11-28,45.144,3.809857380666839,0.03276102649828605
2011-11-29,45.314,3.8136160355152624,0.003758654848423415
2011-11-30,46.526,3.840011296117852,0.026395260602589676
2011-12-01,46.377,3.8368036466823066,-0.003207649435545523
2011-12-02,46.455,3.838484102093276,0.0016804554109692837
2011-12-05,46.68,3.8433158074183553,0.004831705325079483
2011-12-06,46.293,3.8349907617571772,-0.008325045661178088
2011-12-07,46.656,3.842801536386193,0.007810774629015693
2011-12-08,46.03,3.82929335782915,-0.013508178557042783
2011-12-09,45.997,3.828576176971044,-0.0007171808581061256
2011-12-12,45.384,3.815159620024266,-0.013416556946777902
2011-12-13,44.819,3.8026321566557817,-0.012527463368484426
2011-12-14,44.503,3.7955566026301932,-0.00707555402558846
2011-12-15,45.028,3.8072845184925574,0.011727915862364213
2011-12-16,44.942,3.8053727695497406,-0.001911748942816871
2011-12-19,45.368,3.814807010711727,0.009434241161986545
2011-12-20,45.89,3.8262472284067424,0.011440217695015242
2011-12-21,45.766,3.823541457357332,-0.002705771049410277
2011-12-22,46.307,3.8352931375694164,0.011751680212084281
2011-12-23,46.548,3.8404840382458305,0.005190900676414145
2011-12-27,47.074,3.851720831619764,0.011236793373933462
2011-12-28,46.632,3.842287000743249,-0.00943383087651517
2011-12-29,47.463,3.8599504601350367,0.017663459391787928
2011-12-30,47.292,3.856341148000867,-0.0036093121341695955
2012-01-03,47.586,3.8625386003292377,0.006197452328370545
2012-01-04,46.539,3.8402906707503037,-0.022247929578933956
2012-01-05,46.486,3.8391511919922356,-0.0011394787580680799
2012-01-06,45.687,3.8218137935376633,-0.017337398454572384
2012-01-09,47.206,3.8545210031566874,0.03270720961902418
2012-01-10,47.402,3.858664421903712,0.004143418747024619
2012-01-11,46.921,3.848465336431134,-0.010199085472577973
2012-01-12,47.293,3.856362293002718,0.007896956571583846
2012-01-13,46.23,3.833628938000134,-0.022733355002583888
2012-01-17,47.097,3.85220930472629,0.01858036672615615
2012-01-18,48.044,3.872117257692244,0.0199079529659536
2012-01-19,48.424,3.879995558589386,0.007878300897142143
2012-01-20,48.159,3.874508036665387,-0.00548752192399915
2012-01-23,47.409,3.8588120840950766,-0.0156959525703102
2012-01-24,47.642,3.8637147251340274,0.004902641038950772
2012-01-25,48.207,3.875504238727726,0.011789513593698508
2012-01-26,47.988,3.8709509796526818,-0.004553259075044114
2012-01-27,47.726,3.8654763227710247,-0.005474656881657047
2012-01-30,47.385,3.8583057229221582,-0.007170599848866477
2012-01-31,47.141,3.853143110689857,-0.005162612232301189
2012-02-01,48.65,3.884651808632014,0.03150869794215705
2012-02-02,48.857,3.888897664026409,0.004245855394394926
2012-02-03,50.061,3.9132422618328753,0.02434459780646625
2012-02-06,49.663,3.9052601890487573,-0.007982072784118
2012-02-07,50.261,3.917229428455515,0.011969239406757648
2012-02-08,49.975,3.911522880386464,-0.005706548069051021
2012-02-09,50.594,3.9238329921875037,0.012310111801039803
2012-02-10,49.835,3.9087175484194194,-0.015115443768084269
2012-02-13,50.385,3.919693511732366,0.01097596331294648
2012-02-14,50.177,3.9155567543762846,-0.004136757356081322
2012-02-15,49.803,3.9080752231800484,-0.00748153119623618
2012-02-16,50.689,3.9257089245327093,0.017633701352660847
2012-02-17,50.689,3.9257089245327093,0.0
2012-02-21,50.782,3.9275419610858164,0.0018330365531071813
2012-02-22,50.985,3.931531471816189,0.003989510730372459
2012-02-23,51.178,3.935309752203335,0.0037782803871460047
2012-02-24,51.371,3.93907381090446,0.0037640587011251725
2012-02-27,51.169,3.935133879925238,-0.003939930979222073
2012-02-28,51.834,3.948046304604802,0.012912424679563994
2012-02-29,52.148,3.9540858298005324,0.006039525195730366
2012-03-01,53.052,3.9712725646321063,0.017186734831573958
2012-03-02,51.858,3.9485092139985563,-0.02276335063355006
2012-03-05,52.146,3.954047476683378,0.005538262684821937
2012-03-06,51.085,3.933490912043387,-0.020556564639991226
2012-03-07,51.852,3.9483935067377964,0.014902594694409466
2012-03-08,53.941,3.9878908566572746,0.039497349919478175
2012-03-09,53.937,3.9878166988122676,-7.415784500697242e-05
2012-03-12,54.968,4.006751197728775,0.018934498916507447
2012-03-13,55.588,4.017967350624335,0.011216152895560327
2012-03-14,55.388,4.014362963792467,-0.003604386831868034
2012-03-15,55.364,4.013929563034456,-0.0004334007580117927
2012-03-16,56.092,4.026993199864404,0.0130636368299486
2012-03-19,56.133,4.027723874880205,0.000730675015800486
2012-03-20,56.123,4.027545710683611,-0.00017816419659411054
2012-03-21,56.186,4.028667615546231,0.0011219048626207595
2012-03-22,56.311,4.030889897943862,0.0022222823976303374
2012-03-23,55.946,4.0243869397982985,-0.00650295814556312
2012-03-26,56.976,4.042630126535422,0.01824318673712355
2012-03-27,56.52,4.034594557816327,-0.008035568719095387
2012-03-28,56.092,4.026993199864404,-0.007601357951922516
2012-03-29,55.829,4.02229344764475,-0.00469975221965413
2012-03-30,56.388,4.032256369908679,0.00996292226392903
2012-04-02,56.93,4.0418224429629905,0.009566073054311452
2012-04-03,57.004,4.043121440810966,0.0012989978479751585
2012-04-04,55.338,4.013459833481637,-0.029661607329328987
2012-04-05,54.864,4.004857395720564,-0.008602437761072501
2012-04-09,54.799,4.003671945612288,-0.0011854501082764202
2012-04-10,54.332,3.9951133719602443,-0.008558573652043489
2012-04-11,55.124,4.0095851930128985,0.01447182105265421
2012-04-12,56.053,4.0262976717254375,0.016712478712539003
2012-04-13,54.944,4.006314484715065,-0.019983187010372383
2012-04-16,55.89,4.023385473281607,0.017070988566541878
2012-04-17,56.169,4.028365003288125,0.004979530006518296
2012-04-18,57.274,4.04784676856252,0.019481765274394824
2012-04-19,56.761,4.03884947017752,-0.008997298385000185
2012-04-20,56.436,4.033107252750911,-0.005742217426608853
2012-04-23,55.782,4.021451236701775,-0.011656016049135687
2012-04-24,56.428,4.0329654892122555,0.011514252510480105
2012-04-25,56.705,4.037862390267294,0.00489690105503815
2012-04-26,57.376,4.049626097422722,0.011763707155428627
2012-04-27,57.367,4.0494692251077495,-0.00015687231497274468
2012-04-30,57.353,4.049225152582131,-0.0002440725256187548
2012-05-01,57.818,4.057300145882719,0.00807499330058814
2012-05-02,57.591,4.053366305493543,-0.003933840389175991
2012-05-03,58.703,4.072490832853499,0.01912452735995629
2012-05-04,58.095,4.062079601634825,-0.010411231218673933
2012-05-07,59.168,4.080380855204714,0.018301253569888765
2012-05-08,57.494,4.051680594532605,-0.0287002606721094
2012-05-09,56.635,4.036627168652677,-0.015053425879927751
2012-05-10,56.517,4.034541477851347,-0.0020856908013300313
2012-05-11,56.822,4.039923574680212,0.005382096828864924
2012-05-14,56.461,4.033550134322763,-0.006373440357449134
2012-05-15,55.939,4.0242618113179995,-0.009288323004763122
2012-05-16,55.363,4.013911500592593,-0.010350310725406153
2012-05-17,54.803,4.00374493698109,-0.010166563611503143
2012-05-18,53.966,3.9883542186346683,-0.015390718346421917
2012-05-21,54.273,3.9940268657072338,0.005672647072565429
2012-05-22,54.208,3.992828499029589,-0.0011983666776447244
2012-05-23,53.381,3.977454877408999,-0.015373621620589972
2012-05-24,54.193,3.9925517488133413,0.015096871404342238
2012-05-25,53.923,3.987557103038512,-0.0049946457748291095
2012-05-29,54.455,3.9973746725276498,0.00981756948913759
2012-05-30,53.325,3.9764052643574144,-0.020969408170235404
2012-05-31,53.469,3.9791020467098237,0.0026967823524093326
2012-06-01,51.784,3.947081221243209,-0.03202082546661478
2012-06-04,52.085,3.952876999436412,0.005795778193203205
2012-06-05,52.139,3.9539132291883305,0.001036229751918416
2012-06-06,53.799,3.9852548796343967,0.03134165044606618
2012-06-07,53.389,3.977604732237415,-0.007650147396981666
2012-06-08,53.806,3.98538498511295,0.007780252875535076
2012-06-11,53.072,3.971649482204697,-0.013735502908253316
2012-06-12,54.5,3.9982007016691985,0.026551219464501674
2012-06-13,55.237,4.011633018594211,0.013432316925012788
2012-06-14,56.333,4.031280509077694,0.019647490483483132
2012-06-15,56.048,4.026208466455131,-0.005072042622563444
2012-06-18,55.89,4.023385473281607,-0.002822993173523969
2012-06-19,56.303,4.030747819694026,0.007362346412419285
2012-06-20,55.433,4.015175084283589,-0.015572735410437133
2012-06-21,54.849,4.0045839550144775,-0.010591129269111654
2012-06-22,55.513,4.016617227558068,0.012033272543590101
2012-06-25,55.954,4.024529924606406,0.007912697048338302
2012-06-26,57.392,4.049904920789927,0.025374996183520793
2012-06-27,57.93,4.059235385108533,0.009330464318606069
2012-06-28,58.276,4.065190344791749,0.005954959683216465
2012-06-29,62.905,4.1416256518030945,0.07643530701134527
2012-07-02,62.627,4.137196495022826,-0.004429156780268784
2012-07-03,62.793,4.139843602293319,0.002647107270493443
2012-07-05,61.792,4.123773906246104,-0.01606969604721531
2012-07-06,61.443,4.118109915772362,-0.005663990473741443
2012-07-09,61.421,4.117751796221719,-0.00035811955064346535
2012-07-10,61.864,4.124938427306734,0.0071866310850152715
2012-07-11,60.946,4.109988226210121,-0.014950201096612936
2012-07-12,60.599,4.10427839128895,-0.005709834921171719
2012-07-13,61.183,4.1138693731531095,0.009590981864159964
2012-07-16,61.016,4.111136124861938,-0.0027332482911717193
2012-07-17,61.033,4.111414701500991,0.0002785766390536182
2012-07-18,62.006,4.12723115455632,0.015816453055328417
2012-07-19,62.739,4.138983263840481,0.011752109284160817
2012-07-20,61.5,4.119037174812473,-0.019946089028008096
2012-07-23,60.788,4.107392401071358,-0.011644773741114278
2012-07-24,60.654,4.105185585399975,-0.0022068156713830334
2012-07-25,60.527,4.103089546474788,-0.0020960389251873934
2012-07-26,63.189,4.146130235371331,0.04304068889654289
2012-07-27,64.034,4.159414192296349,0.013283956925017826
2012-07-30,64.026,4.159289250862483,-0.00012494143386554413
2012-07-31,62.564,4.136190032811995,-0.02309921805048809
2012-08-01,63.088,4.144530577135272,0.008340544323276688
2012-08-02,62.383,4.133292802360545,-0.011237774774726539
2012-08-03,64.564,4.167656979911033,0.03436417755048815
2012-08-06,64.739,4.170363801977813,0.002706822066779857
2012-08-07,65.351,4.179772742171975,0.009408940194162163
2012-08-08,64.933,4.173355969056923,-0.006416773115052621
2012-08-09,64.681,4.169467495319137,-0.0038884737377857803
2012-08-10,64.042,4.159539118121802,-0.009928377197335081
2012-08-13,63.893,4.157209809216986,-0.0023293089048159743
2012-08-14,63.625,4.153006474870687,-0.004203334346298604
2012-08-15,64.074,4.1600386654174635,0.007032190546776285
2012-08-16,64.034,4.159414192296349,-0.0006244731211149102
2012-08-17,63.955,4.158179711051356,-0.0012344812449924802
2012-08-20,64.336,4.164119350154918,0.005939639103561767
2012-08-21,64.492,4.166541185101494,0.002421834946575885
2012-08-22,64.422,4.165455189680054,-0.0010859954214401668
2012-08-23,63.923,4.157679234023753,-0.007775955656300404
2012-08-24,64.949,4.173602346539267,0.01592311251551415
2012-08-27,65.25,4.178226046202803,0.0046236996635355965
2012-08-28,66.348,4.194913617143796,0.016687570940993268
2012-08-29,66.19,4.1925293941308315,-0.0023842230129647035
2012-08-30,65.826,4.187014897063409,-0.005514497067422575
2012-08-31,66.481,4.196916192551991,0.009901295488582207
2012-09-04,67.499,4.212112782953929,0.015196590401937549
2012-09-05,68.149,4.221696484520578,0.009583701566649339
2012-09-06,69.135,4.236061114840582,0.01436463032000379
2012-09-07,68.67,4.229312422632585,-0.006748692207996676
2012-09-10,66.552,4.197983596981587,-0.03132882565099848
2012-09-11,67.152,4.2069587065912355,0.008975109609648868
2012-09-12,66.323,4.194536745027118,-0.0124219615641179
2012-09-13,67.358,4.210021678281877,0.015484933254759525
2012-09-14,67.422,4.210971374153821,0.00094969587194349
2012-09-17,67.261,4.208580573879269,-0.00239080027455163
2012-09-18,68.008,4.219625345315058,0.01104477143578908
2012-09-19,68.354,4.224700083769227,0.005074738454168504
2012-09-20,68.708,4.229865640774779,0.005165557005552657
2012-09-21,68.716,4.229982068764199,0.00011642798942013144
2012-09-24,68.567,4.227811369427696,-0.002170699336502935
2012-09-25,68.281,4.2236315433960305,-0.00417982603166589
2012-09-26,69.135,4.236061114840582,0.012429571444551257
2012-09-27,68.441,4.225972060255647,-0.010089054584934587
2012-09-28,67.848,4.217269909059399,-0.008702151196247954
2012-10-01,67.564,4.213075296818099,-0.004194612241300355
2012-10-02,69.84,4.246206911531347,0.033131614713248325
2012-10-03,69.799,4.245619683018135,-0.0005872285132122457
2012-10-04,70.029,4.248909441971012,0.0032897589528770865
2012-10-05,71.292,4.2667841191616045,0.017874677190592436
2012-10-08,70.802,4.259887248888261,-0.006896870273343403
2012-10-09,68.953,4.2334251130824905,-0.026462135805770615
2012-10-10,68.504,4.226892137723891,-0.006532975358599202
2012-10-11,68.646,4.228962863946862,0.0020707262229704426
2012-10-12,68.567,4.227811369427696,-0.001151494519165297
2012-10-15,68.638,4.228846317226063,0.0010349477983666588
2012-10-16,70.185,4.25113461298629,0.022288295760226617
2012-10-17,69.932,4.247523341335403,-0.003611271650886927
2012-10-18,68.212,4.222620502450668,-0.02490283888473499
2012-10-19,67.582,4.213341675402836,-0.009278827047832117
2012-10-22,68.061,4.220404361882833,0.0070626864799976374
2012-10-23,67.99,4.219360635538369,-0.0010437263444647016
2012-10-24,67.492,4.212009072336091,-0.007351563202277589
2012-10-25,67.549,4.212853260447629,0.000844188111537747
2012-10-26,67.297,4.209115659134088,-0.003737601313540395
2012-10-31,66.18,4.192378302493466,-0.016737356640621925
2012-11-01,65.376,4.180155218635211,-0.012223083858255102
2012-11-02,65.897,4.188092916951749,0.007937698316538011
2012-11-05,64.975,4.174002580527554,-0.014090336424195549
2012-11-06,66.001,4.189669893426794,0.015667312899240393
2012-11-07,64.895,4.172770579139722,-0.016899314287072364
2012-11-08,64.713,4.169962108680689,-0.0028084704590325416
2012-11-09,65.328,4.17942073457722,0.00945862589653057
2012-11-12,65.638,4.184154796531613,0.004734061954392743
2012-11-13,66.056,4.190502867115128,0.006348070583515053
2012-11-14,64.933,4.173355969056923,-0.017146898058205018
2012-11-15,65.386,4.180308168269195,0.006952199212272525
2012-11-16,65.36,4.1799104505517475,-0.0003977177174476765
2012-11-19,66.869,4.202735481564956,0.022825031013208097
2012-11-20,67.831,4.217019317588516,0.014283836023560426
2012-11-21,67.208,4.207792288062546,-0.00922702952597021
2012-11-23,68.693,4.229647301751633,0.0218550136890876
2012-11-26,68.48,4.226541731833486,-0.003105569918147033
2012-11-27,68.014,4.219713566338185,-0.006828165495301519
2012-11-28,67.573,4.213208494980161,-0.006505071358024139
2012-11-29,68.26,4.223323943478561,0.01011544849840007
2012-11-30,69.477,4.240995762547794,0.017671819069232875
2012-12-03,69.728,4.2446019587622095,0.0036061962144158244
2012-12-04,69.72,4.24448722065182,-0.00011473811038964499
2012-12-05,69.181,4.23672625844936,-0.007760962202460142
2012-12-06,69.082,4.235294204799159,-0.0014320536502010484
2012-12-07,69.303,4.2384881953021605,0.0031939905030018423
2012-12-10,69.664,4.243683685052137,0.00519548974997619
2012-12-11,70.345,4.253411707829176,0.009728022777039769
2012-12-12,69.276,4.238098525866797,-0.015313181962379296
2012-12-13,68.979,4.233802110447973,-0.004296415418823862
2012-12-14,69.751,4.244931757516265,0.011129647068291781
2012-12-17,68.861,4.232089980023926,-0.012841777492338835
2012-12-18,69.744,4.244831395496036,0.012741415472110162
2012-12-19,70.154,4.2506928255928464,0.005861430096810061
2012-12-20,69.932,4.247523341335403,-0.0031694842574436777
2012-12-21,69.103,4.235598145171292,-0.011925196164110474
2012-12-24,69.135,4.236061114840582,0.00046296966928949246
2012-12-26,69.056,4.234917769635669,-0.0011433452049125492
2012-12-27,69.467,4.240851819664081,0.005934050028411519
2012-12-28,68.558,4.227680102335439,-0.013171717328641641
2012-12-31,69.032,4.234570165206006,0.0068900628705668154
2013-01-02,70.318,4.253027811561763,0.018457646355757085
2013-01-03,68.592,4.228175909855621,-0.02485190170614171
2013-01-04,69.822,4.245949146353995,0.017773236498373812
2013-01-07,69.181,4.23672625844936,-0.009222887904635435
2013-01-08,68.149,4.221696484520578,-0.015029773928781687
2013-01-09,66.568,4.198223981598129,-0.0234725029224494
2013-01-10,68.401,4.225387444404676,0.027163462806547578
2013-01-11,69.181,4.23672625844936,0.01133881404468351
2013-01-14,68.946,4.233323589503551,-0.003402668945808429
2013-01-15,70.042,4.249095062121326,0.015771472617775117
2013-01-16,70.281,4.252501492016758,0.0034064298954312733
2013-01-17,70.217,4.251590446956661,-0.000911045060096427
2013-01-18,70.858,4.260677874370643,0.009087427413981608
2013-01-22,71.742,4.273076350165498,0.012398475794855202
2013-01-23,71.174,4.265127583188337,-0.007948766977160737
2013-01-24,71.283,4.266657869818986,0.0015302866306488028
2013-01-25,72.429,4.282606771678127,0.015948901859140996
2013-01-28,72.508,4.283696900600672,0.0010901289225451194
2013-01-29,73.638,4.299161196843427,0.015464296242754472
2013-01-30,74.348,4.308756772746107,0.009595575902680231
2013-01-31,69.974,4.248123744481253,-0.06063302826485373
2013-02-01,72.876,4.288759366703439,0.04063562222218575
2013-02-04,69.238,4.237549844853278,-0.051209521850161366
2013-02-05,69.563,4.242232816790704,0.0046829719374263945
2013-02-06,69.001,4.2341209972458635,-0.008111819544840415
2013-02-07,68.234,4.222942974347105,-0.011178022898758577
2013-02-08,67.714,4.215292953221579,-0.007650021125526152
2013-02-11,68.132,4.221446999998331,0.006154046776751798
2013-02-12,69.119,4.235829656798551,0.014382656800220772
2013-02-13,69.704,4.244257704928986,0.008428048130434185
2013-02-14,73.26,4.294014757350668,0.0497570524216826
2013-02-15,73.234,4.293659794003733,-0.00035496334693529974
2013-02-19,73.519,4.297543876213904,0.0038840822101713357
2013-02-20,73.344,4.29516070165222,-0.0023831745616842426
2013-02-21,72.707,4.286437666011554,-0.008723035640666232
2013-02-22,73.749,4.300667435805967,0.014229769794413372
2013-02-25,72.596,4.2849098238941545,-0.015757611911812575
2013-02-26,72.499,4.283572768662055,-0.0013370552320992601
2013-02-27,73.992,4.303956979251959,0.020384210589903695
2013-02-28,74.227,4.307127965386171,0.0031709861342124057
2013-03-01,74.664,4.312998048263446,0.0058700828772746405
2013-03-04,74.656,4.312890895839019,-0.00010715242442671524
2013-03-05,74.789,4.314670815342693,0.0017799195036740656
2013-03-06,74.332,4.308541545411404,-0.006129269931289372
2013-03-07,75.487,4.323960455998902,0.015418910587498225
2013-03-08,76.718,4.340136361413696,0.016175905414793412
2013-03-11,76.591,4.3384795763710615,-0.0016567850426341124
2013-03-12,75.683,4.326553564549922,-0.011926011821139504
2013-03-13,75.557,4.324887338298252,-0.001666226251670011
2013-03-14,76.022,4.331022772081118,0.006135433782866073
2013-03-15,75.365,4.322342976262492,-0.00867979581862599
2013-03-18,75.517,4.324357796471932,0.0020148202094398826
2013-03-19,75.248,4.320789325202692,-0.003568471269240092
2013-03-20,75.921,4.329693325974673,0.008904000771980947
2013-03-21,75.557,4.324887338298252,-0.00480598767642082
2013-03-22,77.476,4.349968210979993,0.025080872681741084
2013-03-25,76.916,4.342713917288341,-0.007254293691651981
2013-03-26,77.94,4.355939299910563,0.01322538262222217
2013-03-27,76.963,4.343324786886682,-0.01261451302388128
2013-03-28,78.621,4.364638839322643,0.02131405243596074
2013-04-01,78.438,4.362308503807778,-0.002330335514864501
2013-04-02,79.088,4.370561156564603,0.008252652756825185
2013-04-03,78.253,4.359947167343502,-0.010613989221101683
2013-04-04,78.622,4.364651558489792,0.0047043911462898436
2013-04-05,77.084,4.344895736335674,-0.019755822154117197
2013-04-08,78.368,4.361415680769757,0.016519944434082667
2013-04-09,77.973,4.356362612918366,-0.0050530678513913685
2013-04-10,80.432,4.38741210695022,0.031049494031853975
2013-04-11,79.671,4.377905655089578,-0.009506451860641363
2013-04-12,79.272,4.372884976756598,-0.005020678332980033
2013-04-15,77.576,4.351258101002245,-0.02162687575435296
2013-04-16,78.452,4.362486972799265,0.01122887179701948
2013-04-17,76.4,4.335982696172475,-0.026504276626790002
2013-04-18,77.061,4.344597316014928,0.008614619842453486
2013-04-19,78.364,4.361364638225786,0.01676732221085775
2013-04-22,78.203,4.359308009986774,-0.0020566282390124258
2013-04-23,78.412,4.361976976868178,0.0026689668814041667
2013-04-24,77.487,4.350110180353566,-0.011866796514611977
2013-04-25,77.432,4.349400131846788,-0.0007100485067779161
2013-04-26,75.759,4.327557249213094,-0.021842882633693605
2013-04-29,76.843,4.341764379303769,0.01420713009067498
2013-04-30,76.956,4.343233829954726,0.0014694506509567162
2013-05-01,76.368,4.335563760263541,-0.007670069691185333
2013-05-02,76.657,4.339340925348935,0.003777165085394607
2013-05-03,77.424,4.349296810050963,0.009955884702027795
2013-05-06,77.101,4.345116250653784,-0.0041805593971790955
2013-05-07,77.519,4.350523067602506,0.005406816948721804
2013-05-08,78.686,4.365465248874656,0.014942181272150634
2013-05-09,77.47,4.349890764643811,-0.01557448423084562
2013-05-10,77.865,4.354976557947302,0.00508579330349157
2013-05-13,78.5,4.363098624788363,0.008122066841060871
2013-05-14,79.266,4.372809285124272,0.009710660335908727
2013-05-15,78.677,4.365350863663269,-0.007458421461002729
2013-05-16,77.84,4.354655437877749,-0.010695425785519852
2013-05-17,77.559,4.3510389370473925,-0.003616500830356806
2013-05-20,76.843,4.341764379303769,-0.00927455774362329
2013-05-21,76.938,4.342999902705034,0.0012355234012648708
2013-05-22,76.673,4.339549625538828,-0.0034502771662063836
2013-05-23,76.938,4.342999902705034,0.0034502771662063836
2013-05-24,76.947,4.343116873170125,0.00011697046509073772
2013-05-28,77.092,4.344999513836805,0.001882640666679869
2013-05-29,75.467,4.323695474612294,-0.021304039224510518
2013-05-30,75.813,4.328269781900987,0.004574307288693014
2013-05-31,73.978,4.30376775170527,-0.02450203019571706
2013-06-03,74.291,4.307989813834999,0.004222062129728421
2013-06-04,74.309,4.308232074939817,0.00024226110481873064
2013-06-05,72.86,4.288539791580417,-0.019692283359399987
2013-06-06,74.605,4.312207529092385,0.0236677375119676
2013-06-07,75.982,4.330496470129547,0.018288941037162054
2013-06-10,75.427,4.323165301100598,-0.007331169028948814
2013-06-11,74.654,4.31286410593881,-0.01030119516178818
2013-06-12,74.59,4.312006449967072,-0.0008576559717381471
2013-06-13,75.064,4.318341082987748,0.0063346330206766055
2013-06-14,75.435,4.323271358292038,0.0049302753042894665
2013-06-17,76.19,4.333230220484919,0.00995886219288078
2013-06-18,75.361,4.322289899819133,-0.010940320665786096
2013-06-19,73.848,4.302008926687851,-0.020280973131281854
2013-06-20,70.404,4.254250079731723,-0.04775884695612742
2013-06-21,70.212,4.251519236594099,-0.0027308431376242837
2013-06-24,69.729,4.2446163001004,-0.006902936493698775
2013-06-25,69.953,4.24782358796882,0.003207287868419506
2013-06-26,71.363,4.267779527746828,0.019955939778007803
2013-06-27,72.466,4.2831174863446675,0.015337958597839929
2013-06-28,73.212,4.293359341957716,0.010241855613048578
2013-07-01,73.05,4.291144138196708,-0.0022152037610077002
2013-07-02,71.941,4.2758463386434835,-0.015297799553224856
2013-07-03,70.388,4.254022794089515,-0.02182354455396851
2013-07-05,70.823,4.260183806701555,0.00616101261203994
2013-07-08,72.16,4.278885875754368,0.018702069052813464
2013-07-09,72.45,4.282896668766692,0.0040107930123234325
2013-07-10,73.196,4.29314077466544,0.010244105898748579
2013-07-11,74.79,4.314684186203576,0.021543411538135437
2013-07-12,73.767,4.300911477131509,-0.01377270907206718
2013-07-15,73.986,4.303875886116448,0.0029644089849396593
2013-07-16,73.89,4.302577500800556,-0.0012983853158923253
2013-07-17,73.069,4.291404200202431,-0.01117330059812538
2013-07-18,72.152,4.278775004863407,-0.012629195339023624
2013-07-19,71.974,4.276304942688626,-0.0024700621747806295
2013-07-22,71.806,4.27396803802239,-0.0023369046662367055
2013-07-23,71.273,4.266517574075328,-0.007450463947061614
2013-07-24,71.893,4.275178902546568,0.008661328471239571
2013-07-25,71.564,4.270592154227576,-0.004586748318991418
2013-07-26,71.893,4.275178902546568,0.004586748318991418
2013-07-29,71.458,4.269109864518183,-0.006069038028384988
2013-07-30,72.407,4.282302979800842,0.013193115282659207
2013-07-31,77.029,4.344181974325526,0.06187899452468404
2013-08-01,78.823,4.367204832448275,0.023022858122748957
2013-08-02,78.992,4.369346581516507,0.0021417490682322793
2013-08-05,79.08,4.370459998302416,0.0011134167859090383
2013-08-06,79.211,4.3721151780651,0.0016551797626842557
2013-08-07,79.694,4.378194300653656,0.006079122588555919
2013-08-08,81.291,4.398035309318934,0.019841008665277826
2013-08-09,79.934,4.381201294174094,-0.016834015144840286
2013-08-12,80.505,4.388319294296902,0.007118000122807722
2013-08-13,80.658,4.390217993700171,0.001898699403269255
2013-08-14,79.635,4.377453694703744,-0.012764298996426504
2013-08-15,78.937,4.36865006596555,-0.008803628738194291
2013-08-16,78.572,4.36401540187203,-0.00463466409351998
2013-08-19,78.075,4.357669903169143,-0.006345498702887475
2013-08-20,77.666,4.352417581169764,-0.005252321999378751
2013-08-21,77.454,4.349684211752627,-0.002733369417136977
2013-08-22,77.658,4.352314570688356,0.002630358935729049
2013-08-23,78.357,4.361275307504253,0.008960736815897263
2013-08-26,77.945,4.3560034497646445,-0.0052718577396086985
2013-08-27,76.326,4.335013640402129,-0.02098980936251582
2013-08-28,75.651,4.326130658917652,-0.008882981484476637
2013-08-29,75.612,4.325615000747919,-0.0005156581697329798
2013-08-30,75.717,4.327002705904896,0.0013877051569766152
2013-09-03,76.326,4.335013640402129,0.008010934497233002
2013-09-04,76.876,4.342193734172159,0.007180093770029927
2013-09-05,76.241,4.333899375734219,-0.00829435843794002
2013-09-06,77.075,4.344778973772214,0.010879598037995208
2013-09-09,76.989,4.343662554505773,-0.0011164192664407935
2013-09-10,77.584,4.351361220362996,0.007698665857223119
2013-09-11,78.591,4.364257189062305,0.012895968699308646
2013-09-12,77.904,4.355477299440345,-0.008779889621959747
2013-09-13,79.143,4.371256342744493,0.015779043304148033
2013-09-16,80.222,4.384797791469667,0.013541448725174376
2013-09-17,80.208,4.384623260521147,-0.00017453094852015738
2013-09-18,82.432,4.411973711041834,0.027350450520686742
2013-09-19,82.549,4.413392056422382,0.0014183453805483026
2013-09-20,80.935,4.3936463633859235,-0.01974569303645879
2013-09-23,80.119,4.383513029441643,-0.010133333944280842
2013-09-24,79.765,4.379084811752961,-0.004428217688682068
2013-09-25,80.047,4.38261396216332,0.003529150410359172
2013-09-26,80.65,4.390118804571218,0.00750484240789806
2013-09-27,80.168,4.384124432756028,-0.005994371815189581
2013-09-30,80.462,4.387785023284548,0.003660590528519414
2013-10-01,79.426,4.374825770570498,-0.012959252714050074
2013-10-02,79.177,4.371685852604557,-0.0031399179659405974
2013-10-03,79.032,4.369852833742173,-0.0018330188623840726
2013-10-04,79.643,4.377554147999325,0.0077013142571518145
2013-10-07,78.647,4.364969485102291,-0.012584662897033638
2013-10-08,77.873,4.355079294594839,-0.00989019050745199
2013-10-09,77.133,4.345531204560953,-0.009548090033885792
2013-10-10,78.418,4.362053492840925,0.016522288279971598
2013-10-11,79.201,4.371988925003296,0.00993543216237125
2013-10-14,79.49,4.375631227585021,0.003642302581725154
2013-10-15,78.93,4.368561383720311,-0.007069843864710101
2013-10-16,79.562,4.376536591930243,0.007975208209932028
2013-10-17,81.282,4.397924589826654,0.02138799789641066
2013-10-18,82.657,4.414699515175514,0.016774925348860492
2013-10-21,82.599,4.4139975739161175,-0.0007019412593969321
2013-10-22,83.452,4.424271616267627,0.010274042351509749
2013-10-23,82.944,4.4181656812897545,-0.006105934977872707
2013-10-24,83.044,4.419370587814303,0.0012049065245482993
2013-10-25,84.272,4.4340496627410335,0.014679074926730706
2013-10-28,83.929,4.429971203332942,-0.004078459408091817
2013-10-29,83.978,4.4305548597783675,0.0005836564454257953
2013-10-30,83.093,4.419960462452954,-0.010594397325413674
2013-10-31,84.136,4.432434537217727,0.012474074764773135
2013-11-01,82.556,4.413476850947129,-0.018957686270598018
2013-11-04,82.383,4.411379104950838,-0.0020977459962905343
2013-11-05,82.292,4.410273897611984,-0.0011052073388544414
2013-11-06,83.543,4.4253614693651135,0.01508757175312958
2013-11-07,82.35,4.410978456623649,-0.014383012741464363
2013-11-08,83.384,4.423456444437021,0.01247798781337206
2013-11-11,84.637,4.438371523247423,0.014915078810401994
2013-11-12,84.234,4.433598640217869,-0.0047728830295543645
2013-11-13,84.162,4.432743512965589,-0.0008551272522794306
2013-11-14,84.935,4.441886258071275,0.009142745105685357
2013-11-15,84.866,4.441073541964798,-0.0008127161064770405
2013-11-18,85.035,4.4430629364443766,0.0019893944795787988
2013-11-19,84.756,4.439776540214786,-0.0032863962295905935
2013-11-20,83.987,4.430662024961692,-0.009114515253093813
2013-11-21,83.994,4.430745367720744,8.334275905141908e-05
2013-11-22,83.834,4.4288386531263475,-0.001906714594396064
2013-11-25,83.061,4.419575277619659,-0.009263375506688654
2013-11-26,83.317,4.4226526099836265,0.0030773323639676775
2013-11-27,83.317,4.4226526099836265,0.0
2013-11-29,82.821,4.416681652422696,-0.005970957560930579
2013-12-02,82.796,4.416379751045544,-0.0003019013771519141
2013-12-03,82.523,4.413077042365304,-0.003302708680240407
2013-12-04,82.325,4.410674828262428,-0.002402214102875888
2013-12-05,81.697,4.40301728148553,-0.007657546776897561
2013-12-06,83.24,4.421728001525434,0.018710720039903705
2013-12-09,83.133,4.420441734946692,-0.001286266578741646
2013-12-10,82.787,4.416271044233747,-0.004170690712944847
2013-12-11,82.259,4.409872806151678,-0.006398238082069518
2013-12-12,81.462,4.400136653846199,-0.00973615230547864
2013-12-13,81.282,4.397924589826654,-0.0022120640195453234
2013-12-16,82.813,4.416585053898164,0.018660464071509786
2013-12-17,82.325,4.410674828262428,-0.005910225635735955
2013-12-18,83.86,4.429148741742616,0.018473913480188564
2013-12-19,83.685,4.4270597499656015,-0.002088991777014826
2013-12-20,83.843,4.428946002375304,0.0018862524097027489
2013-12-23,84.085,4.431828191974713,0.002882189599408669
2013-12-24,84.154,4.432648453672283,0.0008202616975703236
2013-12-26,85.215,4.4451774746772,0.012529021004916707
2013-12-27,86.009,4.454451941940747,0.009274467263547415
2013-12-30,85.461,4.448060131528181,-0.006391810412566201
2013-12-31,86.357,4.458489866738447,0.010429735210266244
2014-01-02,83.994,4.430745367720744,-0.027744499017703816
2014-01-03,84.144,4.432529616846988,0.0017842491262447524
2014-01-06,83.175,4.420946821904541,-0.011582794942447627
2014-01-07,84.749,4.439693946780917,0.018747124876376198
2014-01-08,85.106,4.443897538381844,0.00420359160092687
2014-01-09,85.106,4.443897538381844,0.0
2014-01-10,85.333,4.446561249553823,0.002663711171979166
2014-01-13,83.166,4.4208386104592705,-0.025722639094552413
2014-01-14,83.492,4.42475081888366,0.003912208424389441
2014-01-15,83.643,4.42655774192293,0.001806923039270103
2014-01-16,83.909,4.4297328782802765,0.003175136357346453
2014-01-17,82.31,4.410492606984553,-0.019240271295723588
2014-01-21,84.154,4.432648453672283,0.022155846687730296
2014-01-22,84.001,4.430828703534357,-0.0018197501379262349
2014-01-23,83.077,4.419767888582226,-0.011060814952131182
2014-01-24,79.532,4.376159456395834,-0.04360843218639143
2014-01-27,79.679,4.378006062996785,0.0018466066009503734
2014-01-28,79.96,4.3815265096322,0.0035204466354148423
2014-01-29,78.452,4.362486972799265,-0.0190395368329348
2014-01-30,78.346,4.361134914531329,-0.0013520582679360515
2014-01-31,77.779,4.353871471869431,-0.007263442661897379
2014-02-03,76.498,4.337264596699885,-0.016606875169546065
2014-02-04,76.456,4.336715411963879,-0.0005491847360064028
2014-02-05,76.385,4.335786341817686,-0.000929070146193034
2014-02-06,78.088,4.357836395872664,0.022050054054978396
2014-02-07,79.012,4.369599739665754,0.011763343793090186
2014-02-10,79.124,4.3710162421538294,0.001416502488075011
2014-02-11,80.762,4.391506557873013,0.020490315719183805
2014-02-12,80.855,4.392657427029907,0.0011508691568939966
2014-02-13,81.317,4.39835509678599,0.005697669756083101
2014-02-14,82.417,4.411791726315916,0.013436629529925526
2014-02-18,81.78,4.404032714936497,-0.007759011379419256
2014-02-19,82.218,4.409374256192119,0.00534154125562214
2014-02-20,82.191,4.409045807016676,-0.00032844917544316843
2014-02-21,82.318,4.410589795798197,0.0015439887815213993
2014-02-24,83.668,4.426856586591674,0.016266790793476815
2014-02-25,82.871,4.417285181881182,-0.009571404710492004
2014-02-26,84.154,4.432648453672283,0.015363271791101418
2014-02-27,84.352,4.434998519439987,0.0023500657677040238
2014-02-28,84.859,4.440991055589732,0.0059925361497450425
2014-03-03,82.83,4.416790314610172,-0.02420074097955993
2014-03-04,84.162,4.432743512965589,0.015953198355417086
2014-03-05,83.95,4.43022138352355,-0.0025221294420392226
2014-03-06,84.772,4.439965299594328,0.009743916070777736
2014-03-07,83.86,4.429148741742616,-0.01081655785171165
2014-03-10,83.759,4.427943627618042,-0.001205114124574358
2014-03-11,83.608,4.426139209292202,-0.0018044183258396629
2014-03-12,82.863,4.417188641641928,-0.00895056765027391
2014-03-13,81.729,4.403408896043911,-0.013779745598017534
2014-03-14,80.951,4.393844033351852,-0.00956486269205925
2014-03-17,81.544,4.401142751866112,0.007298718514260116
2014-03-18,82.657,4.414699515175514,0.013556763309402697
2014-03-19,81.17,4.3965457207730845,-0.018153794402429924
2014-03-20,81.544,4.401142751866112,0.004597031093027226
2014-03-21,82.689,4.415086582300205,0.013943830434093307
2014-03-24,82.325,4.410674828262428,-0.004411754037777271
2014-03-25,83.484,4.424654996729505,0.013980168467076837
2014-03-26,83.608,4.426139209292202,0.0014842125626977065
2014-03-27,84.563,4.437496818699927,0.011357609407724567
2014-03-28,85.828,4.452345293582835,0.014848474882907858
2014-03-31,85.411,4.447474898120402,-0.004870395462432953
2014-04-01,86.459,4.459670313130498,0.012195415010096688
2014-04-02,86.744,4.4629612521698805,0.003290939039382046
2014-04-03,86.838,4.464044313883522,0.0010830617136416976
2014-04-04,86.494,4.46007504737018,-0.0039692665133426175
2014-04-07,85.742,4.451342787233209,-0.008732260136970815
2014-04-08,86.045,4.454870415216874,0.003527627983665127
2014-04-09,87.261,4.468903627634382,0.01403321241750799
2014-04-10,85.599,4.4496736008364675,-0.019230026797914412
2014-04-11,85.657,4.450350949393219,0.0006773485567519444
2014-04-14,87.781,4.474845076311854,0.024494126918634507
2014-04-15,87.781,4.474845076311854,0.0
2014-04-16,88.371,4.481543861523373,0.006698785211519009
2014-04-17,88.58,4.483906098495052,0.0023622369716793656
2014-04-21,88.342,4.481215645712874,-0.0026904527821782764
2014-04-22,88.994,4.488568951729261,0.007353306016386618
2014-04-23,87.922,4.47645005778932,-0.012118893939940811
2014-04-24,88.529,4.483330181953153,0.006880124163832768
2014-04-25,88.493,4.482923452840429,-0.00040672911272388035
2014-04-28,89.378,4.492874566884398,0.009951114043968978
2014-04-29,90.12,4.501142115564043,0.008267548679645742
2014-04-30,87.4,4.470495282661489,-0.03064683290255399
2014-05-01,88.125,4.478756261132433,0.008260978470943314
2014-05-02,87.773,4.474753936263714,-0.004002324868718432
2014-05-05,88.705,4.485316257512612,0.010562321248897888
2014-05-06,87.932,4.476563788497871,-0.008752469014741138
2014-05-07,89.468,4.493881019448024,0.017317230950152585
2014-05-08,90.198,4.502007253873752,0.008126234425728462
2014-05-09,90.039,4.500242909801824,-0.0017643440719279369
2014-05-12,90.828,4.5089676081150305,0.008724698313206325
2014-05-13,90.82,4.508879525669805,-8.808244522562347e-05
2014-05-14,90.145,4.501419484994163,-0.007460040675641544
2014-05-15,89.485,4.494071013469371,-0.007348471524792011
2014-05-16,91.567,4.517070944761403,0.022999931292031484
2014-05-19,91.038,4.511277001771159,-0.005793942990243828
2014-05-20,91.028,4.511167151496973,-0.00010985027418630722
2014-05-21,91.474,4.516054778896897,0.004887627399924099
2014-05-22,91.274,4.513865971579191,-0.0021888073177054324
2014-05-23,90.893,4.509682990517418,-0.004182981061773283
2014-05-27,91.655,4.518031528171328,0.008348537653909638
2014-05-28,90.811,4.508780423644189,-0.009251104527138843
2014-05-29,90.884,4.509583968088757,0.0008035444445679829
2014-05-30,90.801,4.508670298762461,-0.000913669326295441
2014-06-02,90.573,4.506156155389129,-0.0025141433733324448
2014-06-03,90.792,4.508571175998838,0.0024150206097086624
2014-06-04,90.974,4.510573751407033,0.002002575408195817
2014-06-05,91.201,4.513065861932452,0.002492110525418312
2014-06-06,91.765,4.519230961310435,0.006165099377983374
2014-06-09,91.611,4.517551351806422,-0.0016796095040128023
2014-06-10,94.219,4.545621859757707,0.028070507951285073
2014-06-11,93.257,4.535359122730665,-0.010262737027042057
2014-06-12,92.371,4.5258130765716835,-0.009546046158981802
2014-06-13,91.775,4.519339929382898,-0.006473147188785333
2014-06-16,92.168,4.523612998735753,0.004273069352854542
2014-06-17,92.591,4.528191944704041,0.004578945968288117
2014-06-18,93.608,4.539115849916657,0.010923905212615992
2014-06-19,94.775,4.551505661402398,0.012389811485741475
2014-06-20,95.955,4.56387933157021,0.0123736701678121
2014-06-23,95.381,4.5578793971933935,-0.0059999343768168956
2014-06-24,95.048,4.554382027155986,-0.0034973700374072436
2014-06-25,95.371,4.5577745490134625,0.003392521857476183
2014-06-26,94.246,4.545908385109202,-0.011866163904260318
2014-06-27,94.879,4.552602395564868,0.006694010455666088
2014-06-30,94.926,4.553097640694982,0.0004952451301134531
2014-07-01,94.801,4.551779957728548,-0.001317682966433864
2014-07-02,94.443,4.547996477913539,-0.0037834798150084836
2014-07-03,95.523,4.559367056186277,0.011370578272737575
2014-07-07,95.078,4.554697607352792,-0.004669448833484857
2014-07-08,94.366,4.54718083878332,-0.007516768569471921
2014-07-09,94.775,4.551505661402398,0.0043248226190781835
2014-07-10,93.691,4.540002133403841,-0.01150352799855714
2014-07-11,93.387,4.536752149251982,-0.0032499841518589534
2014-07-14,93.582,4.538838057297744,0.0020859080457613643
2014-07-15,93.054,4.533179969805371,-0.005658087492372843
2014-07-16,93.092,4.533588251482419,0.0004082816770480946
2014-07-17,91.593,4.517354849546014,-0.016233401936404768
2014-07-18,93.044,4.533072499547661,0.01571765000164671
2014-07-21,92.371,4.5258130765716835,-0.007259422975977259
2014-07-22,93.184,4.534576033134166,0.008762956562482493
2014-07-23,93.212,4.534876468768092,0.0003004356339255665
2014-07-24,93.342,4.536270167333039,0.001393698564947421
2014-07-25,91.583,4.517245664936568,-0.01902450239647102
2014-07-28,90.682,4.507358880976169,-0.00988678396039866
2014-07-29,90.61,4.5065645822339695,-0.0007942987421998282
2014-07-30,90.601,4.506465250515614,-9.933171835552201e-05
2014-07-31,89.19,4.490768925678116,-0.015696324837498388
2014-08-01,88.406,4.481939840643477,-0.008829085034638418
2014-08-04,89.627,4.495656613873035,0.013716773229558221
2014-08-05,89.039,4.489074475996765,-0.0065821378762702665
2014-08-06,89.119,4.4899725552901675,0.000898079293402354
2014-08-07,88.212,4.479743008179951,-0.010229547110216508
2014-08-08,88.941,4.48797322855431,0.008230220374358943
2014-08-11,89.593,4.4952771919289685,0.007303963374658551
2014-08-12,89.477,4.493981609014735,-0.001295582914233151
2014-08-13,89.269,4.491654283156981,-0.0023273258577543032
2014-08-14,90.333,4.503502842167882,0.011848559010901205
2014-08-15,90.919,4.509969000243698,0.006466158075816075
2014-08-18,91.466,4.515967318527321,0.005998318283622517
2014-08-19,91.793,4.519536041995747,0.0035687234684260716
2014-08-20,91.166,4.512682020552929,-0.006854021442817881
2014-08-21,91.793,4.519536041995747,0.006854021442817881
2014-08-22,90.966,4.510485810327499,-0.009050231668247477
2014-08-25,92.269,4.5247082237729845,0.014222413445485138
2014-08-26,92.519,4.527414028830983,0.002705805057998667
2014-08-27,92.434,4.526494876332951,-0.0009191524980325383
2014-08-28,91.912,4.520831597551064,-0.00566327878188666
2014-08-29,92.332,4.525390776981752,0.004559179430687621
2014-09-02,91.929,4.521016539974663,-0.004374237007088944
2014-09-03,92.851,4.530996057799953,0.009979517825290607
2014-09-04,93.691,4.540002133403841,0.009006075603887886
2014-09-05,93.377,4.536645062232968,-0.003357071170873027
2014-09-08,92.057,4.5224079504151415,-0.014237111817826609
2014-09-09,92.074,4.522592601560774,0.0001846511456324862
2014-09-10,92.279,4.524816596662528,0.0022239951017537507
2014-09-11,92.591,4.528191944704041,0.003375348041513071
2014-09-12,91.639,4.51785694526037,-0.010334999443671222
2014-09-15,94.538,4.54900187007468,0.031144924814310748
2014-09-16,94.538,4.54900187007468,0.0
2014-09-17,93.553,4.5385281206185315,-0.010473749456148873
2014-09-18,94.737,4.551104631383093,0.012576510764561455
2014-09-19,94.821,4.55199090371661,0.0008862723335170131
2014-09-22,94.633,4.550006252437582,-0.001984651279028249
2014-09-23,94.163,4.545027323107183,-0.004978929330398785
2014-09-24,94.405,4.547594037850495,0.0025667147433123816
2014-09-25,92.953,4.532093989063504,-0.015500048786991627
2014-09-26,92.529,4.527522108896801,-0.004571880166702513
2014-09-29,91.428,4.515551777278873,-0.011970331617928487
2014-09-30,91.567,4.517070944761403,0.001519167482530115
2014-10-01,88.994,4.488568951729261,-0.02850199303214218
2014-10-02,88.335,4.481136405064643,-0.0074325466646172345
2014-10-03,88.748,4.485800892890336,0.004664487825692731
2014-10-06,89.548,4.494774794365635,0.008973901475298973
2014-10-07,87.028,4.466229905955956,-0.02854488840967928
2014-10-08,88.0,4.477336814478207,0.011106908522251047
2014-10-09,86.744,4.4629612521698805,-0.014375562308326373
2014-10-10,87.773,4.474753936263714,0.011792684093833827
2014-10-13,87.581,4.472564079440059,-0.002189856823655134
2014-10-14,87.408,4.470586811653362,-0.0019772677866969346
2014-10-15,87.183,4.468009357780467,-0.002577453872895319
2014-10-16,85.785,4.451844166035389,-0.01616519174507758
2014-10-17,87.922,4.47645005778932,0.024605891753930464
2014-10-20,88.441,4.48233566302618,0.005885605236859881
2014-10-21,89.396,4.493075938449176,0.010740275422996604
2014-10-22,88.371,4.481543861523373,-0.01153207692580338
2014-10-23,88.994,4.488568951729261,0.007025090205887707
2014-10-24,89.824,4.497852200179472,0.009283248450211445
2014-10-27,89.209,4.490981931357204,-0.006870268822267711
2014-10-28,91.011,4.5109803783324365,0.01999844697523212
2014-10-29,90.801,4.508670298762461,-0.0023100795699750876
2014-10-30,90.865,4.509374888533225,0.0007045897707635973
2014-10-31,91.664,4.518129717666222,0.008754829132996633
2014-11-03,90.485,4.505184091112165,-0.012945626554056844
2014-11-04,90.361,4.503812758382302,-0.0013713327298630063
2014-11-05,90.782,4.508461028070058,0.0046482696877561125
2014-11-06,90.656,4.507072123648106,-0.001388904421951942
2014-11-07,90.519,4.505559773421947,-0.0015123502261591426
2014-11-10,91.501,4.516349901183504,0.010790127761556967
2014-11-11,92.25,4.524502282920636,0.008152381737132508
2014-11-12,91.311,4.5142712622712695,-0.010231020649366762
2014-11-13,92.573,4.527997522461525,0.013726260190255246
2014-11-14,92.547,4.527716623583273,-0.00028089887825188953
2014-11-17,92.51,4.527316746783227,-0.0003998768000457176
2014-11-18,93.137,4.534071527458511,0.006754780675283456
2014-11-19,93.739,4.540514324633093,0.006442797174582182
2014-11-20,94.256,4.546014484779332,0.005500160146238997
2014-11-21,95.705,4.561270543698073,0.015256058918740933
2014-11-24,96.358,4.568070422031065,0.006799878332992115
2014-11-25,96.147,4.56587827029997,-0.0021921517310952154
2014-11-26,96.203,4.5664605422166025,0.0005822719166328483
2014-11-28,97.738,4.582290429181248,0.015829886964645823
2014-12-01,97.039,4.575112959553843,-0.007177469627404953
2014-12-02,95.993,4.56427527214262,-0.010837687411223484
2014-12-03,95.628,4.560465664203611,-0.0038096079390088633
2014-12-04,95.362,4.557680176251468,-0.002785487952142951
2014-12-05,96.922,4.573906531311147,0.016226355059679065
2014-12-08,96.147,4.56587827029997,-0.008028261011177484
2014-12-09,94.936,4.553202980362838,-0.01267528993713185
2014-12-10,94.689,4.55059783716237,-0.0026051432004674524
2014-12-11,94.163,4.545027323107183,-0.005570514055187381
2014-12-12,92.185,4.5237974275223545,-0.021229895584828462
2014-12-15,91.247,4.513570115209821,-0.010227312312533599
2014-12-16,91.011,4.5109803783324365,-0.0025897368773843965
2014-12-17,92.093,4.522798936029679,0.011818557697242937
2014-12-18,95.791,4.562168734843389,0.03936979881370917
2014-12-19,95.465,4.558759688165428,-0.0034090466779606032
2014-12-22,95.687,4.561082448061337,0.0023227598959092433
2014-12-23,96.433,4.568848466688579,0.007766018627242133
2014-12-24,96.502,4.569563733518773,0.0007152668301939613
2014-12-26,96.358,4.568070422031065,-0.0014933114877084819
2014-12-29,95.935,4.563670878810062,-0.004399543221002666
2014-12-30,94.415,4.547699958833541,-0.015970919976521003
2014-12-31,93.838,4.541569891245122,-0.0061300675884190525
2015-01-02,93.36,4.5364629879783,-0.005106903266821838
2015-01-05,90.314,4.503292487165363,-0.03317050081293704
2015-01-06,90.11,4.501031146246946,-0.0022613409184168987
2015-01-07,91.421,4.51547521136926,0.014444065122313887
2015-01-08,94.302,4.5465023983222475,0.03102718695298723
2015-01-09,93.553,4.5385281206185315,-0.007974277703715948
2015-01-12,94.793,4.5516955668722465,0.01316744625371502
2015-01-13,95.163,4.555591210789026,0.0038956439167794343
2015-01-14,94.851,4.552307239288019,-0.0032839715010073434
2015-01-15,95.436,4.5584558657629985,0.006148626474979935
2015-01-16,97.758,4.582495036948873,0.02403917118587451
2015-01-20,97.542,4.580283054480142,-0.0022119824687312217
2015-01-21,98.373,4.588766376162415,0.008483321682272837
2015-01-22,99.378,4.598930761198072,0.010164385035657197
2015-01-23,100.19,4.607068383271171,0.008137622073099315
2015-01-26,101.14,4.616505695651837,0.009437312380665475
2015-01-27,100.98,4.6149224774307696,-0.0015832182210671064
2015-01-28,100.55,4.610655116218661,-0.004267361212108689
2015-01-29,103.16,4.636281181013144,0.025626064794483483
2015-01-30,101.99,4.624874769262426,-0.011406411750717993
2015-02-02,102.94,4.6341462942246086,0.009271524962182198
2015-02-03,104.9,4.653007515402251,0.018861221177642662
2015-02-04,103.33,4.637927750226264,-0.015079765175987525
2015-02-05,103.76,4.642080540008188,0.004152789781924682
2015-02-06,101.33,4.618382517460226,-0.02369802254796216
2015-02-09,100.59,4.611052849146247,-0.0073296683139796315
2015-02-10,101.88,4.623795650111256,0.012742800965009238
2015-02-11,101.28,4.617888958395866,-0.005906691715389378
2015-02-12,102.37,4.628593700931679,0.010704742535812883
2015-02-13,101.69,4.621928969803046,-0.0066647311286329725
2015-02-17,101.93,4.624286303180321,0.0023573333772750615
2015-02-18,101.83,4.623304756183574,-0.0009815469967477952
2015-02-19,102.56,4.63044799317236,0.00714323698878605
2015-02-20,103.24,4.637056374850413,0.006608381678053554
2015-02-23,104.66,4.650717000944062,0.013660626093648709
2015-02-24,104.86,4.652626127144386,0.0019091262003243514
2015-02-25,103.98,4.6441985729555695,-0.0084275541888168
2015-02-26,106.51,4.6682388774550745,0.024040304499505005
2015-02-27,105.82,4.661739537475985,-0.006499339979089136
2015-03-02,105.93,4.662778498608405,0.0010389611324193027
2015-03-03,105.5,4.658710952916121,-0.004067545692283403
2015-03-04,105.54,4.659090027977522,0.00037907506140033576
2015-03-05,106.68,4.669833699313814,0.01074367133629206
2015-03-06,104.26,4.64688777933996,-0.022945919973853535
2015-03-09,103.62,4.640730361386642,-0.006157417953318145
2015-03-10,99.99,4.605070180987758,-0.0356601803988843
2015-03-11,101.47,4.6197631882909915,0.014693007303233863
2015-03-12,102.71,4.631909483177713,0.012146294886721698
2015-03-13,100.85,4.613634264400221,-0.018275218777492164
2015-03-16,102.19,4.626833825624118,0.013199561223896872
2015-03-17,101.09,4.616011209165967,-0.010822616458151302
2015-03-18,102.57,4.630545492319319,0.01453428315335259
2015-03-19,101.49,4.619960271460727,-0.010585220858592592
2015-03-20,102.63,4.631130287657623,0.011170016196896171
2015-03-23,103.07,4.635408369048701,0.0042780813910781035
2015-03-24,102.21,4.627029520340985,-0.008378848707716102
2015-03-25,101.82,4.62320654847419,-0.003822971866794589
2015-03-26,101.17,4.616802270217799,-0.006404278256391116
2015-03-27,102.38,4.628691381029437,0.011889110811638126
2015-03-30,103.23,4.636959508477498,0.008268127448061158
2015-03-31,101.86,4.623599321456458,-0.013360187021040026
2015-04-01,103.18,4.636475035816504,0.012875714360045976
2015-04-02,105.03,4.654246023634684,0.017770987818179762
2015-04-06,105.82,4.661739537475985,0.007493513841301258
2015-04-07,105.82,4.661739537475985,0.0
2015-04-08,104.89,4.652912181973512,-0.008827355502472933
2015-04-09,105.2,4.65586330030361,0.002951118330097202
2015-04-10,104.53,4.649474111544616,-0.006389188758993747
2015-04-13,104.22,4.646504049481068,-0.0029700620635475516
2015-04-14,104.64,4.650525887708889,0.004021838227820318
2015-04-15,104.09,4.645255909527377,-0.005269978181511981
2015-04-16,104.08,4.64515983420425,-9.60753231264988e-05
2015-04-17,103.36,4.638218040034292,-0.006941794169958548
2015-04-20,102.43,4.629179638448443,-0.009038401585848455
2015-04-21,103.11,4.635796379529852,0.006616741081408861
2015-04-22,102.08,4.6257568195964796,-0.010039559933372466
2015-04-23,102.35,4.628398312107299,0.0026414925108193543
2015-04-24,103.36,4.638218040034292,0.009819727926992705
2015-04-27,104.29,4.6471754801331215,0.008957440098829927
2015-04-28,103.95,4.643910014304022,-0.0032654658290995897
2015-04-29,101.76,4.622617099591812,-0.021292914712209843
2015-04-30,102.07,4.625658852415407,0.0030417528235950897
2015-05-01,103.23,4.636959508477498,0.011300656062091186
2015-05-04,100.57,4.610854002456389,-0.026105506021109726
2015-05-05,99.66,4.601764392853259,-0.0090896096031301
2015-05-06,101.95,4.624482497020464,0.022718104167205766
2015-05-07,101.79,4.622911867464248,-0.0015706295562161188
2015-05-08,104.24,4.6466959328165895,0.023784065352341344
2015-05-11,103.08,4.635505385784164,-0.011190547032425613
2015-05-12,102.6,4.630837932736669,-0.0046674530474950515
2015-05-13,102.74,4.632201525039122,0.0013635923024528651
2015-05-14,104.34,4.647654797594247,0.015453272555125075
2015-05-15,104.59,4.650047944766177,0.0023931471719302877
2015-05-18,103.76,4.642080540008188,-0.007967404757988739
2015-05-19,105.28,4.656623467577007,0.014542927568818698
2015-05-20,104.94,4.653388758258566,-0.0032347093184412756
2015-05-21,105.37,4.657477965611436,0.004089207352870439
2015-05-22,104.2,4.646312129319266,-0.011165836292169828
2015-05-26,102.08,4.6257568195964796,-0.020555309722786852
2015-05-27,103.7,4.641502115235482,0.015745295639002066
2015-05-28,104.06,4.644967655862158,0.0034655406266761446
2015-05-29,102.53,4.630155438682,-0.014812217180157461
2015-06-01,101.45,4.619566066271823,-0.010589372410176878
2015-06-02,103.74,4.6418877689232545,0.022321702651431075
2015-06-03,104.66,4.650717000944062,0.008829232020807432
2015-06-04,103.55,4.640054587841593,-0.010662413102468626
2015-06-05,105.87,4.662211926355289,0.02215733851369528
2015-06-08,102.55,4.63035048451839,-0.03186144183689876
2015-06-09,102.24,4.627322990629224,-0.0030274938891654557
2015-06-10,104.08,4.64515983420425,0.017836843575025796
2015-06-11,104.55,4.649665425874643,0.004505591670392661
2015-06-12,103.76,4.642080540008188,-0.007584885866454449
2015-06-15,102.38,4.628691381029437,-0.013389158978751148
2015-06-16,103.24,4.637056374850413,0.008364993820975997
2015-06-17,103.26,4.637250079451503,0.0001937046010898058
2015-06-18,104.32,4.647463098178343,0.010213018726839884
2015-06-19,103.75,4.641984159110808,-0.005478939067534938
2015-06-22,106.29,4.66617120754549,0.024187048434682445
2015-06-23,107.29,4.675535448648655,0.009364241103164694
2015-06-24,107.22,4.674882798399391,-0.0006526502492638642
2015-06-25,106.71,4.6701148746284735,-0.004767923770917726
2015-06-26,107.09,4.673669602412784,0.0035547277843104297
2015-06-29,103.61,4.640633850263661,-0.033035752149123354
2015-06-30,102.6,4.630837932736669,-0.009795917526991715
2015-07-01,104.22,4.646504049481068,0.01566611674439944
2015-07-02,103.71,4.641598542601643,-0.004905506879425481
2015-07-06,100.69,4.612046489927524,-0.02955205267411909
2015-07-07,101.55,4.620551288026394,0.008504798098869948
2015-07-08,100.87,4.613832559066744,-0.006718728959649312
2015-07-09,102.38,4.628691381029437,0.014858821962692836
2015-07-10,107.66,4.678978113132811,0.0502867321033742
2015-07-13,107.71,4.679442430362679,0.00046431722986728374
2015-07-14,108.03,4.682408966328894,0.0029665359662152113
2015-07-15,108.14,4.683426683953859,0.0010177176249648312
2015-07-16,109.22,4.693364196724008,0.00993751277014887
2015-07-17,109.28,4.69391339582248,0.0005491990984722861
2015-07-20,109.28,4.69391339582248,0.0
2015-07-21,108.91,4.690521853087595,-0.003391542734885178
2015-07-22,108.4,4.685828089005546,-0.004693764082048801
2015-07-23,106.98,4.672641901103104,-0.013186187902442192
2015-07-24,105.76,4.6611723761033765,-0.011469524999727199
2015-07-27,104.88,4.652816839455444,-0.008355536647932205
2015-07-28,105.28,4.656623467577007,0.0038066281215627384
2015-07-29,106.38,4.667017589314171,0.010394121737164141
2015-07-30,101.97,4.624678652376135,-0.042338936938036476
2015-07-31,101.66,4.621633912018757,-0.0030447403573781173
2015-08-03,102.17,4.626638092603332,0.005004180584575302
2015-08-04,101.73,4.622322244805657,-0.004315847797674799
2015-08-05,103.54,4.639958011473755,0.017635766668098185
2015-08-06,103.65,4.641019838881789,0.001061827408033622
2015-08-07,102.57,4.630545492319319,-0.010474346562469705
2015-08-10,103.7,4.641502115235482,0.010956622916162395
2015-08-11,102.84,4.633174382397689,-0.008327732837792645
2015-08-12,101.4,4.619073091157083,-0.014101291240605995
2015-08-13,101.15,4.6166045636137545,-0.0024685275433284914
2015-08-14,99.77,4.602867536925416,-0.013737026688338538
2015-08-17,99.289,4.59803478948708,-0.004832747438335616
2015-08-18,99.428,4.599433764136155,0.001398974649074347
2015-08-19,97.408,4.578908342799166,-0.020525421336988536
2015-08-20,95.362,4.557680176251468,-0.021228166547698102
2015-08-21,92.658,4.528915295468919,-0.028764880782548907
2015-08-24,91.374,4.514960974097609,-0.01395432137131003
2015-08-25,90.29,4.503026712319388,-0.011934261778221433
2015-08-26,91.991,4.5216907461768,0.01866403385741222
2015-08-27,93.805,4.541218159495575,0.019527413318774833
2015-08-28,93.451,4.537437234753895,-0.00378092474167957
2015-08-31,92.611,4.528407925093862,-0.009029309660033569
2015-09-01,90.198,4.502007253873752,-0.026400671220109473
2015-09-02,92.057,4.5224079504151415,0.02040069654138943
2015-09-03,91.712,4.518653232205707,-0.0037547182094348486
2015-09-04,90.057,4.500442803192682,-0.018210429013024942
2015-09-08,91.793,4.519536041995747,0.019093238803065127
2015-09-09,91.883,4.52051602857214,0.0009799865763930882
2015-09-10,91.947,4.52121232409067,0.0006962955185301212
2015-09-11,91.458,4.515879850507759,-0.0053324735829107794
2015-09-14,90.476,4.505084622165735,-0.010795228342024288
2015-09-15,91.867,4.520341878911836,0.0152572567461009
2015-09-16,98.159,4.586588612901701,0.06624673398986491
2015-09-17,97.621,4.581092634209034,-0.005495978692667158
2015-09-18,97.214,4.576914734016459,-0.004177900192575024
2015-09-21,93.933,4.542581762174134,-0.034332971842324866
2015-09-22,91.383,4.515059465537141,-0.02752229663699257
2015-09-23,91.693,4.518446040470825,0.0033865749336836615
2015-09-24,90.865,4.509374888533225,-0.009071151937599886
2015-09-25,93.129,4.533985628797403,0.024610740264177977
2015-09-28,89.896,4.498653446605601,-0.035332182191801564
2015-09-29,88.326,4.481034515003931,-0.017618931601670162
2015-09-30,90.405,4.504299575603117,0.02326506059918554
2015-10-01,90.71,4.507667604626853,0.003368029023736341
2015-10-02,93.582,4.538838057297744,0.03117045267089047
2015-10-05,94.163,4.545027323107183,0.006189265809439348
2015-10-06,93.202,4.534769180688768,-0.010258142418415162
2015-10-07,94.348,4.546990073921629,0.01222089323286113
2015-10-08,94.136,4.544740545161628,-0.0022495287600010627
2015-10-09,95.144,4.555391533424944,0.010650988263316563
2015-10-12,94.801,4.551779957728548,-0.003611575696396585
2015-10-13,96.786,4.572502355723706,0.02072239799515785
2015-10-14,98.159,4.586588612901701,0.014086257177995165
2015-10-15,98.022,4.585191943272426,-0.0013966696292744274
2015-10-16,97.885,4.583793320228506,-0.001398623043920466
2015-10-19,98.748,4.592571150411576,0.008777830183070101
2015-10-20,98.669,4.591770814024974,-0.0008003363866020408
2015-10-21,97.039,4.575112959553843,-0.016657854471130662
2015-10-22,99.73,4.602466534413777,0.027353574859933616
2015-10-23,100.96,4.6147243987929025,0.012257864379125571
2015-10-26,100.27,4.607866547535834,-0.0068578512570685035
2015-10-27,99.67,4.601864728979365,-0.006001818556469196
2015-10-28,100.96,4.6147243987929025,0.0128596698135377
2015-10-29,100.13,4.606469341719712,-0.008255057073190741
2015-10-30,101.49,4.619960271460727,0.013490929741014845
2015-11-02,101.67,4.62173227428707,0.0017720028263434884
2015-11-03,101.04,4.6155164780422355,-0.006215796244834593
2015-11-04,101.42,4.619270310366873,0.0037538323246373295
2015-11-05,102.57,4.630545492319319,0.011275181952446367
2015-11-06,102.66,4.631422557132157,0.00087706481283778
2015-11-09,101.93,4.624286303180321,-0.007136253951835592
2015-11-10,102.13,4.626246511590008,0.0019602084096863592
2015-11-11,104.98,4.653769855824153,0.027523344234145597
2015-11-12,104.63,4.6504303173929555,-0.0033395384311978304
2015-11-13,103.68,4.641309232603964,-0.009121084788991318
2015-11-16,105.61,4.659753063758383,0.01844383115441861
2015-11-17,107.81,4.680370418551027,0.020617354792643816
2015-11-18,108.77,4.689235561105759,0.008865142554732586
2015-11-19,107.68,4.679163865896418,-0.010071695209341591
2015-11-20,108.61,4.687763484291945,0.008599618395527031
2015-11-23,109.16,4.692814695840138,0.005051211548193102
2015-11-24,110.39,4.70401955003026,0.011204854190122404
2015-11-25,111.45,4.713576059831878,0.009556509801617707
2015-11-27,111.45,4.713576059831878,0.0
2015-11-30,110.87,4.70835834378426,-0.005217716047617671
2015-12-01,110.99,4.709440107163888,0.0010817633796280646
2015-12-02,110.24,4.7026598072653485,-0.006780299898539788
2015-12-03,109.46,4.695559185715772,-0.00710062154957658
2015-12-04,110.36,4.703747749349085,0.008188563633312995
2015-12-07,111.26,4.711869804647147,0.008122055298062314
2015-12-08,111.05,4.709980550340436,-0.0018892543067110523
2015-12-09,109.43,4.695285075430352,-0.014695474910084272
2015-12-10,109.02,4.691531351636135,-0.003753723794217123
2015-12-11,105.8,4.661550519424199,-0.029980832211935926
2015-12-14,105.99,4.663344750039164,0.0017942306149647536
2015-12-15,105.69,4.6605102810212555,-0.00283446901790807
2015-12-16,107.98,4.6819460247901405,0.02143574376888502
2015-12-17,107.7,4.679349584162343,-0.002596440627797847
2015-12-18,107.02,4.673015732883159,-0.006333851279183733
2015-12-21,106.84,4.67133238824176,-0.001683344641398854
2015-12-22,107.45,4.67702562308852,0.005693234846759765
2015-12-23,108.61,4.687763484291945,0.010737861203424792
2015-12-24,108.53,4.687026632457924,-0.0007368518340209462
2015-12-28,108.6,4.687671407499835,0.000644775041910961
2015-12-29,109.93,4.699843799590773,0.012172392090938011
2015-12-30,108.85,4.689970787680556,-0.009873011910216611
2015-12-31,107.89,4.681112189563248,-0.008858598117307714
2016-01-04,105.68,4.66041566021407,-0.02069652934917876
2016-01-05,105.75,4.661077817926388,0.0006621577123180344
2016-01-06,103.76,4.642080540008188,-0.018997277918199273
2016-01-07,103.12,4.635893358630932,-0.006187181377256046
2016-01-08,101.08,4.615912282519994,-0.019981076110938467
2016-01-11,102.84,4.633174382397689,0.017262099877695114
2016-01-12,102.7,4.631812116934513,-0.0013622654631761932
2016-01-13,100.24,4.607567310587813,-0.02424480634670001
2016-01-14,101.08,4.615912282519994,0.008344971932181089
2016-01-15,100.47,4.609859175474223,-0.006053107045771
2016-01-19,102.57,4.630545492319319,0.020686316845096364
2016-01-20,100.06,4.605770006060059,-0.024775486259260404
2016-01-21,100.75,4.612642200826793,0.006872194766733841
2016-01-22,104.42,4.648421227982406,0.03577902715561354
2016-01-25,104.68,4.650908077661946,0.0024868496795393824
2016-01-26,105.82,4.661739537475985,0.010831459814039768
2016-01-27,105.2,4.65586330030361,-0.005876237172375731
2016-01-28,105.55,4.65918477429433,0.0033214739907201363
2016-01-29,108.6,4.687671407499835,0.02848663320550493
2016-02-01,109.36,4.6946451924156944,0.00697378491585976
2016-02-02,107.88,4.681019498271529,-0.013625694144165479
2016-02-03,107.85,4.680741372835166,-0.0002781254363632968
2016-02-04,105.6,4.659658371272161,-0.0210830015630048
2016-02-05,102.08,4.6257568195964796,-0.03390155167568132
2016-02-08,99.408,4.5992325933213385,-0.02652422627514106
2016-02-09,100.21,4.607267984070237,0.008035390748898585
2016-02-10,100.37,4.608863357825709,0.0015953737554719183
2016-02-11,98.921,4.594321551781253,-0.014541806044456429
2016-02-12,99.61,4.601262561157074,0.0069410093758213165
2016-02-16,100.7,4.612145799724517,0.010883238567442888
2016-02-17,101.36,4.618678536012884,0.006532736288367147
2016-02-18,100.41,4.609261803891345,-0.009416732121539262
2016-02-19,100.46,4.609759638321899,0.0004978344305541782
2016-02-22,101.08,4.615912282519994,0.006152644198095025
2016-02-23,100.35,4.608664075242347,-0.0072482072776471895
2016-02-24,99.82,4.603368564041463,-0.0052955112008836736
2016-02-25,97.905,4.583997620755291,-0.01937094328617217
2016-02-26,96.894,4.573617597474985,-0.010380023280306183
2016-02-29,96.223,4.566668414334425,-0.006949183140559256
2016-03-01,98.452,4.589569119759441,0.02290070542501521
2016-03-02,98.062,4.585599931691215,-0.003969188068225549
2016-03-03,98.777,4.592864784130937,0.007264852439721636
2016-03-04,100.35,4.608664075242347,0.015799291111409985
2016-03-07,99.97,4.60487014097909,-0.003793934263256915
2016-03-08,99.269,4.597833337014073,-0.0070368039650166025
2016-03-09,99.99,4.605070180987758,0.007236843973684515
2016-03-10,100.79,4.613039144366787,0.00796896337902897
2016-03-11,101.63,4.621338767149675,0.008299622782888427
2016-03-14,101.11,4.616209033103308,-0.005129734046366963
2016-03-15,100.55,4.610655116218661,-0.005553916884647236
2016-03-16,101.17,4.616802270217799,0.006147153999138233
2016-03-17,102.18,4.626735963902652,0.009933693684852862
2016-03-18,104.9,4.653007515402251,0.026271551499599255
2016-03-21,104.22,4.646504049481068,-0.006503465921182894
2016-03-22,105.45,4.658236906924784,0.011732857443715439
2016-03-23,105.43,4.6580472255888585,-0.00018968133592522918
2016-03-24,104.93,4.653293461169819,-0.004753764419039186
2016-03-28,105.19,4.6557682387511825,0.0024747775813631634
2016-03-29,107.35,4.67609452432479,0.020326285573607272
2016-03-30,108.52,4.686934487790731,0.010839963465941516
2016-03-31,107.59,4.678327706605818,-0.008606781184913537
2016-04-01,108.45,4.6862892372728835,0.00796153066706573
2016-04-04,108.84,4.689878913915045,0.003589676642161699
2016-04-05,107.04,4.673202596379919,-0.01667631753512655
2016-04-06,106.49,4.668051084027292,-0.005151512352626675
2016-04-07,104.44,4.648612743830928,-0.01943834019636359
2016-04-08,104.97,4.653674595047707,0.005061851216778379
2016-04-11,104.03,4.644679319082804,-0.008995275964903016
2016-04-12,104.54,4.649569773284776,0.004890454201972538
2016-04-13,105.47,4.658426552288523,0.008856779003746595
2016-04-14,108.5,4.686750172980514,0.028323620691991458
2016-04-15,108.97,4.691072614988795,0.004322442008280802
2016-04-18,110.39,4.70401955003026,0.012946935041465046
2016-04-19,113.71,4.7336513476366315,0.029631797606371357
2016-04-20,113.18,4.728979471714378,-0.004671875922253932
2016-04-21,110.94,4.708989514627088,-0.019989957087289234
2016-04-22,110.71,4.706914169871375,-0.0020753447557133597
2016-04-25,111.37,4.712857991405009,0.005943821533634264
2016-04-26,110.9,4.7086288943563215,-0.004229097048687791
2016-04-27,110.82,4.707907263439203,-0.0007216309171180768
2016-04-28,109.95,4.70002571700077,-0.007881546438433418
2016-04-29,109.09,4.692173229609665,-0.007852487391105
2016-05-02,110.55,4.705467907303455,0.013294677693790113
2016-05-03,109.8,4.69866052907543,-0.006807378228025129
2016-05-04,108.09,4.682964213428112,-0.015696315647318215
2016-05-05,110.0,4.700480365792417,0.017516152364304816
2016-05-06,109.84,4.699024761459715,-0.0014556043327011992
2016-05-09,111.8,4.716711560720999,0.017686799261283248
2016-05-10,112.54,4.723308714005133,0.006597153284134016
2016-05-11,111.44,4.71348632947155,-0.009822384533582529
2016-05-12,111.14,4.710790667851775,-0.0026956616197750805
2016-05-13,109.73,4.698022803002708,-0.012767864849067223
2016-05-16,110.24,4.7026598072653485,0.004637004262640687
2016-05-17,108.3,4.684905154006945,-0.017754653258403863
2016-05-18,107.41,4.676653287609955,-0.008251866396989271
2016-05-19,107.49,4.677397819984972,0.0007445323750170374
2016-05-20,107.17,4.674416358724906,-0.002981461260066709
2016-05-23,106.75,4.670489652108734,-0.003926706616171671
2016-05-24,109.69,4.6976582054232425,0.027168553314508515
2016-05-25,110.77,4.7074559795288415,0.00979777410559901
2016-05-26,111.71,4.715906227582757,0.008450248053915033
2016-05-27,110.94,4.708989514627088,-0.006916712955668203
2016-05-31,110.89,4.708538718965125,-0.0004507956619637099
2016-06-01,113.35,4.730480376953538,0.021941657988413077
2016-06-02,112.68,4.724551943008172,-0.005928433945365796
2016-06-03,112.46,4.722597602864056,-0.0019543401441159958
2016-06-06,114.37,4.7394388067931255,0.016841203929069515
2016-06-07,114.58,4.741273268980431,0.0018344621873058742
2016-06-08,115.67,4.75074130930731,0.009468040326878757
2016-06-09,114.14,4.737425765108562,-0.013315544198747808
2016-06-10,110.24,4.7026598072653485,-0.03476595784321379
2016-06-13,108.88,4.69024635834321,-0.012413448922138137
2016-06-14,107.42,4.676746384477314,-0.013499973865896742
2016-06-15,109.17,4.6929063002921785,0.016159915814864867
2016-06-16,110.29,4.703113260318055,0.010206960025876732
2016-06-17,109.14,4.6926314617580855,-0.010481798559969668
2016-06-20,111.09,4.710340683593631,0.017709221835545463
2016-06-21,112.94,4.726856704244691,0.016516020651059726
2016-06-22,112.83,4.725882261150355,-0.0009744430943356974
2016-06-23,113.83,4.734706107337125,0.008823846186770012
2016-06-24,107.6,4.678420647727684,-0.05628545960944109
2016-06-27,106.66,4.669646205172456,-0.008774442555227857
2016-06-28,108.38,4.685643570137968,0.01599736496551163
2016-06-29,110.95,4.709079649378603,0.02343607924063562
2016-06-30,115.68,4.750827758410455,0.04174810903185122
2016-07-01,115.43,4.748664285626821,-0.002163472783633935
2016-07-05,112.95,4.726945242914012,-0.021719042712808445
2016-07-06,112.51,4.72304210658298,-0.003903136331032009
2016-07-07,111.73,4.716085246559246,-0.006956860023733746
2016-07-08,112.23,4.720550337028165,0.004465090468918298
2016-07-11,111.96,4.718141664647253,-0.0024086723809118027
2016-07-12,112.46,4.722597602864056,0.004455938216803013
2016-07-13,112.2,4.720282993088596,-0.0023146097754596084
2016-07-14,111.0,4.709530201312334,-0.010752791776262427
2016-07-15,110.19,4.702206148499686,-0.007324052812648141
2016-07-18,110.63,4.70619130004682,0.00398515154713408
2016-07-19,109.45,4.695467823968872,-0.010723476077948213
2016-07-20,110.89,4.708538718965125,0.013070894996253024
2016-07-21,109.38,4.694828057918627,-0.013710661046498096
2016-07-22,110.81,4.707817022948234,0.012988965029607336
2016-07-25,110.66,4.7064624374699635,-0.001354585478270387
2016-07-26,111.23,4.711600129603938,0.005137692133974525
2016-07-27,107.12,4.673949701382917,-0.037650428221020604
2016-07-28,110.62,4.706100904566532,0.03215120318361464
2016-07-29,113.71,4.7336513476366315,0.027550443070099462
2016-08-01,110.02,4.700662167447312,-0.03298918018931918
2016-08-02,109.48,4.695741884172478,-0.00492028327483407
2016-08-03,108.63,4.68794761244566,-0.007794271726818458
2016-08-04,108.87,4.690154509893088,0.002206897447428524
2016-08-05,108.8,4.689511334421843,-0.000643175471245705
2016-08-08,108.0,4.68213122712422,-0.007380107297622729
2016-08-09,108.15,4.683519152399068,0.0013879252748481008
2016-08-10,108.63,4.68794761244566,0.004428460046591809
2016-08-11,109.46,4.695559185715772,0.007611573270112082
2016-08-12,110.86,4.708268143991659,0.012708958275887028
2016-08-15,110.37,4.703838357784793,-0.004429786206865849
2016-08-16,110.7,4.706823839714591,0.002985481929798084
2016-08-17,111.18,4.711150509525323,0.004326669810732042
2016-08-18,111.41,4.713217090071225,0.0020665805459021414
2016-08-19,111.02,4.709710365262016,-0.0035067248092097714
2016-08-22,110.2,4.702296896718814,-0.00741346854320124
2016-08-23,111.09,4.710340683593631,0.00804378687481666
2016-08-24,110.58,4.705739240909787,-0.004601442683844326
2016-08-25,110.51,4.705106014600691,-0.0006332263090955692
2016-08-26,110.45,4.7045629298661265,-0.0005430847345646583
2016-08-29,110.98,4.709350004897755,0.004787075031628341
2016-08-30,110.14,4.7017522838343355,-0.0075977210634192716
2016-08-31,108.96,4.690980842401202,-0.010771441433133688
2016-09-01,109.65,4.697293474863897,0.006312632462694978
2016-09-02,111.36,4.71276819658611,0.01547472172221287
2016-09-06,112.4,4.722063937459591,0.009295740873481506
2016-09-07,111.9,4.71760561531788,-0.004458322141711157
2016-09-08,111.2,4.711330381816482,-0.006275233501398247
2016-09-09,108.26,4.6845357413688316,-0.02679464044765023
2016-09-12,109.64,4.697202271434585,0.012666530065753356
2016-09-13,107.66,4.678978113132811,-0.018224158301773485
2016-09-14,107.87,4.680926798387338,0.0019486852545265165
2016-09-15,109.43,4.695285075430352,0.014358277043013956
2016-09-16,109.01,4.691439621140267,-0.00384545429008476
2016-09-19,110.08,4.701207374185033,0.009767753044766181
2016-09-20,110.58,4.705739240909787,0.004531866724753364
2016-09-21,111.83,4.716979861040097,0.011240620130310575
2016-09-22,114.27,4.738564069158622,0.021584208118524906
2016-09-23,114.35,4.73926392046879,0.0006998513101681425
2016-09-26,116.13,4.754710253257667,0.015446332788876305
2016-09-27,115.87,4.752468873008971,-0.002241380248695357
2016-09-28,117.23,4.7641378170837365,0.011668944074765264
2016-09-29,115.23,4.746930131025923,-0.0172076860578132
2016-09-30,115.44,4.7487509144656155,0.001820783439692164
2016-10-03,113.23,4.729421148325948,-0.019329766139667193
2016-10-04,113.09,4.728183961883236,-0.0012371864427125345
2016-10-05,113.57,4.732419386903555,0.004235425020318928
2016-10-06,111.8,4.716711560720999,-0.01570782618255606
2016-10-07,111.79,4.716622111282234,-8.94494387644329e-05
2016-10-10,112.02,4.718677426781686,0.0020553154994518152
2016-10-11,112.61,4.723930521708934,0.005253094927248014
2016-10-12,111.9,4.71760561531788,-0.006324906391053986
2016-10-13,111.81,4.716801002159277,-0.0008046131586034733
2016-10-14,113.03,4.72765327020264,0.010852268043363367
2016-10-17,112.63,4.724108110059605,-0.0035451601430347424
2016-10-18,112.42,4.722241857573929,-0.0018662524856765117
2016-10-19,113.08,4.72809553282539,0.005853675251461077
2016-10-20,111.97,4.718230978272105,-0.0098645545532845
2016-10-21,111.37,4.712857991405009,-0.005372986867095975
2016-10-24,109.88,4.699388861227073,-0.013469130177936606
2016-10-25,108.73,4.6888677450096585,-0.01052111621741414
2016-10-26,106.79,4.670864289183454,-0.01800345582620455
2016-10-27,106.7,4.670021158307708,-0.0008431308757463896
2016-10-28,102.64,4.631227720307381,-0.03879343800032675
2016-10-31,101.47,4.6197631882909915,-0.011464532016389306
2016-11-01,101.02,4.615318517039906,-0.004444671251085275
2016-11-02,100.67,4.611847840741332,-0.00347067629857456
2016-11-03,98.738,4.592469877409859,-0.01937796333147279
2016-11-04,98.462,4.589670686941139,-0.002799190468719459
2016-11-07,99.309,4.598236201385162,0.008565514444022426
2016-11-08,101.57,4.6207482159514095,0.02251201456624763
2016-11-09,98.689,4.5919734913937,-0.02877472455770924
2016-11-10,95.315,4.55718719596594,-0.03478629542776002
2016-11-11,94.699,4.550703440474188,-0.0064837554917520634
2016-11-14,91.028,4.511167151496973,-0.039536288977215506
2016-11-15,92.101,4.522885800965617,0.011718649468644315
2016-11-16,91.292,4.514063160541631,-0.008822640423986172
2016-11-17,91.938,4.521114436824094,0.00705127628246327
2016-11-18,90.939,4.510188952075134,-0.010925484748960379
2016-11-21,92.242,4.524415558292956,0.014226606217822457
2016-11-22,91.639,4.51785694526037,-0.0065586130325865355
2016-11-23,91.402,4.5152673600587745,-0.002589585201595135
2016-11-25,92.696,4.5293253216947615,0.014057961635987049
2016-11-28,93.562,4.538624318144191,0.009298996449429886
2016-11-29,93.553,4.5385281206185315,-9.619752565992457e-05
2016-11-30,92.185,4.5237974275223545,-0.014730693096177028
2016-12-01,89.182,4.490679225500898,-0.03311820202145643
2016-12-02,90.504,4.505394048624166,0.014714823123267884
2016-12-05,92.176,4.523699792990027,0.018305744365861187
2016-12-06,92.879,4.531297570751142,0.007597777761114699
2016-12-07,93.137,4.534071527458511,0.0027739567073687965
2016-12-08,91.629,4.517747815461278,-0.016323711997232593
2016-12-09,92.417,4.526310944408883,0.008563128947605136
2016-12-12,92.555,4.527803062411649,0.0014921180027656078
2016-12-13,93.766,4.540802316955288,0.01299925454363926
2016-12-14,91.857,4.520233019971143,-0.02056929698414489
2016-12-15,90.656,4.507072123648106,-0.013160896323037186
2016-12-16,91.938,4.521114436824094,0.014042313175988141
2016-12-19,91.702,4.518544189275397,-0.002570247548697502
2016-12-20,91.92,4.5209186335405,0.0023744442651034703
2016-12-21,92.48,4.5269924049240675,0.006073771383567461
2016-12-22,91.783,4.519427095292366,-0.007565309631701211
2016-12-23,92.371,4.5258130765716835,0.006385981279317221
2016-12-27,92.759,4.530004731820381,0.004191655248697579
2016-12-28,92.739,4.529789096071451,-0.00021563574892979886
2016-12-29,93.628,4.539329484047658,0.009540387976207043
2016-12-30,94.117,4.544538689148023,0.005209205100364933
2017-01-03,93.313,4.535959433623968,-0.008579255524055363
2017-01-04,93.924,4.542485944610702,0.006526510986733847
2017-01-05,95.324,4.557281615261117,0.014795670650415538
2017-01-06,94.556,4.549192251578635,-0.008089363682482364
2017-01-09,94.566,4.549298003421459,0.00010575184282402006
2017-01-10,94.108,4.544443058918173,-0.004854944503286163
2017-01-11,93.857,4.5417723473581235,-0.002670711560049277
2017-01-12,94.566,4.549298003421459,0.00752565606333544
2017-01-13,94.499,4.548589252433125,-0.000708750988334117
2017-01-17,94.841,4.552201805215846,0.0036125527827213233
2017-01-18,94.063,4.543964770543685,-0.008237034672161414
2017-01-19,93.6,4.539030383483547,-0.004934387060138157
2017-01-20,94.079,4.544134854842125,0.0051044713585781665
2017-01-23,94.831,4.552096360026159,0.007961505184034046
2017-01-24,94.756,4.55130516649588,-0.0007911935302784556
2017-01-25,94.793,4.5516955668722465,0.0003904003763661734
2017-01-26,93.553,4.5385281206185315,-0.01316744625371502
2017-01-27,93.877,4.541985414784117,0.0034572941655852674
2017-01-30,93.266,4.535455625574894,-0.006529789209222869
2017-01-31,93.064,4.533287428514465,-0.0021681970604285894
2017-02-01,93.146,4.5341681546333685,0.000880726118903219
2017-02-02,93.266,4.535455625574894,0.0012874709415253704
2017-02-03,93.996,4.543252228173102,0.007796602598207691
2017-02-06,93.729,4.540407639758773,-0.0028445884143284417
2017-02-07,94.079,4.544134854842125,0.0037272150833516093
2017-02-08,94.538,4.54900187007468,0.004867015232555616
2017-02-09,94.936,4.553202980362838,0.004201110288157395
2017-02-10,94.518,4.548790292551887,-0.004412687810950722
2017-02-13,95.343,4.557480915612651,0.008690623060763514
2017-02-14,96.786,4.572502355723706,0.015021440111055107
2017-02-15,96.367,4.568163819358931,-0.004338536364774548
2017-02-16,97.088,4.575617783726067,0.007453964367136301
2017-02-17,97.137,4.576122353179429,0.0005045694533611922
2017-02-21,97.572,4.580590567013701,0.0044682138342722055
2017-02-22,97.448,4.579318902397658,-0.001271664616043111
2017-02-23,97.078,4.575514779080467,-0.0038041233171908218
2017-02-24,97.523,4.580088247620274,0.004573468539806669
2017-02-27,97.582,4.580693050180931,0.0006048025606570917
2017-02-28,97.728,4.582188109596167,0.0014950594152365326
2017-03-01,98.139,4.5863848410846755,0.0041967314885082985
2017-03-02,94.49,4.548494008794535,-0.037890832290140786
2017-03-03,97.048,4.575205701468619,0.02671169267408402
2017-03-06,95.715,4.56137502598842,-0.013830675480198451
2017-03-07,96.117,4.565566199394928,0.004191173406507431
2017-03-08,94.641,4.550090785971028,-0.015475413423899909
2017-03-09,95.333,4.557376025642133,0.0072852396711056144
2017-03-10,96.05,4.564868889214566,0.0074928635724322845
2017-03-13,96.348,4.567966636990548,0.0030977477759819294
2017-03-14,95.725,4.561479497363358,-0.00648713962718972
2017-03-15,96.981,4.574515083028457,0.013035585665098992
2017-03-16,98.941,4.594523712884124,0.02000862985566698
2017-03-17,99.76,4.602767301371781,0.00824358848765705
2017-03-20,99.92,4.604369865817322,0.001602564445541077
2017-03-21,99.55,4.6006600305102054,-0.003709835307116549
2017-03-22,99.021,4.595331948852188,-0.00532808165801768
2017-03-23,99.06,4.595725727160092,0.0003937783079042134
2017-03-24,98.951,4.594624778111707,-0.0011009490483848694
2017-03-27,99.408,4.5992325933213385,0.004607815209631383
2017-03-28,99.55,4.6006600305102054,0.0014274371888669535
2017-03-29,99.378,4.598930761198072,-0.0017292693121335745
2017-03-30,98.413,4.589172909153084,-0.009757852044987914
2017-03-31,97.983,4.5847939942352625,-0.004378914917821497
2017-04-03,98.842,4.5935226156384745,0.008728621403212067
2017-04-04,98.941,4.594523712884124,0.0010010972456493406
2017-04-05,98.62,4.59127408079598,-0.0032496320881438834
2017-04-06,98.629,4.591365336011532,9.125521555208849e-05
2017-04-07,98.139,4.5863848410846755,-0.0049804949268565935
2017-04-10,98.792,4.593016629815521,0.006631788730845578
2017-04-11,98.225,4.587260765444523,-0.005755864370997621
2017-04-12,98.393,4.588969663316383,0.0017088978718593495
2017-04-13,97.32,4.578004517915322,-0.010965145401060639
2017-04-17,98.521,4.590269723424129,0.01226520550880661
2017-04-18,98.921,4.594321551781253,0.00405182835712381
2017-04-19,98.149,4.586486732183557,-0.007834819597695386
2017-04-20,97.379,4.578610581652741,-0.007876150530815806
2017-04-21,96.651,4.5711065522122984,-0.0075040294404429275
2017-04-24,100.47,4.609859175474223,0.03875262326192441
2017-04-25,101.69,4.621928969803046,0.012069794328823491
2017-04-26,100.15,4.606669062111827,-0.015259907691219432
2017-04-27,100.18,4.606968567929471,0.00029950581764381923
2017-04-28,101.08,4.615912282519994,0.008943714590523122
2017-05-01,101.33,4.618382517460226,0.002470234940232352
2017-05-02,102.12,4.6261485923732835,0.007766074913057253
2017-05-03,102.82,4.632979886627359,0.00683129425407536
2017-05-04,108.68,4.688407784558147,0.055427897930788284
2017-05-05,109.69,4.6976582054232425,0.009250420865095421
2017-05-08,108.34,4.685274430229753,-0.012383775193489654
2017-05-09,108.34,4.685274430229753,0.0
2017-05-10,108.24,4.684350983862532,-0.0009234463672207482
2017-05-11,108.14,4.683426683953859,-0.0009242999086733761
2017-05-12,109.0,4.6913478822291435,0.007921198275284702
2017-05-15,108.8,4.689511334421843,-0.0018365478073008035
2017-05-16,109.57,4.696563614417302,0.007052279995459543
2017-05-17,108.72,4.688775769842889,-0.007787844574413505
2017-05-18,106.43,4.667487492052953,-0.02128827778993525
2017-05-19,107.35,4.67609452432479,0.008607032271836346
2017-05-22,107.73,4.679628096906101,0.0035335725813112617
2017-05-23,107.88,4.681019498271529,0.0013914013654279245
2017-05-24,107.83,4.680555912893981,-0.0004635853775480925
2017-05-25,107.67,4.679070993827626,-0.0014849190663550615
2017-05-26,107.8,4.680277658474897,0.0012066646472712605
2017-05-30,106.16,4.664947390023952,-0.01533026845094465
2017-05-31,106.39,4.667111587528274,0.002164197504321841
2017-06-01,106.76,4.670583324536324,0.0034717370080494803
2017-06-02,107.53,4.677769878402435,0.007186553866111112
2017-06-05,107.71,4.679442430362679,0.001672551960243851
2017-06-06,107.36,4.676187673223372,-0.0032547571393068964
2017-06-07,106.57,4.668802046232865,-0.007385626990506822
2017-06-08,104.13,4.645640118541804,-0.023161927691060846
2017-06-09,103.25,4.637153231841142,-0.008486886700661778
2017-06-12,102.75,4.632298853376344,-0.0048543784647980814
2017-06-13,103.58,4.640344260995746,0.008045407619401423
2017-06-14,103.68,4.641309232603964,0.0009649716082185122
2017-06-15,102.99,4.63463189613771,-0.0066773364662537915
2017-06-16,103.6,4.640537329825382,0.005905433687671824
2017-06-19,103.85,4.642947550322122,0.002410220496739335
2017-06-20,103.87,4.64314011723972,0.00019256691759839129
2017-06-21,103.53,4.6398614257780215,-0.0032786914616984575
2017-06-22,103.12,4.635893358630932,-0.003968067147089194
2017-06-23,103.08,4.635505385784164,-0.00038797284676839183
2017-06-26,103.62,4.640730361386642,0.0052249756024780325
2017-06-27,103.35,4.638121286127777,-0.002609075258864557
2017-06-28,103.42,4.638798366968075,0.0006770808402976058
2017-06-29,100.66,4.611748501348214,-0.027049865619861002
2017-06-30,100.39,4.609062600703435,-0.0026859006447788047
2017-07-03,100.45,4.609660091260944,0.0005974905575083511
2017-07-05,100.06,4.605770006060059,-0.003890085200884741
2017-07-06,100.4,4.609162207257629,0.0033922011975704436
2017-07-07,100.8,4.613138355637268,0.003976148379639
2017-07-10,101.66,4.621633912018757,0.008495556381488356
2017-07-11,101.04,4.6155164780422355,-0.006117433976521092
2017-07-12,102.35,4.628398312107299,0.01288183406506338
2017-07-13,102.83,4.6330771392411,0.004678827133800745
2017-07-14,103.96,4.6440062097732895,0.010929070532189833
2017-07-17,103.88,4.643236386794547,-0.000769822978742063
2017-07-18,104.14,4.645736147734753,0.00249976094020532
2017-07-19,104.44,4.648612743830928,0.002876596096175632
2017-07-20,105.08,4.654721964817339,0.006109220986410868
2017-07-21,104.37,4.647942277831961,-0.0067796869853786745
2017-07-24,103.49,4.639474989680082,-0.008467288151878805
2017-07-25,103.66,4.641116312761561,0.001641323081479129
2017-07-26,105.26,4.656433479925633,0.015317167164072387
2017-07-27,111.73,4.716085246559246,0.05965176663361316
2017-07-28,110.22,4.70247836845509,-0.013606878104156728
2017-07-31,109.76,4.6982961639775755,-0.004182204477514162
2017-08-01,108.99,4.69125613490122,-0.007040029076355481
2017-08-02,108.02,4.682316395164745,-0.008939739736475438
2017-08-03,108.97,4.691072614988795,0.008756219824050504
2017-08-04,109.18,4.692997896353612,0.0019252813648167333
2017-08-07,108.73,4.6888677450096585,-0.004130151343953337
2017-08-08,108.07,4.6827791653150745,-0.006088579694583984
2017-08-09,107.01,4.67292228803891,-0.009856877276164688
2017-08-10,105.58,4.65946895939547,-0.013453328643439733
2017-08-11,105.36,4.657383057435026,-0.0020859019604442253
2017-08-14,105.89,4.662400819442363,0.0050177620073368345
2017-08-15,106.46,4.667769327744611,0.0053685083022481095
2017-08-16,107.11,4.673856343776539,0.006087016031927739
2017-08-17,106.32,4.66645341440499,-0.007402929371548517
2017-08-18,105.78,4.6613614656378335,-0.005091948767156573
2017-08-21,106.22,4.665512414994253,0.004150949356419353
2017-08-22,106.34,4.666641508076192,0.001129093081939203
2017-08-23,105.59,4.659563669818423,-0.007077838257768754
2017-08-24,105.4,4.657762636107262,-0.0018010337111613595
2017-08-25,105.97,4.663156035186745,0.005393399079482997
2017-08-28,105.35,4.6572881402501976,-0.00586789493654738
2017-08-29,106.3,4.666265285347902,0.008977145097704309
2017-08-30,107.12,4.673949701382917,0.007684416035015573
2017-08-31,107.68,4.679163865896418,0.005214164513500208
2017-09-01,107.92,4.6813902118995,0.002226346003082469
2017-09-05,108.09,4.682964213428112,0.001574001528611646
2017-09-06,108.66,4.688223741123377,0.005259527695264943
2017-09-07,110.25,4.702750514326955,0.014526773203578536
2017-09-08,110.51,4.705106014600691,0.0023555002737358777
2017-09-11,110.64,4.706281687356503,0.001175672755811874
2017-09-12,110.71,4.706914169871375,0.0006324825148720237
2017-09-13,110.42,4.704291276855899,-0.0026228930154763574
2017-09-14,110.75,4.707275408925245,0.0029841320693462237
2017-09-15,109.94,4.699934762432514,-0.007340646492730585
2017-09-18,109.32,4.694279361059867,-0.005655401372647084
2017-09-19,109.23,4.693455750855452,-0.0008236102044154592
2017-09-20,107.42,4.676746384477314,-0.016709366378138135
2017-09-21,106.41,4.6672995574536404,-0.009446827023673166
2017-09-22,105.87,4.662211926355289,-0.0050876310983518636
2017-09-25,106.29,4.66617120754549,0.0039592811902018354
2017-09-26,106.86,4.671519566529625,0.005348358984134549
2017-09-27,107.8,4.680277658474897,0.008758091945272106
2017-09-28,108.25,4.684443366882599,0.004165708407701807
2017-09-29,108.53,4.687026632457924,0.0025832655753248446
2017-10-02,108.23,4.684258592307055,-0.0027680401508689556
2017-10-03,109.23,4.693455750855452,0.009197158548396978
2017-10-04,110.03,4.700753055881822,0.007297305026369827
2017-10-05,111.49,4.71393490077948,0.013181844897658834
2017-10-06,110.62,4.706100904566532,-0.007833996212948335
2017-10-09,111.34,4.7125885827553615,0.006487678188829449
2017-10-10,112.88,4.726325307544559,0.013736724789197297
2017-10-11,112.96,4.727033773744932,0.0007084662003729036
2017-10-12,113.36,4.730568595382425,0.0035348216374933017
2017-10-13,114.03,4.736461571669267,0.005892976286841822
2017-10-16,114.37,4.7394388067931255,0.0029772351238586126
2017-10-17,114.63,4.741709550126918,0.0022707433337929572
2017-10-18,114.43,4.739963282329623,-0.0017462677972952534
2017-10-19,114.57,4.741185989905534,0.0012227075759110306
2017-10-20,114.15,4.737513372975805,-0.003672616929729422
2017-10-23,113.79,4.734354644368917,-0.0031587286068877063
2017-10-24,112.8,4.725616339063959,-0.008738305304958338
2017-10-25,110.58,4.705739240909787,-0.019877098154172046
2017-10-26,109.53,4.696198484335655,-0.00954075657413167
2017-10-27,108.87,4.690154509893088,-0.0060439744425666575
2017-10-30,109.89,4.699479865458833,0.009325355565744431
2017-10-31,111.68,4.715637639014062,0.016157773555229404
2017-11-01,111.11,4.710520701595917,-0.005116937418145007
2017-11-02,110.01,4.700571270751344,-0.009949430844573115
2017-11-03,110.74,4.707185111394821,0.006613840643477253
2017-11-06,109.69,4.6976582054232425,-0.009526905971578792
2017-11-07,107.95,4.681668156960816,-0.015990048462426465
2017-11-08,107.47,4.677211738853062,-0.00445641810775399
2017-11-09,107.52,4.677676876774839,0.00046513792177727
2017-11-10,107.48,4.6773047837472905,-0.00037209302754881435
2017-11-13,107.13,4.6740430502744665,-0.003261733472823991
2017-11-14,106.07,4.664099253517379,-0.009943796757087675
2017-11-15,104.89,4.652912181973512,-0.011187071543866445
2017-11-16,106.2,4.665324108807838,0.012411926834325904
2017-11-17,106.28,4.666077120891613,0.0007530120837744292
2017-11-20,106.76,4.670583324536324,0.004506203644710993
2017-11-21,106.84,4.67133238824176,0.0007490637054363702
2017-11-22,106.97,4.672548421318039,0.0012160330762789329
2017-11-24,108.65,4.688131706702439,0.015583285384400014
2017-11-27,108.6,4.687671407499835,-0.00046029920260437507
2017-11-28,108.54,4.6871187686352584,-0.0005526388645762381
2017-11-29,107.1,4.673762977453703,-0.01335579118155561
2017-11-30,105.8,4.661550519424199,-0.012212458029503992
2017-12-01,106.7,4.670021158307708,0.008470638883508741
2017-12-04,106.66,4.669646205172456,-0.0003749531352514879
2017-12-05,104.4,4.648229675448539,-0.0214165297239175
2017-12-06,104.43,4.648516990491458,0.0002873150429190119
2017-12-07,102.82,4.632979886627359,-0.015537103864098789
2017-12-08,103.21,4.636765747577842,0.0037858609504830554
2017-12-11,102.98,4.634534794617996,-0.0022309529598460998
2017-12-12,102.69,4.631714741210204,-0.0028200534077917894
2017-12-13,102.5,4.629862798578463,-0.0018519426317409327
2017-12-14,102.11,4.6260506635674465,-0.0038121350110165153
2017-12-15,102.23,4.627225176768922,0.0011745132014757687
2017-12-18,102.99,4.63463189613771,0.007406719368788117
2017-12-19,103.31,4.637734176861354,0.0031022807236436023
2017-12-20,103.17,4.6363781131122845,-0.0013560637490694916
2017-12-21,102.91,4.6338548198480005,-0.002523293264284021
2017-12-22,103.11,4.635796379529852,0.0019415596818515013
2017-12-26,102.97,4.63443768366866,-0.001358695861192416
2017-12-27,103.64,4.640923355693909,0.0064856720252493005
2017-12-28,102.82,4.632979886627359,-0.00794346906655008
2017-12-29,103.11,4.635796379529852,0.002816492902493195
2018-01-02,103.9,4.6434288981051814,0.007632518575329428
2018-01-03,104.7,4.651099117876491,0.007670219771309661
2018-01-04,104.98,4.653769855824153,0.0026707379476622606
2018-01-05,106.04,4.663816381420824,0.010046525596671074
2018-01-08,105.31,4.656908381392506,-0.006908000028318817
2018-01-09,105.65,4.660131744062066,0.003223362669560359
2018-01-10,105.29,4.656718447868668,-0.003413296193397919
2018-01-11,105.54,4.659090027977522,0.0023715801088535216
2018-01-12,106.19,4.665229942415754,0.0061399144382328075
2018-01-16,106.77,4.670676988190211,0.005447045774456427
2018-01-17,107.19,4.674602960703428,0.003925972513217246
2018-01-18,106.4,4.667205576907544,-0.0073973837958840605
2018-01-19,106.49,4.668051084027292,0.0008455071197479569
2018-01-22,106.48,4.667957174086856,-9.390994043556589e-05
2018-01-23,105.81,4.66164503291607,-0.006312141170786489
2018-01-24,105.58,4.65946895939547,-0.002176073520599786
2018-01-25,105.06,4.654531615525816,-0.004937343869654498
2018-01-26,106.21,4.6654182663334485,0.010886650807632847
2018-01-29,104.91,4.6531028397433944,-0.012315426590054024
2018-01-30,104.37,4.647942277831961,-0.005160561911433881
2018-01-31,104.87,4.652721487846314,0.004779210014353552
2018-02-01,105.44,4.658142070754197,0.005420582907882832
2018-02-02,103.29,4.637540566018542,-0.02060150473565514
2018-02-05,98.852,4.59362378208772,-0.04391678393082188
2018-02-06,100.7,4.612145799724517,0.01852201763679684
2018-02-07,98.951,4.594624778111707,-0.017521021612809662
2018-02-08,95.742,4.561657073656345,-0.03296770445536179
2018-02-09,95.324,4.557281615261117,-0.004375458395228016
2018-02-12,96.3,4.56746831880408,0.010186703542962583
2018-02-13,95.935,4.563670878810062,-0.003797439994017715
2018-02-14,96.3,4.56746831880408,0.003797439994017715
2018-02-15,96.728,4.571902915871946,0.004434597067866086
2018-02-16,98.072,4.585701902792693,0.013798986920747325
2018-02-20,97.36,4.578415448679272,-0.007286454113421215
2018-02-21,97.098,4.575720777762803,-0.002694670916469022
2018-02-22,97.35,4.578312731818208,0.0025919540554051324
2018-02-23,99.12,4.596331237320887,0.018018505502678472
2018-02-26,100.73,4.612443669954589,0.016112432633702767
2018-02-27,98.186,4.586863639005449,-0.025580030949140742
2018-02-28,98.129,4.58628293960294,-0.0005806994025085999
2018-03-01,101.15,4.6166045636137545,0.030321624010814396
2018-03-02,102.24,4.627322990629224,0.010718427015469878
2018-03-05,103.19,4.636571949127623,0.009248958498398352
2018-03-06,104.21,4.646408094004336,0.009836144876713249
2018-03-07,104.25,4.646791860678911,0.000383766674574737
2018-03-08,106.5,4.66814498514948,0.021353124470569362
2018-03-09,106.46,4.667769327744611,-0.00037565740486922294
2018-03-12,106.83,4.671238785957796,0.003469458213185561
2018-03-13,106.01,4.663533429285006,-0.0077053566727904865
2018-03-14,104.89,4.652912181973512,-0.010621247311493498
2018-03-15,104.3,4.647271362006727,-0.005640819966785671
2018-03-16,104.44,4.648612743830928,0.0013413818242016262
2018-03-19,103.72,4.641694960670463,-0.006917783160464985
2018-03-20,104.12,4.645544080126364,0.00384911945590094
2018-03-21,101.88,4.623795650111256,-0.02174843001510851
2018-03-22,100.26,4.607766811835357,-0.01602883827589885
2018-03-23,98.699,4.5920748146758505,-0.01569199715950642
2018-03-26,99.57,4.600860914399993,0.00878609972414246
2018-03-27,99.318,4.598326823506083,-0.0025340908939099904
2018-03-28,101.31,4.618185123065586,0.01985829955950269
2018-03-29,101.61,4.62114195549779,0.002956832432204237
2018-04-02,99.61,4.601262561157074,-0.01987939434071606
2018-04-03,100.53,4.610456190417329,0.009193629260255243
2018-04-04,100.95,4.614625344758847,0.004169154341517434
2018-04-05,101.7,4.622027303054514,0.007401958295667477
2018-04-06,99.76,4.602767301371781,-0.01926000168273312
2018-04-09,100.47,4.609859175474223,0.007091874102441942
2018-04-10,100.11,4.606269581431392,-0.0035895940428307682
2018-04-11,98.196,4.5869654813332446,-0.019304100098147536
2018-04-12,97.224,4.577017594568499,-0.009947886764745562
2018-04-13,96.844,4.5731014364625855,-0.003916158105913503
2018-04-16,96.405,4.5685580674913595,-0.004543368971225981
2018-04-17,98.62,4.59127408079598,0.022716013304620475
2018-04-18,98.882,4.593927220042044,0.002653139246064029
2018-04-19,97.098,4.575720777762803,-0.018206442279240953
2018-04-20,96.05,4.564868889214566,-0.010851888548237376
2018-04-23,95.257,4.556578502120141,-0.008290387094424645
2018-04-24,94.709,4.550809032635124,-0.005769469485016998
2018-04-25,95.401,4.558089060579596,0.007280027944472245
2018-04-26,94.173,4.5451335162939275,-0.012955544285668807
2018-04-27,92.279,4.524816596662528,-0.0203169196313997
2018-04-30,92.49,4.527100530566169,0.0022839339036409
2018-05-01,92.48,4.5269924049240675,-0.00010812564210116449
2018-05-02,89.723,4.4967271464536696,-0.03026525847039796
2018-05-03,91.563,4.51702725994733,0.020300113493660454
2018-05-04,92.338,4.525455757758295,0.008428497810965219
2018-05-07,92.53,4.527532916260939,0.0020771585026437833
2018-05-08,93.098,4.533652701775153,0.00611978551421366
2018-05-09,92.803,4.530478966855837,-0.0031737349193159403
2018-05-10,90.406,4.504310636877044,-0.026168329978792926
2018-05-11,90.083,4.500731467566841,-0.0035791693102025235
2018-05-14,90.482,4.505150935896017,0.004419468329175835
2018-05-15,88.691,4.4851584185531195,-0.019992517342897642
2018-05-16,89.013,4.488782426481064,0.0036240079279448167
2018-05-17,89.478,4.4939927850087,0.005210358527635961
2018-05-18,89.363,4.492706726265455,-0.0012860587432452775
2018-05-21,89.267,4.491631878711939,-0.0010748475535162783
2018-05-22,89.96,4.499365127091115,0.007733248379175883
2018-05-23,89.81,4.497696327682858,-0.0016687994082564828
2018-05-24,90.738,4.507976232996659,0.01027990531380052
2018-05-25,89.761,4.497150582532292,-0.010825650464366454
2018-05-29,87.506,4.471707362441228,-0.02544322009106459
2018-05-30,89.222,4.491127645947415,0.01942028350618763
2018-05-31,88.691,4.4851584185531195,-0.005969227394295729
2018-06-01,88.531,4.483352773165172,-0.0018056453879475853
2018-06-04,91.24,4.5134933974161875,0.030140624251015602
2018-06-05,90.159,4.501574778276932,-0.011918619139255071
2018-06-06,89.903,4.498731311332364,-0.0028434669445687177
2018-06-07,89.041,4.489096937811681,-0.00963437352068297
2018-06-08,89.715,4.49663797916463,0.007541041352949307
2018-06-11,91.856,4.520222133425281,0.02358415426065097
2018-06-12,92.54,4.527640983478854,0.00741885005357279
2018-06-13,92.681,4.529163489320381,0.0015225058415273551
2018-06-14,92.273,4.524751574338174,-0.004411914982207499
2018-06-15,93.372,4.536591514422794,0.011839940084620082
2018-06-18,91.543,4.516808807246932,-0.019782707175862058
2018-06-19,91.372,4.514939085793623,-0.0018697214533087703
2018-06-20,91.733,4.518882183663547,0.003943097869924195
2018-06-21,92.196,4.523916745673498,0.005034562009950783
2018-06-22,93.941,4.542666925634803,0.018750179961305236
2018-06-25,92.708,4.5294547687403135,-0.013212156894489624
2018-06-26,93.258,4.535369845728816,0.005915076988502577
2018-06-27,92.623,4.528537490940486,-0.006832354788330441
2018-06-28,93.978,4.54306071232458,0.014523221384094676
2018-06-29,95.484,4.558958694183398,0.015897981858818078
2018-07-02,95.333,4.557376025642133,-0.0015826685412649866
2018-07-03,96.117,4.565566199394928,0.008190173752794294
2018-07-05,97.058,4.575308737953929,0.00974253855900109
2018-07-06,98.393,4.588969663316383,0.013660925362454002
2018-07-09,98.373,4.588766376162415,-0.00020328715396811248
2018-07-10,98.442,4.589467542260801,0.0007011660983859969
2018-07-11,97.66,4.581492058633514,-0.007975483627286728
2018-07-12,98.002,4.584987886625593,0.00349582799207937
2018-07-13,98.472,4.589772243807994,0.004784357182400889
2018-07-16,98.012,4.5850899201539,-0.004682323654094489
2018-07-17,97.37,4.578518154990665,-0.006571765163235099
2018-07-18,97.117,4.575916437213007,-0.0026017177776580525
2018-07-19,98.11,4.5860892981753,0.010172860962293306
2018-07-20,99.15,4.5966338549658055,0.010544556790505588
2018-07-23,99.398,4.5991319927357575,0.0024981377699520024
2018-07-24,99.477,4.599926461665038,0.0007944689292802565
2018-07-25,101.14,4.616505695651837,0.016579233986798947
2018-07-26,96.06,4.564972996236678,-0.05153269941515859
2018-07-27,96.424,4.568755133286042,0.0037821370493640316
2018-07-30,95.964,4.563973121137753,-0.004782012148289105
2018-07-31,96.395,4.568454333051432,0.004481211913678784
2018-08-01,95.868,4.562972245287905,-0.005482087763526877
2018-08-02,95.173,4.555696288126042,-0.0072759571618625785
2018-08-03,95.371,4.5577745490134625,0.002078260887420136
2018-08-06,94.747,4.551210181192146,-0.00656436782131653
2018-08-07,95.475,4.55886443311158,0.007654251919434252
2018-08-08,94.319,4.546682653967653,-0.012181779143927152
2018-08-09,94.49,4.548494008794535,0.0018113548268816615
2018-08-10,91.381,4.515037579388883,-0.03345642940565163
2018-08-13,91.353,4.514731123007267,-0.0003064563816161936
2018-08-14,92.594,4.5282243447364445,0.013493221729177662
2018-08-15,93.23,4.535069558308602,0.006845213572157505
2018-08-16,93.315,4.535980866635093,0.0009113083264908894
2018-08-17,94.633,4.550006252437582,0.014025385802488799
2018-08-20,94.197,4.545388333941428,-0.00461791849615345
2018-08-21,94.973,4.553592640678759,0.008204306737330747
2018-08-22,93.315,4.535980866635093,-0.017611774043666095
2018-08-23,92.681,4.529163489320381,-0.00681737731471177
2018-08-24,93.069,4.533341153539057,0.004177664218675936
2018-08-27,93.515,4.538121851234964,0.0047806976959066105
2018-08-28,92.86,4.531092982591776,-0.007028868643187636
2018-08-29,92.823,4.530694453911286,-0.0003985286804901733
2018-08-30,90.586,4.506299675722342,-0.024394778188943533
2018-08-31,88.349,4.481294880082521,-0.02500479563982161
2018-09-04,87.146,4.467584873035467,-0.013710007047054162
2018-09-05,86.141,4.455985488567171,-0.011599384468295781
2018-09-06,85.506,4.44858654891913,-0.007398939648040503
2018-09-07,85.041,4.443133493136708,-0.005453055782422389
2018-09-10,85.174,4.444696222943915,0.001562729807207397
2018-09-11,83.411,4.423780195151801,-0.0209160277921141
2018-09-12,83.517,4.4250502039489765,0.001270008797175315
2018-09-13,84.672,4.438784968492491,0.013734764543514189
2018-09-14,84.616,4.438123374025752,-0.0006615944667389684
2018-09-17,85.1,4.443827035579329,0.005703661553576822
2018-09-18,85.44,4.447814375211885,0.003987339632556264
2018-09-19,85.223,4.445271350456144,-0.0025430247557407526
2018-09-20,87.118,4.467263521520054,0.021992171063909716
2018-09-21,87.221,4.468445127609156,0.0011816060891023383
2018-09-24,85.772,4.451692612906984,-0.016752514702171872
2018-09-25,85.772,4.451692612906984,0.0
2018-09-26,84.977,4.442380631639421,-0.009311981267563496
2018-09-27,83.487,4.424690931113323,-0.01768970052609742
2018-09-28,82.987,4.418683969023362,-0.006006962089961654
2018-10-01,82.01,4.40684119104832,-0.011842777975041408
2018-10-02,81.328,4.398490360704547,-0.008350830343773374
2018-10-03,83.023,4.419117677842882,0.02062731713833532
2018-10-04,82.503,4.412834656315858,-0.006283021527024424
2018-10-05,82.113,4.408096347406933,-0.004738308908924793
2018-10-08,82.503,4.412834656315858,0.004738308908924793
2018-10-09,82.057,4.40741412773011,-0.005420528585747597
2018-10-10,80.56,4.389002248410307,-0.01841187931980315
2018-10-11,79.924,4.381076183137886,-0.00792606527242068
2018-10-12,79.924,4.381076183137886,0.0
2018-10-15,80.199,4.384511045966802,0.0034348628289153638
2018-10-16,80.959,4.393942853684216,0.009431807717414031
2018-10-17,79.328,4.37359115585278,-0.020351697831435978
2018-10-18,79.054,4.370131163260815,-0.0034599925919645003
2018-10-19,79.47,4.375379591952088,0.005248428691272622
2018-10-22,79.091,4.3705990882748855,-0.004780503677202397
2018-10-23,77.916,4.35563132331435,-0.014967764960535312
2018-10-24,77.944,4.35599062012304,0.0003592968086900683
2018-10-25,70.637,4.257554086537705,-0.09843653358533544
2018-10-26,70.202,4.251376800654422,-0.0061772858832824795
2018-10-29,70.942,4.261862641787084,0.010485841132661378
2018-10-30,70.448,4.254874849013398,-0.006987792773685442
2018-10-31,70.108,4.250036910210929,-0.004837938802468855
2018-11-01,72.665,4.285859838078134,0.03582292786720487
2018-11-02,72.504,4.28364173275248,-0.0022181053256540295
2018-11-05,71.993,4.276568892067447,-0.0070728406850335546
2018-11-06,71.945,4.275901938215381,-0.0006669538520656104
2018-11-07,72.629,4.285364291108036,0.009462352892654735
2018-11-08,70.705,4.25851629175974,-0.026847999348295737
2018-11-09,70.713,4.258629431529904,0.00011313977016413901
2018-11-12,69.367,4.239411250101961,-0.019218181427943293
2018-11-13,69.377,4.239555400479885,0.00014415037792403496
2018-11-14,72.591,4.284840947204065,0.04528554672418039
2018-11-15,73.187,4.293017809566879,0.008176862362813786
2018-11-16,74.722,4.313774560157658,0.020756750590778417
2018-11-19,74.202,4.306791103987975,-0.006983456169682434
2018-11-20,72.107,4.278151126956869,-0.02863997703110588
2018-11-21,72.533,4.284041630714883,0.005890503758013921
2018-11-23,72.173,4.27906601473901,-0.004975615975872927
2018-11-26,73.074,4.291472626333029,0.012406611594018457
2018-11-27,72.881,4.288827974043079,-0.0026446522899501446
2018-11-28,73.909,4.302834606736384,0.014006632693305043
2018-11-29,74.07,4.305010592025198,0.0021759852888143527
2018-11-30,73.715,4.300206306301783,-0.004804285723414736
2018-12-03,72.766,4.287248813141743,-0.012957493160040023
2018-12-04,71.223,4.265815799961641,-0.021433013180102378
2018-12-06,69.306,4.238531482534598,-0.027284317427042737
2018-12-07,67.867,4.217549907587552,-0.020981574947046333
2018-12-10,67.655,4.214421261715607,-0.003128645871944613
2018-12-11,67.482,4.21186089564994,-0.002560366065667452
2018-12-12,68.652,4.229050265074392,0.01718936942445204
2018-12-13,68.375,4.225007260742145,-0.004043004332246802
2018-12-14,66.84,4.202301703727193,-0.022705557014951694
2018-12-17,65.431,4.180996152273949,-0.021305551453243865
2018-12-18,65.929,4.188578405408177,0.007582253134227557
2018-12-19,65.978,4.189321353125187,0.0007429477170104448
2018-12-20,64.999,4.174371885161908,-0.01494946796327934
2018-12-21,63.666,4.153650668119508,-0.020721217042400042
2018-12-24,62.744,4.139062955910365,-0.0145877122091429
2018-12-26,64.184,4.161753958451355,0.022691002540989658
2018-12-27,63.579,4.152283227142546,-0.009470731308808489
2018-12-28,63.166,4.145766181708967,-0.006517045433579227
2018-12-31,63.11,4.144879235596148,-0.0008869461128186984
2019-01-02,63.206,4.146399233355468,0.0015199977593196579
2019-01-03,63.693,4.154074666429867,0.007675433074399329
2019-01-04,66.255,4.193510933716599,0.03943626728673166
2019-01-07,66.552,4.197983596981587,0.004472663264987631
2019-01-08,67.847,4.2172551701228125,0.01927157314122585
2019-01-09,67.358,4.210021678281877,-0.007233491840935358
2019-01-10,67.857,4.217402549713954,0.007380871432077107
2019-01-11,70.705,4.25851629175974,0.041113742045785884
2019-01-14,69.554,4.242103429296544,-0.016412862463195843
2019-01-15,69.545,4.241974025059093,-0.0001294042374508919
2019-01-16,67.606,4.213696736506663,-0.028277288552430058
2019-01-17,69.026,4.234483245215802,0.020786508709139007
2019-01-18,70.628,4.257426666440551,0.022943421224749017
2019-01-22,70.484,4.255385733706484,-0.0020409327340669137
2019-01-23,70.877,4.260945980344662,0.005560246638177446
2019-01-24,71.205,4.265563040671391,0.004617060326729039
2019-01-25,71.789,4.2737312609747296,0.008168220303338636
2019-01-28,70.657,4.257837184194131,-0.015894076780598176
2019-01-29,70.955,4.2620458732865005,0.0042086890923691556
2019-01-30,71.865,4.274789359003195,0.012743485716694813
2019-01-31,73.303,4.294601535749497,0.01981217674630198
2019-02-01,73.687,4.299826392863203,0.005224857113705461
2019-02-04,74.233,4.307208795239374,0.007382402376171271
2019-02-05,75.625,4.325786916351006,0.018578121111631596
2019-02-06,75.087,4.318647441256157,-0.007139475094848358
2019-02-07,73.745,4.300613196311466,-0.018034244944691302
2019-02-08,73.024,4.2907881542396105,-0.009825042071855528
2019-02-11,73.236,4.293687103350358,0.0028989491107473953
2019-02-12,73.218,4.293441292377757,-0.00024581097260067963
2019-02-13,74.549,4.311456627304551,0.01801533492679397
2019-02-14,72.785,4.287509890016624,-0.023946737287927178
2019-02-15,74.503,4.310839393031137,0.023329503014513087
2019-02-19,73.946,4.303335097092101,-0.007504295939035899
2019-02-20,74.493,4.310705161239478,0.0073700641473770645
2019-02-21,74.32,4.308380094505583,-0.002325066733895653
2019-02-22,71.96,4.2761104090823325,-0.03226968542325004
2019-02-25,71.789,4.2737312609747296,-0.0023791481076029797
2019-02-26,72.114,4.278248200198707,0.004516939223977445
2019-02-27,71.654,4.271848979652412,-0.006399220546295048
2019-02-28,74.953,4.316861250432017,0.04501227077960479
2019-03-01,78.597,4.364333530767815,0.04747228033579809
2019-03-04,78.423,4.362117251679515,-0.0022162790882997996
2019-03-05,78.826,4.3672428916811326,0.005125640001617526
2019-03-06,78.76,4.366405253770925,-0.0008376379102079667
2019-03-07,77.063,4.34462326914358,-0.02178198462734482
2019-03-08,77.274,4.347357547138588,0.0027342779950085827
2019-03-11,77.484,4.3500714634323305,0.00271391629374218
2019-03-12,77.389,4.34884465163279,-0.0012268117995404282
2019-03-13,77.418,4.349219311697764,0.0003746600649741083
2019-03-14,76.382,4.3357470663197,-0.013472245378063796
2019-03-15,77.916,4.35563132331435,0.019884256994649796
2019-03-18,78.702,4.365668568061063,0.010037244746713192
2019-03-19,80.429,4.387374807666983,0.021706239605919997
2019-03-20,80.007,4.38211413084598,-0.005260676821003507
2019-03-21,80.476,4.38795900332699,0.005844872481009844
2019-03-22,77.427,4.34933555697543,-0.038623446351559565
2019-03-25,77.054,4.344506474759958,-0.004829082215471736
2019-03-26,78.664,4.365185617477855,0.020679142717896504
2019-03-27,79.078,4.370434707137883,0.005249089660027906
2019-03-28,79.307,4.373326397128379,0.002891689990495827
2019-03-29,80.525,4.3885676952172625,0.015241298088883859
2019-04-01,80.208,4.384623260521147,-0.003944434696115273
2019-04-02,80.726,4.391060704303753,0.0064374437826053565
2019-04-03,80.409,4.38712611021858,-0.003934594085172272
2019-04-04,81.502,4.40062755982302,0.013501449604439664
2019-04-05,82.778,4.416162325603495,0.01553476578047519
2019-04-08,82.529,4.413149746725174,-0.0030125788783212926
2019-04-09,82.883,4.417429974767278,0.0042802280421039285
2019-04-10,83.651,4.426653381934002,0.009223407166723874
2019-04-11,84.359,4.4350815015810925,0.008428119647090782
2019-04-12,84.906,4.44154476219829,0.006463260617197264
2019-04-15,85.453,4.447966517195758,0.006421754997468554
2019-04-16,85.08,4.4435919903320364,-0.0043745268637218615
2019-04-17,84.706,4.439186437401754,-0.004405552930282219
2019-04-18,86.268,4.457458729789735,0.018272292387981004
2019-04-22,85.925,4.453474822735897,-0.003983907053838109
2019-04-23,85.588,4.449545086404704,-0.003929736331192757
2019-04-24,84.59,4.437816056315923,-0.011729030088781123
2019-04-25,83.084,4.419852144213862,-0.017963912102061386
2019-04-26,83.986,4.430650118286215,0.010797974072352723
2019-04-29,84.399,4.435555553190487,0.004905434904272532
2019-04-30,85.291,4.446068938966236,0.010513385775748674
2019-05-01,84.206,4.433266177616849,-0.012802761349386849
2019-05-02,83.947,4.43018564732814,-0.003080530288708694
2019-05-03,84.486,4.43658584016323,0.006400192835089413
2019-05-06,84.17,4.432838563223485,-0.003747276939744637
2019-05-07,81.846,4.404839432739038,-0.027999130484446688
2019-05-08,82.508,4.412895258336348,0.00805582559730933
2019-05-09,81.536,4.401044640509643,-0.01185061782670438
2019-05-10,81.73,4.403421131528038,0.0023764910183947663
2019-05-13,80.361,4.386528983871298,-0.01689214765673963
2019-05-14,80.633,4.389907994999683,0.003379011128384235
2019-05-15,81.429,4.399731474917327,0.009823479917644207
2019-05-16,81.478,4.400333045156515,0.0006015702391879429
2019-05-17,80.274,4.385445782719537,-0.0148872624369778
2019-05-20,78.689,4.3655033743710865,-0.019942408348450513
2019-05-21,78.679,4.365376283729871,-0.00012709064121541047
2019-05-22,80.254,4.385196605004703,0.019820321274831798
2019-05-23,79.942,4.381301371734287,-0.0038952332704162984
2019-05-24,80.391,4.38690222962063,0.005600857886343569
2019-05-28,79.992,4.381926629673548,-0.004975599947082188
2019-05-29,78.971,4.36908069646591,-0.012845933207637827
2019-05-30,80.022,4.382301596868312,0.01322090040240198
2019-05-31,79.07,4.3703335360828355,-0.01196806078547663
2019-06-03,79.923,4.38106367117332,0.01073013509048426
2019-06-04,81.536,4.401044640509643,0.01998096933632354
2019-06-05,80.884,4.3930160294734835,-0.008028611036159816
2019-06-06,81.692,4.4029560778549115,0.009940048381428035
2019-06-07,82.877,4.417357580944852,0.014401503089940704
2019-06-10,82.886,4.4174661697132604,0.0001085887684082465
2019-06-11,83.353,4.423084601350517,0.005618431637256727
2019-06-12,84.314,4.434547924765981,0.011463323415464188
2019-06-13,83.47,4.424487285862646,-0.01006063890333575
2019-06-14,81.77,4.4039104281738854,-0.020576857688760164
2019-06-17,81.906,4.4055722482488955,0.0016618200750100343
2019-06-18,84.382,4.435354108714421,0.029781860465525334
2019-06-19,85.403,4.447381228983143,0.01202712026872188
2019-06-20,87.171,4.467871706794325,0.020490477811182295
2019-06-21,87.5,4.471638793363569,0.0037670865692440714
2019-06-24,87.5,4.471638793363569,0.0
2019-06-25,85.868,4.452811233391842,-0.018827559971726693
2019-06-26,84.868,4.44109710825087,-0.011714125140972698
2019-06-27,84.703,4.4391510201570945,-0.0019460880937751668
2019-06-28,85.974,4.4540449249625205,0.014893904805425962
2019-07-01,85.898,4.453160545832081,-0.0008843791304391502
2019-07-02,88.054,4.477950262644035,0.024789716811953966
2019-07-03,91.24,4.5134933974161875,0.03554313477215221
2019-07-05,90.055,4.500420594789021,-0.013072802627166702
2019-07-08,89.055,4.489254156390748,-0.011166438398272582
2019-07-09,88.89,4.487399650253583,-0.0018545061371648686
2019-07-10,88.734,4.485643130412687,-0.001756519840895976
2019-07-11,87.092,4.466965031190073,-0.01867809922261454
2019-07-12,84.45,4.436159643253809,-0.03080538793626353
2019-07-15,86.024,4.454626327088225,0.018466683834415853
2019-07-16,85.489,4.448387712695194,-0.006238614393031305
2019-07-17,85.888,4.453044121909162,0.00465640921396826
2019-07-18,86.782,4.463399226889605,0.010355104980442675
2019-07-19,91.581,4.517223826584052,0.05382459969444753
2019-07-22,92.25,4.524502282920636,0.007278456336583972
2019-07-23,93.086,4.533523797035577,0.009021514114940565
2019-07-24,92.824,4.530705227045244,-0.0028185699903326977
2019-07-25,96.642,4.571013429336597,0.04030820229135301
2019-07-26,97.611,4.580990191986357,0.009976762649760218
2019-07-29,98.758,4.592672413158111,0.011682221171753326
2019-07-30,98.669,4.591770814024974,-0.000901599133136699
2019-07-31,98.091,4.585895619243394,-0.005875194781579829
2019-08-01,97.582,4.580693050180931,-0.005202569062463525
2019-08-02,97.32,4.578004517915322,-0.002688532265608501
2019-08-05,95.378,4.5578479438936785,-0.020156574021643614
2019-08-06,94.902,4.552844780209407,-0.005003163684271783
2019-08-07,95.359,4.557648716684874,0.004803936475466841
2019-08-08,95.69,4.561113799791172,0.003465083106298117
2019-08-09,95.408,4.55816243238075,-0.002951367410421568
2019-08-12,93.571,4.5387205064167775,-0.01944192596397265
2019-08-13,92.93,4.531846521569248,-0.006873984847529435
2019-08-14,90.686,4.507402990190592,-0.024443531378656402
2019-08-15,90.949,4.510298909851459,0.002895919660867108
2019-08-16,92.562,4.527878690257857,0.017579780406398626
2019-08-19,93.173,4.534457980149703,0.006579289891845974
2019-08-20,92.231,4.524296299647919,-0.010161680501784787
2019-08-21,93.125,4.5339426766997235,0.009646377051804933
2019-08-22,92.844,4.530920665355318,-0.0030220113444059393
2019-08-23,91.492,4.516251536765113,-0.01466912859020475
2019-08-26,92.085,4.522712063547569,0.006460526782456455
2019-08-27,90.327,4.503436419052614,-0.019275644494955557
2019-08-28,90.959,4.5104088555384,0.006972436485786382
2019-08-29,92.533,4.527565337652576,0.017156482114176086
2019-08-30,91.793,4.519536041995747,-0.008029295656829305
2019-09-03,91.269,4.513811189966079,-0.005724852029667993
2019-09-04,92.018,4.521984210085563,0.008173020119484065
2019-09-05,90.579,4.506222398102455,-0.015761811983107776
2019-09-06,90.891,4.50966098638064,0.00343858827818444
2019-09-09,93.037,4.532997263494509,0.023336277113869208
2019-09-10,91.502,4.516360829966092,-0.016636433528416816
2019-09-11,91.571,4.517114627667197,0.0007537977011047303
2019-09-12,94.678,4.55048166063729,0.03336703297009347
2019-09-13,93.64,4.53945764262271,-0.011024018014579973
2019-09-16,92.998,4.532577987545668,-0.006879655077042024
2019-09-17,94.193,4.545345868842426,0.012767881296757544
2019-09-18,94.125,4.544623686120057,-0.0007221827223684585
2019-09-19,92.26,4.524610678129674,-0.02001300799038308
2019-09-20,93.561,4.538613629987204,0.0140029518575302
2019-09-23,93.581,4.538827371425001,0.00021374143779695487
2019-09-24,91.143,4.512429701686368,-0.026397669738633667
2019-09-25,91.901,4.520711910695257,0.008282209008889652
2019-09-26,92.26,4.524610678129674,0.003898767434416861
2019-09-27,91.717,4.5187077492123,-0.005902928917373984
2019-09-30,92.426,4.52640832434761,0.007700575135309862
2019-10-01,90.667,4.507193454091718,-0.01921487025589208
2019-10-02,88.452,4.482460031995152,-0.024733422096566038
2019-10-03,89.267,4.491631878711939,0.009171846716786725
2019-10-04,90.658,4.507094184823747,0.01546230611180821
2019-10-07,90.337,4.503547121793727,-0.003547063030019615
2019-10-08,89.317,4.492191839305345,-0.011355282488382024
2019-10-09,89.88,4.498475447317128,0.00628360801178296
2019-10-10,88.938,4.487939497759777,-0.010535949557350932
2019-10-11,89.667,4.4961028083989385,0.008163310639161203
2019-10-14,88.666,4.484876501288331,-0.011226307110607792
2019-10-15,89.443,4.493601550883623,0.008725049595292411
2019-10-16,89.637,4.495768181170545,0.0021666302869221
2019-10-17,90.609,4.506553545863611,0.010785364693065347
2019-10-18,90.366,4.503868090457766,-0.002685455405844195
2019-10-21,90.755,4.508163568045941,0.004295477588174279
2019-10-22,89.258,4.491531052497037,-0.016632515548903548
2019-10-23,88.841,4.486848255153781,-0.004682797343256162
2019-10-24,88.977,4.488377909367845,0.0015296542140639247
2019-10-25,79.487,4.375593486276526,-0.11278442309131886
2019-10-28,78.661,4.365147479864629,-0.010446006411896747
2019-10-29,78.029,4.3570805524628,-0.00806692740182946
2019-10-30,78.633,4.364791458652177,0.007710906189377198
2019-10-31,78.457,4.362550704006546,-0.0022407546456308935
2019-11-01,77.087,4.344934654160691,-0.017616049845854853
2019-11-04,77.146,4.345699730413866,0.0007650762531747901
2019-11-05,76.835,4.341660265507295,-0.0040394649065707
2019-11-06,77.058,4.344558385058974,0.002898119551678846
2019-11-07,76.135,4.332508080292696,-0.01205030476627833
2019-11-08,76.233,4.33379443981062,0.0012863595179242182
2019-11-11,76.456,4.336715411963879,0.002920972153258816
2019-11-12,76.815,4.341399933582624,0.004684521618744775
2019-11-13,77.01,4.343935283551159,0.0025353499685349945
2019-11-14,76.845,4.341790406059276,-0.0021448774918830793
2019-11-15,77.369,4.348586183571541,0.006795777512265566
2019-11-18,77.757,4.353588579161033,0.005002395589492004
2019-11-19,77.562,4.3510776165298655,-0.002510962631167679
2019-11-20,76.817,4.341425969825075,-0.009651646704790906
2019-11-21,76.954,4.343207840740249,0.0017818709151740109
2019-11-22,77.454,4.349684211752627,0.006476371012378301
2019-11-25,77.463,4.349800403003557,0.00011619125092998672
2019-11-26,77.425,4.349309725859267,-0.0004906771442900748
2019-11-27,76.964,4.34333778005877,-0.005971945800497203
2019-11-29,77.718,4.353086890776174,0.009749110717404363
2019-12-02,77.65,4.3522115495946965,-0.0008753411814774736
2019-12-03,77.297,4.3476551450084315,-0.004556404586264939
2019-12-04,77.767,4.353717176676707,0.006062031668275125
2019-12-05,77.014,4.34398722350858,-0.009729953168126748
2019-12-06,77.728,4.353215552819762,0.009228329311182115
2019-12-09,77.278,4.347409309652187,-0.005806243167574721
2019-12-10,76.543,4.337852674421502,-0.009556635230685728
2019-12-11,77.151,4.345764540487966,0.007911866066464768
2019-12-12,76.171,4.33298081282681,-0.012783727661155986
2019-12-13,76.308,4.334777782073271,0.0017969692464605558
2019-12-16,78.365,4.361377399106031,0.026599617032760037
2019-12-17,77.874,4.355092135933677,-0.006285263172354227
2019-12-18,78.824,4.367217519020174,0.01212538308649691
2019-12-19,78.854,4.367598041355084,0.00038052233491026044
2019-12-20,80.304,4.3858194329125775,0.018221391557493583
2019-12-23,80.177,4.384236690699955,-0.0015827422126228896
2019-12-24,79.931,4.381163762506745,-0.003072928193209812
2019-12-26,80.677,4.390453528458132,0.00928976595138753
2019-12-27,81.411,4.3995103990137,0.009056870555567365
2019-12-30,80.687,4.390577471840953,-0.008932927172746297
2019-12-31,80.353,4.386429428138673,-0.004148043702280724
2020-01-02,81.734,4.403470071967533,0.01704064382886017
2020-01-03,81.048,4.395041571751376,-0.00842850021615682
2020-01-06,81.617,4.4020375736050195,0.006996001853643463
2020-01-07,79.931,4.381163762506745,-0.020873811098274686
2020-01-08,80.295,4.385707352513454,0.0045435900067092305
2020-01-09,79.315,4.3734272658604185,-0.012280086653035482
2020-01-10,79.814,4.379698927664704,0.006271661804285067
2020-01-13,79.609,4.377127151785568,-0.002571775879135707
2020-01-14,78.365,4.361377399106031,-0.015749752679536932
2020-01-15,78.522,4.363378840301398,0.0020014411953672706
2020-01-16,78.031,4.357106183630301,-0.00627265667109711
2020-01-17,78.385,4.361632582520494,0.0045263988901931285
2020-01-21,77.19,4.346269914961763,-0.015362667558731502
2020-01-22,76.504,4.3373430270472415,-0.008926887914521231
2020-01-23,76.651,4.339262651547137,0.001919624499895356
2020-01-24,76.141,4.332586884569182,-0.006675766977954467
2020-01-27,74.026,4.304416382846089,-0.028170501723093544
2020-01-28,74.692,4.313372991356833,0.008956608510744424
2020-01-29,74.407,4.309550023434739,-0.0038229679220940227
2020-01-30,74.604,4.312194125075201,0.0026441016404614714
2020-01-31,73.752,4.3007081134962934,-0.011486011578907274
2020-02-03,73.546,4.297911060796277,-0.002797052700016067
2020-02-04,74.721,4.313761177128677,0.01585011633239919
2020-02-05,75.093,4.318727345371261,0.004966168242584779
2020-02-06,74.996,4.317434778780704,-0.0012925665905569872
2020-02-07,73.263,4.294055706553189,-0.023379072227515785
2020-02-10,73.056,4.291226270347385,-0.0028294362058032263
2020-02-11,72.507,4.28368310892395,-0.007543161423435585
2020-02-12,72.537,4.284096776506583,0.00041366758263361447
2020-02-13,72.185,4.279232268081778,-0.004864508424805791
2020-02-14,71.939,4.27581853769825,-0.003413730383527991
2020-02-18,71.989,4.276513329566564,0.0006947918683142262
2020-02-19,72.086,4.277859850679263,0.0013465211126995058
2020-02-20,71.754,4.273243602214725,-0.004616248464538231
2020-02-21,70.128,4.250322143676454,-0.022921458538271544
2020-02-24,67.933,4.218521925337132,-0.03180021833932134
2020-02-25,65.544,4.182721672839514,-0.03580025249761842
2020-02-26,64.926,4.173248159817566,-0.009473513021947433
2020-02-27,58.972,4.0770627549875735,-0.09618540482999283
2020-02-28,57.17,4.04602928527588,-0.031033469711693407
2020-03-02,57.395,4.04995719151746,0.003927906241579571
2020-03-03,55.485,4.016112713952527,-0.033844477564932696
2020-03-04,56.622,4.036397602267251,0.020284888314724192
2020-03-05,54.428,3.996878727328612,-0.03951887493863904
2020-03-06,52.694,3.964501597073277,-0.032377130255335285
2020-03-09,47.307,3.8566582760915598,-0.10784332098171712
2020-03-10,50.078,3.9135817898921395,0.056923513800579695
2020-03-11,48.188,3.8751100274046064,-0.038471762487533034
2020-03-12,43.105,3.763638999661888,-0.11147102774271822
2020-03-13,43.38,3.7699985053987284,0.0063595057368401875
2020-03-16,36.435,3.5955298511222455,-0.17446865427648284
2020-03-17,37.317,3.619448986895937,0.023919135773691647
2020-03-18,34.457,3.539712169852141,-0.0797368170437962
2020-03-19,35.612,3.572682659711425,0.03297048985928397
2020-03-20,39.471,3.675566225051811,0.1028835653403859
2020-03-23,40.941,3.7121320059240865,0.03656578087227569
2020-03-24,43.026,3.761804584128493,0.04967257820440629
2020-03-25,44.653,3.7989214943151315,0.03711691018663865
2020-03-26,45.348,3.8143660741553522,0.01544457984022074
2020-03-27,42.106,3.7401902483483638,-0.07417582580698845
2020-03-30,41.988,3.737383863173551,-0.0028063851748125757
2020-03-31,43.213,3.766141375906866,0.028757512733314616
2020-04-01,42.165,3.741590493026605,-0.02455088288026097
2020-04-02,43.066,3.7627338226844165,0.021143329657811627
2020-04-03,42.567,3.751079305193286,-0.011654517491130445
2020-04-06,43.761,3.778743009772186,0.027663704578900106
2020-04-07,45.808,3.824458748355759,0.04571573858357292
2020-04-08,46.915,3.8483374537420127,0.023878705386253696
2020-04-09,47.894,3.868990235610726,0.020652781868713443
2020-04-13,48.384,3.8791691805570676,0.010178944946341417
2020-04-14,47.081,3.851869522608302,-0.027299657948765432
2020-04-15,44.604,3.7978235411031154,-0.0540459815051868
2020-04-16,44.564,3.7969263581970703,-0.0008971829060451242
2020-04-17,45.005,3.8067735947090484,0.009847236511978164
2020-04-20,43.674,3.7767529593641758,-0.030020635344872648
2020-04-21,42.253,3.743675357199542,-0.033077602164633735
2020-04-22,40.754,3.7075539943787446,-0.036121362820797476
2020-04-23,41.068,3.7152292294367184,0.00767523505797385
2020-04-24,41.048,3.7147421136396637,-0.00048711579705473795
2020-04-27,43.252,3.7670434750832906,0.05230136144362696
2020-04-28,45.887,3.8261818525500226,0.059138377466732006
2020-04-29,47.66,3.8640924716705958,0.03791061912057314
2020-04-30,45.564,3.8191179310376655,-0.04497454063293027
2020-05-01,43.869,3.781207920297852,-0.03791001073981359
2020-05-04,41.518,3.726127068140603,-0.055080852157249005
2020-05-05,40.637,3.70467898164784,-0.021448086492763085
2020-05-06,41.754,3.731795255090768,0.027116273442928218
2020-05-07,41.557,3.727065978832509,-0.004729276258259141
2020-05-08,42.45,3.7483269127573564,0.021260933924847514
2020-05-11,41.851,3.7341156915126112,-0.014211221244745165
2020-05-12,40.657,3.705171022890822,-0.028944668621789127
2020-05-13,39.383,3.6733342511118074,-0.03183677177901467
2020-05-14,38.707,3.6560204622321546,-0.017313788879652847
2020-05-15,39.148,3.667349335563573,0.01132887333141852
2020-05-18,42.223,3.742965096267178,0.07561576070360498
2020-05-19,40.411,3.69910202513411,-0.04386307113306831
2020-05-20,41.313,3.7211772204130984,0.022075195278988602
2020-05-21,40.304,3.6964507196102545,-0.024726500802843887
2020-05-22,40.059,3.6903533673699367,-0.0060973522403178215
2020-05-26,43.487,3.772462042855194,0.08210867548525735
2020-05-27,46.171,3.8323518953703295,0.059889852515135455
2020-05-28,46.504,3.8395383303990496,0.007186435028720073
2020-05-29,45.916,3.8268136402032504,-0.012724690195799138
2020-06-01,47.924,3.8696164227776526,0.042802782574402176
2020-06-02,48.551,3.88261479184756,0.01299836906990759
2020-06-03,53.242,3.974847558561381,0.09223276671382097
2020-06-04,53.898,3.9870933714751247,0.012245812913743492
2020-06-05,56.004,4.025423116755679,0.03832974528055422
2020-06-08,56.729,4.038285543825453,0.012862427069774363
2020-06-09,54.371,3.9958309234845513,-0.04245462034090197
2020-06-10,52.872,3.967873898168152,-0.02795702531639943
2020-06-11,48.313,3.877700675582574,-0.09017322258557803
2020-06-12,50.79,3.9276994848131537,0.049998809230579866
2020-06-15,50.031,3.912642813307552,-0.015056671505601749
2020-06-16,51.51,3.9417759635774936,0.029133150269941677
2020-06-17,50.662,3.9251761226730584,-0.016599840904435226
2020-06-18,51.086,3.933510487069569,0.008334364396510807
2020-06-19,49.763,3.9072717360026594,-0.02623875106690976
2020-06-22,50.197,3.9159552639557513,0.008683527953091907
2020-06-23,51.402,3.939677082209962,0.023721818254210714
2020-06-24,48.264,3.8766859411384607,-0.06299114107150139
2020-06-25,49.241,3.8967266098021542,0.020040668663693584
2020-06-26,47.406,3.8587488029686514,-0.037977806833502825
2020-06-29,48.639,3.884425678236042,0.025676875267390376
2020-06-30,48.639,3.884425678236042,0.0
2020-07-01,48.313,3.877700675582574,-0.006725002653467982
2020-07-02,49.438,3.900719359256754,0.023018683674180362
2020-07-06,52.151,3.954143356718352,0.05342399746159776
2020-07-07,51.825,3.9478726583218435,-0.006270698396508401
2020-07-08,51.707,3.9455931688674775,-0.002279489454366068
2020-07-09,50.326,3.9185218421679755,-0.027071326699501963
2020-07-10,53.04,3.971046345877607,0.052524503709631354
2020-07-13,51.747,3.9463664594506014,-0.02467988642700547
2020-07-14,52.329,3.9575507107041075,0.011184251253506083
2020-07-15,53.434,3.9784472474759283,0.020896536771820795
2020-07-16,53.188,3.9738328069944595,-0.004614440481468751
2020-07-17,53.128,3.9727040962384126,-0.0011287107560469245
2020-07-20,52.862,3.9676847442530474,-0.0050193519853651836
2020-07-21,54.707,4.001991671989921,0.034306927736873494
2020-07-22,53.74,3.984157603187345,-0.017834068802575764
2020-07-23,53.819,3.9856265646727778,0.0014689614854326294
2020-07-24,53.799,3.9852548796343967,-0.00037168503838103106
2020-07-27,53.355,3.976967694068528,-0.008287185565868604
2020-07-28,54.894,4.005404052925453,0.02843635885692475
2020-07-29,55.94,4.024279687773814,0.018875634848360967
2020-07-30,57.302,4.048335527125524,0.024055839351710517
2020-07-31,53.7,3.983413001514819,-0.06492252561070533
2020-08-03,53.7,3.983413001514819,0.0
2020-08-04,54.973,4.006842155606244,0.023429154091425097
2020-08-05,55.042,4.00809653017421,0.0012543745679662877
2020-08-06,54.145,3.9916656330803426,-0.016430897093867802
2020-08-07,53.532,3.980279605934128,-0.011386027146214506
2020-08-10,53.819,3.9856265646727778,0.005346958738649654
2020-08-11,55.18,4.01060056878914,0.024974004116362636
2020-08-12,56.167,4.028329395824797,0.017728827035656813
2020-08-13,55.584,4.017895390058695,-0.010434005766102317
2020-08-14,55.466,4.015770220415998,-0.0021251696426967115
2020-08-17,55.436,4.015229202206556,-0.000541018209442079
2020-08-18,56.473,4.033762647827024,0.018533445620468214
2020-08-19,56.551,4.035142885871738,0.0013802380447138773
2020-08-20,55.989,4.025155242869102,-0.009987643002635771
2020-08-21,54.874,4.005039647994666,-0.020115594874436482
2020-08-24,56.571,4.035496486412895,0.030456838418229104
2020-08-25,57.311,4.048492577373201,0.012996090960306184
2020-08-26,58.535,4.069624865931636,0.02113228855843463
2020-08-27,58.169,4.063352566782983,-0.006272299148652571
2020-08-28,58.367,4.066750661629662,0.0033980948466787453
2020-08-31,57.37,4.04952151861378,-0.017229143015882187
2020-09-01,56.847,4.0403634483555875,-0.009158070258192375
2020-09-02,58.761,4.073478369540716,0.03311492118512849
2020-09-03,58.169,4.063352566782983,-0.010125802757732671
2020-09-04,57.656,4.05449431762214,-0.008858249160843101
2020-09-08,54.992,4.007187720107478,-0.047306597514662485
2020-09-09,56.433,4.033054093778993,0.025866373671515674
2020-09-10,56.117,4.027438796927272,-0.005615296851721574
2020-09-11,55.398,4.014543492018546,-0.012895304908726146
2020-09-14,55.496,4.016310946083,0.0017674540644545544
2020-09-15,55.683,4.019674893885071,0.0033639478020708324
2020-09-16,56.285,4.030428069806767,0.010753175921696112
2020-09-17,57.222,4.046938439824831,0.016510370018063547
2020-09-18,56.788,4.039325035801327,-0.007613404023503634
2020-09-21,53.73,3.98397150474073,-0.05535353106059704
2020-09-22,53.612,3.9817729236162505,-0.0021985811244795705
2020-09-23,51.825,3.9478726583218435,-0.03390026529440693
2020-09-24,52.171,3.95452678495487,0.006654126633026447
2020-09-25,52.111,3.953376058911625,-0.001150726043245065
2020-09-28,53.651,3.9825001082319815,0.029124049320356615
2020-09-29,53.552,3.980653144468971,-0.001846963763010745
2020-09-30,53.158,3.973268610864924,-0.0073845336040467835
2020-10-01,52.882,3.968063016310819,-0.005205594554105186
2020-10-02,53.276,3.9754859483387843,0.007422932027965512
2020-10-05,54.549,3.9990993803053674,0.023613431966583054
2020-10-06,56.058,4.026386869038873,0.02728748873350595
2020-10-07,57.656,4.05449431762214,0.02810744858326686
2020-10-08,58.831,4.0746689268621035,0.02017460923996328
2020-10-09,58.703,4.072490832853499,-0.0021780940086042477
2020-10-12,59.166,4.080347052578247,0.007856219724748037
2020-10-13,57.38,4.049695810553219,-0.030651242025028225
2020-10-14,56.561,4.035319701771485,-0.014376108781734231
2020-10-15,54.183,3.9923672061096362,-0.042952495661848555
2020-10-16,54.677,4.001443145683473,0.009075939573837122
2020-10-19,54.785,4.003416433857357,0.001973288173883425
2020-10-20,56.157,4.028151339487302,0.024734905629944848
2020-10-21,54.845,4.004511024863297,-0.02364031462400451
2020-10-22,55.416,4.014868360720304,0.010357335857007044
2020-10-23,56.818,4.039853176932911,0.02498481621260673
2020-10-26,55.91,4.0237432550385535,-0.01610992189435745
2020-10-27,54.509,3.998365825650162,-0.02537742938839127
2020-10-28,52.309,3.9571684403961207,-0.041197385254041485
2020-10-29,52.674,3.9641219751721266,0.00695353477600591
2020-10-30,51.214,3.9360129321682424,-0.02810904300388417
2020-11-02,51.54,3.942358205224219,0.006345273055976541
2020-11-03,53.128,3.9727040962384126,0.030345891014193604
2020-11-04,53.326,3.9764240171117256,0.003719920873312965
2020-11-05,55.466,4.015770220415998,0.03934620330427263
2020-11-06,55.92,4.0239220979255546,0.008151877509556371
2020-11-09,61.682,4.121992154150912,0.09807005622535758
2020-11-10,65.707,4.185205464716125,0.06321331056521284
2020-11-11,66.092,4.1910477107887445,0.005842246072619517
2020-11-12,64.168,4.161504644064624,-0.02954306672412077
2020-11-13,65.47,4.181592022453,0.02008737838837593
2020-11-16,67.089,4.20602009611269,0.02442807365969024
2020-11-17,65.658,4.184459451664361,-0.021560644448328503
2020-11-18,65.007,4.17449495640493,-0.009964495259431772
2020-11-19,65.085,4.1756941079184235,0.0011991515134939235
2020-11-20,64.168,4.161504644064624,-0.014189463853799822
2020-11-23,65.451,4.1813017710779965,0.019797127013372773
2020-11-24,67.966,4.2190075801344245,0.03770580905642795
2020-11-25,67.079,4.205871029270842,-0.013136550863582563
2020-11-27,67.513,4.212320171927504,0.00644914265666241
2020-11-30,65.786,4.186407049735937,-0.02591312219156716
2020-12-01,66.901,4.203213914705576,0.0168068649696389
2020-12-02,67.089,4.20602009611269,0.0028061814071138613
2020-12-03,67.986,4.219301801626485,0.013281705513795039
2020-12-04,69.594,4.242678356727794,0.02337655510130876
2020-12-07,69.091,4.235424476270614,-0.007253880457179562
2020-12-08,68.884,4.232423930442653,-0.003000545827960721
2020-12-09,69.525,4.241686400120028,0.009262469677374874
2020-12-10,69.811,4.2457915904750445,0.004105190355016219
2020-12-11,68.706,4.229836531659258,-0.01595505881578685
2020-12-14,69.061,4.234990172019188,0.005153640359930378
2020-12-15,69.792,4.2455193900192185,0.010529218000030482
2020-12-16,69.239,4.237564287684939,-0.007955102334279651
2020-12-17,70.492,4.255499228202123,0.017934940517184472
2020-12-18,70.542,4.256208277113659,0.0007090489115357812
2020-12-21,69.071,4.235134961061806,-0.021073316051853475
2020-12-22,68.716,4.229982068764199,-0.005152892297606293
2020-12-23,69.555,4.242117806511534,0.012135737747335007
2020-12-24,69.604,4.242822036953332,0.000704230441797904
2020-12-28,69.624,4.243109335487213,0.00028729853388043125
2020-12-29,70.038,4.249037951898581,0.005928616411368104
2020-12-30,69.703,4.244243358447101,-0.004794593451479479
2020-12-31,68.973,4.233715123669909,-0.010528234777192225
2021-01-04,68.835,4.2317123365149065,-0.002002787155002572
2021-01-05,69.801,4.245648336313266,0.013935999798359688
2021-01-06,70.867,4.260804880897537,0.015156544584271181
2021-01-07,70.246,4.2520033670909605,-0.0088015138065769
2021-01-08,70.127,4.2503078839352675,-0.0016954831556930117
2021-01-11,68.184,4.222209933219997,-0.02809795071527077
2021-01-12,68.074,4.22059534877143,-0.0016145844485668803
2021-01-13,68.144,4.221623113180858,0.001027764409427867
2021-01-14,68.42,4.225665179549459,0.0040420663686013825
2021-01-15,67.72,4.2153815572649345,-0.010283622284524618
2021-01-19,67.424,4.211001037621779,-0.004380519643155445
2021-01-20,67.384,4.210407601013062,-0.0005934366087165799
2021-01-21,66.901,4.203213914705576,-0.007193686307486402
2021-01-22,65.717,4.185357643922653,-0.01785627078292329
2021-01-25,63.832,4.15625463200598,-0.029103011916673083
2021-01-26,64.267,4.163046280216876,0.006791648210896284
2021-01-27,62.609,4.1369090377401925,-0.026137242476683475
2021-01-28,64.148,4.161192913646563,0.024283875906370156
2021-01-29,61.85,4.124712098838497,-0.03648081480806553
2021-02-01,63.023,4.1434997391313555,0.0187876402928584
2021-02-02,64.997,4.174341114984362,0.03084137585300617
2021-02-03,64.573,4.167796366763981,-0.006544748220380647
2021-02-04,64.671,4.169312878459406,0.0015165116954252156
2021-02-05,64.75,4.1705337005796475,0.0012208221202412162
2021-02-08,64.198,4.161972057562687,-0.00856164301696083
2021-02-09,63.832,4.15625463200598,-0.0057174255567069565
2021-02-10,63.635,4.15316363344401,-0.0030909985619693714
2021-02-11,62.885,4.141307661499119,-0.011855971944891408
2021-02-12,62.707,4.138473084150509,-0.0028345773486098125
2021-02-16,63.862,4.156724505305461,0.01825142115495204
2021-02-17,63.468,4.150535841871843,-0.0061886634336181245
2021-02-18,63.043,4.143817033249799,-0.0067188086220442145
2021-02-19,63.596,4.152550575286463,0.008733542036663877
2021-02-22,63.487,4.150835160530295,-0.0017154147561679878
2021-02-23,64.148,4.161192913646563,0.010357753116267965
2021-02-24,64.375,4.1647253589839,0.003532445337337542
2021-02-25,59.304,4.0826767573544185,-0.08204860162948169
2021-02-26,56.956,4.042279039918748,-0.040397717435670444
2021-03-01,58.545,4.069795689300688,0.02751664938193965
2021-03-02,58.387,4.067093262314788,-0.0027024269858992866
2021-03-03,58.417,4.067606943364404,0.0005136810496155775
2021-03-04,59.61,4.087823345231835,0.020216401867431344
2021-03-05,60.143,4.096725059921159,0.008901714689323548
2021-03-08,60.497,4.102593777030472,0.005868717109312804
2021-03-09,61.346,4.116529969357328,0.013936192326855945
2021-03-10,62.511,4.135342541256173,0.01881257189884522
2021-03-11,61.534,4.119589867578139,-0.015752673678034235
2021-03-12,62.027,4.127569774120479,0.007979906542340487
2021-03-15,61.83,4.124388683570477,-0.0031810905500018194
2021-03-16,61.021,4.111218067223726,-0.013170616346751096
2021-03-17,62.974,4.142721942795407,0.03150387557168077
2021-03-18,61.918,4.125810929018222,-0.01691101377718507
2021-03-19,63.428,4.149905404327321,0.024094475309099472
2021-03-22,62.54,4.135806352029695,-0.014099052297626535
2021-03-23,61.958,4.1264567361380875,-0.009349615891607321
2021-03-24,61.208,4.114277899929551,-0.012178836208536659
2021-03-25,61.208,4.114277899929551,0.0
2021-03-26,62.461,4.1345423619733275,0.020264462043776632
2021-03-29,63.241,4.146952824992974,0.012410463019646656
2021-03-30,63.122,4.145069361713712,-0.0018834632792623651
2021-03-31,62.008,4.127263408979211,-0.01780595273450114
2021-04-01,62.935,4.1421024477434685,0.01483903876425785
2021-04-05,63.477,4.150677635562261,0.008575187818792962
2021-04-06,63.043,4.143817033249799,-0.00686060231246266
2021-04-07,62.717,4.138632543265531,-0.005184489984268126
2021-04-08,64.267,4.163046280216876,0.0244137369513453
2021-04-09,64.513,4.1668667538807735,0.0038204736638975945
2021-04-12,64.198,4.161972057562687,-0.004894696318086922
2021-04-13,63.517,4.1513075866044025,-0.010664470958284156
2021-04-14,64.286,4.16334187814362,0.012034291539217534
2021-04-15,66.822,4.202032367639018,0.038690489495397884
2021-04-16,67.227,4.208074952549123,0.00604258491010512
2021-04-19,67.789,4.216399939895806,0.008324987346682633
2021-04-20,66.408,4.195817531152734,-0.02058240874307149
2021-04-21,68.696,4.229690973370183,0.033873442217449146
2021-04-22,69.289,4.238286163438162,0.00859519006797882
2021-04-23,69.505,4.241398692429056,0.003112528990893537
2021-04-26,69.643,4.243382192662536,0.001983500233480484
2021-04-27,69.387,4.239699530081472,-0.0036826625810642
2021-04-28,70.374,4.253823876767423,0.014124346685950862
2021-04-29,71.173,4.265113533015168,0.011289656247745583
2021-04-30,70.008,4.24860952123353,-0.016504011781638184
2021-05-03,70.67,4.258021154702763,0.009411633469232683
2021-05-04,70.081,4.249651715932722,-0.008369438770040816
2021-05-05,70.111,4.250079700417684,0.0004279844849621739
2021-05-06,74.459,4.3102486383248415,0.06016893790715727
2021-05-07,74.052,4.304767549126931,-0.005481089197910904
2021-05-10,74.34,4.308649164869106,0.0038816157421752706
2021-05-11,73.814,4.3015484155123165,-0.007100749356789393
2021-05-12,73.427,4.296291715392642,-0.0052567001196743846
2021-05-13,74.419,4.3097112855801445,0.013419570187502394
2021-05-14,75.114,4.319006959505581,0.009295673925436176
2021-05-17,74.797,4.314777777224254,-0.004229182281326516
2021-05-18,74.211,4.306912387164126,-0.007865390060127986
2021-05-19,73.943,4.303294526123329,-0.003617861040797088
2021-05-20,74.807,4.314911463489527,0.011616937366198066
2021-05-21,75.214,4.320337383841037,0.005425920351509461
2021-05-24,75.422,4.3230990096435535,0.0027616258025169316
2021-05-25,75.114,4.319006959505581,-0.004092050137972869
2021-05-26,75.313,4.321652762667085,0.002645803161504645
2021-05-27,75.313,4.321652762667085,0.0
2021-05-28,75.224,4.320470328974776,-0.0011824336923096368
2021-06-01,75.909,4.329535254446977,0.009064925472201502
2021-06-02,76.971,4.343428727536664,0.013893473089686914
2021-06-03,75.789,4.327953163384074,-0.015475564152589882
2021-06-04,76.236,4.333833792072396,0.005880628688322176
2021-06-07,77.626,4.35190242261833,0.018068630545933217
2021-06-08,78.252,4.359934388199066,0.008031965580736156
2021-06-09,77.974,4.356375437788354,-0.0035589504107118586
2021-06-10,77.825,4.354462716327672,-0.0019127214606822207
2021-06-11,77.596,4.3515158794688595,-0.0029468368588121407
2021-06-14,78.42,4.362078996864185,0.010563117395325783
2021-06-15,78.778,4.3666337700664,0.004554773202214868
2021-06-16,78.033,4.357131814140862,-0.009501955925538041
2021-06-17,76.474,4.33695081378279,-0.0201810003580718
2021-06-18,74.449,4.310114327206365,-0.026836486576425678
2021-06-21,75.571,4.325072611709401,0.014958284503036268
2021-06-22,75.402,4.322833799861063,-0.0022388118483380737
2021-06-23,74.529,4.311188311387783,-0.011645488473280174
2021-06-24,74.906,4.316233994123873,0.00504568273609074
2021-06-25,74.906,4.316233994123873,0.0
2021-06-28,73.496,4.2972309829691655,-0.019003011154707927
2021-06-29,72.265,4.280339917900806,-0.0168910650683598
2021-06-30,71.491,4.269571567651275,-0.010768350249530378
2021-07-01,71.58,4.2708157053378795,0.001244137686604141
2021-07-02,70.964,4.2621727061984025,-0.00864299913947697
2021-07-06,69.833,4.2461066774130005,-0.016066028785401976
2021-07-07,70.27,4.252344965204106,0.006238287791105357
2021-07-08,69.108,4.235670498312536,-0.016674466891569928
2021-07-09,69.376,4.2395409863771265,0.0038704880645905604
2021-07-12,69.108,4.235670498312536,-0.0038704880645905604
2021-07-13,68.959,4.233512125090202,-0.002158373222333587
2021-07-14,68.989,4.23394707159864,0.0004349465084372284
2021-07-15,68.284,4.223675478518507,-0.010271593080132924
2021-07-16,67.956,4.218860436919669,-0.004815041598837944
2021-07-19,65.782,4.186346244676938,-0.032514192242731
2021-07-20,66.447,4.196404637413248,0.01005839273631004
2021-07-21,67.907,4.21813912203446,0.02173448462121197
2021-07-22,67.698,4.215056637384364,-0.0030824846500960845
2021-07-23,67.668,4.214613394613045,-0.0004432427713183529
2021-07-26,68.512,4.227008912407272,0.012395517794226762
2021-07-27,68.214,4.222649822375025,-0.004359090032247437
2021-07-28,68.135,4.221491031201785,-0.0011587911732400258
2021-07-29,64.323,4.163917265574061,-0.05757376562772354
2021-07-30,62.526,4.1355824702383455,-0.02833479533571559
2021-08-02,62.496,4.135102554694268,-0.00047991554407733616
2021-08-03,62.059,4.128085545451803,-0.0070170092424648445
2021-08-04,60.908,4.109364528978486,-0.018721016473317142
2021-08-05,61.394,4.117312110508492,0.007947581530006076
2021-08-06,61.245,4.114882213439649,-0.002429897068843445
2021-08-09,60.471,4.102163911274232,-0.012718302165416695
2021-08-10,60.63,4.1047898200836395,0.0026259088094073846
2021-08-11,60.947,4.110004634043221,0.005214813959581122
2021-08-12,61.007,4.110988611687924,0.000983977644703593
2021-08-13,61.523,4.119411088637822,0.008422476949897728
2021-08-16,61.553,4.119898592303754,0.0004875036659317544
2021-08-17,60.769,4.107079790523966,-0.01281880177978767
2021-08-18,60.361,4.100343201025501,-0.006736589498465229
2021-08-19,59.438,4.084933752467913,-0.015409448557587524
2021-08-20,59.528,4.08644679009496,0.0015130376270464652
2021-08-23,60.173,4.0972237467229435,0.010776956627983836
2021-08-24,60.054,4.095244157464937,-0.0019795892580063423
2021-08-25,60.491,4.1024945936403014,0.00725043617536425
2021-08-26,60.123,4.096392463839401,-0.00610212980090008
2021-08-27,60.947,4.110004634043221,0.013612170203819218
2021-08-30,60.57,4.103799720992856,-0.0062049130503645245
2021-08-31,60.808,4.107721359263739,0.003921638270883321
2021-09-01,61.841,4.1245665749116815,0.01684521564794217
2021-09-02,59.964,4.093744382150068,-0.030822192761613465
2021-09-03,59.438,4.084933752467913,-0.008810629682154847
2021-09-07,59.001,4.077554392914626,-0.007379359553286946
2021-09-08,58.505,4.069112220670921,-0.008442172243705137
2021-09-09,57.512,4.051993621681571,-0.01711859898935053
2021-09-10,57.006,4.043156525452668,-0.00883709622890283
2021-09-13,58.028,4.060925652676656,0.017769127223988157
2021-09-14,56.827,4.040011564895757,-0.020914087780899315
2021-09-15,56.758,4.038796615589289,-0.0012149493064672612
2021-09-16,56.976,4.042630126535422,0.003833510946132712
2021-09-17,57.542,4.05251511594826,0.00988498941283833
2021-09-20,56.708,4.037915294255385,-0.014599821692875103
2021-09-21,57.333,4.048876374174954,0.01096107991956874
2021-09-22,57.989,4.060253337387189,0.011376963212234692
2021-09-23,58.406,4.067418624282845,0.007165286895656209
2021-09-24,57.691,4.05510118214526,-0.012317442137584678
2021-09-27,59.259,4.081917667213973,0.02681648506871248
2021-09-28,57.979,4.060080876018108,-0.02183679119586479
2021-09-29,57.125,4.045241849214369,-0.014839026803739053
2021-09-30,55.973,4.0248694316097655,-0.0203724176046034
2021-10-01,56.092,4.026993199864404,0.0021237682546386694
2021-10-04,55.993,4.025226682921998,-0.0017665169424061489
2021-10-05,55.775,4.021325740318596,-0.0039009426034022354
2021-10-06,54.643,4.000821118586945,-0.020504621731650907
2021-10-07,54.375,3.995904489408848,-0.004916629178096876
2021-10-08,54.554,3.9991910368135017,0.003286547404653728
2021-10-11,53.978,3.9885765561439217,-0.01061448066958004
2021-10-12,53.819,3.9856265646727778,-0.0029499914711439423
2021-10-13,55.219,4.011307096957372,0.02568053228459455
2021-10-14,55.944,4.024351190401566,0.01304409344419355
2021-10-15,54.891,4.005349400650538,-0.01900178975102751
2021-10-18,54.961,4.006623842799512,0.0012744421489738755
2021-10-19,55.517,4.016689280156496,0.010065437356983509
2021-10-20,56.043,4.026119253226534,0.009429973070038677
2021-10-21,55.596,4.018111256222512,-0.008007997004022549
2021-10-22,55.805,4.021863471107678,0.003752214885166083
2021-10-25,55.854,4.022741143362408,0.0008776722547301219
2021-10-26,56.5,4.034240638152395,0.011499494789987352
2021-10-27,56.758,4.038796615589289,0.004555977436893954
2021-10-28,62.079,4.1284077674978015,0.0896111519085121
2021-10-29,60.778,4.1072278813862075,-0.021179886111593937
2021-11-01,60.074,4.095577135624646,-0.011650745761561332
2021-11-02,59.627,4.088108491622892,-0.007468644001754399
2021-11-03,60.352,4.100194087010992,0.0120855953881005
2021-11-04,59.071,4.078740110243057,-0.021453976767935146
2021-11-05,60.342,4.100028378690398,0.021288268447340997
2021-11-08,59.855,4.091924970703333,-0.00810340798706477
2021-11-09,59.686,4.089097487035111,-0.002827483668222719
2021-11-10,59.686,4.089097487035111,0.0
2021-11-11,59.577,4.087269593550137,-0.0018278934849735862
2021-11-12,59.16,4.080245637842599,-0.007023955707538221
2021-11-15,59.577,4.087269593550137,0.007023955707538221
2021-11-16,59.547,4.086765916698551,-0.0005036768515864765
2021-11-17,59.051,4.078401477300996,-0.008364439397555046
2021-11-18,59.001,4.077554392914626,-0.0008470843863692679
2021-11-19,58.118,4.062475426547706,-0.015078966366920632
2021-11-22,58.078,4.061786934661925,-0.0006884918857803513
2021-11-23,58.475,4.068599312470242,0.006812377808317116
2021-11-24,58.277,4.065207504367222,-0.0033918081030206437
2021-11-26,57.83,4.057507672170127,-0.0076998321970949135
2021-11-29,56.946,4.04210345037641,-0.015404221793716921
2021-11-30,55.318,4.013098352853062,-0.029005097523348233
2021-12-01,54.524,3.9986409717085967,-0.014457381144465042
2021-12-02,55.993,4.025226682921998,0.026585711213401364
2021-12-03,56.053,4.0262976717254375,0.0010709888034394766
2021-12-06,58.148,4.062991484564079,0.03669381283864137
2021-12-07,58.019,4.06077054310867,-0.0022209414554090756
2021-12-08,57.423,4.050444919932082,-0.010325623176587584
2021-12-09,56.986,4.042805623631395,-0.0076392963006872705
2021-12-10,57.502,4.051819729807099,0.009014106175704306
2021-12-13,57.244,4.0473228334486295,-0.004496896358469726
2021-12-14,57.433,4.050619051018404,0.0032962175697743845
2021-12-15,57.542,4.05251511594826,0.0018960649298565002
2021-12-16,58.972,4.0770627549875735,0.02454763903931312
2021-12-17,59.359,4.083603752356037,0.006540997368463586
2021-12-20,58.187,4.063661962089518,-0.0199417902665191
2021-12-21,59.587,4.087437429474132,0.023775467384614224
2021-12-22,59.954,4.093577601516249,0.006140172042116809
2021-12-23,60.332,4.099862642906006,0.006285041389756607
2021-12-27,60.252,4.098535766840569,-0.0013268760654367995
2021-12-28,59.825,4.091423633794437,-0.0071121330461316745
2021-12-29,59.825,4.091423633794437,0.0
2021-12-30,60.113,4.096226124306765,0.004802490512327395
2021-12-31,60.113,4.096226124306765,0.0
2022-01-03,62.893,4.141434869755106,0.04520874544834186
2022-01-04,62.704,4.138425241457275,-0.003009628297831135
2022-01-05,62.188,4.130162055087494,-0.008263186369781295
2022-01-06,61.682,4.121992154150912,-0.008169900936581875
2022-01-07,62.476,4.134782482995476,0.01279032884456388
2022-01-10,64.134,4.160974644519864,0.026192161524387636
2022-01-11,64.333,4.164072718876202,0.003098074356338465
2022-01-12,63.896,4.157256761615088,-0.0068159572611143915
2022-01-13,65.862,4.187561643933234,0.030304882318146653
2022-01-14,67.311,4.20932367054575,0.021762026612515584
2022-01-18,66.388,4.195516317258472,-0.013807353287277557
2022-01-19,65.425,4.18090444841621,-0.01461186884226251
2022-01-20,65.117,4.176185651837017,-0.004718796579193274
2022-01-21,64.66,4.169142772297287,-0.007042879539729263
2022-01-24,64.204,4.162065514050971,-0.007077258246316553
2022-01-25,64.213,4.162205682408973,0.00014016835800223504
2022-01-26,63.121,4.145053519251159,-0.01715216315781376
2022-01-27,63.33,4.148359150528339,0.0033056312771799767
2022-01-28,62.426,4.133981855260598,-0.014377295267741452
2022-01-31,62.615,4.137004866015996,0.0030230107553981256
2022-02-01,63.211,4.146478336640669,0.009473470624673297
2022-02-02,63.399,4.149448088448125,0.002969751807455623
2022-02-03,61.305,4.11586140568435,-0.03358668276377497
2022-02-04,60.709,4.106091957255734,-0.00976944842861549
2022-02-07,61.047,4.111644059300162,0.005552102044427798
2022-02-08,61.622,4.121018949636287,0.009374890336125041
2022-02-09,61.414,4.1176378221913925,-0.003381127444894716
2022-02-10,63.221,4.146636524441556,0.028998702250163433
2022-02-11,62.119,4.129051900275834,-0.01758462416572204
2022-02-14,61.354,4.116660368705515,-0.01239153157031847
2022-02-15,62.139,4.1293738111414955,0.012713442435980049
2022-02-16,63.757,4.155078981932094,0.025705170790598864
2022-02-17,62.704,4.138425241457275,-0.016653740474819045
2022-02-18,62.595,4.136685402711626,-0.0017398387456495357
2022-02-22,60.987,4.110660726707037,-0.026024676004588798
2022-02-23,62.198,4.130322844887336,0.019662118180298727
2022-02-24,61.593,4.120548227718737,-0.009774617168599065
2022-02-25,65.574,4.183179275922591,0.06263104820385479
2022-02-28,61.384,4.117149214875364,-0.0660300610472273
2022-03-01,58.614,4.0709735758988606,-0.046175638976503564
2022-03-02,58.515,4.0692831316267295,-0.001690444272131053
2022-03-03,57.741,4.055967493101097,-0.013315638525632778
2022-03-04,55.467,4.0157882493163255,-0.040179243784771224
2022-03-07,52.568,3.9621075695955668,-0.05368067972075874
2022-03-08,53.243,3.9748663405494553,0.012758770953888554
2022-03-09,56.778,4.039148926754151,0.0642825862046954
2022-03-10,55.626,4.018650717852901,-0.02049820890124998
2022-03-11,55.507,4.016509138925284,-0.002141578927616905
2022-03-14,56.629,4.0365212214848984,0.02001208255961462
2022-03-15,56.976,4.042630126535422,0.006108905050523639
2022-03-16,59.24,4.081596989399598,0.038966862864175944
2022-03-17,59.289,4.082423791326407,0.0008268019268093951
2022-03-18,60.173,4.0972237467229435,0.014799955396536113
2022-03-21,59.597,4.087605237233957,-0.009618509488986682
2022-03-22,59.825,4.091423633794437,0.0038183965604803305
2022-03-23,58.287,4.065379083929085,-0.026044549865352096
2022-03-24,58.704,4.072507867612926,0.007128783683841178
2022-03-25,59.081,4.078909383721693,0.006401516108766714
2022-03-28,59.885,4.09242605639947,0.013516672677776675
2022-03-29,61.384,4.117149214875364,0.024723158475894458
2022-03-30,60.947,4.110004634043221,-0.007144580832143532
2022-03-31,59.627,4.088108491622892,-0.02189614242032878
2022-04-01,60.778,4.1072278813862075,0.01911938976331573
2022-04-04,61.364,4.116823343982527,0.009595462596319493
2022-04-05,60.361,4.100343201025501,-0.016480142957026267
2022-04-06,59.319,4.082929659406802,-0.01741354161869868
2022-04-07,58.048,4.061270254492672,-0.02165940491413032
2022-04-08,58.356,4.066562181209649,0.005291926716977535
2022-04-11,58.068,4.061614737599181,-0.00494744361046795
2022-04-12,57.532,4.052341314741643,-0.009273422857538627
2022-04-13,58.157,4.063146250051684,0.01080493531004123
2022-04-14,58.356,4.066562181209649,0.003415931157965346
2022-04-18,58.296,4.065533480367981,-0.001028700841668062
2022-04-19,58.763,4.073512405141958,0.007978924773976992
2022-04-20,61.047,4.111644059300162,0.038131654158203965
2022-04-21,60.997,4.110824682636051,-0.0008193766641113598
2022-04-22,58.882,4.075535441235046,-0.035289241401004645
2022-04-25,59.13,4.079738409832738,0.004202968597692092
2022-04-26,57.83,4.057507672170127,-0.02223073766261141
2022-04-27,57.046,4.043857959914843,-0.013649712255284108
2022-04-28,57.552,4.052688886953268,0.008830927038425251
2022-04-29,57.036,4.043682647419873,-0.009006239533395188
2022-05-02,56.023,4.025762320700838,-0.017920326719035096
2022-05-03,56.85,4.040416220196545,0.014653899495707279
2022-05-04,58.33,4.066116540765546,0.025700320569001178
2022-05-05,57.08,4.0444537926086355,-0.021662748156910716
2022-05-06,55.0,4.007333185232471,-0.037120607376164294
2022-05-09,54.07,3.9902795033939134,-0.01705368183855782
2022-05-10,54.66,4.001132180499922,0.010852677106008457
2022-05-11,54.71,4.002046508075734,0.0009143275758125569
2022-05-12,54.03,3.9895394478559743,-0.012507060219760113
2022-05-13,56.01,4.025530246221741,0.03599079836576635
2022-05-16,56.67,4.037244970181528,0.011714723959787676
2022-05-17,57.64,4.054216771131322,0.016971800949793447
2022-05-18,55.23,4.011506283913096,-0.042710487218225346
2022-05-19,54.06,3.9900945408483017,-0.021411743064794653
2022-05-20,54.27,3.9939715880753135,0.003877047227011765
2022-05-23,55.53,4.016923415253516,0.022951827178202766
2022-05-24,55.24,4.0116873285410914,-0.0052360867124248145
2022-05-25,56.1,4.027135812528651,0.015448483987559491
2022-05-26,56.48,4.033886593184986,0.006750780656335387
2022-05-27,56.65,4.036891987474015,0.0030053942890289065
2022-05-31,56.7,4.037774210733707,0.0008822232596914503
2022-06-01,55.07,4.00860510327439,-0.029169107459316557
2022-06-02,55.66,4.019261756097745,0.010656652823354484
2022-06-03,55.53,4.016923415253516,-0.002338340844228348
2022-06-06,55.85,4.02266952551521,0.00574611026169336
2022-06-07,56.32,4.0310497118497866,0.008380186334576933
2022-06-08,55.18,4.01060056878914,-0.020449143060646158
2022-06-09,53.17,3.973494327516247,-0.0371062412728933
2022-06-10,52.26,3.9562312600924665,-0.017263067423780587
2022-06-13,51.62,3.943909194290468,-0.012322065801998683
2022-06-14,51.05,3.9328055446106744,-0.011103649679793381
2022-06-15,52.84,3.9672684796541247,0.034462935043450216
2022-06-16,51.47,3.940999113664663,-0.0262693659894615
2022-06-17,51.69,3.945264339207948,0.004265225543284679
2022-06-21,51.7,3.9454577815143836,0.00019344230643580929
2022-06-22,52.15,3.9541241814467813,0.008666399932397706
2022-06-23,52.69,3.9644256842211942,0.010301502774412885
2022-06-24,53.94,3.987872317711584,0.02344663349038978
2022-06-27,54.08,3.9904644317347087,0.0025921140231246476
2022-06-28,54.19,3.9924963895780228,0.002031957843314114
2022-06-29,53.94,3.987872317711584,-0.0046240718664387614
2022-06-30,53.95,3.9880576917041437,0.00018537399255968978
2022-07-01,55.08,4.008786673860454,0.020728982156310582
2022-07-05,54.63,4.000583182407627,-0.008203491452827727
2022-07-06,54.79,4.003507695550324,0.0029245131426973714
2022-07-07,54.55,3.9991177122790798,-0.00438998327124418
2022-07-08,55.52,4.016743316198549,0.017625603919469324
2022-07-11,54.78,4.0033251638349325,-0.013418152363616542
2022-07-12,54.81,4.003872659058025,0.0005474952230928309
2022-07-13,55.08,4.008786673860454,0.004914014802428923
2022-07-14,54.59,3.9998507157936665,-0.008935958066787819
2022-07-15,54.58,3.9996675152801924,-0.00018320051347409105
2022-07-18,54.61,4.000217016164062,0.0005495008838698467
2022-07-19,56.18,4.0285608216760975,0.028343805512035303
2022-07-20,54.56,3.9993010135352067,-0.029259808140890797
2022-07-21,54.41,3.996547960497834,-0.0027530530373729434
2022-07-22,54.27,3.9939715880753135,-0.00257637242252029
2022-07-25,55.02,4.007696755496428,0.013725167421114737
2022-07-26,54.72,4.002229273314295,-0.005467482182133665
2022-07-27,56.16,4.028204759717555,0.02597548640326064
2022-07-28,53.3,3.975936331171799,-0.05226842854575642
2022-07-29,53.54,3.9804290380922063,0.004492706920407485
2022-08-01,52.8,3.966511190712216,-0.013917847379990356
2022-08-02,51.74,3.946231176757883,-0.020280013954332876
2022-08-03,53.19,3.9738704087542263,0.027639231996343216
2022-08-04,53.78,3.9849016508407185,0.011031242086492199
2022-08-05,53.24,3.974809993526911,-0.010091657313807456
2022-08-08,54.01,3.9891692146047997,0.014359221077888673
2022-08-09,53.55,3.980615796893758,-0.008553417711041789
2022-08-10,55.02,4.007696755496428,0.027080958602670346
2022-08-11,54.43,3.9969154724461085,-0.010781283050319779
2022-08-12,54.89,4.005331182561798,0.008415710115689201
2022-08-15,54.48,3.997833661841257,-0.0074975207205407735
2022-08-16,54.78,4.0033251638349325,0.0054915019936756515
2022-08-17,53.96,3.988243031339555,-0.015082132495377376
2022-08-18,53.29,3.975748696308691,-0.012494335030864168
2022-08-19,52.51,3.961003627649768,-0.014745068658923
2022-08-22,51.22,3.9361300807713793,-0.02487354687838872
2022-08-23,51.54,3.942358205224219,0.006228124452839712
2022-08-24,51.99,3.9510513923956245,0.008693187171405548
2022-08-25,51.29,3.937495801401177,-0.013555590994447364
2022-08-26,49.67,3.905401129119259,-0.03209467228191798
2022-08-29,49.69,3.905803705614229,0.0004025764949697752
2022-08-30,49.32,3.8983296782961436,-0.00747402731808533
2022-08-31,48.36,3.878673025746592,-0.019656652549551623
2022-09-01,47.98,3.8707842574115485,-0.007888768335043483
2022-09-02,47.87,3.8684890034044175,-0.0022952540071310423
2022-09-06,48.34,3.878259375275337,0.009770371870919448
2022-09-07,49.04,3.892636291627956,0.014376916352619062
2022-09-08,49.24,3.896706301316253,0.0040700096882968495
2022-09-09,49.9,3.910021002757473,0.013314701441220045
2022-09-12,51.62,3.943909194290468,0.03388819153299494
2022-09-13,49.58,3.9035875266070446,-0.04032166768342327
2022-09-14,49.16,3.895080284697834,-0.008507241909210705
2022-09-15,48.99,3.8916161956504833,-0.003464089047350516
2022-09-16,49.43,3.9005575273188677,0.0089413316683844
2022-09-19,50.07,3.9134220263418533,0.012864499022985587
2022-09-20,49.19,3.8956903508072482,-0.017731675534605085
2022-09-21,48.14,3.874113432354926,-0.021576918452322236
2022-09-22,48.57,3.8830060563576536,0.008892624002727612
2022-09-23,46.64,3.842458542042237,-0.04054751431541659
2022-09-26,45.54,3.8185910606355935,-0.02386748140664352
2022-09-27,45.16,3.810211739281461,-0.00837932135413233
2022-09-28,45.73,3.822754537669964,0.012542798388502696
2022-09-29,45.44,3.816392774412896,-0.006361763257067832
2022-09-30,45.16,3.810211739281461,-0.006181035131434864
2022-10-03,45.85,3.825375198702474,0.015163459421012604
2022-10-04,48.0,3.871201010907891,0.04582581220541737
2022-10-05,46.75,3.844814255734696,-0.02638675517319511
2022-10-06,45.82,3.8247206770253497,-0.02009357870934636
2022-10-07,45.32,3.8137484361598055,-0.010972240865544158
2022-10-10,44.94,3.8053282667571833,-0.008420169402622246
2022-10-11,44.9,3.8044377947482086,-0.0008904720089746299
2022-10-12,45.67,3.821441627196908,0.017003832448699185
2022-10-13,46.36,3.836437018471551,0.014995391274643222
2022-10-14,45.57,3.8192496052757914,-0.01718741319575967
2022-10-17,46.65,3.8426729272933526,0.023423322017561254
2022-10-18,46.91,3.8482308723403666,0.005557945047014012
2022-10-19,45.61,3.820126990723609,-0.028103881616757587
2022-10-20,45.23,3.8117605834897517,-0.008366407233857398
2022-10-21,46.24,3.833845224364122,0.022084640874370454
2022-10-24,46.9,3.8480176754522337,0.014172451088111604
2022-10-25,47.4,3.858622228701031,0.010604553248797277
2022-10-26,47.22,3.8548175316573667,-0.0038046970436642624
2022-10-27,49.55,3.902982260775997,0.048164729118630234
2022-10-28,50.34,3.91879998970717,0.015817728931172947
2022-10-31,50.1,3.914021008090819,-0.004778981616350819
2022-11-01,51.07,3.9331972406595526,0.019176232568733464
2022-11-02,49.5,3.901972669574645,-0.031224571084907726
2022-11-03,49.16,3.895080284697834,-0.006892384876810986
2022-11-04,52.12,3.953548752256644,0.0584684675588103
2022-11-07,52.76,3.965753327849114,0.01220457559246979
2022-11-08,52.57,3.9621456148313565,-0.003607713017757419
2022-11-09,52.11,3.9533568689211234,-0.008788745910233153
2022-11-10,53.76,3.984529696214894,0.031172827293770577
2022-11-11,55.36,4.0138573113094145,0.02932761509452053
2022-11-14,54.77,4.00314259879563,-0.010714712513784086
2022-11-15,54.75,4.00277736869661,-0.0003652300990202306
2022-11-16,55.04,4.008060193625088,0.005282824928477758
2022-11-17,55.01,4.007514986887367,-0.0005452067377209602
2022-11-18,55.53,4.016923415253516,0.009408428366149302
2022-11-21,55.5,4.0163830207523885,-0.00054039450112775
2022-11-22,55.93,4.024100908833496,0.007717888081107738
2022-11-23,56.38,4.032114485685967,0.008013576852470727
2022-11-25,56.59,4.035832291154432,0.0037178054684652295
2022-11-28,58.17,4.06336975792267,0.027537466768237984
2022-11-29,58.02,4.060787778693258,-0.00258197922941239
2022-11-30,58.89,4.07567129695648,0.014883518263221873
2022-12-01,59.73,4.089834406744215,0.014163109787735273
2022-12-02,60.35,4.10016094754354,0.010326540799325379
2022-12-05,59.45,4.085135623136791,-0.015025324406749085
2022-12-06,59.02,4.077876369514794,-0.00725925362199753
2022-12-07,59.35,4.083452121055677,0.005575751540883189
2022-12-08,59.57,4.087152091640596,0.003699970584919221
2022-12-09,59.61,4.087823345231835,0.000671253591239207
2022-12-12,59.99,4.094177881665002,0.006354536433166302
2022-12-13,60.81,4.107754249132018,0.013576367467016404
2022-12-14,61.14,4.113166316462689,0.005412067330670567
2022-12-15,59.74,4.090001812787964,-0.023164503674724557
2022-12-16,59.63,4.0881588031350145,-0.0018430096529495898
2022-12-19,59.48,4.085640121591954,-0.0025186815430604526
2022-12-20,59.37,4.083789048282584,-0.001851073309370399
2022-12-21,60.42,4.101320175958526,0.01753112767594267
2022-12-22,60.12,4.0963425648847736,-0.004977611073752719
2022-12-23,60.37,4.100492292808335,0.004149727923561386
2022-12-27,60.36,4.100326633899648,-0.00016565890868669442
2022-12-28,59.96,4.093677673234397,-0.006648960665251558
2022-12-29,60.38,4.100657924278693,0.006980251044296004
2022-12-30,60.04,4.095011006765261,-0.005646917513431937
2023-01-03,59.6,4.087655574071304,-0.007355432693956665
2023-01-04,61.3,4.115779842942166,0.028124268870861613
2023-01-05,60.24,4.098336583491638,-0.017443259450527826
2023-01-06,61.09,4.112348186661675,0.014011603170037468
2023-01-09,60.67,4.105449341954206,-0.006898844707468932
2023-01-10,60.45,4.101816577060802,-0.00363276489340425
2023-01-11,61.88,4.125197025704866,0.023380448644063634
2023-01-12,60.49,4.102478062118823,-0.022718963586043195
2023-01-13,60.92,4.109561528026961,0.007083465908138464
2023-01-17,61.07,4.112020747235043,0.0024592192080818975
2023-01-18,59.29,4.0824406577192764,-0.029580089515766517
2023-01-19,59.33,4.083115080270552,0.0006744225512758106
2023-01-20,59.8,4.091005660956586,0.007890580686034099
2023-01-23,59.3,4.08260930600368,-0.00839635495290647
2023-01-24,59.44,4.084967400409504,0.0023580944058236852
2023-01-25,60.31,4.099497927462895,0.01453052705339175
2023-01-26,59.66,4.088661779086602,-0.010836148376292876
2023-01-27,58.65,4.0715875750994845,-0.017074203987117897
2023-01-30,58.74,4.073120925770474,0.001533350670989364
2023-01-31,60.29,4.099166252501314,0.02604532673084048
2023-02-01,60.27,4.098834467494953,-0.00033178500636132924
2023-02-02,59.87,4.092175544937261,-0.006658922557692293
2023-02-03,59.19,4.080752608702634,-0.011422936234627201
2023-02-06,58.73,4.072950669534428,-0.007801939168205152
2023-02-07,58.42,4.067658296959595,-0.00529237257483306
2023-02-08,58.2,4.063885354737392,-0.003772942222203035
2023-02-09,58.08,4.06182137051654,-0.0020639842208520776
2023-02-10,58.05,4.061304708143901,-0.0005166623726395869
2023-02-13,58.87,4.07533162304017,0.014026914896269282
2023-02-14,58.82,4.074481933125849,-0.0008496899143208836
2023-02-15,59.4,4.084294226368599,0.009812293242750236
2023-02-16,58.88,4.075501474420621,-0.008792751947978239
2023-02-17,58.82,4.074481933125849,-0.0010195412947719973
2023-02-21,59.1,4.079230924412053,0.004748991286203541
2023-02-22,60.05,4.095177548525992,0.015946624113939656
2023-02-23,60.79,4.107425301760631,0.012247753234638559
2023-02-24,60.32,4.099663723699701,-0.007761578060930141
2023-02-27,60.72,4.106273133087375,0.00660940938767407
2023-02-28,60.7,4.1059436980654525,-0.00032943502192228635
2023-03-01,60.25,4.098502572370764,-0.007441125694688466
2023-03-02,61.09,4.112348186661675,0.013845614290911357
2023-03-03,62.08,4.128423875874963,0.016075689213288058
2023-03-06,61.09,4.112348186661675,-0.016075689213288058
2023-03-07,59.78,4.090671156855792,-0.021677029805883485
2023-03-08,60.0,4.0943445622221,0.0036734053663085575
2023-03-09,60.29,4.099166252501314,0.004821690279213975
2023-03-10,60.26,4.098668533702155,-0.0004977187991590526
2023-03-13,59.48,4.085640121591954,-0.013028412110201337
2023-03-14,60.81,4.107754249132018,0.022114127540064032
2023-03-15,59.42,4.084630870034462,-0.02312337909755602
2023-03-16,60.81,4.107754249132018,0.02312337909755602
2023-03-17,59.91,4.0928434360958335,-0.014910813036184578
2023-03-20,60.42,4.101320175958526,0.008476739862692817
2023-03-21,61.3,4.115779842942166,0.01445966698363943
2023-03-22,61.65,4.121473229610353,0.005693386668187195
2023-03-23,61.85,4.124712098838497,0.0032388692281442033
2023-03-24,62.18,4.130033404630607,0.005321305792110209
2023-03-27,62.97,4.142658422500651,0.012625017870043997
2023-03-28,63.47,4.150567353318379,0.007908930817727367
2023-03-29,65.3,4.178992036282385,0.028424682964006465
2023-03-30,66.39,4.195546442731068,0.01655440644868289
2023-03-31,66.73,4.200654626915515,0.00510818418444714
2023-04-03,66.57,4.198254025612612,-0.0024006013029032047
2023-04-04,66.53,4.197652973753796,-0.0006010518588155378
2023-04-05,66.5,4.197201947661808,-0.00045102609198810484
2023-04-06,66.34,4.1947930335189065,-0.0024089141429017857
2023-04-10,64.96,4.173771695853422,-0.021021337665484197
2023-04-11,65.11,4.176078147248771,0.0023064513953485744
2023-04-12,63.38,4.149148354262775,-0.02692979298599596
2023-04-13,64.34,4.16418152181088,0.01503316754810502
2023-04-14,64.56,4.1675950239616935,0.0034135021508134855
2023-04-17,64.92,4.17315574264639,0.005560718684696653
2023-04-18,64.36,4.1644923221241825,-0.008663420522207588
2023-04-19,65.97,4.1892000932347795,0.024707771110596966
2023-04-20,65.43,4.180980868881647,-0.008219224353132049
2023-04-21,65.52,4.182355439544814,0.0013745706631667076
2023-04-24,65.66,4.184489912073446,0.002134472528632081
2023-04-25,65.65,4.184337600748806,-0.00015231132464066377
2023-04-26,66.2,4.192680462942962,0.008342862194156808
2023-04-27,66.19,4.1925293941308315,-0.00015106881213089451
2023-04-28,64.97,4.17392562489244,-0.0186037692383918
2023-05-01,64.63,4.168678699274804,-0.005246925617635512
2023-05-02,63.67,4.153713494028934,-0.014965205245870195
2023-05-03,63.69,4.1540275643832745,0.000314070354340501
2023-05-04,65.9,4.188138441508461,0.03411087712518679
2023-05-05,64.83,4.171768459186905,-0.01636998232155662
2023-05-08,64.68,4.169452034708907,-0.002316424477998069
2023-05-09,63.51,4.151197373814884,-0.018254660894022834
2023-05-10,61.81,4.124065163671182,-0.027132210143701485
2023-05-11,61.43,4.117898315175836,-0.006166848495346322
2023-05-12,61.05,4.111693200556713,-0.006205114619122654
2023-05-15,61.06,4.111856987306732,0.00016378675001860188
2023-05-16,59.69,4.089164502180559,-0.022692485126173167
2023-05-17,58.76,4.073461351305676,-0.01570315087488261
2023-05-18,58.8,4.074141854904581,0.0006805035989048136
2023-05-19,59.38,4.083957469335614,0.009815614431032849
2023-05-22,58.83,4.0746519288763645,-0.00930554045924925
2023-05-23,58.74,4.073120925770474,-0.0015310031058906048
2023-05-24,57.6,4.053522567701846,-0.019598358068628308
2023-05-25,56.87,4.040767961318708,-0.012754606383137634
2023-05-26,57.15,4.04567939024082,0.004911428922111938
2023-05-30,54.46,3.9974664872456134,-0.04821290299520653
2023-05-31,53.4,3.977810745966149,-0.019655741279464234
2023-06-01,53.81,3.9854593235013285,0.007648577535179335
2023-06-02,54.85,4.00460218672124,0.0191428632199111
2023-06-05,54.18,3.992311836656949,-0.012290350064290578
2023-06-06,54.93,4.006059647354529,0.013747810697579688
2023-06-07,55.17,4.01041932728434,0.004359679929811122
2023-06-08,55.08,4.008786673860454,-0.0016326534238855217
2023-06-09,55.16,4.010238052925101,0.0014513790646466518
2023-06-12,55.15,4.0100567456995115,-0.00018130722558939993
2023-06-13,55.62,4.018542848805819,0.008486103106307041
2023-06-14,56.67,4.037244970181528,0.0187021213757097
2023-06-15,58.57,4.070222620101691,0.03297764992016283
2023-06-16,58.21,4.064057161283644,-0.006165458818046865
2023-06-20,56.76,4.038831852291842,-0.025225308991802642
2023-06-21,56.73,4.038303171338476,-0.0005286809533657788
2023-06-22,57.89,4.058544658090914,0.020241486752437865
2023-06-23,57.12,4.0451543180313285,-0.01339034005958517
2023-06-26,56.36,4.03175968703048,-0.013394631000848811
2023-06-27,56.53,4.0347714706871995,0.0030117836567198353
2023-06-28,55.9,4.023564380161053,-0.011207090526146324
2023-06-29,55.59,4.018003328965378,-0.005561051195675404
2023-06-30,56.72,4.038126882223872,0.02012355325849402
2023-07-03,57.26,4.047602299669969,0.009475417446097367
2023-07-05,56.69,4.037597828336212,-0.010004471333757259
2023-07-06,55.33,4.013315256910018,-0.024282571426193833
2023-07-07,55.5,4.0163830207523885,0.003067763842370397
2023-07-10,55.58,4.017823424314358,0.0014404035619692834
2023-07-11,56.2,4.028916756899646,0.011093332585287996
2023-07-12,57.23,4.047078236421011,0.01816147952136493
2023-07-13,58.15,4.063025878964673,0.015947642543662433
2023-07-14,58.19,4.063713518668578,0.000687639703905063
2023-07-17,57.6,4.053522567701846,-0.010190950966732615
2023-07-18,57.5,4.051784947803305,-0.0017376198985408209
2023-07-19,58.43,4.067829456566345,0.016044508763040533
2023-07-20,58.73,4.072950669534428,0.0051212129680831
2023-07-21,58.55,4.069881090043726,-0.003069579490702523
2023-07-24,58.37,4.0668020592157,-0.0030790308280259637
2023-07-25,58.56,4.0700518696530565,0.003249810437356615
2023-07-26,58.69,4.072269354570243,0.0022174849171863187
2023-07-27,58.14,4.06285389513073,-0.00941545943951283
2023-07-28,58.86,4.075161742805327,0.012307847674597028
2023-07-31,57.3,4.048300623720694,-0.026861119084633067
2023-08-01,56.84,4.0402403032289,-0.008060320491794393
2023-08-02,56.23,4.0294504223041105,-0.010789880924789053
2023-08-03,56.98,4.0427003290697625,0.013249906765651964
2023-08-04,56.49,4.034063631337171,-0.008636697732591792
2023-08-07,56.44,4.033178126984613,-0.0008855043525572981
2023-08-08,56.32,4.0310497118497866,-0.0021284151348268665
2023-08-09,56.5,4.034240638152395,0.0031909263026088652
2023-08-10,56.84,4.0402403032289,0.005999665076504179
2023-08-11,56.3,4.030694535145645,-0.009545768083254913
2023-08-14,56.35,4.031582240485785,0.0008877053401405988
2023-08-15,55.51,4.01656318470207,-0.015019055783715096
2023-08-16,55.05,4.008241863168689,-0.008321321533380832
2023-08-17,55.39,4.014399072045013,0.006157208876323317
2023-08-18,55.75,4.020877410340228,0.00647833829521538
2023-08-21,56.2,4.028916756899646,0.008039346559417737
2023-08-22,56.14,4.027848570933736,-0.0010681859659094073
2023-08-23,56.91,4.041471072615033,0.013622501681296306
2023-08-24,56.44,4.033178126984613,-0.008292945630419268
2023-08-25,56.66,4.03706849440237,0.003890367417756835
2023-08-28,57.25,4.047427642434349,0.010359148031978904
2023-08-29,57.92,4.059062748077461,0.011635105643112098
2023-08-30,57.85,4.0578534536396855,-0.001209294437775732
2023-08-31,56.89,4.041119578762556,-0.016733874877129296
2023-09-01,56.18,4.0285608216760975,-0.012558757086458705
2023-09-05,55.72,4.020339148911605,-0.008221672764492816
2023-09-06,56.03,4.025887261577193,0.005548112665588079
2023-09-07,56.2,4.028916756899646,0.003029495322453002
2023-09-08,56.22,4.029272565478386,0.00035580857873984684
2023-09-11,57.05,4.0439280763080845,0.014655510829698848
2023-09-12,56.18,4.0285608216760975,-0.01536725463198696
2023-09-13,56.02,4.0257087698319625,-0.0028520518441350617
2023-09-14,56.85,4.040416220196545,0.014707450364582542
2023-09-15,56.87,4.040767961318708,0.00035174112216296294
2023-09-18,57.64,4.054216771131322,0.01344880981261376
2023-09-19,57.48,4.051437061210824,-0.002779709920497808
2023-09-20,57.39,4.049870072120271,-0.0015669890905529726
2023-09-21,56.83,4.04006435530903,-0.00980571681124065
2023-09-22,56.44,4.033178126984613,-0.0068862283244168765
2023-09-25,55.2,4.01096295328305,-0.02221517370156345
2023-09-26,54.26,3.9937873072307855,-0.017175646052264515
2023-09-27,53.38,3.9774361439763783,-0.01635116325440711
2023-09-28,53.56,3.9808025208229716,0.003366376846593244
2023-09-29,55.3,4.012772908528289,0.03197038770531746
2023-10-02,53.42,3.9781852076818147,-0.034587700846474334
2023-10-03,52.98,3.9699144838439238,-0.008270723837890959
2023-10-04,53.0,3.970291913552122,0.000377429708198207
2023-10-05,52.78,3.966132331075178,-0.004159582476944035
2023-10-06,52.8,3.966511190712216,0.0003788596370379871
2023-10-09,52.54,3.961574784257394,-0.004936406454822073
2023-10-10,53.64,3.9822950584134778,0.020720274156083907
2023-10-11,54.55,3.9991177122790798,0.016822653865602
2023-10-12,53.62,3.981922132807813,-0.017195579471266598
2023-10-13,53.71,3.983599203917368,0.0016770711095550617
2023-10-16,54.33,3.9950765605634317,0.01147735664606353
2023-10-17,54.02,3.98935434836447,-0.005722212198961962
2023-10-18,53.26,3.9751855803857863,-0.014168767978683494
2023-10-19,53.28,3.9755610262321337,0.00037544584634741085
2023-10-20,52.57,3.9621456148313565,-0.013415411400777177
2023-10-23,52.68,3.9642358768750805,0.0020902620437239783
2023-10-24,53.42,3.9781852076818147,0.013949330806734217
2023-10-25,53.74,3.984157603187345,0.0059723955055304145
2023-10-26,53.38,3.9774361439763783,-0.006721459210966785
2023-10-27,52.83,3.9670792111762245,-0.010356932800153817
2023-10-30,54.03,3.9895394478559743,0.022460236679749723
2023-10-31,56.87,4.040767961318708,0.051228513462733716
2023-11-01,56.8,4.039536325727106,-0.0012316355916022204
2023-11-02,58.13,4.062681881713259,0.023145555986153532
2023-11-03,58.91,4.076010855533596,0.01332897382033682
2023-11-06,58.88,4.075501474420621,-0.0005093811129750492
2023-11-07,59.06,4.078553876315777,0.003052401895155654
2023-11-08,59.32,4.082946517269732,0.004392640953954974
2023-11-09,59.85,4.091841432003982,0.008894914734250747
2023-11-10,59.61,4.087823345231835,-0.0040180867721471
2023-11-13,59.71,4.089499510558901,0.001676165327065604
2023-11-14,61.23,4.114637265489863,0.025137754930962153
2023-11-15,61.19,4.113983777474449,-0.0006534880154136502
2023-11-16,61.11,4.1126755189068245,-0.0013082585676249536
2023-11-17,61.33,4.116269119637892,0.0035936007310679585
2023-11-20,61.83,4.124388683570477,0.008119563932584839
2023-11-21,62.03,4.127618138985026,0.0032294554145488874
2023-11-22,62.7,4.138361447638875,0.010743308653848871
2023-11-24,63.11,4.144879235596148,0.006517787957273313
2023-11-27,62.6,4.136765278106052,-0.008113957490095913
2023-11-28,62.79,4.139795825126018,0.0030305470199651907
2023-11-29,62.61,4.136925009757219,-0.0028708153687988514
2023-11-30,62.93,4.1420229975388425,0.005097987781623736
2023-12-01,63.39,4.149306120296075,0.007283122757232086
2023-12-04,63.15,4.1455128487965,-0.0037932714995747574
2023-12-05,63.17,4.145829504910609,0.00031665611410947037
2023-12-06,62.5,4.135166556742356,-0.010662948168253195
2023-12-07,62.88,4.141228148120951,0.006061591378594855
2023-12-08,63.02,4.143452136329128,0.0022239882081773743
2023-12-11,63.06,4.144086654116915,0.0006345177877866703
2023-12-12,63.3,4.147885329150131,0.003798675033215737
2023-12-13,63.29,4.147727338787214,-0.00015799036291674895
2023-12-14,62.79,4.139795825126018,-0.007931513661196377
2023-12-15,62.51,4.135326543943721,-0.004469281182296392
2023-12-18,62.85,4.140750935036256,0.005424391092534897
2023-12-19,63.86,4.156693187286636,0.015942252250379596
2023-12-20,62.88,4.141228148120951,-0.015465039165684757
2023-12-21,63.63,4.1530850572447005,0.011856909123749482
2023-12-22,64.5,4.1666652238017265,0.013580166557026097
2023-12-26,64.62,4.168523960396352,0.001858736594625654
2023-12-27,64.87,4.172385267224964,0.0038613068286119656
2023-12-28,64.69,4.169606630055894,-0.0027786371690705636
2023-12-29,64.62,4.168523960396352,-0.001082669659541402
2024-01-02,64.25,4.162781723775329,-0.0057422366210229114
2024-01-03,63.74,4.15481230898919,-0.007969414786138884
2024-01-04,64.33,4.1640260854229085,0.009213776433718124
2024-01-05,64.25,4.162781723775329,-0.0012443616475792396
2024-01-08,65.47,4.181592022453,0.018810298677670367
2024-01-09,65.03,4.174848701881061,-0.006743320571938938
2024-01-10,66.15,4.191924890560965,0.017076188679904014
2024-01-11,65.14,4.176538799848087,-0.015386090712877554
2024-01-12,65.07,4.175463613506893,-0.0010751863411941898
2024-01-16,63.61,4.152770690690713,-0.022692922816180072
2024-01-17,62.72,4.138680376042152,-0.01409031464856092
2024-01-18,62.7,4.138361447638875,-0.0003189284032769635
2024-01-19,63.01,4.143293443953964,0.0049319963150891155
2024-01-22,62.96,4.1424996041091475,-0.000793839844816624
2024-01-23,62.98,4.142817215672879,0.00031761156373111277
2024-01-24,62.36,4.132924044189576,-0.009893171483303043
2024-01-25,62.14,4.129389903964901,-0.0035341402246746867
2024-01-26,62.09,4.128584945376802,-0.0008049585880991472
2024-01-29,62.39,4.133405006122695,0.004820060745893251
2024-01-30,62.44,4.134206095647231,0.0008010895245362804
2024-01-31,61.74,4.122932019074013,-0.011274076573218217
2024-02-01,62.65,4.137563681342077,0.014631662268064005
2024-02-02,62.11,4.128907006571212,-0.00865667477086518
2024-02-05,61.91,4.12568171753114,-0.0032252890400714662
2024-02-06,63.73,4.154655409326203,0.028973691795062706
2024-02-07,65.53,4.182508053051405,0.027852643725202242
2024-02-08,65.61,4.1837281233567865,0.0012200703053810713
2024-02-09,64.51,4.16682025054415,-0.01690787281263617
2024-02-12,64.78,4.170996913743183,0.00417666319903276
2024-02-13,63.68,4.1538705415361274,-0.017126372207055596
2024-02-14,62.35,4.132763672126045,-0.02110686941008222
2024-02-15,62.82,4.140273494110501,0.007509821984455378
2024-02-16,62.24,4.130997879870137,-0.00927561424036405
2024-02-20,62.85,4.140750935036256,0.009753055166119573
2024-02-21,63.62,4.152927886320998,0.012176951284741833
2024-02-22,63.4,4.14946386144318,-0.0034640248778181615
2024-02-23,63.37,4.148990563335426,-0.0004732981077539833
2024-02-26,63.1,4.144720769547168,-0.004269793788258092
2024-02-27,63.06,4.144086654116915,-0.000634115430252713
2024-02-28,62.45,4.134366236571586,-0.009720417545328708
2024-02-29,60.37,4.100492292808335,-0.03387394376325137
2024-03-01,60.17,4.09717388923226,-0.0033184035760749353
2024-03-04,60.1,4.096009841541162,-0.0011640476910983466
2024-03-05,60.14,4.096675177560383,0.00066533601922103
2024-03-06,60.61,4.104459895963194,0.0077847184028110306
2024-03-07,61.62,4.120986493168521,0.016526597205327676
2024-03-08,62.08,4.128423875874963,0.007437382706442008
2024-03-11,63.09,4.144562278382718,0.01613840250775489
2024-03-12,63.29,4.147727338787214,0.003165060404495712
2024-03-13,64.55,4.167440117292651,0.01971277850543718
2024-03-14,61.01,4.111037785163761,-0.05640233212889001
2024-03-15,60.8,4.107589788972121,-0.003447996191639824
2024-03-18,60.06,4.095344062555184,-0.01224572641693733
2024-03-19,59.99,4.094177881665002,-0.001166180890182389
2024-03-20,60.07,4.09551054886207,0.0013326671970688153
2024-03-21,59.29,4.0824406577192764,-0.013069891142793999
2024-03-22,59.5,4.085976312551584,0.0035356548323077774
2024-03-25,59.78,4.090671156855792,0.004694844304207635
2024-03-26,60.35,4.10016094754354,0.009489790687748467
2024-03-27,60.84,4.1082474673910925,0.008086519847552154
2024-03-28,60.78,4.107260787488647,-0.0009866799024456085
2024-04-01,61.1,4.11251186617755,0.005251078688902844
2024-04-02,60.71,4.106108429142343,-0.006403437035206849
2024-04-03,60.24,4.098336583491638,-0.007771845650704989
2024-04-04,59.54,4.086648355587631,-0.011688227904007142
2024-04-05,59.96,4.093677673234397,0.0070293176467659535
2024-04-08,60.2,4.097672352314776,0.003994679080379093
2024-04-09,60.6,4.104294893075269,0.006622540760493401
2024-04-10,59.57,4.087152091640596,-0.01714280143467306
2024-04-11,59.73,4.089834406744215,0.0026823151036188264
2024-04-12,58.67,4.071928522937768,-0.017905883806446532
2024-04-15,58.0,4.060443010546419,-0.011485512391349317
2024-04-16,57.14,4.045504396802627,-0.014938613743791684
2024-04-17,57.36,4.0493471962913645,0.003842799488737114
2024-04-18,57.91,4.058890081237698,0.009542884946333707
2024-04-19,58.73,4.072950669534428,0.014060588296730181
2024-04-22,59.49,4.085808231199814,0.012857561665385653
2024-04-23,60.18,4.0973400712018995,0.011531840002085403
2024-04-24,60.26,4.098668533702155,0.001328462500255867
2024-04-25,59.94,4.0933440618885175,-0.005324471813637821
2024-04-26,60.01,4.094511215001422,0.0011671531129042734
2024-04-29,60.3,4.09933210373314,0.004820888731718043
2024-04-30,59.66,4.088661779086602,-0.010670324646537388
2024-05-01,59.47,4.085471983718502,-0.0031897953681001567
2024-05-02,59.89,4.092509546276371,0.007037562557869137
2024-05-03,59.71,4.089499510558901,-0.003010035717470494
2024-05-06,59.59,4.087487774758888,-0.002011735800013348
2024-05-07,60.57,4.103799720992856,0.016311946233968477
2024-05-08,62.99,4.142975983633837,0.039176262640981285
2024-05-09,63.49,4.150882413182359,0.007906429548521388
2024-05-10,64.21,4.162158961805957,0.011276548623598615
2024-05-13,64.71,4.169915749069174,0.0077567872632169355
2024-05-14,65.67,4.184642200202881,0.014726451133706853
2024-05-15,66.03,4.19010918420648,0.005466984003598796
2024-05-16,66.47,4.19675071805349,0.0066415338470102725
2024-05-17,67.42,4.2109417098059145,0.014190991752424331
2024-05-20,66.34,4.1947930335189065,-0.016148676287008
2024-05-21,66.24,4.193284510077004,-0.001508523441902554
2024-05-22,65.19,4.177306082936448,-0.015978427140556306
2024-05-23,64.62,4.168523960396352,-0.008782122540095472
2024-05-24,65.04,4.175002465239555,0.0064785048432032255
2024-05-28,63.51,4.151197373814884,-0.023805091424671687
2024-05-29,62.28,4.131640346965797,-0.019557026849086334
2024-05-30,62.33,4.132442850820759,0.0008025038549615005
2024-05-31,63.07,4.14424522067556,0.01180236985480132
2024-06-03,62.65,4.137563681342077,-0.006681539333483144
2024-06-04,62.13,4.129228964075603,-0.008334717266474279
2024-06-05,62.07,4.128262780425561,-0.000966183650041863
2024-06-06,63.31,4.148043294556035,0.019780514130474103
2024-06-07,62.22,4.130676491469491,-0.017366803086543925
2024-06-10,61.6,4.120661870539474,-0.010014620930016704
2024-06-11,61.06,4.111856987306732,-0.008804883232742533
2024-06-12,61.47,4.118549250918918,0.006692263612186444
2024-06-13,60.45,4.101816577060802,-0.016732673858116165
2024-06-14,59.49,4.085808231199814,-0.016008345860988094
2024-06-17,59.7,4.089332020398556,0.0035237891987423
2024-06-18,59.14,4.079907514424331,-0.009424505974225283
2024-06-20,59.24,4.081596989399598,0.001689474975266947
2024-06-21,59.06,4.078553876315777,-0.003043113083821325
2024-06-24,60.77,4.107096246147264,0.028542369831487058
2024-06-25,60.16,4.097007679641584,-0.010088566505679353
2024-06-26,59.48,4.085640121591954,-0.01136755804963041
2024-06-27,59.06,4.078553876315777,-0.007086245276177294
2024-06-28,58.15,4.063025878964673,-0.01552799735110355
2024-07-01,58.35,4.066459358732565,0.003433479767891434
2024-07-02,58.66,4.071758063549305,0.0052987048167407735
2024-07-03,60.06,4.095344062555184,0.023585999005878655
2024-07-05,59.76,4.090336540824562,-0.005007521730622244
2024-07-08,59.34,4.083283614862676,-0.00705292596188567
2024-07-09,59.01,4.077706921069077,-0.005576693793599041
2024-07-10,60.29,4.099166252501314,0.021459331432237327
2024-07-11,61.25,4.114963849424837,0.015797596923522228
2024-07-12,61.5,4.119037174812473,0.00407332538763594
2024-07-15,60.17,4.09717388923226,-0.021863285580212555
2024-07-16,60.2,4.097672352314776,0.0004984630825157765
2024-07-17,61.67,4.1217975890034015,0.024125236688625762
2024-07-18,60.56,4.103634609129194,-0.018162979874207785
2024-07-19,60.45,4.101816577060802,-0.0018180320683915951
2024-07-22,61.03,4.111365546556404,0.009548969495601689
2024-07-23,60.7,4.1059436980654525,-0.0054218484909513975
2024-07-24,60.55,4.1034694699991014,-0.002474228066351003
2024-07-25,60.7,4.1059436980654525,0.002474228066351003
2024-07-26,61.38,4.1170840491915905,0.011140351126138093
2024-07-29,60.05,4.095177548525992,-0.021906500665598294
2024-07-30,59.58,4.0873199472851365,-0.007857601240855772
2024-07-31,59.5,4.085976312551584,-0.001343634733552257
2024-08-01,61.26,4.115127101404629,0.029150788853044673
2024-08-02,63.38,4.149148354262775,0.034021252858146056
2024-08-05,60.84,4.1082474673910925,-0.040900886871682474
2024-08-06,60.5,4.102643365036796,-0.005604102354296536
2024-08-07,60.5,4.102643365036796,0.0
2024-08-08,60.93,4.109725664260403,0.007082299223607258
2024-08-09,60.67,4.105449341954206,-0.004276322306196789
2024-08-12,60.12,4.0963425648847736,-0.009106777069432859
2024-08-13,60.43,4.101485670373467,0.005143105488693678
2024-08-14,60.38,4.100657924278693,-0.0008277460947745396
2024-08-15,60.62,4.104624871629657,0.003966947350964034
2024-08-16,60.65,4.105119635390059,0.0004947637604022503
2024-08-19,60.88,4.1089047135534305,0.0037850781633714803
2024-08-20,60.55,4.1034694699991014,-0.005435243554329006
2024-08-21,60.93,4.109725664260403,0.006256194261301751
2024-08-22,60.97,4.110381939919725,0.0006562756593213592
2024-08-23,61.69,4.122121843221548,0.011739903301823063
2024-08-26,61.3,4.115779842942166,-0.006342000279381921
2024-08-27,61.87,4.125035409542898,0.009255566600732124
2024-08-28,61.45,4.118223836012044,-0.0068115735308538206
2024-08-29,61.52,4.119362325197389,0.0011384891853447598
2024-08-30,61.44,4.118061088839417,-0.0013012363579720798
2024-09-03,61.48,4.118711918670395,0.0006508298309784166
2024-09-04,62.59,4.13660552093661,0.017893602266214614
2024-09-05,63.44,4.150094577326593,0.013489056389983212
2024-09-06,62.84,4.14059181338742,-0.00950276393917271
2024-09-09,63.66,4.1535564218539465,0.01296460846652625
2024-09-10,64.17,4.161535811762424,0.007979389908477685
2024-09-11,64.35,4.164336934042136,0.002801122279711521
2024-09-12,64.85,4.172076910762453,0.00773997672031701
2024-09-13,64.9,4.1728476237100445,0.0007707129475917895
2024-09-16,64.75,4.1705337005796475,-0.002313923130397022
2024-09-17,64.25,4.162781723775329,-0.007751976804318161
2024-09-18,63.41,4.14962157771194,-0.013160146063389
2024-09-19,63.8,4.155753190350744,0.006131612638803574
2024-09-20,63.13,4.145196092379535,-0.010557097971209295
2024-09-23,63.02,4.143452136329128,-0.0017439560504062257
2024-09-24,64.17,4.161535811762424,0.01808367543329581
2024-09-25,63.15,4.1455128487965,-0.016022962965924314
2024-09-26,65.52,4.182355439544814,0.03684259074831431
2024-09-27,65.99,4.18950321539533,0.007147775850516069
2024-09-30,66.29,4.1940390562533,0.004535840857969653
2024-10-01,66.55,4.197953544841121,0.003914488587820841
2024-10-02,66.28,4.193888192558362,-0.004065352282758283
2024-10-03,66.27,4.193737306100135,-0.00015088645822736169
2024-10-04,66.4,4.1956970564823886,0.001959750382253489
2024-10-07,65.02,4.174694914875759,-0.02100214160662972
2024-10-08,64.23,4.162470391269701,-0.012224523606057858
2024-10-09,64.27,4.163092959383195,0.0006225681134939265
2024-10-10,64.07,4.15997623565093,-0.0031167237322646812
2024-10-11,64.85,4.172076910762453,0.012100675111522463
2024-10-14,65.42,4.180828022110238,0.00875111134778539
2024-10-15,65.43,4.180980868881647,0.0001528467714093651
2024-10-16,65.3,4.178992036282385,-0.0019888325992623024
2024-10-17,65.47,4.181592022453,0.002599986170614521
2024-10-18,66.04,4.190260619051927,0.008668596598927714
2024-10-21,65.06,4.175309921045206,-0.014950698006721552
2024-10-22,64.65,4.168988105217867,-0.006321815827338817
2024-10-23,64.57,4.167749906638376,-0.0012381985794913675
2024-10-24,64.61,4.168369197570074,0.0006192909316986572
2024-10-25,63.9,4.157319361383489,-0.011049836186585615
2024-10-28,64.39,4.164958341550092,0.007638980166603027
2024-10-29,63.96,4.158257887965753,-0.006700453584338462
2024-10-30,62.91,4.141705133581938,-0.01655275438381487
2024-10-31,59.37,4.083789048282584,-0.05791608529935477
2024-11-01,59.3,4.08260930600368,-0.001179742278903717
2024-11-04,58.55,4.069881090043726,-0.012728215959953992
2024-11-05,58.83,4.0746519288763645,0.004770838832638624
2024-11-06,57.27,4.047776926405766,-0.026875002470598375
2024-11-07,57.82,4.0573347365882,0.009557810182434068
2024-11-08,57.28,4.04795152265239,-0.009383213935810097
2024-11-11,57.07,4.044278584548617,-0.0036729381037732267
2024-11-12,56.0,4.02535169073515,-0.018926893813467238
2024-11-13,55.8,4.021773869387265,-0.0035778213478847576
2024-11-14,56.35,4.031582240485785,0.009808371098520396
2024-11-15,56.25,4.029806041084529,-0.0017761994012559512
2024-11-18,56.5,4.034240638152395,0.004434597067866086
2024-11-19,56.06,4.026422545736642,-0.007818092415753597
2024-11-20,55.2,4.01096295328305,-0.015459592453591853
2024-11-21,54.69,4.001680877358681,-0.009282075924368804
2024-11-22,54.73,4.0024120051558265,0.0007311277971453478
2024-11-25,55.04,4.008060193625088,0.005648188469261406
2024-11-26,53.93,3.9876869093491356,-0.020373284275952308
2024-11-27,54.08,3.9904644317347087,0.00277752238557305
2024-11-29,53.8,3.9852734671677386,-0.005190964566970102
2024-12-02,54.14,3.9915732841861553,0.0062998170184167535
2024-12-03,53.87,3.9865737366924425,-0.004999547493712786
2024-12-04,53.17,3.973494327516247,-0.013079409176195433
2024-12-05,53.13,3.972741740462852,-0.0007525870533950929
2024-12-06,52.91,3.9685923569160404,-0.0041493835468116025
2024-12-09,53.06,3.971423348709594,0.0028309917935533946
2024-12-10,52.96,3.9695369116287527,-0.0018864370808411302
2024-12-11,52.38,3.958524839079566,-0.01101207254918668
2024-12-12,53.5,3.979681653901961,0.021156814822394843
2024-12-13,53.43,3.97837238596968,-0.001309267932280811
2024-12-16,52.53,3.9613844349658702,-0.016987951003809787
2024-12-17,51.77,3.94681083091381,-0.014573604052060318
2024-12-18,50.11,3.914220588971633,-0.032590241942176856
2024-12-19,50.1,3.914021008090819,-0.0001995808808139543
2024-12-20,50.21,3.916214210046614,0.0021932019557948657
2024-12-23,50.54,3.922765101960048,0.006550891913434054
2024-12-24,50.39,3.9197927426925068,-0.002972359267541247
2024-12-26,50.37,3.9193957597575593,-0.0003969829349474985
2024-12-27,50.37,3.9193957597575593,0.0
2024-12-30,49.78,3.907613296939446,-0.011782462818113348
2024-12-31,50.07,3.9134220263418533,0.005808729402407398
2025-01-02,49.93,3.910622024512518,-0.0028000018293354856
2025-01-03,48.85,3.888754378488792,-0.02186764602372593
2025-01-06,49.14,3.894673367093033,0.0059189886042410045
2025-01-07,49.22,3.89630004496291,0.0016266778698770246
2025-01-08,49.03,3.892432355663142,-0.0038676892997679957
2025-01-10,46.15,3.8318969609488613,-0.0605353947142806
2025-01-13,46.41,3.8375149532530846,0.005617992304223218
2025-01-14,46.49,3.8392372357024933,0.0017222824494087519
2025-01-15,46.46,3.838591727342263,-0.0006455083602303624
2025-01-16,47.12,3.8526975393433314,0.014105812001068418
2025-01-17,48.0,3.871201010907891,0.01850347156455978
2025-01-21,48.32,3.8778455536265595,0.006644542718668323
2025-01-22,47.6,3.8628327612373745,-0.015012792389184959
2025-01-23,48.21,3.875566468417531,0.01273370718015654
2025-01-24,48.87,3.8891637112820634,0.013597242864532344
2025-01-27,49.99,3.911822985425479,0.02265927414341551
2025-01-28,49.21,3.8960968548778867,-0.0157261305475922
2025-01-29,49.17,3.895283681423848,-0.0008131734540386404
2025-01-30,49.82,3.9084165098340344,0.01313282841018637
2025-01-31,49.18,3.8954870367880465,-0.012929473045987905
2025-02-03,48.69,3.8854736701946093,-0.010013366593437212
2025-02-04,48.7,3.885679030088544,0.00020535989393488663
2025-02-05,49.11,3.894062680051153,0.008383649962608875
2025-02-06,50.44,3.9207845110967185,0.02672183104556547
2025-02-07,50.3,3.9180050771056933,-0.002779433991025204
2025-02-10,50.33,3.9186013207882686,0.0005962436825752704
2025-02-11,51.07,3.9331972406595526,0.014595919871283947
2025-02-12,52.28,3.956613888756021,0.023416648096468595
2025-02-13,53.12,3.9725535051681784,0.015939616412157243
2025-02-14,53.12,3.9725535051681784,0.0
2025-02-18,53.0,3.970291913552122,-0.0022615916160564353
2025-02-19,52.82,3.9668899068689862,-0.0034020066831357276
2025-02-20,53.15,3.973118104787957,0.006228197918970668
2025-02-21,54.01,3.9891692146047997,0.016051109816842768
2025-02-24,54.51,3.9983841710761894,0.009214956471389701
2025-02-25,54.77,4.00314259879563,0.004758427719441016
2025-02-26,58.72,4.07278038430626,0.06963778551063005
2025-02-27,59.51,4.086144365656761,0.013363981350500431
2025-02-28,59.84,4.091674333666222,0.00552996800946115
2025-03-03,60.74,4.106602459617603,0.014928125951381155
2025-03-04,61.08,4.1121844803504315,0.005582020732828319
2025-03-05,62.23,4.130837198581126,0.01865271823069481
2025-03-06,62.44,4.134206095647231,0.003368897066104992
2025-03-07,63.06,4.144086654116915,0.00988055846968372
2025-03-10,62.46,4.134526351854933,-0.009560302261982123
2025-03-11,62.51,4.135326543943721,0.0008001920887883429
2025-03-12,62.53,4.1356464415792065,0.0003198976354852334
2025-03-13,61.39,4.117246955439405,-0.0183994861398018
2025-03-14,62.34,4.132603274339191,0.015356318899786281
2025-03-17,63.33,4.148359150528339,0.01575587618914831
2025-03-18,63.53,4.1515122352784415,0.0031530847501022308
2025-03-19,63.08,4.1444037620948375,-0.007108473183603969
2025-03-20,63.04,4.143769445549624,-0.0006343165452138422
2025-03-21,62.78,4.139636551413807,-0.004132894135816301
2025-03-24,61.53,4.119524860752399,-0.020111690661408055
2025-03-25,61.7,4.122283930911342,0.0027590701589428335
2025-03-26,61.87,4.125035409542898,0.0027514786315556705
2025-03-27,62.14,4.129389903964901,0.004354494422003086
2025-03-28,62.04,4.127779338308338,-0.0016105656565628124
2025-03-31,61.56,4.120012308970678,-0.007767029337659714
2025-04-01,61.6,4.120661870539474,0.000649561568796031
2025-04-02,62.1,4.128745988939433,0.008084118399958484
2025-04-03,62.9,4.141546163706395,0.012800174766962158
2025-04-04,60.92,4.109561528026961,-0.03198463567943399
2025-04-07,59.27,4.082103275799747,-0.02745825222721443
2025-04-08,58.52,4.069368576151923,-0.012734699647823255
2025-04-09,61.19,4.113983777474449,0.044615201322526055
2025-04-10,60.71,4.106108429142343,-0.007875348332106569
2025-04-11,62.52,4.135486505553276,0.02937807641093304
2025-04-14,63.37,4.148990563335426,0.013504057782149914
2025-04-15,63.28,4.147569323459399,-0.0014212398760271583
2025-04-16,64.64,4.16883341421284,0.0212640907534416
2025-04-17,65.63,4.184032908485631,0.015199494272790659
2025-04-21,65.61,4.1837281233567865,-0.00030478512884446474
2025-04-22,66.9,4.203198967134183,0.019470843777396496
2025-04-23,66.22,4.1929825321191005,-0.010216435015082403
2025-04-24,65.83,4.187075661479786,-0.005906870639314832
2025-04-25,65.01,4.174541104216377,-0.012534557263408352
2025-04-28,65.12,4.176231721694285,0.0016906174779078853
2025-04-29,64.96,4.173771695853422,-0.0024600258408629117
2025-04-30,65.81,4.186771802468027,0.013000106614605045
2025-05-01,65.02,4.174694914875759,-0.012076887592268548
2025-05-02,66.01,4.189806245700679,0.015111330824920444
2025-05-05,65.98,4.1893516658004355,-0.0004545799002437789
2025-05-06,66.15,4.191924890560965,0.0025732247605292358
2025-05-07,65.5,4.182050142641207,-0.009874747919758065
2025-05-08,67.0,4.204692619390966,0.022642476749759055
2025-05-09,67.27,4.208714372037514,0.004021752646548471
2025-05-12,65.9,4.188138441508461,-0.020575930529052933
2025-05-13,65.91,4.188290175064629,0.0001517335561675992
2025-05-14,66.26,4.1935863968717495,0.005296221807120638
2025-05-15,67.52,4.212423850287702,0.018837453415952332
2025-05-16,67.6,4.213607983048918,0.0011841327612165387
2025-05-19,68.65,4.229021132213981,0.015413149165062201
2025-05-20,68.56,4.227709274289524,-0.0013118579244562056
2025-05-21,68.8,4.231203744939298,0.0034944706497732625
2025-05-22,68.35,4.224641563169959,-0.006562181769338871
2025-05-23,69.28,4.2381562642541795,0.013514701084220704
2025-05-27,70.17,4.250920869264197,0.01276460501001786
2025-05-28,69.77,4.245204117951145,-0.005716751313052271
2025-05-29,70.53,4.256038151220088,0.010834033268943166
2025-05-30,70.49,4.255470855785784,-0.0005672954343038938
2025-06-02,71.27,4.266475481513779,0.011004625727994544
2025-06-03,70.66,4.257879641930999,-0.008595839582779874
2025-06-04,71.53,4.270116942120293,0.012237300189293698
2025-06-05,70.94,4.261834449345476,-0.008282492774816852
2025-06-06,71.01,4.262820712194002,0.0009862628485262093
2025-06-09,71.01,4.262820712194002,0.0
2025-06-10,70.32,4.253056253376921,-0.009764458817080879
2025-06-11,71.16,4.264930862797635,0.011874609420713611
2025-06-12,71.7,4.272490747605575,0.0075598848079403425
2025-06-13,71.22,4.265773677849632,-0.006717069755943328
2025-06-16,71.24,4.266054458421461,0.00028078057182945315
2025-06-17,70.49,4.255470855785784,-0.010583602635676925
2025-06-18,70.95,4.261975403606051,0.006504547820266993
2025-06-20,71.19,4.265352359115782,0.003376955509730273
2025-06-23,71.48,4.2694176902912275,0.004065331175445941
2025-06-24,70.21,4.2514907510291575,-0.017926939262070007
2025-06-25,68.57,4.227855121296273,-0.023635629732884134
2025-06-26,69.13,4.235988789957173,0.008133668660899929
2025-06-27,68.5,4.22683374526818,-0.009155044688993641
2025-06-30,68.72,4.230040277676,0.0032065324078205393
2025-07-01,69.25,4.237723145067448,0.007682867391447523
2025-07-02,69.34,4.239021940256878,0.001298795189430102
2025-07-03,68.91,4.232801305369117,-0.006220634887760923
2025-07-07,68.57,4.227855121296273,-0.004946184072843529
2025-07-08,67.56,4.2130160919396,-0.014839029356673805
2025-07-09,67.51,4.21227573505378,-0.0007403568858199705
2025-07-10,67.63,4.214051671586849,0.0017759365330691779
2025-07-11,67.5,4.212127597878484,-0.0019240737083645598
2025-07-14,67.8,4.216562194946349,0.004434597067865198
2025-07-15,66.95,4.203946072137182,-0.012616122809167685
2025-07-16,67.72,4.2153815572649345,0.01143548512775272
2025-07-17,67.85,4.217299386280878,0.0019178290159436173
2025-07-18,67.91,4.2181832991257,0.0008839128448219213
2025-07-21,68.16,4.221857882521061,0.003674583395360642
2025-07-22,69.34,4.239021940256878,0.017164057735817195
2025-07-23,70.52,4.25589635752967,0.01687441727279193
2025-07-24,70.09,4.249780130512233,-0.006116227017436415
2025-07-25,70.2,4.251348311031766,0.0015681805195324472
2025-07-28,66.35,4.194943760778217,-0.05640455025354907
2025-07-29,66.88,4.202899968776446,0.007956207998229381
2025-07-30,66.54,4.197803270590331,-0.005096698186115134
2025-07-31,57.67,4.0547371076273215,-0.14306616296300945
2025-08-01,57.1,4.044804116661965,-0.009932990965356936
2025-08-04,58.19,4.063713518668578,0.018909402006613618
2025-08-05,59.66,4.088661779086602,0.024948260418024226
2025-08-06,60.32,4.099663723699701,0.011001944613098225
2025-08-07,61.35,4.116595171156921,0.016931447457220195
2025-08-08,61.99,4.126973081713828,0.010377910556907288
2025-08-11,61.37,4.116921116401006,-0.010051965312822375
2025-08-12,61.39,4.117246955439405,0.0003258390383988896
2025-08-13,61.14,4.113166316462689,-0.004080638976716067
2025-08-14,60.68,4.105614154480332,-0.007552161982356864
2025-08-15,61.38,4.1170840491915905,0.01146989471125881
2025-08-18,61.55,4.1198498526304625,0.0027658034388720054
2025-08-19,62.24,4.130997879870137,0.011148027239674008
2025-08-20,63.09,4.144562278382718,0.013564398512581732
2025-08-21,63.06,4.144086654116915,-0.0004756242658032761
2025-08-22,63.86,4.156693187286636,0.012606533169720713
2025-08-25,63.04,4.143769445549624,-0.012923741737012051
2025-08-26,62.73,4.138839802108651,-0.004929643440972242
2025-08-27,62.79,4.139795825126018,0.0009560230173661921
2025-08-28,62.64,4.137404051682548,-0.002391773443469525
2025-08-29,62.67,4.137882864236584,0.00047881255403581235
2025-09-02,61.37,4.116921116401006,-0.020961747835578137
2025-09-03,59.56,4.086984207815808,-0.029936908585197486
2025-09-04,59.17,4.080414656688602,-0.006569551127205919
2025-09-05,60.23,4.09817056705563,0.017755910367027283
2025-09-08,59.43,4.084799149378569,-0.013371417677060293
2025-09-09,59.31,4.082777925850635,-0.0020212235279339907
2025-09-10,58.97,4.077028840012413,-0.005749085838222534
2025-09-11,59.01,4.077706921069077,0.0006780810566642259
2025-09-12,58.36,4.066630723654585,-0.01107619741449195
2025-09-15,58.55,4.069881090043726,0.0032503663891407797
2025-09-16,57.93,4.059235385108533,-0.010645704935193123
2025-09-17,58.82,4.074481933125849,0.015246548017316286
2025-09-18,58.58,4.070393341399587,-0.004088591726262081
2025-09-19,59.36,4.083620598859125,0.013227257459537789
2025-09-22,58.59,4.070564033556697,-0.013056565302427714
2025-09-23,59.1,4.079230924412053,0.008666890855355547
2025-09-24,59.49,4.085808231199814,0.006577306787761472
2025-09-25,59.72,4.089666972670989,0.0038587414711752643
2025-09-26,59.14,4.079907514424331,-0.009759458246658248
2025-09-29,59.85,4.091841432003982,0.011933917579651343
2025-09-30,59.61,4.087823345231835,-0.0040180867721471
2025-10-01,59.54,4.086648355587631,-0.0011749896442045937
2025-10-02,60.06,4.095344062555184,0.008695706967553285
2025-10-03,59.56,4.086984207815808,-0.008359854739375727
2025-10-06,58.51,4.069197679800145,-0.017786528015663272
2025-10-07,59.68,4.088996955895506,0.019799276095360696
2025-10-08,59.53,4.086480387165299,-0.0025165687302068918
2025-10-09,59.18,4.080583646972063,-0.005896740193235495
2025-10-10,59.58,4.0873199472851365,0.006736300313073151
2025-10-13,59.36,4.083620598859125,-0.003699348426011717
2025-10-14,60.22,4.0980045230535875,0.014383924194462772
2025-10-15,60.26,4.098668533702155,0.0006640106485678032
2025-10-16,61.54,4.119687369893896,0.021018836191740498
2025-10-17,62.14,4.129389903964901,0.009702534071005076
2025-10-20,62.04,4.127779338308338,-0.0016105656565628124
2025-10-21,61.84,4.124550404279167,-0.0032289340291713486
2025-10-22,61.8,4.123903364463645,-0.0006470398155213886
2025-10-23,61.59,4.120499519698952,-0.0034038447646933534
2025-10-24,61.29,4.11561669749764,-0.004882822201311754
2025-10-27,61.63,4.121148764974151,0.005532067476511138
2025-10-28,61.81,4.124065163671182,0.002916398697030864
2025-10-29,61.44,4.118061088839417,-0.006004074831765571
2025-10-30,60.01,4.094511215001422,-0.023549873837994895
2025-10-31,60.9,4.109233174715851,0.014721959714429467
2025-11-03,61.15,4.113329862133181,0.004096687417329825
2025-11-04,61.9,4.12552017969055,0.012190317557369212
2025-11-05,62.86,4.140910031369422,0.015389851678871302
2025-11-06,62.88,4.141228148120951,0.0003181167515293737
2025-11-07,63.28,4.147569323459399,0.006341175338447691
2025-11-10,63.35,4.148674906767148,0.0011055833077495691
2025-11-11,64.76,4.170688128809434,0.022013222042286174
2025-11-12,64.55,4.167440117292651,-0.0032480115167832224
2025-11-13,64.58,4.167904765330129,0.0004646480374779216
2025-11-14,63.83,4.156223299267966,-0.01168146606216336
2025-11-17,62.12,4.129067998280486,-0.02715530098747987
2025-11-18,61.16,4.113493381060861,-0.01557461721962472
2025-11-19,60.69,4.105778939847764,-0.007714441213097167
2025-11-20,60.76,4.106931677727572,0.0011527378798081855
2025-11-21,62.47,4.134686441505479,0.027754763777906533
2025-11-24,62.4,4.133565275375382,-0.001121166130096718
2025-11-25,62.55,4.13596623691292,0.0024009615375382154
2025-11-26,61.85,4.124712098838497,-0.011254138074423103
2025-11-28,61.53,4.119524860752399,-0.0051872380860977785
2025-12-01,62.06,4.128101659020234,0.00857679826783464
2025-12-02,61.64,4.121311010451915,-0.00679064856831868
2025-12-03,61.59,4.120499519698952,-0.0008114907529632731
2025-12-04,60.97,4.110381939919725,-0.010117579779227448
2025-12-05,61.16,4.113493381060861,0.003111441141136595
2025-12-08,60.51,4.10280864063423,-0.010684740426631478
2025-12-09,60.44,4.101651137404539,-0.0011575032296908816
2025-12-10,62.25,4.131158535344817,0.02950739794027779
2025-12-11,63.38,4.149148354262775,0.017989818917958367
2025-12-12,63.74,4.15481230898919,0.005663954726415454
2025-12-15,64.98,4.174079530240954,0.019267221251763722
2025-12-16,64.55,4.167440117292651,-0.006639412948302947
2025-12-17,65.28,4.178685710655851,0.01124559336320008
2025-12-18,64.55,4.167440117292651,-0.01124559336320008
2025-12-19,64.49,4.166510173022286,-0.0009299442703651906
2025-12-22,63.39,4.149306120296075,-0.017204052726211394
2025-12-23,63.95,4.158101528024852,0.008795407728777072
2025-12-24,63.83,4.156223299267966,-0.0018782287568859246
2025-12-26,64.24,4.162626069638506,0.006402770370540267
2025-12-29,64.31,4.163715140146772,0.0010890705082662322
2025-12-30,64.61,4.168369197570074,0.004654057423302049
2025-12-31,64.04,4.159507888128514,-0.00886130944155994
2026-01-02,63.71,4.154341536128396,-0.005166352000117946
2026-01-05,63.27,4.147411283158793,-0.006930252969603146
2026-01-06,63.75,4.154969184038536,0.007557900879742618
2026-01-07,63.14,4.145354483129846,-0.00961470090869021
2026-01-08,64.66,4.169142772297287,0.02378828916744169
2026-01-09,65.88,4.1878349053094395,0.018692133012152112
2026-01-12,66.74,4.2008044733232275,0.012969568013788013
2026-01-13,67.89,4.217888748313555,0.01708427499032794
2026-01-14,68.79,4.2310583855379225,0.013169637224367037
2026-01-15,68.72,4.230040277676,-0.0010181078619222461
2026-01-16,68.57,4.227855121296273,-0.002185156379726827
2026-01-20,68.89,4.232511029605105,0.004655908308831336
2026-01-21,69.26,4.237867538974276,0.005356509369171647
2026-01-22,69.66000366210938,4.243626317509047,0.005758778534771025
2026-01-23,69.87999725341797,4.24677944596159,0.003153128452543008
2026-01-26,69.4,4.239886867512759,-0.006892578448831621
2026-01-27,70.25,4.2520603082138555,0.012173440701096716
2026-01-28,69.82,4.24592050167689,-0.006139806536965331
2026-01-29,71.28,4.266615783162554,0.02069528148566402
2026-01-30,71.68,4.272211768666675,0.005595985504120549
2026-02-02,72.44999694824219,4.28289662664443,0.01068485797775498
2026-02-03,73.53,4.297693486208131,0.014796859563701581
2026-02-04,74.4800033569336,4.310530678040422,0.012837191832290706
2026-02-05,74.99,4.317354771313298,0.0068240932728755865
2026-02-06,75.80999755859375,4.328230177863935,0.010875406550637123
2026-02-09,76.04000091552734,4.331259529660304,0.0030293517963695393
2026-02-10,75.72,4.327042326341122,-0.0042172033191825165
2026-02-11,77.26000213623047,4.347176384888025,0.020134058546902978
2026-02-12,80.2,4.384523514872469,0.037347129984444116
2026-02-13,80.38999938964844,4.386889782747488,0.0023662678750193678
2026-02-17,79.29,4.373112017284307,-0.013777765463180991
2026-02-18,78.88999938964844,4.368054469370256,-0.005057547914050886
2026-02-19,78.7699966430664,4.366532171098327,-0.001522298271929401
2026-02-20,78.5199966430664,4.363353326655666,-0.003178844442660811
2026-02-23,80.0,4.382026634673881,0.018673308018215096
2026-02-24,80.66000366210938,4.390242834847023,0.008216200173142063
2026-02-25,78.58999633789062,4.364244418280432,-0.02599841656659141
2026-02-26,79.48,4.375505417683616,0.011260999403184258
2026-02-27,80.95,4.393831680123644,0.018326262440027996
2026-03-02,78.70999908447266,4.365770200522706,-0.028061479600937744
2026-03-03,76.56,4.338074747144699,-0.027695453378007606
2026-03-04,75.59,4.325323999304086,-0.01275074784061303
2026-03-05,73.71,4.300138475201197,-0.025185524102888657
2026-03-06,73.6500015258789,4.299324163626615,-0.0008143115745822271
2026-03-09,73.16000366210938,4.292648873578833,-0.006675290047781779
2026-03-10,73.1500015258789,4.292512148325722,-0.00013672525311125838
2026-03-11,72.66000366210938,4.285791077193679,-0.0067210711320431216
2026-03-12,71.94000244140625,4.275832472204178,-0.009958604989500408
