date,price,log_price,r
2005-03-01,6.5711,1.88268124618374,0.00890870403501065
2005-03-02,6.58075,1.8841487206047163,0.001467474420976167
2005-03-03,6.58643,1.8850114718319828,0.0008627512272665339
2005-03-04,6.58373,1.884601454028429,-0.0004100178035537638
2005-03-07,6.60156,1.8873059847392601,0.002704530710831099
2005-03-08,6.5741,1.8831376865653369,-0.004168298173923279
2005-03-09,6.48834,1.8700067198790113,-0.013130966686325518
2005-03-10,6.47755,1.868342352451739,-0.001664367427272273
2005-03-11,6.46194,1.8659295823081323,-0.002412770143606746
2005-03-14,6.44296,1.8629880618491694,-0.0029415204589628985
2005-03-15,6.37291,1.8520561941549252,-0.010931867694244257
2005-03-16,6.23031,1.829426090790947,-0.022630103363978193
2005-03-17,6.36896,1.8514361909487187,0.022010100157771717
2005-03-18,6.36636,1.8510278776851143,-0.00040831326360435405
2005-03-21,6.27309,1.8362690562139816,-0.014758821471132721
2005-03-22,6.19784,1.8242008442533884,-0.012068211960593267
2005-03-23,5.92698,1.779514808411616,-0.04468603584177244
2005-03-24,6.02286,1.7955622295609828,0.01604742114936686
2005-03-28,6.13222,1.813556837730635,0.01799460816965226
2005-03-29,6.02951,1.7966657470724494,-0.016891090658185615
2005-03-30,6.08664,1.8060962053281078,0.009430458255658358
2005-03-31,6.26394,1.834809380098566,0.028713174770458316
2005-04-01,6.32512,1.8445290067656273,0.009719626667061165
2005-04-04,6.29352,1.8395205326263149,-0.00500847413931238
2005-04-05,6.33215,1.845639830935907,0.006119298309592125
2005-04-06,6.45645,1.8650796311407647,0.019439800204857693
2005-04-07,6.43959,1.8624648734933125,-0.002614757647452226
2005-04-08,6.33678,1.8463707529958016,-0.01609412049751091
2005-04-11,6.26394,1.834809380098566,-0.011561372897235467
2005-04-12,6.24929,1.8324678572953415,-0.0023415228032246382
2005-04-13,6.20226,1.8249137417602141,-0.007554115535127304
2005-04-14,6.15371,1.8170551519675835,-0.007858589792630655
2005-04-15,6.08404,1.805668948997393,-0.011386202970190551
2005-04-18,6.25864,1.8339629091131207,0.028293960115727712
2005-04-19,6.41222,1.8582055448262074,0.024242635713086713
2005-04-20,6.38582,1.8540799072370238,-0.004125637589183606
2005-04-21,6.46667,1.8666612928649573,0.012581385627933539
2005-04-22,6.51908,1.8747332616879355,0.008071968822978226
2005-04-25,6.56706,1.8820662437591482,0.00733298207121269
2005-04-26,6.50058,1.8718914036899938,-0.010174840069154367
2005-04-27,6.36308,1.8505125368574595,-0.021378866832534316
2005-04-28,6.27839,1.8371135781850965,-0.01339895867236307
2005-04-29,6.29476,1.8397175412730895,0.002603963087993044
2005-05-02,6.25864,1.8339629091131207,-0.005754632159968853
2005-05-03,6.23888,1.8308006790920976,-0.0031622300210230048
2005-05-04,6.2279,1.829039197323898,-0.0017614817681996797
2005-05-05,6.4709,1.8673152023936754,0.03827600506977746
2005-05-06,6.40837,1.857604948423744,-0.009710253969931415
2005-05-09,6.40037,1.856355801194548,-0.0012491472291960015
2005-05-10,6.39286,1.8551817425928254,-0.001174058601722594
2005-05-11,6.36019,1.850058251119642,-0.005123491473183472
2005-05-12,6.26856,1.8355466631959978,-0.014511587923644154
2005-05-13,6.22327,1.828295492079587,-0.007251171116410715
2005-05-16,6.25161,1.832839030575127,0.0045435384955399005
2005-05-17,6.36896,1.8514361909487187,0.018597160373591715
2005-05-18,6.33977,1.8468424901885627,-0.004593700760155972
2005-05-19,6.33678,1.8463707529958016,-0.000471737192761168
2005-05-20,6.36896,1.8514361909487187,0.00506543795291714
2005-05-23,6.33977,1.8468424901885627,-0.004593700760155972
2005-05-24,6.31375,1.8427297948001253,-0.004112695388437393
2005-05-25,6.31895,1.8435530551156074,0.0008232603154820772
2005-05-26,6.32512,1.8445290067656273,0.0009759516500198462
2005-05-27,6.32184,1.8440103050264678,-0.0005187017391594662
2005-05-31,6.26394,1.834809380098566,-0.0092009249279017
2005-06-01,6.36636,1.8510278776851143,0.016218497586548253
2005-06-02,6.45934,1.8655271453924258,0.01449926770731147
2005-06-03,6.50395,1.872409684639084,0.00688253924665827
2005-06-06,6.51609,1.874274502799108,0.0018648181600238178
2005-06-07,6.51282,1.8737725421487295,-0.0005019606503784413
2005-06-08,6.52785,1.8760776394566325,0.00230509730790307
2005-06-09,6.54866,1.8792604485651148,0.003182809108482232
2005-06-10,6.56918,1.8823890149658873,0.0031285664007725256
2005-06-13,6.58865,1.8853484716864066,0.002959456720519338
2005-06-14,6.58075,1.8841487206047163,-0.0011997510816903478
2005-06-15,6.51908,1.8747332616879355,-0.00941545891678075
2005-06-16,6.56032,1.8810393822540732,0.006306120566137663
2005-06-17,6.57602,1.8834296991117843,0.0023903168577110723
2005-06-20,6.57602,1.8834296991117843,0.0
2005-06-21,6.4735,1.867716920516565,-0.015712778595219357
2005-06-22,6.44624,1.8634970150923191,-0.004219905424245773
2005-06-23,6.53864,1.8777291927739492,0.014232177681630098
2005-06-24,6.54394,1.8785394305542567,0.0008102377803074212
2005-06-27,6.58643,1.8850114718319828,0.006472041277726159
2005-06-28,6.49547,1.8711050108608895,-0.01390646097109327
2005-06-29,6.49711,1.8713574626462486,0.00025245178535904245
2005-06-30,6.53025,1.8764452273946977,0.005087764748449075
2005-07-01,6.57805,1.8837383488325348,0.007293121437837113
2005-07-05,6.61524,1.8893760780879112,0.0056377292553764224
2005-07-06,6.61967,1.8900455197638188,0.000669441675907656
2005-07-07,6.53864,1.8777291927739492,-0.01231632698986962
2005-07-08,6.61813,1.889812852703288,0.012083659929338797
2005-07-11,6.61967,1.8900455197638188,0.0002326670605308223
2005-07-12,6.68288,1.899549032359941,0.009503512596122254
2005-07-13,6.68992,1.9006019159221506,0.0010528835622094501
2005-07-14,6.6215,1.890321930384882,-0.01027998553726861
2005-07-15,6.62439,1.8907582921613812,0.0004363617764993055
2005-07-18,6.54394,1.8785394305542567,-0.012218861607124598
2005-07-19,6.63894,1.8929523121905354,0.01441288163627874
2005-07-20,6.67517,1.898394672126799,0.00544235993626363
2005-07-21,6.6215,1.890321930384882,-0.008072741741917078
2005-07-22,6.59674,1.8865755876101933,-0.00374634277468866
2005-07-25,6.60156,1.8873059847392601,0.000730397129066862
2005-07-26,6.66534,1.8969209650827539,0.009614980343493729
2005-07-27,6.60714,1.888150882470595,-0.008770082612158836
2005-07-28,6.63258,1.8919938687738256,0.0038429863032305445
2005-07-29,6.51426,1.8739936200888152,-0.018000248685010378
2005-08-01,6.39054,1.854818771861178,-0.019174848227637264
2005-08-02,6.45404,1.8647062913174128,0.009887519456234894
2005-08-03,6.41618,1.858822925033526,-0.0058833662838868594
2005-08-04,6.45106,1.8642444583904356,0.005421533356909647
2005-08-05,6.32512,1.8445290067656273,-0.019715451624808367
2005-08-08,6.18897,1.822768675435733,-0.02176033132989419
2005-08-09,6.09513,1.8074900916639383,-0.015278583771794807
2005-08-10,6.14686,1.8159413823279476,0.008451290664009292
2005-08-11,6.14542,1.8157070889329732,-0.00023429339497438306
2005-08-12,6.15871,1.8178673400305077,0.0021602510975344824
2005-08-15,6.1168,1.8110390839600112,-0.006828256070496419
2005-08-16,6.05138,1.8002863452056426,-0.010752738754368663
2005-08-17,5.93701,1.7812056396394864,-0.019080705566156153
2005-08-18,6.00985,1.7933997898329879,0.012194150193501452
2005-08-19,6.09513,1.8074900916639383,0.014090301830950391
2005-08-22,6.14302,1.815316477914729,0.007826386250790796
2005-08-23,6.1487,1.8162406773602575,0.0009241994455284619
2005-08-24,6.15641,1.8174938154482474,0.0012531380879898801
2005-08-25,6.09685,1.8077722443596302,-0.009721571088617154
2005-08-26,6.04001,1.798405667574492,-0.009366576785138303
2005-08-29,5.94395,1.782373895536202,-0.01603177203828987
2005-08-30,6.0533,1.8006035778819467,0.018229682345744624
2005-08-31,5.91764,1.777937720765769,-0.022665857116177746
2005-09-01,5.96871,1.786530823653767,0.008593102887997972
2005-09-02,6.0271,1.796265966365916,0.009735142712149036
2005-09-06,6.04193,1.7987234973296742,0.0024575309637582254
2005-09-07,6.01996,1.7950806147803824,-0.0036428825492917927
2005-09-08,6.02508,1.7959307572968655,0.0008501425164830767
2005-09-09,6.08664,1.8060962053281078,0.010165448031242308
2005-09-12,6.10524,1.8091474188292822,0.0030512135011744324
2005-09-13,6.17847,1.8210706680028568,0.011923249173574568
2005-09-14,6.22587,1.8287131916215316,0.00764252361867479
2005-09-15,6.22029,1.827816529458445,-0.0008966621630865923
2005-09-16,6.28889,1.8387845845513475,0.010968055092902551
2005-09-19,6.26394,1.834809380098566,-0.003975204452781433
2005-09-20,6.23031,1.829426090790947,-0.00538328930761911
2005-09-21,6.04454,1.7991553852242488,-0.030270705566698197
2005-09-22,5.93701,1.7812056396394864,-0.017949745584762367
2005-09-23,5.9662,1.7861102088293561,0.004904569189869701
2005-09-26,6.12499,1.8123771237763968,0.026266914947040698
2005-09-27,6.10524,1.8091474188292822,-0.003229704947114609
2005-09-28,6.13732,1.8143881647883273,0.005240745959045112
2005-09-29,6.16161,1.8183381070322668,0.003949942243939519
2005-09-30,6.13732,1.8143881647883273,-0.003949942243939519
2005-10-03,6.22029,1.827816529458445,0.013428364670117654
2005-10-04,6.10919,1.809794194837282,-0.018022334621162983
2005-10-05,6.05967,1.801655343152927,-0.00813885168435502
2005-10-06,6.0533,1.8006035778819467,-0.001051765270980276
2005-10-07,6.12499,1.8123771237763968,0.011773545894450121
2005-10-10,6.04454,1.7991553852242488,-0.013221738552148032
2005-10-11,6.13019,1.8132257445738176,0.014070359349568795
2005-10-12,6.05648,1.8011287732320016,-0.012096971341815976
2005-10-13,5.99472,1.7908790818007476,-0.010249691431253982
2005-10-14,6.07527,1.8042264326834314,0.013347350882683795
2005-10-17,6.09175,1.8069353967647246,0.002708964081293175
2005-10-18,6.03499,1.7975741975472934,-0.009361199217431171
2005-10-19,6.06775,1.8029878609012318,0.005413663353938336
2005-10-20,6.01573,1.794377705321238,-0.008610155579993783
2005-10-21,6.09175,1.8069353967647246,0.012557691443486618
2005-10-24,6.15371,1.8170551519675835,0.010119755202858904
2005-10-25,6.19784,1.8242008442533884,0.007145692285804861
2005-10-26,6.34121,1.847069601974275,0.02286875772088659
2005-10-27,6.1168,1.8110390839600112,-0.03603051801426371
2005-10-28,6.21509,1.8269802059519515,0.01594112199194031
2005-10-31,6.30402,1.841187525139378,0.014207319187426348
2005-11-01,6.30055,1.8406369311742268,-0.0005505939651511138
2005-11-02,6.25864,1.8339629091131207,-0.006674022061106122
2005-11-03,6.31211,1.842470010514663,0.008507101401542316
2005-11-04,6.29476,1.8397175412730895,-0.002752469241573463
2005-11-07,6.20901,1.8260014629467671,-0.013716078326322378
2005-11-08,6.20708,1.825690576022535,-0.00031088692423208997
2005-11-09,6.28639,1.838386979085237,0.012696403062701922
2005-11-10,6.27309,1.8362690562139816,-0.00211792287125534
2005-11-11,6.25161,1.832839030575127,-0.003430025638854639
2005-11-14,6.32714,1.8448483173104886,0.012009286735361613
2005-11-15,6.25671,1.8336544878519814,-0.01119382945850722
2005-11-16,6.18184,1.8216159617832726,-0.01203852606870881
2005-11-17,6.21509,1.8269802059519515,0.005364244168678978
2005-11-18,6.2279,1.829039197323898,0.002058991371946428
2005-11-21,6.24226,1.8313422962973571,0.00230309897345915
2005-11-22,6.23628,1.8303838507648225,-0.0009584455325346575
2005-11-23,6.23252,1.8297807453955857,-0.0006031053692368005
2005-11-25,6.23628,1.8303838507648225,0.0006031053692368005
2005-11-28,6.17278,1.8201493037032879,-0.010234547061534593
2005-11-29,6.22587,1.8287131916215316,0.008563887918243696
2005-11-30,6.10023,1.8083264753864858,-0.020386716235045732
2005-12-01,6.10351,1.8088640155305693,0.0005375401440834704
2005-12-02,6.10023,1.8083264753864858,-0.0005375401440834704
2005-12-05,6.09879,1.808090390847451,-0.00023608453903478654
2005-12-06,6.06535,1.8025922488925443,-0.005498141954906721
2005-12-07,6.01255,1.7938489514056177,-0.008743297486926593
2005-12-08,5.98654,1.7895136158529314,-0.004335335552686281
2005-12-09,6.01794,1.794745008068421,0.0052313922154896275
2005-12-12,5.9637,1.7856910938264483,-0.009053914241972771
2005-12-13,5.90126,1.7751658874331617,-0.01052520639328658
2005-12-14,6.0533,1.8006035778819467,0.025437690448784966
2005-12-15,6.08925,1.8065249214285284,0.005921343546581692
2005-12-16,5.95445,1.7841388391799942,-0.022386082248534223
2005-12-19,5.96196,1.7853992860753727,0.0012604468953785197
2005-12-20,5.84432,1.765470249405085,-0.01992903667028778
2005-12-21,5.84749,1.7660125093421994,0.000542259937114542
2005-12-22,5.89846,1.7746912998916684,0.008678790549468962
2005-12-23,5.8316,1.7632914052485298,-0.01139989464313862
2005-12-27,5.7204,1.7440387330166431,-0.019252672231886647
2005-12-28,5.76675,1.7521086635982628,0.008069930581619644
2005-12-29,5.7442,1.748190650081262,-0.003918013517000718
2005-12-30,5.85173,1.7667373440210303,0.018546693939768266
2006-01-03,6.0271,1.796265966365916,0.029528622344885624
2006-01-04,6.08404,1.805668948997393,0.009402982631476986
2006-01-05,6.05648,1.8011287732320016,-0.004540175765391341
2006-01-06,6.09175,1.8069353967647246,0.005806623532722988
2006-01-09,6.16826,1.8194167884206032,0.012481391655878582
2006-01-10,6.17529,1.8205558449740404,0.0011390565534372676
2006-01-11,6.16614,1.8190730343635149,-0.0014828106105255756
2006-01-12,6.16161,1.8183381070322668,-0.0007349273312480253
2006-01-13,6.18705,1.822458397977325,0.004120290945058169
2006-01-17,6.22587,1.8287131916215316,0.006254793644206558
2006-01-18,6.18184,1.8216159617832726,-0.0070972298382590004
2006-01-19,6.2279,1.829039197323898,0.007423235540625406
2006-01-20,6.23436,1.8300759275122596,0.0010367301883615898
2006-01-23,6.26856,1.8355466631959978,0.005470735683738237
2006-01-24,6.32512,1.8445290067656273,0.008982343569629458
2006-01-25,6.29476,1.8397175412730895,-0.004811465492537748
2006-01-26,6.2173,1.827335728908242,-0.012381812364847589
2006-01-27,6.16614,1.8190730343635149,-0.008262694544727056
2006-01-30,6.15371,1.8170551519675835,-0.0020178823959313696
2006-01-31,6.15871,1.8178673400305077,0.0008121880629241574
2006-02-01,6.13732,1.8143881647883273,-0.0034791752421803324
2006-02-02,6.09685,1.8077722443596302,-0.006615920428697075
2006-02-03,6.10023,1.8083264753864858,0.0005542310268555894
2006-02-06,6.15053,1.8165382569670303,0.008211781580544475
2006-02-07,6.02508,1.7959307572968655,-0.02060749967016484
2006-02-08,6.04193,1.7987234973296742,0.002792740032808716
2006-02-09,6.02286,1.7955622295609828,-0.0031612677686914115
2006-02-10,6.0271,1.796265966365916,0.000703736804933186
2006-02-13,5.97121,1.7869495869346825,-0.009316379431233424
2006-02-14,5.95696,1.7845602838346826,-0.002389303099999962
2006-02-15,6.03817,1.79810098590652,0.01354070207183744
2006-02-16,6.09879,1.808090390847451,0.009989404940931035
2006-02-17,6.09685,1.8077722443596302,-0.0003181464878208029
2006-02-21,6.08096,1.8051625782508558,-0.0026096661087744444
2006-02-22,6.09879,1.808090390847451,0.0029278125965952473
2006-02-23,6.10351,1.8088640155305693,0.0007736246831182569
2006-02-24,6.08925,1.8065249214285284,-0.0023390941020409173
2006-02-27,6.04193,1.7987234973296742,-0.007801424098854204
2006-02-28,5.91764,1.777937720765769,-0.020785776563905234
2006-03-01,5.82475,1.7621160800758053,-0.015821640689963612
2006-03-02,5.82475,1.7621160800758053,0.0
2006-03-03,5.88527,1.7724526190141052,0.010336538938299888
2006-03-06,5.83708,1.7642306717984535,-0.008221947215651726
2006-03-07,5.87871,1.7713373500864196,0.007106678287966073
2006-03-08,5.88093,1.7717149126693512,0.00037756258293164535
2006-03-09,5.86012,1.7681700811949534,-0.0035448314743977694
2006-03-10,5.88527,1.7724526190141052,0.004282537819151777
2006-03-13,5.94625,1.7827607687643543,0.010308149750249074
2006-03-14,5.94625,1.7827607687643543,0.0
2006-03-15,5.92516,1.7792076908759968,-0.0035530778883574587
2006-03-16,5.98654,1.7895136158529314,0.01030592497693461
2006-03-17,5.98972,1.7900446664605059,0.0005310506075744126
2006-03-20,5.93961,1.7816434746534104,-0.00840119180709542
2006-03-21,5.91764,1.777937720765769,-0.003705753887641494
2006-03-22,5.95127,1.7836046421594658,0.005666921393696844
2006-03-23,5.95946,1.7849798729456199,0.0013752307861540913
2006-03-24,6.00031,1.7918111345600454,0.006831261614425488
2006-03-27,5.95946,1.7849798729456199,-0.006831261614425488
2006-03-28,5.95445,1.7841388391799942,-0.0008410337656257205
2006-03-29,6.00311,1.7922776682730683,0.008138829093074174
2006-03-30,6.03191,1.7970637101699412,0.004786041896872817
2006-03-31,6.01794,1.794745008068421,-0.002318702101520076
2006-04-03,5.95696,1.7845602838346826,-0.010184724233738507
2006-04-04,6.00783,1.7930636184556465,0.008503334620963976
2006-04-05,6.03817,1.79810098590652,0.0050373674508734645
2006-04-06,6.08096,1.8051625782508558,0.0070615923443357875
2006-04-07,6.07836,1.8047349227504452,-0.0004276555004105731
2006-04-10,6.03817,1.79810098590652,-0.006633936843925214
2006-04-11,6.01573,1.794377705321238,-0.0037232805852820405
2006-04-12,6.00311,1.7922776682730683,-0.002100037048169634
2006-04-13,5.97911,1.7882717274549036,-0.004005940818164744
2006-04-17,6.04001,1.798405667574492,0.010133940119588347
2006-04-18,6.10351,1.8088640155305693,0.010458347956077363
2006-04-19,6.10919,1.809794194837282,0.0009301793067126862
2006-04-20,6.10919,1.809794194837282,0.0
2006-04-21,6.14302,1.815316477914729,0.0055222830774470655
2006-04-24,6.16826,1.8194167884206032,0.004100310505874116
2006-04-25,6.10023,1.8083264753864858,-0.011090313034117338
2006-04-26,6.05138,1.8002863452056426,-0.008040130180843263
2006-04-27,6.04193,1.7987234973296742,-0.0015628478759683873
2006-04-28,6.02951,1.7966657470724494,-0.0020577502572247663
2006-05-01,6.05648,1.8011287732320016,0.004463026159552186
2006-05-02,6.06343,1.8022756465605643,0.0011468733285626698
2006-05-03,6.09879,1.808090390847451,0.005814744286886775
2006-05-04,6.09879,1.808090390847451,0.0
2006-05-05,6.22029,1.827816529458445,0.019726138610993926
2006-05-08,6.15053,1.8165382569670303,-0.011278272491414665
2006-05-09,6.11969,1.8115114416465268,-0.00502681532050353
2006-05-10,6.19283,1.82339217123199,0.011880729585463268
2006-05-11,6.15371,1.8170551519675835,-0.0063370192644065515
2006-05-12,6.09175,1.8069353967647246,-0.010119755202858904
2006-05-15,6.01794,1.794745008068421,-0.012190388696303511
2006-05-16,6.04193,1.7987234973296742,0.003978489261253104
2006-05-17,5.9347,1.7808164791850694,-0.017907018144604825
2006-05-18,5.97121,1.7869495869346825,0.006133107749613176
2006-05-19,5.9768,1.7878853076794543,0.000935720744771773
2006-05-22,6.00031,1.7918111345600454,0.003925826880591066
2006-05-23,6.01996,1.7950806147803824,0.0032694802203370177
2006-05-24,5.98239,1.7888201536693766,-0.006260461111005755
2006-05-25,5.98788,1.7897374262764165,0.0009172726070398873
2006-05-26,6.02951,1.7966657470724494,0.006928320796032894
2006-05-30,6.1168,1.8110390839600112,0.014373336887561816
2006-05-31,6.14302,1.815316477914729,0.004277393954717823
2006-06-01,6.09685,1.8077722443596302,-0.0075442335550988116
2006-06-02,6.09175,1.8069353967647246,-0.0008368475949056542
2006-06-05,6.0533,1.8006035778819467,-0.006331818882777895
2006-06-06,6.00985,1.7933997898329879,-0.007203788048958826
2006-06-07,6.00311,1.7922776682730683,-0.0011221215599195311
2006-06-08,5.99212,1.7904452727166562,-0.0018323955564121253
2006-06-09,6.01255,1.7938489514056177,0.00340367868896152
2006-06-12,5.96196,1.7853992860753727,-0.008449665330245049
2006-06-13,5.82899,1.7628437435018107,-0.02255554257356196
2006-06-14,5.88999,1.773254299869185,0.010410556367374202
2006-06-15,5.9742,1.7874501976399566,0.014195897770771682
2006-06-16,6.03191,1.7970637101699412,0.009613512529984547
2006-06-19,5.96871,1.786530823653767,-0.010532886516174234
2006-06-20,5.99212,1.7904452727166562,0.003914449062889291
2006-06-21,6.00551,1.7926773811513097,0.0022321084346534903
2006-06-22,6.04193,1.7987234973296742,0.00604611617836448
2006-06-23,6.06775,1.8029878609012318,0.004264363571557572
2006-06-26,6.06775,1.8029878609012318,0.0
2006-06-27,6.08404,1.805668948997393,0.0026810880961611883
2006-06-28,6.06343,1.8022756465605643,-0.0033933024368286713
2006-06-29,6.08096,1.8051625782508558,0.0028869316902915276
2006-06-30,6.06775,1.8029878609012318,-0.0021747173496240446
2006-07-03,6.11074,1.8100478787795486,0.007060017878316893
2006-07-05,6.12249,1.8119688765231297,0.00192099774358101
2006-07-06,6.14542,1.8157070889329732,0.003738212409843511
2006-07-07,6.15871,1.8178673400305077,0.0021602510975344824
2006-07-10,6.15871,1.8178673400305077,0.0
2006-07-11,6.2173,1.827335728908242,0.009468388877734268
2006-07-12,6.19023,1.8229722427105732,-0.004363486197668687
2006-07-13,6.22327,1.828295492079587,0.005323249369013849
2006-07-14,6.2279,1.829039197323898,0.0007437052443108882
2006-07-17,6.27839,1.8371135781850965,0.008074380861198494
2006-07-18,6.28889,1.8387845845513475,0.00167100636625106
2006-07-19,6.34959,1.8483902438909325,0.009605659339585015
2006-07-20,6.38293,1.853627239583675,0.0052369956927424965
2006-07-21,6.38832,1.8544713230242187,0.0008440834405436526
2006-07-24,6.39054,1.854818771861178,0.0003474488369592521
2006-07-25,6.50819,1.8730613837677539,0.018242611906575945
2006-07-26,6.58373,1.884601454028429,0.011540070260675162
2006-07-27,6.4709,1.8673152023936754,-0.017286251634753613
2006-07-28,6.46415,1.8662715263950966,-0.001043675998578797
2006-07-31,6.50058,1.8718914036899938,0.005619877294897213
2006-08-01,6.56706,1.8820662437591482,0.010174840069154367
2006-08-02,6.48834,1.8700067198790113,-0.012059523880136869
2006-08-03,6.52495,1.8756332903441484,0.005626570465137037
2006-08-04,6.53025,1.8764452273946977,0.0008119370505492718
2006-08-07,6.56032,1.8810393822540732,0.004594154859375532
2006-08-08,6.52785,1.8760776394566325,-0.00496174279744066
2006-08-09,6.4709,1.8673152023936754,-0.008762437062957096
2006-08-10,6.41058,1.8579497504585278,-0.009365451935147595
2006-08-11,6.41222,1.8582055448262074,0.00025579436767952934
2006-08-14,6.39835,1.8560401446262704,-0.00216540019993694
2006-08-15,6.43959,1.8624648734933125,0.00642472886704204
2006-08-16,6.46415,1.8662715263950966,0.003806652901784169
2006-08-17,6.4735,1.867716920516565,0.0014453941214682686
2006-08-18,6.54866,1.8792604485651148,0.011543528048549856
2006-08-21,6.56032,1.8810393822540732,0.0017789336889584284
2006-08-22,6.56918,1.8823890149658873,0.0013496327118140972
2006-08-23,6.51609,1.874274502799108,-0.008114512166779386
2006-08-24,6.52785,1.8760776394566325,0.0018031366575246288
2006-08-25,6.54866,1.8792604485651148,0.003182809108482232
2006-08-28,6.50395,1.872409684639084,-0.0068507639260306785
2006-08-29,6.48179,1.8689967067863409,-0.003412977852743193
2006-08-30,6.45106,1.8642444583904356,-0.0047522483959052675
2006-08-31,6.52495,1.8756332903441484,0.011388831953712764
2006-09-01,6.53864,1.8777291927739492,0.0020959024298008444
2006-09-05,6.50819,1.8730613837677539,-0.004667809006195345
2006-09-06,6.29352,1.8395205326263149,-0.03354085114143901
2006-09-07,6.28889,1.8387845845513475,-0.0007359480749673519
2006-09-08,6.39835,1.8560401446262704,0.017255560074922904
2006-09-11,6.41618,1.858822925033526,0.0027827804072555473
2006-09-12,6.42706,1.8605172019609453,0.0016942769274193026
2006-09-13,6.48179,1.8689967067863409,0.008479504825395612
2006-09-14,6.50819,1.8730613837677539,0.004064676981412996
2006-09-15,6.53864,1.8777291927739492,0.004667809006195345
2006-09-18,6.50395,1.872409684639084,-0.005319508134865147
2006-09-19,6.4735,1.867716920516565,-0.004692764122519177
2006-09-20,6.38293,1.853627239583675,-0.01408968093288987
2006-09-21,6.41444,1.8585516988557316,0.004924459272056536
2006-09-22,6.39575,1.855633707278463,-0.002917991577268575
2006-09-25,6.37831,1.8529031719849394,-0.0027305352935236282
2006-09-26,6.4208,1.8595427205305153,0.006639548545575913
2006-09-27,6.46936,1.8670771855366308,0.007534465006115543
2006-09-28,6.52495,1.8756332903441484,0.008556104807517562
2006-09-29,6.51908,1.8747332616879355,-0.000900028656212859
2006-10-02,6.49249,1.8706461243148433,-0.004087137373092187
2006-10-03,6.4208,1.8595427205305153,-0.011103403784328059
2006-10-04,6.43959,1.8624648734933125,0.0029221529627971865
2006-10-05,6.50607,1.8727355872923874,0.01027071379907496
2006-10-06,6.48516,1.8695164897847907,-0.0032190975075967465
2006-10-09,6.48516,1.8695164897847907,0.0
2006-10-10,6.50058,1.8718914036899938,0.0023749139052031687
2006-10-11,6.48516,1.8695164897847907,-0.0023749139052031687
2006-10-12,6.56032,1.8810393822540732,0.011522892469282509
2006-10-13,6.70032,1.9021552864504208,0.021115904196347568
2006-10-16,6.7299,1.9065602847052323,0.004404998254811554
2006-10-17,6.78482,1.9146877638266022,0.008127479121369907
2006-10-18,6.74165,1.9083047020855035,-0.006383061741098706
2006-10-19,6.80611,1.9178207381579218,0.009516036072418244
2006-10-20,6.80409,1.9175239019593602,-0.0002968361985615786
2006-10-23,6.83599,1.9222013024085063,0.004677400449146107
2006-10-24,6.83599,1.9222013024085063,0.0
2006-10-25,6.87328,1.9276414304337615,0.005440128025255175
2006-10-26,6.85969,1.9256622512123442,-0.0019791792214172155
2006-10-27,6.71237,1.9039520927945568,-0.02171015841778745
2006-10-30,6.64559,1.8939534767865667,-0.009998616007990124
2006-10-31,6.69752,1.9017373086210445,0.007783831834477839
2006-11-01,6.68992,1.9006019159221506,-0.0011353926988939556
2006-11-02,6.70032,1.9021552864504208,0.0015533705282702037
2006-11-03,6.75226,1.909877263661281,0.00772197721086032
2006-11-06,6.74657,1.9090342275852663,-0.0008430360760147693
2006-11-07,6.71439,1.90425298444902,-0.004781243136246394
2006-11-08,6.77779,1.9136510901141546,0.00939810566513466
2006-11-09,6.83185,1.9215955007417302,0.007944410627575671
2006-11-10,6.82394,1.9204370176536547,-0.0011584830880755348
2006-11-13,6.85169,1.924495337173379,0.0040583195197243516
2006-11-14,6.88907,1.9299360976858684,0.005440760512489318
2006-11-15,6.86403,1.9262947328054805,-0.0036413648803879095
2006-11-16,6.87694,1.9281737855650158,0.0018790527595353712
2006-11-17,6.89273,1.9304672329637047,0.0022934473986888637
2006-11-20,6.88705,1.9296428365913836,-0.0008243963723211234
2006-11-21,6.89273,1.9304672329637047,0.0008243963723211234
2006-11-22,6.88551,1.9294192035113436,-0.0010480294523611544
2006-11-24,6.93918,1.9371836119181916,0.007764408406848
2006-11-27,6.87694,1.9281737855650158,-0.00900982635317571
2006-11-28,6.89775,1.9311952714687797,0.003021485903763832
2006-11-29,6.92964,1.935807863800517,0.004612592331737275
2006-11-30,6.89273,1.9304672329637047,-0.0053406308368122435
2006-12-01,6.936,1.9367252394782408,0.0062580065145361186
2006-12-04,6.98013,1.9430675412426783,0.006342301764437508
2006-12-05,7.01251,1.9476956968727532,0.004628155630074904
2006-12-06,7.09152,1.9588997040263456,0.011204007153592377
2006-12-07,7.07119,1.956028782576476,-0.002870921449869668
2006-12-08,7.04401,1.9521776102808794,-0.0038511722955965055
2006-12-11,7.09749,1.9597412004171844,0.007563590136304921
2006-12-12,7.15636,1.968001471815417,0.00826027139823271
2006-12-13,7.22525,1.9775818354759824,0.00958036366056536
2006-12-14,7.2637,1.9828893408866706,0.00530750541068814
2006-12-15,7.22525,1.9775818354759824,-0.00530750541068814
2006-12-18,7.1712,1.9700730046244708,-0.007508830851511661
2006-12-19,7.09152,1.9588997040263456,-0.011173300598125158
2006-12-20,7.09152,1.9588997040263456,0.0
2006-12-21,6.98263,1.9434256366373877,-0.015474067388957957
2006-12-22,7.01539,1.9481063071623141,0.004680670524926489
2006-12-26,7.0206,1.9488486844708302,0.0007423773085160068
2006-12-27,7.03158,1.9504114316366925,0.0015627471658623548
2006-12-28,7.06164,1.9546773191464972,0.004265887509804722
2006-12-29,7.063,1.9548698904267852,0.00019257128028793424
2007-01-03,7.06164,1.9546773191464972,-0.00019257128028793424
2007-01-04,7.0206,1.9488486844708302,-0.005828634675667077
2007-01-05,6.94843,1.9385157347770394,-0.010332949693790727
2007-01-08,7.03158,1.9504114316366925,0.011895696859653082
2007-01-09,6.96578,1.941009589475522,-0.00940184216117057
2007-01-10,6.9571,1.939762720849986,-0.001246868625536024
2007-01-11,6.936,1.9367252394782408,-0.0030374813717450877
2007-01-12,6.94843,1.9385157347770394,0.0017904952987986
2007-01-16,7.02127,1.9489441133560867,0.010428378579047326
2007-01-17,7.1185,1.9626970290716634,0.013752915715576686
2007-01-18,7.07119,1.956028782576476,-0.006668246495187491
2007-01-19,7.09913,1.9599722413279497,0.003943458751473727
2007-01-22,7.21745,1.9765017049244453,0.016529463596495653
2007-01-23,7.2637,1.9828893408866706,0.0063876359622252465
2007-01-24,7.16599,1.9693462234031391,-0.01354311748353143
2007-01-25,7.09152,1.9588997040263456,-0.010446519376793528
2007-01-26,7.12428,1.963508668416974,0.004608964390628412
2007-01-29,7.05644,1.9539406750369377,-0.009567993380036333
2007-01-30,7.15858,1.9683116372813982,0.01437096224446055
2007-01-31,7.20694,1.9750444506682985,0.006732813386900238
2007-02-01,7.21022,1.9754994640074843,0.0004550133391858502
2007-02-02,7.27131,1.983936467884911,0.00843700387742663
2007-02-05,7.32999,1.9919741516411493,0.008037683756238367
2007-02-06,7.36458,1.9966820218119439,0.004707870170794548
2007-02-07,7.36217,1.9963547262414325,-0.0003272955705113656
2007-02-08,7.35379,1.995215826583401,-0.0011388996580314892
2007-02-09,7.35379,1.995215826583401,0.0
2007-02-12,7.29039,1.9865570425319898,-0.008658784051411184
2007-02-13,7.29627,1.987363258666251,0.0008062161342612395
2007-02-14,7.29925,1.9877716031502308,0.0004083444839797501
2007-02-15,7.31168,1.9894730695180425,0.0017014663678116548
2007-02-16,7.31168,1.9894730695180425,0.0
2007-02-20,7.28181,1.985379457679806,-0.004093611838236422
2007-02-21,7.31322,1.9896836692494173,0.004304211569611249
2007-02-22,7.3455,1.9940878808283446,0.004404211578927342
2007-02-23,7.39214,2.0004172735539743,0.006329392725629601
2007-02-26,7.4563,2.009059312625344,0.008642039071369734
2007-02-27,7.35157,1.994913895856528,-0.014145416768815977
2007-02-28,7.43665,2.0064204786263526,0.011506582769824636
2007-03-01,7.48646,2.0130960556307187,0.006675577004366051
2007-03-02,7.46931,2.0108026254004914,-0.0022934302302273224
2007-03-05,7.35755,1.995726996889012,-0.015075628511479477
2007-03-06,7.41363,2.0033201978991855,0.007593201010173578
2007-03-07,7.41227,2.003136735174654,-0.00018346272453140244
2007-03-08,7.42884,2.0053697227187333,0.00223298754407919
2007-03-09,7.48646,2.0130960556307187,0.007726332911985434
2007-03-12,7.51942,2.017489007327683,0.00439295169696452
2007-03-13,7.51692,2.0171564795951316,-0.00033252773255165735
2007-03-14,7.53425,2.019459291623477,0.002302812028345258
2007-03-15,7.65104,2.03484158631081,0.015382294687332987
2007-03-16,7.64314,2.033808513507613,-0.0010330728031968661
2007-03-19,7.67022,2.037345298149036,0.00353678464142293
2007-03-20,7.71078,2.0426193497733456,0.005274051624309717
2007-03-21,7.72031,2.043854518670891,0.001235168897545602
2007-03-22,7.85222,2.0607962943609848,0.016941775690093586
2007-03-23,7.9451,2.0725553864418798,0.011759092080894984
2007-03-26,7.68919,2.0398154463703104,-0.03273994007156933
2007-03-27,7.7312,2.0452640898782493,0.005448643507938833
2007-03-28,7.78304,2.051947007370443,0.006682917492193852
2007-03-29,7.78468,2.0521576997526374,0.00021069238219428854
2007-03-30,7.74883,2.0475418642265435,-0.004615835526093903
2007-04-02,7.73689,2.0459997980693254,-0.0015420661572180805
2007-04-03,7.77813,2.0513159494020585,0.00531615133273311
2007-04-04,7.81898,2.056554111267255,0.0052381618651966555
2007-04-05,7.81802,2.0564313255665185,-0.00012278570073664952
2007-04-09,7.8213,2.0568507811500214,0.00041945558350287016
2007-04-10,7.81166,2.0556174892818304,-0.0012332918681909888
2007-04-11,7.86533,2.0624644936719854,0.006847004390154954
2007-04-12,7.9134,2.068557525077757,0.006093031405771665
2007-04-13,7.77813,2.0513159494020585,-0.017241575675698506
2007-04-16,7.81898,2.056554111267255,0.0052381618651966555
2007-04-17,7.85714,2.061422672540728,0.004868561273472682
2007-04-18,7.98924,2.078095636355471,0.016672963814742925
2007-04-19,7.98095,2.0770574519951595,-0.0010381843603113339
2007-04-20,8.02103,2.082066842559815,0.005009390564655547
2007-04-23,8.02932,2.083099841932063,0.001032999372247989
2007-04-24,8.01602,2.081442039349376,-0.0016578025826867737
2007-04-25,8.07769,2.089105940569247,0.007663901219870706
2007-04-26,7.9451,2.0725553864418798,-0.016550554127367167
2007-04-27,7.9451,2.0725553864418798,0.0
2007-04-30,7.90849,2.0679368659583197,-0.00461852048356004
2007-05-01,7.86042,2.0618400401280144,-0.006096825830305352
2007-05-02,7.85472,2.061114624986952,-0.000725415141062502
2007-05-03,7.84741,2.0601835410476266,-0.0009310839393252834
2007-05-04,7.76512,2.0496419104413164,-0.010541630606310193
2007-05-07,7.792,2.053097566340234,0.003455655898917609
2007-05-08,7.83999,2.059237558851299,0.006139992511065007
2007-05-09,8.01342,2.081117636248232,0.021880077396933206
2007-05-10,8.00842,2.0804934881900423,-0.0006241480581898884
2007-05-11,8.01342,2.081117636248232,0.0006241480581898884
2007-05-14,7.98924,2.078095636355471,-0.0030219998927614178
2007-05-15,7.89385,2.0660839752866207,-0.012011661068850099
2007-05-16,7.86533,2.0624644936719854,-0.0036194816146353226
2007-05-17,7.87515,2.063712232149341,0.0012477384773554867
2007-05-18,7.80897,2.0552730729520676,-0.008439159197273227
2007-05-21,7.86042,2.0618400401280144,0.006566967175946736
2007-05-22,7.82544,2.057379964877317,-0.004460075250697582
2007-05-23,7.75134,2.047865731645022,-0.009514233232294611
2007-05-24,7.43424,2.0060963554540208,-0.041769376191001406
2007-05-25,7.54948,2.0214786867168133,0.015382331262792537
2007-05-29,7.5463,2.0210573769140687,-0.00042130980274457386
2007-05-30,7.55767,2.0225629416295337,0.0015055647154649243
2007-05-31,7.63206,2.032357795750303,0.009794854120769525
2007-06-01,7.60421,2.0287020412885006,-0.0036557544618025517
2007-06-04,7.72349,2.044266334421541,0.015564293133040419
2007-06-05,7.78468,2.0521576997526374,0.007891365331096356
2007-06-06,7.70586,2.0419810783773693,-0.010176621375268091
2007-06-07,7.53425,2.019459291623477,-0.022521786753892492
2007-06-08,7.4671,2.0105067042231632,-0.008952587400313572
2007-06-11,7.50525,2.015602775656538,0.00509607143337476
2007-06-12,7.39975,2.0014462158556556,-0.014156559800882373
2007-06-13,7.50921,2.016130267166965,0.014684051311309343
2007-06-14,7.56066,2.0229584879681815,0.006828220801216478
2007-06-15,7.56383,2.023377675662632,0.00041918769445059567
2007-06-18,7.53107,2.0190371299903713,-0.0043405456722607205
2007-06-19,7.65431,2.0352688878817973,0.016231757891425946
2007-06-20,7.63206,2.032357795750303,-0.0029110921314940974
2007-06-21,7.71627,2.0433310866552192,0.010973290904916055
2007-06-22,7.57742,2.025172772322331,-0.01815831433288828
2007-06-25,7.5702,2.0242194871796135,-0.0009532851427174194
2007-06-26,7.58368,2.025998569969698,0.0017790827900845407
2007-06-27,7.67898,2.0384867258392196,0.012488155869521567
2007-06-28,7.69642,2.040755285678883,0.002268559839663453
2007-06-29,7.75134,2.047865731645022,0.007110445966139078
2007-07-02,7.79778,2.0538390778002853,0.005973346155263126
2007-07-03,7.81898,2.056554111267255,0.002715033466969885
2007-07-05,7.78718,2.052478791776516,-0.004075319490739027
2007-07-06,7.76917,2.0501633375669543,-0.002315454209561807
2007-07-09,7.8213,2.0568507811500214,0.006687443583067054
2007-07-10,7.93499,2.071282093738133,0.014431312588111478
2007-07-11,8.0352,2.083831889981129,0.012549796242995903
2007-07-12,8.0352,2.083831889981129,0.0
2007-07-13,8.12365,2.0947795605645676,0.010947670583438818
2007-07-16,8.08685,2.0902392856542886,-0.004540274910278974
2007-07-17,8.00668,2.0802761932612754,-0.009963092393013184
2007-07-18,8.07596,2.0888917474913216,0.008615554230046119
2007-07-19,8.09937,2.091786280875767,0.0028945333844454524
2007-07-20,8.12365,2.0947795605645676,0.0029932796888005875
2007-07-23,8.02932,2.083099841932063,-0.01167971863250461
2007-07-24,7.9718,2.0759103142285182,-0.007189527703544751
2007-07-25,7.94,2.0719132752590443,-0.003997038969473898
2007-07-26,7.792,2.053097566340234,-0.018815708918810348
2007-07-27,7.63524,2.032774372361228,-0.02032319397900606
2007-07-30,7.55574,2.022307539306631,-0.010466833054596947
2007-07-31,7.57974,2.025478898274438,0.0031713589678070697
2007-08-01,7.44359,2.007353259348061,-0.018125638926377086
2007-08-02,7.34685,1.9942716499331916,-0.013081609414869355
2007-08-03,7.09152,1.9588997040263456,-0.035371945906846
2007-08-06,6.82394,1.9204370176536547,-0.0384626863726909
2007-08-07,7.20319,1.9745239834574333,0.054086965803778586
2007-08-08,7.37826,1.9985378384559858,0.024013854998552464
2007-08-09,7.10443,1.9607185331373254,-0.0378193053186604
2007-08-10,7.23344,1.9787147183133538,0.017996185176028412
2007-08-13,7.28413,1.9856980090427279,0.006983290729374092
2007-08-14,7.24096,1.9797537942925445,-0.005944214750183363
2007-08-15,7.11974,1.9628712079031954,-0.01688258638934914
2007-08-16,7.03158,1.9504114316366925,-0.012459776266502853
2007-08-17,7.05288,1.9534360440447216,0.0030246124080290926
2007-08-20,7.1185,1.9626970290716634,0.009260985026941837
2007-08-21,7.063,1.9548698904267852,-0.007827138644878273
2007-08-22,7.38279,1.999151615950434,0.04428172552364873
2007-08-23,7.28413,1.9856980090427279,-0.013453606907706028
2007-08-24,7.37826,1.9985378384559858,0.012839829413257897
2007-08-27,7.3191,1.9904873695944765,-0.008050468861509286
2007-08-28,7.17708,1.9708926151044954,-0.019594754489981048
2007-08-29,7.18402,1.9718591149603886,0.0009664998558931437
2007-08-30,7.17505,1.970609730262519,-0.0012493846978696155
2007-08-31,7.19182,1.972944269047442,0.002334538784922957
2007-09-04,7.33616,1.9928155449671414,0.019871275919699505
2007-09-05,7.36217,1.9963547262414325,0.003539181274291092
2007-09-06,7.34222,1.993641249213019,-0.0027134770284134024
2007-09-07,7.28413,1.9856980090427279,-0.007943240170291244
2007-09-10,7.18816,1.9724352279946682,-0.013262781048059669
2007-09-11,7.20117,1.9742435128203148,0.0018082848256466555
2007-09-12,7.22294,1.9772620722364787,0.003018559416163802
2007-09-13,7.28653,1.9860274381861853,0.008765365949706672
2007-09-14,7.47866,2.012053631553087,0.026026193366901706
2007-09-17,7.49437,2.014152071984296,0.002098440431208992
2007-09-18,7.63206,2.032357795750303,0.018205723766007154
2007-09-19,7.7312,2.0452640898782493,0.012906294127946083
2007-09-20,7.72658,2.0446663326145846,-0.0005977572636646222
2007-09-21,7.792,2.053097566340234,0.008431233725649356
2007-09-24,7.68534,2.039314618041838,-0.013782948298396214
2007-09-25,7.5463,2.0210573769140687,-0.018257241127769053
2007-09-26,7.49813,2.014653656120208,-0.0064037207938607565
2007-09-27,7.38279,1.999151615950434,-0.015502040169774078
2007-09-28,7.3721,1.9977026045555102,-0.001449011394923705
2007-10-01,7.45842,2.0093435955370285,0.011640990981518273
2007-10-02,7.42884,2.0053697227187333,-0.003973872818295199
2007-10-03,7.40755,2.0024997503584285,-0.002869972360304729
2007-10-04,7.55574,2.022307539306631,0.019807788948202454
2007-10-05,7.73034,2.045152846108109,0.022845306801478227
2007-10-08,7.68919,2.0398154463703104,-0.005337399737798787
2007-10-09,7.73516,2.0457761690082497,0.005960722637939231
2007-10-10,7.81802,2.0564313255665185,0.010655156558268875
2007-10-11,7.73689,2.0459997980693254,-0.010431527497193116
2007-10-12,7.77572,2.0510060582793734,0.005006260210048019
2007-10-15,7.80665,2.0549759345717704,0.003969876292396979
2007-10-16,7.792,2.053097566340234,-0.0018783682315364203
2007-10-17,7.81474,2.056011693966196,0.002914127625961882
2007-10-18,7.76262,2.049319906077307,-0.0066917878888888005
2007-10-19,7.73034,2.045152846108109,-0.004167059969197862
2007-10-22,7.65749,2.035684253814701,-0.009468592293408129
2007-10-23,7.6995,2.0411553916863303,0.005471137871629228
2007-10-24,7.77158,2.0504734899108654,0.00931809822453511
2007-10-25,7.792,2.053097566340234,0.0026240764293685714
2007-10-26,7.8238,2.0571703700336053,0.004072803693371263
2007-10-29,7.81166,2.0556174892818304,-0.0015528807517748433
2007-10-30,7.74547,2.047108156340073,-0.008509332941757375
2007-10-31,7.79528,2.05351842232645,0.006410265986377173
2007-11-01,7.75462,2.048288794783186,-0.005229627543264392
2007-11-02,7.83112,2.05810553936484,0.00981674458165438
2007-11-05,7.75693,2.048586637360759,-0.00951890200408112
2007-11-06,7.77408,2.0507951230897143,0.0022084857289552673
2007-11-07,7.75134,2.047865731645022,-0.0029293914446921754
2007-11-08,7.77813,2.0513159494020585,0.0034502177570363557
2007-11-09,7.75462,2.048288794783186,-0.003027154618872707
2007-11-12,7.76262,2.049319906077307,0.0010311112941212563
2007-11-13,7.83353,2.0584132385498224,0.009093332472515314
2007-11-14,7.76917,2.0501633375669543,-0.008249900982868041
2007-11-15,7.77977,2.0515267747713017,0.0013634372043473952
2007-11-16,7.77977,2.0515267747713017,0.0
2007-11-19,7.78718,2.052478791776516,0.0009520170052144117
2007-11-20,7.75462,2.048288794783186,-0.004189996993330336
2007-11-21,7.76917,2.0501633375669543,0.0018745427837685291
2007-11-23,7.83999,2.059237558851299,0.009074221284344652
2007-11-26,7.73689,2.0459997980693254,-0.013237760781973584
2007-11-27,7.63061,2.032167789676089,-0.013832008393236617
2007-11-28,7.57742,2.025172772322331,-0.006995017353757849
2007-11-29,7.53715,2.0198441264809937,-0.005328645841337298
2007-11-30,7.61943,2.0307015637510535,0.010857437270059833
2007-12-03,7.69391,2.0404291068351217,0.009727543084068202
2007-12-04,7.61076,2.0295630354810137,-0.010866071354107998
2007-12-05,7.69642,2.040755285678883,0.011192250197869402
2007-12-06,7.65923,2.0359114565065943,-0.0048438291722887605
2007-12-07,7.62887,2.0319397347217207,-0.003971721784873594
2007-12-10,7.63206,2.032357795750303,0.0004180610285824393
2007-12-11,7.60672,2.0290320671347546,-0.0033257286155485843
2007-12-12,7.60836,2.0292476427355863,0.0002155756008317411
2007-12-13,7.52154,2.0177709042297476,-0.011476738505838746
2007-12-14,7.50921,2.016130267166965,-0.0016406370627826128
2007-12-17,7.47866,2.012053631553087,-0.004076635613877944
2007-12-18,7.40977,2.002799399689969,-0.009254231863117912
2007-12-19,7.40216,2.0017718495098658,-0.0010275501801033649
2007-12-20,7.29251,1.986847794030654,-0.014924055479211829
2007-12-21,7.38539,1.9995037243384497,0.01265593030779577
2007-12-24,7.56066,2.0229584879681815,0.023454763629731756
2007-12-26,7.65431,2.0352688878817973,0.012310399913615822
2007-12-27,7.69642,2.040755285678883,0.005486397797085818
2007-12-28,7.73516,2.0457761690082497,0.0050208833293665656
2007-12-31,7.77158,2.0504734899108654,0.004697320902615765
2008-01-02,7.78718,2.052478791776516,0.0020053018656507327
2008-01-03,7.91572,2.06885065571504,0.016371863938523745
2008-01-04,7.89048,2.0656569695092193,-0.0031936862058206117
2008-01-07,7.83757,2.058928837338612,-0.006728132170607193
2008-01-08,7.88392,2.0648252421055564,0.005896404766944308
2008-01-09,7.86764,2.0627581445232357,-0.0020670975823207094
2008-01-10,7.82939,2.0578846014762227,-0.00487354304701304
2008-01-11,7.76262,2.049319906077307,-0.008564695398915578
2008-01-14,7.72349,2.044266334421541,-0.0050535716557660315
2008-01-15,7.65431,2.0352688878817973,-0.00899744653974377
2008-01-16,7.65277,2.0350676738024043,-0.0002012140793929973
2008-01-17,7.57261,2.0245377900600365,-0.01052988374236774
2008-01-18,7.44503,2.0075466956778873,-0.016991094382149186
2008-01-22,7.35379,1.995215826583401,-0.01233086909448633
2008-01-23,7.31621,1.990092434326612,-0.005123392256789039
2008-01-24,7.3721,1.9977026045555102,0.007610170228898205
2008-01-25,7.31322,1.9896836692494173,-0.008018935306092878
2008-01-28,7.33914,1.9932216695493934,0.003538000299976085
2008-01-29,7.2795,1.9850621785312434,-0.008159491018149945
2008-01-30,7.50921,2.016130267166965,0.031068088635721525
2008-01-31,7.59487,2.0274730193772177,0.011342752210252716
2008-02-01,7.65277,2.0350676738024043,0.007594654425186587
2008-02-04,7.77158,2.0504734899108654,0.015405816108461146
2008-02-05,7.82544,2.057379964877317,0.006906474966451359
2008-02-06,7.68534,2.039314618041838,-0.018065346835479
2008-02-07,7.64006,2.033405456550733,-0.005909161491104875
2008-02-08,7.77572,2.0510060582793734,0.01760060172864053
2008-02-11,7.80337,2.0545556916703167,0.0035496333909432742
2008-02-12,7.72889,2.0449652559106344,-0.009590435759682325
2008-02-13,7.72889,2.0449652559106344,0.0
2008-02-14,7.6995,2.0411553916863303,-0.0038098642243040715
2008-02-15,7.61384,2.0299676438177867,-0.011187747868543596
2008-02-19,7.63524,2.032774372361228,0.002806728543441217
2008-02-20,7.66694,2.0369175787994296,0.004143206438201652
2008-02-21,7.44118,2.0070294384195466,-0.029888140379882966
2008-02-22,7.48646,2.0130960556307187,0.006066617211172076
2008-02-25,7.55353,2.0220150036625184,0.008918948031799712
2008-02-26,7.61702,2.0303852170928622,0.008370213430343831
2008-02-27,7.51942,2.017489007327683,-0.012896209765179023
2008-02-28,7.60035,2.0281942988634745,0.01070529153579125
2008-02-29,7.54948,2.0214786867168133,-0.006715612146661165
2008-03-03,7.53175,2.0191274185287007,-0.0023512681881125985
2008-03-04,7.51152,2.0164378421008347,-0.0026895764278660472
2008-03-05,7.586,2.0263044432667074,0.00986660116587279
2008-03-06,7.56383,2.023377675662632,-0.0029267676040753976
2008-03-07,7.45053,2.0082851708006686,-0.015092504861963452
2008-03-10,7.22747,1.977889044086882,-0.030396126713786664
2008-03-11,7.33914,1.9932216695493934,0.015332625462511462
2008-03-12,7.39975,2.0014462158556556,0.008224546306262237
2008-03-13,7.40755,2.0024997503584285,0.0010535345027729015
2008-03-14,7.31168,1.9894730695180425,-0.013026680840386051
2008-03-17,7.12745,1.9639535266976569,-0.0255195428203856
2008-03-18,7.18402,1.9718591149603886,0.007905588262731689
2008-03-19,6.88272,1.9290139226527017,-0.04284519230768691
2008-03-20,6.8754,1.9279498236783206,-0.0010640989743810891
2008-03-24,6.98755,1.9441299940906787,0.016180170412358086
2008-03-25,6.98755,1.9441299940906787,0.0
2008-03-26,7.06887,1.9557006368655216,0.011570642774842987
2008-03-27,7.00682,1.946883960461322,-0.008816676404199697
2008-03-28,7.08862,1.9584906812606422,0.011606720799320236
2008-03-31,7.2397,1.9795797690750225,0.021089087814380347
2008-04-01,7.32768,1.9916589582960782,0.012079189221055664
2008-04-02,7.35533,1.995425220484005,0.003766262187926861
2008-04-03,7.38539,1.9995037243384497,0.004078503854444637
2008-04-04,7.48261,2.0125816616055863,0.013077937267136575
2008-04-07,7.50921,2.016130267166965,0.0035486055613787038
2008-04-08,7.55353,2.0220150036625184,0.005884736495553433
2008-04-09,7.40755,2.0024997503584285,-0.019515253304089875
2008-04-10,7.36458,1.9966820218119439,-0.005817728546484657
2008-04-11,7.18816,1.9724352279946682,-0.02424679381727568
2008-04-14,7.20319,1.9745239834574333,0.0020887554627651017
2008-04-15,7.18594,1.9721263390878636,-0.0023976443695696847
2008-04-16,7.2397,1.9795797690750225,0.007453429987158922
2008-04-17,7.24548,1.9803778261660316,0.0007980570910091078
2008-04-18,7.31621,1.990092434326612,0.00971460816058034
2008-04-21,7.39975,2.0014462158556556,0.01135378152904365
2008-04-22,7.41863,2.003994404013344,0.0025481881576885357
2008-04-23,7.50689,2.015821265492967,0.011826861479622863
2008-04-24,7.45303,2.0086206611161974,-0.007200604376769615
2008-04-25,7.44744,2.0078703491780843,-0.0007503119381131462
2008-04-28,7.38279,1.999151615950434,-0.008718733227650377
2008-04-29,7.44359,2.007353259348061,0.008201643397627079
2008-04-30,7.61076,2.0295630354810137,0.02220977613295272
2008-05-01,7.56538,2.0235825773072547,-0.005980458173759029
2008-05-02,7.72349,2.044266334421541,0.020683757114286383
2008-05-05,7.8001,2.0541365541261842,0.00987021970464319
2008-05-06,7.87015,2.063077121968135,0.008940567841950742
2008-05-07,7.87515,2.063712232149341,0.0006351101812058779
2008-05-08,7.8238,2.0571703700336053,-0.006541862115735597
2008-05-09,7.69642,2.040755285678883,-0.016415084354722165
2008-05-12,7.70827,2.04229377848041,0.0015384928015267363
2008-05-13,7.70192,2.0414696484262826,-0.0008241300541271812
2008-05-14,7.57742,2.025172772322331,-0.016296876103951696
2008-05-15,7.55574,2.022307539306631,-0.002865233015699964
2008-05-16,7.50689,2.015821265492967,-0.006486273813663956
2008-05-19,7.52559,2.018309212877018,0.0024879473840511146
2008-05-20,7.64786,2.034425870142223,0.016116657265204726
2008-05-21,7.64314,2.033808513507613,-0.0006173566346099335
2008-05-22,7.53715,2.0198441264809937,-0.013964387026619285
2008-05-23,7.4671,2.0105067042231632,-0.009337422257830408
2008-05-27,7.43193,2.005785582737364,-0.0047211214857991735
2008-05-28,7.40216,2.0017718495098658,-0.004013733227498317
2008-05-29,7.40437,2.002070366450217,0.00029851694035132326
2008-05-30,7.37826,1.9985378384559858,-0.003532527994231316
2008-06-02,7.4804,2.0122862664924277,0.01374842803644194
2008-06-03,7.43665,2.0064204786263526,-0.005865787866075056
2008-06-04,7.35755,1.995726996889012,-0.010693481737340749
2008-06-05,7.45842,2.0093435955370285,0.013616598648016565
2008-06-06,7.42336,2.0046317848713198,-0.004711810665708693
2008-06-09,7.42336,2.0046317848713198,0.0
2008-06-10,7.32161,1.9908302491439778,-0.013801535727341996
2008-06-11,7.34222,1.993641249213019,0.002811000069041336
2008-06-12,7.26832,1.9835251781832957,-0.01011607102972345
2008-06-13,7.29925,1.9877716031502308,0.0042464249669351695
2008-06-16,7.40216,2.0017718495098658,0.014000246359634927
2008-06-17,7.47259,2.0112416592653526,0.009469809755486835
2008-06-18,7.38982,2.0001033774239554,-0.011138281841397202
2008-06-19,7.32768,1.9916589582960782,-0.00844441912787719
2008-06-20,7.31621,1.990092434326612,-0.0015665239694662159
2008-06-23,7.3721,1.9977026045555102,0.007610170228898205
2008-06-24,7.35157,1.994913895856528,-0.0027887086989821785
2008-06-25,7.31168,1.9894730695180425,-0.005440826338485527
2008-06-26,7.14085,1.9658318168849351,-0.023641252633107346
2008-06-27,7.09152,1.9588997040263456,-0.006932112858589523
2008-06-30,7.20117,1.9742435128203148,0.015343808793969238
2008-07-01,7.18402,1.9718591149603886,-0.0023843978599262794
2008-07-02,7.18816,1.9724352279946682,0.0005761130342796239
2008-07-03,7.01539,1.9481063071623141,-0.02432892083235405
2008-07-07,6.99266,1.944861027491117,-0.0032452796711972542
2008-07-08,6.83185,1.9215955007417302,-0.023265526749386645
2008-07-09,6.92395,1.9349864160285017,0.013390915286771499
2008-07-10,7.0206,1.9488486844708302,0.013862268442328407
2008-07-11,6.92964,1.935807863800517,-0.013040820670313202
2008-07-14,6.93407,1.9364469423950312,0.0006390785945142863
2008-07-15,6.77779,1.9136510901141546,-0.02279585228087666
2008-07-16,6.66823,1.897354457395054,-0.016296632719100534
2008-07-17,6.80968,1.918345129336371,0.020990671941316874
2008-07-18,6.8382,1.9225245391076076,0.004179409771236653
2008-07-21,7.12745,1.9639535266976569,0.041428987590049315
2008-07-22,7.15636,1.968001471815417,0.004047945117760188
2008-07-23,7.12938,1.9642242741235278,-0.0037771976918892225
2008-07-24,7.06887,1.9557006368655216,-0.0085236372580062
2008-07-25,7.05644,1.9539406750369377,-0.0017599618285839558
2008-07-28,7.2214,1.9770488399246062,0.023108164887668536
2008-07-29,7.01751,1.9484084542617914,-0.028640385662814793
2008-07-30,7.23045,1.978301274897704,0.029892820635912587
2008-07-31,7.25165,1.9812290291796677,0.0029277542819636793
2008-08-01,7.15328,1.9675709927750549,-0.013658036404612828
2008-08-04,6.98013,1.9430675412426783,-0.02450345153237654
2008-08-05,6.8754,1.9279498236783206,-0.015117717564357758
2008-08-06,6.93099,1.9360026601415592,0.008052836463238622
2008-08-07,6.86171,1.9259566818119322,-0.010045978329626948
2008-08-08,6.90796,1.9326743698797118,0.006717688067779504
2008-08-11,6.96067,1.9402757340810275,0.007601364201315741
2008-08-12,6.98263,1.9434256366373877,0.0031499025563601624
2008-08-13,7.01251,1.9476956968727532,0.00427006023536558
2008-08-14,6.97223,1.9419351162129002,-0.005760580659853076
2008-08-15,6.88705,1.9296428365913836,-0.012292279621516577
2008-08-18,6.97502,1.9423351950868308,0.012692358495447253
2008-08-19,6.99121,1.944653645699782,0.0023184506129512172
2008-08-20,7.09508,1.9594015860945968,0.014747940394814751
2008-08-21,7.08486,1.957960112890954,-0.0014414732036427402
2008-08-22,7.03534,1.9509460191781793,-0.007014093712774727
2008-08-25,7.09152,1.9588997040263456,0.007953684848166276
2008-08-26,7.04989,1.9530120138655724,-0.0058876901607731735
2008-08-27,7.15048,1.967179487319739,0.01416747345416658
2008-08-28,7.17351,1.9703950745749916,0.0032155872552526166
2008-08-29,7.17708,1.9708926151044954,0.0004975405295037927
2008-09-02,7.07195,1.9561362551746022,-0.014756359929893215
2008-09-03,6.95199,1.9390279495270737,-0.01710830564752852
2008-09-04,6.88551,1.9294192035113436,-0.00960874601573014
2008-09-05,6.77914,1.91385025024915,-0.015568953262193652
2008-09-08,6.74657,1.9090342275852663,-0.00481602266388359
2008-09-09,6.49711,1.8713574626462486,-0.037676764939017726
2008-09-10,6.49711,1.8713574626462486,0.0
2008-09-11,6.36019,1.850058251119642,-0.021299211526606632
2008-09-12,6.53266,1.876814211032699,0.026755959913057126
2008-09-15,6.10023,1.8083264753864858,-0.06848773564621324
2008-09-16,6.10524,1.8091474188292822,0.0008209434427963735
2008-09-17,5.92968,1.7799702486530786,-0.029177170176203582
2008-09-18,5.7549,1.7500516658282648,-0.029918582824813855
2008-09-19,6.31375,1.8427297948001253,0.09267812897186056
2008-09-22,6.09513,1.8074900916639383,-0.03523970313618707
2008-09-23,6.09513,1.8074900916639383,0.0
2008-09-24,6.26856,1.8355466631959978,0.028056571532059538
2008-09-25,6.4709,1.8673152023936754,0.03176853919767764
2008-09-26,6.33678,1.8463707529958016,-0.020944449397873877
2008-09-29,6.19023,1.8229722427105732,-0.023398510285228324
2008-09-30,6.28031,1.8374193423191165,0.01444709960854329
2008-10-01,6.36636,1.8510278776851143,0.01360853536599782
2008-10-02,5.92516,1.7792076908759968,-0.0718201868091175
2008-10-03,5.88767,1.7728603336602762,-0.0063473572157206615
2008-10-06,5.21571,1.6516752249192075,-0.12118510874106869
2008-10-07,4.74521,1.5571356881953244,-0.09453953672388304
2008-10-08,4.84561,1.578073140410389,0.02093745221506449
2008-10-09,4.653,1.5375121728625114,-0.040560967547877524
2008-10-10,4.48207,1.5000849932844413,-0.03742717957807007
2008-10-13,5.57887,1.718986246924938,0.21890125364049662
2008-10-14,5.84749,1.7660125093421994,0.04702626241726149
2008-10-15,5.36457,1.679816223755918,-0.08619628558628145
2008-10-16,5.51064,1.7066807688697405,0.026864545113822524
2008-10-17,5.76675,1.7521086635982628,0.04542789472852227
2008-10-20,6.13019,1.8132257445738176,0.061117080975554794
2008-10-21,5.94625,1.7827607687643543,-0.03046497580946328
2008-10-22,5.8421,1.765090321244587,-0.01767044751976732
2008-10-23,5.7495,1.7491128945065824,-0.01597742673800462
2008-10-24,5.82475,1.7621160800758053,0.013003185569222975
2008-10-27,5.60527,1.7237072266395714,-0.0384088534362339
2008-10-28,5.91273,1.7771076536956907,0.05340042705611925
2008-10-29,5.82475,1.7621160800758053,-0.014991573619885346
2008-10-30,5.95696,1.7845602838346826,0.022444203758877235
2008-10-31,5.94625,1.7827607687643543,-0.0017995150703282725
2008-11-03,5.92968,1.7799702486530786,-0.002790520111275674
2008-11-04,6.09513,1.8074900916639383,0.027519843010859635
2008-11-05,5.98654,1.7895136158529314,-0.01797647581100681
2008-11-06,5.75721,1.7504529823603345,-0.03906063349259692
2008-11-07,5.97121,1.7869495869346825,0.036496604574348
2008-11-10,5.92516,1.7792076908759968,-0.007741896058685693
2008-11-11,5.5224,1.7088125484071288,-0.07039514246886802
2008-11-12,5.31774,1.6710484010652846,-0.03776414734184419
2008-11-13,5.66664,1.7345963494946808,0.06354794842939615
2008-11-14,5.57347,1.7180178402188986,-0.016578509275782194
2008-11-17,5.31081,1.6697443659933242,-0.048273474225574375
2008-11-18,5.28874,1.6655800322443965,-0.004164333748927662
2008-11-19,4.95989,1.6013835630715587,-0.06419646917283783
2008-11-20,4.38726,1.4787048864411372,-0.12267867663042153
2008-11-21,4.20659,1.4366523432392597,-0.04205254320187746
2008-11-24,4.68692,1.5447756503075953,0.10812330706833562
2008-11-25,4.75032,1.5582119841984523,0.013436333890856966
2008-11-26,5.02329,1.6140850975230006,0.05587311332454825
2008-11-28,5.20848,1.65028806655787,0.036202969034869525
2008-12-01,5.00344,1.610125675870598,-0.04016239068727212
2008-12-02,4.91354,1.5919946596236791,-0.01813101624691882
2008-12-03,4.94254,1.5978793691001947,0.005884709476515537
2008-12-04,4.75032,1.5582119841984523,-0.039667384901742375
2008-12-05,4.83048,1.574945841608715,0.016733857410262676
2008-12-08,5.13506,1.6360915278302717,0.061145686221556694
2008-12-09,5.06482,1.6223185990632338,-0.01377292876703784
2008-12-10,5.25242,1.658688922778572,0.036370323715338104
2008-12-11,5.14479,1.6379845521264735,-0.020704370652098403
2008-12-12,5.04747,1.6188871276507883,-0.019097424475685187
2008-12-15,5.05991,1.6213486965799266,0.0024615689291382914
2008-12-16,5.22284,1.653041315249538,0.03169261866961137
2008-12-17,5.27197,1.6624041067439548,0.009362791494416767
2008-12-18,5.20337,1.6493064925992968,-0.013097614144657932
2008-12-19,5.2185,1.6522100042779693,0.0029035116786724213
2008-12-22,5.06703,1.6227548471393598,-0.029455157138609467
2008-12-23,4.93579,1.5965127411275384,-0.02624210601182142
2008-12-24,4.86238,1.5815280299768024,-0.014984711150735963
2008-12-26,4.90891,1.5910519212350058,0.00952389125820341
2008-12-29,4.87221,1.583547632926945,-0.007504288308060936
2008-12-30,4.87471,1.584060615500891,0.0005129825739460525
2008-12-31,5.05248,1.6198792118513867,0.03581859635049578
2009-01-02,5.4721,1.6996624550070674,0.07978324315568064
2009-01-05,5.70075,1.7405977451321224,0.040935290125055035
2009-01-06,5.53058,1.7102926924937756,-0.03030505263834682
2009-01-07,5.29346,1.6664720963356074,-0.043820596158168135
2009-01-08,5.4035,1.6870468917610832,0.0205747954254758
2009-01-09,5.3743,1.681628332974591,-0.0054185587864923335
2009-01-12,5.30107,1.6679086869741329,-0.013719646000458052
2009-01-13,5.39579,1.685619019871368,0.017710332897235226
2009-01-14,5.26677,1.6614172714255013,-0.024201748445866755
2009-01-15,5.22081,1.6526525622703467,-0.008764709155154593
2009-01-16,5.36217,1.6793687438990281,0.02671618162868139
2009-01-20,5.13978,1.6370102769946409,-0.04235846690438727
2009-01-21,5.39859,1.6861378083636762,0.04912753136903536
2009-01-22,5.3743,1.681628332974591,-0.0045094753890853045
2009-01-23,5.42065,1.690215734460245,0.008587401485654178
2009-01-26,5.55968,1.715540552649364,0.025324818189118803
2009-01-27,5.61057,1.7246523186513147,0.00911176600195085
2009-01-28,5.4615,1.6977234773014607,-0.02692884134985407
2009-01-29,5.3692,1.680678921631344,-0.017044555670116646
2009-01-30,5.35234,1.6775338484613451,-0.003145073169998902
2009-02-02,5.31592,1.6707060918288088,-0.006827756632536319
2009-02-03,5.51777,1.7079737931576284,0.037267701328819625
2009-02-04,5.60343,1.7233789102395378,0.015405117081909392
2009-02-05,5.53762,1.7115648055653476,-0.011814104674190196
2009-02-06,5.56354,1.7162345963084744,0.004669790743126789
2009-02-09,5.58117,1.7193984318333366,0.003163835524862213
2009-02-10,5.46401,1.6981829524278684,-0.021215479405468196
2009-02-11,5.51777,1.7079737931576284,0.009790840729759998
2009-02-12,5.63485,1.728970527794049,0.0209967346364206
2009-02-13,5.66153,1.7336941737069596,0.0047236459129105235
2009-02-17,5.4961,1.7040387498054665,-0.029655423901493005
2009-02-18,5.44744,1.6951457735492714,-0.008892976256195118
2009-02-19,5.37662,1.6820599239521097,-0.013085849597161747
2009-02-20,5.22284,1.653041315249538,-0.02901860870257167
2009-02-23,4.89427,1.5880651330941167,-0.06497618215542134
2009-02-24,5.05991,1.6213486965799266,0.033283563485809964
2009-02-25,5.16955,1.6427856441131277,0.021436947533201023
2009-02-26,5.19374,1.6474540542286726,0.004668410115544974
2009-02-27,5.25945,1.6600264585449118,0.012572404316239183
2009-03-02,4.83819,1.5765406838433165,-0.08348577470159535
2009-03-03,4.6215,1.5307193277226954,-0.045821356120621104
2009-03-04,4.78655,1.5658099013958828,0.035090573673187464
2009-03-05,4.54055,1.5130481500901976,-0.05276175130568528
2009-03-06,4.4312,1.488670427736757,-0.02437772235344049
2009-03-09,4.37512,1.47593394800485,-0.012736479731907169
2009-03-10,4.55308,1.5158039270306978,0.03986997902584788
2009-03-11,4.6187,1.5301132802159958,0.014309353185298024
2009-03-12,5.01847,1.6131251063720131,0.08301182615601732
2009-03-13,4.99631,1.6086996399780438,-0.004425466393969346
2009-03-16,5.10616,1.6304476540118493,0.02174801403380555
2009-03-17,5.22506,1.6534662810385312,0.023018627026681893
2009-03-18,5.31592,1.6707060918288088,0.017239810790277588
2009-03-19,5.30367,1.6683990337534214,-0.002307058075387447
2009-03-20,5.12812,1.6347391202806087,-0.03365991347281261
2009-03-23,5.34742,1.676614201600713,0.04187508132010431
2009-03-24,5.33759,1.6747742402392818,-0.0018399613614312749
2009-03-25,5.4377,1.6933561773475712,0.01858193710828937
2009-03-26,5.41795,1.68971751512272,-0.003638662224851208
2009-03-27,5.41795,1.68971751512272,0.0
2009-03-30,5.4035,1.6870468917610832,-0.0026706233616367037
2009-03-31,5.42248,1.690553275376452,0.0035063836153688133
2009-04-01,5.40099,1.6865822701000603,-0.003971005276391715
2009-04-02,5.38394,1.6834204481495725,-0.003161821950487864
2009-04-03,5.34241,1.6756768620234108,-0.007743586126161661
2009-04-06,5.26937,1.6619108108152163,-0.013766051208194519
2009-04-07,5.19133,1.6469899263906778,-0.014920884424538539
2009-04-08,5.25945,1.6600264585449118,0.01303653215423406
2009-04-09,5.24509,1.6572924009002805,-0.0027340576446313047
2009-04-13,5.38144,1.682955996352248,0.025663595451967502
2009-04-14,5.44012,1.6938011194480884,0.010845123095840403
2009-04-15,5.50361,1.7054042405623877,0.011603121114299286
2009-04-16,5.4615,1.6977234773014607,-0.007680763260927037
2009-04-17,5.66153,1.7336941737069596,0.03597069640549888
2009-04-20,5.59398,1.7216910195141704,-0.01200315419278919
2009-04-21,5.70335,1.7410537214994024,0.019362701985232045
2009-04-22,5.63975,1.729839738286396,-0.011213983213006484
2009-04-23,5.69082,1.7388543502330656,0.009014611946669637
2009-04-24,5.69853,1.7402082468430962,0.0013538966100306027
2009-04-27,5.93961,1.7816434746534104,0.04143522781031428
2009-04-28,6.03817,1.79810098590652,0.01645751125310957
2009-04-29,5.90762,1.776243043033852,-0.021857942872667957
2009-04-30,5.7495,1.7491128945065824,-0.027130148527269693
2009-05-01,5.88093,1.7717149126693512,0.022602018162768855
2009-05-04,6.00985,1.7933997898329879,0.02168487716363665
2009-05-05,6.06343,1.8022756465605643,0.008875856727576403
2009-05-06,6.07277,1.8038148436476211,0.0015391970870568539
2009-05-07,6.01794,1.794745008068421,-0.009069835579200047
2009-05-08,6.24929,1.8324678572953415,0.037722849226920374
2009-05-11,6.1487,1.8162406773602575,-0.016227179935083935
2009-05-12,6.09879,1.808090390847451,-0.00815028651280647
2009-05-13,5.9055,1.7758841200697648,-0.03220627077768623
2009-05-14,5.9637,1.7856910938264483,0.00980697375668349
2009-05-15,5.88343,1.772139925171116,-0.013551168655332235
2009-05-18,6.03191,1.7970637101699412,0.024923784998825083
2009-05-19,6.10524,1.8091474188292822,0.012083708659341053
2009-05-20,6.23252,1.8297807453955857,0.020633326566303456
2009-05-21,6.17278,1.8201493037032879,-0.009631441692297793
2009-05-22,6.13222,1.813556837730635,-0.006592465972652839
2009-05-26,6.17529,1.8205558449740404,0.0069990072434054085
2009-05-27,6.14041,1.8148915151739835,-0.005664329800056933
2009-05-28,6.24929,1.8324678572953415,0.017576342121357946
2009-05-29,6.33678,1.8463707529958016,0.013902895700460105
2009-06-01,6.41618,1.858822925033526,0.012452172037724418
2009-06-02,6.44296,1.8629880618491694,0.004165136815643455
2009-06-03,6.31375,1.8427297948001253,-0.0202582670490441
2009-06-04,6.36019,1.850058251119642,0.007328456319516619
2009-06-05,6.43959,1.8624648734933125,0.012406622373670517
2009-06-08,6.34959,1.8483902438909325,-0.014074629602379929
2009-06-09,6.30055,1.8406369311742268,-0.0077533127167057625
2009-06-10,6.24226,1.8313422962973571,-0.009294634876869656
2009-06-11,6.31375,1.8427297948001253,0.011387498502768212
2009-06-12,6.35248,1.8488452878404413,0.006115493040316
2009-06-15,6.32974,1.8452591610629097,-0.003586126777531673
2009-06-16,6.16826,1.8194167884206032,-0.025842372642306488
2009-06-17,6.05138,1.8002863452056426,-0.019130443214960602
2009-06-18,6.15371,1.8170551519675835,0.016768806761940924
2009-06-19,6.10023,1.8083264753864858,-0.00872867658109766
2009-06-22,6.01996,1.7950806147803824,-0.013245860606103443
2009-06-23,5.90126,1.7751658874331617,-0.019914727347220662
2009-06-24,5.94625,1.7827607687643543,0.007594881331192571
2009-06-25,6.11969,1.8115114416465268,0.02875067288217248
2009-06-26,6.16344,1.8186350632334098,0.007123621586883067
2009-06-29,6.08404,1.805668948997393,-0.012966114236016901
2009-06-30,6.07836,1.8047349227504452,-0.0009340262469477167
2009-07-01,6.13019,1.8132257445738176,0.008490821823372352
2009-07-02,6.10524,1.8091474188292822,-0.0040783257445353716
2009-07-06,6.09513,1.8074900916639383,-0.001657327165343947
2009-07-07,6.05648,1.8011287732320016,-0.006361318431936658
2009-07-08,6.15641,1.8174938154482474,0.016365042216245795
2009-07-09,6.27309,1.8362690562139816,0.018775240765734225
2009-07-10,6.32974,1.8452591610629097,0.008990104848928038
2009-07-13,6.37503,1.8523887969157702,0.0071296358528605275
2009-07-14,6.39286,1.8551817425928254,0.0027929456770552363
2009-07-15,6.5711,1.88268124618374,0.027499503590914687
2009-07-16,6.73895,1.9079041264381134,0.025222880254373248
2009-07-17,6.81257,1.9187694351659303,0.010865308727816991
2009-07-20,6.82394,1.9204370176536547,0.0016675824877243617
2009-07-21,6.73617,1.9074915141512558,-0.01294550350239887
2009-07-22,6.82394,1.9204370176536547,0.01294550350239887
2009-07-23,6.85679,1.9252394021952188,0.00480238454156412
2009-07-24,6.94342,1.9377944485239909,0.012555046328772024
2009-07-27,7.0654,1.9552096316604826,0.017415183136491708
2009-07-28,7.12938,1.9642242741235278,0.009014642463045286
2009-07-29,6.70725,1.9031890309122632,-0.061035243211264634
2009-07-30,6.82394,1.9204370176536547,0.017247986741391497
2009-07-31,6.84822,1.9239887644916311,0.0035517468379764328
2009-08-03,6.8754,1.9279498236783206,0.003961059186689431
2009-08-04,6.83599,1.9222013024085063,-0.0057485212698142885
2009-08-05,6.74165,1.9083047020855035,-0.013896600323002772
2009-08-06,6.67112,1.8977877618731909,-0.010516940212312642
2009-08-07,6.74455,1.9087347713481126,0.010947009474921776
2009-08-10,6.841,1.922933919778861,0.014199148430748432
2009-08-11,6.74455,1.9087347713481126,-0.014199148430748432
2009-08-12,6.84514,1.9235389114165726,0.014804140068459981
2009-08-13,6.7299,1.9065602847052323,-0.016978626711340317
2009-08-14,6.69261,1.9010039325865973,-0.005556352118635033
2009-08-17,6.49547,1.8711050108608895,-0.02989892172570774
2009-08-18,6.63894,1.8929523121905354,0.021847301329645852
2009-08-19,6.65619,1.8955472487845644,0.002594936594028985
2009-08-20,6.62988,1.891586704486461,-0.003960544298103441
2009-08-21,6.70321,1.902586516140627,0.01099981165416608
2009-08-24,6.71853,1.9048693806057873,0.0022828644651602392
2009-08-25,6.58075,1.8841487206047163,-0.02072066000107098
2009-08-26,6.58865,1.8853484716864066,0.0011997510816903478
2009-08-27,6.61967,1.8900455197638188,0.004697048077412225
2009-08-28,6.59674,1.8865755876101933,-0.0034699321536255656
2009-08-31,6.58075,1.8841487206047163,-0.002426867005477007
2009-09-01,6.49249,1.8706461243148433,-0.013502596289872937
2009-09-02,6.41058,1.8579497504585278,-0.012696373856315502
2009-09-03,6.42378,1.8600067294826907,0.0020569790241629082
2009-09-04,6.51908,1.8747332616879355,0.01472653220524478
2009-09-08,6.63412,1.8922260289955715,0.017492767307635937
2009-09-09,6.74657,1.9090342275852663,0.016808198589694845
2009-09-10,6.87115,1.9273314866940718,0.01829725910880553
2009-09-11,6.97068,1.9417127809892798,0.014381294295207958
2009-09-14,6.97502,1.9423351950868308,0.0006224140975510384
2009-09-15,6.97724,1.9426534231041894,0.0003182280173585905
2009-09-16,7.14451,1.9663442296039824,0.023690806499792938
2009-09-17,6.98755,1.9441299940906787,-0.022214235513303704
2009-09-18,7.00952,1.9472692250929444,0.0031392310022657632
2009-09-21,6.98447,1.9436891129511027,-0.003580112141841729
2009-09-22,6.80611,1.9178207381579218,-0.025868374793180937
2009-09-23,6.78771,1.9151136240079651,-0.002707114149956613
2009-09-24,6.78771,1.9151136240079651,0.0
2009-09-25,6.82394,1.9204370176536547,0.005323393645689567
2009-09-28,6.86605,1.9265889772693985,0.006151959615743774
2009-09-29,6.91885,1.9342495708482275,0.007660593578828978
2009-09-30,6.90228,1.931851791804273,-0.00239777904395444
2009-10-01,6.7748,1.9132098460348292,-0.01864194576944378
2009-10-02,6.77981,1.9139490779608157,0.000739231925986461
2009-10-05,6.88907,1.9299360976858684,0.015987019725052676
2009-10-06,6.96288,1.9405931818610203,0.010657084175151876
2009-10-07,6.92395,1.9349864160285017,-0.005606765832518512
2009-10-08,7.02494,1.9494666742580686,0.014480258229566889
2009-10-09,7.01751,1.9484084542617914,-0.0010582199962771988
2009-10-12,7.08033,1.9573205167888996,0.008912062527108189
2009-10-13,7.11464,1.9621546329321422,0.004834116143242584
2009-10-14,7.15858,1.9683116372813982,0.0061570043492560345
2009-10-15,7.18594,1.9721263390878636,0.0038147018064653704
2009-10-16,7.18594,1.9721263390878636,0.0
2009-10-19,7.19587,1.9735072503331064,0.0013809112452427552
2009-10-20,7.22747,1.977889044086882,0.004381793753775565
2009-10-21,7.24346,1.9800989927920114,0.002209948705129472
2009-10-22,7.28181,1.985379457679806,0.005280464887794656
2009-10-23,7.2795,1.9850621785312434,-0.0003172791485626103
2009-10-26,7.12745,1.9639535266976569,-0.021108651833586567
2009-10-27,7.14162,1.9659396413719805,0.0019861146743236358
2009-10-28,6.79551,1.9162620999742455,-0.04967754139773506
2009-10-29,7.00354,1.9464157355106535,0.03015363553640804
2009-10-30,6.83377,1.9218764978736034,-0.024539237637050126
2009-11-02,6.81526,1.9191642155579571,-0.0027122823156462417
2009-11-03,6.79205,1.9157528105838342,-0.0034114049741229557
2009-11-04,6.91288,1.933386338212726,0.01763352762889192
2009-11-05,7.00162,1.946141550851281,0.012755212638554836
2009-11-06,6.94621,1.9381961870926243,-0.00794536375865662
2009-11-09,7.04469,1.9522741415435974,0.01407795445097304
2009-11-10,6.97223,1.9419351162129002,-0.010339025330697194
2009-11-11,7.00952,1.9472692250929444,0.005334108880044264
2009-11-12,7.06887,1.9557006368655216,0.008431411772577224
2009-11-13,7.1185,1.9626970290716634,0.006996392206141788
2009-11-16,7.19587,1.9735072503331064,0.010810221261442932
2009-11-17,7.23566,1.9790215791433183,0.005514328810211966
2009-11-18,7.17505,1.970609730262519,-0.008411848880799377
2009-11-19,7.14162,1.9659396413719805,-0.0046700888905384375
2009-11-20,7.1475,1.9667626452143299,0.0008230038423493458
2009-11-23,7.14451,1.9663442296039824,-0.0004184156103475001
2009-11-24,7.17708,1.9708926151044954,0.0045483855005130636
2009-11-25,7.29925,1.9877716031502308,0.0168789880457354
2009-11-27,7.29039,1.9865570425319898,-0.0012145606182409896
2009-11-30,7.26148,1.9825836648100523,-0.00397337772193751
2009-12-01,7.26148,1.9825836648100523,0.0
2009-12-02,7.23344,1.9787147183133538,-0.0038689464966985554
2009-12-03,7.25165,1.9812290291796677,0.002514310866313929
2009-12-04,7.24548,1.9803778261660316,-0.0008512030136360593
2009-12-07,7.33308,1.9923956186389526,0.012017792472921007
2009-12-08,7.37826,1.9985378384559858,0.006142219817033112
2009-12-09,7.39378,2.000639106217309,0.0021012677613230224
2009-12-10,7.45842,2.0093435955370285,0.008704489319719677
2009-12-11,7.5702,2.0242194871796135,0.01487589164258507
2009-12-14,7.62503,2.031436256911965,0.0072167697323513025
2009-12-15,7.63206,2.032357795750303,0.0009215388383383427
2009-12-16,7.71627,2.0433310866552192,0.010973290904916055
2009-12-17,7.74807,2.0474437800935092,0.004112693438290016
2009-12-18,7.43424,2.0060963554540208,-0.041347424639488484
2009-12-21,7.6916,2.040128824294295,0.034032468840274444
2009-12-22,7.72031,2.043854518670891,0.0037256943765959782
2009-12-23,7.75462,2.048288794783186,0.004434276112294633
2009-12-24,7.83671,2.0588191034304693,0.010530308647283437
2009-12-28,7.73978,2.0463732634250626,-0.012445840005406605
2009-12-29,7.68534,2.039314618041838,-0.007058645383224871
2009-12-30,7.6995,2.0411553916863303,0.0018407736444925327
2009-12-31,7.65431,2.0352688878817973,-0.005886503804533039
2010-01-04,7.95995,2.0744227184295285,0.03915383054773125
2010-01-05,8.04773,2.0853900640868592,0.010967345657330707
2010-01-06,8.06362,2.0873625872028154,0.001972523115956193
2010-01-07,7.86042,2.0618400401280144,-0.02552254707480106
2010-01-08,7.90021,2.0668893413981544,0.0050493012701400275
2010-01-11,7.90021,2.0668893413981544,0.0
2010-01-12,7.90021,2.0668893413981544,0.0
2010-01-13,7.89539,2.066279044840935,-0.0006102965572192254
2010-01-14,7.84741,2.0601835410476266,-0.006095503793308588
2010-01-15,7.85222,2.0607962943609848,0.0006127533133581942
2010-01-19,7.94174,2.0721323948274244,0.011336100466439625
2010-01-20,7.96852,2.0754987791970647,0.0033663843696403184
2010-01-21,7.87515,2.063712232149341,-0.011786547047723861
2010-01-22,7.81898,2.056554111267255,-0.007158120882085672
2010-01-25,7.89789,2.0665956351908665,0.01004152392361135
2010-01-26,7.9134,2.068557525077757,0.0019618898868905
2010-01-27,7.65277,2.0350676738024043,-0.033489851275352756
2010-01-28,7.56538,2.0235825773072547,-0.011485096495149616
2010-01-29,7.47567,2.011653747367056,-0.011928829940198504
2010-02-01,7.78304,2.051947007370443,0.040293260003386955
2010-02-02,7.87015,2.063077121968135,0.011130114597691865
2010-02-03,7.81474,2.056011693966196,-0.0070654280019391
2010-02-04,7.56066,2.0229584879681815,-0.03305320599801442
2010-02-05,7.44744,2.0078703491780843,-0.015088138790097183
2010-02-08,7.46084,2.009668008412898,0.0017976592348136755
2010-02-09,7.55767,2.0225629416295337,0.012894933216635707
2010-02-10,7.39378,2.000639106217309,-0.021923835412224868
2010-02-11,7.55353,2.0220150036625184,0.021375897445209624
2010-02-12,7.6734,2.0377598026851924,0.015744799022674005
2010-02-16,7.86533,2.0624644936719854,0.024704690986792954
2010-02-17,7.90849,2.0679368659583197,0.005472372286334348
2010-02-18,7.88806,2.065350223762277,-0.0025866421960425434
2010-02-19,7.84895,2.0603797648861395,-0.004970458876137673
2010-02-22,7.88074,2.0644218080900902,0.00404204320395074
2010-02-23,7.86533,2.0624644936719854,-0.001957314418104872
2010-02-24,7.9134,2.068557525077757,0.006093031405771665
2010-02-25,7.91572,2.06885065571504,0.0002931306372828679
2010-02-26,7.98346,2.0773719014512535,0.0085212457362136
2010-03-01,8.05023,2.085700662450888,0.008328760999634532
2010-03-02,8.17645,2.1012580710856943,0.015557408634806258
2010-03-03,8.07355,2.088593286421247,-0.012664784664447204
2010-03-04,8.01602,2.081442039349376,-0.00715124707187087
2010-03-05,8.12529,2.094981419886538,0.013539380537161971
2010-03-08,8.1619,2.0994769850095145,0.0044955651229763305
2010-03-09,8.2252,2.107202612465226,0.007725627455711592
2010-03-10,8.28428,2.1143597430586993,0.0071571305934732266
2010-03-11,8.25691,2.11105042553333,-0.0033093175253693374
2010-03-12,8.34806,2.122029176539389,0.010978751006058829
2010-03-15,8.36213,2.1237131793334987,0.0016840027941098512
2010-03-16,8.33756,2.120770607617647,-0.0029425717158515496
2010-03-17,8.38043,2.1258992258267075,0.005128618209060409
2010-03-18,8.37272,2.1249788018414493,-0.0009204239852582674
2010-03-19,8.09012,2.090643564087708,-0.034335237753741144
2010-03-22,8.18666,2.102506000278253,0.011862436190544834
2010-03-23,8.1832,2.1020832721606606,-0.0004227281175923636
2010-03-24,8.21663,2.1061601493359876,0.0040768771753270094
2010-03-25,8.15584,2.098734235060245,-0.007425914275742684
2010-03-26,8.25006,2.1102204730474163,0.01148623798717141
2010-03-29,8.24496,2.1096021045746878,-0.0006183684727285588
2010-03-30,8.28851,2.114870218372977,0.005268113798289065
2010-03-31,8.42794,2.131552376789881,0.016682158416904347
2010-04-01,8.57623,2.148994422998673,0.01744204620879186
2010-04-05,8.7301,2.1667768245396286,0.01778240154095556
2010-04-06,8.74465,2.1684420847994175,0.0016652602597888588
2010-04-07,8.76835,2.1711486472921737,0.002706562492756248
2010-04-08,8.74282,2.1682327920879296,-0.002915855204244089
2010-04-09,8.84129,2.1794327936049656,0.011200001517035929
2010-04-12,8.86818,2.1824695892476638,0.003036795642698209
2010-04-13,8.69551,2.1628068004852246,-0.01966278876243921
2010-04-14,8.78926,2.173530521577543,0.010723721092318339
2010-04-15,8.78107,2.1725982681032874,-0.0009322534742555177
2010-04-16,8.67634,2.1605997807629356,-0.011998487340351804
2010-04-19,8.76016,2.1702141696216826,0.009614388858746992
2010-04-20,8.81893,2.176900547466673,0.006686377844990599
2010-04-21,8.78203,2.1727075882120332,-0.004192959254639916
2010-04-22,8.79205,2.1738479040733205,0.0011403158612872666
2010-04-23,8.88494,2.184357708629396,0.01050980455607542
2010-04-26,8.93128,2.189559721682701,0.005202013053305254
2010-04-27,8.79475,2.174154952543902,-0.015404769138799068
2010-04-28,8.64676,2.1571846843022557,-0.01697026824164638
2010-04-29,8.70283,2.163648260122398,0.006463575820142342
2010-04-30,8.64145,2.156570392809154,-0.007077867313244113
2010-05-03,8.67912,2.160920141044228,0.004349748235073836
2010-05-04,8.48131,2.137864919004906,-0.023055222039321865
2010-05-05,8.17048,2.1005276586760955,-0.03733726032881046
2010-05-06,7.79778,2.0538390778002853,-0.04668858087581018
2010-05-07,7.98095,2.0770574519951595,0.02321837419487416
2010-05-10,8.2783,2.1136376333077,0.03658018131254037
2010-05-11,8.39373,2.12748499856133,0.013847365253630173
2010-05-12,8.52708,2.143246981679078,0.015761983117748013
2010-05-13,8.43911,2.132876852810632,-0.010370128868446127
2010-05-14,8.32368,2.119104464736212,-0.01377238807442005
2010-05-17,8.1832,2.1020832721606606,-0.017021192575551236
2010-05-18,8.1883,2.1027063061117306,0.0006230339510699956
2010-05-19,8.0352,2.083831889981129,-0.018874416130601812
2010-05-20,7.72349,2.044266334421541,-0.03956555555958774
2010-05-21,7.86533,2.0624644936719854,0.018198159250444323
2010-05-24,7.79778,2.0538390778002853,-0.00862541587170007
2010-05-25,7.79036,2.052887071908575,-0.0009520058917105167
2010-05-26,7.90512,2.067510650811871,0.014623578903296242
2010-05-27,8.20112,2.1042707303091293,0.036760079497258236
2010-05-28,8.1883,2.1027063061117306,-0.0015644241973986617
2010-06-01,7.95426,2.073707634207005,-0.028998671904725715
2010-06-02,8.14205,2.0970419910592293,0.023334356852224403
2010-06-03,8.32368,2.119104464736212,0.022062473676982552
2010-06-04,8.1883,2.1027063061117306,-0.01639815862448124
2010-06-07,8.10361,2.0923096414053464,-0.010396664706384229
2010-06-08,8.14803,2.0977761802429065,0.005466538837560098
2010-06-09,8.21663,2.1061601493359876,0.008383969093081145
2010-06-10,8.33756,2.120770607617647,0.014610458281659522
2010-06-11,8.33322,2.1202499361076104,-0.0005206715100367632
2010-06-14,8.38043,2.1258992258267075,0.0056492897190971725
2010-06-15,8.48131,2.137864919004906,0.0119656931781984
2010-06-16,8.52534,2.143042905072234,0.005177986067328
2010-06-17,8.54047,2.1448160414149067,0.001773136342672732
2010-06-18,8.48777,2.1386263038663214,-0.006189737548585317
2010-06-21,8.47871,2.13755831559048,-0.001067988275841536
2010-06-22,8.41637,2.130178618907298,-0.0073796966831816135
2010-06-23,8.37523,2.1252785400206045,-0.004900078886693748
2010-06-24,8.45771,2.135078451396982,0.00979991137637759
2010-06-25,8.68452,2.1615421304628164,0.026463679065834356
2010-06-28,8.67634,2.1605997807629356,-0.000942349699880829
2010-06-29,8.59058,2.1506662540892925,-0.009933526673643112
2010-06-30,8.62276,2.154405219041976,0.0037389649526833324
2010-07-01,8.47168,2.136728836103214,-0.017676382938761837
2010-07-02,8.49596,2.1395907563905716,0.0028619202873576555
2010-07-06,8.60223,2.152021471972006,0.01243071558143427
2010-07-07,8.79755,2.174473273630246,0.02245180165824001
2010-07-08,8.86624,2.182250805660973,0.007777532030726952
2010-07-09,8.87935,2.1837283561267617,0.0014775504657889016
2010-07-12,8.92936,2.189344723787061,0.005616367660299382
2010-07-13,9.03169,2.200739503849122,0.01139478006206085
2010-07-14,9.04498,2.202209907678424,0.0014704038293018584
2010-07-15,9.1027,2.208571072811789,0.006361165133365265
2010-07-16,9.14712,2.2134390756436013,0.004868002831812213
2010-07-19,9.21139,2.2204407617893795,0.00700168614577823
2010-07-20,9.33375,2.2336368633677743,0.013196101578394792
2010-07-21,9.37229,2.237757463401986,0.004120600034211552
2010-07-22,9.43203,2.244111343891589,0.006353880489603281
2010-07-23,9.43974,2.24492843740523,0.0008170935136408985
2010-07-26,9.37808,2.2383750512345495,-0.006553386170680575
2010-07-27,9.14712,2.2134390756436013,-0.02493597559094818
2010-07-28,9.05154,2.2029349089811427,-0.01050416666245857
2010-07-29,8.96472,2.1932968739982392,-0.009638034982903498
2010-07-30,9.20946,2.2202312166264733,0.02693434262823402
2010-08-02,9.19211,2.218345507402615,-0.001885709223858445
2010-08-03,9.20272,2.219499092532416,0.0011535851298010158
2010-08-04,9.29328,2.229291558326828,0.009792465794411953
2010-08-05,9.3511,2.2354939834395466,0.006202425112718846
2010-08-06,9.3299,2.233224296688201,-0.0022696867513456453
2010-08-09,9.22872,2.2223203606748614,-0.01090393601333961
2010-08-10,9.14336,2.213027932791914,-0.009292427882947596
2010-08-11,8.86354,2.1819462333514608,-0.031081699440453026
2010-08-12,8.80844,2.1757103527594293,-0.006235880592031506
2010-08-13,8.96096,2.192877364104596,0.01716701134516674
2010-08-16,8.98514,2.195572101638895,0.002694737534298941
2010-08-17,9.03545,2.201155729112698,0.005583627473803254
2010-08-18,9.05154,2.2029349089811427,0.0017791798684445581
2010-08-19,9.05915,2.2037752966690642,0.0008403876879214955
2010-08-20,9.06291,2.2041902605367434,0.0004149638676791412
2010-08-23,9.02321,2.1998001465972337,-0.004390113939509721
2010-08-24,8.97031,2.1939202351167895,-0.0058799114804442
2010-08-25,8.98139,2.1951546587543254,0.0012344236375358975
2010-08-26,9.05154,2.2029349089811427,0.007780250226817387
2010-08-27,9.11118,2.209502230875059,0.0065673218939164
2010-08-30,9.0128,2.1986457891583124,-0.010856441716746712
2010-08-31,9.0128,2.1986457891583124,0.0
2010-09-01,9.15357,2.2141439671277006,0.015498177969388127
2010-09-02,9.27691,2.227528517211981,0.013384550084280633
2010-09-03,9.36941,2.237450127352143,0.009921610140161796
2010-09-07,9.29425,2.2293959293756846,-0.008054197976458344
2010-09-08,9.20849,2.2201258845997387,-0.009270044775945951
2010-09-09,9.27979,2.227838917231718,0.0077130326319792
2010-09-10,9.25089,2.2247197631120668,-0.003119154119651135
2010-09-13,9.32316,2.232501627025065,0.007781863912998066
2010-09-14,9.30871,2.230950521001124,-0.001551106023940818
2010-09-15,9.30196,2.2302251306421543,-0.0007253903589696797
2010-09-16,9.26727,2.2264888378227226,-0.0037362928194317746
2010-09-17,9.31448,2.231570178555456,0.005081340732733253
2010-09-20,9.30196,2.2302251306421543,-0.001345047913301478
2010-09-21,9.3482,2.2351838113985343,0.004958680756379952
2010-09-22,9.43396,2.244315944870041,0.009132133471506876
2010-09-23,9.43589,2.2445205039954956,0.0002045591254544732
2010-09-24,9.45323,2.246356482047499,0.0018359780520031954
2010-09-27,9.45323,2.246356482047499,0.0
2010-09-28,9.50816,2.2521503772907305,0.005793895243231706
2010-09-29,9.60258,2.2620318123669785,0.009881435076247946
2010-09-30,9.67003,2.269031411838881,0.006999599471902318
2010-10-01,9.7606,2.2783538739453015,0.009322462106420737
2010-10-04,9.80588,2.282982205748494,0.0046283318031923315
2010-10-05,9.82418,2.284846693712502,0.0018644879640081768
2010-10-06,9.92926,2.295485953628644,0.010639259916141786
2010-10-07,9.97066,2.299646780378504,0.004160826749860291
2010-10-08,9.98224,2.3008075140362827,0.0011607336577785787
2010-10-11,10.067,2.3092627477472862,0.00845523371100354
2010-10-12,10.0786,2.3104143641083787,0.0011516163610925112
2010-10-13,10.1258,2.315086622216971,0.0046722581085920645
2010-10-14,10.1431,2.3167936713613293,0.0017070491443584856
2010-10-15,10.1682,2.3192652032452443,0.0024715318839150235
2010-10-18,10.199,2.322289676268381,0.0030244730231365757
2010-10-19,10.1576,2.318222193773445,-0.004067482494936048
2010-10-20,10.2077,2.323142337455844,0.004920143682399125
2010-10-21,10.2241,2.3247476784950143,0.001605341039170316
2010-10-22,10.2529,2.327560592397438,0.0028129139024235528
2010-10-25,10.2617,2.328418518025016,0.0008579256275780267
2010-10-26,10.3898,2.340824555647714,0.012406037622698207
2010-10-27,10.252,2.327472808501825,-0.01335174714588927
2010-10-28,10.2241,2.3247476784950143,-0.0027251300068105166
2010-10-29,10.4447,2.346094672719552,0.021346994224537674
2010-11-01,10.4293,2.34461915266647,-0.0014755200530820467
2010-11-02,10.4929,2.350698837967396,0.006079685300925952
2010-11-03,10.436,2.345261367274482,-0.005437470692913671
2010-11-04,10.5237,2.3536298565003553,0.008368489225873077
2010-11-05,10.7299,2.3730342369346866,0.019404380434331348
2010-11-08,10.6664,2.3670986138191115,-0.0059356231155751615
2010-11-09,10.7964,2.379212745228936,0.012114131409824758
2010-11-10,10.7299,2.3730342369346866,-0.006178508294249596
2010-11-11,10.673,2.3677171879318277,-0.005317049002858898
2010-11-12,10.516,2.352897906867635,-0.014819281064192946
2010-11-15,10.5479,2.355926787975869,0.0030288811082344047
2010-11-16,10.3676,2.3386855586187685,-0.017241229357100707
2010-11-17,10.3618,2.338125966913138,-0.0005595917056306909
2010-11-18,10.384,2.3402661599617343,0.0021401930485964726
2010-11-19,10.4032,2.342113451127449,0.001847291165714804
2010-11-22,10.4158,2.343323884052989,0.001210432925539795
2010-11-23,10.4852,2.3499647390408205,0.006640854987831624
2010-11-24,10.4158,2.343323884052989,-0.006640854987831624
2010-11-26,10.4032,2.342113451127449,-0.001210432925539795
2010-11-29,10.3011,2.3322506856497958,-0.009862765477653301
2010-11-30,10.2577,2.328028643072467,-0.004222042577328722
2010-12-01,10.0044,2.303024996222431,-0.025003646850036088
2010-12-02,10.0535,2.307920832583565,0.004895836361133998
2010-12-03,10.0236,2.3049423125677238,-0.0029785200158412017
2010-12-06,10.0236,2.3049423125677238,0.0
2010-12-07,9.94751,2.297322268596149,-0.007620043971574564
2010-12-08,9.85116,2.28758921474753,-0.009733053848619111
2010-12-09,9.91376,2.2939236911149212,0.006334476367391151
2010-12-10,9.91955,2.294507557364628,0.0005838662497068547
2010-12-13,10.0082,2.3034047569777223,0.008897199613094209
2010-12-14,9.99284,2.301868836543626,-0.0015359204340961163
2010-12-15,9.70857,2.2730090006030275,-0.02885983594059871
2010-12-16,9.72398,2.2745949996849992,0.0015859990819717673
2010-12-17,9.71338,2.2735043164799955,-0.0010906832050037174
2010-12-20,9.73459,2.275685521861242,0.0021812053812464427
2010-12-21,9.91955,2.294507557364628,0.018822035503386125
2010-12-22,10.0275,2.3053313186620707,0.010823761297442669
2010-12-23,10.0439,2.3069654850530235,0.001634166390952707
2010-12-27,9.98126,2.300709334859206,-0.006256150193817422
2010-12-28,10.0275,2.3053313186620707,0.004621983802864715
2010-12-29,10.067,2.3092627477472862,0.003931429085215488
2010-12-30,10.1624,2.318694634727114,0.009431886979827553
2010-12-31,10.1412,2.3166063343562997,-0.002088300370814089
2011-01-03,10.1508,2.3175525201158322,0.0009461857595325363
2011-01-04,10.1788,2.320307125981662,0.0027546058658298733
2011-01-05,10.2481,2.3270923225483857,0.006785196566723606
2011-01-06,10.2259,2.3249237176152735,-0.002168604933112217
2011-01-07,10.2597,2.3282235995490512,0.0032998819337777263
2011-01-10,10.2857,2.3307545810708885,0.0025309815218372833
2011-01-11,10.3754,2.3394376195904347,0.008683038519546216
2011-01-12,10.4572,2.3472907363778965,0.007853116787461811
2011-01-13,10.4833,2.3497835148230464,0.0024927784451498347
2011-01-14,10.5883,2.3597496179264326,0.009966103103386192
2011-01-18,10.595,2.3603821917202623,0.0006325737938297493
2011-01-19,10.4746,2.3489532789215737,-0.011428912798688629
2011-01-20,10.2771,2.3299181190616847,-0.019035159859889017
2011-01-21,10.3532,2.3372956506694407,0.007377531607756005
2011-01-24,10.4784,2.349315995481652,0.01202034481221137
2011-01-25,10.4871,2.3501459304223284,0.0008299349406764023
2011-01-26,10.6798,2.3683541067649436,0.01820817634261518
2011-01-27,10.5911,2.360014025795996,-0.00834008096894756
2011-01-28,10.5141,2.3527172134800454,-0.007296812315950696
2011-01-31,10.6153,2.3622963566494066,0.00957914316936126
2011-02-01,10.6278,2.3634732095044693,0.0011768528550626378
2011-02-02,10.6509,2.365644395627169,0.00217118612269962
2011-02-03,10.6124,2.362023128742658,-0.00362126688451081
2011-02-04,10.623,2.363021461797876,0.0009983330552181258
2011-02-07,10.677,2.3680918951961654,0.005070433398289165
2011-02-08,10.3974,2.3415557748921176,-0.026536120304047728
2011-02-09,10.4062,2.3424017823643695,0.0008460074722518307
2011-02-10,10.3898,2.340824555647714,-0.0015772267166553888
2011-02-11,10.4014,2.3419404124721046,0.0011158568243905265
2011-02-14,10.5429,2.3554526475835016,0.013512235111396986
2011-02-15,10.6374,2.364376093150253,0.008923445566751287
2011-02-16,10.647,2.3652781623324692,0.0009020691822163585
2011-02-18,10.7251,2.372586788779936,0.007308626447466882
2011-02-22,10.65,2.365559892155434,-0.007026896624501955
2011-02-23,10.4707,2.348580880336204,-0.016979011819230116
2011-02-24,10.5275,2.353990881053946,0.005410000717741781
2011-02-25,10.5787,2.3588425455346695,0.004851664480723716
2011-02-28,10.6297,2.363651969942438,0.004809424407768326
2011-03-01,10.5575,2.3568365078259617,-0.006815462116476212
2011-03-02,10.5575,2.3568365078259617,0.0
2011-03-03,10.5603,2.357101686965494,0.0002651791395322789
2011-03-04,10.5064,2.351984595288813,-0.0051170916766807295
2011-03-07,10.4486,2.346467998143999,-0.005516597144814117
2011-03-08,10.3638,2.338318964945157,-0.008149033198842304
2011-03-09,10.2211,2.3244542110775734,-0.013864753867583346
2011-03-10,10.0458,2.3071546367084155,-0.017299574369157966
2011-03-11,10.0121,2.3037943615340306,-0.0033602751743848636
2011-03-14,10.0179,2.304373492853262,0.0005791313192315961
2011-03-15,9.63052,2.2649372222753557,-0.03943627057790655
2011-03-16,9.76349,2.2786499184750193,0.013712696199663643
2011-03-17,9.99185,2.3017697607009873,0.023119842225967968
2011-03-18,9.93789,2.2963547244933933,-0.005415036207593982
2011-03-21,10.2723,2.3294509521286066,0.03309622763521336
2011-03-22,10.3272,2.3347811912103626,0.005330239081756005
2011-03-23,10.304,2.332532169361998,-0.0022490218483648405
2011-03-24,10.4072,2.342497874305212,0.009965704943214249
2011-03-25,10.4284,2.344532853601802,0.0020349792965901337
2011-03-28,10.3926,2.3410940144221524,-0.003438839179649822
2011-03-29,10.4544,2.347022942424614,0.0059289280024614754
2011-03-30,10.5093,2.3522605794357516,0.005237637011137775
2011-03-31,10.4958,2.350975177142138,-0.0012854022936137355
2011-04-01,10.5275,2.353990881053946,0.003015703911807943
2011-04-04,10.5275,2.353990881053946,0.0
2011-04-05,10.5507,2.356192208431865,0.0022013273779193376
2011-04-06,10.5969,2.360561505515164,0.0043692970832989175
2011-04-07,10.5999,2.3608445671112572,0.0002830615960931482
2011-04-08,10.4909,2.3505082147241265,-0.01033635238713071
2011-04-11,10.4544,2.347022942424614,-0.003485272299512676
2011-04-12,10.3339,2.335429753023127,-0.011593189401486903
2011-04-13,10.3618,2.338125966913138,0.0026962138900108457
2011-04-14,10.3666,2.3385890996282335,0.0004631327150956821
2011-04-15,10.4833,2.3497835148230464,0.011194415194812901
2011-04-18,10.4312,2.3448013151271256,-0.00498219969592073
2011-04-19,10.4727,2.348771871293363,0.003970556166237316
2011-04-20,10.5479,2.355926787975869,0.007154916682506229
2011-04-21,10.5633,2.3573857294601606,0.0014589414842913762
2011-04-25,10.6413,2.364742656901203,0.007356927441042327
2011-04-26,10.6798,2.3683541067649436,0.0036114498637407344
2011-04-27,10.702,2.370430639889113,0.002076533124169444
2011-04-28,10.7222,2.372316358467713,0.001885718578599871
2011-04-29,10.6904,2.369346142484714,-0.0029702159829989583
2011-05-02,10.4592,2.347481973876328,-0.021864168608385803
2011-05-03,10.1903,2.3214362874293335,-0.026045686446994676
2011-05-04,10.1056,2.313089725639131,-0.008346561790202323
2011-05-05,10.0179,2.304373492853262,-0.008716232785868971
2011-05-06,10.2193,2.3242780892791104,0.019904596425848187
2011-05-09,10.2501,2.3272874616343877,0.0030093723552773177
2011-05-10,10.2529,2.327560592397438,0.0002731307630501334
2011-05-11,10.2317,2.3254907440656294,-0.002069848331808455
2011-05-12,10.0622,2.3087858286356493,-0.016704915429980094
2011-05-13,10.0872,2.3112672933768796,0.0024814647412303437
2011-05-16,9.92347,2.294902658518686,-0.01636463485819384
2011-05-17,9.78469,2.280818919201572,-0.014083739317113597
2011-05-18,10.067,2.3092627477472862,0.028443828545714034
2011-05-19,10.3011,2.3322506856497958,0.022987937902509525
2011-05-20,10.2761,2.3298208106132883,-0.0024298750365074895
2011-05-23,10.1845,2.320866956672058,-0.008953853941230161
2011-05-24,10.1489,2.317365325230632,-0.003501631441426234
2011-05-25,10.2423,2.3265262037654524,0.009160878534820505
2011-05-26,10.2471,2.3269947387238026,0.00046853495835019743
2011-05-27,10.2877,2.330949006883472,0.003954268159669372
2011-05-31,10.2877,2.330949006883472,0.0
2011-06-01,10.1662,2.3190684922523994,-0.011880514631072536
2011-06-02,10.2029,2.3226719936062272,0.0036035013538278093
2011-06-03,10.3137,2.3334731085274405,0.010801114921213273
2011-06-06,10.1711,2.319550365470065,-0.01392274305737562
2011-06-07,10.0015,2.3027350817451704,-0.016815283724894492
2011-06-08,10.0284,2.3054210678132536,0.002685986068083235
2011-06-09,10.1219,2.3147013932726237,0.009280325459370076
2011-06-10,10.2289,2.3252170473003853,0.010515654027761556
2011-06-13,10.2289,2.3252170473003853,0.0
2011-06-14,10.2674,2.3289738273319487,0.0037567800315634337
2011-06-15,10.2173,2.3240823620048685,-0.00489146532708018
2011-06-16,10.0246,2.30504207214722,-0.019040289857648496
2011-06-17,9.90316,2.292853898128833,-0.0121881740183869
2011-06-20,10.0015,2.3027350817451704,0.009881183616337275
2011-06-21,10.2529,2.327560592397438,0.024825510652267457
2011-06-22,10.2096,2.3233284541319454,-0.004232138265492402
2011-06-23,10.2048,2.3228581978336016,-0.00047025629834385185
2011-06-24,10.2674,2.3289738273319487,0.006115629498347097
2011-06-27,10.3696,2.3388784486913146,0.009904621359365873
2011-06-28,10.4032,2.342113451127449,0.0032350024361345042
2011-06-29,10.6297,2.363651969942438,0.021538518814988805
2011-06-30,10.6798,2.3683541067649436,0.004702136822505754
2011-07-01,10.7058,2.370785650683301,0.002431543918357537
2011-07-05,10.6576,2.366273252676778,-0.004512398006523366
2011-07-06,10.6413,2.364742656901203,-0.0015305957755749056
2011-07-07,10.7251,2.372586788779936,0.00784413187873323
2011-07-08,10.703,2.3705240760022384,-0.0020627127776977616
2011-07-11,10.6085,2.361655566571034,-0.00886850943120443
2011-07-12,10.5844,2.359381218993457,-0.0022743475775768296
2011-07-13,10.5633,2.3573857294601606,-0.001995489533296535
2011-07-14,10.5777,2.358748011492891,0.0013622820327303664
2011-07-15,10.6278,2.3634732095044693,0.004725198011578335
2011-07-18,10.5989,2.360750222148265,-0.002722987356204243
2011-07-19,10.7723,2.376978024542982,0.016227802394717106
2011-07-20,10.6664,2.3670986138191115,-0.009879410723870663
2011-07-21,10.7983,2.3793887143329204,0.012290100513808966
2011-07-22,10.7916,2.378768053726333,-0.0006206606065872755
2011-07-25,10.753,2.3751847854083894,-0.0035832683179437552
2011-07-26,10.5941,2.360297242383052,-0.014887543025337457
2011-07-27,10.3445,2.3364549775016608,-0.023842264881391184
2011-07-28,10.3638,2.338318964945157,0.001863987443496029
2011-07-29,10.4226,2.3439765253537956,0.005657560408638851
2011-08-01,10.4833,2.3497835148230464,0.005806989469250734
2011-08-02,10.4736,2.3488578053247244,-0.000925709498321936
2011-08-03,10.5257,2.3538198856704047,0.004962080345680242
2011-08-04,10.1884,2.321249818223201,-0.03257006744720359
2011-08-05,9.97351,2.299932578185021,-0.021317240038180252
2011-08-08,9.39927,2.2406320266858293,-0.059300551499191556
2011-08-09,10.2115,2.3235145361750753,0.08288250948924603
2011-08-10,10.5429,2.3554526475835016,0.031938111408426284
2011-08-11,10.7617,2.3759935348191834,0.020540887235681815
2011-08-12,10.6172,2.36247532756711,-0.0135182072520732
2011-08-15,10.7897,2.3785919753617386,0.016116647794628403
2011-08-16,10.6644,2.3669110915502927,-0.011680883811445941
2011-08-17,10.6336,2.364018799178138,-0.0028922923721546034
2011-08-18,10.2087,2.3232402979190794,-0.040778501259058686
2011-08-19,9.88678,2.2911985112261424,-0.032041786692937
2011-08-22,9.62185,2.264036553881169,-0.02716195734497351
2011-08-23,9.95909,2.2984857019605816,0.034449148079412684
2011-08-24,10.1114,2.3136635002010464,0.015177798240464835
2011-08-25,10.0342,2.3059992580938338,-0.0076642421072126155
2011-08-26,10.172,2.3196388475598733,0.013639589466039492
2011-08-29,10.3532,2.3372956506694407,0.01765680310956741
2011-08-30,10.4861,2.350050570629759,0.0127549199603183
2011-08-31,10.5633,2.3573857294601606,0.007335158830401589
2011-09-01,10.5729,2.3582941236521293,0.0009083941919687533
2011-09-02,10.4293,2.34461915266647,-0.013674970985659396
2011-09-06,10.33,2.3350522831315472,-0.009566869534922695
2011-09-07,10.2327,2.3255884747590088,-0.009463808372538463
2011-09-08,10.2877,2.330949006883472,0.005360532124463191
2011-09-09,10.2039,2.3227700001531435,-0.008179006730328453
2011-09-12,10.1643,2.3188815809609378,-0.0038884191922057276
2011-09-13,10.2357,2.325881609544481,0.007000028583543205
2011-09-14,10.2963,2.3317846073984736,0.00590299785399262
2011-09-15,10.4813,2.3495927170013786,0.01780810960290502
2011-09-16,10.2414,2.3264383290162054,-0.02315438798517322
2011-09-19,10.5429,2.3554526475835016,0.029014318567296193
2011-09-20,10.753,2.3751847854083894,0.019732137824887808
2011-09-21,10.5941,2.360297242383052,-0.014887543025337457
2011-09-22,10.2886,2.3310364861679473,-0.0292607562151046
2011-09-23,10.1759,2.3200221795054556,-0.011014306662491702
2011-09-26,10.252,2.327472808501825,0.0074506289963691685
2011-09-27,10.3648,2.3384154499948733,0.010942641493048466
2011-09-28,10.1508,2.3175525201158322,-0.020862929879041037
2011-09-29,10.12,2.3145136638593193,-0.0030388562565129007
2011-09-30,10.0641,2.308974636315714,-0.005539027543605357
2011-10-03,10.0372,2.3062981909059284,-0.0026764454097856216
2011-10-04,10.0179,2.304373492853262,-0.0019246980526661517
2011-10-05,10.1961,2.322005294233525,0.017631801380262768
2011-10-06,10.3493,2.336918884573932,0.014913590340407179
2011-10-07,10.252,2.327472808501825,-0.009446076072107346
2011-10-10,10.5093,2.3522605794357516,0.02478777093392681
2011-10-11,10.6172,2.36247532756711,0.010214748131358586
2011-10-12,10.649,2.3654659910332465,0.0029906634661363007
2011-10-13,10.6644,2.3669110915502927,0.0014451005170461606
2011-10-14,10.8397,2.38321532035178,0.016304228801487408
2011-10-17,10.7232,2.3724096185608543,-0.01080570179092577
2011-10-18,10.9014,2.3888912213543128,0.01648160279345845
2011-10-19,10.9621,2.394443869005231,0.005552647650918452
2011-10-20,11.019,2.39962105550564,0.005177186500408659
2011-10-21,11.0306,2.400673228884764,0.0010521733791239996
2011-10-24,11.0643,2.403723708962315,0.0030504800775510432
2011-10-25,11.1625,2.4125599462026175,0.00883623724030258
2011-10-26,11.3707,2.4310398713906727,0.01847992518805519
2011-10-27,11.4198,2.4353486909396564,0.004308819548983767
2011-10-28,11.4092,2.4344200474807427,-0.0009286434589137471
2011-10-31,11.3909,2.4328147910187368,-0.0016052564620059329
2011-11-01,11.1625,2.4125599462026175,-0.020254844816119277
2011-11-02,11.2184,2.417555287430304,0.004995341227686634
2011-11-03,11.3485,2.4290855766033874,0.011530289173083297
2011-11-04,11.3986,2.4334905408415066,0.004404964238119202
2011-11-07,11.3928,2.4329815769230807,-0.0005089639184259198
2011-11-08,11.3822,2.4320507316308406,-0.000930845292240079
2011-11-09,11.2127,2.4170470644610615,-0.015003667169779078
2011-11-10,11.3408,2.4284068425485152,0.011359778087453698
2011-11-11,11.4449,2.4375442159264282,0.009137373377912983
2011-11-14,11.5557,2.4471788217270287,0.009634605800600493
2011-11-15,11.4641,2.4392204134466535,-0.007958408280375195
2011-11-16,11.4381,2.4369498882421072,-0.002270525204546292
2011-11-17,11.5258,2.4445880007903527,0.007638112548245424
2011-11-18,11.6182,2.4525728340890662,0.007984833298713578
2011-11-21,11.5759,2.448925350729327,-0.003647483359739301
2011-11-22,11.5431,2.4460878558543673,-0.0028374948749596562
2011-11-23,11.3234,2.4268713810348874,-0.019216474819479856
2011-11-25,11.2107,2.4168686793807166,-0.010002701654170831
2011-11-28,11.5518,2.4468412689812076,0.029972589600490984
2011-11-29,11.5884,2.4500045977787352,0.003163328797527676
2011-11-30,11.5566,2.4472567023360945,-0.0027478954426407576
2011-12-01,11.7917,2.4673958941464202,0.02013919181032575
2011-12-02,11.7589,2.464610400680618,-0.002785493465802258
2011-12-05,11.7329,2.4623968614357636,-0.0022135392448543456
2011-12-06,11.7041,2.459939207768814,-0.0024576536669496107
2011-12-07,11.6713,2.457132836838096,-0.002806370930718227
2011-12-08,11.3986,2.4334905408415066,-0.02364229599658918
2011-12-09,11.5586,2.447429748643718,0.013939207802211584
2011-12-12,11.5884,2.4500045977787352,0.0025748491350170433
2011-12-13,11.4931,2.441746855297172,-0.008257742481563302
2011-12-14,11.3957,2.433236091262827,-0.00851076403434492
2011-12-15,11.4092,2.4344200474807427,0.0011839562179156715
2011-12-16,11.3803,2.4318837903893766,-0.0025362570913660676
2011-12-19,11.3736,2.431294880339351,-0.0005889100500255928
2011-12-20,11.4179,2.4351822994024714,0.003887419063120401
2011-12-21,11.4304,2.4362764728199333,0.0010941734174618745
2011-12-22,11.4555,2.4384699640144114,0.002193491194478092
2011-12-23,11.5634,2.447844937647174,0.009374973632762629
2011-12-27,11.5826,2.4495039719860516,0.0016590343388775963
2011-12-28,11.5672,2.4481735067317794,-0.0013304652542722728
2011-12-29,11.7359,2.4626525200136493,0.014479013281869957
2011-12-30,11.7849,2.4668190509893444,0.004166530975695082
2012-01-03,11.8563,2.4728593718773237,0.006040320887979345
2012-01-04,11.997,2.484656618532791,0.01179724665546722
2012-01-05,12.208,2.5020914745421012,0.017434856009310273
2012-01-06,12.1926,2.5008292103318155,-0.0012622642102857462
2012-01-09,11.9816,2.4833721396960486,-0.017457070635766847
2012-01-10,11.941,2.4799778565512476,-0.003394283144801058
2012-01-11,11.8322,2.4708246285786886,-0.00915322797255902
2012-01-12,11.8447,2.471880510147757,0.0010558815690684398
2012-01-13,11.9102,2.4773951758374655,0.005514665689708487
2012-01-17,12.0933,2.4926515802354463,0.015256404397980816
2012-01-18,12.181,2.499877360717822,0.007225780482375654
2012-01-19,12.2254,2.5035157546620543,0.0036383939442323765
2012-01-20,12.3737,2.515573252431513,0.012057497769458525
2012-01-23,12.4537,2.522017767513906,0.006444515082393298
2012-01-24,12.4411,2.5210055078391225,-0.0010122596747836887
2012-01-25,12.5096,2.5264963495471635,0.005490841708041039
2012-01-26,12.6088,2.5343949828791943,0.00789863333203078
2012-01-27,12.3651,2.5148779882839847,-0.019516994595209614
2012-01-30,12.2474,2.505313669565641,-0.009564318718343845
2012-01-31,12.4286,2.5200002684472027,0.014686598881561874
2012-02-01,12.8921,2.556614720671479,0.036614452224276395
2012-02-02,12.8314,2.5518952919262263,-0.004719428745252774
2012-02-03,12.8516,2.5534683172087287,0.0015730252825023605
2012-02-06,12.9634,2.5621300021965308,0.008661684987802065
2012-02-07,12.9837,2.5636947245849138,0.0015647223883830108
2012-02-08,12.8342,2.552113482812947,-0.011581241771966955
2012-02-09,12.866,2.5545881729888085,0.00247469017586166
2012-02-10,12.9123,2.5581803454584264,0.0035921724696179602
2012-02-13,12.9855,2.563833350341801,0.005653004883374724
2012-02-14,13.0453,2.5684279156412373,0.0045945652994361375
2012-02-15,13.1609,2.577250312616497,0.008822396975259661
2012-02-16,13.3883,2.5943811912247026,0.017130878608205613
2012-02-17,13.4528,2.5991872628203856,0.004806071595683026
2012-02-21,13.3584,2.592145400457599,-0.007041862362786588
2012-02-22,13.3257,2.589694501505128,-0.002450898952471192
2012-02-23,13.1888,2.5793679845768263,-0.010326516928301555
2012-02-24,13.3421,2.590924449387402,0.011556464810575928
2012-02-27,13.3652,2.5926543139383247,0.0017298645509224997
2012-02-28,13.3179,2.5891089950253106,-0.0035453189130141283
2012-02-29,13.3497,2.591493912683649,0.00238491765833837
2012-03-01,13.4153,2.596395846654002,0.004901933970352879
2012-03-02,13.4528,2.5991872628203856,0.0027914161663837866
2012-03-05,13.4943,2.602267374061261,0.0030801112408753717
2012-03-06,13.3131,2.588748512876538,-0.013518861184723008
2012-03-07,13.3103,2.5885381715970377,-0.00021034127950025905
2012-03-08,13.2486,2.5838918864724216,-0.0046462851246160675
2012-03-09,13.2495,2.5839598158711596,6.792939873800918e-05
2012-03-12,13.3315,2.590129655991835,0.006169840120675563
2012-03-13,13.3131,2.588748512876538,-0.0013811431152972453
2012-03-14,13.0848,2.571451251188186,-0.017297261688351995
2012-03-15,13.1185,2.574023447711561,0.0025721965233751476
2012-03-16,13.0087,2.5656183643957156,-0.008405083315845552
2012-03-19,13.2679,2.5853475841254414,0.019729219729725855
2012-03-20,13.2072,2.5807621354315216,-0.004585448693919858
2012-03-21,13.1869,2.579223912570905,-0.001538222860616667
2012-03-22,13.211,2.581049815896217,0.0018259033253120727
2012-03-23,13.0896,2.571818021777297,-0.009231794118920167
2012-03-26,13.0944,2.572184657895061,0.0003666361177643296
2012-03-27,13.0713,2.5704189871122143,-0.0017656707828468399
2012-03-28,13.0385,2.5679065192071246,-0.0025124679050896326
2012-03-29,12.8526,2.5535461255046883,-0.014360393702436358
2012-03-30,12.9855,2.563833350341801,0.010287224837112863
2012-04-02,13.0944,2.572184657895061,0.008351307553259968
2012-04-03,13.1773,2.578495652246352,0.006310994351290677
2012-04-04,12.9374,2.560122341527116,-0.018373310719235647
2012-04-05,13.0173,2.566279242003724,0.006156900476607774
2012-04-09,12.9258,2.5592253140302996,-0.007053927973424301
2012-04-10,12.6801,2.5400338354133134,-0.019191478616986224
2012-04-11,12.6869,2.540569965043374,0.0005361296300607776
2012-04-12,12.8872,2.5562345707016187,0.015664605658244568
2012-04-13,12.9731,2.562877982876441,0.0066434121748222275
2012-04-16,12.9701,2.5626467083988613,-0.00023127447757964603
2012-04-17,13.1715,2.578055404486023,0.015408696087161555
2012-04-18,13.2178,2.581564406051658,0.0035090015656349394
2012-04-19,13.3497,2.591493912683649,0.009929506631991103
2012-04-20,13.4047,2.5956053917284296,0.004111479044780708
2012-04-23,13.4268,2.597252709619539,0.001647317891109168
2012-04-24,13.4558,2.599410239862107,0.00215753024256804
2012-04-25,13.2997,2.5877414785823314,-0.011668761279775453
2012-04-26,13.3883,2.5943811912247026,0.006639712642371176
2012-04-27,13.369,2.5929385940009855,-0.0014425972237170903
2012-04-30,13.421,2.596820644415669,0.00388205041468348
2012-05-01,13.4616,2.5998411878801,0.003020543464431036
2012-05-02,13.7168,2.6186213589423546,0.018780171062254603
2012-05-03,13.6109,2.6108709423241963,-0.00775041661815834
2012-05-04,13.6648,2.6148231833417137,0.003952241017517455
2012-05-07,13.5232,2.6044067289995456,-0.010416454342168091
2012-05-08,13.2052,2.5806106914125135,-0.02379603758703208
2012-05-09,13.0944,2.572184657895061,-0.008426033517452414
2012-05-10,13.2785,2.586146185861523,0.013961527966461773
2012-05-11,13.1937,2.579739442934172,-0.006406742927350884
2012-05-14,13.0684,2.5701971023918926,-0.009542340542279426
2012-05-15,13.1156,2.5738023614145806,0.0036052590226880454
2012-05-16,13.1715,2.578055404486023,0.004253043071442253
2012-05-17,13.1243,2.574465473722081,-0.003589930763941762
2012-05-18,12.6271,2.535845297962683,-0.03862017575939802
2012-05-21,12.8921,2.556614720671479,0.020769422708796004
2012-05-22,12.9567,2.5616130288708705,0.004998308199391399
2012-05-23,12.8911,2.5565371507809687,-0.005075878089901842
2012-05-24,12.895,2.556839639333308,0.0003024885523394971
2012-05-25,12.8748,2.5552719124485637,-0.0015677268847444914
2012-05-29,13.0501,2.5687957965745922,0.013523884126028562
2012-05-30,12.7312,2.5440556736411333,-0.024740122933458952
2012-05-31,12.7003,2.5416256152327934,-0.0024300584083398746
2012-06-01,12.3805,2.5161226541630204,-0.02550296106977301
2012-06-04,12.0375,2.4880267771242437,-0.028095877038776695
2012-06-05,12.234,2.5042189608203733,0.016192183696129625
2012-06-06,12.3969,2.5174464413557818,0.013227480535408453
2012-06-07,12.4662,2.5230209818966585,0.0055745405408766935
2012-06-08,12.527,2.5278863148620547,0.004865332965396263
2012-06-11,12.6078,2.534315670045543,0.006429355183488195
2012-06-12,12.6839,2.5403334726967413,0.006017802651198334
2012-06-13,12.6425,2.537064153972001,-0.0032693187247403444
2012-06-14,12.5404,2.5289554326226815,-0.008108721349319392
2012-06-15,12.445,2.521318935819555,-0.007636496803126391
2012-06-18,12.4035,2.517978690848194,-0.003340244971361095
2012-06-19,12.7023,2.541783079429697,0.023804388581503133
2012-06-20,12.7447,2.5451154989084355,0.003332419478738302
2012-06-21,12.4826,2.5243356745762395,-0.02077982433219594
2012-06-22,12.576,2.531790235686851,0.00745456111061138
2012-06-25,12.5799,2.532100302115104,0.00031006642825293085
2012-06-26,12.6521,2.53782320930088,0.0057229071857762825
2012-06-27,12.9576,2.56168248859005,0.023859279289169866
2012-06-28,13.0443,2.5683512567426345,0.006668768152584548
2012-06-29,13.3459,2.5912092215715807,0.022857964828946198
2012-07-02,13.4798,2.6011922685788424,0.009983047007261714
2012-07-03,13.4808,2.6012664509041956,7.418232535316704e-05
2012-07-05,13.3844,2.5940898496694924,-0.007176601234703206
2012-07-06,13.4876,2.601770744829242,0.007680895159749568
2012-07-09,13.529,2.6048355296212233,0.0030647847919813564
2012-07-10,13.4114,2.5961050915460326,-0.008730438075190694
2012-07-11,13.5917,2.6094593123190997,0.013354220773067027
2012-07-12,13.5993,2.610018320829115,0.0005590085100153352
2012-07-13,13.7738,2.6227682369067358,0.012749916077620771
2012-07-16,13.9963,2.638793008971349,0.01602477206461339
2012-07-17,14.1322,2.648455881675273,0.009662872703923853
2012-07-18,14.2247,2.654979890159074,0.006524008483800969
2012-07-19,14.2401,2.6560619284310825,0.0010820382720084787
2012-07-20,14.2371,2.655851233558616,-0.00021069487246627716
2012-07-23,14.2353,2.6557247953235255,-0.00012643823509073115
2012-07-24,14.0974,2.6459903832177547,-0.009734412105770751
2012-07-25,13.9009,2.6319535862420107,-0.014036796975744004
2012-07-26,14.0378,2.641753691163001,0.009800104920990371
2012-07-27,14.081,2.6448263709351747,0.0030726797721736254
2012-07-30,14.1225,2.6477692702172804,0.002942899282105671
2012-07-31,13.9693,2.6368620646405123,-0.010907205576768053
2012-08-01,14.0926,2.645649836921452,0.008787772280939521
2012-08-02,13.9539,2.6357590390874677,-0.009890797833984166
2012-08-03,13.9597,2.636174607131967,0.00041556804449927043
2012-08-06,14.1331,2.648519563999558,0.012344956867591073
2012-08-07,14.1071,2.64667821674662,-0.0018413472529381636
2012-08-08,13.9655,2.6365900025514017,-0.010088214195218104
2012-08-09,13.9269,2.633822221747912,-0.0027677808034898277
2012-08-10,13.9077,2.6324426435937314,-0.0013795781541805496
2012-08-13,13.7814,2.623319856941627,-0.00912278665210442
2012-08-14,13.8643,2.6293171909558777,0.0059973340142507325
2012-08-15,13.8903,2.6311907548051514,0.0018735638492737294
2012-08-16,13.9992,2.6390001851254006,0.007809430320249167
2012-08-17,14.1987,2.653150411120548,0.01415022599514737
2012-08-20,14.1331,2.648519563999558,-0.004630847120989934
2012-08-21,14.111,2.6469546350756237,-0.001564928923934339
2012-08-22,13.9693,2.6368620646405123,-0.010092570435111359
2012-08-23,13.9201,2.6333338387885155,-0.003528225851996858
2012-08-24,13.9125,2.6327877166016633,-0.0005461221868521271
2012-08-27,13.9183,2.6332045210114514,0.0004168044097880852
2012-08-28,14.0223,2.640648919506699,0.007444398495247473
2012-08-29,13.9944,2.638657249593919,-0.00199166991277977
2012-08-30,14.0175,2.6403065490156905,0.0016492994217713886
2012-08-31,14.0714,2.6441443686638157,0.0038378196481252402
2012-09-04,13.9876,2.6381712228528813,-0.005973145810934444
2012-09-05,13.9818,2.6377564838822103,-0.0004147389706710136
2012-09-06,14.0464,2.6423661351898073,0.004609651307597051
2012-09-07,14.0714,2.6441443686638157,0.001778233474008406
2012-09-10,13.9972,2.6388573096125914,-0.0052870590512243965
2012-09-11,13.9231,2.633549331261479,-0.005307978351112297
2012-09-12,14.0204,2.640513411869923,0.00696408060844389
2012-09-13,14.2217,2.654768967159248,0.014255555289325095
2012-09-14,14.3354,2.6627320026781556,0.007963035518907535
2012-09-17,14.2931,2.6597769033343233,-0.0029550993438323125
2012-09-18,14.3412,2.6631365136786984,0.0033596103443751524
2012-09-19,14.3336,2.6626064315035514,-0.0005300821751470508
2012-09-20,14.4145,2.6682346443979115,0.005628212894360107
2012-09-21,14.2285,2.6552469954423175,-0.012987648955594011
2012-09-24,14.3817,2.665956565055149,0.010709569612831427
2012-09-25,14.0878,2.645309174613861,-0.02064739044128805
2012-09-26,13.9944,2.638657249593919,-0.006651925019941718
2012-09-27,14.1071,2.64667821674662,0.008020967152700731
2012-09-28,14.1264,2.648045387165181,0.0013671704185611588
2012-10-01,14.2257,2.6550501879405046,0.007004800775323616
2012-10-02,14.3432,2.6632759622990805,0.008225774358575855
2012-10-03,14.3384,2.6629412529352505,-0.00033470936382995475
2012-10-04,14.4135,2.668165267403295,0.005224014468044658
2012-10-05,14.4646,2.671704285090339,0.0035390176870437884
2012-10-08,14.4405,2.670036758903994,-0.0016675261863450253
2012-10-09,14.3287,2.6622645189530765,-0.00777223995091747
2012-10-10,14.1553,2.650089112263683,-0.01217540668939332
2012-10-11,14.111,2.6469546350756237,-0.0031344771880594813
2012-10-12,14.1582,2.650293961541246,0.0033393264656225163
2012-10-15,14.2429,2.6562585369350336,0.005964575393787364
2012-10-16,14.3817,2.665956565055149,0.009698028120115332
2012-10-17,14.4549,2.6710334574229337,0.005076892367784858
2012-10-18,14.3614,2.6645440519041528,-0.006489405518780966
2012-10-19,14.111,2.6469546350756237,-0.017589416828529103
2012-10-22,14.1697,2.6511058819894084,0.004151246913784767
2012-10-23,14.1264,2.648045387165181,-0.0030604948242274332
2012-10-24,14.1987,2.653150411120548,0.0051050239553669385
2012-10-25,14.2584,2.6573462067275044,0.004195795606956487
2012-10-26,14.0744,2.644357544342699,-0.012988662384805227
2012-10-31,14.0638,2.643604120136359,-0.0007534242063402807
2012-11-01,14.081,2.6448263709351747,0.0012222507988157716
2012-11-02,14.189,2.6524670165251765,0.007640645590001771
2012-11-05,14.1514,2.6498135591243432,-0.0026534574008332257
2012-11-06,14.2796,2.6588319453146356,0.009018386190292382
2012-11-07,14.1341,2.6485903173815992,-0.010241627933036401
2012-11-08,13.9799,2.6376205837042583,-0.010969733677340887
2012-11-09,13.7101,2.6181327874936473,-0.01948779621061103
2012-11-12,13.425,2.5971186403949282,-0.02101414709871907
2012-11-13,13.5386,2.6055448647970443,0.008426224402116045
2012-11-14,13.4153,2.596395846654002,-0.009149018143042476
2012-11-15,13.0212,2.566578798432025,-0.029817048221976616
2012-11-16,13.5319,2.605049861000527,0.03847106256850186
2012-11-19,13.7044,2.6177169491539263,0.01266708815339923
2012-11-20,13.7092,2.6180671403035056,0.0003501911495793486
2012-11-21,13.792,2.624088713921337,0.0060215736178315105
2012-11-23,13.8749,2.630081452399319,0.005992738477981874
2012-11-26,13.6205,2.6115760107670742,-0.018505441632244768
2012-11-27,13.7477,2.6208715373936644,0.009295526626590167
2012-11-28,13.8807,2.6304993860836507,0.00962784868998634
2012-11-29,13.8007,2.624719315514389,-0.005780070569261664
2012-11-30,13.8277,2.6266738267126675,0.001954511198278386
2012-12-03,13.5723,2.608030951010136,-0.018642875702531647
2012-12-04,13.447,2.5987560328417327,-0.00927491816840309
2012-12-05,13.3237,2.589544404316917,-0.00921162852481583
2012-12-06,13.2659,2.5851968330077133,-0.004347571309203602
2012-12-07,13.2659,2.5851968330077133,0.0
2012-12-10,13.3055,2.588177483580744,0.002980650573030541
2012-12-11,13.3421,2.590924449387402,0.0027469658066583413
2012-12-12,13.1696,2.5779111432362427,-0.013013306151159476
2012-12-13,13.1406,2.575706674114439,-0.0022044691218034984
2012-12-14,13.026,2.56694736012421,-0.008759313990229334
2012-12-17,13.0723,2.5704954876707053,0.003548127546495472
2012-12-18,13.2409,2.5833105240294256,0.012815036358720278
2012-12-19,13.3604,2.5922951077800636,0.008984583750637931
2012-12-20,13.4943,2.602267374061261,0.009972266281197406
2012-12-21,13.3893,2.5944558805172804,-0.0078114935439805855
2012-12-24,13.3536,2.5917860114150963,-0.0026698691021840304
2012-12-26,13.183,2.5789281207758328,-0.01285789063926357
2012-12-27,13.1446,2.576011027897623,-0.002917092878209626
2012-12-28,13.1406,2.575706674114439,-0.0003043537831839416
2012-12-31,13.3604,2.5922951077800636,0.016588433665624347
2013-01-02,13.8344,2.6271582440295753,0.03486313624951176
2013-01-03,13.9799,2.6376205837042583,0.010462339674683019
2013-01-04,14.0666,2.643803193026133,0.006182609321874644
2013-01-07,14.1341,2.6485903173815992,0.0047871243554662435
2013-01-08,14.0638,2.643604120136359,-0.004986197245240298
2013-01-09,14.1755,2.651515122360332,0.007911002223973007
2013-01-10,14.296,2.659979777857127,0.008464655496795093
2013-01-11,14.4145,2.6682346443979115,0.008254866540784445
2013-01-14,14.5195,2.675492573542035,0.007257929144123487
2013-01-15,14.5003,2.674169338867673,-0.0013232346743619061
2013-01-16,14.4627,2.6715729212919386,-0.0025964175757344776
2013-01-17,14.5311,2.6762911801537066,0.004718258861768021
2013-01-18,14.6457,2.684146777020651,0.007855596866944481
2013-01-22,14.8173,2.6957954170351948,0.011648640014543687
2013-01-23,14.8201,2.695984367483502,0.00018895044830724572
2013-01-24,14.5995,2.680987281552521,-0.014997085930981147
2013-01-25,14.8442,2.697609216564874,0.016621935012353095
2013-01-28,15.0706,2.712745826046238,0.015136609481364083
2013-01-29,15.2123,2.722104311144231,0.009358485097993086
2013-01-30,15.1005,2.714727855855451,-0.0073764552887802814
2013-01-31,15.298,2.7277221008996744,0.012994245044223529
2013-02-01,15.2277,2.723116137774577,-0.004605963125097201
2013-02-04,15.1131,2.715561917386049,-0.0075542203885281545
2013-02-05,14.8548,2.6983230453436278,-0.01723887204242125
2013-02-06,14.8837,2.7002666544091665,0.0019436090655386984
2013-02-07,14.8721,2.6994869744417223,-0.0007796799674442134
2013-02-08,14.9848,2.7070363539995457,0.007549379557823421
2013-02-11,15.0244,2.7096755461796507,0.002639192180104999
2013-02-12,15.1227,2.716196926237979,0.006521380058328141
2013-02-13,15.2768,2.726335337722319,0.01013841148434036
2013-02-14,15.4493,2.7375636948739754,0.011228357151656265
2013-02-15,15.245,2.724251580440218,-0.013312114433757571
2013-02-19,15.4175,2.7355032278835107,0.011251647443292878
2013-02-20,15.3192,2.72910694362782,-0.00639628425569061
2013-02-21,15.0928,2.714217808913452,-0.014889134714368257
2013-02-22,15.0764,2.713130607289583,-0.001087201623868772
2013-02-25,14.9848,2.7070363539995457,-0.0060942532900374324
2013-02-26,15.1043,2.714979471494028,0.007943117494482177
2013-02-27,15.2258,2.7229913573715057,0.008011885877477809
2013-02-28,15.298,2.7277221008996744,0.004730743528168713
2013-03-01,15.3375,2.73030081003703,0.0025787091373556947
2013-03-04,15.4695,2.7388703434420965,0.008569533405066387
2013-03-05,15.4801,2.739555328089036,0.0006849846469396681
2013-03-06,15.3539,2.7313695134237053,-0.00818581466533086
2013-03-07,15.4473,2.737434230790368,0.0060647173666628085
2013-03-08,15.589,2.746565537330544,0.00913130654017591
2013-03-11,15.5322,2.7429152884282892,-0.003650248902254738
2013-03-12,15.3771,2.7328793897315036,-0.010035898696785672
2013-03-13,15.3414,2.7305550564422796,-0.00232433328922399
2013-03-14,15.4079,2.734880364899714,0.004325308457434396
2013-03-15,15.2258,2.7229913573715057,-0.011889007528208317
2013-03-18,15.2344,2.72355602866247,0.0005646712909643803
2013-03-19,15.2277,2.723116137774577,-0.0004398908878928687
2013-03-20,15.4349,2.7366311791511464,0.013515041376569226
2013-03-21,15.669,2.7516842381222713,0.015053058971124855
2013-03-22,15.8848,2.7653626771480417,0.013678439025770484
2013-03-25,16.012,2.7733384411303272,0.0079757639822855
2013-03-26,16.1035,2.7790366396686994,0.005698198538372168
2013-03-27,16.0341,2.774717704348224,-0.004318935320475337
2013-03-28,16.2751,2.7896363324689974,0.01491862812077338
2013-04-01,16.382,2.79618317109341,0.006546838624412743
2013-04-02,16.5352,2.805491441915489,0.009308270822078857
2013-04-03,16.0959,2.7785645811743716,-0.026926860741117498
2013-04-04,16.0669,2.7767612551045664,-0.0018033260698051556
2013-04-05,15.9975,2.7724324600314785,-0.004328795073087921
2013-04-08,16.409,2.797829964793013,0.025397504761534684
2013-04-09,16.409,2.797829964793013,0.0
2013-04-10,16.3627,2.795004354232364,-0.0028256105606492277
2013-04-11,16.3849,2.7963601789890347,0.0013558247566707315
2013-04-12,16.3541,2.7944786304330878,-0.0018815485559469103
2013-04-15,16.0323,2.7746054373022266,-0.01987319313086111
2013-04-16,16.3309,2.7930590187521185,0.018453581449891843
2013-04-17,16.2673,2.789156957859296,-0.003902060892822412
2013-04-18,16.3117,2.7918826417347127,0.002725683875416607
2013-04-19,16.4061,2.797653216892958,0.005770575158245528
2013-04-22,16.5102,2.803978371729046,0.006325154836087865
2013-04-23,16.566,2.8073524021760723,0.0033740304470262217
2013-04-24,16.6363,2.8115870548991224,0.004234652723050125
2013-04-25,16.5978,2.809270156459123,-0.002316898439999271
2013-04-26,16.593,2.808980919680651,-0.00028923677847236817
2013-04-29,16.6615,2.8131006687001037,0.00411974901945289
2013-04-30,16.5516,2.8064827738873377,-0.006617894812765979
2013-05-01,16.3049,2.7914656761344654,-0.0150170977528723
2013-05-02,16.5006,2.8033967438817573,0.011931067747291912
2013-05-03,16.5978,2.809270156459123,0.005873412577365844
2013-05-06,16.5487,2.8063075488889284,-0.0029626075701947308
2013-05-07,16.566,2.8073524021760723,0.0010448532871438765
2013-05-08,16.7684,2.8194961628159385,0.012143760639866219
2013-05-09,16.7558,2.8187444669906365,-0.0007516958253019901
2013-05-10,16.8242,2.8228183261091027,0.004073859118466139
2013-05-13,16.7867,2.820586906209004,-0.0022314199000987855
2013-05-14,16.7558,2.8187444669906365,-0.0018424392183673532
2013-05-15,16.8098,2.8219620496697937,0.0032175826791571716
2013-05-16,16.6461,2.8121759547550957,-0.009786094914697951
2013-05-17,16.805,2.821676461177069,0.00950050642197331
2013-05-20,16.807,2.8217954662944296,0.00011900511736051556
2013-05-21,17.0834,2.8381072317818177,0.016311765487388108
2013-05-22,17.2193,2.8460308477668304,0.007923615985012677
2013-05-23,17.071,2.837381117398616,-0.008649730368214481
2013-05-24,17.0083,2.8337014602022625,-0.0036796571963533253
2013-05-28,17.0497,2.8361326082668086,0.0024311480645460293
2013-05-29,16.7655,2.819323203511639,-0.016809404755169677
2013-05-30,16.4648,2.8012247687761134,-0.018098434735525526
2013-05-31,16.2096,2.785603659317276,-0.015621109458837434
2013-06-03,16.225,2.7865532625901537,0.0009496032728777415
2013-06-04,16.1748,2.783454475550087,-0.0030987870400664974
2013-06-05,15.9715,2.770805883927599,-0.012648591622488325
2013-06-06,16.2018,2.785122347177067,0.014316463249468114
2013-06-07,16.4552,2.8006415366818165,0.015519189504749509
2013-06-10,16.3281,2.7928875499375887,-0.007753986744227781
2013-06-11,16.1816,2.7838747942567488,-0.009012755680839923
2013-06-12,16.222,2.786368345648153,0.0024935513914043916
2013-06-13,16.3251,2.792703800718006,0.006335455069852891
2013-06-14,16.4263,2.7988837088794565,0.00617990816145042
2013-06-17,16.5006,2.8033967438817573,0.004513035002300825
2013-06-18,16.566,2.8073524021760723,0.00395565829431499
2013-06-19,16.4225,2.798652345784491,-0.008700056391581334
2013-06-20,15.9744,2.7709874408728075,-0.027664904911683497
2013-06-21,16.0303,2.7744806813558847,0.003493240483077198
2013-06-24,15.8299,2.761900556753574,-0.012580124602310505
2013-06-25,16.0583,2.7762258498647276,0.014325293111153492
2013-06-26,16.4822,2.8022810107172726,0.026055160852545
2013-06-27,16.78,2.8201877010390604,0.01790669032178771
2013-06-28,16.9631,2.8310403966798443,0.01085269564078395
2013-07-01,17.1846,2.8440136339180153,0.01297323723817101
2013-07-02,17.2367,2.8470408316000726,0.003027197682057281
2013-07-03,17.2193,2.8460308477668304,-0.001009983833242245
2013-07-05,17.071,2.837381117398616,-0.008649730368214481
2013-07-08,17.2867,2.8499374197089646,0.012556302310348766
2013-07-09,17.4044,2.8567230478165713,0.006785628107606634
2013-07-10,17.3349,2.852721810444259,-0.004001237372312172
2013-07-11,17.5547,2.8653217203259835,0.012599909881724436
2013-07-12,17.6125,2.8686088772247986,0.003287156898815091
2013-07-15,17.7214,2.874772948828073,0.006164071603274479
2013-07-16,17.3561,2.8539440296157492,-0.020828919212323882
2013-07-17,17.2607,2.848432241032206,-0.005511788583543176
2013-07-18,17.1817,2.843844863930738,-0.004587377101468171
2013-07-19,17.3696,2.8547215517783036,0.01087668784756568
2013-07-22,17.4718,2.8605881526105317,0.005866600832228119
2013-07-23,17.3561,2.8539440296157492,-0.006644122994782453
2013-07-24,17.3696,2.8547215517783036,0.0007775221625543338
2013-07-25,17.1943,2.8445779335469967,-0.010143618231306828
2013-07-26,17.2569,2.848212063498696,0.0036341299516990944
2013-07-29,17.0276,2.8348355569688293,-0.01337650652986655
2013-07-30,16.9755,2.831771128091969,-0.0030644288768604255
2013-07-31,17.1142,2.8399085282662484,0.008137400174279552
2013-08-01,17.2829,2.8497175733690994,0.009809045102850966
2013-08-02,17.1306,2.8408663379923254,-0.008851235376774014
2013-08-05,16.9861,2.8323953625417126,-0.008470975450612706
2013-08-06,17.2319,2.846762317240277,0.014366954698564527
2013-08-07,17.0208,2.8344361255658614,-0.012326191674415732
2013-08-08,16.832,2.8232818365552994,-0.011154289010562035
2013-08-09,16.8628,2.825110012331881,0.0018281757765814532
2013-08-12,16.7212,2.8166773754161163,-0.008432636915764569
2013-08-13,16.6527,2.8125723654417527,-0.004105009974363583
2013-08-14,16.6065,2.809794184985494,-0.00277818045625855
2013-08-15,16.4976,2.803214915781542,-0.006579269203952354
2013-08-16,16.3589,2.7947720917502674,-0.008442824031274387
2013-08-19,16.144,2.781548463611253,-0.013223628139014565
2013-08-20,16.3589,2.7947720917502674,0.013223628139014565
2013-08-21,16.3397,2.7935977294101915,-0.0011743623400759517
2013-08-22,16.3251,2.792703800718006,-0.0008939286921854084
2013-08-23,16.4543,2.800586841229122,0.00788304051111588
2013-08-26,16.4215,2.798591451861686,-0.00199538936743604
2013-08-27,16.4812,2.802220337364384,0.0036288855026982425
2013-08-28,16.4764,2.80192905401645,-0.000291283347934268
2013-08-29,16.4379,2.799589644242662,-0.0023394097737878816
2013-08-30,16.3917,2.79677510915858,-0.002814535084081804
2013-09-03,16.1768,2.783578117039383,-0.013196992119197226
2013-09-04,16.0833,2.7777814665758775,-0.005796650463505415
2013-09-05,16.1517,2.782025307286783,0.004243840710905555
2013-09-06,16.1787,2.78369556229612,0.0016702550093370405
2013-09-09,16.3203,2.7924097317199488,0.008714169423828633
2013-09-10,16.5448,2.8060718530563293,0.013662121336380562
2013-09-11,16.3213,2.7924710032262667,-0.0136008498300626
2013-09-12,16.1219,2.780178596137793,-0.012292407088473567
2013-09-13,16.0101,2.7732197730853065,-0.006958823052486629
2013-09-16,16.0775,2.777420779026881,0.004201005941574465
2013-09-17,15.9744,2.7709874408728075,-0.006433338154073542
2013-09-18,16.6527,2.8125723654417527,0.04158492456894525
2013-09-19,17.1518,2.8421031243726467,0.029530758930893963
2013-09-20,16.9303,2.829104916011673,-0.012998208360973873
2013-09-23,16.7376,2.8176576856073594,-0.011447230404313391
2013-09-24,16.6267,2.811009836953264,-0.006647848654095512
2013-09-25,16.7703,2.8196094647627663,0.008599627809502408
2013-09-26,16.9399,2.8296717860187632,0.010062321255996931
2013-09-27,16.8021,2.821503878597364,-0.008167907421399168
2013-09-30,16.8397,2.8237391939286556,0.0022353153312915097
2013-10-01,17.0333,2.835170251592472,0.011431057663816357
2013-10-02,16.9679,2.8313233237985274,-0.0038469277939445767
2013-10-03,16.7655,2.819323203511639,-0.01200012028688846
2013-10-04,16.7588,2.818923493445257,-0.00039971006638195306
2013-10-07,16.6817,2.8143123102024945,-0.00461118324276244
2013-10-08,16.3521,2.7943563294624774,-0.019955980740017143
2013-10-09,16.3849,2.7963601789890347,0.0020038495265572998
2013-10-10,16.5458,2.806132293181338,0.009772114192303505
2013-10-11,16.6778,2.814078493747346,0.00794620056600781
2013-10-14,16.9591,2.8308045629179692,0.016726069170623248
2013-10-15,16.6923,2.8149475352493236,-0.015857027668645607
2013-10-16,16.8628,2.825110012331881,0.010162477082557242
2013-10-17,17.176,2.84351306057648,0.01840304824459915
2013-10-18,17.1374,2.8412632097145885,-0.002249850861891556
2013-10-21,17.4881,2.8615206496246044,0.02025743991001594
2013-10-22,17.5729,2.866357942648518,0.00483729302391378
2013-10-23,17.4631,2.8600900833342577,-0.006267859314260438
2013-10-24,17.6596,2.8712795448626727,0.011189461528414935
2013-10-25,17.7878,2.8785128290502735,0.00723328418760083
2013-10-28,17.5971,2.867734115740316,-0.0107787133099575
2013-10-29,17.5653,2.8659253649912384,-0.0018087507490776034
2013-10-30,17.6808,2.8724793050545765,0.006553940063338093
2013-10-31,17.65,2.8707357833793057,-0.0017435216752708094
2013-11-01,17.6385,2.870084012949443,-0.0006517704298625304
2013-11-04,17.705,2.873847085563867,0.00376307261442399
2013-11-05,17.4448,2.8590416099699802,-0.014805475593886896
2013-11-06,17.5257,2.8636683750616148,0.0046267650916345104
2013-11-07,17.3224,2.852000461663943,-0.011667913397671814
2013-11-08,17.2377,2.847098845662698,-0.004901616001244946
2013-11-11,17.174,2.843396612250293,-0.0037022334124050538
2013-11-12,17.0555,2.836472732356737,-0.006923879893555807
2013-11-13,16.9794,2.8320008445698353,-0.004471887786901885
2013-11-14,17.149,2.84193986287401,0.009939018304174763
2013-11-15,17.3205,2.851890771077883,0.009950908203872899
2013-11-18,17.3147,2.8515558516863844,-0.0003349193914985449
2013-11-19,17.0411,2.8356280733082606,-0.015927778378123758
2013-11-20,17.1192,2.840200640649801,0.004572567341540434
2013-11-21,17.3349,2.852721810444259,0.012521169794458054
2013-11-22,17.4352,2.8584911512404845,0.005769340796225375
2013-11-25,17.5547,2.8653217203259835,0.006830569085499061
2013-11-26,17.5353,2.8642159920856534,-0.0011057282403301727
2013-11-27,17.5547,2.8653217203259835,0.0011057282403301727
2013-11-29,17.5613,2.865697617357406,0.00037589703142248965
2013-12-02,17.4698,2.860473675883525,-0.005223941473881055
2013-12-03,17.5026,2.862349441322398,0.0018757654388732448
2013-12-04,17.3051,2.851001255747294,-0.011348185575104086
2013-12-05,17.1432,2.8416015935267356,-0.009399662220558547
2013-12-06,17.3272,2.8522775211411493,0.010675927614413716
2013-12-09,17.361,2.8542263112598114,0.0019487901186621137
2013-12-10,17.2781,2.8494398036268542,-0.004786507632957182
2013-12-11,17.0844,2.8381657664255635,-0.01127403720129072
2013-12-12,17.071,2.837381117398616,-0.0007846490269476369
2013-12-13,17.1798,2.8437342750448082,0.0063531576461923756
2013-12-16,17.1624,2.842720944420159,-0.0010133306246493667
2013-12-17,17.2107,2.8455312834230106,0.0028103390028517694
2013-12-18,17.3349,2.852721810444259,0.0071905270212484496
2013-12-19,17.5093,2.862732168342742,0.010010357898482702
2013-12-20,17.4814,2.8611374585534146,-0.0015947097893271867
2013-12-23,17.731,2.8753145200748516,0.01417706152143694
2013-12-24,17.7801,2.8780798543669053,0.0027653342920537227
2013-12-26,17.9083,2.885264292527881,0.007184438160975581
2013-12-27,18.1829,2.900481591979611,0.015217299451730337
2013-12-30,18.3948,2.912068015977925,0.011586423998313666
2013-12-31,18.4903,2.917246270253889,0.005178254275964189
2014-01-02,18.1963,2.901218276711877,-0.01602799354201201
2014-01-03,18.1385,2.8980367510805376,-0.0031815256313394435
2014-01-06,17.993,2.8899827933703817,-0.008053957710155935
2014-01-07,18.0586,2.893622025604212,0.003639232233830114
2014-01-08,17.755,2.8766671663950514,-0.0169548592091604
2014-01-09,17.8514,2.882081936522618,0.005414770127566637
2014-01-10,17.835,2.881162818810855,-0.0009191177117631177
2014-01-13,17.7984,2.879108565617454,-0.0020542531934006902
2014-01-14,17.9323,2.886603556021642,0.0074949904041878845
2014-01-15,17.9728,2.888859503905168,0.0022559478835257885
2014-01-16,17.9728,2.888859503905168,0.0
2014-01-17,17.8456,2.881756979240435,-0.007102524664732712
2014-01-21,18.1751,2.9000525254677205,0.018295546227285353
2014-01-22,18.3302,2.908549972866829,0.008497447399108626
2014-01-23,18.2117,2.9020642446814677,-0.006485728185361417
2014-01-24,18.0528,2.893300797402045,-0.008763447279422909
2014-01-27,17.9207,2.885956469283865,-0.007344328118179977
2014-01-28,17.9786,2.889182161718233,0.0032256924343680993
2014-01-29,18.0923,2.895486433392777,0.006304271674543838
2014-01-30,18.3534,2.9098148434407713,0.014328410047994566
2014-01-31,18.7157,2.929362743809463,0.019547900368691806
2014-02-03,18.4382,2.9144245994810394,-0.014938144328423775
2014-02-04,18.3582,2.9100763411705,-0.004348258310539421
2014-02-05,18.2262,2.902860119348525,-0.007216221821975122
2014-02-06,18.2936,2.906551271902748,0.0036911525542233647
2014-02-07,18.5287,2.919320881333218,0.012769609430469675
2014-02-10,18.6318,2.924869798303732,0.005548916970514295
2014-02-11,18.866,2.9373613602276616,0.012491561923929417
2014-02-12,18.8361,2.935775241350014,-0.001586118877647369
2014-02-13,18.8988,2.9390984279863983,0.00332318663638409
2014-02-14,18.8448,2.9362370137681144,-0.0028614142182838975
2014-02-18,18.7504,2.931215085522201,-0.005021928245913632
2014-02-19,18.6318,2.924869798303732,-0.006345287218468609
2014-02-20,18.5384,2.919844256521534,-0.005025541782198051
2014-02-21,18.4315,2.914061157409433,-0.0057830991121012865
2014-02-24,18.4999,2.9177653266642647,0.003704169254831857
2014-02-25,18.5721,2.9216604545928884,0.003895127928623676
2014-02-26,18.9267,2.94057362355868,0.018913168965791538
2014-02-27,19.0317,2.9461060099508214,0.005532386392141486
2014-02-28,18.9248,2.9404732312359663,-0.0056327787148551245
2014-03-03,19.0115,2.945044059226468,0.00457082799050168
2014-03-04,19.0452,2.9468151013193764,0.0017710420929084592
2014-03-05,19.1021,2.949798276652764,0.0029831753333877664
2014-03-06,18.9576,2.942204906536182,-0.007593370116582232
2014-03-07,18.9546,2.9420466461341865,-0.0001582604019954026
2014-03-10,18.943,2.9414344701461417,-0.0006121759880448607
2014-03-11,18.973,2.9430169158819965,0.001582445735854865
2014-03-12,18.9103,2.9397067471664173,-0.0033101687155792092
2014-03-13,18.8477,2.936390890534353,-0.003315856632064129
2014-03-14,19.1203,2.9507505978767314,0.014359707342378236
2014-03-17,19.3545,2.9629249505778734,0.012174352701141977
2014-03-18,19.3997,2.9652576020321892,0.002332651454315826
2014-03-19,19.4007,2.9653091478925524,5.154586036315578e-05
2014-03-20,19.5,2.970414465569701,0.005105317677148502
2014-03-21,19.4161,2.966102618802467,-0.004311846767234062
2014-03-24,19.1714,2.953419585168192,-0.01268303363427492
2014-03-25,19.3208,2.9611822357945847,0.0077626506263928086
2014-03-26,19.3285,2.9615806906231,0.00039845482851541547
2014-03-27,19.4249,2.966555748235312,0.004975057612211842
2014-03-28,19.4682,2.9687823651873924,0.0022266169520803736
2014-03-31,19.5578,2.9733741838433194,0.00459181865592706
2014-04-01,19.9529,2.993374496180157,0.020000312336837744
2014-04-02,19.8748,2.989452597596683,-0.003921898583474359
2014-04-03,19.9288,2.9921659216743826,0.0027133240776997525
2014-04-04,19.9384,2.992647520592067,0.00048159891768451146
2014-04-07,19.7341,2.9823481038185076,-0.0102994167735595
2014-04-08,20.0338,2.9974208471108907,0.015072743292383173
2014-04-09,20.3653,3.013832472148269,0.016411625037378474
2014-04-10,20.1956,3.0054647588983707,-0.00836771324989849
2014-04-11,20.3489,3.013026856373577,0.007562097475206198
2014-04-14,20.3527,3.013213581220317,0.00018672484674020495
2014-04-15,20.4308,3.0170435661637045,0.0038299849433873767
2014-04-16,20.6003,3.0253056387962904,0.008262072632585937
2014-04-17,20.5705,3.023858010613008,-0.0014476281832824789
2014-04-21,20.7912,3.0345298202619033,0.010671809648895358
2014-04-22,20.8422,3.036979777532255,0.002449957270351799
2014-04-23,20.6255,3.026528174351144,-0.010451603181111047
2014-04-24,20.4096,3.016005378393547,-0.010522795957597086
2014-04-25,20.2053,3.0059449462301573,-0.010060432163389699
2014-04-28,20.4606,3.0185010856066925,0.012556139376535214
2014-04-29,20.8268,3.0362406188914832,0.01773953328479072
2014-04-30,20.8268,3.0362406188914832,0.0
2014-05-01,20.7978,3.0348472118825436,-0.00139340700893964
2014-05-02,20.9125,3.0403470663129424,0.005499854430398798
2014-05-05,21.2305,3.055438827015786,0.015091760702843793
2014-05-06,21.0368,3.0462732850477083,-0.00916554196807784
2014-05-07,21.1891,3.0534868985136514,0.0072136134659430695
2014-05-08,20.9039,3.0399357444334285,-0.013551154080222894
2014-05-09,20.8191,3.0358708345867744,-0.004064909846654086
2014-05-12,20.8499,3.0373491520702394,0.0014783174834649415
2014-05-13,20.7978,3.0348472118825436,-0.0025019401876957836
2014-05-14,20.8981,3.039658245747374,0.004811033864830616
2014-05-15,20.8114,3.0355009134910484,-0.004157332256325752
2014-05-16,20.8576,3.037718390221051,0.002217476730002499
2014-05-19,20.7584,3.0329509840365994,-0.004767406184451595
2014-05-20,20.8673,3.0381833404150473,0.005232356378447989
2014-05-21,20.8721,3.038413338930654,0.0002299985156066775
2014-05-22,21.1361,3.050982479032971,0.012569140102316911
2014-05-23,21.1072,3.049614214503033,-0.0013682645299377683
2014-05-27,21.1361,3.050982479032971,0.0013682645299377683
2014-05-28,21.0822,3.0484290825539597,-0.002553396479011205
2014-05-29,21.0397,3.046411129212722,-0.002017953341237888
2014-05-30,21.3076,3.059063816586454,0.012652687373732263
2014-06-02,21.5735,3.071465709639429,0.012401893052974788
2014-06-03,21.5032,3.068201761267761,-0.0032639483716678797
2014-06-04,21.4907,3.0676202834138233,-0.0005814778539376952
2014-06-05,21.4772,3.066991907326362,-0.0006283760874614686
2014-06-06,21.4242,3.064521124230112,-0.002470783096249818
2014-06-09,21.3461,3.0608690531992484,-0.003652071030863624
2014-06-10,21.3856,3.062717798334614,0.0018487451353657036
2014-06-11,21.1968,3.0538502268886396,-0.008867571445974498
2014-06-12,21.111,3.0497942316525215,-0.004055995236118104
2014-06-13,21.2739,3.0574809692449554,0.007686737592433879
2014-06-16,21.3336,3.0602832946134377,0.00280232536848235
2014-06-17,21.3028,3.0588385194749366,-0.0014447751385011642
2014-06-18,21.058,3.0472805354345676,-0.011557984040369007
2014-06-19,21.3664,3.0618195946814124,0.014539059246844843
2014-06-20,21.4733,3.066810302920792,0.0049907082393794155
2014-06-23,21.7248,3.0784544651251906,0.011644162204398789
2014-06-24,21.6738,3.076104157812201,-0.0023503073129895746
2014-06-25,21.9705,3.0897006444443345,0.01359648663213342
2014-06-26,22.0717,3.094296244941498,0.004595600497163677
2014-06-27,22.1835,3.0993487692927966,0.0050525243512984375
2014-06-30,22.2972,3.1044611100445723,0.00511234075177569
2014-07-01,22.4397,3.1108317115811728,0.0063706015366005175
2014-07-02,22.3656,3.107524064157418,-0.003307647423754556
2014-07-03,22.1189,3.096432446665358,-0.011091617492060113
2014-07-07,21.8356,3.0835416653783994,-0.012890781286958752
2014-07-08,21.771,3.0805788089641095,-0.0029628564142898384
2014-07-09,22.1323,3.0970380799774304,0.016459271013320897
2014-07-10,22.0505,3.093335277372726,-0.0037028026047045692
2014-07-11,22.1073,3.095907870723224,0.002572593350498309
2014-07-14,22.0861,3.0949484513698278,-0.0009594193533963846
2014-07-15,22.036,3.09267747961047,-0.002270971759357643
2014-07-16,22.1593,3.098257272932504,0.005579793322033844
2014-07-17,22.1102,3.0960390405091305,-0.0022182324233734896
2014-07-18,22.1623,3.0983926471069285,0.0023536065977980414
2014-07-21,22.0929,3.095256289938093,-0.003136357168835424
2014-07-22,22.329,3.1058862820458835,0.010629992107790365
2014-07-23,22.3732,3.107863813997517,0.0019775319516335266
2014-07-24,22.4966,3.1133641866808293,0.005500372683312271
2014-07-25,22.4657,3.1119897016182447,-0.0013744850625845295
2014-07-28,22.5794,3.1170379861806925,0.005048284562447769
2014-07-29,22.4869,3.1129329174309777,-0.004105068749714835
2014-07-30,22.0823,3.0947763826505907,-0.018156534780386924
2014-07-31,21.4415,3.0653282964418938,-0.02944808620869699
2014-08-01,21.0658,3.047650872397954,-0.017677424043939904
2014-08-04,21.6063,3.0729849388303325,0.025334066432378677
2014-08-05,21.1342,3.0508925813979277,-0.022092357432404786
2014-08-06,21.3124,3.0592890629506164,0.008396481552688684
2014-08-07,21.2825,3.057885138776075,-0.0014039241745416042
2014-08-08,21.6352,3.074321617914222,0.016436479138147053
2014-08-11,21.7585,3.080004485788167,0.005682867873945341
2014-08-12,21.4589,3.066139477734102,-0.01386500805406543
2014-08-13,21.7817,3.0810701677186887,0.014930689984586909
2014-08-14,22.0418,3.092940650641396,0.011870482922707204
2014-08-15,22.1323,3.0970380799774304,0.004097429336034519
2014-08-18,22.0842,3.0948624207111646,-0.002175659266265839
2014-08-19,22.353,3.1069605402397,0.012098119528535456
2014-08-20,22.6382,3.119638744873915,0.012678204634215096
2014-08-21,22.6045,3.1181490015017186,-0.0014897433721965392
2014-08-22,22.6354,3.1195150524790725,0.001366050977353872
2014-08-25,22.9216,3.132079697437995,0.01256464495892251
2014-08-26,22.9552,3.1335444903619885,0.0014647929239934854
2014-08-27,23.1354,3.141363912030114,0.007819421668125326
2014-08-28,23.2106,3.1446090708785412,0.003245158848427465
2014-08-29,23.3571,3.150901006417926,0.006291935539384674
2014-09-02,23.3571,3.150901006417926,0.0
2014-09-03,23.279,3.14755166661417,-0.0033493398037558464
2014-09-04,23.146,3.141821979425886,-0.005729687188284149
2014-09-05,23.279,3.14755166661417,0.005729687188284149
2014-09-08,23.3821,3.151970772369597,0.004419105755427033
2014-09-09,23.6297,3.1625043953924528,0.010533623022855654
2014-09-10,23.5198,3.1578426195929117,-0.004661775799541079
2014-09-11,23.6239,3.1622589114492556,0.004416291856343957
2014-09-12,22.9216,3.132079697437995,-0.03017921401126067
2014-09-15,22.7491,3.1245255841748643,-0.007554113263130713
2014-09-16,23.0969,3.139698409388039,0.015172825213174868
2014-09-17,23.1354,3.141363912030114,0.0016655026420746566
2014-09-18,23.3108,3.148916772493067,0.007552860462953337
2014-09-19,23.6239,3.1622589114492556,0.01334213895618852
2014-09-22,23.1691,3.1428194943579686,-0.019439417091287048
2014-09-23,22.7567,3.124859607533234,-0.017959886824734372
2014-09-24,22.803,3.126892106252013,0.0020324987187789745
2014-09-25,22.6354,3.1195150524790725,-0.007377053772940734
2014-09-26,22.9052,3.13136395901855,0.011848906539477344
2014-09-29,23.1643,3.1426123004107436,0.011248341392193772
2014-09-30,23.1643,3.1426123004107436,0.0
2014-10-01,22.7731,3.125580014858076,-0.01703228555266767
2014-10-02,22.6122,3.1184895836350646,-0.00709043122301134
2014-10-03,22.5554,3.1159745051300622,-0.0025150785050023217
2014-10-06,22.4657,3.1119897016182447,-0.003984803511817514
2014-10-07,22.3202,3.105492098046441,-0.006497603571803623
2014-10-08,21.9753,3.089919095355188,-0.01557300269125328
2014-10-09,21.165,3.052348873972887,-0.03757022138230104
2014-10-10,20.8595,3.037809479966086,-0.014539394006800599
2014-10-13,19.5713,2.974064207408168,-0.0637452725579184
2014-10-14,19.8372,2.9875589628648296,0.013494755456661789
2014-10-15,20.8653,3.0380874920853707,0.050528529220541074
2014-10-16,21.8471,3.0840681896209796,0.04598069753560896
2014-10-17,21.5379,3.069814173939276,-0.014254015681703702
2014-10-20,21.8847,3.0857877625297117,0.01597358859043574
2014-10-21,22.0726,3.094337020307746,0.008549257778034391
2014-10-22,21.8529,3.0843336358467943,-0.010003384460951725
2014-10-23,21.9753,3.089919095355188,0.005585459508393509
2014-10-24,22.1323,3.0970380799774304,0.007118984622242586
2014-10-27,22.0842,3.0948624207111646,-0.002175659266265839
2014-10-28,22.1863,3.0994749812659728,0.004612560554808187
2014-10-29,22.0967,3.0954282761072083,-0.004046705158764485
2014-10-30,21.5659,3.0711133635206314,-0.02431491258657692
2014-10-31,21.4136,3.0640262341929794,-0.0070871293276519864
2014-11-03,21.5195,3.068959500822922,0.004933266629942423
2014-11-04,21.1448,3.0513940123788923,-0.017565488444029498
2014-11-05,21.3028,3.0588385194749366,0.007444507096044273
2014-11-06,21.2237,3.0551184817939636,-0.003720037680972954
2014-11-07,21.8308,3.083321816706682,0.028203334912718425
2014-11-10,21.8944,3.086230896361094,0.0029090796544117836
2014-11-11,21.8944,3.086230896361094,0.0
2014-11-12,21.9339,3.088033385195683,0.001802488834589333
2014-11-13,21.6256,3.073877798097779,-0.01415558709790421
2014-11-14,21.6063,3.0729849388303325,-0.000892859267446422
2014-11-17,21.7026,3.0774320690372927,0.004447130206960193
2014-11-18,21.8193,3.082794899230384,0.005362830193091472
2014-11-19,22.381,3.108212384637992,0.02541748540760791
2014-11-20,22.6883,3.1218493731113792,0.013636988473387124
2014-11-21,22.9446,3.133082614702903,0.011233241591523946
2014-11-24,22.7403,3.1241386808475053,-0.008943933855397823
2014-11-25,22.5554,3.1159745051300622,-0.0081641757174431
2014-11-26,22.8271,3.12794842663005,0.01197392149998766
2014-11-28,21.665,3.075698055191873,-0.05225037143817701
2014-12-01,21.0706,3.0478787039175312,-0.027819351274341653
2014-12-02,21.5341,3.0696377252018197,0.021759021284288416
2014-12-03,22.1487,3.0977788040238545,0.02814107882203487
2014-12-04,22.1323,3.0970380799774304,-0.0007407240464241127
2014-12-05,21.6256,3.073877798097779,-0.023160281879651468
2014-12-08,20.5117,3.020995455046281,-0.05288234305149775
2014-12-09,20.6563,3.028020357623917,0.007024902577635661
2014-12-10,20.0213,2.9967967068438197,-0.031223650780097145
2014-12-11,19.6879,2.9800042338397725,-0.01679247300404718
2014-12-12,19.2543,2.957734412412327,-0.022269821427445713
2014-12-15,18.7773,2.9326486934761733,-0.025085718936153523
2014-12-16,19.4643,2.968582018432725,0.03593332495655188
2014-12-17,20.2573,3.008515222417421,0.0399332039846958
2014-12-18,20.0473,2.9980944813430104,-0.0104207410744106
2014-12-19,19.8054,2.9859546277898947,-0.012139853553115643
2014-12-22,20.0897,3.0002072459129585,0.014252618123063776
2014-12-23,20.4269,3.016852659675486,0.016645413762527372
2014-12-24,20.5724,3.023950371627975,0.007097711952489316
2014-12-26,20.6293,3.026712395339284,0.0027620237113086255
2014-12-29,21.088,3.048704158320097,0.021991762980813068
2014-12-30,21.2507,3.0563898360043478,0.00768567768425088
2014-12-31,20.9588,3.042558605905491,-0.013831230098856562
2015-01-02,21.3722,3.0620910120902938,0.019532406184802564
2015-01-05,19.9615,2.9938054183602767,-0.06828559373001708
2015-01-06,19.4923,2.970019515792433,-0.023785902567843742
2015-01-07,19.7409,2.982692625671187,0.01267310987875403
2015-01-08,19.9837,2.9949169412609327,0.012224315589745682
2015-01-09,19.9143,2.991438066630968,-0.0034788746299647677
2015-01-12,18.97,2.9428587839469227,-0.04857928268404521
2015-01-13,18.4815,2.9167702317506956,-0.026088552196227077
2015-01-14,18.8303,2.935467274565515,0.01869704281481921
2015-01-15,19.0857,2.948939363543958,0.013472088978442986
2015-01-16,19.9509,2.9932742551002764,0.044334891556318645
2015-01-20,19.8622,2.988818427909878,-0.004455827190398498
2015-01-21,20.7131,3.0307663503476006,0.04194792243772261
2015-01-22,20.4356,3.017278477974976,-0.013487872372624388
2015-01-23,20.4596,3.018452209990239,0.0011737320152627184
2015-01-26,20.2651,3.0089001946844305,-0.009552015305808403
2015-01-27,20.2284,3.0070875575921256,-0.0018126370923048363
2015-01-28,19.5472,2.9728320536676582,-0.03425550392446741
2015-01-29,20.1542,3.0034127033973417,0.03058064972968344
2015-01-30,20.1996,3.005662802230899,0.0022500988335574235
2015-02-02,20.4057,3.0158142735866793,0.010151471355780206
2015-02-03,20.7198,3.031089764835044,0.015275491248364581
2015-02-04,20.3865,3.014872917081375,-0.01621684775366905
2015-02-05,20.9251,3.0409493953366407,0.026076478255265823
2015-02-06,20.6996,3.0301143764131213,-0.010835018923519346
2015-02-09,20.3055,3.0108917853118133,-0.019222591101307973
2015-02-10,20.2805,3.009659833251404,-0.0012319520604093803
2015-02-11,19.9817,2.994816854685962,-0.014842978565441811
2015-02-12,20.0878,3.000112665612969,0.0052958109270067055
2015-02-13,20.1996,3.005662802230899,0.005550136617930246
2015-02-17,20.1706,3.0042260986729143,-0.0014367035579847531
2015-02-18,19.9644,2.9939506874715605,-0.01027541120135389
2015-02-19,19.816,2.9864896921870585,-0.007460995284501948
2015-02-20,19.9413,2.9927929579953125,0.006303265808254022
2015-02-23,19.6773,2.9794656870900447,-0.013327270905267863
2015-02-24,19.7361,2.9824494460970725,0.002983759007027853
2015-02-25,19.7958,2.985469793987482,0.0030203478904096137
2015-02-26,19.1849,2.9541235112798057,-0.031346282707676476
2015-02-27,19.555,2.9732310082074775,0.019107496927671885
2015-03-02,19.2504,2.9575318397386874,-0.01569916846879016
2015-03-03,19.3372,2.962030701880976,0.004498862142288562
2015-03-04,19.0847,2.94888696692248,-0.013143734958495745
2015-03-05,19.1705,2.953372639137861,0.004485672215380987
2015-03-06,18.7619,2.931828217767372,-0.021544421370489175
2015-03-09,18.6569,2.926216050856968,-0.005612166910403893
2015-03-10,18.891,2.9386856181747154,0.012469567317747288
2015-03-11,18.4025,2.912486524950724,-0.026199093223991277
2015-03-12,18.4334,2.9141642364901674,0.001677711539443294
2015-03-13,18.2763,2.905605138536754,-0.008559097953413364
2015-03-16,18.362,2.9102833117215083,0.004678173184754275
2015-03-17,18.4179,2.913323017813266,0.0030397060917577434
2015-03-18,18.8949,2.938892044382049,0.025569026568783126
2015-03-19,18.7089,2.928999346467884,-0.00989269791416536
2015-03-20,18.8679,2.93746206542917,0.008462718961286253
2015-03-23,19.3429,2.9623254270777184,0.0248633616485483
2015-03-24,18.917,2.9400609886835265,-0.0222644383941919
2015-03-25,19.0607,2.947628623679685,0.007567634996158645
2015-03-26,19.1155,2.9504995242742327,0.002870900594547532
2015-03-27,19.0028,2.944586336729834,-0.005913187544398735
2015-03-30,19.3015,2.9601828130980348,0.015596476368200829
2015-03-31,19.3131,2.96078362213653,0.0006008090384952425
2015-04-01,19.1367,2.951607957366738,-0.009175664769792036
2015-04-02,19.156,2.952615982480363,0.0010080251136250773
2015-04-06,19.2186,2.9558785600982844,0.0032625776179213695
2015-04-07,19.555,2.9732310082074775,0.01735244810919312
2015-04-08,19.5828,2.9746516299427523,0.0014206217352747963
2015-04-09,19.6262,2.9768654082959167,0.002213778353164386
2015-04-10,19.7997,2.985666786070553,0.008801377774636077
2015-04-13,19.6465,2.9778992054021987,-0.007767580668354146
2015-04-14,19.7765,2.9844943641271873,0.0065951587249886146
2015-04-15,19.9577,2.993615033782856,0.009120669655668934
2015-04-16,20.1157,3.0015006046968207,0.007885570913964468
2015-04-17,19.8574,2.9885767336318203,-0.01292387106500037
2015-04-20,19.8468,2.9880427850696107,-0.000533948562209563
2015-04-21,19.7293,2.982104840439089,-0.005937944630521663
2015-04-22,19.5608,2.9735275635657983,-0.008577276873290796
2015-04-23,19.6725,2.979221721427001,0.005694157861202864
2015-04-24,19.8468,2.9880427850696107,0.008821063642609595
2015-04-27,19.7891,2.985131281066445,-0.0029115040031655326
2015-04-28,19.5964,2.9753458758970464,-0.009785405169398853
2015-04-29,19.9037,2.990905644095913,0.015559768198866841
2015-04-30,20.3141,3.0113152262185925,0.020409582122679293
2015-05-01,20.2959,3.010418895205615,-0.0008963310129774804
2015-05-04,20.136,3.002509257833015,-0.007909637372600198
2015-05-05,20.2313,3.0072309101135217,0.004721652280506916
2015-05-06,19.898,2.990619224167168,-0.01661168594635365
2015-05-07,19.555,2.9732310082074775,-0.017388215959690534
2015-05-08,19.792,2.9852778156501323,0.012046807442654739
2015-05-11,19.607,2.9758866453332846,-0.009391170316847663
2015-05-12,20.1648,3.00393851010109,0.028051864767805412
2015-05-13,19.9095,2.99119700475223,-0.012741505348860205
2015-05-14,20.212,3.006276487429662,0.01507948267743231
2015-05-15,19.9991,2.9956872725414607,-0.010589214888201415
2015-05-18,20.1899,3.0051824793654767,0.009495206824015945
2015-05-19,20.0935,3.0003963796808675,-0.004786099684609191
2015-05-20,19.9991,2.9956872725414607,-0.004709107139406754
2015-05-21,20.0049,2.9959772435463923,0.00028997100493155514
2015-05-22,19.9991,2.9956872725414607,-0.00028997100493155514
2015-05-26,19.6484,2.9779959100636932,-0.01769136247776748
2015-05-27,19.6484,2.9779959100636932,0.0
2015-05-28,19.3959,2.9650617035276086,-0.01293420653608468
2015-05-29,19.2274,2.9563363450513966,-0.00872535847621192
2015-06-01,19.0616,2.947675840138302,-0.00866050491309478
2015-06-02,19.0731,2.948278965394229,0.000603125255927317
2015-06-03,18.7649,2.9319881035027073,-0.016290861891521846
2015-06-04,18.5326,2.9195313434602554,-0.012456760042451887
2015-06-05,18.7109,2.9291062417480247,0.009574898287769251
2015-06-08,18.5181,2.9187486321624787,-0.01035760958554599
2015-06-09,18.5181,2.9187486321624787,0.0
2015-06-10,18.6348,2.925030800381007,0.006282168218528117
2015-06-11,18.5933,2.9228013007723654,-0.002229499608641383
2015-06-12,18.627,2.9246121410508654,0.001810840278499981
2015-06-15,18.9845,2.94362285675544,0.019010715704574466
2015-06-16,18.973,2.9430169158819965,-0.0006059408734433447
2015-06-17,18.8255,2.9352123337582023,-0.0078045821237942015
2015-06-18,18.8429,2.93613618511571,0.0009238513575078322
2015-06-19,18.2908,2.906398201194716,-0.02973798392099436
2015-06-22,18.4218,2.9135347459225924,0.007136544727876615
2015-06-23,18.3611,2.9102342962516716,-0.003300449670920802
2015-06-24,18.2869,2.9061849565120386,-0.004049339739633062
2015-06-25,17.9073,2.8852084509392846,-0.02097650557275399
2015-06-26,17.9005,2.8848286454174854,-0.00037980552179917026
2015-06-29,17.7916,2.878726435801059,-0.0061022096164262685
2015-06-30,17.729,2.8752017169162434,-0.0035247188848157585
2015-07-01,17.2511,2.847875909560211,-0.027325807356032517
2015-07-02,17.6394,2.870135036394727,0.022259126834516252
2015-07-06,17.4476,2.8592021033729,-0.010932933021827296
2015-07-07,18.1231,2.897187367659736,0.03798526428683635
2015-07-08,17.7916,2.878726435801059,-0.018460931858677032
2015-07-09,17.8042,2.879434384521203,0.0007079487201440138
2015-07-10,18.1067,2.896282035523199,0.0168476510019957
2015-07-13,18.0008,2.890416201352984,-0.00586583417021469
2015-07-14,18.3746,2.910969276154476,0.02055307480149171
2015-07-15,17.9526,2.887734951241661,-0.023234324912814852
2015-07-16,17.6279,2.869482874170367,-0.01825207707129417
2015-07-17,17.2887,2.8500531088985173,-0.019429765271849586
2015-07-20,16.8734,2.8257384174485702,-0.024314691449947023
2015-07-21,16.6663,2.8133887165180327,-0.012349700930537555
2015-07-22,16.3397,2.7935977294101915,-0.019790987107841218
2015-07-23,16.2558,2.7884497681707807,-0.005147961239410748
2015-07-24,16.2471,2.7879144313111297,-0.0005353368596510144
2015-07-27,16.7144,2.816270623325904,0.02835619201477435
2015-07-28,17.2289,2.846588206366033,0.03031758304012877
2015-07-29,17.6818,2.8725358619819668,0.02594765561593393
2015-07-30,17.3802,2.855331627250897,-0.01720423473106969
2015-07-31,17.0266,2.834776827061782,-0.020554800189115152
2015-08-03,16.4119,2.7980066814587685,-0.03677014560301339
2015-08-04,16.5256,2.804910693701906,0.006904012243137636
2015-08-05,15.5389,2.743346557363335,-0.061564136338571274
2015-08-06,15.5774,2.745821145900308,0.0024745885369732434
2015-08-07,15.8838,2.7652997219029047,0.019478576002596615
2015-08-10,16.6152,2.8103179390497885,0.04501821714688381
2015-08-11,16.4648,2.8012247687761134,-0.009093170273675177
2015-08-12,17.1278,2.840702874432659,0.03947810565654564
2015-08-13,17.0497,2.8361326082668086,-0.004570266165850434
2015-08-14,17.0844,2.8381657664255635,0.002033158158754933
2015-08-17,17.7926,2.8787826405211465,0.04061687409558301
2015-08-18,17.6674,2.871721133456482,-0.007061507064664685
2015-08-19,17.2289,2.846588206366033,-0.02513292709044901
2015-08-20,16.911,2.8279642977675477,-0.018623908598485173
2015-08-21,16.4215,2.798591451861686,-0.029372845905861755
2015-08-24,15.7027,2.7538326720906325,-0.04475877977105336
2015-08-25,15.7547,2.7571387334538415,0.0033060613632089897
2015-08-26,16.382,2.79618317109341,0.03904443763956866
2015-08-27,17.1028,2.8392421927943015,0.043059021700891265
2015-08-28,17.1991,2.8448570568689813,0.005614864074679815
2015-08-31,16.8936,2.8269348519798942,-0.017922204889087023
2015-09-01,16.5188,2.804499126229294,-0.022435725750600266
2015-09-02,16.6451,2.8121158788190947,0.007616752589800768
2015-09-03,16.4543,2.800586841229122,-0.011529037589972813
2015-09-04,16.3753,2.795774101964182,-0.004812739264939747
2015-09-08,16.4706,2.8015769733984928,0.005802871434310575
2015-09-09,16.2606,2.7887450038078665,-0.012831969590626269
2015-09-10,16.2452,2.7877974805257337,-0.0009475232821327673
2015-09-11,15.775,2.758426408427277,-0.029371072098456796
2015-09-14,15.5814,2.7460778951988676,-0.012348513228409352
2015-09-15,15.6594,2.7510713756524052,0.0049934804535376465
2015-09-16,16.0929,2.7783781809352397,0.027306805282834468
2015-09-17,16.4167,2.7982991094047795,0.019920928469539856
2015-09-18,16.119,2.779998700414794,-0.018300408989985417
2015-09-21,16.4543,2.800586841229122,0.020588140814327804
2015-09-22,15.9677,2.770567931817469,-0.03001890941165275
2015-09-23,15.3597,2.7317471962787887,-0.038820735538680484
2015-09-24,15.301,2.7279181857396764,-0.003829010539112332
2015-09-25,15.27,2.725890119230541,-0.002028066509135229
2015-09-28,14.111,2.6469546350756237,-0.07893548415491747
2015-09-29,13.2803,2.5862817341545754,-0.06067290092104827
2015-09-30,14.9628,2.7055671208084036,0.11928538665382815
2015-10-01,15.8154,2.7609841488816462,0.05541702807324267
2015-10-02,16.6431,2.8119957161186537,0.051011567237007505
2015-10-05,17.2473,2.8476556094874326,0.03565989336877884
2015-10-06,16.7568,2.818804146036744,-0.028851463450688453
2015-10-07,16.911,2.8279642977675477,0.009160151730803534
2015-10-08,17.1509,2.8420506503691305,0.014086352601582863
2015-10-09,17.2945,2.850388531881606,0.008337881512475498
2015-10-12,16.9957,2.832960370884731,-0.017428160996875164
2015-10-13,16.7067,2.81580983656926,-0.017150534315470978
2015-10-14,16.7135,2.816216776090498,0.0004069395212380478
2015-10-15,17.3205,2.851890771077883,0.035673994987384994
2015-10-16,17.3619,2.854278150247926,0.002387379170043058
2015-10-19,17.0555,2.836472732356737,-0.017805417891188835
2015-10-20,16.7674,2.8194365250556768,-0.01703620730106037
2015-10-21,16.3049,2.7914656761344654,-0.027970848921211378
2015-10-22,15.9195,2.7675447728878497,-0.023920903246615666
2015-10-23,16.172,2.7832813517785246,0.015736578890674924
2015-10-26,15.8482,2.7630559292055645,-0.020225422572960117
2015-10-27,15.617,2.7483600645057087,-0.014695864699855843
2015-10-28,16.2693,2.7892798963348913,0.040919831829182574
2015-10-29,16.8406,2.8237926376331486,0.03451274129825732
2015-10-30,16.8551,2.8246532816260035,0.0008606439928549037
2015-11-02,16.8657,2.8252819737299357,0.000628692103932238
2015-11-03,17.2752,2.849271947010739,0.023989973280803323
2015-11-04,16.7077,2.8158696910032943,-0.03340225600744473
2015-11-05,16.5112,2.804038938513029,-0.01183075249026544
2015-11-06,16.3405,2.7936466887188955,-0.010392249794133335
2015-11-09,16.2519,2.788209825017699,-0.005436863701196337
2015-11-10,16.3184,2.7922933055141166,0.00408348049641738
2015-11-11,16.118,2.7799366599023196,-0.012356645611796946
2015-11-12,15.5842,2.746257580493393,-0.03367907940892678
2015-11-13,15.7529,2.7570244753064763,0.01076689481308346
2015-11-16,16.3483,2.7941239164022633,0.037099441095787
2015-11-17,16.0843,2.7778436409376774,-0.01628027546458588
2015-11-18,16.1768,2.783578117039383,0.005734476101705521
2015-11-19,15.9947,2.7722574173643815,-0.011320699675001489
2015-11-20,15.5784,2.7458853394052314,-0.026372077959150086
2015-11-23,15.5071,2.741297983561806,-0.004587355843425289
2015-11-24,15.6902,2.753036313636293,0.011738330074487102
2015-11-25,15.8154,2.7609841488816462,0.00794783524535303
2015-11-27,15.6401,2.749838128958617,-0.011146019923029105
2015-11-30,15.4869,2.739994505284715,-0.009843623673901902
2015-12-01,15.3732,2.732625733668251,-0.007368771616464098
2015-12-02,14.955,2.7050456920819115,-0.027580041586339643
2015-12-03,14.3538,2.6640147155124536,-0.04103097656945787
2015-12-04,13.9867,2.638106878079263,-0.025907837433190473
2015-12-07,13.3353,2.590414654568771,-0.04769222351049196
2015-12-08,13.8161,2.6258345788031283,0.035419924234357136
2015-12-09,14.7681,2.692469449135187,0.0666348703320585
2015-12-10,14.2911,2.659636965886134,-0.032832483249052746
2015-12-11,13.6581,2.614332752228304,-0.045304213657829884
2015-12-14,13.5164,2.603903762968735,-0.010428989259569033
2015-12-15,13.6754,2.615598598337297,0.011694835368561751
2015-12-16,14.323,2.661866636797728,0.04626803846043126
2015-12-17,14.1032,2.6464017219893967,-0.015464914808331454
2015-12-18,14.2911,2.659636965886134,0.013235243896737359
2015-12-21,14.7729,2.6927944212107593,0.03315745532462522
2015-12-22,15.0813,2.7134555657607606,0.020661144550001342
2015-12-23,15.6334,2.7494096511673556,0.03595408540659495
2015-12-24,15.8299,2.761900556753574,0.01249090558621857
2015-12-28,15.2132,2.722163472045466,-0.03973708470810822
2015-12-29,15.2335,2.723496950091235,0.0013334780457689988
2015-12-30,15.1891,2.720578065346106,-0.0029188847451289135
2015-12-31,15.6054,2.747617008204225,0.02703894285811881
2016-01-04,16.1286,2.780594093577919,0.03297708537369415
2016-01-05,15.9869,2.7717696368809377,-0.008824456696981287
2016-01-06,15.3048,2.7281665046870347,-0.043603132193902994
2016-01-07,14.7488,2.691161723544052,-0.03700478114298278
2016-01-08,14.7931,2.694160855841283,0.002999132297230922
2016-01-11,14.0926,2.645649836921452,-0.048511018919831006
2016-01-12,14.2439,2.6563287448910278,0.010678907969575935
2016-01-13,13.2929,2.587230058100828,-0.0690986867901997
2016-01-14,14.0542,2.6429212834927136,0.055691225391885535
2016-01-15,13.7236,2.6191169785498816,-0.023804304942832033
2016-01-19,12.9509,2.561165283800166,-0.05795169474971562
2016-01-20,12.2128,2.5024845820620687,-0.05868070173809725
2016-01-21,12.6127,2.534704242838442,0.03221966077637317
2016-01-22,13.1648,2.5775466010364463,0.042842358198004415
2016-01-25,13.0366,2.567760786304596,-0.009785814731850362
2016-01-26,13.5492,2.60632750499234,0.03856671868774386
2016-01-27,13.7959,2.6243714465705046,0.0180439415781648
2016-01-28,14.8018,2.6947487949963813,0.07037734842587673
2016-01-29,14.8451,2.6976698444678746,0.0029210494714932977
2016-02-01,14.8635,2.6989085431849267,0.001238698717052067
2016-02-02,14.3846,2.6661581898737614,-0.03275035331116527
2016-02-03,14.5427,2.677089149501747,0.010930959627985626
2016-02-04,14.9396,2.704015405584534,0.02692625608278698
2016-02-05,14.2381,2.655921470115368,-0.04809393546916585
2016-02-08,13.2438,2.583529518393084,-0.07239195172228419
2016-02-09,12.9142,2.55832748115265,-0.025202037240434016
2016-02-10,12.8757,2.555341814003902,-0.002985667148748039
2016-02-11,12.2889,2.5086964159107383,-0.04664539809316359
2016-02-12,12.79,2.548663615590751,0.03996719968001283
2016-02-16,13.5733,2.6081046277754645,0.059441012184713315
2016-02-17,14.3422,2.6632062404196293,0.0551016126441648
2016-02-18,14.2757,2.6585587911173936,-0.004647449302235707
2016-02-19,13.8643,2.6293171909558777,-0.02924160016151589
2016-02-22,23.41,3.1531632815028194,0.5238460905469418
2016-02-23,14.0252,2.640855711556638,-0.5123075699461817
2016-02-24,23.18,3.1432898379116057,0.5024341263549679
2016-02-25,22.96,3.133753571451366,-0.009536266460239862
2016-02-26,14.2988,2.660175617660794,-0.473577953790572
2016-02-29,23.37,3.1514531485507664,0.4912775308899726
2016-03-01,23.05,3.1376657694426577,-0.013787379108108677
2016-03-02,23.73,3.166740070447672,0.02907430100501429
2016-03-03,24.11,3.1826266921930797,0.01588662174540767
2016-03-04,24.08,3.1813816204406202,-0.00124507175245947
2016-03-07,25.1,3.2228678461377385,0.04148622569711824
2016-03-08,23.37,3.1514531485507664,-0.07141469758697205
2016-03-09,23.4,3.152736022363656,0.0012828738128893846
2016-03-10,14.4414,2.670099081673638,-0.4826369406900177
2016-03-11,14.9396,2.704015405584534,0.03391632391089594
2016-03-14,23.99,3.177637076851603,0.4736216712670691
2016-03-15,14.8279,2.696510541267903,-0.4811265355837002
2016-03-16,24.65,3.204776900488699,0.5082663592207961
2016-03-17,25.2,3.2268439945173775,0.022067094028678458
2016-03-18,25.5,3.2386784521643803,0.01183445764700286
2016-03-21,15.3308,2.7298638767797843,-0.5088145753845961
2016-03-22,15.6044,2.7475529257685576,0.017689048988773326
2016-03-23,15.088,2.7138997258911015,-0.033653199877456075
2016-03-24,15.2422,2.724067896795418,0.010168170904316653
2016-03-28,15.088,2.7138997258911015,-0.010168170904316653
2016-03-29,15.0937,2.7142774382179597,0.0003777123268582372
2016-03-30,24.38,3.1937631240531252,0.4794856858351655
2016-03-31,24.62,3.2035591207563074,0.009795996703182208
2016-04-01,24.19,3.185939324621936,-0.01761979613437159
2016-04-04,15.0552,2.7117234464685063,-0.4742158781534296
2016-04-05,23.86,3.17220341666977,0.46047997020126363
2016-04-06,24.25,3.188416617383492,0.01621320071372212
2016-04-07,14.956,2.7051125571148673,-0.4833040602686247
2016-04-08,24.4,3.1945831322991562,0.48947057518428894
2016-04-11,24.36,3.192942442841696,-0.0016406894574600983
2016-04-12,15.5293,2.7427285620945048,-0.4502138807471914
2016-04-13,25.06,3.221272949467922,0.4785443873734172
2016-04-14,24.36,3.192942442841696,-0.028330506626225826
2016-04-15,23.98,3.177220149599368,-0.01572229324232799
2016-04-18,24.88,3.2140642678709788,0.036844118271610604
2016-04-19,26.19,3.2653776585196206,0.05131339064864182
2016-04-20,16.5795,2.8081669924369828,-0.45721066608263783
2016-04-21,26.79,3.2880286835565173,0.4798616911195346
2016-04-22,16.9525,2.83041531557586,-0.4576133679806573
2016-04-25,16.8686,2.825453905562352,-0.004961410013507805
2016-04-26,16.9197,2.828478623524436,0.0030247179620839226
2016-04-27,17.0912,2.838563711163314,0.010085087638878054
2016-04-28,16.885,2.826425653837531,-0.012138057325782992
2016-04-29,16.8156,2.822307026982035,-0.0041186268554960215
2016-05-02,16.3299,2.7929977832649096,-0.02930924371712562
2016-05-03,16.0399,2.7750793680049695,-0.01791841525994009
2016-05-04,25.53,3.2398542312533927,0.4647748632484232
2016-05-05,16.1614,2.7826256830038365,-0.45722854824955617
2016-05-06,26.05,3.260017768199376,0.47739208519553955
2016-05-09,25.68,3.2457124788217606,-0.014305289377615438
2016-05-10,25.69,3.2461018111217923,0.0003893323000316862
2016-05-11,16.3935,2.7968849148027006,-0.4492168963190917
2016-05-12,16.5496,2.8063619323467024,0.009477017544001765
2016-05-13,16.5458,2.806132293181338,-0.00022963916536422602
2016-05-16,16.8339,2.8233947104129427,0.017262417231604488
2016-05-17,17.069,2.837263952782196,0.013869242369253243
2016-05-18,16.8098,2.8219620496697937,-0.015301903112402204
2016-05-19,27.16,3.3017453026904953,0.47978325302070157
2016-05-20,17.2443,2.8474816540891577,-0.4542636486013376
2016-05-23,17.2703,2.848988263171578,0.001506609082420507
2016-05-24,17.1634,2.8427792096317654,-0.0062090535398127145
2016-05-25,17.4708,2.8605309158851435,0.017751706253378075
2016-05-26,17.2887,2.8500531088985173,-0.010477806986626259
2016-05-27,17.4004,2.856493194461999,0.0064400855634816345
2016-05-31,27.76,3.3235961356386037,0.4671029411766048
2016-06-01,17.7242,2.8749309374080845,-0.4486651982305192
2016-06-02,28.19,3.338967305126021,0.46403636771793666
2016-06-03,28.31,3.343215099123808,0.004247793997786964
2016-06-06,28.9,3.3638415951183864,0.02062649599457833
2016-06-07,18.2069,2.901800643113709,-0.4620409520046773
2016-06-08,18.0942,2.895591444930325,-0.006209198183384057
2016-06-09,28.9,3.3638415951183864,0.4682501501880614
2016-06-10,28.2,3.339321977944068,-0.024519617174318498
2016-06-13,17.5913,2.867404461646778,-0.47191751629728973
2016-06-14,17.3831,2.8554984698697927,-0.01190599177698548
2016-06-15,17.465,2.8601988782587955,0.004700408389002764
2016-06-16,17.4592,2.859866730346842,-0.00033214791195357307
2016-06-17,17.465,2.8601988782587955,0.00033214791195357307
2016-06-20,17.6866,2.8728072907166267,0.012608412457831175
2016-06-21,28.67,3.3558512798952784,0.48304398917865177
2016-06-22,18.1058,2.8962323289301617,-0.45961895096511673
2016-06-23,29.42,3.3816747151732915,0.48544238624312985
2016-06-24,17.9449,2.8873059520011517,-0.49436876317213985
2016-06-27,17.4891,2.861577829730517,-0.02572812227063448
2016-06-28,17.8929,2.8844039861163733,0.022826156385856056
2016-06-29,28.9,3.3638415951183864,0.47943760900201315
2016-06-30,29.26,3.3762213955919784,0.012379800473591995
2016-07-01,29.02,3.367985247456042,-0.008236148135936538
2016-07-05,29.0,3.367295829986474,-0.0006894174695677435
2016-07-06,28.87,3.3628029936748436,-0.004492836311630555
2016-07-07,28.92,3.3645333972905638,0.0017304036157201885
2016-07-08,29.05,3.3690184832979204,0.004485086007356642
2016-07-11,29.08,3.3700506526653187,0.0010321693673982502
2016-07-12,18.8573,2.9369001068296687,-0.43315054583564994
2016-07-13,18.6858,2.9277638771132275,-0.009136229716441235
2016-07-14,18.6434,2.925492196057438,-0.002271681055789454
2016-07-15,18.5114,2.9183867585172436,-0.007105437540194437
2016-07-18,18.656,2.926167810168082,0.007781051650838311
2016-07-19,29.4,3.380994674344636,0.45482686417655405
2016-07-20,18.6126,2.9238387707290725,-0.45715590361556346
2016-07-21,18.5172,2.918700029883022,-0.005138740846050371
2016-07-22,18.6,2.9231615807191558,0.004461550836133643
2016-07-25,18.3342,2.908768168174314,-0.014393412544841944
2016-07-26,18.3072,2.9072944250920725,-0.0014737430822413522
2016-07-27,18.2002,2.90143258303336,-0.00586184205871243
2016-07-28,28.46,3.3484995926617063,0.4470670096283462
2016-07-29,28.47,3.3488509012899463,0.0003513086282400657
2016-08-01,17.3831,2.8554984698697927,-0.4933524314201536
2016-08-02,17.1779,2.8436236739276244,-0.011874795942168337
2016-08-03,17.44,2.8587664184808337,0.015142744553209297
2016-08-04,17.1076,2.8395228092168807,-0.019243609263952965
2016-08-05,27.2,3.3032169733019514,0.4636941640850707
2016-08-08,27.54,3.315639493300509,0.01242251999855748
2016-08-09,27.18,3.3024814087229974,-0.013158084577511442
2016-08-10,17.2241,2.8463095658975073,-0.45617184282549017
2016-08-11,17.2097,2.845473178345773,-0.0008363875517343189
2016-08-12,17.3831,2.8554984698697927,0.010025291524019764
2016-08-15,27.23,3.3043193066856684,0.4488208368158757
2016-08-16,27.39,3.3101779832749867,0.005858676589318268
2016-08-17,27.56,3.3163654461454577,0.0061874628704710055
2016-08-18,27.02,3.2965773325320527,-0.019788113613405045
2016-08-19,26.81,3.2887749522478678,-0.0078023802841848955
2016-08-22,16.9929,2.832795609758569,-0.45597934248929883
2016-08-23,26.53,3.2782761681496484,0.4454805583910795
2016-08-24,16.8128,2.822140501069029,-0.45613566708061937
2016-08-25,16.8647,2.8252226800363958,0.0030821789673667332
2016-08-26,16.9851,2.832336489143052,0.007113809106656266
2016-08-29,16.9929,2.832795609758569,0.00045912061551689476
2016-08-30,26.47,3.27601201623901,0.4432164064804409
2016-08-31,26.4,3.2733640101522705,-0.0026480060867393185
2016-09-01,16.9399,2.8296717860187632,-0.4436922241335073
2016-09-02,17.1316,2.8409247113600764,0.011252925341313169
2016-09-06,27.16,3.3017453026904953,0.46082059133041886
2016-09-07,27.11,3.299902663510574,-0.0018426391799213349
2016-09-08,17.4072,2.8568839137351754,-0.44301874977539857
2016-09-09,26.81,3.2887749522478678,0.4318910385126924
2016-09-12,27.29,3.306520334720247,0.017745382472379223
2016-09-13,26.34,3.271088696315135,-0.035431638405111876
2016-09-14,16.6363,2.8115870548991224,-0.4595016414160127
2016-09-15,16.5853,2.8085167608697263,-0.00307029402939607
2016-09-16,26.01,3.25848107946056,0.44996431859083375
2016-09-19,26.74,3.286160571673797,0.027679492213236845
2016-09-20,26.65,3.2827891506118534,-0.003371421061943547
2016-09-21,17.4448,2.8590416099699802,-0.42374754064187314
2016-09-22,17.6693,2.871828670379954,0.012787060409973794
2016-09-23,27.28,3.3061538329752613,0.4343251625953073
2016-09-26,17.3243,2.8521101402192977,-0.4540436927559637
2016-09-27,17.2029,2.8450779742584036,-0.007032165960894066
2016-09-28,17.5671,2.866027834506647,0.020949860248243635
2016-09-29,17.5151,2.8630633660251013,-0.0029644684815459676
2016-09-30,17.651,2.870792438998142,0.007729072973040818
2016-10-03,17.5113,2.8628463868314125,-0.007946052166729611
2016-10-04,17.0642,2.8369827016817046,-0.025863685149707827
2016-10-05,17.1837,2.843961260073501,0.006978558391796508
2016-10-06,26.76,3.286908235260028,0.4429469751865267
2016-10-07,17.1721,2.8432859737788543,-0.44362226148117356
2016-10-10,27.44,3.3120018028576843,0.46871582907883
2016-10-11,27.27,3.305787196857497,-0.006214606000187306
2016-10-12,27.23,3.3043193066856684,-0.0014678901718285786
2016-10-13,17.3638,2.8543875792876228,-0.44993172739804566
2016-10-14,17.1779,2.8436236739276244,-0.010763905359998382
2016-10-17,16.9851,2.832336489143052,-0.011287184784572357
2016-10-18,17.2685,2.8488840325670624,0.016547543424010325
2016-10-19,17.3696,2.8547215517783036,0.005837519211241204
2016-10-20,17.2925,2.850272881492603,-0.004448670285700729
2016-10-21,26.75,3.2865344733420154,0.4362615918494126
2016-10-24,26.72,3.285412348668445,-0.0011221246735706458
2016-10-25,26.28,3.26880819361641,-0.01660415505203483
2016-10-26,26.87,3.2910104226273997,0.022202229010989782
2016-10-27,26.07,3.2607852279454104,-0.030225194681989365
2016-10-28,25.57,3.2414197893030954,-0.01936543864231499
2016-10-31,25.24,3.228430037673012,-0.012989751630083202
2016-11-01,16.0727,2.777122180571154,-0.4513078571018583
2016-11-02,16.1508,2.7819695840455334,0.004847403474379508
2016-11-03,24.93,3.2160718975354663,0.4341023134899329
2016-11-04,15.9098,2.7669352715604383,-0.449136625975028
2016-11-07,24.71,3.2072080200005186,0.44027274844008035
2016-11-08,24.77,3.209633243501268,0.002425223500749585
2016-11-09,16.3136,2.7919991157596047,-0.41763412774166353
2016-11-10,16.6933,2.815007441316628,0.02300832555702348
2016-11-11,16.3839,2.7962991453228456,-0.018708295993782542
2016-11-14,16.3839,2.7962991453228456,0.0
2016-11-15,16.5978,2.809270156459123,0.012971011136277522
2016-11-16,16.3377,2.793475320650468,-0.01579483580865526
2016-11-17,16.3377,2.793475320650468,0.0
2016-11-18,16.3695,2.795419847239117,0.001944526588649076
2016-11-21,25.62,3.2433732964685884,0.44795344922947145
2016-11-22,16.6441,2.8120557992737587,-0.4313174971948297
2016-11-23,16.6893,2.8147677955119788,0.002711996238220049
2016-11-25,25.76,3.248822901236153,0.43405510572417416
2016-11-28,25.44,3.2363227384719213,-0.012500162764231604
2016-11-29,25.33,3.231989464013584,-0.004333274458337311
2016-11-30,16.8194,2.822532982089285,-0.4094564819242992
2016-12-01,25.46,3.2371085931292605,0.41457561103997564
2016-12-02,25.38,3.2339614622862416,-0.003147130843018875
2016-12-05,25.55,3.2406373166497136,0.006675854363471956
2016-12-06,16.461,2.800993946744948,-0.4396433699047657
2016-12-07,25.47,3.2375012889913655,0.43650734224641763
2016-12-08,25.64,3.2441536320524693,0.006652343061103849
2016-12-09,16.6161,2.81037210485132,-0.43378152720114915
2016-12-12,16.6297,2.811190253354807,0.0008181485034870484
2016-12-13,16.9745,2.8317122179299488,0.02052196457514155
2016-12-14,25.35,3.232778730037192,0.4010665121072434
2016-12-15,25.91,3.2546289945740186,0.02185026453682637
2016-12-16,16.8503,2.8243684607941812,-0.4302605337798373
2016-12-19,26.1,3.261935314328648,0.43756685353446656
2016-12-20,17.0305,2.835005854196626,-0.4269294601320217
2016-12-21,26.93,3.2932409068235073,0.45823505262688125
2016-12-22,26.99,3.2954664270299134,0.0022255202064060953
2016-12-23,17.4872,2.8614691847336555,-0.4339972422962579
2016-12-27,17.4679,2.8603649108530926,-0.0011042738805628893
2016-12-28,26.85,3.2902658209548736,0.429900910101781
2016-12-29,17.4284,2.858101059563995,-0.43216476139087856
2016-12-30,17.5383,2.8643870609241713,0.006286001360176208
2017-01-03,26.91,3.2924979647388146,0.42811090381464334
2017-01-04,17.5441,2.8647177110537427,-0.4277802536850719
2017-01-05,27.41,3.3109079103146946,0.4461901992609518
2017-01-06,27.65,3.3196257279683437,0.008717817653649096
2017-01-09,27.56,3.3163654461454577,-0.0032602818228859576
2017-01-10,26.84,3.289893312103481,-0.02647213404197668
2017-01-11,17.7262,2.875043771113889,-0.41484954098959204
2017-01-12,17.7068,2.8739487465921996,-0.0010950245216894139
2017-01-13,27.38,3.3098128198603027,0.43586407326810317
2017-01-17,27.69,3.3210713371828704,0.011258517322567663
2017-01-18,27.68,3.3207101307494686,-0.00036120643340176173
2017-01-19,17.9468,2.88741182606127,-0.43329830468819885
2017-01-20,18.0644,2.893943150651957,0.00653132459068706
2017-01-23,27.84,3.326473835466219,0.43253068481426205
2017-01-24,18.4969,2.9176031504756983,-0.4088706849905206
2017-01-25,19.0943,2.9493898611943217,0.03178671071862338
2017-01-26,19.3671,2.9635757501545807,0.014185888960259074
2017-01-27,19.13,2.9512577834521614,-0.012317966702419358
2017-01-30,18.7089,2.928999346467884,-0.02225843698427754
2017-01-31,28.33,3.3439213138424253,0.41492196737454146
2017-02-01,18.4989,2.917711270857036,-0.4262100429853892
2017-02-02,18.5191,2.918802631924893,0.0010913610678571217
2017-02-03,18.867,2.937414364229476,0.018611732304582684
2017-02-06,18.9142,2.939912962715272,0.002498598485796144
2017-02-07,18.6762,2.9272499859825993,-0.012662976732672693
2017-02-08,18.6974,2.928384476760786,0.0011344907781865032
2017-02-09,18.7215,2.929672596044481,0.0012881192836950994
2017-02-10,18.867,2.937414364229476,0.007741768184994946
2017-02-13,18.9142,2.939912962715272,0.002498598485796144
2017-02-14,19.0057,2.9447389341754384,0.0048259714601663894
2017-02-15,19.0308,2.946058719310418,0.0013197851349797673
2017-02-16,18.9854,2.943670262727021,-0.002388456583397147
2017-02-17,18.9788,2.943322566736246,-0.0003476959907748878
2017-02-21,18.9209,2.940267131202736,-0.0030554355335099537
2017-02-22,18.7504,2.931215085522201,-0.009052045680535414
2017-02-23,28.37,3.34533224882076,0.4141171632985592
2017-02-24,18.3678,2.9105991315761335,-0.4347331172446265
2017-02-27,18.2696,2.9052384763352452,-0.005360655240888246
2017-02-28,18.4334,2.9141642364901674,0.008925760154922191
2017-03-01,18.6126,2.9238387707290725,0.009674534238905075
2017-03-02,18.5654,2.921299633316675,-0.0025391374123975297
2017-03-03,28.14,3.337192051686243,0.41589241836956825
2017-03-06,28.17,3.338257581888281,0.0010655302020379231
2017-03-07,28.15,3.3375473545856993,-0.0007102273025818562
2017-03-08,18.2291,2.903019218300179,-0.43452813628552045
2017-03-09,18.1511,2.898731164934993,-0.004288053365185895
2017-03-10,27.58,3.3170908723651555,0.4183597074301626
2017-03-13,18.1048,2.8961770964844,-0.42091377588075574
2017-03-14,17.9207,2.885956469283865,-0.01022062720053496
2017-03-15,18.0248,2.891748587409039,0.005792118125174106
2017-03-16,18.0056,2.8906828206222492,-0.0010657667867897125
2017-03-17,27.19,3.3028492586443794,0.41216643802213015
2017-03-20,18.019,2.891426756744677,-0.4114225018997022
2017-03-21,17.8937,2.8844486955886413,-0.006978061156035942
2017-03-22,17.8465,2.8818074105683866,-0.0026412850202546245
2017-03-23,17.7946,2.8788950404852964,-0.002912370083090199
2017-03-24,17.8023,2.8793276624338424,0.0004326219485459859
2017-03-27,17.7098,2.874118158676204,-0.005209503757638512
2017-03-28,17.7628,2.877106382795019,0.0029882241188152747
2017-03-29,17.9015,2.8848845082184607,0.007778125423441473
2017-03-30,17.9256,2.8862298587288295,0.0013453505103688812
2017-03-31,18.1559,2.898995576757945,0.012765718029115636
2017-04-03,18.1318,2.897667302794959,-0.0013282739629860707
2017-04-04,18.2021,2.901536972041842,0.003869669246882701
2017-04-05,18.0855,2.8951105122433383,-0.0064264597985035365
2017-04-06,18.3024,2.9070321987892718,0.011921686545933508
2017-04-07,18.3206,2.9080261098013818,0.0009939110121099937
2017-04-10,18.4266,2.913795272839753,0.005769163038371161
2017-04-11,18.3554,2.9099238091384776,-0.003871463701275335
2017-04-12,18.335,2.9088118015232896,-0.0011120076151880376
2017-04-13,27.64,3.319263998899469,0.41045219737617966
2017-04-17,18.2493,2.9041267231285004,-0.4151372757709688
2017-04-18,18.3938,2.912013651310596,0.007886928182095687
2017-04-19,27.68,3.3207101307494686,0.40869647943887255
2017-04-20,27.65,3.3196257279683437,-0.0010844027811249823
2017-04-21,27.68,3.3207101307494686,0.0010844027811249823
2017-04-24,27.85,3.326832966373293,0.006122835623824319
2017-04-25,27.95,3.3304171996011083,0.0035842332278153144
2017-04-26,18.2233,2.9027009950803664,-0.4277162045207419
2017-04-27,27.13,3.3006401266708405,0.3979391315904741
2017-04-28,27.32,3.307619034702589,0.00697890803174861
2017-05-01,18.3236,2.9081898464913194,-0.3994291882112697
2017-05-02,18.1703,2.899788393003755,-0.008401453487564492
2017-05-03,27.06,3.2980566227426418,0.39826822973888687
2017-05-04,26.4,3.2733640101522705,-0.024692612590371255
2017-05-05,26.92,3.2928695047765273,0.01950549462425677
2017-05-08,27.06,3.2980566227426418,0.005187117966114485
2017-05-09,26.78,3.2876553402630266,-0.010401282479615137
2017-05-10,27.0,3.295836866004329,0.008181525741302487
2017-05-11,17.9497,2.8875734017027006,-0.4082634643016285
2017-05-12,27.08,3.298795448044074,0.4112220463413734
2017-05-15,18.0971,2.89575170444055,-0.4030437436035239
2017-05-16,17.9834,2.8894491101654,-0.006302594275150231
2017-05-17,17.5971,2.867734115740316,-0.021714994425083844
2017-05-18,17.6962,2.8733499272652074,0.005615811524891434
2017-05-19,18.0971,2.89575170444055,0.02240177717534264
2017-05-22,18.2445,2.903863664744464,0.008111960303913701
2017-05-23,18.3572,2.9100218681155834,0.006158203371119608
2017-05-24,18.2773,2.905659852709927,-0.004362015405656283
2017-05-25,18.0644,2.893943150651957,-0.011716702057970263
2017-05-26,17.9497,2.8875734017027006,-0.006369748949256238
2017-05-30,17.8889,2.884180408766063,-0.00339299293663764
2017-05-31,26.81,3.2887749522478678,0.4045945434818048
2017-06-01,17.8283,2.880787082405148,-0.40798786984271995
2017-06-02,17.8717,2.8832184561519383,0.0024313737467904772
2017-06-05,17.8775,2.883542938940414,0.000324482788475855
2017-06-06,18.2165,2.902327776781752,0.018784837841337776
2017-06-07,18.022,2.8915932338128454,-0.010734542968906524
2017-06-08,18.0374,2.8924473800790773,0.0008541462662319255
2017-06-09,18.0701,2.8942586386231355,0.0018112585440581697
2017-06-12,17.9053,2.8850967584063727,-0.009161880216762786
2017-06-13,17.8177,2.8801923452502107,-0.004904413156161969
2017-06-14,17.6693,2.871828670379954,-0.008363674870256688
2017-06-15,17.8235,2.880517811286775,0.008689140906820825
2017-06-16,26.82,3.2891478778535324,0.4086300665667575
2017-06-19,17.755,2.8766671663950514,-0.412480711458481
2017-06-20,17.4304,2.858215808207218,-0.01845135818783339
2017-06-21,17.3638,2.8543875792876228,-0.0038282289195952224
2017-06-22,26.0,3.258096538021482,0.40370895873385937
2017-06-23,17.5575,2.8654812090510386,-0.3926153289704435
2017-06-26,17.7174,2.8745472075491936,0.009065998498154926
2017-06-27,17.6625,2.871443748010646,-0.003103459538547515
2017-06-28,17.9449,2.8873059520011517,0.01586220399050564
2017-06-29,17.9169,2.8857444015106744,-0.001561550490477348
2017-06-30,18.0768,2.894629348148806,0.008884946638131552
2017-07-03,18.2021,2.901536972041842,0.006907623893035897
2017-07-05,27.0,3.295836866004329,0.3942998939624873
2017-07-06,17.9564,2.887946597347884,-0.4078902686564452
2017-07-07,18.1839,2.9005365871950417,0.012589989847157756
2017-07-10,18.1385,2.8980367510805376,-0.002499836114504106
2017-07-11,18.0576,2.893566648792684,-0.004470102287853717
2017-07-12,18.231,2.903123441821328,0.009556793028643984
2017-07-13,18.2099,2.901965402236245,-0.0011580395850829817
2017-07-14,18.4969,2.9176031504756983,0.01563774823945341
2017-07-17,18.4584,2.9155195514288166,-0.0020835990468817123
2017-07-18,18.4584,2.9155195514288166,0.0
2017-07-19,18.5123,2.9184353760244175,0.0029158245956009132
2017-07-20,27.68,3.3207101307494686,0.40227475472505114
2017-07-21,27.32,3.307619034702589,-0.013091096046879525
2017-07-24,27.41,3.3109079103146946,0.0032888756121054463
2017-07-25,27.58,3.3170908723651555,0.006182962050460983
2017-07-26,27.6,3.3178157727231046,0.0007249003579490321
2017-07-27,27.19,3.3028492586443794,-0.01496651407872518
2017-07-28,27.1,3.299533727885655,-0.003315530758724261
2017-07-31,27.2,3.3032169733019514,0.003683245416296277
2017-08-01,27.19,3.3028492586443794,-0.0003677146575720158
2017-08-02,27.24,3.3046864812813115,0.0018372226369320899
2017-08-03,26.84,3.289893312103481,-0.014793169177830467
2017-08-04,26.58,3.2801590532850993,-0.009734258818381747
2017-08-07,26.61,3.281287084989598,0.0011280317044986
2017-08-08,26.12,3.2627013044082305,-0.018585780581367395
2017-08-09,26.26,3.26804686887465,0.005345564466419539
2017-08-10,26.08,3.261168737058452,-0.006878131816197897
2017-08-11,25.9,3.254242968705492,-0.006925768352960215
2017-08-14,25.7,3.246490991901174,-0.007751976804317717
2017-08-15,25.11,3.2232661731694936,-0.023224818731680585
2017-08-16,17.0622,2.8368654903730235,-0.3864006827964701
2017-08-17,16.9312,2.8291580737276756,-0.007707416645347909
2017-08-18,17.1018,2.8391837211267315,0.01002564739905587
2017-08-21,16.9312,2.8291580737276756,-0.01002564739905587
2017-08-22,17.2377,2.847098845662698,0.017940771935022415
2017-08-23,17.6375,2.8700273171789323,0.02292847151623434
2017-08-24,17.6047,2.868165911848361,-0.0018614053305712197
2017-08-25,17.5305,2.8639422210591845,-0.004223690789176615
2017-08-28,17.2733,2.8491619567071416,-0.014780264352042938
2017-08-29,17.2849,2.849833287993821,0.0006713312866795107
2017-08-30,17.4206,2.857653413999976,0.007820126006155004
2017-08-31,17.6722,2.8719927833919376,0.014339369391961565
2017-09-01,17.6856,2.872750749138762,0.0007579657468244072
2017-09-05,25.81,3.2507620137305224,0.3780112645917604
2017-09-06,26.17,3.2646137165420543,0.013851702811531919
2017-09-07,17.8148,2.8800295725002547,-0.38458414404179964
2017-09-08,17.7926,2.8787826405211465,-0.00124693197910819
2017-09-11,17.8003,2.879215311088598,0.00043267056745133203
2017-09-12,17.6914,2.8730786457977198,-0.006136665290878085
2017-09-13,17.7262,2.875043771113889,0.001965125316169214
2017-09-14,17.7464,2.8761826784498874,0.001138907335998418
2017-09-15,17.6982,2.8734629394932507,-0.002719738956636686
2017-09-18,17.7204,2.8747165182855916,0.0012535787923408925
2017-09-19,17.6519,2.87084342631081,-0.003873091974781584
2017-09-20,17.6173,2.868881373806085,-0.0019620525047248094
2017-09-21,17.5411,2.864546698774644,-0.0043346750314410265
2017-09-22,25.9,3.254242968705492,0.3896962699308477
2017-09-25,26.38,3.2726061472891685,0.018363178583676643
2017-09-26,17.8341,2.881112354963985,-0.39149379232518333
2017-09-27,26.29,3.26918863874179,0.3880762837778047
2017-09-28,26.12,3.2627013044082305,-0.006487334333559414
2017-09-29,26.07,3.2607852279454104,-0.0019160764628201044
2017-10-02,26.08,3.261168737058452,0.00038350911304174673
2017-10-03,26.0,3.258096538021482,-0.0030721990369699803
2017-10-04,25.97,3.256942025674657,-0.001154512346825065
2017-10-05,26.29,3.26918863874179,0.012246613067132817
2017-10-06,17.8225,2.8804617040096465,-0.38872693473214337
2017-10-09,26.4,3.2733640101522705,0.392902306142624
2017-10-10,26.5,3.2771447329921766,0.0037807228399060477
2017-10-11,26.8,3.288401887516811,0.011257154524634494
2017-10-12,18.0711,2.8943139771287885,-0.3940879103880226
2017-10-13,17.8871,2.8840797826479103,-0.010234194480878145
2017-10-16,17.8465,2.8818074105683866,-0.002272372079523688
2017-10-17,26.13,3.263084079532521,0.3812766689641345
2017-10-18,25.48,3.2378938307039626,-0.02519024882855847
2017-10-19,25.33,3.231989464013584,-0.005904366690378637
2017-10-20,25.25,3.228826155721369,-0.0031633082922151168
2017-10-23,25.1,3.2228678461377385,-0.005958309583630417
2017-10-24,25.16,3.22525543183224,0.0023875856945014817
2017-10-25,16.512,2.8040873892991525,-0.4211680425330875
2017-10-26,16.6615,2.8131006687001037,0.009013279400951202
2017-10-27,16.8108,2.8220215370079313,0.008920868307827678
2017-10-30,24.8,3.2108436531709366,0.3888221161630052
2017-10-31,16.8946,2.826994044242299,-0.3838496089286374
2017-11-01,17.2531,2.8479918374763624,0.020997793234063256
2017-11-02,16.9283,2.8289867776360564,-0.019005059840305982
2017-11-03,17.2386,2.8471510554416013,0.01816427780554486
2017-11-06,25.11,3.2232661731694936,0.3761151177278923
2017-11-07,25.02,3.219675505038765,-0.0035906681307285027
2017-11-08,24.9,3.214867803470662,-0.004807701568103173
2017-11-09,24.9,3.214867803470662,0.0
2017-11-10,25.0,3.2188758248682006,0.004008021397538641
2017-11-13,24.36,3.192942442841696,-0.025933382026504415
2017-11-14,24.06,3.180550710546533,-0.012391732295163216
2017-11-15,24.02,3.1788868166518376,-0.0016638938946953452
2017-11-16,16.777,2.8200089007882636,-0.358877915863574
2017-11-17,16.7414,2.817884693583483,-0.0021242072047806815
2017-11-20,16.9351,2.829388391182918,0.011503697599434926
2017-11-21,16.7992,2.821331266227771,-0.008057124955146655
2017-11-22,16.9919,2.8327367599198006,0.011405493692029367
2017-11-24,16.5236,2.804789662027769,-0.027947097892031536
2017-11-27,23.93,3.175132901920282,0.37034323989251305
2017-11-28,24.26,3.1888289035159043,0.013696001595622231
2017-11-29,23.89,3.173459961337718,-0.015368942178186185
2017-11-30,24.63,3.2039652121324464,0.030505250794728322
2017-12-01,25.05,3.2208738275308737,0.01690861539842725
2017-12-04,17.2328,2.8468145445917528,-0.37405928293912094
2017-12-05,17.1018,2.8391837211267315,-0.007630823465021308
2017-12-06,24.33,3.1917101567954314,0.3525264356686999
2017-12-07,24.69,3.206398303357088,0.014688146561656623
2017-12-08,17.1991,2.8448570568689813,-0.3615412464881067
2017-12-11,17.5777,2.8666310532087835,0.02177399633980226
2017-12-12,17.7434,2.876013615789227,0.009382562580443565
2017-12-13,17.8611,2.882625163697335,0.0066115479081076955
2017-12-14,17.9776,2.8891265384877327,0.006501374790397918
2017-12-15,17.992,2.8899272146570145,0.000800676169281811
2017-12-18,18.2127,2.902119152929799,0.01219193827278442
2017-12-19,26.24,3.267284964075888,0.36516581114608915
2017-12-20,26.0,3.258096538021482,-0.009188426054405952
2017-12-21,26.1,3.261935314328648,0.00383877630716567
2017-12-22,26.4,3.2733640101522705,0.011428695823622714
2017-12-26,26.57,3.279782759771722,0.006418749619451436
2017-12-27,18.1925,2.901009421239104,-0.37877333853261774
2017-12-28,18.2609,2.904762162013542,0.0037527407744377683
2017-12-29,26.51,3.277522020300934,0.3727598582873921
2018-01-02,26.88,3.2913825156549485,0.013860495354014457
2018-01-03,27.63,3.318902138935325,0.027519623280376493
2018-01-04,19.1763,2.953675141565403,-0.36522699736992204
2018-01-05,19.1233,2.9509074868728593,-0.0027676546925436973
2018-01-08,27.77,3.323956301318708,0.3730488144458488
2018-01-09,19.3285,2.9615806906231,-0.362375610695608
2018-01-10,19.5492,2.972934364877987,0.011353674254886759
2018-01-11,19.7293,2.982104840439089,0.009170475561102176
2018-01-12,19.9153,2.99148828054224,0.009383440103150953
2018-01-16,19.7091,2.981080458021627,-0.01040782252061323
2018-01-17,19.6609,2.978631891901138,-0.0024485661204889375
2018-01-18,19.5154,2.971203897476065,-0.007427994425072804
2018-01-19,19.764,2.9838621009835036,0.012658203507438515
2018-01-22,29.4,3.380994674344636,0.3971325733611324
2018-01-23,20.2679,3.0090383537155634,-0.3719563206290726
2018-01-24,20.1215,3.0017888951365217,-0.00724945857904169
2018-01-25,29.11,3.371081757757532,0.36929286262101035
2018-01-26,20.2535,3.0083276181236944,-0.3627541396338376
2018-01-29,29.02,3.367985247456042,0.35965762933234746
2018-01-30,28.3,3.342861804649192,-0.025123442806850083
2018-01-31,19.3285,2.9615806906231,-0.38128111402609166
2018-02-01,19.6522,2.9781892913358288,0.016608600712728627
2018-02-02,27.09,3.2991646560970036,0.32097536476117483
2018-02-05,18.3708,2.9107624475438985,-0.38840220855310514
2018-02-06,26.71,3.2850380271218693,0.37427557957797086
2018-02-07,18.6578,2.926264289218803,-0.35877373790306644
2018-02-08,18.1963,2.901218276711877,-0.02504601250692584
2018-02-09,18.1829,2.900481591979611,-0.0007366847322658465
2018-02-12,26.81,3.2887749522478678,0.38829336026825656
2018-02-13,19.0221,2.9456014611171355,-0.34317349113073226
2018-02-14,27.09,3.2991646560970036,0.3535631949798681
2018-02-15,26.79,3.2880286835565173,-0.01113597254048626
2018-02-16,26.41,3.273742726309041,-0.0142859572474765
2018-02-20,18.3708,2.9107624475438985,-0.3629802787651424
2018-02-21,18.1597,2.899204853212905,-0.01155759433099357
2018-02-22,17.9998,2.890360646723325,-0.008844206489579953
2018-02-23,18.0075,2.890788337781381,0.00042769105805584573
2018-02-26,18.0644,2.893943150651957,0.0031548128705760625
2018-02-27,17.967,2.888536741950435,-0.005406408701521759
2018-02-28,17.7897,2.878619638129147,-0.009917103821288187
2018-03-01,25.22,3.2276373305367736,0.3490176924076267
2018-03-02,17.5729,2.866357942648518,-0.3612793878882554
2018-03-05,25.1,3.2228678461377385,0.3565099034892203
2018-03-06,17.4824,2.8611946605738052,-0.36167318556393324
2018-03-07,24.93,3.2160718975354663,0.35487723696166107
2018-03-08,17.6231,2.869210541468902,-0.3468613560665643
2018-03-09,18.0846,2.895060747382296,0.025850205913394042
2018-03-12,18.4266,2.913795272839753,0.018734525457456908
2018-03-13,18.2165,2.902327776781752,-0.011467496058001014
2018-03-14,25.63,3.24376354037598,0.341435763594228
2018-03-15,17.4544,2.859591765861355,-0.3841717745146247
2018-03-16,17.7772,2.877916737369471,0.01832497150811596
2018-03-19,17.3359,2.8527794958740893,-0.02513724149538188
2018-03-20,17.385,2.855607765459825,0.0028282695857355655
2018-03-21,17.6076,2.8683306270192843,0.012722861559459453
2018-03-22,17.2087,2.8454150698921388,-0.022915557127145547
2018-03-23,17.0218,2.834494875485097,-0.010920194407041617
2018-03-26,24.51,3.1990811975400213,0.36458632205492414
2018-03-27,16.9582,2.830751492655878,-0.3683297048841432
2018-03-28,16.8368,2.823566967004411,-0.007184525651467322
2018-03-29,24.48,3.1978564576441255,0.37428949063971473
2018-04-02,24.49,3.1982648709640764,0.00040841331995089547
2018-04-03,24.57,3.201526186533088,0.003261315569011547
2018-04-04,24.3,3.190476350346503,-0.011049836186585171
2018-04-05,24.42,3.1954024686825586,0.004926118336055829
2018-04-06,24.22,3.1871787381249463,-0.008223730557612274
2018-04-09,24.46,3.1970391302590264,0.009860392134080076
2018-04-10,25.19,3.226447090364519,0.029407960105492403
2018-04-11,25.79,3.2499868198932536,0.023539729528734732
2018-04-12,25.78,3.2495989975110415,-0.0003878223822120219
2018-04-13,25.76,3.248822901236153,-0.0007760962748886158
2018-04-16,26.83,3.2895206644375325,0.04069776320137963
2018-04-17,27.13,3.3006401266708405,0.011119462233307953
2018-04-18,18.7831,2.932957529380269,-0.3676825972905715
2018-04-19,18.653,2.9260069910624256,-0.006950538317843424
2018-04-20,18.6116,2.923785042240603,-0.0022219488218224726
2018-04-23,27.17,3.3021134234382563,0.3783283811976532
2018-04-24,26.5,3.2771447329921766,-0.024968690446079744
2018-04-25,27.02,3.2965773325320527,0.019432599539876083
2018-04-26,26.98,3.2950958507796098,-0.0014814817524428925
2018-04-27,26.48,3.2763897310688073,-0.018706119710802493
2018-04-30,26.84,3.289893312103481,0.01350358103467375
2018-05-01,19.0221,2.9456014611171355,-0.3442918509863455
2018-05-02,18.8515,2.936592486324867,-0.009008974792268365
2018-05-03,26.66,3.2831643147505627,0.34657182842569556
2018-05-04,26.71,3.2850380271218693,0.001873712371306624
2018-05-07,18.8727,2.9377164334056136,-0.3473215937162557
2018-05-08,19.0221,2.9456014611171355,0.007885027711521886
2018-05-09,26.93,3.2932409068235073,0.34763944570637184
2018-05-10,19.4769,2.9692291479736594,-0.3240117588498479
2018-05-11,27.27,3.305787196857497,0.33655804888383756
2018-05-14,27.64,3.319263998899469,0.013476802041972213
2018-05-15,27.89,3.3282682016393976,0.009004202739928413
2018-05-16,20.0608,2.9987676620975123,-0.3295005395418853
2018-05-17,20.0039,2.9959272545439624,-0.002840407553549973
2018-05-18,19.9259,2.992020393041367,-0.003906861502595227
2018-05-21,20.082,2.9998238914572446,0.007803498415877463
2018-05-22,20.1456,3.002985902265299,0.0031620108080545606
2018-05-23,20.159,3.0036508387982863,0.0006649365329871593
2018-05-24,27.98,3.331489969237335,0.3278391304390489
2018-05-25,27.87,3.327550841493857,-0.003939127743478377
2018-05-29,20.0405,2.997755226005216,-0.3297956154886408
2018-05-30,28.63,3.354455119110024,0.35669989310480776
2018-05-31,20.5512,3.022919333397955,-0.3315357857120689
2018-06-01,20.8933,3.0394285334132047,0.016509200015249803
2018-06-04,20.8933,3.0394285334132047,0.0
2018-06-05,29.5,3.3843902633457743,0.34496172993256957
2018-06-06,20.688,3.0295538220295017,-0.35483644131627257
2018-06-07,29.37,3.379973745210529,0.3504199231810272
2018-06-08,29.22,3.3748534063225533,-0.005120338887975695
2018-06-11,29.52,3.385067999732272,0.010214593409718642
2018-06-12,29.37,3.379973745210529,-0.005094254521742947
2018-06-13,20.529,3.0218385206384704,-0.3581352245720586
2018-06-14,20.4876,3.0198198250830512,-0.0020186955554191144
2018-06-15,28.06,3.3343450746743146,0.3145252495912634
2018-06-18,20.1051,3.0009735142239604,-0.3333715604503542
2018-06-19,19.8614,2.988778149586659,-0.01219536463730142
2018-06-20,19.9817,2.994816854685962,0.006038705099303154
2018-06-21,27.86,3.3271919683516598,0.3323751136656976
2018-06-22,27.86,3.3271919683516598,0.0
2018-06-25,27.11,3.299902663510574,-0.027289304841085826
2018-06-26,27.66,3.319987326236612,0.02008466272603826
2018-06-27,27.77,3.323956301318708,0.003968975082095927
2018-06-28,19.5983,2.9754428277809226,-0.3485134735377855
2018-06-29,27.67,3.3203487937988347,0.3449059660179121
2018-07-02,19.4711,2.9689313149633443,-0.35141747883549046
2018-07-03,27.4,3.3105430133940246,0.3416116984306803
2018-07-05,27.41,3.3109079103146946,0.00036489692066998813
2018-07-06,19.6638,2.9787793819013286,-0.33212852841336593
2018-07-09,19.8546,2.988435718321353,0.009656336420024392
2018-07-10,19.9971,2.9955872630404747,0.007151544719121716
2018-07-11,19.8411,2.987755543868177,-0.007831719172297635
2018-07-12,20.082,2.9998238914572446,0.012068347589067496
2018-07-13,28.4,3.3463891451671604,0.34656525370991575
2018-07-16,20.0405,2.997755226005216,-0.3486339191619443
2018-07-17,28.22,3.340030946424668,0.342275720419452
2018-07-18,20.3605,3.0135967493375584,-0.32643419708710963
2018-07-19,20.6649,3.0284366088520596,0.014839859514501175
2018-07-20,20.4154,3.0162895180157894,-0.012147090836270191
2018-07-23,29.0,3.367295829986474,0.35100631197068477
2018-07-24,29.25,3.3758795736778655,0.008583743691391366
2018-07-25,29.7,3.391147045808654,0.015267472130788384
2018-07-26,21.27,3.0572976292121457,-0.33384941659650824
2018-07-27,20.8933,3.0394285334132047,-0.017869095798940915
2018-07-30,21.0002,3.0445319614875954,0.005103428074390681
2018-07-31,29.0,3.367295829986474,0.3227638684988787
2018-08-01,29.41,3.3813347525659037,0.014038922579429514
2018-08-02,29.2,3.374168709274236,-0.007166043291667812
2018-08-03,29.22,3.3748534063225533,0.0006846970483174175
2018-08-06,29.23,3.3751955791231545,0.0003421728006012259
2018-08-07,20.8865,3.0391030172518043,-0.33609256187135017
2018-08-08,29.26,3.3762213955919784,0.3371183783401741
2018-08-09,29.51,3.3847291889548483,0.008507793362869887
2018-08-10,29.6,3.3877743613300146,0.0030451723751663273
2018-08-13,21.1592,3.0520747990920243,-0.33569956223799036
2018-08-14,21.1448,3.0513940123788923,-0.0006807867131319867
2018-08-15,28.74,3.358289880650879,0.30689586827198667
2018-08-16,28.6,3.353406717825807,-0.004883162825072063
2018-08-17,28.79,3.3600281046240843,0.0066213867982773955
2018-08-20,29.36,3.3796332037463146,0.019605099122230296
2018-08-21,29.0,3.367295829986474,-0.012337373759840453
2018-08-22,29.36,3.3796332037463146,0.012337373759840453
2018-08-23,29.48,3.383712067321136,0.004078863574821234
2018-08-24,29.57,3.3867603338643857,0.0030482665432498557
2018-08-27,29.52,3.385067999732272,-0.001692334132113782
2018-08-28,20.9713,3.0431548363161176,-0.3419131634161543
2018-08-29,20.7988,3.0348952927353148,-0.00825954358080283
2018-08-30,28.68,3.3562000157314196,0.3213047229961048
2018-08-31,28.6,3.353406717825807,-0.0027932979056126683
2018-09-04,28.98,3.3666059368925363,0.013199219066729384
2018-09-05,21.1312,3.0507506213074027,-0.3158553155851336
2018-09-06,28.96,3.365915567517516,0.31516494621011315
2018-09-07,28.85,3.3621099929541085,-0.0038055745634073546
2018-09-10,28.82,3.361069590571376,-0.0010404023827326192
2018-09-11,20.8499,3.0373491520702394,-0.3237204385011365
2018-09-12,28.91,3.364187556028255,0.32683840395801544
2018-09-13,29.07,3.3697067145707846,0.005519158542529823
2018-09-14,29.23,3.3751955791231545,0.005488864552369854
2018-09-17,29.25,3.3758795736778655,0.0006839945547110204
2018-09-18,29.36,3.3796332037463146,0.0037536300684490875
2018-09-19,29.17,3.37314078387963,-0.0064924198666846955
2018-09-20,29.01,3.367640598133313,-0.0055001857463170545
2018-09-21,21.0002,3.0445319614875954,-0.32310863664571743
2018-09-24,20.9935,3.044212866001518,-0.00031909548607744753
2018-09-25,20.9433,3.041818786149108,-0.002394079852409803
2018-09-26,20.7276,3.0314661455051017,-0.010352640644006428
2018-09-27,20.7622,3.0331340257079917,0.001667880202889993
2018-09-28,20.7352,3.031832739178714,-0.0013012865292778564
2018-10-01,21.0234,3.045636103082175,0.01380336390346093
2018-10-02,20.9935,3.044212866001518,-0.0014232370806568362
2018-10-03,21.0802,3.048334211294188,0.004121345292670053
2018-10-04,29.13,3.3717685709713434,0.3234343596771554
2018-10-05,29.27,3.3765631007037946,0.004794529732451203
2018-10-08,29.21,3.3745111163996495,-0.0020519843041451047
2018-10-09,29.33,3.3786108829893595,0.004099766589710008
2018-10-10,20.6255,3.026528174351144,-0.35208270863821545
2018-10-11,20.5522,3.0229679911732337,-0.003560183177910403
2018-10-12,20.5666,3.023668400746893,0.0007004095736591331
2018-10-15,20.4732,3.019116713786727,-0.004551686960165835
2018-10-16,20.6533,3.0278751129347756,0.008758399148048657
2018-10-17,20.6533,3.0278751129347756,0.0
2018-10-18,20.584,3.024514074979443,-0.003361037955332602
2018-10-19,20.5965,3.025121158447779,0.0006070834683358228
2018-10-22,20.3884,3.014966111669289,-0.010155046778489663
2018-10-23,19.9769,2.994576606027446,-0.020389505641843275
2018-10-24,19.2668,2.958383407401501,-0.036193198625944945
2018-10-25,19.3689,2.9636686869576216,0.005285279556120681
2018-10-26,19.0308,2.946058719310418,-0.01760996764720346
2018-10-29,19.1107,2.950248387617948,0.004189668307529981
2018-10-30,19.4413,2.9673996692244153,0.017151281606467172
2018-10-31,19.6753,2.9793640419635867,0.011964372739171392
2018-11-01,19.8141,2.9863938054746124,0.007029763511025688
2018-11-02,19.5424,2.9725864640466786,-0.013807341427933828
2018-11-05,19.844,2.9879016944388024,0.015315230392123791
2018-11-06,19.8362,2.9875085512540167,-0.00039314318478567145
2018-11-07,19.9037,2.990905644095913,0.0033970928418964874
2018-11-08,20.0858,3.0000130977374657,0.009107453641552521
2018-11-09,27.27,3.305787196857497,0.3057740991200313
2018-11-12,26.65,3.2827891506118534,-0.02299804624564361
2018-11-13,26.13,3.263084079532521,-0.01970507107933228
2018-11-14,26.02,3.2588654730843594,-0.004218606448161744
2018-11-15,26.65,3.2827891506118534,0.023923677527494025
2018-11-16,26.91,3.2924979647388146,0.00970881412696123
2018-11-19,19.7197,2.981618136077026,-0.3108798286617884
2018-11-20,18.971,2.9429114973704085,-0.038706638706617724
2018-11-21,19.3892,2.9647162100228015,0.021804712652393032
2018-11-23,19.0664,2.9479276236058514,-0.016788586416950135
2018-11-26,19.2706,2.9585806184231225,0.01065299481727111
2018-11-27,26.0,3.258096538021482,0.29951591959835966
2018-11-28,26.08,3.261168737058452,0.0030721990369699803
2018-11-29,19.2938,2.95978380077777,-0.30138493628068197
2018-11-30,19.2582,2.9579369440585883,-0.001846856719181833
2018-12-03,19.8218,2.9867823421344015,0.02884539807581321
2018-12-04,19.2264,2.9562843345868797,-0.030498007547521855
2018-12-06,19.1243,2.950959777735566,-0.005324556851313833
2018-12-07,26.2,3.265759410767051,0.3147996330314853
2018-12-10,25.75,3.248434627109745,-0.017324783657306053
2018-12-11,25.98,3.2573270112424533,0.008892384132708209
2018-12-12,26.22,3.2665224783355535,0.009195467093100262
2018-12-13,26.29,3.26918863874179,0.002666160406236351
2018-12-14,18.9634,2.9425108056446034,-0.32667783309718645
2018-12-17,18.3765,2.911072674420198,-0.03143813122440564
2018-12-18,18.1193,2.896977668522045,-0.014095005898152824
2018-12-19,25.02,3.219675505038765,0.3226978365167201
2018-12-20,24.51,3.1990811975400213,-0.020594307498743802
2018-12-21,24.35,3.192531849528599,-0.0065493480114224845
2018-12-24,23.51,3.157425862551978,-0.035105986976620596
2018-12-26,18.1193,2.896977668522045,-0.26044819402993324
2018-12-27,17.782,2.878186709698947,-0.018790958823097892
2018-12-28,17.5171,2.8631775466932963,-0.015009163005650805
2018-12-31,24.59,3.202339856228101,0.33916230953480486
2019-01-02,18.3332,2.9087136238106424,-0.2936262324174588
2019-01-03,25.45,3.2367157429965316,0.3280021191858893
2019-01-04,26.51,3.277522020300934,0.04080627730440245
2019-01-07,27.12,3.3002714630721948,0.022749442771260675
2019-01-08,27.52,3.314913013065143,0.0146415499929482
2019-01-09,19.9394,2.9926976738101585,-0.32221533925498447
2019-01-10,27.09,3.2991646560970036,0.3064669822868451
2019-01-11,19.8296,2.9871757708708704,-0.3119888852261332
2019-01-14,27.2,3.3032169733019514,0.316041202431081
2019-01-15,20.0781,2.9996296688326862,-0.3035873044692652
2019-01-16,27.48,3.3134584673541485,0.3138287985214623
2019-01-17,27.62,3.318540147981146,0.005081680626997542
2019-01-18,27.52,3.314913013065143,-0.003627134916003083
2019-01-22,27.42,3.3112726741341683,-0.003640338930974707
2019-01-23,27.21,3.303584552795155,-0.007688121339013421
2019-01-24,27.35,3.3087165288679903,0.0051319760728354424
2019-01-25,27.72,3.3221541743217022,0.013437645453711955
2019-01-28,27.66,3.319987326236612,-0.002166848085090045
2019-01-29,27.93,3.3297013799570854,0.009714053720473181
2019-01-30,27.67,3.3203487937988347,-0.009352586158250631
2019-01-31,20.6157,3.026052921439762,-0.29429587235907295
2019-02-01,28.18,3.3386125064705343,0.3125595850307725
2019-02-04,21.2922,3.058340808465719,-0.2802716980048152
2019-02-05,28.58,3.3527071725017215,0.29436636403600236
2019-02-06,20.9357,3.0414558357403862,-0.3112513367613352
2019-02-07,27.75,3.3232358401924436,0.2817800044520573
2019-02-08,27.55,3.3160025355989236,-0.007233304593520007
2019-02-11,27.75,3.3232358401924436,0.007233304593520007
2019-02-12,27.82,3.325755186495297,0.0025193463028534424
2019-02-13,28.06,3.3343450746743146,0.008589888179017624
2019-02-14,28.2,3.339321977944068,0.004976903269753308
2019-02-15,21.0185,3.045403002293572,-0.2939189756504961
2019-02-19,21.2643,3.057029610223512,0.011626607929940302
2019-02-20,21.2411,3.055937984109943,-0.0010916261135691663
2019-02-21,20.9203,3.0407199794380686,-0.015218004671874397
2019-02-22,20.9145,3.040442698321048,-0.00027728111702041147
2019-02-25,21.1062,3.0495668361823967,0.00912413786134847
2019-02-26,27.92,3.329343277894172,0.2797764417117752
2019-02-27,28.02,3.332918540908861,0.003575263014689245
2019-02-28,27.65,3.3196257279683437,-0.013292812940517429
2019-03-01,27.78,3.3243163373261977,0.004690609357854036
2019-03-04,27.98,3.331489969237335,0.007173631911137512
2019-03-05,27.91,3.328985047548231,-0.0025049216891042114
2019-03-06,27.86,3.3271919683516598,-0.0017930791965712345
2019-03-07,28.22,3.340030946424668,0.012838978073008267
2019-03-08,28.07,3.334701390373791,-0.005329556050877038
2019-03-11,28.25,3.34109345759245,0.006392067218659037
2019-03-12,28.35,3.3446270301737613,0.0035335725813112617
2019-03-13,21.2035,3.0541662623910186,-0.29046076778274266
2019-03-14,21.0185,3.045403002293572,-0.008763260097446768
2019-03-15,20.9588,3.042558605905491,-0.00284439638808065
2019-03-18,21.4724,3.0667683895278266,0.02420978362233539
2019-03-19,21.5561,3.0706588391400964,0.0038904496122698085
2019-03-20,29.06,3.369362658142137,0.29870381900204057
2019-03-21,29.3,3.3775875160230218,0.008224857880884784
2019-03-22,29.09,3.3703944725071104,-0.007193043515911324
2019-03-25,29.11,3.371081757757532,0.0006872852504216098
2019-03-26,29.1,3.370738174177447,-0.00034358358008512724
2019-03-27,21.3692,3.0619506329728607,-0.3087875412045862
2019-03-28,21.5235,3.0691453614744337,0.007194728501572989
2019-03-29,21.6814,3.0764547501322848,0.007309388657851024
2019-04-01,29.35,3.3792925462741055,0.3028377961418207
2019-04-02,29.47,3.3833727967496032,0.00408025047549776
2019-04-03,29.6,3.3877743613300146,0.00440156458041141
2019-04-04,21.9657,3.0894821458022537,-0.298292215527761
2019-04-05,29.51,3.3847291889548483,0.29524704315259465
2019-04-08,21.957,3.0890859952871996,-0.2956431936676487
2019-04-09,29.26,3.3762213955919784,0.2871354003047788
2019-04-10,29.09,3.3703944725071104,-0.005826923084867985
2019-04-11,21.8529,3.0843336358467943,-0.2860608366603161
2019-04-12,21.9802,3.0901420481151516,0.005808412268357266
2019-04-15,21.8838,3.0857466370627606,-0.004395411052390941
2019-04-16,21.7778,3.0808911023019405,-0.004855534760820124
2019-04-17,21.5099,3.0685132942683673,-0.012377808033573245
2019-04-18,21.5032,3.068201761267761,-0.00031153300060626776
2019-04-22,29.35,3.3792925462741055,0.31109078500634446
2019-04-23,29.34,3.3789517727148355,-0.0003407735592699801
2019-04-24,29.22,3.3748534063225533,-0.004098366392282227
2019-04-25,29.18,3.3734835430946397,-0.001369863227913548
2019-04-26,29.36,3.3796332037463146,0.006149660651674882
2019-04-29,28.83,3.3614165116503107,-0.01821669209600385
2019-04-30,21.6574,3.075347197433394,-0.28606931421691684
2019-05-01,29.1,3.370738174177447,0.295390976744053
2019-05-02,28.61,3.3537563070620187,-0.016981867115428262
2019-05-03,28.75,3.3586377672433594,0.004881460181340724
2019-05-06,28.55,3.351656936102019,-0.0069808311413401825
2019-05-07,28.54,3.3513066120486905,-0.00035032405332868777
2019-05-08,28.48,3.349202086543775,-0.0021045255049156886
2019-05-09,21.4078,3.063755341600235,-0.2854467449435396
2019-05-10,21.7316,3.078767422482703,0.01501208088246786
2019-05-13,21.5349,3.0696748748918563,-0.009092547590846767
2019-05-14,28.58,3.3527071725017215,0.28303229760986515
2019-05-15,28.69,3.3565486299932736,0.0038414574915521804
2019-05-16,21.8683,3.0850380996143434,-0.27151053037893025
2019-05-17,21.8751,3.0853490036618005,0.00031090404745715006
2019-05-20,21.6246,3.073831555537043,-0.011517448124757745
2019-05-21,28.83,3.3614165116503107,0.28758495611326795
2019-05-22,28.63,3.354455119110024,-0.006961392540286937
2019-05-23,21.3374,3.0604614015249254,-0.2939937175850984
2019-05-24,28.34,3.3442742342625342,0.2838128327376088
2019-05-28,21.2555,3.056615685410806,-0.28765854885172804
2019-05-29,21.1034,3.049434164941536,-0.0071815204692700085
2019-05-30,27.85,3.326832966373293,0.27739880143175677
2019-05-31,27.89,3.3282682016393976,0.001435235266104673
2019-06-03,27.95,3.3304171996011083,0.0021489979617106414
2019-06-04,28.26,3.3414473772563813,0.011030177655273032
2019-06-05,21.2555,3.056615685410806,-0.2848316918455751
2019-06-06,21.3452,3.0608268900418776,0.004211204631071386
2019-06-07,28.18,3.3386125064705343,0.27778561642865673
2019-06-10,28.51,3.3502549029245805,0.011642396454046189
2019-06-11,29.02,3.367985247456042,0.017730344531461384
2019-06-12,21.904,3.086669268546093,-0.28131597890994886
2019-06-13,22.1025,3.0956907242978224,0.009021455751729412
2019-06-14,21.9868,3.0904422732862833,-0.005248451011539146
2019-06-17,28.68,3.3562000157314196,0.2657577424451363
2019-06-18,28.66,3.3555024224000256,-0.0006975933313939642
2019-06-19,28.84,3.3617633124167483,0.006260890016722698
2019-06-20,28.9,3.3638415951183864,0.0020782827016381233
2019-06-21,29.13,3.3717685709713434,0.007926975852956986
2019-06-24,29.3,3.3775875160230218,0.005818945051678348
2019-06-25,28.69,3.3565486299932736,-0.021038886029748127
2019-06-26,28.93,3.3648791189880436,0.008330488994769958
2019-06-27,21.6506,3.0750331676903495,-0.2898459512976941
2019-06-28,28.87,3.3628029936748436,0.2877698259844941
2019-07-01,28.87,3.3628029936748436,0.0
2019-07-02,29.02,3.367985247456042,0.005182253781198298
2019-07-03,29.38,3.380314170745731,0.012328923289689264
2019-07-05,22.2229,3.1011232887467015,-0.27919088199902964
2019-07-08,29.37,3.379973745210529,0.27885045646382745
2019-07-09,29.62,3.3884498088396526,0.008476063629123676
2019-07-10,30.29,3.410817625039146,0.02236781619949335
2019-07-11,30.52,3.4183822064162563,0.007564581377110358
2019-07-12,30.57,3.420019135902743,0.00163692948648686
2019-07-15,30.31,3.4114776910697118,-0.00854144483303143
2019-07-16,30.32,3.411807560774171,0.00032986970445936237
2019-07-17,30.14,3.4058531931983493,-0.005954367575821795
2019-07-18,29.93,3.3988613218646075,-0.006991871333741795
2019-07-19,22.8435,3.1286666129777183,-0.27019470888688923
2019-07-22,23.2058,3.1444022474274718,0.015735634449753455
2019-07-23,30.49,3.4173987610001633,0.2729965135726915
2019-07-24,30.48,3.4170707308184456,-0.0003280301817176756
2019-07-25,30.21,3.4081729953985804,-0.00889773541986516
2019-07-26,22.8502,3.1289598700371384,-0.27921312536144205
2019-07-29,22.4647,3.1119451883265685,-0.017014681710569857
2019-07-30,29.39,3.380654480430826,0.26870929210425754
2019-07-31,23.1181,3.140615860496425,-0.2400386199344009
2019-08-01,22.9485,3.1332525748934064,-0.007363285603018799
2019-08-02,22.8646,3.1295898629705547,-0.0036627119228516136
2019-08-05,22.273,3.1033751825693474,-0.026214680401207335
2019-08-06,22.2432,3.1020363439240297,-0.001338838645317697
2019-08-07,21.7913,3.0815108075715942,-0.02052553635243548
2019-08-08,21.8828,3.0857009401157653,0.00419013254417111
2019-08-09,28.42,3.3470931226689546,0.2613921825531893
2019-08-12,21.5773,3.0716418361543405,-0.27545128651461415
2019-08-13,21.8048,3.082130129044456,0.010488292890115325
2019-08-14,21.4358,3.065062421490179,-0.01706770755427689
2019-08-15,21.3894,3.062895472210008,-0.0021669492801708046
2019-08-16,28.42,3.3470931226689546,0.2841976504589465
2019-08-19,22.2278,3.101343757716587,-0.24574936495236743
2019-08-20,22.3896,3.108596565332724,0.0072528076161368915
2019-08-21,22.4869,3.1129329174309777,0.00433635209825356
2019-08-22,22.2364,3.1017305857763406,-0.011202331654637021
2019-08-23,21.6198,3.0736095614744725,-0.028121024301868136
2019-08-26,21.5909,3.0722719296236054,-0.0013376318508671048
2019-08-27,27.98,3.331489969237335,0.2592180396137298
2019-08-28,28.22,3.340030946424668,0.008540977187332821
2019-08-29,28.45,3.34814816057234,0.00811721414767197
2019-08-30,28.51,3.3502549029245805,0.0021067423522405093
2019-09-03,28.32,3.343568268825519,-0.00668663409906145
2019-09-04,28.46,3.3484995926617063,0.004931323836187218
2019-09-05,28.55,3.351656936102019,0.003157343440312932
2019-09-06,28.36,3.344979701663927,-0.0066772344380923165
2019-09-09,22.1121,3.0961249700062923,-0.2488547316576346
2019-09-10,28.71,3.3572454941329726,0.2611205241266803
2019-09-11,28.91,3.364187556028255,0.006942061895282237
2019-09-12,28.68,3.3562000157314196,-0.007987540296835238
2019-09-13,21.9031,3.0866281793162593,-0.26957183641516025
2019-09-16,28.88,3.3631493140246254,0.27652113470836603
2019-09-17,28.99,3.3669509429335642,0.00380162890893887
2019-09-18,29.08,3.3700506526653187,0.003099709731754441
2019-09-19,22.1121,3.0961249700062923,-0.2739256826590264
2019-09-20,22.3723,3.1078235864886,0.011698616482307855
2019-09-23,22.4647,3.1119451883265685,0.004121601837968392
2019-09-24,28.89,3.363495514478144,0.25155032615157547
2019-09-25,22.0264,3.0922417339337978,-0.27125378054434623
2019-09-26,28.47,3.3488509012899463,0.2566091673561486
2019-09-27,28.64,3.3548043420924447,0.005953440802498378
2019-09-30,21.9416,3.0883843783503617,-0.266419963742083
2019-10-01,21.8963,3.0863176727771453,-0.002066705573216421
2019-10-02,21.5649,3.071066992945535,-0.015250679831610103
2019-10-03,21.561,3.0708861271544152,-0.00018086579111997736
2019-10-04,27.96,3.3307749173656096,0.2598887902111944
2019-10-07,27.94,3.330059353828816,-0.0007155635367936952
2019-10-08,27.61,3.3181780259420632,-0.011881327886752668
2019-10-09,27.32,3.307619034702589,-0.010558991239474125
2019-10-10,21.1515,3.051710824963257,-0.2559082097393319
2019-10-11,27.58,3.3170908723651555,0.26538004740189836
2019-10-14,27.58,3.3170908723651555,0.0
2019-10-15,21.2527,3.0564839461226665,-0.26060692624248905
2019-10-16,21.114,3.049936327567503,-0.0065476185551633925
2019-10-17,21.0137,3.0451746059678566,-0.004761721599646496
2019-10-18,21.1901,3.0535340914762457,0.008359485508389053
2019-10-21,27.57,3.3167282250357055,0.26319413355945986
2019-10-22,21.114,3.049936327567503,-0.2667918974682024
2019-10-23,21.0754,3.048106483541731,-0.0018298440257722426
2019-10-24,21.0754,3.048106483541731,0.0
2019-10-25,27.54,3.315639493300509,0.26753300975877803
2019-10-28,20.6457,3.0275070652781353,-0.2881324280223736
2019-10-29,20.5985,3.025218257610375,-0.0022888076677602953
2019-10-30,20.5849,3.024557797303826,-0.0006604603065492043
2019-10-31,20.3181,3.0115121144015076,-0.013045682902318223
2019-11-01,20.4896,3.019917440342346,0.008405325940838537
2019-11-04,26.65,3.2827891506118534,0.2628717102695073
2019-11-05,26.65,3.2827891506118534,0.0
2019-11-06,20.5464,3.0226857431142484,-0.26010340749760497
2019-11-07,26.43,3.2744997286161976,0.2518139855019492
2019-11-08,26.33,3.270708973508218,-0.0037907551079796598
2019-11-11,26.05,3.260017768199376,-0.010691205308841933
2019-11-12,26.15,3.263849190510932,0.0038314223115558654
2019-11-13,26.51,3.277522020300934,0.013672829790002172
2019-11-14,20.4125,3.0161474582965835,-0.2613745620043506
2019-11-15,20.529,3.0218385206384704,0.005691062341886877
2019-11-18,25.78,3.2495989975110415,0.22776047687257117
2019-11-19,19.631,2.977109949425896,-0.2724890480851454
2019-11-20,25.9,3.254242968705492,0.27713301927959577
2019-11-21,20.505,3.0206687588440224,-0.23357420986146948
2019-11-22,20.7806,3.0340198591714658,0.013351100327443355
2019-11-25,20.7478,3.03244021695937,-0.0015796422120959441
2019-11-26,20.6321,3.0268481154071583,-0.00559210155221157
2019-11-27,20.8875,3.039150893921512,0.012302778514353907
2019-11-29,20.5464,3.0226857431142484,-0.01646515080726374
2019-12-02,25.96,3.2565568918358894,0.23387114872164094
2019-12-03,20.0444,2.9979498129949453,-0.258607078840944
2019-12-04,20.3971,3.015392733882181,0.017442920887235758
2019-12-05,20.3508,3.013120223155218,-0.002272510726962995
2019-12-06,20.4896,3.019917440342346,0.006797217187128002
2019-12-09,20.8576,3.037718390221051,0.01780094987870484
2019-12-10,21.2083,3.0543926144921083,0.01667422427105736
2019-12-11,27.67,3.3203487937988347,0.26595617930672644
2019-12-12,21.9802,3.0901420481151516,-0.23020674568368316
2019-12-13,27.52,3.314913013065143,0.22477096494999138
2019-12-16,27.7,3.3214324131932926,0.006519400128149666
2019-12-17,27.85,3.326832966373293,0.005400553180000323
2019-12-18,28.12,3.336481066942464,0.009648100569171092
2019-12-19,28.31,3.343215099123808,0.006734032181344052
2019-12-20,28.13,3.3368366225017656,-0.006378476622042495
2019-12-23,28.5,3.349904087274605,0.013067464772839266
2019-12-24,28.34,3.3442742342625342,-0.00562985301207064
2019-12-26,28.51,3.3502549029245805,0.0059806686620462735
2019-12-27,21.9966,3.090887895960391,-0.25936700696418935
2019-12-30,21.7624,3.08018371002344,-0.010704185936951216
2019-12-31,21.9802,3.0901420481151516,0.00995833809171165
2020-01-02,28.13,3.3368366225017656,0.24669457438661402
2020-01-03,22.1689,3.0986904057982683,-0.23814621670349734
2020-01-06,28.7,3.3568971227655755,0.25820671696730724
2020-01-07,22.4185,3.1098865108562954,-0.2470106119092801
2020-01-08,28.64,3.3548043420924447,0.2449178312361493
2020-01-09,28.56,3.3520071374713836,-0.0027972046210611445
2020-01-10,28.5,3.349904087274605,-0.0021030501967786996
2020-01-13,28.93,3.3648791189880436,0.014975031713438725
2020-01-14,28.99,3.3669509429335642,0.0020718239455206344
2020-01-15,28.92,3.3645333972905638,-0.0024175456430004516
2020-01-16,29.02,3.367985247456042,0.0034518501654781097
2020-01-17,22.4869,3.1129329174309777,-0.2550523300250642
2020-01-21,28.11,3.3361253849184407,0.22319246748746302
2020-01-22,27.71,3.321793358874887,-0.014332026043553547
2020-01-23,27.8,3.3250360206965914,0.0032426618217042957
2020-01-24,27.35,3.3087165288679903,-0.01631949182860115
2020-01-27,26.94,3.293612170982218,-0.015104357885772135
2020-01-28,27.24,3.3046864812813115,0.011074310299093337
2020-01-29,27.28,3.3061538329752613,0.0014673516939498477
2020-01-30,26.53,3.2782761681496484,-0.027877664825612936
2020-01-31,25.77,3.2492110246642736,-0.02906514348537481
2020-02-03,25.39,3.234355395716587,-0.014855628947686661
2020-02-04,26.11,3.2623183827110376,0.027962986994450656
2020-02-05,26.33,3.270708973508218,0.008390590797180408
2020-02-06,20.4414,3.01756225614064,-0.2531467173675779
2020-02-07,20.2805,3.009659833251404,-0.00790242288923615
2020-02-10,20.2265,3.006993625831009,-0.002666207420395139
2020-02-11,20.4009,3.015579017524075,0.008585391693066047
2020-02-12,26.5,3.2771447329921766,0.2615657154681017
2020-02-13,26.09,3.261552099148637,-0.015592633843539705
2020-02-14,26.27,3.2684276036974484,0.006875504548811584
2020-02-18,25.97,3.256942025674657,-0.011485578022791376
2020-02-19,26.09,3.261552099148637,0.004610073473979792
2020-02-20,26.22,3.2665224783355535,0.004970379186916674
2020-02-21,25.95,3.2561716096118976,-0.010350868723655982
2020-02-24,24.98,3.2180755046974316,-0.03809610491446591
2020-02-25,23.99,3.177637076851603,-0.04043842784582852
2020-02-26,23.85,3.1717842173343502,-0.005852859517252895
2020-02-27,22.89,3.1307001339644756,-0.04108408336987468
2020-02-28,23.34,3.15016862685841,0.019468492893934375
2020-03-02,24.33,3.1917101567954314,0.041541529937021426
2020-03-03,19.0597,2.9475761583330344,-0.24413399846239692
2020-03-04,19.1001,2.9496935706409726,0.00211741230793816
2020-03-05,18.7831,2.932957529380269,-0.016736041260703605
2020-03-06,22.42,3.109953417644014,0.17699588826374502
2020-03-09,18.25,2.9041650800285006,-0.2057883376155134
2020-03-10,14.7604,2.6919479190761235,-0.21221716095237708
2020-03-11,17.21,2.845490610223448,0.15354269114732455
2020-03-12,14.26,2.65745841498615,-0.18803219523729808
2020-03-13,15.52,2.7421295147550726,0.08467109976892262
2020-03-16,13.63,2.612273245708441,-0.1298562690466314
2020-03-17,13.0,2.5649493574615367,-0.04732388824690448
2020-03-18,12.27,2.50715725872282,-0.057792098738716824
2020-03-19,14.52,2.67552700939665,0.16836975067382998
2020-03-20,11.5537,2.447005731988222,-0.22852127740842798
2020-03-23,10.5459,2.3557371587951623,-0.09126857319305959
2020-03-24,11.0306,2.400673228884764,0.04493607008960154
2020-03-25,11.1963,2.41558336657825,0.014910137693485925
2020-03-26,11.9507,2.480789854067788,0.06520648748953839
2020-03-27,11.07,2.4042387467205457,-0.07655110734724246
2020-03-30,10.7511,2.375008074920162,-0.029230671800383856
2020-03-31,14.3,2.6602595372658615,0.28525146234569965
2020-04-01,10.9428,2.392681705745483,-0.2675778315203785
2020-04-02,14.41,2.667922410011431,0.27524070426594793
2020-04-03,14.43,2.6693093727857793,0.0013869627743483548
2020-04-06,11.8225,2.470004495535894,-0.19930487724988533
2020-04-07,15.21,2.7219531062712017,0.2519486107353077
2020-04-08,12.6811,2.5401126960350915,-0.1818404102361102
2020-04-09,16.38,2.7960610784249234,0.25594838238983186
2020-04-13,13.2755,2.5859202312021297,-0.2101408472227937
2020-04-14,13.0925,2.5720395471715056,-0.013880684030624035
2020-04-15,12.5048,2.5261125705991243,-0.04592697657238132
2020-04-16,15.21,2.7219531062712017,0.19584053567207738
2020-04-17,16.34,2.7936160894318567,0.071662983160655
2020-04-20,15.65,2.750470916986162,-0.0431451724456946
2020-04-21,12.4026,2.5179061280511084,-0.23256478893505372
2020-04-22,12.92,2.558776498354456,0.0408703703033475
2020-04-23,17.19,2.844327819394758,0.28555132104030223
2020-04-24,13.3391,2.59069957194466,-0.25362824745009815
2020-04-27,13.2833,2.5865076071546773,-0.004191964789982627
2020-04-28,13.6812,2.6160226276455374,0.029515020490860078
2020-04-29,14.955,2.7050456920819115,0.08902306443637409
2020-04-30,17.56,2.8656235882069705,0.16057789612505902
2020-05-01,13.9529,2.6356873719668785,-0.22993621624009197
2020-05-04,13.8875,2.6309891549657483,-0.004698217001130267
2020-05-05,17.15,2.8419981736119486,0.21100901864620036
2020-05-06,13.7178,2.6186942595860994,-0.22330391402584926
2020-05-07,14.0426,2.6420955666381905,0.02340130705209109
2020-05-08,17.8,2.8791984572980396,0.23710289065984913
2020-05-11,14.4665,2.671835631634558,-0.2073628256634814
2020-05-12,17.51,2.8627721462977607,0.1909365146632025
2020-05-13,13.8547,2.6286245252476035,-0.23414762105015718
2020-05-14,13.9693,2.6368620646405123,0.008237539392908833
2020-05-15,13.9876,2.6381712228528813,0.0013091582123689882
2020-05-18,14.7989,2.6945528536835557,0.05638163083067438
2020-05-19,15.0533,2.7115972362619187,0.01704438257836305
2020-05-20,15.7374,2.756040045100873,0.04444280883895413
2020-05-21,15.3058,2.7282318415311573,-0.027808203569715584
2020-05-22,15.2142,2.7222292022754795,-0.0060026392556777886
2020-05-26,15.7701,2.758115742108932,0.03588653983345269
2020-05-27,19.4,2.9652730660692823,0.20715732396035014
2020-05-28,15.7779,2.7586102267139108,-0.20666283935537155
2020-05-29,19.1,2.9496883350525844,0.19107810833867367
2020-06-01,15.695,2.753342190293917,-0.1963461447586674
2020-06-02,16.0303,2.7744806813558847,0.021138491061967635
2020-06-03,16.3723,2.7955908824300244,0.021110201074139745
2020-06-04,16.6161,2.81037210485132,0.014781222421295759
2020-06-05,17.0652,2.837041302184514,0.02666919733319384
2020-06-08,18.1723,2.8998984566757002,0.06285715449118623
2020-06-09,17.7416,2.875912164471682,-0.023986292204018156
2020-06-10,17.3012,2.850775863260001,-0.0251363012116812
2020-06-11,15.6632,2.7513140119609263,-0.09946185129907459
2020-06-12,19.01,2.944965156500338,0.19365114453941157
2020-06-15,15.9156,2.7672997603061704,-0.17766539619416744
2020-06-16,16.1199,2.7800545335852953,0.012754773279124887
2020-06-17,15.8444,2.7628161255909536,-0.01723840799434173
2020-06-18,19.19,2.9543893100196086,0.191573184428655
2020-06-19,19.1,2.9496883350525844,-0.004700974967024152
2020-06-22,15.7943,2.7596491154498892,-0.1900392196026952
2020-06-23,19.02,2.9454910571172443,0.18584194166735513
2020-06-24,14.7758,2.6929907073424206,-0.2525003497748237
2020-06-25,18.12,2.8970163006148333,0.20402559327241265
2020-06-26,17.63,2.869601996409779,-0.027414304205054307
2020-06-29,17.53,2.863913698933143,-0.005688297476635906
2020-06-30,18.17,2.89977188240808,0.035858183474936745
2020-07-01,17.91,2.8853592160726205,-0.014412666335459345
2020-07-02,17.85,2.8820035082256483,-0.0033557078469721446
2020-07-06,17.62,2.8690346205080335,-0.012968887717614841
2020-07-07,17.62,2.8690346205080335,0.0
2020-07-08,17.54,2.864483986944037,-0.004550633563996431
2020-07-09,17.25,2.847812143477369,-0.016671843466668168
2020-07-10,17.25,2.847812143477369,0.0
2020-07-13,17.13,2.8408313123360287,-0.0069808311413401825
2020-07-14,17.09,2.8384934971274993,-0.0023378152085293813
2020-07-15,17.81,2.87976009730157,0.04126660017407069
2020-07-16,14.6948,2.68749368970681,-0.1922664075947602
2020-07-17,14.7989,2.6945528536835557,0.007059163976745886
2020-07-20,17.83,2.8808824318750488,0.1863295781914931
2020-07-21,18.63,2.924773184613497,0.043890752738448224
2020-07-22,18.44,2.914522218128448,-0.010250966485048973
2020-07-23,18.25,2.9041650800285006,-0.010357138099947427
2020-07-24,18.14,2.8981194446869907,-0.006045635341509925
2020-07-27,18.11,2.896464271895322,-0.001655172791668491
2020-07-28,14.8982,2.7012404002847297,-0.19522387161059251
2020-07-29,18.48,2.916689066213538,0.2154486659288084
2020-07-30,17.62,2.8690346205080335,-0.04765444570550459
2020-07-31,17.6,2.8678989020441064,-0.0011357184639271267
2020-08-03,17.57,2.866192902199006,-0.0017059998451003366
2020-08-04,17.78,2.8780742300857587,0.011881327886752668
2020-08-05,17.59,2.8673305587494666,-0.01074367133629206
2020-08-06,18.09,2.895359299407204,0.028028740657737305
2020-08-07,17.9,2.884800712846709,-0.01055858656049491
2020-08-10,18.31,2.907447358686419,0.0226466458397101
2020-08-11,18.19,2.900871992530031,-0.006575366156388096
2020-08-12,18.8,2.9338568698359038,0.03298487730587274
2020-08-13,18.81,2.934388643312939,0.0005317734770353688
2020-08-14,18.85,2.93651291389402,0.0021242705810808893
2020-08-17,18.89,2.9386326815134183,0.0021197676193982495
2020-08-18,18.43,2.9139797716817317,-0.024652909831686554
2020-08-19,15.2422,2.724067896795418,-0.18991187488631356
2020-08-20,15.1573,2.718482264088638,-0.0055856327067802525
2020-08-21,18.12,2.8970163006148333,0.17853403652619537
2020-08-24,15.0909,2.7140919131483527,-0.18292438746648054
2020-08-25,14.8982,2.7012404002847297,-0.012851512863623071
2020-08-26,14.5657,2.678669449675345,-0.02257095060938452
2020-08-27,14.4723,2.672236477563046,-0.006432972112299318
2020-08-28,14.7652,2.6922730606510474,0.020036583088001603
2020-08-31,14.6572,2.6849316823092337,-0.007341378341813698
2020-09-01,14.6726,2.6859818088982466,0.001050126589012823
2020-09-02,14.6476,2.6842764995171033,-0.0017053093811432163
2020-09-03,14.5397,2.676882839155239,-0.007393660361864285
2020-09-04,14.4068,2.667700317342352,-0.009182521812887146
2020-09-08,14.2237,2.654909587435517,-0.01279072990683483
2020-09-09,14.5215,2.675630309846099,0.02072072241058187
2020-09-10,14.2892,2.659504007169619,-0.016126302676479742
2020-09-11,14.2381,2.655921470115368,-0.003582537054251045
2020-09-14,14.2969,2.6600427305482004,0.00412126043283223
2020-09-15,14.004,2.6393430030924194,-0.02069972745578097
2020-09-16,14.2045,2.65355881581302,0.014215812720600685
2020-09-17,13.8883,2.631046759067176,-0.02251205674584389
2020-09-18,16.61,2.8100049236252036,0.17895816455802738
2020-09-21,16.31,2.7917784166329223,-0.018226506992281344
2020-09-22,13.3546,2.591860894784284,-0.1999175218486382
2020-09-23,12.7958,2.549116992080785,-0.04274390270349926
2020-09-24,12.8276,2.551599099554912,0.0024821074741270266
2020-09-25,15.51,2.7414849771884473,0.18988587763353548
2020-09-28,16.02,2.7738379416402132,0.03235296445176594
2020-09-29,13.2959,2.587455717025844,-0.18638222461436937
2020-09-30,15.79,2.7593768282675506,0.17192111124170673
2020-10-01,15.67,2.7517480563679295,-0.0076287718996210785
2020-10-02,13.3883,2.5943811912247026,-0.15736686514322695
2020-10-05,13.7294,2.6195395188978434,0.025158327673140857
2020-10-06,16.39,2.7966713927557385,0.17713187385789508
2020-10-07,16.4,2.797281334830153,0.000609942074414338
2020-10-08,14.3066,2.660720969251285,-0.13656036557886786
2020-10-09,14.1967,2.6530095432332628,-0.007711426018022216
2020-10-12,14.4655,2.6717665040249634,0.01875696079170064
2020-10-13,17.04,2.8355635214011694,0.163797017376206
2020-10-14,14.2805,2.6588949703040647,-0.17666855109710466
2020-10-15,14.5985,2.680918783710176,0.02202381340611126
2020-10-16,14.3644,2.6647529233723732,-0.016165860337802762
2020-10-19,17.12,2.840247370713596,0.17549444734122277
2020-10-20,14.3306,2.662397111165921,-0.1778502595476752
2020-10-21,17.09,2.8384934971274993,0.1760963859615785
2020-10-22,17.6,2.8678989020441064,0.029405404916607036
2020-10-23,17.63,2.869601996409779,0.0017030943656726194
2020-10-26,17.31,2.851284369188118,-0.01831762722166097
2020-10-27,17.26,2.848391685655282,-0.0028926835328362266
2020-10-28,14.1466,2.6494743125312246,-0.19891737312405722
2020-10-29,16.83,2.8231630082027146,0.17368869567149003
2020-10-30,16.57,2.8075938314384716,-0.015569176764242965
2020-11-02,14.057,2.6431204923496288,-0.16447333908884287
2020-11-03,16.57,2.8075938314384716,0.16447333908884287
2020-11-04,14.2535,2.6570024905915584,-0.15059134084691328
2020-11-05,14.6486,2.6843447677566967,0.027342277165138373
2020-11-06,16.64,2.8118094353930627,0.127464667636366
2020-11-09,17.68,2.8724340572094973,0.060624621816434576
2020-11-10,18.07,2.8942531046041373,0.021819047394640023
2020-11-11,18.18,2.900322088749333,0.006068984145195522
2020-11-12,18.08,2.89480635496403,-0.005515733785302679
2020-11-13,18.51,2.9183111265854063,0.023504771621376097
2020-11-16,18.95,2.9418039315284354,0.02349280494302919
2020-11-17,19.12,2.9507349076232554,0.008930976094819965
2020-11-18,18.88,2.9381031607173544,-0.012631746905900965
2020-11-19,16.62,2.810606789427302,-0.1274963712900523
2020-11-20,16.277,2.7897530684093614,-0.020853721017940696
2020-11-23,16.937,2.829500577908984,0.03974750949962269
2020-11-24,17.3995,2.8564414701754233,0.026940892266439143
2020-11-25,17.4516,2.8594313349895275,0.002989864814104237
2020-11-27,17.0825,2.838054547672796,-0.021376787316731427
2020-11-30,16.6287,2.8111301181708956,-0.026924429501900438
2020-12-01,16.7655,2.819323203511639,0.008193085340743256
2020-12-02,20.1,3.0007198150650303,0.18139661155339137
2020-12-03,20.12,3.0017143452315387,0.0009945301665084116
2020-12-04,17.7936,2.8788388420824407,-0.12287550314909801
2020-12-07,17.7174,2.8745472075491936,-0.004291634533247102
2020-12-08,17.9574,2.88800228624743,0.013455078698236367
2020-12-09,20.67,3.028683373693677,0.14068108744624697
2020-12-10,18.3168,2.9078186714998853,-0.12086470219379164
2020-12-11,18.5229,2.9190078044324967,0.011189132932611479
2020-12-14,21.16,3.052112606990099,0.13310480255760204
2020-12-15,21.54,3.0699116717282426,0.017799064738143855
2020-12-16,21.01,3.044998514856909,-0.02491315687133344
2020-12-17,20.79,3.0344721018699214,-0.010526412986987754
2020-12-18,20.56,3.0233474405869645,-0.011124661282956971
2020-12-21,20.22,3.006672213592325,-0.016675226994639303
2020-12-22,20.18,3.004692014925463,-0.001980198666862165
2020-12-23,20.17,3.0041963519661206,-0.0004956629593424466
2020-12-24,19.86,2.9887076586170265,-0.015488693349094085
2020-12-28,19.74,2.9826470340053355,-0.00606062461169099
2020-12-29,19.67,2.979094632400968,-0.003552401604367539
2020-12-30,19.55,2.972975286431375,-0.00611934596959296
2020-12-31,19.59,2.9750192319564492,0.0020439455250742533
2021-01-04,19.29,2.9595868269176377,-0.015432405038811492
2021-01-05,19.98,2.9947317732204075,0.035144946302769764
2021-01-06,20.98,3.043569602968151,0.048837829747743644
2021-01-07,18.2648,2.904975710283107,-0.1385938926850443
2021-01-08,18.335,2.9088118015232896,0.003836091240182693
2021-01-11,18.6598,2.9263714772481464,0.017559675724856838
2021-01-12,19.209,2.955378919204775,0.029007441956628632
2021-01-13,19.4913,2.9699682121673074,0.014589292962532419
2021-01-14,19.8257,2.986979075850907,0.01701086368359972
2021-01-15,19.6638,2.9787793819013286,-0.008199693949578535
2021-01-19,19.9625,2.993855513541131,0.01507613163980226
2021-01-20,19.7659,2.9839582307486414,-0.00989728279248947
2021-01-21,19.2158,2.9557328572901254,-0.028225373458516057
2021-01-22,18.4797,2.9166728323155353,-0.039060024974590046
2021-01-25,18.1038,2.896121860987846,-0.02055097132768946
2021-01-26,18.2223,2.902646118771553,0.0065242577837070215
2021-01-27,17.7695,2.8774835044606255,-0.025162614310927367
2021-01-28,17.9786,2.889182161718233,0.011698657257607437
2021-01-29,17.7252,2.8749873558524173,-0.014194805865815674
2021-02-01,18.2243,2.902755868377936,0.02776851252551893
2021-02-02,18.4863,2.917029917208146,0.014274048830209995
2021-02-03,20.65,3.027715319407042,0.11068540219889567
2021-02-04,20.79,3.0344721018699214,0.006756782462879585
2021-02-05,18.4334,2.9141642364901674,-0.12030786537975402
2021-02-08,18.7321,2.930238629765299,0.016074393275131715
2021-02-09,18.5924,2.9227528950680126,-0.007485734697286528
2021-02-10,21.43,3.064791809485486,0.14203891441747318
2021-02-11,18.7851,2.93306400240809,-0.13172780707739573
2021-02-12,19.0915,2.9492432098210353,0.016179207412945207
2021-02-16,21.92,3.087399462079815,0.1381562522587796
2021-02-17,19.2225,2.9560814679241987,-0.13131799415561618
2021-02-18,18.8978,2.9390455131739426,-0.0170359547502561
2021-02-19,21.56,3.070839746040796,0.13179423286685354
2021-02-22,21.53,3.0694473113762717,-0.0013924346645244334
2021-02-23,21.79,3.0814511489565284,0.012003837580256693
2021-02-24,22.1,3.095577608523707,0.014126459567178618
2021-02-25,21.72,3.0782334950657346,-0.017344113457972377
2021-02-26,21.32,3.0596455992976437,-0.018587895768090945
2021-03-01,22.38,3.108167702883779,0.0485221035861354
2021-03-02,22.35,3.106826321059578,-0.0013413818242011821
2021-03-03,22.43,3.110399348532117,0.003573027472539181
2021-03-04,22.92,3.132009891846539,0.021610543314421804
2021-03-05,20.2921,3.010231647742764,-0.12177824410377491
2021-03-08,23.07,3.138533072185662,0.12830142444289816
2021-03-09,23.02,3.1363634032937364,-0.0021696688919257134
2021-03-10,20.3701,3.0140681394068314,-0.12229526388690504
2021-03-11,20.4134,3.016191547955361,0.0021234085485297705
2021-03-12,23.45,3.1548704948922883,0.13867894693692717
2021-03-15,20.7652,3.033278508627954,-0.1215919862643342
2021-03-16,23.29,3.1480240838962494,0.11474557526829532
2021-03-17,20.267,3.008993947537176,-0.13903013635907335
2021-03-18,19.5298,2.9719415041807498,-0.03705244335642632
2021-03-19,19.7053,2.9808876350933686,0.008946130912618866
2021-03-22,22.89,3.1307001339644756,0.14981249887110692
2021-03-23,19.5386,2.972391996146063,-0.15830813781841258
2021-03-24,22.37,3.107720775502038,0.1353287793559752
2021-03-25,22.27,3.1032404812692764,-0.00448029423276175
2021-03-26,20.1523,3.0033184257993657,-0.09992205546991073
2021-03-29,22.58,3.1170645587215158,0.11374613292215008
2021-03-30,22.36,3.1072736482868986,-0.009790910434617217
2021-03-31,22.02,3.091951131294534,-0.015322516992364754
2021-04-01,19.5125,2.97105528584155,-0.1208958454529836
2021-04-05,22.26,3.102791345847399,0.1317360600058488
2021-04-06,22.59,3.1175073304799117,0.014715984632512669
2021-04-07,22.57,3.1166215908294443,-0.0008857396504673432
2021-04-08,20.2573,3.008515222417421,-0.10810636841202337
2021-04-09,22.88,3.130263166511597,0.12174794409417622
2021-04-12,23.0,3.1354942159291497,0.00523104941755248
2021-04-13,20.0993,3.0006849885879485,-0.13480922734120115
2021-04-14,20.2747,3.0093738033445345,0.008688814756586005
2021-04-15,22.96,3.133753571451366,0.12437976810683127
2021-04-16,22.93,3.132446096869813,-0.001307474581552892
2021-04-19,22.97,3.134189016701007,0.001742919831194012
2021-04-20,20.0289,2.9971762305461342,-0.13701278615487267
2021-04-21,23.04,3.1372318358276905,0.14005560528155625
2021-04-22,23.01,3.1359289040472746,-0.0013029317804158502
2021-04-23,23.28,3.147594622863237,0.011665718815962567
2021-04-26,20.398,3.0154368568283263,-0.13215776603491092
2021-04-27,23.27,3.1471649773142003,0.131728120485874
2021-04-28,23.64,3.1629401925378975,0.01577521522369718
2021-04-29,20.9097,3.0402131661353247,-0.12272702640257283
2021-04-30,20.5512,3.022919333397955,-0.01729383273736973
2021-05-03,20.4982,3.0203370774112397,-0.002582255986715243
2021-05-04,20.6871,3.0295103176029192,0.009173240191679533
2021-05-05,20.8104,3.0354528617489236,0.005942544146004369
2021-05-06,20.7844,3.0342027053165683,-0.001250156432355265
2021-05-07,23.25,3.1463051320333655,0.11210242671679715
2021-05-10,23.2,3.1441522786722644,-0.002152853361101048
2021-05-11,23.15,3.1419947805322432,-0.0021574981400211968
2021-05-12,23.31,3.1488824530476656,0.006887672515422327
2021-05-13,23.61,3.1616703510974213,0.012787898049755775
2021-05-14,23.89,3.173459961337718,0.011789610240296788
2021-05-17,24.17,3.1851121947153915,0.011652233377673404
2021-05-18,23.91,3.1742967814702334,-0.010815413245158112
2021-05-19,23.63,3.1625170911988163,-0.01177969027141712
2021-05-20,23.82,3.170525563927154,0.008008472728337601
2021-05-21,23.71,3.165896900077314,-0.0046286638498398425
2021-05-24,21.3558,3.0613233655444527,-0.10457353453286133
2021-05-25,20.9443,3.0418665329763406,-0.019456832568112148
2021-05-26,21.0166,3.0453126016521415,0.003446068675800884
2021-05-27,21.0782,3.0482393310330065,0.002926729380865023
2021-05-28,21.088,3.048704158320097,0.000464827287090408
2021-06-01,21.4993,3.068020376464055,0.019316218143957897
2021-06-02,21.7046,3.0775242196483164,0.009503843184261562
2021-06-03,21.6227,3.0737436887799863,-0.0037805308683300787
2021-06-04,21.8289,3.083234779919842,0.0094910911398558
2021-06-07,22.0611,3.0938158765894412,0.010581096669599166
2021-06-08,22.0881,3.09503900196277,0.0012231253733285818
2021-06-09,22.1507,3.0978690987005932,0.0028300967378234176
2021-06-10,22.3742,3.1079085093317786,0.010039410631185408
2021-06-11,22.723,3.1233776273896607,0.015469118057882092
2021-06-14,22.616,3.1186576203912892,-0.004720006998371495
2021-06-15,22.5621,3.1162715074040914,-0.0023861129871978193
2021-06-16,22.7143,3.122994682095538,0.006723174691446676
2021-06-17,21.9358,3.0881200053458637,-0.03487467674967437
2021-06-18,21.4184,3.064250365684392,-0.02386963966147171
2021-06-21,21.4801,3.0671269251233095,0.002876559438917514
2021-06-22,21.5533,3.0705289370767908,0.003402011953481221
2021-06-23,21.6073,3.073031220556464,0.002502283479673295
2021-06-24,24.13,3.1834558796369405,0.1104246590804765
2021-06-25,24.23,3.1875915348284343,0.004135655191493726
2021-06-28,21.088,3.048704158320097,-0.13888737650833738
2021-06-29,23.7,3.1654750481410856,0.11677088982098871
2021-06-30,24.13,3.1834558796369405,0.017980831495854943
2021-07-01,21.8645,3.084864317006801,-0.09859156263013968
2021-07-02,24.59,3.202339856228101,0.11747553922130027
2021-07-06,24.47,3.19744787745458,-0.0048919787735210996
2021-07-07,21.5976,3.0725821974057115,-0.12486568004886855
2021-07-08,21.5167,3.068829377810019,-0.0037528195956926247
2021-07-09,24.41,3.1949928844048685,0.12616350659484965
2021-07-12,24.6,3.202746442938317,0.007753558533448501
2021-07-13,21.7046,3.0775242196483164,-0.12522222329000066
2021-07-14,21.5976,3.0725821974057115,-0.004942022242604871
2021-07-15,21.3818,3.0625400928856035,-0.010042104520108008
2021-07-16,21.3461,3.0608690531992484,-0.0016710396863550692
2021-07-19,23.2,3.1441522786722644,0.08328322547301603
2021-07-20,23.76,3.168003494494444,0.02385121582217975
2021-07-21,23.63,3.1625170911988163,-0.005486403295627884
2021-07-22,23.52,3.1578511230304263,-0.0046659681683900445
2021-07-23,21.0253,3.0457264744849195,-0.11212464854550674
2021-07-26,21.4358,3.065062421490179,0.019335947005259424
2021-07-27,21.1245,3.0504335043240776,-0.014628917166101374
2021-07-28,20.7564,3.032854632855741,-0.017578871468336477
2021-07-29,22.86,3.1293886583666644,0.09653402551092327
2021-07-30,22.57,3.1166215908294443,-0.012767067537220012
2021-08-02,22.35,3.106826321059578,-0.009795269769866444
2021-08-03,22.46,3.111735949310297,0.004909628250719056
2021-08-04,22.25,3.1023420086122493,-0.009393940698047665
2021-08-05,22.05,3.093312601892855,-0.009029406719394117
2021-08-06,22.45,3.1112906141882632,0.017978012295408075
2021-08-09,20.3653,3.013832472148269,-0.09745814203999403
2021-08-10,20.7208,3.0311380266845442,0.017305554536275025
2021-08-11,20.6399,3.0272260956403847,-0.0039119310441595445
2021-08-12,20.7391,3.0320208074528736,0.0047947118124889165
2021-08-13,20.5108,3.020951576686837,-0.011069230766036497
2021-08-16,22.42,3.109953417644014,0.08900184095717689
2021-08-17,20.2381,3.0075669664950837,-0.1023864511489303
2021-08-18,21.84,3.083743150876704,0.07617618438162044
2021-08-19,21.3,3.0587070727153796,-0.025036078161324582
2021-08-20,19.6551,2.978336846624809,-0.08037022609057054
2021-08-23,21.92,3.087399462079815,0.10906261545500584
2021-08-24,22.08,3.0946722214088944,0.007272759329079559
2021-08-25,20.2024,3.0058014092307745,-0.08887081217811987
2021-08-26,21.97,3.089677886396519,0.08387647716574431
2021-08-27,20.4472,3.0178459537991023,-0.0718319325974166
2021-08-30,22.26,3.102791345847399,0.08494539204829676
2021-08-31,20.2747,3.0093738033445345,-0.09341754250286449
2021-09-01,20.4751,3.0192095137320907,0.009835710387556151
2021-09-02,20.7854,3.034250817167007,0.015041303434916387
2021-09-03,20.7758,3.033788847822006,-0.0004619693450012008
2021-09-07,22.62,3.1188344706879745,0.08504562286596862
2021-09-08,20.3287,3.012033680686691,-0.10680079000128329
2021-09-09,20.2284,3.0070875575921256,-0.0049461230945655466
2021-09-10,20.1196,3.0016944643182084,-0.005393093273917238
2021-09-13,20.3027,3.010753882129479,0.00905941781127062
2021-09-14,20.2564,3.0084707930021786,-0.002283089127300464
2021-09-15,20.3027,3.010753882129479,0.002283089127300464
2021-09-16,20.2111,3.0062319584350945,-0.004521923694384533
2021-09-17,22.0,3.091042453358316,0.08481049492322157
2021-09-20,19.5192,2.9713985965385383,-0.11964385681977774
2021-09-21,19.6002,2.975539770266043,0.004141173727504555
2021-09-22,21.74,3.0791538816930633,0.10361411142702037
2021-09-23,21.9,3.086486636822455,0.007332755129391799
2021-09-24,21.45,3.065724645374026,-0.02076199144842894
2021-09-27,21.82,3.0828269804049246,0.01710233503089853
2021-09-28,21.78,3.0809921175048145,-0.0018348629001101457
2021-09-29,21.88,3.0855729775537806,0.004580860048966073
2021-09-30,21.64,3.074543453978281,-0.011029523575499578
2021-10-01,21.8,3.0819099697950434,0.007366515816762398
2021-10-04,20.6109,3.025820062071214,-0.05608990772382949
2021-10-05,23.1,3.139832617527748,0.11401255545653388
2021-10-06,22.89,3.1307001339644756,-0.009132483563272231
2021-10-07,23.12,3.1406980438041767,0.009997909839701169
2021-10-08,23.51,3.157425862551978,0.016727818747801493
2021-10-11,21.404,3.063577820449058,-0.09384804210292019
2021-10-12,23.99,3.177637076851603,0.1140592564025451
2021-10-13,21.8771,3.085440427635973,-0.09219664921563009
2021-10-14,21.9512,3.088821807730719,0.0033813800947459782
2021-10-15,24.25,3.188416617383492,0.09959480965277301
2021-10-18,22.379,3.108123019133018,-0.08029359825047422
2021-10-19,22.2884,3.10406636375365,-0.004056655379367946
2021-10-20,22.4879,3.112977386778264,0.008911023024614106
2021-10-21,22.2239,3.101168286361836,-0.01180910041642802
2021-10-22,24.43,3.195811885269649,0.09464359890781315
2021-10-25,24.56,3.2011191032789417,0.005307218009292569
2021-10-26,24.26,3.1888289035159043,-0.012290199763037357
2021-10-27,23.87,3.1726224403507386,-0.01620646316516572
2021-10-28,23.14,3.1415627217655304,-0.031059718585208174
2021-10-29,21.0542,3.0471000651665543,-0.09446265659897612
2021-11-01,21.166,3.0523961206715327,0.005296055504978359
2021-11-02,20.5985,3.025218257610375,-0.02717786306115766
2021-11-03,22.25,3.1023420086122493,0.0771237510018743
2021-11-04,22.4,3.109060958860994,0.006718950248744804
2021-11-05,22.58,3.1170645587215158,0.008003599860521682
2021-11-08,22.75,3.1245651453969594,0.007500586675443621
2021-11-09,21.1197,3.0502062541917208,-0.07435889120523864
2021-11-10,22.73,3.123685637864452,0.07347938367273121
2021-11-11,21.2489,3.0563051293247048,-0.0673805085397472
2021-11-12,21.639,3.0744972421896453,0.01819211286494049
2021-11-15,22.92,3.132009891846539,0.05751264965689362
2021-11-16,21.4444,3.0654635390276583,-0.06654635281888055
2021-11-17,22.38,3.108167702883779,0.04270416385612075
2021-11-18,20.6736,3.0288575239858186,-0.07931017889796044
2021-11-19,20.1446,3.0029362624024936,-0.025921261583325084
2021-11-22,20.4327,3.0171365586876617,0.014200296285168168
2021-11-23,20.4134,3.016191547955361,-0.0009450107323005774
2021-11-24,20.6457,3.0275070652781353,0.011315517322774138
2021-11-26,21.99,3.09058780456667,0.06308073928853464
2021-11-29,20.1254,3.001982698883504,-0.08860510568316604
2021-11-30,21.39,3.062923523094314,0.06094082421081026
2021-12-01,21.02,3.045474365448805,-0.01744915764550914
2021-12-02,21.31,3.0591764461105257,0.013702080661720739
2021-12-03,19.6889,2.9800550251686877,-0.07912142094183805
2021-12-06,19.5501,2.9729804015078067,-0.007074623660880963
2021-12-07,21.03,3.0459499897146083,0.07296958820680155
2021-12-08,21.1,3.0492730404820207,0.003323050767412461
2021-12-09,21.08,3.0483247236731614,-0.0009483168088593175
2021-12-10,21.41,3.0638581026015914,0.015533378928429986
2021-12-13,21.1,3.0492730404820207,-0.014585062119570669
2021-12-14,19.2996,2.9600843703074653,-0.08918867017455545
2021-12-15,20.93,3.0411835364579085,0.08109916615044321
2021-12-16,21.05,3.0469005601283903,0.005717023670481769
2021-12-17,19.5501,2.9729804015078067,-0.07392015862058354
2021-12-20,20.73,3.0315819264476884,0.05860152493988169
2021-12-21,19.4673,2.96873613488342,-0.06284579156426862
2021-12-22,19.8382,2.98760937193444,0.018873237051020286
2021-12-23,21.47,3.0666566118906897,0.07904723995624963
2021-12-27,21.58,3.0717669598299886,0.005110347939298876
2021-12-28,21.62,3.073618812211062,0.0018518523810735488
2021-12-29,20.1157,3.0015006046968207,-0.07211820751424147
2021-12-30,21.7,3.077312260546414,0.07581165584959315
2021-12-31,20.3855,3.0148238638095117,-0.062488396736902097
2022-01-03,22.64,3.119718253334982,0.10489438952547037
2022-01-04,21.3047,3.0589277056511386,-0.06079054768384351
2022-01-05,22.88,3.130263166511597,0.07133546086045861
2022-01-06,23.27,3.1471649773142003,0.016901810802603112
2022-01-07,21.7219,3.078320968219589,-0.06884400909461119
2022-01-10,23.56,3.159550358783386,0.08122939056379685
2022-01-11,23.92,3.1747149290824312,0.015164570299045277
2022-01-12,24.08,3.1813816204406202,0.006666691358188981
2022-01-13,23.83,3.170945291110651,-0.010436329329969407
2022-01-14,23.99,3.177637076851603,0.006691785740952305
2022-01-18,24.13,3.1834558796369405,0.005818802785337418
2022-01-19,24.12,3.1830413718589847,-0.0004145077779558193
2022-01-20,24.04,3.179719109667007,-0.0033222621919777318
2022-01-21,23.8,3.169685580677429,-0.010033528989577878
2022-01-24,23.65,3.1633631149379418,-0.00632246573948736
2022-01-25,24.19,3.185939324621936,0.022576209683994097
2022-01-26,24.45,3.196630215920881,0.010690891298945182
2022-01-27,22.5582,3.116098636212645,-0.08053157970823621
2022-01-28,23.66,3.1637858585502405,0.0476872223375957
2022-01-31,22.3732,3.107863813997517,-0.05592204455272354
2022-02-01,23.79,3.1692653243148663,0.061401510317349306
2022-02-02,22.6575,3.1204909229467996,-0.048774401368066655
2022-02-03,23.89,3.173459961337718,0.05296903839091849
2022-02-04,22.7143,3.122994682095538,-0.05046527924218003
2022-02-07,24.16,3.184698373066614,0.061703690971075975
2022-02-08,22.8088,3.127146426407379,-0.05755194665923513
2022-02-09,24.32,3.1912990570979662,0.0641526306905873
2022-02-10,22.7895,3.1262999035697936,-0.06499915352817265
2022-02-11,23.358,3.150939537856374,0.024639634286580225
2022-02-14,22.856,3.129213664928472,-0.021725872927901957
2022-02-15,22.7327,3.123804416555694,-0.005409248372777675
2022-02-16,22.7047,3.1225719515139327,-0.0012324650417614436
2022-02-17,22.4869,3.1129329174309777,-0.009639034082955078
2022-02-18,23.49,3.1565747986708215,0.043641881239843805
2022-02-22,23.2,3.1441522786722644,-0.012422519998557036
2022-02-23,23.41,3.1531632815028194,0.009011002830555004
2022-02-24,23.33,3.1497400860333387,-0.0034231954694807776
2022-02-25,23.8,3.169685580677429,0.019945494644090456
2022-02-28,24.42,3.1954024686825586,0.0257168880051295
2022-03-01,24.63,3.2039652121324464,0.008562743449887833
2022-03-02,24.97,3.217675104291682,0.013709892159235348
2022-03-03,23.6981,3.165394876151026,-0.052280228140655804
2022-03-04,25.43,3.2359295794340284,0.07053470328300238
2022-03-07,25.36,3.233173129569025,-0.00275644986500323
2022-03-08,24.1712,3.1851618418073233,-0.048011287761701826
2022-03-09,23.831,3.170987254141227,-0.014174587666096361
2022-03-10,24.1712,3.1851618418073233,0.014174587666096361
2022-03-11,23.8686,3.172563787604307,-0.012598054203016407
2022-03-14,23.2626,3.1468469207232346,-0.02571686688107233
2022-03-15,24.18,3.1855258451866466,0.038678924463412034
2022-03-16,24.12,3.1830413718589847,-0.0024844733276618847
2022-03-17,24.29,3.190064743014081,0.007023371155096214
2022-03-18,24.13,3.1834558796369405,-0.006608863377140395
2022-03-21,23.2443,3.1460599406861007,-0.03739593895083981
2022-03-22,23.2346,3.145642546980965,-0.0004173937051357157
2022-03-23,23.6509,3.1634011691821575,0.01775862220119251
2022-03-24,23.8783,3.1729700967105923,0.009568927528434745
2022-03-25,25.47,3.2375012889913655,0.0645311922807732
2022-03-28,24.1626,3.184805983170479,-0.05269530582088633
2022-03-29,24.389,3.194132210977285,0.009326227806806031
2022-03-30,24.6732,3.2057176343304192,0.011585423353134061
2022-03-31,25.81,3.2507620137305224,0.045044379400103196
2022-04-01,24.4748,3.1976440167795093,-0.05311799695101316
2022-04-04,26.04,3.2596338173403683,0.06198980056085901
2022-04-05,24.626,3.2038027953706796,-0.0558310219696887
2022-04-06,24.6539,3.2049351029841664,0.001132307613486816
2022-04-07,26.22,3.2665224783355535,0.06158737535138714
2022-04-08,24.9854,3.2182916542737794,-0.04823082406177415
2022-04-11,26.2,3.265759410767051,0.04746775649327173
2022-04-12,25.023,3.2197954019275845,-0.04596400883946661
2022-04-13,25.2879,3.230326020460702,0.01053061853311732
2022-04-14,26.74,3.286160571673797,0.05583455121309511
2022-04-18,25.2976,3.2307095295737436,-0.05545104210005336
2022-04-19,27.03,3.2969473602883563,0.06623783071461276
2022-04-20,25.7427,3.248151091771769,-0.04879626851658747
2022-04-21,25.6858,3.2459383100177956,-0.002212781753973214
2022-04-22,26.67,3.283539338193923,0.037601028176127205
2022-04-25,24.5123,3.1991750323866803,-0.08436430580724252
2022-04-26,24.6443,3.204545636426712,0.005370604040031868
2022-04-27,24.7772,3.2099238754663713,0.005378239039659061
2022-04-28,25.3892,3.234323886752284,0.024400011285912626
2022-04-29,24.9652,3.217482855136185,-0.016841031616098956
2022-05-02,25.61,3.242982900211434,0.025500045075248945
2022-05-03,26.14,3.2634667081960758,0.02048380798464189
2022-05-04,25.9866,3.2575810205497966,-0.00588568764627917
2022-05-05,25.6396,3.2441380313067536,-0.013442989243042991
2022-05-06,25.9672,3.256834203150427,0.012696171843673554
2022-05-09,25.129,3.224022557687731,-0.032811645462696326
2022-05-10,25.0134,3.2194116812715103,-0.0046108764162204885
2022-05-11,25.89,3.2538567937634464,0.03444511249193605
2022-05-12,25.78,3.2495989975110415,-0.004257796252404855
2022-05-13,26.08,3.261168737058452,0.011569739547410585
2022-05-16,26.46,3.2756341586868096,0.014465421628357511
2022-05-17,25.8227,3.2512539500521216,-0.02438020863468804
2022-05-18,25.6396,3.2441380313067536,-0.007115918745367988
2022-05-19,25.63,3.24376354037598,-0.00037449093077368545
2022-05-20,25.7841,3.2497580228798015,0.005994482503821619
2022-05-23,25.8131,3.2508821150031593,0.001124092123357734
2022-05-24,25.8227,3.2512539500521216,0.0003718350489623212
2022-05-25,27.34,3.3083508312958037,0.05709688124368206
2022-05-26,27.38,3.3098128198603027,0.0014619885644990838
2022-05-27,26.5936,3.2806705853347085,-0.02914223452559428
2022-05-31,26.4201,3.274125084098371,-0.006545501236337348
2022-06-01,27.95,3.3304171996011083,0.05629211550273716
2022-06-02,27.1139,3.300046511518804,-0.030370688082304476
2022-06-03,28.1,3.3357695763397,0.035723064820896155
2022-06-06,27.1331,3.3007543847948093,-0.035015191544890634
2022-06-07,27.4318,3.3117029243787193,0.010948539583909955
2022-06-08,27.3355,3.3081862237472612,-0.0035167006314580362
2022-06-09,27.0946,3.2993344460377267,-0.008851777709534492
2022-06-10,26.6128,3.2813923030541337,-0.01794214298359309
2022-06-13,26.68,3.283914221047423,0.0025219179932891578
2022-06-14,25.96,3.2565568918358894,-0.027357329211533443
2022-06-15,24.5316,3.1999620823968256,-0.05659480943906381
2022-06-16,24.15,3.184284380098582,-0.015677702298243723
2022-06-17,23.45,3.1548704948922883,-0.02941388520629351
2022-06-21,24.45,3.196630215920881,0.04175972102859271
2022-06-22,23.2116,3.144652153713915,-0.05197806220696588
2022-06-23,23.6,3.1612467120315646,0.016594558317649444
2022-06-24,23.99,3.177637076851603,0.016390364820038528
2022-06-27,24.14,3.1838702156693857,0.006233138817782535
2022-06-28,24.77,3.209633243501268,0.025763027831882557
2022-06-29,24.56,3.2011191032789417,-0.00851414022232655
2022-06-30,24.37,3.193352867637115,-0.007766235641826658
2022-07-01,23.7319,3.1668201346676472,-0.026532732969467787
2022-07-05,23.1248,3.1409056347124404,-0.025914499955206782
2022-07-06,22.7491,3.1245255841748643,-0.016380050537576185
2022-07-07,23.6741,3.164381623566035,0.03985603939117066
2022-07-08,24.98,3.2180755046974316,0.053693881131396726
2022-07-11,25.04,3.2204745462318978,0.0023990415344661287
2022-07-12,23.78,3.1688448912626357,-0.051629654969262084
2022-07-13,24.63,3.2039652121324464,0.03512032086981076
2022-07-14,23.5777,3.160301350063482,-0.043663862068964665
2022-07-15,24.52,3.1994891110680106,0.03918776100452881
2022-07-18,24.96,3.217274543501227,0.017785432433216286
2022-07-19,24.3581,3.1928644430838666,-0.024410100417360248
2022-07-20,25.58,3.2418107961506966,0.04894635306682993
2022-07-21,25.71,3.246880021277798,0.0050692251271016175
2022-07-22,25.57,3.2414197893030954,-0.0054602319747028005
2022-07-25,25.1193,3.223636474969689,-0.01778331433340652
2022-07-26,26.09,3.261552099148637,0.037915624178948004
2022-07-27,26.51,3.277522020300934,0.01596992115229723
2022-07-28,26.41,3.273742726309041,-0.003779293991893251
2022-07-29,26.2252,3.266720780564053,-0.007021945744988045
2022-08-01,26.1172,3.2625941011123922,-0.004126679451660564
2022-08-02,25.8425,3.252020423460503,-0.010573677651889213
2022-08-03,26.16,3.264231526588998,0.012211103128494827
2022-08-04,25.72,3.2472688993694185,-0.016962627219579307
2022-08-05,25.2146,3.227423191829591,-0.01984570753982773
2022-08-08,25.4599,3.2371046653917745,0.00968147356218374
2022-08-09,25.6267,3.2436347767214895,0.006530111329714927
2022-08-10,26.41,3.273742726309041,0.030107949587551364
2022-08-11,26.84,3.289893312103481,0.016150585794440175
2022-08-12,27.15,3.3013770463799443,0.01148373427646332
2022-08-15,27.13,3.3006401266708405,-0.0007369197091038338
2022-08-16,27.3,3.3068867021909143,0.006246575520073794
2022-08-17,26.96,3.2943542860441064,-0.01253241614680789
2022-08-18,27.31,3.3072529354856135,0.012898649441507093
2022-08-19,26.98,3.2950958507796098,-0.01215708470600374
2022-08-22,26.69,3.284288963416433,-0.01080688736317681
2022-08-23,26.441,3.2749158357508734,-0.009373127665559533
2022-08-24,27.07,3.29842610362621,0.0235102678753365
2022-08-25,27.23,3.3043193066856684,0.005893203059458507
2022-08-26,26.88,3.2913825156549485,-0.012936791030719874
2022-08-29,26.91,3.2924979647388146,0.0011154490838660713
2022-08-30,26.15,3.263849190510932,-0.0286487742278827
2022-08-31,25.8229,3.251261695145605,-0.012587495365326884
2022-09-01,25.6757,3.2455450193183344,-0.005716675827270645
2022-09-02,25.7935,3.2501225222013703,0.004577502883035933
2022-09-06,26.25,3.2676659890376327,0.0175434668362624
2022-09-07,26.36,3.2718477096343066,0.004181720596673877
2022-09-08,26.0289,3.2592074591815385,-0.012640250452768065
2022-09-09,26.1957,3.265595275160135,0.0063878159785963895
2022-09-12,26.4018,3.273432189646178,0.007836914486043067
2022-09-13,25.9897,3.2577003056856633,-0.015731883960514725
2022-09-14,26.2252,3.266720780564053,0.009020474878389528
2022-09-15,26.25,3.2676659890376327,0.0009452084735799282
2022-09-16,25.3127,3.2313062460701114,-0.036359742967521314
2022-09-19,25.4599,3.2371046653917745,0.00579841932166314
2022-09-20,25.3225,3.231693328578815,-0.005411336812959355
2022-09-21,25.41,3.2351427973320726,0.0034494687532573565
2022-09-22,24.4493,3.196601585654188,-0.03854121167788449
2022-09-23,23.62,3.1620938107692163,-0.03450777488497181
2022-09-26,22.4773,3.1125059110505298,-0.04958789971868649
2022-09-27,23.35,3.150596984114906,0.038091073064376424
2022-09-28,24.05,3.1801349965517702,0.029538012436864047
2022-09-29,23.3897,3.1522957545198196,-0.02783924203195065
2022-09-30,23.3309,3.1497786622288304,-0.0025170922909891758
2022-10-03,24.17,3.1851121947153915,0.035333532486561126
2022-10-04,24.3218,3.191373067517022,0.006260872801630679
2022-10-05,24.86,3.213260086082565,0.02188701856554287
2022-10-06,24.4395,3.1962006758289823,-0.01705941025358282
2022-10-07,24.99,3.218475744846861,0.022275069017878568
2022-10-10,24.106,3.1824607721661518,-0.03601497268070908
2022-10-11,24.82,3.211649779776461,0.029189007610309403
2022-10-12,24.1746,3.185302495183857,-0.026347284592604048
2022-10-13,24.5867,3.2022056463276827,0.016903151143825568
2022-10-14,24.518,3.1994075416728025,-0.0027981046548801736
2022-10-17,24.881,3.2141044599893096,0.014696918316507102
2022-10-18,25.0184,3.2196115541530235,0.005507094163713866
2022-10-19,25.21,3.2272407411998283,0.0076291870468048195
2022-10-20,24.518,3.1994075416728025,-0.027833199527025787
2022-10-21,24.5376,3.2002066349890788,0.0007990933162762559
2022-10-24,24.3807,3.193791835700007,-0.006414799289071738
2022-10-25,24.6259,3.203798734613633,0.010006898913625939
2022-10-26,24.7535,3.208966893158076,0.005168158544443191
2022-10-27,24.675,3.205790585319545,-0.0031763078385309562
2022-10-28,24.84,3.212455257065278,0.006664671745732598
2022-10-31,25.25,3.228826155721369,0.016370898656091093
2022-11-01,25.1,3.2228678461377385,-0.005958309583630417
2022-11-02,24.8,3.2108436531709366,-0.012024192966801905
2022-11-03,24.75,3.2088254890146994,-0.0020181641562371233
2022-11-04,24.95,3.2168738221975275,0.008048333182828049
2022-11-07,25.0,3.2188758248682006,0.0020020026706730754
2022-11-08,25.02,3.219675505038765,0.0007996801705645318
2022-11-09,24.5,3.1986731175506815,-0.021002387488083585
2022-11-10,24.97,3.217675104291682,0.019001986741000287
2022-11-11,25.0,3.2188758248682006,0.0012007205765187656
2022-11-14,24.9,3.214867803470662,-0.004008021397538641
2022-11-15,24.89,3.2144661163795005,-0.00040168709116139567
2022-11-16,25.01,3.219275744889528,0.004809628510027419
2022-11-17,24.61,3.2031528644029645,-0.016122880486563407
2022-11-18,24.98,3.2180755046974316,0.014922640294467104
2022-11-21,24.71,3.2072080200005186,-0.01086748469691301
2022-11-22,24.86,3.213260086082565,0.006052066082046448
2022-11-23,24.77,3.209633243501268,-0.003626842581296863
2022-11-25,24.75,3.2088254890146994,-0.0008077544865687791
2022-11-28,24.45,3.196630215920881,-0.012195273093818404
2022-11-29,24.73,3.208017081533325,0.011386865612443842
2022-11-30,24.81,3.21124679770371,0.003229716170384922
2022-12-01,24.81,3.21124679770371,0.0
2022-12-02,24.85,3.2128577525426376,0.0016109548389278139
2022-12-05,24.47,3.19744787745458,-0.015409875088057579
2022-12-06,24.22,3.1871787381249463,-0.010269139329633692
2022-12-07,23.86,3.17220341666977,-0.014975321455176438
2022-12-08,23.86,3.17220341666977,0.0
2022-12-09,23.88,3.1730412885244013,0.0008378718546313557
2022-12-12,24.16,3.184698373066614,0.011657084542212814
2022-12-13,24.41,3.1949928844048685,0.01029451133825443
2022-12-14,24.34,3.1921210875593813,-0.002871796845487218
2022-12-15,24.16,3.184698373066614,-0.007422714492767213
2022-12-16,23.8,3.169685580677429,-0.015012792389184959
2022-12-19,23.48,3.1561489949598958,-0.013536585717533356
2022-12-20,23.39,3.1523085805960878,-0.003840414363807998
2022-12-21,23.55,3.159125820462427,0.0068172398663390865
2022-12-22,23.62,3.1620938107692163,0.002967990306789403
2022-12-23,23.95,3.175968323856924,0.013874513087707818
2022-12-27,24.09,3.18179681662678,0.005828492769855753
2022-12-28,23.76,3.168003494494444,-0.01379332213233564
2022-12-29,24.22,3.1871787381249463,0.01917524363050216
2022-12-30,24.12,3.1830413718589847,-0.004137366265961617
2023-01-03,24.23,3.1875915348284343,0.004550162969449545
2023-01-04,24.34,3.1921210875593813,0.004529552730947017
2023-01-05,24.63,3.2039652121324464,0.011844124573065162
2023-01-06,25.0,3.2188758248682006,0.014910612735754114
2023-01-09,25.32,3.2315945972759756,0.01271877240777508
2023-01-10,25.37,3.2335673736111907,0.0019727763352150873
2023-01-11,25.54,3.2402458506043934,0.0066784769932026755
2023-01-12,25.66,3.2449333591874905,0.0046875085830970775
2023-01-13,25.75,3.248434627109745,0.0035012679222545806
2023-01-17,25.55,3.2406373166497136,-0.007797310460031515
2023-01-18,25.14,3.2244602031621015,-0.016177113487612083
2023-01-19,25.49,3.238286218388024,0.013826015225922639
2023-01-20,25.74,3.2480462021679806,0.00975998377995646
2023-01-23,26.1,3.261935314328648,0.013889112160667239
2023-01-24,26.33,3.270708973508218,0.008773659179570181
2023-01-25,26.18,3.264995760481754,-0.0057132130264641035
2023-01-26,26.32,3.2703291064571163,0.005333345975362391
2023-01-27,26.53,3.2782761681496484,0.00794706169253212
2023-01-30,25.59,3.2422016501716975,-0.036074517977950915
2023-01-31,25.6,3.242592351485517,0.0003907013138193527
2023-02-01,25.68,3.2457124788217606,0.003120127336243783
2023-02-02,25.81,3.2507620137305224,0.00504953490876181
2023-02-03,25.81,3.2507620137305224,0.0
2023-02-06,25.82,3.2511493854184965,0.00038737168797409183
2023-02-07,25.84,3.2519236789144013,0.0007742934959047432
2023-02-08,25.85,3.2523106009544382,0.0003869220400369855
2023-02-09,25.8,3.250374491927572,-0.0019361090268663617
2023-02-10,26.37,3.2722270003651954,0.02185250843762354
2023-02-13,26.38,3.2726061472891685,0.0003791469239731171
2023-02-14,26.61,3.281287084989598,0.008680937700429325
2023-02-15,26.66,3.2831643147505627,0.001877229760964827
2023-02-16,26.78,3.2876553402630266,0.004491025512463942
2023-02-17,26.38,3.2726061472891685,-0.015049192973858094
2023-02-21,25.96,3.2565568918358894,-0.016049255453279176
2023-02-22,25.85,3.2523106009544382,-0.00424629088145112
2023-02-23,25.95,3.2561716096118976,0.0038610086574593083
2023-02-24,25.94,3.255786178888298,-0.00038543072359953356
2023-02-27,25.84,3.2519236789144013,-0.0038624999738967603
2023-02-28,25.53,3.2398542312533927,-0.012069447661008592
2023-03-01,25.62,3.2433732964685884,0.003519065215195738
2023-03-02,25.99,3.2577118486533987,0.014338552184810283
2023-03-03,26.09,3.261552099148637,0.0038402504952381733
2023-03-06,26.23,3.2669037938787824,0.0053516947301455176
2023-03-07,26.12,3.2627013044082305,-0.004202489470551907
2023-03-08,26.02,3.2588654730843594,-0.0038358313238711084
2023-03-09,25.81,3.2507620137305224,-0.00810345935383694
2023-03-10,25.6,3.242592351485517,-0.008169662245005593
2023-03-13,25.4,3.2347491740244907,-0.00784317746102614
2023-03-14,25.69,3.2461018111217923,0.01135263709730161
2023-03-15,25.17,3.2256528091472245,-0.020449001974567782
2023-03-16,25.24,3.228430037673012,0.002777228525787656
2023-03-17,25.07,3.221671912170202,-0.006758125502809964
2023-03-20,24.92,3.2156706939192525,-0.00600121825094968
2023-03-21,25.12,3.223664341599998,0.007993647680745397
2023-03-22,24.94,3.2164729402518906,-0.007191401348107362
2023-03-23,24.97,3.217675104291682,0.0012021640397912314
2023-03-24,25.31,3.2311995745570328,0.013524470265350974
2023-03-27,25.35,3.232778730037192,0.001579155480159411
2023-03-28,25.43,3.2359295794340284,0.003150849396836186
2023-03-29,25.59,3.2422016501716975,0.006272070737669111
2023-03-30,25.75,3.248434627109745,0.006232976938047585
2023-03-31,25.9,3.254242968705492,0.005808341595746835
2023-04-03,26.11,3.2623183827110376,0.008075414005545678
2023-04-04,26.16,3.264231526588998,0.001913143877960266
2023-04-05,26.33,3.270708973508218,0.006477446919220142
2023-04-06,26.38,3.2726061472891685,0.0018971737809505562
2023-04-10,26.54,3.2786530289040616,0.006046881614893085
2023-04-11,26.67,3.283539338193923,0.004886309289861224
2023-04-12,26.83,3.2895206644375325,0.005981326243609697
2023-04-13,26.83,3.2895206644375325,0.0
2023-04-14,26.98,3.2950958507796098,0.00557518634207721
2023-04-17,26.93,3.2932409068235073,-0.0018549439561024172
2023-04-18,27.01,3.2962071678045244,0.0029662609810170437
2023-04-19,26.76,3.286908235260028,-0.009298932544496541
2023-04-20,26.69,3.284288963416433,-0.0026192718435948947
2023-04-21,26.81,3.2887749522478678,0.004485988831434806
2023-04-24,26.82,3.2891478778535324,0.000372925605664598
2023-04-25,26.64,3.2824138456721883,-0.006734032181344052
2023-04-26,26.63,3.282038399825841,-0.00037544584634741085
2023-04-27,26.3,3.269568939183719,-0.012469460642122066
2023-04-28,26.31,3.269949095052201,0.00038015586848239025
2023-05-01,26.3,3.269568939183719,-0.00038015586848239025
2023-05-02,26.11,3.2623183827110376,-0.007250556472681247
2023-05-03,25.62,3.2433732964685884,-0.01894508624244917
2023-05-04,25.27,3.2296179214001026,-0.013755375068485787
2023-05-05,25.6,3.242592351485517,0.012974430085414212
2023-05-08,25.36,3.233173129569025,-0.009419221916491693
2023-05-09,25.52,3.239462458476589,0.006289328907564062
2023-05-10,25.75,3.248434627109745,0.008972168633155864
2023-05-11,25.76,3.248822901236153,0.0003882741264078504
2023-05-12,25.92,3.255014871484074,0.006191970247920953
2023-05-15,25.94,3.255786178888298,0.000771307404224153
2023-05-16,25.9,3.254242968705492,-0.0015432101828061207
2023-05-17,26.01,3.25848107946056,0.004238110755068192
2023-05-18,26.08,3.261168737058452,0.0026876575978920236
2023-05-19,26.2,3.265759410767051,0.004590673708599002
2023-05-22,26.03,3.259249719006474,-0.006509691760577141
2023-05-23,26.06,3.260401571696699,0.001151852690225219
2023-05-24,25.79,3.2499868198932536,-0.010414751803445643
2023-05-25,25.44,3.2363227384719213,-0.013664081421332241
2023-05-26,25.48,3.2378938307039626,0.0015710922320413268
2023-05-30,25.32,3.2315945972759756,-0.006299233427986994
2023-05-31,25.33,3.231989464013584,0.000394866737608357
2023-06-01,25.66,3.2449333591874905,0.012943895173906483
2023-06-02,25.93,3.255400599550573,0.010467240363082553
2023-06-05,25.96,3.2565568918358894,0.0011562922853163293
2023-06-06,25.99,3.2577118486533987,0.0011549568175093228
2023-06-07,26.22,3.2665224783355535,0.008810629682154847
2023-06-08,26.3,3.269568939183719,0.003046460848165289
2023-06-09,26.01,3.25848107946056,-0.011087859723158733
2023-06-12,25.95,3.2561716096118976,-0.0023094698486625376
2023-06-13,26.09,3.261552099148637,0.005380489536739308
2023-06-14,26.04,3.2596338173403683,-0.0019182818082685849
2023-06-15,26.32,3.2703291064571163,0.010695289116747997
2023-06-16,26.39,3.2729851505152325,0.002656044058116258
2023-06-20,26.11,3.2623183827110376,-0.010666767804194954
2023-06-21,26.21,3.266141017335315,0.0038226346242775655
2023-06-22,26.04,3.2596338173403683,-0.006507199994946866
2023-06-23,25.78,3.2495989975110415,-0.010034819829326747
2023-06-26,25.96,3.2565568918358894,0.006957894324847835
2023-06-27,26.08,3.261168737058452,0.004611845222562749
2023-06-28,26.22,3.2665224783355535,0.00535374127710142
2023-06-29,26.41,3.273742726309041,0.007220247973487304
2023-06-30,26.35,3.2714682749873716,-0.0022744513216692575
2023-07-03,26.54,3.2786530289040616,0.007184753916690045
2023-07-05,26.54,3.2786530289040616,0.0
2023-07-06,26.35,3.2714682749873716,-0.007184753916690045
2023-07-07,26.43,3.2744997286161976,0.003031453628826064
2023-07-10,26.44,3.2748780149834857,0.0003782863672880943
2023-07-11,26.47,3.27601201623901,0.0011340012555240975
2023-07-12,26.59,3.2805352052549286,0.004523189015918749
2023-07-13,26.82,3.2891478778535324,0.008612672598603766
2023-07-14,26.54,3.2786530289040616,-0.010494848949470725
2023-07-17,26.68,3.283914221047423,0.005261192143361182
2023-07-18,26.78,3.2876553402630266,0.0037411192156038275
2023-07-19,26.92,3.2928695047765273,0.005214164513500652
2023-07-20,26.9,3.292126286607793,-0.0007432181687341277
2023-07-21,26.84,3.289893312103481,-0.0022329745043121463
2023-07-24,27.07,3.29842610362621,0.0085327915227289
2023-07-25,27.14,3.301008654406723,0.00258255078051306
2023-07-26,26.95,3.2939832973550063,-0.007025357051716696
2023-07-27,26.93,3.2932409068235073,-0.0007423905314989376
2023-07-28,26.45,3.2752561583043085,-0.017984748519198845
2023-07-31,26.51,3.277522020300934,0.0022658619966255955
2023-08-01,26.7,3.2846635654062037,0.007141545105269653
2023-08-02,26.57,3.279782759771722,-0.0048808056344817885
2023-08-03,26.66,3.2831643147505627,0.0033815549788407395
2023-08-04,26.52,3.277899165317662,-0.005265149432900795
2023-08-07,26.48,3.2763897310688073,-0.0015094342488546353
2023-08-08,26.51,3.277522020300934,0.0011322892321268263
2023-08-09,26.64,3.2824138456721883,0.00489182537125421
2023-08-10,26.64,3.2824138456721883,0.0
2023-08-11,26.8,3.288401887516811,0.00598804184462276
2023-08-14,26.79,3.2880286835565173,-0.00037320396029372205
2023-08-15,26.58,3.2801590532850993,-0.007869630271418071
2023-08-16,26.32,3.2703291064571163,-0.009829946827982994
2023-08-17,26.37,3.2722270003651954,0.0018978939080791513
2023-08-18,26.51,3.277522020300934,0.005295019935738665
2023-08-21,26.55,3.279029747687948,0.0015077273870138796
2023-08-22,26.38,3.2726061472891685,-0.006423600398779428
2023-08-23,26.47,3.27601201623901,0.0034058689498412953
2023-08-24,26.25,3.2676659890376327,-0.008346027201377115
2023-08-25,26.32,3.2703291064571163,0.0026631174194835516
2023-08-28,26.53,3.2782761681496484,0.00794706169253212
2023-08-29,26.81,3.2887749522478678,0.01049878409821936
2023-08-30,26.71,3.2850380271218693,-0.003736925125998436
2023-08-31,26.61,3.281287084989598,-0.003750942132271451
2023-09-01,26.71,3.2850380271218693,0.003750942132271451
2023-09-05,26.72,3.285412348668445,0.00037432154657546235
2023-09-06,26.51,3.277522020300934,-0.00789032836751069
2023-09-07,26.59,3.2805352052549286,0.0030131849539944966
2023-09-08,26.7,3.2846635654062037,0.004128360151275157
2023-09-11,26.71,3.2850380271218693,0.00037446171566557496
2023-09-12,26.85,3.2902658209548736,0.005227793833004313
2023-09-13,26.96,3.2943542860441064,0.004088465089232773
2023-09-14,27.09,3.2991646560970036,0.004810370052897195
2023-09-15,27.01,3.2962071678045244,-0.0029574882924792156
2023-09-18,27.04,3.2973172511747633,0.001110083370238879
2023-09-19,26.99,3.2954664270299134,-0.0018508241448498275
2023-09-20,27.21,3.303584552795155,0.008118125765241402
2023-09-21,27.25,3.305053521109253,0.0014689683140982623
2023-09-22,27.39,3.3101779832749867,0.00512446216573359
2023-09-25,27.41,3.3109079103146946,0.0007299270397078672
2023-09-26,27.21,3.303584552795155,-0.007323357519539719
2023-09-27,27.37,3.309447523052588,0.005862970257433098
2023-09-28,27.42,3.3112726741341683,0.001825151081580323
2023-09-29,27.37,3.309447523052588,-0.001825151081580323
2023-10-02,27.2,3.3032169733019514,-0.006230549750636527
2023-10-03,27.1,3.299533727885655,-0.003683245416296277
2023-10-04,26.99,3.2954664270299134,-0.004067300855741696
2023-10-05,26.93,3.2932409068235073,-0.0022255202064060953
2023-10-06,26.96,3.2943542860441064,0.0011133792205990645
2023-10-09,27.09,3.2991646560970036,0.004810370052897195
2023-10-10,27.23,3.3043193066856684,0.005154650588664822
2023-10-11,27.37,3.309447523052588,0.0051282163669195135
2023-10-12,27.44,3.3120018028576843,0.002554279805096371
2023-10-13,27.63,3.318902138935325,0.006900336077640734
2023-10-16,27.63,3.318902138935325,0.0
2023-10-17,27.67,3.3203487937988347,0.0014466548635096999
2023-10-18,27.68,3.3207101307494686,0.0003613369506338948
2023-10-19,27.57,3.3167282250357055,-0.003981905713763112
2023-10-20,27.49,3.3138223021771545,-0.002905922858551069
2023-10-23,27.54,3.315639493300509,0.0018171911233544336
2023-10-24,27.55,3.3160025355989236,0.00036304229841466196
2023-10-25,27.46,3.312730400339825,-0.0032721352590985298
2023-10-26,27.16,3.3017453026904953,-0.010985097649329756
2023-10-27,27.08,3.298795448044074,-0.0029498546464212794
2023-10-30,26.44,3.2748780149834857,-0.023917433060588245
2023-10-31,26.04,3.2596338173403683,-0.015244197643117463
2023-11-01,25.97,3.256942025674657,-0.0026917916657112073
2023-11-02,26.37,3.2722270003651954,0.015284974690538355
2023-11-03,26.64,3.2824138456721883,0.010186845306992875
2023-11-06,26.41,3.273742726309041,-0.008671119363147461
2023-11-07,26.38,3.2726061472891685,-0.001136579019872297
2023-11-08,25.96,3.2565568918358894,-0.016049255453279176
2023-11-09,25.89,3.2538567937634464,-0.00270009807244298
2023-11-10,25.98,3.2573270112424533,0.0034702174790068874
2023-11-13,25.99,3.2577118486533987,0.00038483741094541557
2023-11-14,26.22,3.2665224783355535,0.008810629682154847
2023-11-15,26.24,3.267284964075888,0.0007624857403345509
2023-11-16,25.99,3.2577118486533987,-0.009573115422489398
2023-11-17,26.27,3.2684276036974484,0.010715755044049757
2023-11-20,26.26,3.26804686887465,-0.0003807348227984342
2023-11-21,26.55,3.279029747687948,0.010982878813297958
2023-11-22,26.7,3.2846635654062037,0.005633817718255774
2023-11-24,26.74,3.286160571673797,0.0014970062675931928
2023-11-27,26.62,3.2816628129669656,-0.004497758706831334
2023-11-28,26.44,3.2748780149834857,-0.006784797983479862
2023-11-29,26.44,3.2748780149834857,0.0
2023-11-30,26.78,3.2876553402630266,0.012777325279540896
2023-12-01,26.91,3.2924979647388146,0.004842624475787982
2023-12-04,26.83,3.2895206644375325,-0.002977300301282071
2023-12-05,26.68,3.283914221047423,-0.005606443390109739
2023-12-06,26.55,3.279029747687948,-0.004884473359474839
2023-12-07,26.25,3.2676659890376327,-0.011363758650315248
2023-12-08,26.33,3.270708973508218,0.0030429844705852638
2023-12-11,26.17,3.2646137165420543,-0.006095256966163642
2023-12-12,26.01,3.25848107946056,-0.006132637081494252
2023-12-13,26.2,3.265759410767051,0.007278331306491026
2023-12-14,26.49,3.2767673032839784,0.011007892516927242
2023-12-15,26.29,3.26918863874179,-0.0075786645421884735
2023-12-18,26.18,3.264995760481754,-0.004192878260036004
2023-12-19,26.27,3.2684276036974484,0.0034318432156945633
2023-12-20,26.03,3.259249719006474,-0.00917788469097447
2023-12-21,26.14,3.2634667081960758,0.004216989189601783
2023-12-22,26.08,3.261168737058452,-0.0022979711376236445
2023-12-26,26.2,3.265759410767051,0.004590673708599002
2023-12-27,26.21,3.266141017335315,0.0003816065682640257
2023-12-28,26.21,3.266141017335315,0.0
2023-12-29,26.35,3.2714682749873716,0.0053272576520564385
2024-01-02,26.64,3.2824138456721883,0.010945570684816719
2024-01-03,27.0,3.295836866004329,0.013423020332140823
2024-01-04,26.78,3.2876553402630266,-0.008181525741302487
2024-01-05,26.7,3.2846635654062037,-0.002991774856822893
2024-01-08,26.78,3.2876553402630266,0.002991774856822893
2024-01-09,26.89,3.2917544702807735,0.004099130017746866
2024-01-10,26.9,3.292126286607793,0.0003718163270196584
2024-01-11,26.8,3.288401887516811,-0.0037243990909821
2024-01-12,27.01,3.2962071678045244,0.007805280287713323
2024-01-16,26.75,3.2865344733420154,-0.009672694462508957
2024-01-17,26.58,3.2801590532850993,-0.006375420056916159
2024-01-18,26.71,3.2850380271218693,0.004878973836770051
2024-01-19,26.84,3.289893312103481,0.004855284981611696
2024-01-22,27.02,3.2965773325320527,0.006684020428571635
2024-01-23,27.06,3.2980566227426418,0.0014792902105891237
2024-01-24,27.12,3.3002714630721948,0.0022148403295529917
2024-01-25,27.31,3.3072529354856135,0.006981472413418732
2024-01-26,27.41,3.3109079103146946,0.003654974829081059
2024-01-29,27.47,3.3130945001071823,0.0021865897924877586
2024-01-30,27.03,3.2969473602883563,-0.016147139818825984
2024-01-31,26.76,3.286908235260028,-0.010039125028328488
2024-02-01,26.8,3.288401887516811,0.0014936522567832178
2024-02-02,26.66,3.2831643147505627,-0.005237572766248366
2024-02-05,26.33,3.270708973508218,-0.012455341242344709
2024-02-06,26.23,3.2669037938787824,-0.0038051796294356066
2024-02-07,26.25,3.2676659890376327,0.0007621951588503428
2024-02-08,26.25,3.2676659890376327,0.0
2024-02-09,26.23,3.2669037938787824,-0.0007621951588503428
2024-02-12,26.51,3.277522020300934,0.01061822642215171
2024-02-13,26.39,3.2729851505152325,-0.004536869785701558
2024-02-14,26.69,3.284288963416433,0.011303812901200416
2024-02-15,26.99,3.2954664270299134,0.011177463613480487
2024-02-16,27.25,3.305053521109253,0.009587094079339664
2024-02-20,27.43,3.311637304949512,0.006583783840258928
2024-02-21,27.63,3.318902138935325,0.007264833985813013
2024-02-22,27.58,3.3170908723651555,-0.0018112665701695008
2024-02-23,27.68,3.3207101307494686,0.0036192583843130954
2024-02-26,27.41,3.3109079103146946,-0.009802220434774078
2024-02-27,27.61,3.3181780259420632,0.0072701156273686784
2024-02-28,27.39,3.3101779832749867,-0.008000042667076546
2024-02-29,27.45,3.3123661679555396,0.0021881846805529293
2024-03-01,27.75,3.3232358401924436,0.010869672236903938
2024-03-04,27.65,3.3196257279683437,-0.003610112224099904
2024-03-05,27.85,3.326832966373293,0.007207238404949301
2024-03-06,28.0,3.332204510175204,0.00537154380191085
2024-03-07,28.1,3.3357695763397,0.0035650661644961446
2024-03-08,28.0,3.332204510175204,-0.0035650661644961446
2024-03-11,28.16,3.3379025312898416,0.005698021114637797
2024-03-12,28.47,3.3488509012899463,0.010948370000104735
2024-03-13,28.77,3.3593331775634567,0.010482276273510394
2024-03-14,28.64,3.3548043420924447,-0.004528835471012016
2024-03-15,28.64,3.3548043420924447,0.0
2024-03-18,28.77,3.3593331775634567,0.004528835471012016
2024-03-19,28.85,3.3621099929541085,0.0027768153906517767
2024-03-20,28.99,3.3669509429335642,0.004840949979455722
2024-03-21,28.79,3.3600281046240843,-0.006922838309479928
2024-03-22,28.86,3.3624565533457247,0.002428448721640386
2024-03-25,28.95,3.3655702040190043,0.003113650673279622
2024-03-26,29.06,3.369362658142137,0.0037924541231326714
2024-03-27,29.05,3.3690184832979204,-0.0003441748442165604
2024-03-28,29.18,3.3734835430946397,0.004465059796719295
2024-04-01,29.37,3.379973745210529,0.006490202115889243
2024-04-02,29.75,3.392829131991639,0.012855386781109868
2024-04-03,29.88,3.3971893602646164,0.004360228272977551
2024-04-04,29.77,3.393501175027685,-0.003688185236931485
2024-04-05,29.73,3.3921566370100065,-0.0013445380176784205
2024-04-08,29.47,3.3833727967496032,-0.008783840260403242
2024-04-09,29.26,3.3762213955919784,-0.007151401157624804
2024-04-10,29.15,3.3724549127965013,-0.0037664827954770885
2024-04-11,29.22,3.3748534063225533,0.002398493526051926
2024-04-12,29.05,3.3690184832979204,-0.005834923024632843
2024-04-15,28.51,3.3502549029245805,-0.018763580373339916
2024-04-16,28.33,3.3439213138424253,-0.0063335890821552
2024-04-17,28.39,3.34603697048488,0.0021156566424545
2024-04-18,28.44,3.34779660493504,0.0017596344501602523
2024-04-19,28.84,3.3617633124167483,0.013966707481708251
2024-04-22,29.0,3.367295829986474,0.005532517569725837
2024-04-23,28.91,3.364187556028255,-0.003108273958219332
2024-04-24,29.05,3.3690184832979204,0.004830927269665608
2024-04-25,28.93,3.3648791189880436,-0.004139364309876825
2024-04-26,29.06,3.369362658142137,0.0044835391540933855
2024-04-29,28.59,3.3530570063342204,-0.016305651807916544
2024-04-30,28.08,3.3350575791576103,-0.017999427176610183
2024-05-01,27.74,3.3228754148866853,-0.012182164270925
2024-05-02,28.05,3.3339886319687055,0.011113217082020288
2024-05-03,28.1,3.3357695763397,0.0017809443709944084
2024-05-06,28.37,3.34533224882076,0.00956267248106002
2024-05-07,28.35,3.3446270301737613,-0.0007052186469986843
2024-05-08,28.39,3.34603697048488,0.0014099403111185183
2024-05-09,28.63,3.354455119110024,0.008418148625144006
2024-05-10,28.8,3.3603753871419,0.005920268031876397
2024-05-13,28.77,3.3593331775634567,-0.001042209578443476
2024-05-14,28.95,3.3655702040190043,0.0062370264555475785
2024-05-15,28.84,3.3617633124167483,-0.0038068916022560018
2024-05-16,28.61,3.3537563070620187,-0.008007005354729646
2024-05-17,28.56,3.3520071374713836,-0.0017491695906350913
2024-05-20,28.65,3.3551534431607486,0.0031463056893650254
2024-05-21,28.68,3.3562000157314196,0.0010465725706709783
2024-05-22,28.43,3.3474449256629084,-0.008755090068511162
2024-05-23,28.21,3.339676525013905,-0.007768400649003304
2024-05-24,28.21,3.339676525013905,0.0
2024-05-28,28.09,3.335413641116152,-0.004262883897752978
2024-05-29,28.05,3.3339886319687055,-0.0014250091474465876
2024-05-30,28.11,3.3361253849184407,0.0021367529497351434
2024-05-31,28.5,3.349904087274605,0.013778702356164185
2024-06-03,28.23,3.340385242265398,-0.009518845009206967
2024-06-04,28.32,3.343568268825519,0.0031830265601211494
2024-06-05,28.35,3.3446270301737613,0.001058761348242232
2024-06-06,28.42,3.3470931226689546,0.0024660924951933616
2024-06-07,28.35,3.3446270301737613,-0.0024660924951933616
2024-06-10,28.54,3.3513066120486905,0.00667958187492923
2024-06-11,28.42,3.3470931226689546,-0.004213489379735869
2024-06-12,28.4,3.3463891451671604,-0.0007039775017942951
2024-06-13,28.32,3.343568268825519,-0.0028208763416412985
2024-06-14,28.33,3.3439213138424253,0.00035304501690625045
2024-06-17,28.37,3.34533224882076,0.0014109349783346659
2024-06-18,28.3,3.342861804649192,-0.0024704441715681646
2024-06-20,28.58,3.3527071725017215,0.009845367852529652
2024-06-21,28.57,3.3523572162426816,-0.00034995625903988525
2024-06-24,28.98,3.3666059368925363,0.014248720649854718
2024-06-25,29.12,3.3714252233284854,0.004819286435949088
2024-06-26,29.02,3.367985247456042,-0.0034399758724434903
2024-06-27,28.9,3.3638415951183864,-0.004143652337655457
2024-06-28,28.98,3.3666059368925363,0.002764341774149859
2024-07-01,28.99,3.3669509429335642,0.00034500604102793986
2024-07-02,29.04,3.3686741899565953,0.0017232470230310604
2024-07-03,29.06,3.369362658142137,0.0006884681855416908
2024-07-05,29.01,3.367640598133313,-0.0017220600088241333
2024-07-08,29.13,3.3717685709713434,0.004127972838030569
2024-07-09,29.19,3.3738261848660236,0.002057613894680177
2024-07-10,29.16,3.3727979071404572,-0.0010282777255663511
2024-07-11,29.19,3.3738261848660236,0.0010282777255663511
2024-07-12,29.4,3.380994674344636,0.007168489478612372
2024-07-15,29.6,3.3877743613300146,0.0067796869853786745
2024-07-16,29.61,3.3881121421135,0.00033778078348545293
2024-07-17,29.71,3.391483689474516,0.0033715473610160807
2024-07-18,29.83,3.395514598526657,0.004030909052140874
2024-07-19,30.0,3.4011973816621555,0.005682783135498415
2024-07-22,29.98,3.4005304926744517,-0.0006668889877037287
2024-07-23,29.99,3.4008639927609177,0.0003335000864659321
2024-07-24,29.7,3.391147045808654,-0.009716946952263772
2024-07-25,29.56,3.386422096080001,-0.004724949728653005
2024-07-26,29.94,3.3991953789914824,0.012773282911481498
2024-07-29,29.7,3.391147045808654,-0.008048333182828493
2024-07-30,29.56,3.386422096080001,-0.004724949728653005
2024-07-31,28.86,3.3624565533457247,-0.023965542734276202
2024-08-01,28.56,3.3520071374713836,-0.010449415874341117
2024-08-02,28.48,3.349202086543775,-0.002805050927608743
2024-08-05,27.88,3.327909585892323,-0.021292500651451718
2024-08-06,28.9,3.3638415951183864,0.03593200922606332
2024-08-07,28.7,3.3568971227655755,-0.0069444723528109265
2024-08-08,29.33,3.3786108829893595,0.021713760223784018
2024-08-09,28.71,3.3572454941329726,-0.021365388856386947
2024-08-12,28.18,3.3386125064705343,-0.01863298766243826
2024-08-13,28.27,3.341801171705499,0.0031886652349646383
2024-08-14,28.89,3.363495514478144,0.021694342772645037
2024-08-15,29.02,3.367985247456042,0.004489732977897898
2024-08-16,29.17,3.37314078387963,0.005155536423588014
2024-08-19,29.44,3.3823542938606757,0.009213509981045753
2024-08-20,29.13,3.3717685709713434,-0.010585722889332239
2024-08-21,29.0,3.367295829986474,-0.004472740984869272
2024-08-22,29.09,3.3703944725071104,0.0030986425206362966
2024-08-23,29.29,3.377246160839642,0.00685168833253158
2024-08-26,29.39,3.380654480430826,0.003408319591184039
2024-08-27,29.18,3.3734835430946397,-0.007170937336186345
2024-08-28,29.1,3.370738174177447,-0.002745368917192792
2024-08-29,29.25,3.3758795736778655,0.005141399500418586
2024-08-30,29.34,3.3789517727148355,0.0030721990369699803
2024-09-03,29.15,3.3724549127965013,-0.0064968599183341524
2024-09-04,29.04,3.3686741899565953,-0.0037807228399060477
2024-09-05,29.03,3.3683297780365384,-0.00034441192005685295
2024-09-06,28.87,3.3628029936748436,-0.0055267843616948475
2024-09-09,28.83,3.3614165116503107,-0.0013864820245328424
2024-09-10,28.96,3.365915567517516,0.004499055867205115
2024-09-11,29.15,3.3724549127965013,0.006539345278985476
2024-09-12,29.4,3.380994674344636,0.008539761548134628
2024-09-13,29.62,3.3884498088396526,0.007455134495016669
2024-09-16,29.69,3.3908102887756684,0.002360479936015736
2024-09-17,29.52,3.385067999732272,-0.005742289043396465
2024-09-18,29.49,3.3840512228271846,-0.00101677690508728
2024-09-19,29.39,3.380654480430826,-0.0033967423963585652
2024-09-20,29.32,3.3782698770184507,-0.0023846034123753412
2024-09-23,29.45,3.3826939100975957,0.004424033079144962
2024-09-24,29.51,3.3847291889548483,0.0020352788572526315
2024-09-25,29.25,3.3758795736778655,-0.008849615276982803
2024-09-26,28.88,3.3631493140246254,-0.01273025965324015
2024-09-27,29.18,3.3734835430946397,0.010334229070014356
2024-09-30,29.11,3.371081757757532,-0.0024017853371076647
2024-10-01,29.31,3.377928754722801,0.0068469969652689144
2024-10-02,29.47,3.3833727967496032,0.005444042026802265
2024-10-03,29.64,3.389124800427886,0.005752003678282769
2024-10-04,29.7,3.391147045808654,0.0020222453807678953
2024-10-07,29.56,3.386422096080001,-0.004724949728653005
2024-10-08,29.18,3.3734835430946397,-0.012938552985361174
2024-10-09,29.19,3.3738261848660236,0.0003426417713838781
2024-10-10,29.25,3.3758795736778655,0.0020533888118419164
2024-10-11,29.45,3.3826939100975957,0.0068143364197301715
2024-10-14,29.49,3.3840512228271846,0.0013573127295889442
2024-10-15,29.17,3.37314078387963,-0.010910438947554724
2024-10-16,29.19,3.3738261848660236,0.0006854009863936916
2024-10-17,29.13,3.3717685709713434,-0.002057613894680177
2024-10-18,29.18,3.3734835430946397,0.0017149721232962989
2024-10-21,29.0,3.367295829986474,-0.006187713108165571
2024-10-22,28.95,3.3655702040190043,-0.0017256259674698349
2024-10-23,28.97,3.366260811781259,0.0006906077622548246
2024-10-24,29.03,3.3683297780365384,0.002068966255279303
2024-10-25,29.05,3.3690184832979204,0.0006887052613819833
2024-10-28,29.14,3.3721118007670587,0.0030933174691383236
2024-10-29,29.1,3.370738174177447,-0.0013736265896118205
2024-10-30,29.26,3.3762213955919784,0.005483221414531503
2024-10-31,28.66,3.3555024224000256,-0.020718973191952816
2024-11-01,28.82,3.361069590571376,0.0055671681713502785
2024-11-04,29.13,3.3717685709713434,0.010698980399967528
2024-11-05,29.3,3.3775875160230218,0.005818945051678348
2024-11-06,29.97,3.4001968813285717,0.02260936530554991
2024-11-07,30.25,3.4094961844768505,0.00929930314827887
2024-11-08,30.42,3.4151002868311466,0.005604102354296092
2024-11-11,30.57,3.420019135902743,0.004918849071596565
2024-11-12,30.43,3.4154289639088797,-0.004590171993863468
2024-11-13,30.39,3.414113606928702,-0.0013153569801778175
2024-11-14,30.81,3.4278393126085764,0.013725705679874523
2024-11-15,31.09,3.4368862240706624,0.009046911462085916
2024-11-18,31.49,3.4496700351129332,0.012783811042270887
2024-11-19,31.63,3.4541060373175574,0.004436002204624145
2024-11-20,31.79,3.459151774922711,0.0050457376051538105
2024-11-21,32.35,3.4766140209469096,0.017462246024198436
2024-11-22,32.82,3.4910380856619447,0.014424064715035101
2024-11-25,32.34,3.4763048541489607,-0.014733231512984002
2024-11-26,32.86,3.492256112609122,0.0159512584601611
2024-11-27,33.65,3.5160130560907366,0.023756943481614723
2024-11-29,34.43,3.5389282773504322,0.022915221259695695
2024-12-02,33.81,3.520756616719795,-0.018171660630637465
2024-12-03,33.3,3.505557396986398,-0.015199219733396774
2024-12-04,32.85,3.4919517449306197,-0.01360565205577835
2024-12-05,32.85,3.4919517449306197,0.0
2024-12-06,32.8,3.490428515390098,-0.0015232295405218643
2024-12-09,32.46,3.480008562086445,-0.01041995330365264
2024-12-10,32.19,3.4716558453107167,-0.008352716775728464
2024-12-11,32.4,3.4781584227982836,0.006502577487566885
2024-12-12,32.39,3.477849733183238,-0.00030868961504548764
2024-12-13,32.19,3.4716558453107167,-0.0061938878725213975
2024-12-16,31.58,3.452524008827496,-0.0191318364832207
2024-12-17,31.29,3.443298557680791,-0.009225451146705144
2024-12-18,30.45,3.416085994155906,-0.027212563524884992
2024-12-19,30.53,3.4187098067467865,0.0026238125908806254
2024-12-20,30.99,3.433664571799657,0.0149547650528703
2024-12-23,31.01,3.4343097331123578,0.0006451613127009814
2024-12-24,31.49,3.4496700351129332,0.015360302000575476
2024-12-26,31.14,3.4384931664058525,-0.01117686870708079
2024-12-27,31.07,3.436242723404956,-0.002250443000896496
2024-12-30,31.2,3.4404180948154366,0.004175371410480633
2024-12-31,31.36,3.445533195482207,0.005115100666770456
2025-01-02,31.75,3.457892725338701,0.0123595298564938
2025-01-03,31.83,3.4604092412940015,0.002516515955300669
2025-01-06,31.93,3.4635460067266908,0.003136765432689259
2025-01-07,31.93,3.4635460067266908,0.0
2025-01-08,32.44,3.479392229247212,0.01584622252052137
2025-01-10,32.17,3.471034341250935,-0.008357887996277125
2025-01-13,32.54,3.482470101790892,0.011435760539956874
2025-01-14,33.45,3.5100517865742376,0.02758168478334566
2025-01-15,33.34,3.506757877322648,-0.0032939092515893442
2025-01-16,33.67,3.516607233172983,0.009849355850334973
2025-01-17,33.57,3.5136328109919437,-0.0029744221810394933
2025-01-21,34.09,3.5290040861498118,0.01537127515786807
2025-01-22,33.8,3.520460802488973,-0.008543283660838785
2025-01-23,33.67,3.516607233172983,-0.003853569315989791
2025-01-24,33.57,3.5136328109919437,-0.0029744221810394933
2025-01-27,33.45,3.5100517865742376,-0.0035810244177061357
2025-01-28,33.71,3.5177945292459696,0.007742742671732028
2025-01-29,33.65,3.5160130560907366,-0.0017814731552330265
2025-01-30,34.04,3.5275363037051735,0.011523247614436904
2025-01-31,32.65,3.48584485572244,-0.041691447982733276
2025-02-03,33.13,3.5004392163118045,0.014594360589364364
2025-02-04,32.99,3.49620448524049,-0.004234731071314446
2025-02-05,33.04,3.497718948652777,0.0015144634122870038
2025-02-06,32.87,3.4925603876761278,-0.005158560976649351
2025-02-07,32.93,3.494384096388273,0.0018237087121453222
2025-02-10,33.12,3.500137329517059,0.005753233128785951
2025-02-11,33.21,3.5028510353886553,0.0027137058715962503
2025-02-12,32.93,3.494384096388273,-0.008466939000382201
2025-02-13,33.21,3.5028510353886553,0.008466939000382201
2025-02-14,33.44,3.5097527882165007,0.006901752827845442
2025-02-18,33.72,3.518091133133655,0.008338344917154128
2025-02-19,33.65,3.5160130560907366,-0.0020780770429182915
2025-02-20,33.58,3.5139306516493947,-0.0020824044413418896
2025-02-21,33.34,3.506757877322648,-0.007172774326746456
2025-02-24,33.64,3.5157158351047473,0.008957957782099069
2025-02-25,33.27,3.5046560900303856,-0.011059745074361693
2025-02-26,33.14,3.500741011998417,-0.003915078031968555
2025-02-27,32.82,3.4910380856619447,-0.009702926336472295
2025-02-28,33.41,3.508855256368665,0.017817170706720287
2025-03-03,33.73,3.5183876490735586,0.009532392704893589
2025-03-04,33.32,3.506157817298642,-0.012229831774916544
2025-03-05,33.09,3.499231121933521,-0.006926695365121027
2025-03-06,32.75,3.488902962081261,-0.01032815985226021
2025-03-07,33.46,3.510350695558678,0.02144773347741724
2025-03-10,33.65,3.5160130560907366,0.005662360532058486
2025-03-11,33.17,3.501645852958961,-0.014367203131775419
2025-03-12,32.98,3.4959013171314526,-0.005744535827508557
2025-03-13,32.97,3.49559805708364,-0.00030326004781278115
2025-03-14,33.59,3.5142284036242013,0.018630346540561504
2025-03-17,33.92,3.5240048109237025,0.009776407299501244
2025-03-18,33.8,3.520460802488973,-0.003544008434729573
2025-03-19,34.0,3.5263605246161616,0.005899722127188589
2025-03-20,34.1,3.529297384289471,0.0029368596733094776
2025-03-21,33.85,3.521938999358284,-0.007358384931186901
2025-03-24,33.68,3.516904189374126,-0.005034809984158173
2025-03-25,33.5,3.5115454388310208,-0.005358750543105195
2025-03-26,33.84,3.521643534738023,0.010098095907002058
2025-03-27,33.95,3.5248888540047054,0.003245319266682589
2025-03-28,34.08,3.528710701961115,0.0038218479564093855
2025-03-31,34.14,3.5304697173662944,0.0017590154051796425
2025-04-01,34.22,3.5328102684640474,0.0023405510977529964
2025-04-02,34.05,3.527830032595521,-0.0049802358685262504
2025-04-03,33.47,3.510649515223235,-0.017180517372286097
2025-04-04,30.85,3.4291367503513968,-0.08151276487183834
2025-04-07,29.8,3.3945083935113587,-0.034628356840038066
2025-04-08,29.09,3.3703944725071104,-0.02411392100424825
2025-04-09,29.69,3.3908102887756684,0.02041581626855793
2025-04-10,28.95,3.3655702040190043,-0.02524008475666406
2025-04-11,29.63,3.388787361585474,0.02321715756646947
2025-04-14,30.32,3.411807560774171,0.023020199188697354
2025-04-15,30.93,3.4317265866969784,0.019919025922807254
2025-04-16,30.44,3.415757532993485,-0.01596905370349333
2025-04-17,31.02,3.4346321577483927,0.018874624754907643
2025-04-21,30.07,3.4035279970004377,-0.031104160747954968
2025-04-22,30.7,3.4242626545931514,0.020734657592713646
2025-04-23,30.7,3.4242626545931514,0.0
2025-04-24,31.3,3.4436180975461075,0.019355442952956103
2025-04-25,31.22,3.441058915087286,-0.002559182458821585
2025-04-28,31.37,3.445852022202587,0.004793107115300899
2025-04-29,30.79,3.427189961936409,-0.018662060266177782
2025-04-30,29.9,3.3978584803966405,-0.0293314815397685
2025-05-01,29.87,3.3968546322280186,-0.001003848168621868
2025-05-02,30.46,3.4164143474670157,0.019559715238997022
2025-05-05,30.0,3.4011973816621555,-0.015216965804860205
2025-05-06,29.95,3.3995293245614584,-0.0016680571006970624
2025-05-07,30.32,3.411807560774171,0.012278236212712734
2025-05-08,30.64,3.4223063448723905,0.01049878409821936
2025-05-09,31.11,3.4375293109095457,0.015222966037155228
2025-05-12,31.4,3.4468078929142076,0.009278582004661917
2025-05-13,31.76,3.458207636378935,0.011399743464727496
2025-05-14,32.0,3.4657359027997265,0.007528266420791407
2025-05-15,32.29,3.4747575847701837,0.009021681970457163
2025-05-16,32.41,3.4784670171534557,0.0037094323832720377
2025-05-19,32.55,3.482777368654578,0.004310351501122245
2025-05-20,32.19,3.4716558453107167,-0.011121523343861295
2025-05-21,31.79,3.459151774922711,-0.012504070388005495
2025-05-22,31.39,3.4464893708538624,-0.012662404068848776
2025-05-23,31.29,3.443298557680791,-0.0031908131730715716
2025-05-27,31.5,3.449987545831587,0.006688988150796327
2025-05-28,31.43,3.447762850809476,-0.0022246950221109785
2025-05-29,31.23,3.441379171294987,-0.006383679514489149
2025-05-30,30.82,3.42816382989197,-0.013215341403017167
2025-06-02,31.05,3.435598808379488,0.0074349784875180625
2025-06-03,31.48,3.4493524235492026,0.013753615169714628
2025-06-04,30.82,3.42816382989197,-0.02118859365723269
2025-06-05,31.06,3.435920817720541,0.007756987828571038
2025-06-06,31.46,3.4487168976301317,0.012796079909590752
2025-06-09,31.72,3.456947396766647,0.008230499136515412
2025-06-10,31.95,3.4641721808235437,0.007224784056896638
2025-06-11,32.11,3.4691675081014224,0.004995327277878658
2025-06-12,31.96,3.464485120898074,-0.004682387203348348
2025-06-13,32.05,3.467297183366679,0.002812062468604992
2025-06-16,31.53,3.4509394735569696,-0.01635770980970941
2025-06-17,31.23,3.441379171294987,-0.009560302261982567
2025-06-18,31.12,3.4378506993101907,-0.003528471984796333
2025-06-20,31.19,3.440097530619712,0.002246831309521191
2025-06-23,30.88,3.4301087251565754,-0.009988805463136519
2025-06-24,31.12,3.4378506993101907,0.0077419741536153275
2025-06-25,30.75,3.4258899942525267,-0.011960705057664
2025-06-26,31.09,3.4368862240706624,0.010996229818135639
2025-06-27,31.06,3.435920817720541,-0.0009654063501214338
2025-06-30,31.01,3.4343097331123578,-0.0016110846081831554
2025-07-01,31.17,3.4394560937792455,0.005146360666887784
2025-07-02,31.44,3.448080967561006,0.008624873781760467
2025-07-03,31.51,3.4503049557691834,0.0022239882081773743
2025-07-07,31.31,3.443937535338314,-0.006367420430869242
2025-07-08,31.72,3.456947396766647,0.013009861428332936
2025-07-09,31.9,3.462606009790799,0.005658613024151826
2025-07-10,32.05,3.467297183366679,0.004691173575880114
2025-07-11,31.89,3.4622924810219664,-0.005004702344712619
2025-07-14,31.87,3.461665128429245,-0.0006273525927213974
2025-07-15,31.5,3.449987545831587,-0.011677582597657832
2025-07-16,31.5,3.449987545831587,0.0
2025-07-17,31.24,3.441699324971485,-0.008288220860102058
2025-07-18,31.35,3.4452142670789296,0.0035149421074445186
2025-07-21,31.16,3.4391352210025476,-0.006079046076381989
2025-07-22,31.33,3.4445761049641,0.005440883961552512
2025-07-23,31.5,3.449987545831587,0.005411440867487016
2025-07-24,31.79,3.459151774922711,0.009164229091124021
2025-07-25,31.55,3.4515735889872223,-0.007578185935488868
2025-07-28,31.15,3.4388142452334622,-0.012759343753760088
2025-07-29,31.43,3.447762850809476,0.008948605576013957
2025-07-30,31.46,3.4487168976301317,0.0009540468206554742
2025-07-31,30.99,3.433664571799657,-0.015052325830474889
2025-08-01,30.74,3.4255647381104497,-0.008099833689207081
2025-08-04,31.03,3.434954478460289,0.009389740349839304
2025-08-05,31.15,3.4388142452334622,0.0038597667731732344
2025-08-06,31.23,3.441379171294987,0.002564926061524808
2025-08-07,31.19,3.440097530619712,-0.001281640675275142
2025-08-08,31.44,3.448080967561006,0.007983436941294109
2025-08-11,31.14,3.4384931664058525,-0.009587801155153564
2025-08-12,31.34,3.444895236927875,0.006402070522022463
2025-08-13,31.74,3.457577715098263,0.012682478170388034
2025-08-14,31.92,3.463232772581608,0.0056550574833451606
2025-08-15,31.5,3.449987545831587,-0.013245226750020933
2025-08-18,31.33,3.4445761049641,-0.005411440867487016
2025-08-19,31.41,3.447126313550555,0.0025502085864550494
2025-08-20,31.51,3.4503049557691834,0.0031786422186281804
2025-08-21,31.61,3.4534735262275262,0.0031685704583428453
2025-08-22,31.9,3.462606009790799,0.009132483563272675
2025-08-25,31.69,3.4560011737028296,-0.006604836087969357
2025-08-26,31.68,3.455685566946225,-0.0003156067566045806
2025-08-27,31.62,3.453789831781326,-0.0018957351648989373
2025-08-28,31.96,3.464485120898074,0.010695289116747997
2025-08-29,32.14,3.4701013603093664,0.005616239411292412
2025-09-02,32.0,3.4657359027997265,-0.004365457509639903
2025-09-03,31.84,3.460723360976182,-0.005012541823544492
2025-09-04,31.8,3.459466289786131,-0.001257071190051029
2025-09-05,31.67,3.4553698605505483,-0.0040964292355827325
2025-09-08,31.47,3.4490347110763153,-0.006335149474232971
2025-09-09,31.55,3.4515735889872223,0.0025388779109070114
2025-09-10,31.65,3.4547381485901854,0.003164559602963024
2025-09-11,31.93,3.4635460067266908,0.00880785813650542
2025-09-12,31.78,3.45883716110857,-0.004708845618120794
2025-09-15,31.75,3.457892725338701,-0.0009444357698691341
2025-09-16,31.77,3.4585224482814247,0.0006297229427238982
2025-09-17,32.07,3.4679210137050633,0.009398565423638594
2025-09-18,31.82,3.4600950229096408,-0.007825990795422566
2025-09-19,31.69,3.4560011737028296,-0.0040938492068112176
2025-09-22,31.37,3.445852022202587,-0.010149151500242759
2025-09-23,31.46,3.4487168976301317,0.0028648754275448773
2025-09-24,31.7,3.456316680883235,0.007599783253103176
2025-09-25,31.53,3.4509394735569696,-0.005377207326265232
2025-09-26,31.63,3.4541060373175574,0.0031665637605877706
2025-09-29,31.26,3.4423393249933305,-0.01176671232422688
2025-09-30,31.27,3.44265917146975,0.0003198464764193609
2025-10-01,31.15,3.4388142452334622,-0.003844926236287627
2025-10-02,31.42,3.4474446328274753,0.008630387594013023
2025-10-03,31.66,3.4550540544528663,0.007609421625391022
2025-10-06,31.5,3.449987545831587,-0.005066508621279109
2025-10-07,31.71,3.456632088550256,0.006644542718668767
2025-10-08,31.66,3.4550540544528663,-0.0015780340973896578
2025-10-09,31.26,3.4423393249933305,-0.012714729459535778
2025-10-10,30.79,3.427189961936409,-0.015149363056921494
2025-10-13,30.93,3.4317265866969784,0.004536624760569374
2025-10-14,30.79,3.427189961936409,-0.004536624760569374
2025-10-15,30.5,3.417726683613366,-0.009463278323043056
2025-10-16,30.25,3.4094961844768505,-0.008230499136515412
2025-10-17,30.19,3.4075107437187473,-0.001985440758103252
2025-10-20,30.67,3.4232849781261603,0.01577423440741299
2025-10-21,30.76,3.4262151446374434,0.0029301665112830833
2025-10-22,31.04,3.435276695315018,0.009061550677574637
2025-10-23,30.95,3.432372999130605,-0.002903696184413107
2025-10-24,30.99,3.433664571799657,0.001291572669051888
2025-10-27,31.17,3.4394560937792455,0.005791521979588765
2025-10-28,31.22,3.441058915087286,0.0016028213080403475
2025-10-29,31.12,3.4378506993101907,-0.0032082157770951802
2025-10-30,31.58,3.452524008827496,0.014673309517305277
2025-10-31,30.79,3.427189961936409,-0.02533404689108698
2025-11-03,30.56,3.4196919642983197,-0.007497997638089338
2025-11-04,30.22,3.4085039568445934,-0.011188007453726279
2025-11-05,30.67,3.4232849781261603,0.014781021281566886
2025-11-06,30.97,3.4330189939851112,0.00973401585895095
2025-11-07,31.26,3.4423393249933305,0.009320331008219274
2025-11-10,31.28,3.4429789156771102,0.0006395906837797227
2025-11-11,31.46,3.4487168976301317,0.005737981953021443
2025-11-12,31.57,3.4522073025699003,0.0034904049397685988
2025-11-13,31.76,3.458207636378935,0.0060003338090348635
2025-11-14,32.26,3.4738280726970627,0.015620436318127595
2025-11-17,31.75,3.457892725338701,-0.015935347358361884
2025-11-18,31.7,3.456316680883235,-0.001576044455465997
2025-11-19,31.72,3.456947396766647,0.0006307158834122362
2025-11-20,31.89,3.4622924810219664,0.005345084255319321
2025-11-21,32.44,3.479392229247212,0.017099748225245737
2025-11-24,32.55,3.482777368654578,0.0033851394073658447
2025-11-25,32.52,3.48185528467961,-0.0009220839749679577
2025-11-26,32.53,3.48216274048526,0.0003074558056499477
2025-11-28,32.74,3.488597571942989,0.00643483145772894
2025-12-01,32.53,3.48216274048526,-0.00643483145772894
2025-12-02,31.99,3.4654233539614268,-0.016739386523833222
2025-12-03,32.13,3.4697901731277674,0.00436681916634063
2025-12-04,32.61,3.484618989801228,0.014828816673460476
2025-12-05,32.61,3.484618989801228,0.0
2025-12-08,32.71,3.4876808415502927,0.0030618517490648145
2025-12-09,32.33,3.4759955917373415,-0.01168524981295116
2025-12-10,32.21,3.4722769633431074,-0.0037186283942340914
2025-12-11,32.21,3.4722769633431074,0.0
2025-12-12,32.13,3.4697901731277674,-0.00248679021534004
2025-12-15,32.31,3.475376779836407,0.005586606708639419
2025-12-16,31.78,3.45883716110857,-0.016539618727836825
2025-12-17,32.02,3.4663607075685685,0.007523546459998531
2025-12-18,31.99,3.4654233539614268,-0.0009373536071417554
2025-12-19,31.94,3.4638591427868666,-0.0015642111745601817
2025-12-22,32.04,3.4669851222001586,0.003125979413292068
2025-12-23,32.12,3.469478889078561,0.0024937668784024147
2025-12-24,32.08,3.4682327829983137,-0.0012461060802473334
2025-12-26,31.87,3.461665128429245,-0.006567654569068715
2025-12-29,31.92,3.463232772581608,0.0015676441523631013
2025-12-30,32.11,3.4691675081014224,0.0059347355198142715
2025-12-31,32.06,3.467609147181407,-0.001558360920015378
2026-01-02,32.16,3.4707234443107655,0.003114297129358512
2026-01-05,32.16,3.4707234443107655,0.0
2026-01-06,31.73,3.4572626055951043,-0.013460838715661172
2026-01-07,31.7,3.456316680883235,-0.0009459247118694947
2026-01-08,31.86,3.4613513044819024,0.005034623598667576
2026-01-09,32.04,3.4669851222001586,0.005633817718256218
2026-01-12,32.09,3.4685444551217657,0.0015593329216070373
2026-01-13,32.36,3.4769230921902907,0.008378637068525041
2026-01-14,32.49,3.480932349681009,0.004009257490718454
2026-01-15,32.094024658203125,3.4686698650888044,-0.012262484592204803
2026-01-16,32.369510650634766,3.4772169504508463,0.008547085362041962
2026-01-20,32.221927642822266,3.472647203483202,-0.004569746967644228
2026-01-21,32.43838119506836,3.479342326493717,0.006695123010514781
2026-01-22,33.19,3.502248625731883,0.022906299238166117
2026-01-23,33.04,3.497718948652777,-0.004529677079105898
2026-01-26,33.05,3.498021566297695,0.0003026176449179019
2026-01-27,33.17,3.501645852958961,0.0036242866612661295
2026-01-28,33.46,3.510350695558678,0.008704842599716933
2026-01-29,34.11,3.5295905964305545,0.019239900871876436
2026-01-30,33.19,3.502248625731883,-0.027341970698671503
2026-02-02,33.1,3.4995332823830174,-0.0027153433488655843
2026-02-03,34.630001068115234,3.5447203892579697,0.04518710687495231
2026-02-04,35.2,3.5610460826040513,0.016325693346081582
2026-02-05,35.08000183105469,3.557631219700523,-0.0034148629035284372
2026-02-06,34.90999984741211,3.5527733167460513,-0.004857902954471527
2026-02-09,35.15999984741211,3.5599090684771615,0.00713575173111014
2026-02-10,35.189998626708984,3.560761912308457,0.00085284383129558
2026-02-11,35.45000076293945,3.5681232744997007,0.0073613621912436145
2026-02-12,35.41999816894531,3.567276580659184,-0.0008466938405167213
2026-02-13,37.209999084472656,3.616577517754195,0.049300937095011044
2026-02-17,36.75,3.6041382256588457,-0.01243929209534933
2026-02-18,36.11,3.5865698352893665,-0.017568390369479214
2026-02-19,36.18000030517578,3.5885064884020794,0.0019366531127129605
2026-02-20,36.34999847412109,3.5931941620021157,0.004687673600036302
2026-02-23,36.36,3.5934692693092782,0.0002751073071625143
2026-02-24,36.290000915527344,3.5915422464530673,-0.001927022856210936
2026-02-25,35.91999816894531,3.5812941924580874,-0.010248053994979855
2026-02-26,35.97999954223633,3.582963215799661,0.0016690233415737055
2026-02-27,36.14,3.5874002851640823,0.00443706936442112
2026-03-02,36.89,3.607940511608584,0.02054022644450182
2026-03-03,37.38,3.6211358020274167,0.013195290418832606
2026-03-04,37.17,3.615501984309161,-0.005633817718255774
2026-03-05,37.290000915527344,3.6187252187422803,0.0032232344331193374
2026-03-06,37.57,3.6262058595858777,0.0074806408435974525
2026-03-09,37.09,3.6133473915014993,-0.012858468084378405
2026-03-10,36.72,3.6033215657522897,-0.010025825749209627
2026-03-11,37.20000076293945,3.616308781788226,0.012987216035936111
2026-03-12,36.59,3.5997749790311153,-0.016533802757110472
2026-03-13,37.0,3.6109179126442243,0.01114293361310903
