date,price,log_price,r
1970-01-06,2.73246,1.005202302352079,0.010514523854349922
1970-01-07,2.7973,1.0286546662443075,0.02345236389222838
1970-01-08,2.79014,1.0260917737858093,-0.002562892458498167
1970-01-09,2.7253,1.0025785137986754,-0.02351325998713394
1970-01-12,2.7753,1.0207588494632456,0.018180335664570224
1970-01-13,2.76842,1.0182767603490146,-0.0024820891142309787
1970-01-14,2.79014,1.0260917737858093,0.007815013436794693
1970-01-15,2.79014,1.0260917737858093,0.0
1970-01-16,2.73246,1.005202302352079,-0.02088947143373021
1970-01-19,2.73984,1.0078995245343896,0.002697222182310499
1970-01-20,2.75438,1.0131923719063174,0.005292847371927811
1970-01-21,2.71792,0.9998668818888639,-0.013325490017453534
1970-01-22,2.71792,0.9998668818888639,0.0
1970-01-23,2.73984,1.0078995245343896,0.008032642645525723
1970-01-26,2.70388,0.9946877784977292,-0.013211746036660421
1970-01-27,2.68934,0.9892958103498858,-0.005391968147843373
1970-01-28,2.65328,0.9757966104836516,-0.013499199866234157
1970-01-29,2.53794,0.9313527283508125,-0.04444388213283912
1970-01-30,2.58127,0.9482815258812082,0.016928797530395667
1970-02-02,2.55946,0.9397962987410277,-0.008485227140180518
1970-02-03,2.61035,0.9594843119609103,0.019688013219882672
1970-02-04,2.61035,0.9594843119609103,0.0
1970-02-05,2.61703,0.9620400869901368,0.002555775029226437
1970-02-06,2.61703,0.9620400869901368,0.0
1970-02-09,2.68934,0.9892958103498858,0.027255723359749018
1970-02-10,2.6749,0.9839119964716314,-0.005383813878254373
1970-02-11,2.75438,1.0131923719063174,0.02928037543468598
1970-02-12,2.73984,1.0078995245343896,-0.005292847371927811
1970-02-13,2.79014,1.0260917737858093,0.018192249251419712
1970-02-16,2.81165,1.033771499629977,0.007679725844167651
1970-02-17,2.84054,1.0439941749437056,0.010222675313728669
1970-02-18,2.87688,1.056706373584817,0.012712198641111394
1970-02-19,2.8982,1.0640898546296869,0.007383481044869855
1970-02-20,2.92719,1.0740429184830809,0.009953063853394006
1970-02-24,2.91284,1.0691285502758707,-0.00491436820721014
1970-02-25,2.95587,1.083793023769759,0.01466447349388833
1970-02-26,2.92719,1.0740429184830809,-0.00975010528667819
1970-02-27,2.96314,1.0862495168845925,0.012206598401511615
1970-03-02,2.97041,1.088699990425026,0.0024504735404335953
1970-03-03,3.00637,1.1007333709151952,0.01203338049016911
1970-03-04,3.02131,1.1056905121681095,0.004957141252914354
1970-03-05,3.05707,1.1174569409128103,0.011766428744700796
1970-03-06,3.03535,1.1103267391145366,-0.007130201798273728
1970-03-09,2.95587,1.083793023769759,-0.026533715344777553
1970-03-10,2.94909,1.0814966481873884,-0.0022963755823706133
1970-03-11,2.95587,1.083793023769759,0.0022963755823706133
1970-03-12,2.95587,1.083793023769759,0.0
1970-03-13,2.94909,1.0814966481873884,-0.0022963755823706133
1970-03-16,2.92719,1.0740429184830809,-0.007453729704307577
1970-03-17,2.87688,1.056706373584817,-0.01733654489826386
1970-03-18,2.8982,1.0640898546296869,0.007383481044869855
1970-03-19,2.89103,1.0616128400125369,-0.0024770146171499974
1970-03-20,2.8481,1.0466521052928555,-0.014960734719681401
1970-03-23,2.8481,1.0466521052928555,0.0
1970-03-24,2.8982,1.0640898546296869,0.0174377493368314
1970-03-25,2.92719,1.0740429184830809,0.009953063853394006
1970-03-26,2.94909,1.0814966481873884,0.007453729704307577
1970-03-30,2.90547,1.066595167234493,-0.01490148095289534
1970-03-31,2.92719,1.0740429184830809,0.007447751248587764
1970-04-01,2.92719,1.0740429184830809,0.0
1970-04-02,2.94909,1.0814966481873884,0.007453729704307577
1970-04-03,2.95587,1.083793023769759,0.0022963755823706133
1970-04-06,2.95587,1.083793023769759,0.0
1970-04-07,2.92719,1.0740429184830809,-0.00975010528667819
1970-04-08,2.92719,1.0740429184830809,0.0
1970-04-09,2.92719,1.0740429184830809,0.0
1970-04-10,2.87688,1.056706373584817,-0.01733654489826386
1970-04-13,2.8481,1.0466521052928555,-0.010054268291961543
1970-04-14,2.8481,1.0466521052928555,0.0
1970-04-15,2.85498,1.0490648378294962,0.0024127325366407604
1970-04-16,2.8481,1.0466521052928555,-0.0024127325366407604
1970-04-17,2.83366,1.0415691622999521,-0.00508294299290335
1970-04-20,2.80497,1.0313928437303,-0.010176318569652176
1970-04-21,2.81165,1.033771499629977,0.002378655899677007
1970-04-22,2.81165,1.033771499629977,0.0
1970-04-23,2.76842,1.0182767603490146,-0.015494739280962344
1970-04-24,2.71076,0.9972290383793049,-0.02104772196970972
1970-04-27,2.65328,0.9757966104836516,-0.02143242789565325
1970-04-28,2.58127,0.9482815258812082,-0.02751508460244345
1970-04-29,2.6247,0.9649666037981914,0.01668507791698326
1970-04-30,2.59542,0.9537483532325831,-0.011218250565608323
1970-05-01,2.59542,0.9537483532325831,0.0
1970-05-04,2.58127,0.9482815258812082,-0.005466827351374937
1970-05-05,2.58127,0.9482815258812082,0.0
1970-05-06,2.58127,0.9482815258812082,0.0
1970-05-07,2.61035,0.9594843119609103,0.011202786079702154
1970-05-08,2.56673,0.942632715211773,-0.016851596749137276
1970-05-11,2.55228,0.936987077332317,-0.005645637879456045
1970-05-12,2.53794,0.9313527283508125,-0.0056343489815045
1970-05-13,2.47291,0.9053955948321515,-0.025957133518661024
1970-05-14,2.42221,0.884680346574534,-0.020715248257617502
1970-05-15,2.37191,0.8636955377512198,-0.020984808823314216
1970-05-18,2.35767,0.8576738432119742,-0.0060216945392456145
1970-05-19,2.32141,0.8421747596884331,-0.015499083523541013
1970-05-20,2.29293,0.8298304757168093,-0.012344283971623793
1970-05-21,2.21354,0.7945930439551754,-0.035237431761633964
1970-05-22,2.16305,0.7715192627462837,-0.023073781208891697
1970-05-25,2.08347,0.7340347729286146,-0.03748448981766905
1970-05-26,2.09791,0.7409416110558666,0.006906838127252013
1970-05-27,2.18437,0.781327457453155,0.04038584639728837
1970-05-28,2.29293,0.8298304757168093,0.04850301826365433
1970-05-29,2.37937,0.8668357467602446,0.037005271043435206
1970-06-01,2.53067,0.9284840898146244,0.06164834305437983
1970-06-02,2.49501,0.9142927372114821,-0.014191352603142304
1970-06-03,2.50906,0.9199081810082764,0.0056154437967943505
1970-06-04,2.47291,0.9053955948321515,-0.014512586176124942
1970-06-05,2.40069,0.8757561960336945,-0.029639398798457006
1970-06-08,2.42221,0.884680346574534,0.008924150540839504
1970-06-09,2.39362,0.8728068643780863,-0.011873482196447682
1970-06-10,2.38635,0.8697650019372214,-0.0030418624408649064
1970-06-11,2.37937,0.8668357467602446,-0.0029292551769768416
1970-06-12,2.39362,0.8728068643780863,0.005971117617841748
1970-06-15,2.42221,0.884680346574534,0.011873482196447682
1970-06-16,2.44441,0.8938037850137277,0.00912343843919372
1970-06-17,2.46593,0.9025690182889772,0.008765233275249473
1970-06-18,2.53067,0.9284840898146244,0.025915071525647204
1970-06-19,2.55946,0.9397962987410277,0.011312208926403278
1970-06-22,2.49501,0.9142927372114821,-0.025503561529545582
1970-06-23,2.39362,0.8728068643780863,-0.041485872833395776
1970-06-24,2.43685,0.8907062216613207,0.01789935728323444
1970-06-25,2.47291,0.9053955948321515,0.014689373170830744
1970-06-26,2.51623,0.9227617496044589,0.017366154772307407
1970-06-29,2.53794,0.9313527283508125,0.008590978746353617
1970-06-30,2.54541,0.9342917372237066,0.002939008872894111
1970-07-01,2.53067,0.9284840898146244,-0.005807647409082239
1970-07-02,2.50169,0.9169665034890748,-0.011517586325549556
1970-07-06,2.45119,0.8965736209213486,-0.0203928825677262
1970-07-07,2.42987,0.8878377579790043,-0.008735862942344297
1970-07-08,2.45876,0.899657157820131,0.011819399841126677
1970-07-09,2.48705,0.9110972691628009,0.011440111342669868
1970-07-10,2.49501,0.9142927372114821,0.003195468048681205
1970-07-13,2.47291,0.9053955948321515,-0.008897142379330591
1970-07-14,2.45119,0.8965736209213486,-0.00882197391080286
1970-07-15,2.46593,0.9025690182889772,0.005995397367628552
1970-07-16,2.47291,0.9053955948321515,0.0028265765431743084
1970-07-17,2.55228,0.936987077332317,0.031591482500165524
1970-07-20,2.55228,0.936987077332317,0.0
1970-07-21,2.5738,0.9453834060774273,0.008396328745110315
1970-07-22,2.58127,0.9482815258812082,0.002898119803780852
1970-07-23,2.63894,0.970377321377918,0.022095795496709814
1970-07-24,2.71076,0.9972290383793049,0.026851717001386888
1970-07-27,2.71792,0.9998668818888639,0.002637843509558979
1970-07-28,2.71792,0.9998668818888639,0.0
1970-07-29,2.73984,1.0078995245343896,0.008032642645525723
1970-07-30,2.73984,1.0078995245343896,0.0
1970-07-31,2.6965,0.9919546357951446,-0.015944888739244933
1970-08-03,2.68934,0.9892958103498858,-0.002658825445258861
1970-08-04,2.63894,0.970377321377918,-0.018918488971967795
1970-08-05,2.63118,0.9674324147692641,-0.0029449066086538744
1970-08-06,2.66036,0.9784614519820646,0.011029037212800463
1970-08-07,2.61035,0.9594843119609103,-0.01897714002115425
1970-08-10,2.55228,0.936987077332317,-0.02249723462859332
1970-08-11,2.61035,0.9594843119609103,0.02249723462859332
1970-08-12,2.61035,0.9594843119609103,0.0
1970-08-13,2.53067,0.9284840898146244,-0.03100022214628595
1970-08-14,2.55228,0.936987077332317,0.008502987517692628
1970-08-17,2.5738,0.9453834060774273,0.008396328745110315
1970-08-18,2.64611,0.9730906370130941,0.027707230935666738
1970-08-19,2.68934,0.9892958103498858,0.016205173336791723
1970-08-20,2.6749,0.9839119964716314,-0.005383813878254373
1970-08-21,2.6965,0.9919546357951446,0.008042639323513234
1970-08-24,2.75438,1.0131923719063174,0.021237736111172745
1970-08-25,2.76135,1.0157196905785437,0.0025273186722263308
1970-08-26,2.73984,1.0078995245343896,-0.007820166044154142
1970-08-27,2.75438,1.0131923719063174,0.005292847371927811
1970-08-28,2.75438,1.0131923719063174,0.0
1970-08-31,2.73984,1.0078995245343896,-0.005292847371927811
1970-09-01,2.73984,1.0078995245343896,0.0
1970-09-02,2.76842,1.0182767603490146,0.010377235814625019
1970-09-03,2.73984,1.0078995245343896,-0.010377235814625019
1970-09-04,2.73984,1.0078995245343896,0.0
1970-09-08,2.73246,1.005202302352079,-0.002697222182310499
1970-09-09,2.73984,1.0078995245343896,0.002697222182310499
1970-09-10,2.73984,1.0078995245343896,0.0
1970-09-11,2.7753,1.0207588494632456,0.012859324928855997
1970-09-14,2.75438,1.0131923719063174,-0.007566477556928186
1970-09-15,2.73984,1.0078995245343896,-0.005292847371927811
1970-09-16,2.7753,1.0207588494632456,0.012859324928855997
1970-09-17,2.79014,1.0260917737858093,0.005332924322563715
1970-09-18,2.7753,1.0207588494632456,-0.005332924322563715
1970-09-21,2.75438,1.0131923719063174,-0.007566477556928186
1970-09-22,2.76135,1.0157196905785437,0.0025273186722263308
1970-09-23,2.71792,0.9998668818888639,-0.015852808689679865
1970-09-24,2.68934,0.9892958103498858,-0.010571071538978072
1970-09-25,2.6749,0.9839119964716314,-0.005383813878254373
1970-09-28,2.71076,0.9972290383793049,0.013317041907673466
1970-09-29,2.68934,0.9892958103498858,-0.007933228029419093
1970-09-30,2.70388,0.9946877784977292,0.005391968147843373
1970-10-01,2.71076,0.9972290383793049,0.0025412598815757192
1970-10-02,2.71076,0.9972290383793049,0.0
1970-10-05,2.71076,0.9972290383793049,0.0
1970-10-06,2.76135,1.0157196905785437,0.018490652199238844
1970-10-07,2.74662,1.0103710648176718,-0.005348625760871917
1970-10-08,2.73984,1.0078995245343896,-0.0024715402832822253
1970-10-09,2.71076,0.9972290383793049,-0.010670486155084702
1970-10-12,2.6965,0.9919546357951446,-0.0052744025841602316
1970-10-13,2.6749,0.9839119964716314,-0.008042639323513234
1970-10-14,2.66762,0.9811866891238273,-0.0027253073478040735
1970-10-15,2.68934,0.9892958103498858,0.008109121226058447
1970-10-16,2.66762,0.9811866891238273,-0.008109121226058447
1970-10-19,2.66036,0.9784614519820646,-0.0027252371417627597
1970-10-20,2.66762,0.9811866891238273,0.0027252371417627597
1970-10-21,2.66036,0.9784614519820646,-0.0027252371417627597
1970-10-22,2.65328,0.9757966104836516,-0.002664841498412951
1970-10-23,2.66036,0.9784614519820646,0.002664841498412951
1970-10-26,2.65328,0.9757966104836516,-0.002664841498412951
1970-10-27,2.66036,0.9784614519820646,0.002664841498412951
1970-10-28,2.63118,0.9674324147692641,-0.011029037212800463
1970-10-29,2.6247,0.9649666037981914,-0.0024658109710726794
1970-10-30,2.61035,0.9594843119609103,-0.005482291837281106
1970-11-02,2.6247,0.9649666037981914,0.005482291837281106
1970-11-03,2.63118,0.9674324147692641,0.0024658109710726794
1970-11-04,2.63894,0.970377321377918,0.0029449066086538744
1970-11-05,2.66036,0.9784614519820646,0.008084130604146589
1970-11-06,2.63118,0.9674324147692641,-0.011029037212800463
1970-11-09,2.65328,0.9757966104836516,0.008364195714387512
1970-11-10,2.68216,0.9866224400524891,0.010825829568837486
1970-11-11,2.6749,0.9839119964716314,-0.002710443580857702
1970-11-12,2.66036,0.9784614519820646,-0.005450544489566833
1970-11-13,2.60278,0.9565801045765894,-0.021881347405475204
1970-11-17,2.65328,0.9757966104836516,0.019216505907062253
1970-11-18,2.61035,0.9594843119609103,-0.016312298522741298
1970-11-19,2.55946,0.9397962987410277,-0.019688013219882672
1970-11-20,2.58127,0.9482815258812082,0.008485227140180518
1970-11-23,2.55228,0.936987077332317,-0.011294448548891167
1970-11-24,2.53794,0.9313527283508125,-0.0056343489815045
1970-11-25,2.61035,0.9594843119609103,0.02813158361009782
1970-11-27,2.64611,0.9730906370130941,0.013606325052183732
1970-11-30,2.65328,0.9757966104836516,0.0027059734705575655
1970-12-01,2.68934,0.9892958103498858,0.013499199866234157
1970-12-02,2.6749,0.9839119964716314,-0.005383813878254373
1970-12-03,2.73984,1.0078995245343896,0.023987528062758168
1970-12-04,2.78336,1.0236588309870818,0.01575930645269219
1970-12-07,2.7753,1.0207588494632456,-0.0028999815238361926
1970-12-08,2.76842,1.0182767603490146,-0.0024820891142309787
1970-12-09,2.71792,0.9998668818888639,-0.01840987846015074
1970-12-10,2.6965,0.9919546357951446,-0.00791224609371921
1970-12-11,2.76842,1.0182767603490146,0.026322124553869952
1970-12-14,2.74662,1.0103710648176718,-0.007905695531342793
1970-12-15,2.73984,1.0078995245343896,-0.0024715402832822253
1970-12-16,2.76842,1.0182767603490146,0.010377235814625019
1970-12-17,2.83366,1.0415691622999521,0.023292401950937514
1970-12-18,2.82619,1.0389295148402433,-0.0026396474597087938
1970-12-21,2.8481,1.0466521052928555,0.007722590452612144
1970-12-22,2.8481,1.0466521052928555,0.0
1970-12-23,2.88406,1.0591990236445734,0.01254691835171795
1970-12-24,2.92719,1.0740429184830809,0.014843894838507454
1970-12-28,2.94909,1.0814966481873884,0.007453729704307577
1970-12-29,2.94909,1.0814966481873884,0.0
1970-12-30,2.94909,1.0814966481873884,0.0
1970-12-31,2.94909,1.0814966481873884,0.0
1971-01-04,2.91992,1.0715562186446046,-0.009940429542783846
1971-01-05,2.92719,1.0740429184830809,0.0024866998384762695
1971-01-06,2.95587,1.083793023769759,0.00975010528667819
1971-01-07,3.02799,1.1078990330598415,0.024106009290082442
1971-01-08,3.00637,1.1007333709151952,-0.007165662144646312
1971-01-11,2.99193,1.0959186641166214,-0.004814706798573765
1971-01-12,3.03535,1.1103267391145366,0.014408074997915188
1971-01-13,3.07151,1.1221692973547839,0.01184255824024727
1971-01-14,3.03535,1.1103267391145366,-0.01184255824024727
1971-01-15,3.02799,1.1078990330598415,-0.0024277060546951112
1971-01-18,2.93475,1.0766222707764945,-0.03127676228334697
1971-01-19,2.8982,1.0640898546296869,-0.012532416146807668
1971-01-20,2.88406,1.0591990236445734,-0.004890830985113448
1971-01-21,2.86962,1.0541796168241375,-0.00501940682043589
1971-01-22,2.87688,1.056706373584817,0.0025267567606794827
1971-01-25,2.87688,1.056706373584817,0.0
1971-01-26,2.85498,1.0490648378294962,-0.007641535755320783
1971-01-27,2.81922,1.0364602509456833,-0.01260458688381294
1971-01-28,2.78336,1.0236588309870818,-0.012801419958601512
1971-01-29,2.79014,1.0260917737858093,0.002432942798727522
1971-02-01,2.81165,1.033771499629977,0.007679725844167651
1971-02-02,2.8481,1.0466521052928555,0.01288060566287852
1971-02-03,2.8481,1.0466521052928555,0.0
1971-02-04,2.8481,1.0466521052928555,0.0
1971-02-05,2.8982,1.0640898546296869,0.0174377493368314
1971-02-08,2.89103,1.0616128400125369,-0.0024770146171499974
1971-02-09,2.8982,1.0640898546296869,0.0024770146171499974
1971-02-10,2.8982,1.0640898546296869,0.0
1971-02-11,2.87688,1.056706373584817,-0.007383481044869855
1971-02-12,2.82619,1.0389295148402433,-0.017776858744573687
1971-02-16,2.8481,1.0466521052928555,0.007722590452612144
1971-02-17,2.84054,1.0439941749437056,-0.0026579303491498507
1971-02-18,2.83366,1.0415691622999521,-0.002425012643753499
1971-02-19,2.8481,1.0466521052928555,0.00508294299290335
1971-02-22,2.79014,1.0260917737858093,-0.02056033150704617
1971-02-23,2.84054,1.0439941749437056,0.01790240115789632
1971-02-24,2.85498,1.0490648378294962,0.005070662885790611
1971-02-25,2.82619,1.0389295148402433,-0.010135322989252904
1971-02-26,2.81165,1.033771499629977,-0.005158015210266376
1971-03-01,2.8982,1.0640898546296869,0.030318354999709918
1971-03-02,2.86962,1.0541796168241375,-0.009910237805549338
1971-03-03,2.83366,1.0415691622999521,-0.01261045452418541
1971-03-04,2.87688,1.056706373584817,0.015137211284864893
1971-03-05,2.8982,1.0640898546296869,0.007383481044869855
1971-03-08,2.8982,1.0640898546296869,0.0
1971-03-09,2.94909,1.0814966481873884,0.017406793557701583
1971-03-10,2.8982,1.0640898546296869,-0.017406793557701583
1971-03-11,2.94909,1.0814966481873884,0.017406793557701583
1971-03-12,2.8982,1.0640898546296869,-0.017406793557701583
1971-03-15,2.87688,1.056706373584817,-0.007383481044869855
1971-03-16,2.87688,1.056706373584817,0.0
1971-03-17,2.92719,1.0740429184830809,0.01733654489826386
1971-03-18,3.00637,1.1007333709151952,0.02669045243211432
1971-03-19,2.99193,1.0959186641166214,-0.004814706798573765
1971-03-22,2.90547,1.066595167234493,-0.02932349688212832
1971-03-23,2.96314,1.0862495168845925,0.01965434965009938
1971-03-24,2.93475,1.0766222707764945,-0.009627246108097953
1971-03-25,2.96314,1.0862495168845925,0.009627246108097953
1971-03-26,3.02799,1.1078990330598415,0.021649516175249017
1971-03-29,3.05707,1.1174569409128103,0.009557907852968839
1971-03-30,3.06414,1.1197669427405068,0.002310001827696473
1971-03-31,3.12898,1.140707072847845,0.020940130107338195
1971-04-01,3.17251,1.1545230726896962,0.013815999841851223
1971-04-02,3.17251,1.1545230726896962,0.0
1971-04-05,3.12898,1.140707072847845,-0.013815999841851223
1971-04-06,3.09303,1.129151192976942,-0.011555879870903008
1971-04-07,3.07887,1.1245626465505236,-0.004588546426418372
1971-04-08,3.06414,1.1197669427405068,-0.004795703810016816
1971-04-12,3.08555,1.1267299234767267,0.006962980736219926
1971-04-13,3.05707,1.1174569409128103,-0.009272982563916399
1971-04-14,2.94909,1.0814966481873884,-0.035960292725421894
1971-04-15,2.97768,1.0911444738205887,0.009647825633200213
1971-04-16,2.97041,1.088699990425026,-0.00244448339556258
1971-04-19,2.93475,1.0766222707764945,-0.012077719648531549
1971-04-20,2.91992,1.0715562186446046,-0.005066052131889931
1971-04-21,2.85498,1.0490648378294962,-0.022491380815108375
1971-04-22,2.89103,1.0616128400125369,0.01254800218304064
1971-04-23,2.95587,1.083793023769759,0.022180183757222194
1971-04-26,2.99193,1.0959186641166214,0.012125640346862365
1971-04-27,2.95587,1.083793023769759,-0.012125640346862365
1971-04-28,2.94909,1.0814966481873884,-0.0022963755823706133
1971-04-29,2.94909,1.0814966481873884,0.0
1971-04-30,2.8982,1.0640898546296869,-0.017406793557701583
1971-05-03,2.84054,1.0439941749437056,-0.02009567968598125
1971-05-04,2.8481,1.0466521052928555,0.0026579303491498507
1971-05-05,2.80497,1.0313928437303,-0.015259261562555526
1971-05-06,2.79014,1.0260917737858093,-0.005301069944490644
1971-05-07,2.73984,1.0078995245343896,-0.018192249251419712
1971-05-10,2.73246,1.005202302352079,-0.002697222182310499
1971-05-11,2.73984,1.0078995245343896,0.002697222182310499
1971-05-12,2.73984,1.0078995245343896,0.0
1971-05-13,2.68934,0.9892958103498858,-0.018603714184503795
1971-05-14,2.71076,0.9972290383793049,0.007933228029419093
1971-05-17,2.71076,0.9972290383793049,0.0
1971-05-18,2.6965,0.9919546357951446,-0.0052744025841602316
1971-05-19,2.6965,0.9919546357951446,0.0
1971-05-20,2.73246,1.005202302352079,0.013247666556934434
1971-05-21,2.71792,0.9998668818888639,-0.0053354204632152236
1971-05-24,2.6965,0.9919546357951446,-0.00791224609371921
1971-05-25,2.68934,0.9892958103498858,-0.002658825445258861
1971-05-26,2.68934,0.9892958103498858,0.0
1971-05-27,2.6749,0.9839119964716314,-0.005383813878254373
1971-05-28,2.71076,0.9972290383793049,0.013317041907673466
1971-06-01,2.68934,0.9892958103498858,-0.007933228029419093
1971-06-02,2.71076,0.9972290383793049,0.007933228029419093
1971-06-03,2.71792,0.9998668818888639,0.002637843509558979
1971-06-04,2.71792,0.9998668818888639,0.0
1971-06-07,2.71076,0.9972290383793049,-0.002637843509558979
1971-06-08,2.71076,0.9972290383793049,0.0
1971-06-09,2.6965,0.9919546357951446,-0.0052744025841602316
1971-06-10,2.68934,0.9892958103498858,-0.002658825445258861
1971-06-11,2.68934,0.9892958103498858,0.0
1971-06-14,2.68934,0.9892958103498858,0.0
1971-06-15,2.58127,0.9482815258812082,-0.04101428446867761
1971-06-16,2.63894,0.970377321377918,0.022095795496709814
1971-06-17,2.61035,0.9594843119609103,-0.01089300941700766
1971-06-18,2.58127,0.9482815258812082,-0.011202786079702154
1971-06-21,2.56673,0.942632715211773,-0.0056488106694351226
1971-06-22,2.59542,0.9537483532325831,0.01111563802081006
1971-06-23,2.59542,0.9537483532325831,0.0
1971-06-24,2.55946,0.9397962987410277,-0.013952054491555455
1971-06-25,2.54541,0.9342917372237066,-0.005504561517321038
1971-06-28,2.50906,0.9199081810082764,-0.014383556215430193
1971-06-29,2.51623,0.9227617496044589,0.0028535685961824653
1971-06-30,2.55946,0.9397962987410277,0.017034549136568766
1971-07-01,2.55946,0.9397962987410277,0.0
1971-07-02,2.58127,0.9482815258812082,0.008485227140180518
1971-07-06,2.58127,0.9482815258812082,0.0
1971-07-07,2.58127,0.9482815258812082,0.0
1971-07-08,2.59542,0.9537483532325831,0.005466827351374937
1971-07-09,2.58127,0.9482815258812082,-0.005466827351374937
1971-07-12,2.58127,0.9482815258812082,0.0
1971-07-13,2.58127,0.9482815258812082,0.0
1971-07-14,2.53794,0.9313527283508125,-0.016928797530395667
1971-07-15,2.53794,0.9313527283508125,0.0
1971-07-16,2.51623,0.9227617496044589,-0.008590978746353617
1971-07-19,2.50169,0.9169665034890748,-0.005795246115384067
1971-07-20,2.50169,0.9169665034890748,0.0
1971-07-21,2.47291,0.9053955948321515,-0.01157090865692334
1971-07-22,2.45876,0.899657157820131,-0.005738437012020481
1971-07-23,2.47291,0.9053955948321515,0.005738437012020481
1971-07-26,2.45876,0.899657157820131,-0.005738437012020481
1971-07-27,2.48705,0.9110972691628009,0.011440111342669868
1971-07-28,2.48705,0.9110972691628009,0.0
1971-07-29,2.47291,0.9053955948321515,-0.005701674330649387
1971-07-30,2.42221,0.884680346574534,-0.020715248257617502
1971-08-02,2.35767,0.8576738432119742,-0.02700650336255983
1971-08-03,2.37191,0.8636955377512198,0.0060216945392456145
1971-08-04,2.42987,0.8878377579790043,0.02414222022778456
1971-08-05,2.41543,0.881877325085062,-0.0059604328939423246
1971-08-06,2.40069,0.8757561960336945,-0.006121129051367524
1971-08-09,2.37191,0.8636955377512198,-0.012060658282474712
1971-08-10,2.40069,0.8757561960336945,0.012060658282474712
1971-08-11,2.39362,0.8728068643780863,-0.0029493316556081783
1971-08-12,2.39362,0.8728068643780863,0.0
1971-08-13,2.37191,0.8636955377512198,-0.009111326626866534
1971-08-16,2.42221,0.884680346574534,0.020984808823314216
1971-08-17,2.45119,0.8965736209213486,0.011893274346814642
1971-08-18,2.39362,0.8728068643780863,-0.023766756543262324
1971-08-19,2.42221,0.884680346574534,0.011873482196447682
1971-08-20,2.45119,0.8965736209213486,0.011893274346814642
1971-08-23,2.42221,0.884680346574534,-0.011893274346814642
1971-08-24,2.45876,0.899657157820131,0.014976811245597021
1971-08-25,2.48027,0.908367425218619,0.008710267398488014
1971-08-26,2.45876,0.899657157820131,-0.008710267398488014
1971-08-27,2.45119,0.8965736209213486,-0.0030835368987823797
1971-08-30,2.45119,0.8965736209213486,0.0
1971-08-31,2.45876,0.899657157820131,0.0030835368987823797
1971-09-01,2.47291,0.9053955948321515,0.005738437012020481
1971-09-02,2.49501,0.9142927372114821,0.008897142379330591
1971-09-03,2.50169,0.9169665034890748,0.0026737662775927484
1971-09-07,2.53067,0.9284840898146244,0.011517586325549556
1971-09-08,2.5738,0.9453834060774273,0.016899316262802944
1971-09-09,2.55228,0.936987077332317,-0.008396328745110315
1971-09-10,2.53067,0.9284840898146244,-0.008502987517692628
1971-09-13,2.50906,0.9199081810082764,-0.008575908806347954
1971-09-14,2.49501,0.9142927372114821,-0.0056154437967943505
1971-09-15,2.45119,0.8965736209213486,-0.017719116290133452
1971-09-16,2.47291,0.9053955948321515,0.00882197391080286
1971-09-17,2.53067,0.9284840898146244,0.023088494982472896
1971-09-20,2.53794,0.9313527283508125,0.0028686385361881284
1971-09-21,2.53067,0.9284840898146244,-0.0028686385361881284
1971-09-22,2.53067,0.9284840898146244,0.0
1971-09-23,2.51623,0.9227617496044589,-0.0057223402101654885
1971-09-24,2.50906,0.9199081810082764,-0.0028535685961824653
1971-09-27,2.50169,0.9169665034890748,-0.002941677519201602
1971-09-28,2.50169,0.9169665034890748,0.0
1971-09-29,2.50169,0.9169665034890748,0.0
1971-09-30,2.50169,0.9169665034890748,0.0
1971-10-01,2.50169,0.9169665034890748,0.0
1971-10-04,2.49501,0.9142927372114821,-0.0026737662775927484
1971-10-05,2.48027,0.908367425218619,-0.005925311992863058
1971-10-06,2.53067,0.9284840898146244,0.020116664596005362
1971-10-07,2.53794,0.9313527283508125,0.0028686385361881284
1971-10-08,2.45876,0.899657157820131,-0.031695570530681505
1971-10-11,2.47291,0.9053955948321515,0.005738437012020481
1971-10-12,2.47291,0.9053955948321515,0.0
1971-10-13,2.47291,0.9053955948321515,0.0
1971-10-14,2.46593,0.9025690182889772,-0.0028265765431743084
1971-10-15,2.42221,0.884680346574534,-0.017888671714443194
1971-10-18,2.43685,0.8907062216613207,0.006025875086786758
1971-10-19,2.42221,0.884680346574534,-0.006025875086786758
1971-10-20,2.39362,0.8728068643780863,-0.011873482196447682
1971-10-21,2.39362,0.8728068643780863,0.0
1971-10-22,2.40069,0.8757561960336945,0.0029493316556081783
1971-10-25,2.40816,0.8788629704219155,0.0031067743882210452
1971-10-26,2.42221,0.884680346574534,0.005817376152618459
1971-10-27,2.37937,0.8668357467602446,-0.01784459981428943
1971-10-28,2.39362,0.8728068643780863,0.005971117617841748
1971-10-29,2.37937,0.8668357467602446,-0.005971117617841748
1971-11-01,2.34361,0.851692475619144,-0.01514327114110059
1971-11-02,2.37937,0.8668357467602446,0.01514327114110059
1971-11-03,2.42221,0.884680346574534,0.01784459981428943
1971-11-04,2.42221,0.884680346574534,0.0
1971-11-05,2.39362,0.8728068643780863,-0.011873482196447682
1971-11-08,2.38635,0.8697650019372214,-0.0030418624408649064
1971-11-09,2.42987,0.8878377579790043,0.018072756041782934
1971-11-10,2.42221,0.884680346574534,-0.003157411404470345
1971-11-11,2.39362,0.8728068643780863,-0.011873482196447682
1971-11-12,2.42221,0.884680346574534,0.011873482196447682
1971-11-15,2.39362,0.8728068643780863,-0.011873482196447682
1971-11-16,2.44441,0.8938037850137277,0.020996920635641403
1971-11-17,2.41543,0.881877325085062,-0.0119264599286657
1971-11-18,2.41543,0.881877325085062,0.0
1971-11-19,2.37937,0.8668357467602446,-0.01504157832481745
1971-11-22,2.37937,0.8668357467602446,0.0
1971-11-23,2.34361,0.851692475619144,-0.01514327114110059
1971-11-24,2.38635,0.8697650019372214,0.01807252631807743
1971-11-26,2.37937,0.8668357467602446,-0.0029292551769768416
1971-11-29,2.40069,0.8757561960336945,0.008920449273449926
1971-11-30,2.42221,0.884680346574534,0.008924150540839504
1971-12-01,2.39362,0.8728068643780863,-0.011873482196447682
1971-12-02,2.41543,0.881877325085062,0.009070460706975703
1971-12-03,2.43685,0.8907062216613207,0.008828896576258738
1971-12-06,2.45119,0.8965736209213486,0.0058673992600278835
1971-12-07,2.49501,0.9142927372114821,0.017719116290133452
1971-12-08,2.48705,0.9110972691628009,-0.003195468048681205
1971-12-09,2.46593,0.9025690182889772,-0.008528250873823695
1971-12-10,2.46593,0.9025690182889772,0.0
1971-12-13,2.48027,0.908367425218619,0.005798406929641842
1971-12-14,2.47291,0.9053955948321515,-0.0029718303864675333
1971-12-15,2.46593,0.9025690182889772,-0.0028265765431743084
1971-12-16,2.50169,0.9169665034890748,0.014397485200097648
1971-12-17,2.50169,0.9169665034890748,0.0
1971-12-20,2.53067,0.9284840898146244,0.011517586325549556
1971-12-21,2.56673,0.942632715211773,0.014148625397148673
1971-12-22,2.53067,0.9284840898146244,-0.014148625397148673
1971-12-23,2.55228,0.936987077332317,0.008502987517692628
1971-12-27,2.55228,0.936987077332317,0.0
1971-12-28,2.53067,0.9284840898146244,-0.008502987517692628
1971-12-29,2.55228,0.936987077332317,0.008502987517692628
1971-12-30,2.47291,0.9053955948321515,-0.031591482500165524
1971-12-31,2.55228,0.936987077332317,0.031591482500165524
1972-01-03,2.54541,0.9342917372237066,-0.002695340108610389
1972-01-04,2.55228,0.936987077332317,0.002695340108610389
1972-01-05,2.55228,0.936987077332317,0.0
1972-01-06,2.55228,0.936987077332317,0.0
1972-01-07,2.56673,0.942632715211773,0.005645637879456045
1972-01-10,2.61035,0.9594843119609103,0.016851596749137276
1972-01-11,2.6749,0.9839119964716314,0.02442768451072108
1972-01-12,2.66036,0.9784614519820646,-0.005450544489566833
1972-01-13,2.66036,0.9784614519820646,0.0
1972-01-14,2.63118,0.9674324147692641,-0.011029037212800463
1972-01-17,2.63118,0.9674324147692641,0.0
1972-01-18,2.61703,0.9620400869901368,-0.005392327779127348
1972-01-19,2.61035,0.9594843119609103,-0.002555775029226437
1972-01-20,2.61035,0.9594843119609103,0.0
1972-01-21,2.60278,0.9565801045765894,-0.002904207384320956
1972-01-24,2.58844,0.9510553776436149,-0.005524726932974455
1972-01-25,2.56673,0.942632715211773,-0.008422662431841865
1972-01-26,2.55228,0.936987077332317,-0.005645637879456045
1972-01-27,2.55946,0.9397962987410277,0.0028092214087106493
1972-01-28,2.55946,0.9397962987410277,0.0
1972-01-31,2.55228,0.936987077332317,-0.0028092214087106493
1972-02-01,2.55228,0.936987077332317,0.0
1972-02-02,2.49501,0.9142927372114821,-0.022694340120834933
1972-02-03,2.50906,0.9199081810082764,0.0056154437967943505
1972-02-04,2.55946,0.9397962987410277,0.01988811773275123
1972-02-07,2.55946,0.9397962987410277,0.0
1972-02-08,2.55228,0.936987077332317,-0.0028092214087106493
1972-02-09,2.53794,0.9313527283508125,-0.0056343489815045
1972-02-10,2.53794,0.9313527283508125,0.0
1972-02-11,2.53794,0.9313527283508125,0.0
1972-02-14,2.51623,0.9227617496044589,-0.008590978746353617
1972-02-15,2.48705,0.9110972691628009,-0.01166448044165802
1972-02-16,2.46593,0.9025690182889772,-0.008528250873823695
1972-02-17,2.41543,0.881877325085062,-0.020691693203915174
1972-02-18,2.39362,0.8728068643780863,-0.009070460706975703
1972-02-22,2.39362,0.8728068643780863,0.0
1972-02-23,2.37191,0.8636955377512198,-0.009111326626866534
1972-02-24,2.38635,0.8697650019372214,0.006069464186001627
1972-02-25,2.42987,0.8878377579790043,0.018072756041782934
1972-02-28,2.45876,0.899657157820131,0.011819399841126677
1972-02-29,2.45119,0.8965736209213486,-0.0030835368987823797
1972-03-01,2.45876,0.899657157820131,0.0030835368987823797
1972-03-02,2.47291,0.9053955948321515,0.005738437012020481
1972-03-03,2.49501,0.9142927372114821,0.008897142379330591
1972-03-06,2.50906,0.9199081810082764,0.0056154437967943505
1972-03-07,2.51623,0.9227617496044589,0.0028535685961824653
1972-03-08,2.51623,0.9227617496044589,0.0
1972-03-09,2.53794,0.9313527283508125,0.008590978746353617
1972-03-10,2.53067,0.9284840898146244,-0.0028686385361881284
1972-03-13,2.54541,0.9342917372237066,0.005807647409082239
1972-03-14,2.55228,0.936987077332317,0.002695340108610389
1972-03-15,2.58844,0.9510553776436149,0.01406830031129791
1972-03-16,2.60278,0.9565801045765894,0.005524726932974455
1972-03-17,2.61035,0.9594843119609103,0.002904207384320956
1972-03-20,2.66762,0.9811866891238273,0.021702377162917008
1972-03-21,2.66036,0.9784614519820646,-0.0027252371417627597
1972-03-22,2.60278,0.9565801045765894,-0.021881347405475204
1972-03-23,2.63118,0.9674324147692641,0.010852310192674741
1972-03-24,2.64611,0.9730906370130941,0.005658222243829947
1972-03-27,2.66036,0.9784614519820646,0.0053708149689705165
1972-03-28,2.65328,0.9757966104836516,-0.002664841498412951
1972-03-29,2.63894,0.970377321377918,-0.005419289105733638
1972-03-30,2.65328,0.9757966104836516,0.005419289105733638
1972-04-03,2.63118,0.9674324147692641,-0.008364195714387512
1972-04-04,2.6247,0.9649666037981914,-0.0024658109710726794
1972-04-05,2.55946,0.9397962987410277,-0.025170305057163778
1972-04-06,2.58127,0.9482815258812082,0.008485227140180518
1972-04-07,2.60278,0.9565801045765894,0.008298578695381198
1972-04-10,2.61035,0.9594843119609103,0.002904207384320956
1972-04-11,2.61035,0.9594843119609103,0.0
1972-04-12,2.6247,0.9649666037981914,0.005482291837281106
1972-04-13,2.6247,0.9649666037981914,0.0
1972-04-14,2.61703,0.9620400869901368,-0.002926516808054669
1972-04-17,2.61035,0.9594843119609103,-0.002555775029226437
1972-04-18,2.61035,0.9594843119609103,0.0
1972-04-19,2.61035,0.9594843119609103,0.0
1972-04-20,2.58844,0.9510553776436149,-0.008428934317295411
1972-04-21,2.61035,0.9594843119609103,0.008428934317295411
1972-04-24,2.60278,0.9565801045765894,-0.002904207384320956
1972-04-25,2.59542,0.9537483532325831,-0.0028317513440062614
1972-04-26,2.59542,0.9537483532325831,0.0
1972-04-27,2.58127,0.9482815258812082,-0.005466827351374937
1972-04-28,2.58127,0.9482815258812082,0.0
1972-05-01,2.5738,0.9453834060774273,-0.002898119803780852
1972-05-02,2.58127,0.9482815258812082,0.002898119803780852
1972-05-03,2.55946,0.9397962987410277,-0.008485227140180518
1972-05-04,2.54541,0.9342917372237066,-0.005504561517321038
1972-05-05,2.55946,0.9397962987410277,0.005504561517321038
1972-05-08,2.54541,0.9342917372237066,-0.005504561517321038
1972-05-09,2.51623,0.9227617496044589,-0.011529987619247728
1972-05-10,2.47291,0.9053955948321515,-0.017366154772307407
1972-05-11,2.48027,0.908367425218619,0.0029718303864675333
1972-05-12,2.48027,0.908367425218619,0.0
1972-05-15,2.47291,0.9053955948321515,-0.0029718303864675333
1972-05-16,2.47291,0.9053955948321515,0.0
1972-05-17,2.46593,0.9025690182889772,-0.0028265765431743084
1972-05-18,2.45119,0.8965736209213486,-0.005995397367628552
1972-05-19,2.42221,0.884680346574534,-0.011893274346814642
1972-05-22,2.44441,0.8938037850137277,0.00912343843919372
1972-05-23,2.43685,0.8907062216613207,-0.0030975633524069623
1972-05-24,2.42987,0.8878377579790043,-0.0028684636823164134
1972-05-25,2.40069,0.8757561960336945,-0.012081561945309849
1972-05-26,2.45119,0.8965736209213486,0.020817424887654146
1972-05-30,2.44441,0.8938037850137277,-0.002769835907620921
1972-05-31,2.45119,0.8965736209213486,0.002769835907620921
1972-06-01,2.42221,0.884680346574534,-0.011893274346814642
1972-06-02,2.42221,0.884680346574534,0.0
1972-06-05,2.42221,0.884680346574534,0.0
1972-06-06,2.41543,0.881877325085062,-0.0028030214894719796
1972-06-07,2.39362,0.8728068643780863,-0.009070460706975703
1972-06-08,2.42221,0.884680346574534,0.011873482196447682
1972-06-09,2.39362,0.8728068643780863,-0.011873482196447682
1972-06-12,2.37191,0.8636955377512198,-0.009111326626866534
1972-06-13,2.35059,0.8546663604746056,-0.00902917727661412
1972-06-14,2.33565,0.8482902249734062,-0.00637613550119942
1972-06-15,2.37191,0.8636955377512198,0.01540531277781354
1972-06-16,2.34361,0.851692475619144,-0.012003062132075804
1972-06-19,2.27848,0.8235085539786458,-0.02818392164049821
1972-06-20,2.27848,0.8235085539786458,0.0
1972-06-21,2.29293,0.8298304757168093,0.006321921738163594
1972-06-22,2.29989,0.8328612957044437,0.0030308199876343256
1972-06-23,2.31424,0.8390813399015105,0.0062200441970667875
1972-06-26,2.26385,0.8170669037290545,-0.02201443617245591
1972-06-27,2.26385,0.8170669037290545,0.0
1972-06-28,2.26385,0.8170669037290545,0.0
1972-06-29,2.22759,0.8009202835870102,-0.016146620142044377
1972-06-30,2.24213,0.8074263069118724,0.006506023324862276
1972-07-03,2.23535,0.8043978153576749,-0.0030284915541975987
1972-07-05,2.24213,0.8074263069118724,0.0030284915541975987
1972-07-06,2.26385,0.8170669037290545,0.009640596817182101
1972-07-07,2.25677,0.8139345874588402,-0.0031323162702143748
1972-07-10,2.24213,0.8074263069118724,-0.006508280546967726
1972-07-11,2.23535,0.8043978153576749,-0.0030284915541975987
1972-07-12,2.24213,0.8074263069118724,0.0030284915541975987
1972-07-13,2.24213,0.8074263069118724,0.0
1972-07-14,2.23535,0.8043978153576749,-0.0030284915541975987
1972-07-17,2.22759,0.8009202835870102,-0.003477531770664677
1972-07-18,2.22759,0.8009202835870102,0.0
1972-07-19,2.23535,0.8043978153576749,0.003477531770664677
1972-07-20,2.25677,0.8139345874588402,0.009536772101165325
1972-07-21,2.27848,0.8235085539786458,0.009573966519805577
1972-07-24,2.25677,0.8139345874588402,-0.009573966519805577
1972-07-25,2.24213,0.8074263069118724,-0.006508280546967726
1972-07-26,2.24213,0.8074263069118724,0.0
1972-07-27,2.21354,0.7945930439551754,-0.012833262956697067
1972-07-28,2.21354,0.7945930439551754,0.0
1972-07-31,2.17778,0.7783060093078947,-0.01628703464728065
1972-08-01,2.21354,0.7945930439551754,0.01628703464728065
1972-08-02,2.17778,0.7783060093078947,-0.01628703464728065
1972-08-03,2.16305,0.7715192627462837,-0.006786746561611046
1972-08-04,2.21354,0.7945930439551754,0.023073781208891697
1972-08-07,2.22071,0.7978269645725509,0.0032339206173754853
1972-08-08,2.22759,0.8009202835870102,0.003093319014459306
1972-08-09,2.22071,0.7978269645725509,-0.003093319014459306
1972-08-10,2.21354,0.7945930439551754,-0.0032339206173754853
1972-08-11,2.21354,0.7945930439551754,0.0
1972-08-14,2.21354,0.7945930439551754,0.0
1972-08-15,2.22071,0.7978269645725509,0.0032339206173754853
1972-08-16,2.21354,0.7945930439551754,-0.0032339206173754853
1972-08-17,2.28545,0.8265629414993823,0.03196989754420687
1972-08-18,2.29989,0.8328612957044437,0.006298354205061418
1972-08-21,2.37191,0.8636955377512198,0.030834242046776095
1972-08-22,2.37191,0.8636955377512198,0.0
1972-08-23,2.40816,0.8788629704219155,0.015167432670695757
1972-08-24,2.42221,0.884680346574534,0.005817376152618459
1972-08-25,2.48027,0.908367425218619,0.023687078644085036
1972-08-28,2.47291,0.9053955948321515,-0.0029718303864675333
1972-08-29,2.45876,0.899657157820131,-0.005738437012020481
1972-08-30,2.51623,0.9227617496044589,0.023104591784327888
1972-08-31,2.51623,0.9227617496044589,0.0
1972-09-01,2.53067,0.9284840898146244,0.0057223402101654885
1972-09-05,2.52321,0.9255319004400897,-0.002952189374534675
1972-09-06,2.51623,0.9227617496044589,-0.0027701508356308135
1972-09-07,2.51623,0.9227617496044589,0.0
1972-09-08,2.47291,0.9053955948321515,-0.017366154772307407
1972-09-11,2.42987,0.8878377579790043,-0.017557836853147157
1972-09-12,2.38635,0.8697650019372214,-0.018072756041782934
1972-09-13,2.39362,0.8728068643780863,0.0030418624408649064
1972-09-14,2.37937,0.8668357467602446,-0.005971117617841748
1972-09-15,2.33565,0.8482902249734062,-0.018545521786838326
1972-09-18,2.33565,0.8482902249734062,0.0
1972-09-19,2.31424,0.8390813399015105,-0.009208885071895767
1972-09-20,2.31424,0.8390813399015105,0.0
1972-09-21,2.30737,0.8361083477796549,-0.0029729921218555333
1972-09-22,2.31424,0.8390813399015105,0.0029729921218555333
1972-09-25,2.31424,0.8390813399015105,0.0
1972-09-26,2.35767,0.8576738432119742,0.018592503310463693
1972-09-27,2.34361,0.851692475619144,-0.005981367592830189
1972-09-28,2.29989,0.8328612957044437,-0.01883117991470029
1972-09-29,2.32141,0.8421747596884331,0.009313463983989467
1972-10-02,2.32141,0.8421747596884331,0.0
1972-10-03,2.31424,0.8390813399015105,-0.00309341978692268
1972-10-04,2.35059,0.8546663604746056,0.015585020573095187
1972-10-05,2.35767,0.8576738432119742,0.0030074827373685054
1972-10-06,2.42221,0.884680346574534,0.02700650336255983
1972-10-09,2.44441,0.8938037850137277,0.00912343843919372
1972-10-10,2.45119,0.8965736209213486,0.002769835907620921
1972-10-11,2.42987,0.8878377579790043,-0.008735862942344297
1972-10-12,2.41543,0.881877325085062,-0.0059604328939423246
1972-10-13,2.37937,0.8668357467602446,-0.01504157832481745
1972-10-16,2.37937,0.8668357467602446,0.0
1972-10-17,2.38635,0.8697650019372214,0.0029292551769768416
1972-10-18,2.37191,0.8636955377512198,-0.006069464186001627
1972-10-19,2.37191,0.8636955377512198,0.0
1972-10-20,2.37191,0.8636955377512198,0.0
1972-10-23,2.40069,0.8757561960336945,0.012060658282474712
1972-10-24,2.39362,0.8728068643780863,-0.0029493316556081783
1972-10-25,2.37191,0.8636955377512198,-0.009111326626866534
1972-10-26,2.38635,0.8697650019372214,0.006069464186001627
1972-10-27,2.34361,0.851692475619144,-0.01807252631807743
1972-10-30,2.34361,0.851692475619144,0.0
1972-10-31,2.37937,0.8668357467602446,0.01514327114110059
1972-11-01,2.42221,0.884680346574534,0.01784459981428943
1972-11-02,2.43685,0.8907062216613207,0.006025875086786758
1972-11-03,2.40069,0.8757561960336945,-0.014950025627626262
1972-11-06,2.39362,0.8728068643780863,-0.0029493316556081783
1972-11-08,2.35767,0.8576738432119742,-0.015133021166112148
1972-11-09,2.34361,0.851692475619144,-0.005981367592830189
1972-11-10,2.34361,0.851692475619144,0.0
1972-11-13,2.37191,0.8636955377512198,0.012003062132075804
1972-11-14,2.39362,0.8728068643780863,0.009111326626866534
1972-11-15,2.37937,0.8668357467602446,-0.005971117617841748
1972-11-16,2.39362,0.8728068643780863,0.005971117617841748
1972-11-17,2.42987,0.8878377579790043,0.015030893600918027
1972-11-20,2.40816,0.8788629704219155,-0.008974787557088804
1972-11-21,2.40816,0.8788629704219155,0.0
1972-11-22,2.42987,0.8878377579790043,0.008974787557088804
1972-11-24,2.42987,0.8878377579790043,0.0
1972-11-27,2.45119,0.8965736209213486,0.008735862942344297
1972-11-28,2.45119,0.8965736209213486,0.0
1972-11-29,2.41543,0.881877325085062,-0.014696295836286621
1972-11-30,2.42221,0.884680346574534,0.0028030214894719796
1972-12-01,2.42221,0.884680346574534,0.0
1972-12-04,2.35767,0.8576738432119742,-0.02700650336255983
1972-12-05,2.37191,0.8636955377512198,0.0060216945392456145
1972-12-06,2.36493,0.8607484231971897,-0.0029471145540300725
1972-12-07,2.39362,0.8728068643780863,0.012058441180896606
1972-12-08,2.39362,0.8728068643780863,0.0
1972-12-11,2.35767,0.8576738432119742,-0.015133021166112148
1972-12-12,2.33565,0.8482902249734062,-0.009383618238567926
1972-12-13,2.30737,0.8361083477796549,-0.0121818771937513
1972-12-14,2.29293,0.8298304757168093,-0.00627787206284558
1972-12-15,2.33565,0.8482902249734062,0.01845974925659688
1972-12-18,2.33565,0.8482902249734062,0.0
1972-12-19,2.33565,0.8482902249734062,0.0
1972-12-20,2.26385,0.8170669037290545,-0.031223321244351676
1972-12-21,2.24949,0.8107035238568908,-0.0063633798721637325
1972-12-22,2.29989,0.8328612957044437,0.022157771847552854
1972-12-26,2.32878,0.8453445252983482,0.012483229593904577
1972-12-27,2.33565,0.8482902249734062,0.002945699675057978
1972-12-29,2.37191,0.8636955377512198,0.01540531277781354
1973-01-02,2.43685,0.8907062216613207,0.027010683910100974
1973-01-03,2.42987,0.8878377579790043,-0.0028684636823164134
1973-01-04,2.42987,0.8878377579790043,0.0
1973-01-05,2.42221,0.884680346574534,-0.003157411404470345
1973-01-08,2.42987,0.8878377579790043,0.003157411404470345
1973-01-09,2.41543,0.881877325085062,-0.0059604328939423246
1973-01-10,2.40069,0.8757561960336945,-0.006121129051367524
1973-01-11,2.39362,0.8728068643780863,-0.0029493316556081783
1973-01-12,2.37191,0.8636955377512198,-0.009111326626866534
1973-01-15,2.37191,0.8636955377512198,0.0
1973-01-16,2.37191,0.8636955377512198,0.0
1973-01-17,2.34361,0.851692475619144,-0.012003062132075804
1973-01-18,2.35767,0.8576738432119742,0.005981367592830189
1973-01-19,2.37191,0.8636955377512198,0.0060216945392456145
1973-01-22,2.31424,0.8390813399015105,-0.024614197849709307
1973-01-23,2.29989,0.8328612957044437,-0.0062200441970667875
1973-01-24,2.27848,0.8235085539786458,-0.00935274172579792
1973-01-26,2.26385,0.8170669037290545,-0.006441650249591202
1973-01-29,2.23535,0.8043978153576749,-0.0126690883713797
1973-01-30,2.23535,0.8043978153576749,0.0
1973-01-31,2.25677,0.8139345874588402,0.009536772101165325
1973-02-01,2.23535,0.8043978153576749,-0.009536772101165325
1973-02-02,2.22759,0.8009202835870102,-0.003477531770664677
1973-02-05,2.21354,0.7945930439551754,-0.006327239631834791
1973-02-06,2.19891,0.7879617830406567,-0.006631260914518711
1973-02-07,2.17778,0.7783060093078947,-0.00965577373276194
1973-02-08,2.16305,0.7715192627462837,-0.006786746561611046
1973-02-09,2.15557,0.7680551897415391,-0.0034640730047446056
1973-02-12,2.16992,0.7746903005133402,0.006635110771801123
1973-02-13,2.18437,0.781327457453155,0.0066371569398148145
1973-02-14,2.17778,0.7783060093078947,-0.003021448145260286
1973-02-15,2.16305,0.7715192627462837,-0.006786746561611046
1973-02-16,2.18437,0.781327457453155,0.009808194706871332
1973-02-20,2.21354,0.7945930439551754,0.013265586502020366
1973-02-21,2.20597,0.7911673214641345,-0.0034257224910408945
1973-02-22,2.19891,0.7879617830406567,-0.003205538423477816
1973-02-23,2.21354,0.7945930439551754,0.006631260914518711
1973-02-26,2.24949,0.8107035238568908,0.016110479901715435
1973-02-27,2.27848,0.8235085539786458,0.012805030121754934
1973-02-28,2.29293,0.8298304757168093,0.006321921738163594
1973-03-01,2.30737,0.8361083477796549,0.00627787206284558
1973-03-02,2.29293,0.8298304757168093,-0.00627787206284558
1973-03-05,2.31424,0.8390813399015105,0.009250864184701113
1973-03-06,2.33565,0.8482902249734062,0.009208885071895767
1973-03-07,2.35059,0.8546663604746056,0.00637613550119942
1973-03-08,2.37937,0.8668357467602446,0.012169386285638906
1973-03-09,2.37191,0.8636955377512198,-0.003140209009024786
1973-03-12,2.38635,0.8697650019372214,0.006069464186001627
1973-03-13,2.39362,0.8728068643780863,0.0030418624408649064
1973-03-14,2.34361,0.851692475619144,-0.021114388758942337
1973-03-15,2.31424,0.8390813399015105,-0.012611135717633504
1973-03-16,2.29293,0.8298304757168093,-0.009250864184701113
1973-03-19,2.22071,0.7978269645725509,-0.03200351114425848
1973-03-20,2.20597,0.7911673214641345,-0.00665964310841638
1973-03-21,2.16992,0.7746903005133402,-0.016477020950794286
1973-03-22,2.09093,0.7376089430807795,-0.03708135743256069
1973-03-23,2.17778,0.7783060093078947,0.04069706622711522
1973-03-26,2.12699,0.7547078347495965,-0.02359817455829827
1973-03-27,2.13425,0.7581152969082788,0.003407462158682373
1973-03-28,2.14851,0.7647745786321345,0.006659281723855659
1973-03-29,2.16305,0.7715192627462837,0.006744684114149191
1973-03-30,2.18437,0.781327457453155,0.009808194706871332
1973-04-02,2.17778,0.7783060093078947,-0.003021448145260286
1973-04-03,2.13425,0.7581152969082788,-0.020190712399615895
1973-04-04,2.13425,0.7581152969082788,0.0
1973-04-05,2.13425,0.7581152969082788,0.0
1973-04-06,2.15557,0.7680551897415391,0.009939892833260244
1973-04-09,2.15557,0.7680551897415391,0.0
1973-04-10,2.13425,0.7581152969082788,-0.009939892833260244
1973-04-11,2.09093,0.7376089430807795,-0.020506353827499324
1973-04-12,2.10537,0.7444912236597583,0.006882280578978772
1973-04-13,2.09093,0.7376089430807795,-0.006882280578978772
1973-04-16,2.06912,0.7271233961148764,-0.010485546965903092
1973-04-17,2.04053,0.713209578034499,-0.013913818080377394
1973-04-18,2.04053,0.713209578034499,0.0
1973-04-19,2.07679,0.7308234324158871,0.017613854381388072
1973-04-23,2.02589,0.7060091101767938,-0.0248143222390933
1973-04-24,2.03326,0.7096404162870069,0.0036313061102131172
1973-04-25,2.04761,0.7166732593557262,0.007032843068719319
1973-04-26,2.07679,0.7308234324158871,0.014150173060160864
1973-04-27,2.06195,0.7236521369981544,-0.007171295417732648
1973-04-30,2.09093,0.7376089430807795,0.013956806082625062
1973-05-01,2.07679,0.7308234324158871,-0.0067855106648924135
1973-05-02,2.05468,0.7201201180613713,-0.01070331435451577
1973-05-03,2.09093,0.7376089430807795,0.017488825019408183
1973-05-04,2.08347,0.7340347729286146,-0.0035741701521648794
1973-05-07,2.06912,0.7271233961148764,-0.0069113768137382126
1973-05-08,2.04053,0.713209578034499,-0.013913818080377394
1973-05-09,1.99691,0.6916009858167012,-0.021608592217797873
1973-05-10,2.01872,0.702463647197294,0.010862661380592886
1973-05-11,2.02589,0.7060091101767938,0.0035454629794997583
1973-05-14,1.99691,0.6916009858167012,-0.014408124360092645
1973-05-15,1.99691,0.6916009858167012,0.0
1973-05-16,2.01872,0.702463647197294,0.010862661380592886
1973-05-17,1.98257,0.6843939828568613,-0.01806966434043278
1973-05-18,1.93207,0.6585919670180254,-0.0258020158388359
1973-05-21,1.88914,0.6361216990605723,-0.022470267957453105
1973-05-22,1.90348,0.6436837898243549,0.0075620907637826695
1973-05-23,1.94651,0.6660380254813263,0.022354235656971366
1973-05-24,2.04053,0.713209578034499,0.047171552553172735
1973-05-25,2.01872,0.702463647197294,-0.010745930837204987
1973-05-29,2.03326,0.7096404162870069,0.0071767690897128755
1973-05-30,2.01155,0.698905569170611,-0.01073484711639594
1973-05-31,1.99023,0.6882502099472385,-0.010655359223372463
1973-06-01,1.99691,0.6916009858167012,0.003350775869462641
1973-06-04,1.98257,0.6843939828568613,-0.007207002959839892
1973-06-05,1.97579,0.6809683183744121,-0.0034256644824491866
1973-06-06,1.95378,0.6697659577220336,-0.011202360652378451
1973-06-07,1.97579,0.6809683183744121,0.011202360652378451
1973-06-08,1.97579,0.6809683183744121,0.0
1973-06-11,1.95378,0.6697659577220336,-0.011202360652378451
1973-06-12,1.96832,0.6771803870378664,0.0074144293158328045
1973-06-13,1.97579,0.6809683183744121,0.003787931336545647
1973-06-14,1.94651,0.6660380254813263,-0.014930292893085784
1973-06-15,1.92529,0.655076605743923,-0.010961419737403277
1973-06-18,1.88914,0.6361216990605723,-0.01895490668335076
1973-06-19,1.88914,0.6361216990605723,0.0
1973-06-20,1.90348,0.6436837898243549,0.0075620907637826695
1973-06-21,1.93964,0.6625023888452395,0.018818599020884563
1973-06-22,1.91772,0.6511369804028808,-0.011365408442358671
1973-06-25,1.90348,0.6436837898243549,-0.007453190578525892
1973-06-26,1.93207,0.6585919670180254,0.014908177193670435
1973-06-27,1.91772,0.6511369804028808,-0.007454986615144543
1973-06-28,1.93964,0.6625023888452395,0.011365408442358671
1973-06-29,1.96832,0.6771803870378664,0.01467799819262694
1973-07-02,1.96832,0.6771803870378664,0.0
1973-07-03,1.98257,0.6843939828568613,0.0072135958189948335
1973-07-05,1.96096,0.6734341492499254,-0.010959833606935865
1973-07-06,2.02589,0.7060091101767938,0.0325749609268684
1973-07-09,2.02589,0.7060091101767938,0.0
1973-07-10,2.01872,0.702463647197294,-0.0035454629794997583
1973-07-11,2.02589,0.7060091101767938,0.0035454629794997583
1973-07-12,2.04053,0.713209578034499,0.007200467857705228
1973-07-13,2.03326,0.7096404162870069,-0.003569161747492111
1973-07-16,2.04053,0.713209578034499,0.003569161747492111
1973-07-17,2.02589,0.7060091101767938,-0.007200467857705228
1973-07-18,2.06195,0.7236521369981544,0.017643026821360652
1973-07-19,2.06912,0.7271233961148764,0.0034712591167219697
1973-07-20,2.08347,0.7340347729286146,0.0069113768137382126
1973-07-23,2.05468,0.7201201180613713,-0.013914654867243303
1973-07-24,2.07679,0.7308234324158871,0.01070331435451577
1973-07-25,2.07679,0.7308234324158871,0.0
1973-07-26,2.07679,0.7308234324158871,0.0
1973-07-27,2.07679,0.7308234324158871,0.0
1973-07-30,2.08347,0.7340347729286146,0.003211340512727534
1973-07-31,2.11972,0.7512840044894898,0.01724923156087521
1973-08-01,2.07679,0.7308234324158871,-0.020460572073602745
1973-08-02,2.06912,0.7271233961148764,-0.0037000363010106785
1973-08-03,2.06195,0.7236521369981544,-0.0034712591167219697
1973-08-06,2.00448,0.6953846755001372,-0.028267461498017288
1973-08-07,1.98257,0.6843939828568613,-0.010990692643275901
1973-08-08,1.98257,0.6843939828568613,0.0
1973-08-09,1.95378,0.6697659577220336,-0.014628025134827638
1973-08-10,1.94651,0.6660380254813263,-0.0037279322407073323
1973-08-13,1.92529,0.655076605743923,-0.010961419737403277
1973-08-14,1.91772,0.6511369804028808,-0.003939625341042197
1973-08-15,1.91066,0.6474487321081974,-0.003688248294683394
1973-08-16,1.88186,0.6322606494482652,-0.015188082659932212
1973-08-17,1.90348,0.6436837898243549,0.011423140376089713
1973-08-20,1.90348,0.6436837898243549,0.0
1973-08-21,1.86026,0.6207162629023412,-0.02296752692201376
1973-08-22,1.85259,0.6165846600039407,-0.004131602898400422
1973-08-23,1.89631,0.6399098925775215,0.023325232573580768
1973-08-24,1.86762,0.6246648929885534,-0.015244999588968078
1973-08-27,1.86762,0.6246648929885534,0.0
1973-08-28,1.88186,0.6322606494482652,0.007595756459711778
1973-08-29,1.86762,0.6246648929885534,-0.007595756459711778
1973-08-30,1.85259,0.6165846600039407,-0.00808023298461269
1973-08-31,1.86762,0.6246648929885534,0.00808023298461269
1973-09-04,1.94651,0.6660380254813263,0.04137313249277286
1973-09-05,1.94651,0.6660380254813263,0.0
1973-09-06,1.94651,0.6660380254813263,0.0
1973-09-07,2.01872,0.702463647197294,0.03642562171596775
1973-09-10,1.99023,0.6882502099472385,-0.014213437250055527
1973-09-11,1.98257,0.6843939828568613,-0.003856227090377251
1973-09-12,1.97579,0.6809683183744121,-0.0034256644824491866
1973-09-13,1.99691,0.6916009858167012,0.010632667442289079
1973-09-14,2.05468,0.7201201180613713,0.028519132244670176
1973-09-17,2.06912,0.7271233961148764,0.007003278053505091
1973-09-18,2.08347,0.7340347729286146,0.0069113768137382126
1973-09-19,2.10537,0.7444912236597583,0.010456450731143652
1973-09-20,2.13425,0.7581152969082788,0.013624073248520552
1973-09-21,2.14143,0.7614738301703782,0.003358533262099339
1973-09-24,2.15557,0.7680551897415391,0.006581359571160905
1973-09-25,2.15557,0.7680551897415391,0.0
1973-09-26,2.21354,0.7945930439551754,0.026537854213636303
1973-09-27,2.18437,0.781327457453155,-0.013265586502020366
1973-09-28,2.19183,0.7847368113337189,0.003409353880563848
1973-10-01,2.18437,0.781327457453155,-0.003409353880563848
1973-10-02,2.18437,0.781327457453155,0.0
1973-10-03,2.13425,0.7581152969082788,-0.02321216054487618
1973-10-04,2.15557,0.7680551897415391,0.009939892833260244
1973-10-05,2.15557,0.7680551897415391,0.0
1973-10-08,2.15557,0.7680551897415391,0.0
1973-10-09,2.14143,0.7614738301703782,-0.006581359571160905
1973-10-10,2.16305,0.7715192627462837,0.01004543257590551
1973-10-11,2.19891,0.7879617830406567,0.016442520294372986
1973-10-12,2.22071,0.7978269645725509,0.009865181531894196
1973-10-15,2.22759,0.8009202835870102,0.003093319014459306
1973-10-16,2.19183,0.7847368113337189,-0.01618347225329131
1973-10-17,2.18437,0.781327457453155,-0.003409353880563848
1973-10-18,2.17778,0.7783060093078947,-0.003021448145260286
1973-10-19,2.16992,0.7746903005133402,-0.0036157087945545285
1973-10-22,2.13425,0.7581152969082788,-0.016575003605061367
1973-10-23,2.10537,0.7444912236597583,-0.013624073248520552
1973-10-24,2.15557,0.7680551897415391,0.023563966081780796
1973-10-25,2.10537,0.7444912236597583,-0.023563966081780796
1973-10-26,2.13425,0.7581152969082788,0.013624073248520552
1973-10-29,2.14143,0.7614738301703782,0.003358533262099339
1973-10-30,2.13425,0.7581152969082788,-0.003358533262099339
1973-10-31,2.11972,0.7512840044894898,-0.006831292418788992
1973-11-01,2.11245,0.7478484113300319,-0.0034355931594579614
1973-11-02,2.10537,0.7444912236597583,-0.003357187670273598
1973-11-05,2.09791,0.7409416110558666,-0.0035496126038916387
1973-11-06,2.07679,0.7308234324158871,-0.010118178639979547
1973-11-07,2.07679,0.7308234324158871,0.0
1973-11-08,2.11972,0.7512840044894898,0.020460572073602745
1973-11-09,2.08347,0.7340347729286146,-0.01724923156087521
1973-11-12,2.01872,0.702463647197294,-0.03157112573132059
1973-11-13,2.04053,0.713209578034499,0.010745930837204987
1973-11-14,1.92529,0.655076605743923,-0.05813297229057601
1973-11-15,1.97579,0.6809683183744121,0.02589171263048906
1973-11-16,2.01155,0.698905569170611,0.0179372507961989
1973-11-19,1.99023,0.6882502099472385,-0.010655359223372463
1973-11-20,1.94651,0.6660380254813263,-0.02221218446591222
1973-11-21,2.00448,0.6953846755001372,0.02934665001881087
1973-11-23,2.02589,0.7060091101767938,0.010624434676656636
1973-11-26,1.94651,0.6660380254813263,-0.03997108469546751
1973-11-27,1.824,0.6010318916521397,-0.06500613382918663
1973-11-28,1.93207,0.6585919670180254,0.0575600753658857
1973-11-29,1.91772,0.6511369804028808,-0.007454986615144543
1973-11-30,1.91066,0.6474487321081974,-0.003688248294683394
1973-12-03,1.91772,0.6511369804028808,0.003688248294683394
1973-12-04,1.88186,0.6322606494482652,-0.018876330954615606
1973-12-05,1.78794,0.5810641191412923,-0.05119653030697291
1973-12-06,1.80956,0.5930837218029654,0.012019602661673123
1973-12-07,1.83854,0.6089717783895237,0.01588805658655823
1973-12-10,1.83118,0.604960567796664,-0.004011210592859693
1973-12-11,1.78106,0.5772086926788635,-0.027751875117800417
1973-12-12,1.76634,0.5689096091324299,-0.008299083546433605
1973-12-13,1.74492,0.5567087093312576,-0.012200899801172338
1973-12-14,1.78794,0.5810641191412923,0.0243554098100347
1973-12-17,1.78106,0.5772086926788635,-0.003855426462428757
1973-12-18,1.78794,0.5810641191412923,0.003855426462428757
1973-12-19,1.7738,0.573124137960215,-0.007939981181077305
1973-12-20,1.71603,0.5400134834304356,-0.03311065452977935
1973-12-21,1.73028,0.5482832451244188,0.00826976169398319
1973-12-24,1.7234,0.5442990838235294,-0.0039841613008894106
1973-12-26,1.76634,0.5689096091324299,0.02461052530890051
1973-12-27,1.80248,0.5891634944149933,0.020253885282563333
1973-12-28,1.85259,0.6165846600039407,0.02742116558894747
1973-12-31,1.88186,0.6322606494482652,0.015675989444324467
1974-01-02,1.96096,0.6734341492499254,0.041173499801660185
1974-01-03,1.98257,0.6843939828568613,0.010959833606935865
1974-01-04,2.07679,0.7308234324158871,0.04642944955902584
1974-01-07,2.11972,0.7512840044894898,0.020460572073602745
1974-01-08,2.13425,0.7581152969082788,0.006831292418788992
1974-01-09,2.14143,0.7614738301703782,0.003358533262099339
1974-01-10,2.10537,0.7444912236597583,-0.01698260651061989
1974-01-11,2.13425,0.7581152969082788,0.013624073248520552
1974-01-14,2.11245,0.7478484113300319,-0.010266885578246954
1974-01-15,2.11245,0.7478484113300319,0.0
1974-01-16,2.12699,0.7547078347495965,0.006859423419564581
1974-01-17,2.09791,0.7409416110558666,-0.013766223693729818
1974-01-18,2.07679,0.7308234324158871,-0.010118178639979547
1974-01-21,2.05468,0.7201201180613713,-0.01070331435451577
1974-01-22,1.99691,0.6916009858167012,-0.028519132244670176
1974-01-23,2.02589,0.7060091101767938,0.014408124360092645
1974-01-24,2.01872,0.702463647197294,-0.0035454629794997583
1974-01-25,2.04761,0.7166732593557262,0.014209612158432194
1974-01-28,2.05468,0.7201201180613713,0.003446858705645095
1974-01-29,2.05468,0.7201201180613713,0.0
1974-01-30,2.04761,0.7166732593557262,-0.003446858705645095
1974-01-31,2.05468,0.7201201180613713,0.003446858705645095
1974-02-01,2.02589,0.7060091101767938,-0.014111007884577531
1974-02-04,2.00448,0.6953846755001372,-0.010624434676656636
1974-02-05,2.00448,0.6953846755001372,0.0
1974-02-06,2.01155,0.698905569170611,0.0035208936704738125
1974-02-07,2.03326,0.7096404162870069,0.01073484711639594
1974-02-08,2.04053,0.713209578034499,0.003569161747492111
1974-02-11,2.00448,0.6953846755001372,-0.017824902534361864
1974-02-12,1.99691,0.6916009858167012,-0.003783689683436009
1974-02-13,2.01872,0.702463647197294,0.010862661380592886
1974-02-14,2.07679,0.7308234324158871,0.02835978521859306
1974-02-15,2.08347,0.7340347729286146,0.003211340512727534
1974-02-19,2.10537,0.7444912236597583,0.010456450731143652
1974-02-20,2.11245,0.7478484113300319,0.003357187670273598
1974-02-21,2.09093,0.7376089430807795,-0.01023946824925237
1974-02-22,2.10537,0.7444912236597583,0.006882280578978772
1974-02-25,2.11972,0.7512840044894898,0.0067927808297315595
1974-02-26,2.10537,0.7444912236597583,-0.0067927808297315595
1974-02-27,2.09791,0.7409416110558666,-0.0035496126038916387
1974-02-28,2.10537,0.7444912236597583,0.0035496126038916387
1974-03-01,2.09791,0.7409416110558666,-0.0035496126038916387
1974-03-04,2.09093,0.7376089430807795,-0.0033326679750871335
1974-03-05,2.10537,0.7444912236597583,0.006882280578978772
1974-03-06,2.08347,0.7340347729286146,-0.010456450731143652
1974-03-07,2.05468,0.7201201180613713,-0.013914654867243303
1974-03-08,2.04761,0.7166732593557262,-0.003446858705645095
1974-03-11,2.06195,0.7236521369981544,0.006978877642428216
1974-03-12,2.05468,0.7201201180613713,-0.003532018936783121
1974-03-13,2.04053,0.713209578034499,-0.006910540026872303
1974-03-14,2.04053,0.713209578034499,0.0
1974-03-15,2.04053,0.713209578034499,0.0
1974-03-18,2.04053,0.713209578034499,0.0
1974-03-19,2.04053,0.713209578034499,0.0
1974-03-20,2.02589,0.7060091101767938,-0.007200467857705228
1974-03-21,2.02589,0.7060091101767938,0.0
1974-03-22,2.01155,0.698905569170611,-0.007103541006182823
1974-03-25,1.99691,0.6916009858167012,-0.0073045833539098215
1974-03-26,2.02589,0.7060091101767938,0.014408124360092645
1974-03-27,2.02589,0.7060091101767938,0.0
1974-03-28,1.99691,0.6916009858167012,-0.014408124360092645
1974-03-29,1.99691,0.6916009858167012,0.0
1974-04-01,1.99691,0.6916009858167012,0.0
1974-04-02,2.01872,0.702463647197294,0.010862661380592886
1974-04-03,1.99691,0.6916009858167012,-0.010862661380592886
1974-04-04,1.99691,0.6916009858167012,0.0
1974-04-05,1.92529,0.655076605743923,-0.03652438007277814
1974-04-08,1.95378,0.6697659577220336,0.01468935197811061
1974-04-09,1.92529,0.655076605743923,-0.01468935197811061
1974-04-10,1.94651,0.6660380254813263,0.010961419737403277
1974-04-11,1.94651,0.6660380254813263,0.0
1974-04-15,1.88914,0.6361216990605723,-0.029916326420754036
1974-04-16,1.88914,0.6361216990605723,0.0
1974-04-17,1.94651,0.6660380254813263,0.029916326420754036
1974-04-18,1.91772,0.6511369804028808,-0.014901045078445474
1974-04-19,1.89631,0.6399098925775215,-0.011227087825359305
1974-04-22,1.91772,0.6511369804028808,0.011227087825359305
1974-04-23,1.90348,0.6436837898243549,-0.007453190578525892
1974-04-24,1.90348,0.6436837898243549,0.0
1974-04-25,1.8742,0.6281819017075863,-0.01550188811676867
1974-04-26,1.86762,0.6246648929885534,-0.0035170087190328214
1974-04-29,1.85259,0.6165846600039407,-0.00808023298461269
1974-04-30,1.81712,0.5972528301611991,-0.01933182984274162
1974-05-01,1.79542,0.5852389778573303,-0.012013852303868866
1974-05-02,1.79542,0.5852389778573303,0.0
1974-05-03,1.81712,0.5972528301611991,0.012013852303868866
1974-05-06,1.81712,0.5972528301611991,0.0
1974-05-07,1.81712,0.5972528301611991,0.0
1974-05-08,1.80248,0.5891634944149933,-0.00808933574620585
1974-05-09,1.76634,0.5689096091324299,-0.020253885282563333
1974-05-10,1.75936,0.5649501065546891,-0.003959502577740803
1974-05-13,1.69442,0.527340499383634,-0.037609607171055104
1974-05-14,1.73754,0.5524703197745514,0.02512982039091738
1974-05-15,1.73028,0.5482832451244188,-0.004187074650132572
1974-05-16,1.74492,0.5567087093312576,0.008425464206838762
1974-05-17,1.73028,0.5482832451244188,-0.008425464206838762
1974-05-20,1.73028,0.5482832451244188,0.0
1974-05-21,1.73028,0.5482832451244188,0.0
1974-05-22,1.7234,0.5442990838235294,-0.0039841613008894106
1974-05-23,1.7014,0.531451441559647,-0.012847642263882464
1974-05-24,1.68715,0.5230407148452495,-0.008410726714397465
1974-05-28,1.6729,0.514558647355098,-0.008482067490151457
1974-05-29,1.64422,0.49726610763223544,-0.0172925397228626
1974-05-30,1.65826,0.5057688598591369,0.008502752226901444
1974-05-31,1.651,0.501381164937991,-0.004387694921145879
1974-06-03,1.66544,0.5100893527850212,0.008708187847030202
1974-06-04,1.68008,0.5188414113290357,0.008752058544014507
1974-06-05,1.68008,0.5188414113290357,0.0
1974-06-06,1.70886,0.5358264815268647,0.016985070197829022
1974-06-07,1.74492,0.5567087093312576,0.02088222780439286
1974-06-10,1.70886,0.5358264815268647,-0.02088222780439286
1974-06-11,1.65826,0.5057688598591369,-0.030057621667727852
1974-06-12,1.64422,0.49726610763223544,-0.008502752226901444
1974-06-13,1.65826,0.5057688598591369,0.008502752226901444
1974-06-14,1.651,0.501381164937991,-0.004387694921145879
1974-06-17,1.60069,0.4704347862841798,-0.030946378653811224
1974-06-18,1.57161,0.4521005716241487,-0.0183342146600311
1974-06-19,1.60069,0.4704347862841798,0.0183342146600311
1974-06-20,1.57888,0.4567157349188002,-0.013719051365379598
1974-06-21,1.5501,0.43831944497911157,-0.018396289939688615
1974-06-24,1.52868,0.4244046179275588,-0.01391482705155278
1974-06-25,1.54302,0.43374153505982066,0.009336917132261868
1974-06-26,1.54302,0.43374153505982066,0.0
1974-06-27,1.52121,0.4195060708079203,-0.014235464251900365
1974-06-28,1.47111,0.38601721788534843,-0.033488852922571866
1974-07-01,1.42749,0.3559176572695508,-0.030099560615797605
1974-07-02,1.41295,0.34567971737212605,-0.010237939897424775
1974-07-03,1.44183,0.36591314009604986,0.02023342272392381
1974-07-05,1.52868,0.4244046179275588,0.05849147783150893
1974-07-08,1.48535,0.39565043471977296,-0.028754183207785833
1974-07-09,1.50687,0.4100346518225342,0.014384217102761221
1974-07-10,1.49263,0.40053966466900004,-0.00949498715353414
1974-07-11,1.48535,0.39565043471977296,-0.004889229949227081
1974-07-12,1.50687,0.4100346518225342,0.014384217102761221
1974-07-15,1.50687,0.4100346518225342,0.0
1974-07-16,1.48535,0.39565043471977296,-0.014384217102761221
1974-07-17,1.52121,0.4195060708079203,0.023855636088147336
1974-07-18,1.57161,0.4521005716241487,0.03259450081622839
1974-07-19,1.60069,0.4704347862841798,0.0183342146600311
1974-07-22,1.62211,0.48372777090296565,0.013292984618785864
1974-07-23,1.62958,0.4883223129047285,0.004594542001762847
1974-07-24,1.62958,0.4883223129047285,0.0
1974-07-25,1.58596,0.46118990221365114,-0.027132410691077358
1974-07-26,1.52868,0.4244046179275588,-0.036785284286092346
1974-07-29,1.47779,0.3905477285339785,-0.03385688939358028
1974-07-30,1.49263,0.40053966466900004,0.009991936135021529
1974-07-31,1.52121,0.4195060708079203,0.018966406138920255
1974-08-01,1.50687,0.4100346518225342,-0.009471418985386115
1974-08-02,1.50687,0.4100346518225342,0.0
1974-08-05,1.51394,0.4147155241110728,0.00468087228853864
1974-08-06,1.5501,0.43831944497911157,0.023603920868038752
1974-08-07,1.56474,0.4477196760050006,0.00940023102588905
1974-08-08,1.5501,0.43831944497911157,-0.00940023102588905
1974-08-09,1.52868,0.4244046179275588,-0.01391482705155278
1974-08-12,1.52121,0.4195060708079203,-0.004898547119638497
1974-08-13,1.45647,0.37601569988287636,-0.04349037092504393
1974-08-14,1.44183,0.36591314009604986,-0.010102559786826504
1974-08-15,1.40637,0.3410119166632447,-0.024901223432805153
1974-08-16,1.37709,0.31997257708780436,-0.021039339575440352
1974-08-19,1.36225,0.3091377444810706,-0.010834832606733735
1974-08-20,1.36225,0.3091377444810706,0.0
1974-08-21,1.36225,0.3091377444810706,0.0
1974-08-22,1.34821,0.29877778670683025,-0.01035995777424037
1974-08-23,1.34133,0.29366165903677727,-0.005116127670052983
1974-08-26,1.32659,0.28261174001366757,-0.0110499190231097
1974-08-27,1.30488,0.2661110825236379,-0.016500657490029658
1974-08-28,1.29781,0.2606782285227561,-0.005432854000881837
1974-08-29,1.28317,0.24933357880444956,-0.01134464971830651
1974-08-30,1.31215,0.27166701325509723,0.02233343445064767
1974-09-03,1.31215,0.27166701325509723,0.0
1974-09-04,1.29781,0.2606782285227561,-0.010988784732341161
1974-09-05,1.36225,0.3091377444810706,0.04845951595831455
1974-09-06,1.38397,0.32495618065996534,0.015818436178894724
1974-09-09,1.35577,0.30436955861252113,-0.020586622047444214
1974-09-10,1.31215,0.27166701325509723,-0.032702545357423896
1974-09-11,1.31215,0.27166701325509723,0.0
1974-09-12,1.31215,0.27166701325509723,0.0
1974-09-13,1.25458,0.22680085521755747,-0.044866158037539766
1974-09-16,1.29063,0.2551304712517659,0.028329616034208444
1974-09-17,1.28317,0.24933357880444956,-0.0057968924473163486
1974-09-18,1.37011,0.31489102858760865,0.06555744978315908
1974-09-19,1.37011,0.31489102858760865,0.0
1974-09-20,1.41295,0.34567971737212605,0.030788688784517404
1974-09-23,1.36225,0.3091377444810706,-0.03654197289105543
1974-09-24,1.33367,0.287934540579021,-0.021203203902049605
1974-09-25,1.37011,0.31489102858760865,0.02695648800858763
1974-09-26,1.34133,0.29366165903677727,-0.02122936955083138
1974-09-27,1.32659,0.28261174001366757,-0.0110499190231097
1974-09-30,1.29063,0.2551304712517659,-0.027481268761901656
1974-10-01,1.30488,0.2661110825236379,0.010980611271871998
1974-10-02,1.29781,0.2606782285227561,-0.005432854000881837
1974-10-03,1.29063,0.2551304712517659,-0.005547757270990161
1974-10-04,1.31215,0.27166701325509723,0.016536542003331323
1974-10-07,1.36225,0.3091377444810706,0.037470731225973386
1974-10-08,1.40637,0.3410119166632447,0.03187417218217409
1974-10-09,1.44183,0.36591314009604986,0.024901223432805153
1974-10-10,1.47779,0.3905477285339785,0.02463458843792865
1974-10-11,1.4996,0.4051984058796199,0.014650677345641405
1974-10-14,1.52121,0.4195060708079203,0.014307664928300379
1974-10-15,1.4491,0.37094267406974146,-0.04856339673817883
1974-10-16,1.47779,0.3905477285339785,0.01960505446423705
1974-10-17,1.4996,0.4051984058796199,0.014650677345641405
1974-10-18,1.53575,0.4290188610618997,0.023820455182279765
1974-10-21,1.52868,0.4244046179275588,-0.00461424313434089
1974-10-22,1.49263,0.40053966466900004,-0.023864953258558752
1974-10-23,1.48535,0.39565043471977296,-0.004889229949227081
1974-10-24,1.4491,0.37094267406974146,-0.024707760650031496
1974-10-25,1.47111,0.38601721788534843,0.015074543815606967
1974-10-28,1.51394,0.4147155241110728,0.02869830622572439
1974-10-29,1.52868,0.4244046179275588,0.009689093816485972
1974-10-30,1.53575,0.4290188610618997,0.00461424313434089
1974-10-31,1.58596,0.46118990221365114,0.032171041151751456
1974-11-01,1.58596,0.46118990221365114,0.0
1974-11-04,1.57161,0.4521005716241487,-0.009089330589502453
1974-11-05,1.60069,0.4704347862841798,0.0183342146600311
1974-11-06,1.62958,0.4883223129047285,0.01788752662054871
1974-11-07,1.651,0.501381164937991,0.013058852033262514
1974-11-08,1.60069,0.4704347862841798,-0.030946378653811224
1974-11-11,1.59342,0.4658826496614321,-0.004552136622747671
1974-11-12,1.60069,0.4704347862841798,0.004552136622747671
1974-11-13,1.58596,0.46118990221365114,-0.009244884070528647
1974-11-14,1.57888,0.4567157349188002,-0.00447416729485095
1974-11-15,1.57161,0.4521005716241487,-0.004615163294651503
1974-11-18,1.52868,0.4244046179275588,-0.027695953696589892
1974-11-19,1.49263,0.40053966466900004,-0.023864953258558752
1974-11-20,1.46364,0.3809264836610102,-0.019613181007989866
1974-11-21,1.44183,0.36591314009604986,-0.015013343564960313
1974-11-22,1.4491,0.37094267406974146,0.005029533973691602
1974-11-25,1.43485,0.36106031413125855,-0.00988235993848291
1974-11-26,1.47779,0.3905477285339785,0.029487414402719958
1974-11-27,1.50687,0.4100346518225342,0.01948692328855567
1974-11-29,1.55737,0.44299850110119626,0.03296384927866208
1974-12-02,1.4996,0.4051984058796199,-0.037800095221576346
1974-12-03,1.54302,0.43374153505982066,0.028543129180200744
1974-12-04,1.4996,0.4051984058796199,-0.028543129180200744
1974-12-05,1.49263,0.40053966466900004,-0.004658741210619877
1974-12-06,1.4491,0.37094267406974146,-0.029596990599258577
1974-12-09,1.40637,0.3410119166632447,-0.029930757406496755
1974-12-10,1.40637,0.3410119166632447,0.0
1974-12-11,1.41295,0.34567971737212605,0.004667800708881342
1974-12-12,1.43485,0.36106031413125855,0.015380596759132503
1974-12-13,1.42749,0.3559176572695508,-0.005142656861707728
1974-12-16,1.40637,0.3410119166632447,-0.014905740606306117
1974-12-17,1.36225,0.3091377444810706,-0.03187417218217409
1974-12-18,1.38397,0.32495618065996534,0.015818436178894724
1974-12-19,1.37709,0.31997257708780436,-0.004983603572160988
1974-12-20,1.33367,0.287934540579021,-0.03203803650878334
1974-12-23,1.36225,0.3091377444810706,0.021203203902049605
1974-12-24,1.35577,0.30436955861252113,-0.0047681858685494904
1974-12-26,1.34821,0.29877778670683025,-0.005591771905690879
1974-12-27,1.31961,0.2773362383975317,-0.021441548309298564
1974-12-30,1.32659,0.28261174001366757,0.00527550161613588
1974-12-31,1.31961,0.2773362383975317,-0.00527550161613588
1975-01-02,1.39861,0.3354788862692182,0.05814264787168649
1975-01-03,1.41295,0.34567971737212605,0.01020083110290787
1975-01-06,1.44183,0.36591314009604986,0.02023342272392381
1975-01-07,1.50687,0.4100346518225342,0.04412151172648432
1975-01-08,1.46364,0.3809264836610102,-0.029108168161524006
1975-01-09,1.56474,0.4477196760050006,0.06679319234399045
1975-01-10,1.651,0.501381164937991,0.05366148893299039
1975-01-13,1.62958,0.4883223129047285,-0.013058852033262514
1975-01-14,1.60069,0.4704347862841798,-0.01788752662054871
1975-01-15,1.62958,0.4883223129047285,0.01788752662054871
1975-01-16,1.7014,0.531451441559647,0.04312912865491847
1975-01-17,1.66544,0.5100893527850212,-0.021362088774625754
1975-01-20,1.70886,0.5358264815268647,0.02573712874184353
1975-01-21,1.70886,0.5358264815268647,0.0
1975-01-22,1.69442,0.527340499383634,-0.008485982143230708
1975-01-23,1.68715,0.5230407148452495,-0.004299784538384532
1975-01-24,1.68008,0.5188414113290357,-0.0041993035162137815
1975-01-27,1.73028,0.5482832451244188,0.02944183379538312
1975-01-28,1.68008,0.5188414113290357,-0.02944183379538312
1975-01-29,1.75189,0.5606952051549868,0.04185379382595111
1975-01-30,1.73754,0.5524703197745514,-0.00822488538043542
1975-01-31,1.7234,0.5442990838235294,-0.008171235951021982
1975-02-03,1.7234,0.5442990838235294,0.0
1975-02-04,1.66544,0.5100893527850212,-0.03420973103850822
1975-02-05,1.66544,0.5100893527850212,0.0
1975-02-06,1.64422,0.49726610763223544,-0.012823245152785767
1975-02-07,1.68008,0.5188414113290357,0.021575303696800274
1975-02-10,1.68715,0.5230407148452495,0.0041993035162137815
1975-02-11,1.6729,0.514558647355098,-0.008482067490151457
1975-02-12,1.66544,0.5100893527850212,-0.004469294570076832
1975-02-13,1.68715,0.5230407148452495,0.012951362060228289
1975-02-14,1.65826,0.5057688598591369,-0.01727185498611261
1975-02-18,1.651,0.501381164937991,-0.004387694921145879
1975-02-19,1.65826,0.5057688598591369,0.004387694921145879
1975-02-20,1.66544,0.5100893527850212,0.004320492925884323
1975-02-21,1.66544,0.5100893527850212,0.0
1975-02-24,1.63646,0.49253537225280053,-0.01755398053222068
1975-02-25,1.5501,0.43831944497911157,-0.05421592727368896
1975-02-26,1.60816,0.4750906682942927,0.03677122331518112
1975-02-27,1.62958,0.4883223129047285,0.0132316446104358
1975-02-28,1.64422,0.49726610763223544,0.008943794727506948
1975-03-03,1.6729,0.514558647355098,0.0172925397228626
1975-03-04,1.651,0.501381164937991,-0.013177482417107034
1975-03-05,1.64422,0.49726610763223544,-0.004115057305755565
1975-03-06,1.62958,0.4883223129047285,-0.008943794727506948
1975-03-07,1.69442,0.527340499383634,0.03901818647890554
1975-03-10,1.65826,0.5057688598591369,-0.021571639524497144
1975-03-11,1.65826,0.5057688598591369,0.0
1975-03-12,1.66544,0.5100893527850212,0.004320492925884323
1975-03-13,1.651,0.501381164937991,-0.008708187847030202
1975-03-14,1.68008,0.5188414113290357,0.01746024639104471
1975-03-17,1.65826,0.5057688598591369,-0.01307255146989883
1975-03-18,1.68715,0.5230407148452495,0.01727185498611261
1975-03-19,1.71603,0.5400134834304356,0.01697276858518615
1975-03-20,1.70886,0.5358264815268647,-0.004187001903570908
1975-03-21,1.7014,0.531451441559647,-0.004375039967217775
1975-03-24,1.64422,0.49726610763223544,-0.03418533392741152
1975-03-25,1.49263,0.40053966466900004,-0.0967264429632354
1975-03-26,1.54302,0.43374153505982066,0.03320187039082062
1975-03-27,1.60069,0.4704347862841798,0.036693251224359125
1975-03-31,1.62958,0.4883223129047285,0.01788752662054871
1975-04-01,1.60069,0.4704347862841798,-0.01788752662054871
1975-04-02,1.57161,0.4521005716241487,-0.0183342146600311
1975-04-03,1.57161,0.4521005716241487,0.0
1975-04-04,1.56474,0.4477196760050006,-0.004380895619148062
1975-04-07,1.57161,0.4521005716241487,0.004380895619148062
1975-04-08,1.57888,0.4567157349188002,0.004615163294651503
1975-04-09,1.5501,0.43831944497911157,-0.018396289939688615
1975-04-10,1.57161,0.4521005716241487,0.013781126645037112
1975-04-11,1.60816,0.4750906682942927,0.02299009667014401
1975-04-14,1.60816,0.4750906682942927,0.0
1975-04-15,1.60069,0.4704347862841798,-0.004655882010112911
1975-04-16,1.60069,0.4704347862841798,0.0
1975-04-17,1.6729,0.514558647355098,0.04412386107091826
1975-04-18,1.65826,0.5057688598591369,-0.008789787495961154
1975-04-21,1.69442,0.527340499383634,0.021571639524497144
1975-04-22,1.7014,0.531451441559647,0.004110942176012933
1975-04-23,1.68715,0.5230407148452495,-0.008410726714397465
1975-04-24,1.68008,0.5188414113290357,-0.0041993035162137815
1975-04-25,1.68008,0.5188414113290357,0.0
1975-04-28,1.6729,0.514558647355098,-0.0042827639739376755
1975-04-29,1.66544,0.5100893527850212,-0.004469294570076832
1975-04-30,1.651,0.501381164937991,-0.008708187847030202
1975-05-01,1.651,0.501381164937991,0.0
1975-05-02,1.66544,0.5100893527850212,0.008708187847030202
1975-05-05,1.651,0.501381164937991,-0.008708187847030202
1975-05-06,1.66544,0.5100893527850212,0.008708187847030202
1975-05-07,1.651,0.501381164937991,-0.008708187847030202
1975-05-08,1.66544,0.5100893527850212,0.008708187847030202
1975-05-09,1.68008,0.5188414113290357,0.008752058544014507
1975-05-12,1.64422,0.49726610763223544,-0.021575303696800274
1975-05-13,1.65826,0.5057688598591369,0.008502752226901444
1975-05-14,1.64422,0.49726610763223544,-0.008502752226901444
1975-05-15,1.62958,0.4883223129047285,-0.008943794727506948
1975-05-16,1.62958,0.4883223129047285,0.0
1975-05-19,1.62211,0.48372777090296565,-0.004594542001762847
1975-05-20,1.62211,0.48372777090296565,0.0
1975-05-21,1.60816,0.4750906682942927,-0.008637102608672953
1975-05-22,1.60816,0.4750906682942927,0.0
1975-05-23,1.60816,0.4750906682942927,0.0
1975-05-27,1.62211,0.48372777090296565,0.008637102608672953
1975-05-28,1.61514,0.479421640223994,-0.004306130678971676
1975-05-29,1.60069,0.4704347862841798,-0.008986853939814188
1975-05-30,1.61514,0.479421640223994,0.008986853939814188
1975-06-02,1.62958,0.4883223129047285,0.008900672680734523
1975-06-03,1.62958,0.4883223129047285,0.0
1975-06-04,1.651,0.501381164937991,0.013058852033262514
1975-06-05,1.63646,0.49253537225280053,-0.008845792685190479
1975-06-06,1.62958,0.4883223129047285,-0.004213059348072035
1975-06-09,1.61514,0.479421640223994,-0.008900672680734523
1975-06-10,1.60069,0.4704347862841798,-0.008986853939814188
1975-06-11,1.59342,0.4658826496614321,-0.004552136622747671
1975-06-12,1.60069,0.4704347862841798,0.004552136622747671
1975-06-13,1.7014,0.531451441559647,0.06101665527546718
1975-06-16,1.71603,0.5400134834304356,0.008562041870788684
1975-06-17,1.71603,0.5400134834304356,0.0
1975-06-18,1.73028,0.5482832451244188,0.00826976169398319
1975-06-19,1.75189,0.5606952051549868,0.012411960030567992
1975-06-20,1.75936,0.5649501065546891,0.004254901399702304
1975-06-23,1.78794,0.5810641191412923,0.016114012586603166
1975-06-24,1.81712,0.5972528301611991,0.01618871101990682
1975-06-25,1.80956,0.5930837218029654,-0.004169108358233697
1975-06-26,1.824,0.6010318916521397,0.007948169849174236
1975-06-27,1.81712,0.5972528301611991,-0.0037790614909405384
1975-06-30,1.86026,0.6207162629023412,0.023463432741142043
1975-07-01,1.84591,0.6129723808293038,-0.007743882073037334
1975-07-02,1.78794,0.5810641191412923,-0.03190826168801153
1975-07-03,1.78794,0.5810641191412923,0.0
1975-07-07,1.80248,0.5891634944149933,0.00809937527370097
1975-07-08,1.81712,0.5972528301611991,0.00808933574620585
1975-07-09,1.83854,0.6089717783895237,0.011718948228324533
1975-07-10,1.81712,0.5972528301611991,-0.011718948228324533
1975-07-11,1.83118,0.604960567796664,0.00770773763546484
1975-07-14,1.86762,0.6246648929885534,0.01970432519188947
1975-07-15,1.91772,0.6511369804028808,0.026472087414327383
1975-07-16,1.96096,0.6734341492499254,0.02229716884704458
1975-07-17,1.93964,0.6625023888452395,-0.010931760404685908
1975-07-18,1.93207,0.6585919670180254,-0.003910421827214128
1975-07-21,1.91066,0.6474487321081974,-0.011143234909827937
1975-07-22,1.86762,0.6246648929885534,-0.02278383911964399
1975-07-23,1.81712,0.5972528301611991,-0.02741206282735431
1975-07-24,1.78794,0.5810641191412923,-0.01618871101990682
1975-07-25,1.75936,0.5649501065546891,-0.016114012586603166
1975-07-28,1.7014,0.531451441559647,-0.03349866499504217
1975-07-29,1.68715,0.5230407148452495,-0.008410726714397465
1975-07-30,1.70886,0.5358264815268647,0.01278576668161524
1975-07-31,1.78794,0.5810641191412923,0.04523763761442756
1975-08-01,1.75936,0.5649501065546891,-0.016114012586603166
1975-08-04,1.78106,0.5772086926788635,0.012258586124174409
1975-08-05,1.78106,0.5772086926788635,0.0
1975-08-06,1.75936,0.5649501065546891,-0.012258586124174409
1975-08-07,1.75936,0.5649501065546891,0.0
1975-08-08,1.73028,0.5482832451244188,-0.016666861430270297
1975-08-11,1.75936,0.5649501065546891,0.016666861430270297
1975-08-12,1.75936,0.5649501065546891,0.0
1975-08-13,1.7014,0.531451441559647,-0.03349866499504217
1975-08-14,1.651,0.501381164937991,-0.030070276621655956
1975-08-15,1.651,0.501381164937991,0.0
1975-08-18,1.651,0.501381164937991,0.0
1975-08-19,1.58596,0.46118990221365114,-0.04019126272433987
1975-08-20,1.58596,0.46118990221365114,0.0
1975-08-21,1.4996,0.4051984058796199,-0.05599149633403122
1975-08-22,1.49263,0.40053966466900004,-0.004658741210619877
1975-08-25,1.57161,0.4521005716241487,0.051560906955148644
1975-08-26,1.54302,0.43374153505982066,-0.018359036564328024
1975-08-27,1.54302,0.43374153505982066,0.0
1975-08-28,1.52868,0.4244046179275588,-0.009336917132261868
1975-08-29,1.50687,0.4100346518225342,-0.014369966105024612
1975-09-02,1.48535,0.39565043471977296,-0.014384217102761221
1975-09-03,1.4491,0.37094267406974146,-0.024707760650031496
1975-09-04,1.4996,0.4051984058796199,0.034255731809878454
1975-09-05,1.57161,0.4521005716241487,0.04690216574452877
1975-09-08,1.60069,0.4704347862841798,0.0183342146600311
1975-09-09,1.54302,0.43374153505982066,-0.036693251224359125
1975-09-10,1.4996,0.4051984058796199,-0.028543129180200744
1975-09-11,1.47111,0.38601721788534843,-0.019181187994271487
1975-09-12,1.44183,0.36591314009604986,-0.02010407778929857
1975-09-15,1.42749,0.3559176572695508,-0.009995482826499036
1975-09-16,1.41295,0.34567971737212605,-0.010237939897424775
1975-09-17,1.42749,0.3559176572695508,0.010237939897424775
1975-09-18,1.42061,0.35108635683597467,-0.004831300433576158
1975-09-19,1.39861,0.3354788862692182,-0.015607470566756487
1975-09-22,1.41295,0.34567971737212605,0.01020083110290787
1975-09-23,1.40637,0.3410119166632447,-0.004667800708881342
1975-09-24,1.41295,0.34567971737212605,0.004667800708881342
1975-09-25,1.42061,0.35108635683597467,0.005406639463848617
1975-09-26,1.40637,0.3410119166632447,-0.01007444017272996
1975-09-29,1.37011,0.31489102858760865,-0.026120888075636062
1975-09-30,1.34133,0.29366165903677727,-0.02122936955083138
1975-10-01,1.33367,0.287934540579021,-0.005727118457756253
1975-10-02,1.34821,0.29877778670683025,0.010843246127809236
1975-10-03,1.38397,0.32495618065996534,0.026178393953135093
1975-10-06,1.41295,0.34567971737212605,0.020723536712160706
1975-10-07,1.38397,0.32495618065996534,-0.020723536712160706
1975-10-08,1.34133,0.29366165903677727,-0.031294521623188076
1975-10-09,1.33367,0.287934540579021,-0.005727118457756253
1975-10-10,1.34821,0.29877778670683025,0.010843246127809236
1975-10-13,1.42749,0.3559176572695508,0.057139870562720574
1975-10-14,1.46364,0.3809264836610102,0.02500882639145935
1975-10-15,1.41295,0.34567971737212605,-0.035246766288884124
1975-10-16,1.38397,0.32495618065996534,-0.020723536712160706
1975-10-17,1.41295,0.34567971737212605,0.020723536712160706
1975-10-20,1.40637,0.3410119166632447,-0.004667800708881342
1975-10-21,1.4491,0.37094267406974146,0.029930757406496755
1975-10-22,1.44183,0.36591314009604986,-0.005029533973691602
1975-10-23,1.44183,0.36591314009604986,0.0
1975-10-24,1.36225,0.3091377444810706,-0.05677539561497924
1975-10-27,1.34133,0.29366165903677727,-0.015476085444293353
1975-10-28,1.36225,0.3091377444810706,0.015476085444293353
1975-10-29,1.31215,0.27166701325509723,-0.037470731225973386
1975-10-30,1.29781,0.2606782285227561,-0.010988784732341161
1975-10-31,1.27649,0.24411412374783867,-0.016564104774917404
1975-11-03,1.20428,0.18588187798871184,-0.05823224575912683
1975-11-04,1.25458,0.22680085521755747,0.04091897722884563
1975-11-05,1.31215,0.27166701325509723,0.044866158037539766
1975-11-06,1.31961,0.2773362383975317,0.005669225142434453
1975-11-07,1.31215,0.27166701325509723,-0.005669225142434453
1975-11-10,1.32659,0.28261174001366757,0.010944726758570333
1975-11-11,1.28317,0.24933357880444956,-0.033278161209218005
1975-11-12,1.32659,0.28261174001366757,0.033278161209218005
1975-11-13,1.38397,0.32495618065996534,0.042344440646297776
1975-11-14,1.37709,0.31997257708780436,-0.004983603572160988
1975-11-17,1.44183,0.36591314009604986,0.045940563008245505
1975-11-18,1.41295,0.34567971737212605,-0.02023342272392381
1975-11-19,1.35577,0.30436955861252113,-0.04131015875960492
1975-11-20,1.30488,0.2661110825236379,-0.03825847608888322
1975-11-21,1.33367,0.287934540579021,0.021823458055383105
1975-11-24,1.33367,0.287934540579021,0.0
1975-11-25,1.39153,0.3304038612196062,0.04246932064058517
1975-11-26,1.41295,0.34567971737212605,0.015275856152519862
1975-11-28,1.39153,0.3304038612196062,-0.015275856152519862
1975-12-01,1.36225,0.3091377444810706,-0.021266116738535568
1975-12-02,1.33367,0.287934540579021,-0.021203203902049605
1975-12-03,1.29063,0.2551304712517659,-0.0328040693272551
1975-12-04,1.28317,0.24933357880444956,-0.0057968924473163486
1975-12-05,1.27649,0.24411412374783867,-0.005219455056610894
1975-12-08,1.26883,0.23809521600732075,-0.006018907740517915
1975-12-09,1.21135,0.19173544015452945,-0.0463597758527913
1975-12-10,1.21843,0.19756314475136683,0.005827704596837374
1975-12-11,1.20428,0.18588187798871184,-0.01168126676265499
1975-12-12,1.18993,0.17389448186385453,-0.011987396124857302
1975-12-15,1.20428,0.18588187798871184,0.011987396124857302
1975-12-16,1.24004,0.21514363716118148,0.029261759172469648
1975-12-17,1.26185,0.2325788981006949,0.01743526093951342
1975-12-18,1.25458,0.22680085521755747,-0.005778042883137435
1975-12-19,1.25458,0.22680085521755747,0.0
1975-12-22,1.24004,0.21514363716118148,-0.011657218056375984
1975-12-23,1.25458,0.22680085521755747,0.011657218056375984
1975-12-24,1.28317,0.24933357880444956,0.022532723586892095
1975-12-26,1.31215,0.27166701325509723,0.02233343445064767
1975-12-29,1.36225,0.3091377444810706,0.037470731225973386
1975-12-30,1.36225,0.3091377444810706,0.0
1975-12-31,1.37011,0.31489102858760865,0.005753284106538026
1976-01-02,1.39153,0.3304038612196062,0.015512832631997542
1976-01-05,1.42749,0.3559176572695508,0.025513796049944637
1976-01-06,1.42749,0.3559176572695508,0.0
1976-01-07,1.41295,0.34567971737212605,-0.010237939897424775
1976-01-08,1.40637,0.3410119166632447,-0.004667800708881342
1976-01-09,1.41295,0.34567971737212605,0.004667800708881342
1976-01-12,1.39153,0.3304038612196062,-0.015275856152519862
1976-01-13,1.38397,0.32495618065996534,-0.005447680559640844
1976-01-14,1.44183,0.36591314009604986,0.04095695943608452
1976-01-15,1.39861,0.3354788862692182,-0.03043425382683168
1976-01-16,1.40637,0.3410119166632447,0.005533030394026528
1976-01-19,1.40637,0.3410119166632447,0.0
1976-01-20,1.43485,0.36106031413125855,0.020048397468013845
1976-01-21,1.42749,0.3559176572695508,-0.005142656861707728
1976-01-22,1.43485,0.36106031413125855,0.005142656861707728
1976-01-23,1.48535,0.39565043471977296,0.034590120588514406
1976-01-26,1.52121,0.4195060708079203,0.023855636088147336
1976-01-27,1.55737,0.44299850110119626,0.023492430293275968
1976-01-28,1.5501,0.43831944497911157,-0.0046790561220846905
1976-01-29,1.60069,0.4704347862841798,0.03211534130506821
1976-01-30,1.62211,0.48372777090296565,0.013292984618785864
1976-02-02,1.60069,0.4704347862841798,-0.013292984618785864
1976-02-03,1.59342,0.4658826496614321,-0.004552136622747671
1976-02-04,1.57888,0.4567157349188002,-0.009166914742631926
1976-02-05,1.54302,0.43374153505982066,-0.022974199858979527
1976-02-06,1.52121,0.4195060708079203,-0.014235464251900365
1976-02-09,1.56474,0.4477196760050006,0.028213605197080327
1976-02-10,1.60069,0.4704347862841798,0.022715110279179163
1976-02-11,1.60816,0.4750906682942927,0.004655882010112911
1976-02-12,1.60069,0.4704347862841798,-0.004655882010112911
1976-02-13,1.57161,0.4521005716241487,-0.0183342146600311
1976-02-17,1.53575,0.4290188610618997,-0.023081710562249003
1976-02-18,1.50687,0.4100346518225342,-0.0189842092393655
1976-02-19,1.60069,0.4704347862841798,0.060400134461645605
1976-02-20,1.62958,0.4883223129047285,0.01788752662054871
1976-02-23,1.62958,0.4883223129047285,0.0
1976-02-24,1.62211,0.48372777090296565,-0.004594542001762847
1976-02-25,1.58596,0.46118990221365114,-0.02253786868931451
1976-02-26,1.58596,0.46118990221365114,0.0
1976-02-27,1.58596,0.46118990221365114,0.0
1976-03-01,1.60069,0.4704347862841798,0.009244884070528647
1976-03-02,1.62958,0.4883223129047285,0.01788752662054871
1976-03-03,1.61514,0.479421640223994,-0.008900672680734523
1976-03-04,1.60069,0.4704347862841798,-0.008986853939814188
1976-03-05,1.57888,0.4567157349188002,-0.013719051365379598
1976-03-08,1.58596,0.46118990221365114,0.00447416729485095
1976-03-09,1.52121,0.4195060708079203,-0.04168383140573084
1976-03-10,1.49263,0.40053966466900004,-0.018966406138920255
1976-03-11,1.4996,0.4051984058796199,0.004658741210619877
1976-03-12,1.52121,0.4195060708079203,0.014307664928300379
1976-03-15,1.4996,0.4051984058796199,-0.014307664928300379
1976-03-16,1.51394,0.4147155241110728,0.009517118231452903
1976-03-17,1.52868,0.4244046179275588,0.009689093816485972
1976-03-18,1.57888,0.4567157349188002,0.032311116991241395
1976-03-19,1.58596,0.46118990221365114,0.00447416729485095
1976-03-22,1.58596,0.46118990221365114,0.0
1976-03-23,1.61514,0.479421640223994,0.018231738010342835
1976-03-24,1.64422,0.49726610763223544,0.01784446740824147
1976-03-25,1.62958,0.4883223129047285,-0.008943794727506948
1976-03-26,1.651,0.501381164937991,0.013058852033262514
1976-03-29,1.6729,0.514558647355098,0.013177482417107034
1976-03-30,1.65826,0.5057688598591369,-0.008789787495961154
1976-03-31,1.70886,0.5358264815268647,0.030057621667727852
1976-04-01,1.69442,0.527340499383634,-0.008485982143230708
1976-04-02,1.70886,0.5358264815268647,0.008485982143230708
1976-04-05,1.70886,0.5358264815268647,0.0
1976-04-06,1.68008,0.5188414113290357,-0.016985070197829022
1976-04-07,1.70886,0.5358264815268647,0.016985070197829022
1976-04-08,1.61514,0.479421640223994,-0.05640484130287077
1976-04-09,1.59342,0.4658826496614321,-0.013538990562561859
1976-04-12,1.57888,0.4567157349188002,-0.009166914742631926
1976-04-13,1.5501,0.43831944497911157,-0.018396289939688615
1976-04-14,1.56474,0.4477196760050006,0.00940023102588905
1976-04-15,1.58596,0.46118990221365114,0.013470226208650515
1976-04-19,1.62958,0.4883223129047285,0.027132410691077358
1976-04-20,1.63646,0.49253537225280053,0.004213059348072035
1976-04-21,1.63646,0.49253537225280053,0.0
1976-04-22,1.63646,0.49253537225280053,0.0
1976-04-23,1.6729,0.514558647355098,0.022023275102297513
1976-04-26,1.66544,0.5100893527850212,-0.004469294570076832
1976-04-27,1.62958,0.4883223129047285,-0.021767039880292716
1976-04-28,1.60816,0.4750906682942927,-0.0132316446104358
1976-04-29,1.60069,0.4704347862841798,-0.004655882010112911
1976-04-30,1.62958,0.4883223129047285,0.01788752662054871
1976-05-03,1.61514,0.479421640223994,-0.008900672680734523
1976-05-04,1.63646,0.49253537225280053,0.013113732028806557
1976-05-05,1.63646,0.49253537225280053,0.0
1976-05-06,1.62958,0.4883223129047285,-0.004213059348072035
1976-05-07,1.64422,0.49726610763223544,0.008943794727506948
1976-05-10,1.68008,0.5188414113290357,0.021575303696800274
1976-05-11,1.68008,0.5188414113290357,0.0
1976-05-12,1.62958,0.4883223129047285,-0.030519098424307223
1976-05-13,1.62958,0.4883223129047285,0.0
1976-05-14,1.651,0.501381164937991,0.013058852033262514
1976-05-17,1.66544,0.5100893527850212,0.008708187847030202
1976-05-18,1.65826,0.5057688598591369,-0.004320492925884323
1976-05-19,1.66544,0.5100893527850212,0.004320492925884323
1976-05-20,1.68008,0.5188414113290357,0.008752058544014507
1976-05-21,1.68715,0.5230407148452495,0.0041993035162137815
1976-05-24,1.68008,0.5188414113290357,-0.0041993035162137815
1976-05-25,1.66544,0.5100893527850212,-0.008752058544014507
1976-05-26,1.68008,0.5188414113290357,0.008752058544014507
1976-05-27,1.66544,0.5100893527850212,-0.008752058544014507
1976-05-28,1.68715,0.5230407148452495,0.012951362060228289
1976-06-01,1.7014,0.531451441559647,0.008410726714397465
1976-06-02,1.70886,0.5358264815268647,0.004375039967217775
1976-06-03,1.7014,0.531451441559647,-0.004375039967217775
1976-06-04,1.69442,0.527340499383634,-0.004110942176012933
1976-06-07,1.7014,0.531451441559647,0.004110942176012933
1976-06-08,1.74492,0.5567087093312576,0.025257267771610636
1976-06-09,1.69442,0.527340499383634,-0.02936820994762357
1976-06-10,1.69442,0.527340499383634,0.0
1976-06-11,1.73028,0.5482832451244188,0.020942745740784807
1976-06-14,1.81712,0.5972528301611991,0.04896958503678028
1976-06-15,1.824,0.6010318916521397,0.0037790614909405384
1976-06-16,1.81712,0.5972528301611991,-0.0037790614909405384
1976-06-17,1.83854,0.6089717783895237,0.011718948228324533
1976-06-18,1.86026,0.6207162629023412,0.01174448451281751
1976-06-21,1.84591,0.6129723808293038,-0.007743882073037334
1976-06-22,1.83118,0.604960567796664,-0.00801181303263987
1976-06-23,1.83118,0.604960567796664,0.0
1976-06-24,1.83854,0.6089717783895237,0.004011210592859693
1976-06-25,1.86026,0.6207162629023412,0.01174448451281751
1976-06-28,1.84591,0.6129723808293038,-0.007743882073037334
1976-06-29,1.83854,0.6089717783895237,-0.0040006024397801765
1976-06-30,1.84591,0.6129723808293038,0.0040006024397801765
1976-07-01,1.86026,0.6207162629023412,0.007743882073037334
1976-07-02,1.86026,0.6207162629023412,0.0
1976-07-06,1.86026,0.6207162629023412,0.0
1976-07-07,1.85259,0.6165846600039407,-0.004131602898400422
1976-07-08,1.86026,0.6207162629023412,0.004131602898400422
1976-07-09,1.86026,0.6207162629023412,0.0
1976-07-12,1.88914,0.6361216990605723,0.01540543615823109
1976-07-13,1.88186,0.6322606494482652,-0.0038610496123070437
1976-07-14,1.88186,0.6322606494482652,0.0
1976-07-15,1.86026,0.6207162629023412,-0.011544386545924046
1976-07-16,1.86026,0.6207162629023412,0.0
1976-07-19,1.85259,0.6165846600039407,-0.004131602898400422
1976-07-20,1.85259,0.6165846600039407,0.0
1976-07-21,1.86762,0.6246648929885534,0.00808023298461269
1976-07-22,1.8742,0.6281819017075863,0.0035170087190328214
1976-07-23,1.90348,0.6436837898243549,0.01550188811676867
1976-07-26,1.91772,0.6511369804028808,0.007453190578525892
1976-07-27,1.88914,0.6361216990605723,-0.015015281342308562
1976-07-28,1.88914,0.6361216990605723,0.0
1976-07-29,1.88186,0.6322606494482652,-0.0038610496123070437
1976-07-30,1.8742,0.6281819017075863,-0.004078747740678956
1976-08-02,1.8742,0.6281819017075863,0.0
1976-08-03,1.88186,0.6322606494482652,0.004078747740678956
1976-08-04,1.86762,0.6246648929885534,-0.007595756459711778
1976-08-05,1.86762,0.6246648929885534,0.0
1976-08-06,1.8742,0.6281819017075863,0.0035170087190328214
1976-08-09,1.86762,0.6246648929885534,-0.0035170087190328214
1976-08-10,1.88914,0.6361216990605723,0.011456806072018821
1976-08-11,1.88186,0.6322606494482652,-0.0038610496123070437
1976-08-12,1.88186,0.6322606494482652,0.0
1976-08-13,1.89631,0.6399098925775215,0.0076492431292563
1976-08-16,1.88914,0.6361216990605723,-0.0037881935169492564
1976-08-17,1.88914,0.6361216990605723,0.0
1976-08-18,1.88914,0.6361216990605723,0.0
1976-08-19,1.8742,0.6281819017075863,-0.007939797352986
1976-08-20,1.86762,0.6246648929885534,-0.0035170087190328214
1976-08-23,1.83118,0.604960567796664,-0.01970432519188947
1976-08-24,1.84591,0.6129723808293038,0.00801181303263987
1976-08-25,1.90348,0.6436837898243549,0.030711408995051093
1976-08-26,1.88186,0.6322606494482652,-0.011423140376089713
1976-08-27,1.86762,0.6246648929885534,-0.007595756459711778
1976-08-30,1.86762,0.6246648929885534,0.0
1976-08-31,1.86762,0.6246648929885534,0.0
1976-09-01,1.88914,0.6361216990605723,0.011456806072018821
1976-09-02,1.90348,0.6436837898243549,0.0075620907637826695
1976-09-03,1.93964,0.6625023888452395,0.018818599020884563
1976-09-07,1.94651,0.6660380254813263,0.003535636636086803
1976-09-08,1.97579,0.6809683183744121,0.014930292893085784
1976-09-09,1.90348,0.6436837898243549,-0.03728452855005715
1976-09-10,1.90348,0.6436837898243549,0.0
1976-09-13,1.83854,0.6089717783895237,-0.03471201143483127
1976-09-14,1.85259,0.6165846600039407,0.0076128816144170885
1976-09-15,1.84591,0.6129723808293038,-0.003612279174636912
1976-09-16,1.86762,0.6246648929885534,0.011692512159249602
1976-09-17,1.89631,0.6399098925775215,0.015244999588968078
1976-09-20,1.8742,0.6281819017075863,-0.011727990869935256
1976-09-21,1.88186,0.6322606494482652,0.004078747740678956
1976-09-22,1.86026,0.6207162629023412,-0.011544386545924046
1976-09-23,1.86026,0.6207162629023412,0.0
1976-09-24,1.83854,0.6089717783895237,-0.01174448451281751
1976-09-27,1.81712,0.5972528301611991,-0.011718948228324533
1976-09-28,1.78794,0.5810641191412923,-0.01618871101990682
1976-09-29,1.76634,0.5689096091324299,-0.012154510008862363
1976-09-30,1.78106,0.5772086926788635,0.008299083546433605
1976-10-01,1.76634,0.5689096091324299,-0.008299083546433605
1976-10-04,1.76634,0.5689096091324299,0.0
1976-10-05,1.75936,0.5649501065546891,-0.003959502577740803
1976-10-06,1.75936,0.5649501065546891,0.0
1976-10-07,1.7738,0.573124137960215,0.008174031405525861
1976-10-08,1.76634,0.5689096091324299,-0.004214528827785058
1976-10-11,1.74492,0.5567087093312576,-0.012200899801172338
1976-10-12,1.73754,0.5524703197745514,-0.00423838955670619
1976-10-13,1.75936,0.5649501065546891,0.012479786780137725
1976-10-14,1.74492,0.5567087093312576,-0.008241397223431535
1976-10-15,1.79542,0.5852389778573303,0.028530268526072655
1976-10-18,1.824,0.6010318916521397,0.015792913794809404
1976-10-19,1.85259,0.6165846600039407,0.015552768351801083
1976-10-20,1.86762,0.6246648929885534,0.00808023298461269
1976-10-21,1.86762,0.6246648929885534,0.0
1976-10-22,1.80956,0.5930837218029654,-0.03158117118558801
1976-10-25,1.80956,0.5930837218029654,0.0
1976-10-26,1.80248,0.5891634944149933,-0.003920227387972153
1976-10-27,1.79542,0.5852389778573303,-0.003924516557663016
1976-10-28,1.75189,0.5606952051549868,-0.024543772702343425
1976-10-29,1.73754,0.5524703197745514,-0.00822488538043542
1976-11-01,1.75189,0.5606952051549868,0.00822488538043542
1976-11-03,1.71603,0.5400134834304356,-0.020681721724551183
1976-11-04,1.7014,0.531451441559647,-0.008562041870788684
1976-11-05,1.68715,0.5230407148452495,-0.008410726714397465
1976-11-08,1.651,0.501381164937991,-0.02165954990725849
1976-11-09,1.64422,0.49726610763223544,-0.004115057305755565
1976-11-10,1.651,0.501381164937991,0.004115057305755565
1976-11-11,1.66544,0.5100893527850212,0.008708187847030202
1976-11-12,1.651,0.501381164937991,-0.008708187847030202
1976-11-15,1.6729,0.514558647355098,0.013177482417107034
1976-11-16,1.6729,0.514558647355098,0.0
1976-11-17,1.6729,0.514558647355098,0.0
1976-11-18,1.68715,0.5230407148452495,0.008482067490151457
1976-11-19,1.7014,0.531451441559647,0.008410726714397465
1976-11-22,1.70886,0.5358264815268647,0.004375039967217775
1976-11-23,1.68715,0.5230407148452495,-0.01278576668161524
1976-11-24,1.70886,0.5358264815268647,0.01278576668161524
1976-11-26,1.69442,0.527340499383634,-0.008485982143230708
1976-11-29,1.7014,0.531451441559647,0.004110942176012933
1976-11-30,1.68715,0.5230407148452495,-0.008410726714397465
1976-12-01,1.68008,0.5188414113290357,-0.0041993035162137815
1976-12-02,1.7234,0.5442990838235294,0.02545767249449371
1976-12-03,1.74492,0.5567087093312576,0.012409625507728173
1976-12-06,1.76634,0.5689096091324299,0.012200899801172338
1976-12-07,1.81712,0.5972528301611991,0.028343221028769183
1976-12-08,1.81712,0.5972528301611991,0.0
1976-12-09,1.78794,0.5810641191412923,-0.01618871101990682
1976-12-10,1.80956,0.5930837218029654,0.012019602661673123
1976-12-13,1.80248,0.5891634944149933,-0.003920227387972153
1976-12-14,1.80248,0.5891634944149933,0.0
1976-12-15,1.824,0.6010318916521397,0.011868397237146389
1976-12-16,1.81712,0.5972528301611991,-0.0037790614909405384
1976-12-17,1.824,0.6010318916521397,0.0037790614909405384
1976-12-20,1.83118,0.604960567796664,0.003928676144524301
1976-12-21,1.85259,0.6165846600039407,0.011624092207276782
1976-12-22,1.85259,0.6165846600039407,0.0
1976-12-23,1.824,0.6010318916521397,-0.015552768351801083
1976-12-27,1.83854,0.6089717783895237,0.007939886737383994
1976-12-28,1.90348,0.6436837898243549,0.03471201143483127
1976-12-29,1.88186,0.6322606494482652,-0.011423140376089713
1976-12-30,1.91772,0.6511369804028808,0.018876330954615606
1976-12-31,1.94651,0.6660380254813263,0.014901045078445474
1977-01-03,1.93207,0.6585919670180254,-0.007446058463300931
1977-01-04,1.95378,0.6697659577220336,0.011173990704008263
1977-01-05,1.99023,0.6882502099472385,0.01848425222520489
1977-01-06,2.01872,0.702463647197294,0.014213437250055527
1977-01-07,2.01155,0.698905569170611,-0.0035580780266830647
1977-01-10,1.99691,0.6916009858167012,-0.0073045833539098215
1977-01-11,1.96832,0.6771803870378664,-0.014420598778834726
1977-01-12,1.93207,0.6585919670180254,-0.018588420019841068
1977-01-13,1.97579,0.6809683183744121,0.022376351356386714
1977-01-14,1.99691,0.6916009858167012,0.010632667442289079
1977-01-17,1.99023,0.6882502099472385,-0.003350775869462641
1977-01-18,2.02589,0.7060091101767938,0.017758900229555286
1977-01-19,2.05468,0.7201201180613713,0.014111007884577531
1977-01-20,2.07679,0.7308234324158871,0.01070331435451577
1977-01-21,2.07679,0.7308234324158871,0.0
1977-01-24,2.06912,0.7271233961148764,-0.0037000363010106785
1977-01-25,2.06195,0.7236521369981544,-0.0034712591167219697
1977-01-26,2.07679,0.7308234324158871,0.007171295417732648
1977-01-27,2.04053,0.713209578034499,-0.017613854381388072
1977-01-28,1.91772,0.6511369804028808,-0.06207259763161821
1977-01-31,1.94651,0.6660380254813263,0.014901045078445474
1977-02-01,1.97579,0.6809683183744121,0.014930292893085784
1977-02-02,1.99691,0.6916009858167012,0.010632667442289079
1977-02-03,1.98257,0.6843939828568613,-0.007207002959839892
1977-02-04,1.97579,0.6809683183744121,-0.0034256644824491866
1977-02-07,1.97579,0.6809683183744121,0.0
1977-02-08,1.97579,0.6809683183744121,0.0
1977-02-09,1.96832,0.6771803870378664,-0.003787931336545647
1977-02-10,1.97579,0.6809683183744121,0.003787931336545647
1977-02-11,1.96096,0.6734341492499254,-0.007534169124486678
1977-02-14,1.99023,0.6882502099472385,0.014816060697313116
1977-02-15,1.98257,0.6843939828568613,-0.003856227090377251
1977-02-16,1.98257,0.6843939828568613,0.0
1977-02-17,1.98257,0.6843939828568613,0.0
1977-02-18,1.99691,0.6916009858167012,0.007207002959839892
1977-02-22,1.97579,0.6809683183744121,-0.010632667442289079
1977-02-23,1.94651,0.6660380254813263,-0.014930292893085784
1977-02-24,1.88914,0.6361216990605723,-0.029916326420754036
1977-02-25,1.83854,0.6089717783895237,-0.0271499206710486
1977-02-28,1.85259,0.6165846600039407,0.0076128816144170885
1977-03-01,1.84591,0.6129723808293038,-0.003612279174636912
1977-03-02,1.83854,0.6089717783895237,-0.0040006024397801765
1977-03-03,1.88914,0.6361216990605723,0.0271499206710486
1977-03-04,1.91772,0.6511369804028808,0.015015281342308562
1977-03-07,1.91066,0.6474487321081974,-0.003688248294683394
1977-03-08,1.91772,0.6511369804028808,0.003688248294683394
1977-03-09,1.88186,0.6322606494482652,-0.018876330954615606
1977-03-10,1.89631,0.6399098925775215,0.0076492431292563
1977-03-11,1.8742,0.6281819017075863,-0.011727990869935256
1977-03-14,1.86026,0.6207162629023412,-0.0074656388052450895
1977-03-15,1.88186,0.6322606494482652,0.011544386545924046
1977-03-16,1.88914,0.6361216990605723,0.0038610496123070437
1977-03-17,1.88914,0.6361216990605723,0.0
1977-03-18,1.94651,0.6660380254813263,0.029916326420754036
1977-03-21,1.92529,0.655076605743923,-0.010961419737403277
1977-03-22,1.88914,0.6361216990605723,-0.01895490668335076
1977-03-23,1.89631,0.6399098925775215,0.0037881935169492564
1977-03-24,1.88186,0.6322606494482652,-0.0076492431292563
1977-03-25,1.86026,0.6207162629023412,-0.011544386545924046
1977-03-28,1.88186,0.6322606494482652,0.011544386545924046
1977-03-29,1.86762,0.6246648929885534,-0.007595756459711778
1977-03-30,1.86026,0.6207162629023412,-0.003948630086212268
1977-03-31,1.83118,0.604960567796664,-0.015755695105677203
1977-04-01,1.86762,0.6246648929885534,0.01970432519188947
1977-04-04,1.83118,0.604960567796664,-0.01970432519188947
1977-04-05,1.824,0.6010318916521397,-0.003928676144524301
1977-04-06,1.81712,0.5972528301611991,-0.0037790614909405384
1977-04-07,1.84591,0.6129723808293038,0.01571955066810471
1977-04-11,1.83118,0.604960567796664,-0.00801181303263987
1977-04-12,1.84591,0.6129723808293038,0.00801181303263987
1977-04-13,1.86026,0.6207162629023412,0.007743882073037334
1977-04-14,1.93964,0.6625023888452395,0.04178612594289832
1977-04-15,1.93964,0.6625023888452395,0.0
1977-04-18,1.91772,0.6511369804028808,-0.011365408442358671
1977-04-19,1.89631,0.6399098925775215,-0.011227087825359305
1977-04-20,1.8742,0.6281819017075863,-0.011727990869935256
1977-04-21,1.8742,0.6281819017075863,0.0
1977-04-22,1.88914,0.6361216990605723,0.007939797352986
1977-04-25,1.88186,0.6322606494482652,-0.0038610496123070437
1977-04-26,1.88914,0.6361216990605723,0.0038610496123070437
1977-04-27,1.93207,0.6585919670180254,0.022470267957453105
1977-04-28,1.91066,0.6474487321081974,-0.011143234909827937
1977-04-29,1.93964,0.6625023888452395,0.015053656737042065
1977-05-02,1.93207,0.6585919670180254,-0.003910421827214128
1977-05-03,1.95378,0.6697659577220336,0.011173990704008263
1977-05-04,1.97579,0.6809683183744121,0.011202360652378451
1977-05-05,2.02589,0.7060091101767938,0.025040791802381723
1977-05-06,2.01155,0.698905569170611,-0.007103541006182823
1977-05-09,2.01155,0.698905569170611,0.0
1977-05-10,2.00448,0.6953846755001372,-0.0035208936704738125
1977-05-11,2.01872,0.702463647197294,0.007078971697156877
1977-05-12,2.03326,0.7096404162870069,0.0071767690897128755
1977-05-13,2.03326,0.7096404162870069,0.0
1977-05-16,2.03326,0.7096404162870069,0.0
1977-05-17,2.06195,0.7236521369981544,0.014011720711147535
1977-05-18,2.06912,0.7271233961148764,0.0034712591167219697
1977-05-19,2.05468,0.7201201180613713,-0.007003278053505091
1977-05-20,2.04761,0.7166732593557262,-0.003446858705645095
1977-05-23,2.03326,0.7096404162870069,-0.007032843068719319
1977-05-24,2.04053,0.713209578034499,0.003569161747492111
1977-05-25,2.01872,0.702463647197294,-0.010745930837204987
1977-05-26,2.01155,0.698905569170611,-0.0035580780266830647
1977-05-27,2.01872,0.702463647197294,0.0035580780266830647
1977-05-31,2.01872,0.702463647197294,0.0
1977-06-01,2.00448,0.6953846755001372,-0.007078971697156877
1977-06-02,2.02589,0.7060091101767938,0.010624434676656636
1977-06-03,2.02589,0.7060091101767938,0.0
1977-06-06,2.02589,0.7060091101767938,0.0
1977-06-07,2.04053,0.713209578034499,0.007200467857705228
1977-06-08,2.07679,0.7308234324158871,0.017613854381388072
1977-06-09,2.05468,0.7201201180613713,-0.01070331435451577
1977-06-10,2.07679,0.7308234324158871,0.01070331435451577
1977-06-13,2.06912,0.7271233961148764,-0.0037000363010106785
1977-06-14,2.05468,0.7201201180613713,-0.007003278053505091
1977-06-15,2.02589,0.7060091101767938,-0.014111007884577531
1977-06-16,2.00448,0.6953846755001372,-0.010624434676656636
1977-06-17,2.02589,0.7060091101767938,0.010624434676656636
1977-06-20,2.02589,0.7060091101767938,0.0
1977-06-21,2.01155,0.698905569170611,-0.007103541006182823
1977-06-22,2.00448,0.6953846755001372,-0.0035208936704738125
1977-06-23,2.02589,0.7060091101767938,0.010624434676656636
1977-06-24,2.02589,0.7060091101767938,0.0
1977-06-27,2.04761,0.7166732593557262,0.010664149178932436
1977-06-28,2.05468,0.7201201180613713,0.003446858705645095
1977-06-29,2.07679,0.7308234324158871,0.01070331435451577
1977-06-30,2.08347,0.7340347729286146,0.003211340512727534
1977-07-01,2.08347,0.7340347729286146,0.0
1977-07-05,2.08347,0.7340347729286146,0.0
1977-07-06,2.09093,0.7376089430807795,0.0035741701521648794
1977-07-07,2.09791,0.7409416110558666,0.0033326679750871335
1977-07-08,2.11972,0.7512840044894898,0.010342393433623198
1977-07-11,2.12699,0.7547078347495965,0.0034238302601066195
1977-07-12,2.13425,0.7581152969082788,0.003407462158682373
1977-07-13,2.12699,0.7547078347495965,-0.003407462158682373
1977-07-15,2.11245,0.7478484113300319,-0.006859423419564581
1977-07-18,2.11245,0.7478484113300319,0.0
1977-07-19,2.13425,0.7581152969082788,0.010266885578246954
1977-07-20,2.08347,0.7340347729286146,-0.024080523979664203
1977-07-21,2.08347,0.7340347729286146,0.0
1977-07-22,2.07679,0.7308234324158871,-0.003211340512727534
1977-07-25,2.05468,0.7201201180613713,-0.01070331435451577
1977-07-26,2.05468,0.7201201180613713,0.0
1977-07-27,2.03326,0.7096404162870069,-0.010479701774364414
1977-07-28,2.05468,0.7201201180613713,0.010479701774364414
1977-07-29,2.06195,0.7236521369981544,0.003532018936783121
1977-08-01,2.06195,0.7236521369981544,0.0
1977-08-02,2.06195,0.7236521369981544,0.0
1977-08-03,2.06912,0.7271233961148764,0.0034712591167219697
1977-08-04,2.07679,0.7308234324158871,0.0037000363010106785
1977-08-05,2.07679,0.7308234324158871,0.0
1977-08-08,2.04053,0.713209578034499,-0.017613854381388072
1977-08-09,2.03326,0.7096404162870069,-0.003569161747492111
1977-08-10,2.06195,0.7236521369981544,0.014011720711147535
1977-08-11,2.04053,0.713209578034499,-0.010442558963655424
1977-08-12,2.04761,0.7166732593557262,0.0034636813212272077
1977-08-15,2.05468,0.7201201180613713,0.003446858705645095
1977-08-16,2.04761,0.7166732593557262,-0.003446858705645095
1977-08-17,2.04761,0.7166732593557262,0.0
1977-08-18,2.05468,0.7201201180613713,0.003446858705645095
1977-08-19,2.04761,0.7166732593557262,-0.003446858705645095
1977-08-22,2.02589,0.7060091101767938,-0.010664149178932436
1977-08-23,2.02589,0.7060091101767938,0.0
1977-08-24,2.01155,0.698905569170611,-0.007103541006182823
1977-08-25,2.02589,0.7060091101767938,0.007103541006182823
1977-08-26,1.99023,0.6882502099472385,-0.017758900229555286
1977-08-29,1.96832,0.6771803870378664,-0.011069822909372085
1977-08-30,1.93964,0.6625023888452395,-0.01467799819262694
1977-08-31,1.95378,0.6697659577220336,0.007263568876794135
1977-09-01,1.98257,0.6843939828568613,0.014628025134827638
1977-09-02,1.98257,0.6843939828568613,0.0
1977-09-06,1.96832,0.6771803870378664,-0.0072135958189948335
1977-09-07,1.97579,0.6809683183744121,0.003787931336545647
1977-09-08,1.97579,0.6809683183744121,0.0
1977-09-09,1.89631,0.6399098925775215,-0.04105842579689056
1977-09-12,1.88914,0.6361216990605723,-0.0037881935169492564
1977-09-13,1.88186,0.6322606494482652,-0.0038610496123070437
1977-09-14,1.88914,0.6361216990605723,0.0038610496123070437
1977-09-15,1.94651,0.6660380254813263,0.029916326420754036
1977-09-16,1.94651,0.6660380254813263,0.0
1977-09-19,1.97579,0.6809683183744121,0.014930292893085784
1977-09-20,1.94651,0.6660380254813263,-0.014930292893085784
1977-09-21,1.93207,0.6585919670180254,-0.007446058463300931
1977-09-22,1.93207,0.6585919670180254,0.0
1977-09-23,1.94651,0.6660380254813263,0.007446058463300931
1977-09-26,1.93964,0.6625023888452395,-0.003535636636086803
1977-09-27,1.93964,0.6625023888452395,0.0
1977-09-28,1.93207,0.6585919670180254,-0.003910421827214128
1977-09-29,1.94651,0.6660380254813263,0.007446058463300931
1977-09-30,1.96832,0.6771803870378664,0.011142361556540137
1977-10-03,1.96096,0.6734341492499254,-0.0037462377879410313
1977-10-04,1.93964,0.6625023888452395,-0.010931760404685908
1977-10-05,1.90348,0.6436837898243549,-0.018818599020884563
1977-10-06,1.88914,0.6361216990605723,-0.0075620907637826695
1977-10-07,1.88914,0.6361216990605723,0.0
1977-10-10,1.8742,0.6281819017075863,-0.007939797352986
1977-10-11,1.84591,0.6129723808293038,-0.015209520878282423
1977-10-12,1.80248,0.5891634944149933,-0.02380888641431056
1977-10-13,1.79542,0.5852389778573303,-0.003924516557663016
1977-10-14,1.824,0.6010318916521397,0.015792913794809404
1977-10-17,1.83118,0.604960567796664,0.003928676144524301
1977-10-18,1.83854,0.6089717783895237,0.004011210592859693
1977-10-19,1.81712,0.5972528301611991,-0.011718948228324533
1977-10-20,1.81712,0.5972528301611991,0.0
1977-10-21,1.81712,0.5972528301611991,0.0
1977-10-24,1.79542,0.5852389778573303,-0.012013852303868866
1977-10-25,1.75189,0.5606952051549868,-0.024543772702343425
1977-10-26,1.78794,0.5810641191412923,0.02036891398630547
1977-10-27,1.81712,0.5972528301611991,0.01618871101990682
1977-10-28,1.79542,0.5852389778573303,-0.012013852303868866
1977-10-31,1.79542,0.5852389778573303,0.0
1977-11-01,1.79542,0.5852389778573303,0.0
1977-11-02,1.78794,0.5810641191412923,-0.004174858716037955
1977-11-03,1.78794,0.5810641191412923,0.0
1977-11-04,1.78794,0.5810641191412923,0.0
1977-11-07,1.80956,0.5930837218029654,0.012019602661673123
1977-11-08,1.85259,0.6165846600039407,0.02350093820097532
1977-11-09,1.80956,0.5930837218029654,-0.02350093820097532
1977-11-10,1.824,0.6010318916521397,0.007948169849174236
1977-11-11,1.8742,0.6281819017075863,0.027150010055446594
1977-11-14,1.8742,0.6281819017075863,0.0
1977-11-15,1.88914,0.6361216990605723,0.007939797352986
1977-11-16,1.90348,0.6436837898243549,0.0075620907637826695
1977-11-17,1.91066,0.6474487321081974,0.0037649422838424984
1977-11-18,1.88914,0.6361216990605723,-0.011327033047625168
1977-11-21,1.94651,0.6660380254813263,0.029916326420754036
1977-11-22,1.95378,0.6697659577220336,0.0037279322407073323
1977-11-23,1.98257,0.6843939828568613,0.014628025134827638
1977-11-25,1.97579,0.6809683183744121,-0.0034256644824491866
1977-11-28,1.98257,0.6843939828568613,0.0034256644824491866
1977-11-29,1.98257,0.6843939828568613,0.0
1977-11-30,2.02589,0.7060091101767938,0.021615127319932537
1977-12-01,2.02589,0.7060091101767938,0.0
1977-12-02,2.02589,0.7060091101767938,0.0
1977-12-05,2.02589,0.7060091101767938,0.0
1977-12-06,1.99691,0.6916009858167012,-0.014408124360092645
1977-12-07,1.99691,0.6916009858167012,0.0
1977-12-08,2.00448,0.6953846755001372,0.003783689683436009
1977-12-09,1.98257,0.6843939828568613,-0.010990692643275901
1977-12-12,1.99023,0.6882502099472385,0.003856227090377251
1977-12-13,1.98257,0.6843939828568613,-0.003856227090377251
1977-12-14,1.99691,0.6916009858167012,0.007207002959839892
1977-12-15,1.99691,0.6916009858167012,0.0
1977-12-16,1.99691,0.6916009858167012,0.0
1977-12-19,1.99691,0.6916009858167012,0.0
1977-12-20,1.99023,0.6882502099472385,-0.003350775869462641
1977-12-21,1.93964,0.6625023888452395,-0.025747821101999024
1977-12-22,1.91066,0.6474487321081974,-0.015053656737042065
1977-12-23,1.91066,0.6474487321081974,0.0
1977-12-27,1.92529,0.655076605743923,0.0076278736357255905
1977-12-28,1.93964,0.6625023888452395,0.007425783101316474
1977-12-29,1.91772,0.6511369804028808,-0.011365408442358671
1977-12-30,1.92529,0.655076605743923,0.003939625341042197
1978-01-03,1.89631,0.6399098925775215,-0.015166713166401502
1978-01-04,1.86762,0.6246648929885534,-0.015244999588968078
1978-01-05,1.86762,0.6246648929885534,0.0
1978-01-06,1.86762,0.6246648929885534,0.0
1978-01-09,1.85259,0.6165846600039407,-0.00808023298461269
1978-01-10,1.79542,0.5852389778573303,-0.03134568214661049
1978-01-11,1.81712,0.5972528301611991,0.012013852303868866
1978-01-12,1.81712,0.5972528301611991,0.0
1978-01-13,1.78794,0.5810641191412923,-0.01618871101990682
1978-01-16,1.78794,0.5810641191412923,0.0
1978-01-17,1.75936,0.5649501065546891,-0.016114012586603166
1978-01-18,1.78106,0.5772086926788635,0.012258586124174409
1978-01-19,1.79542,0.5852389778573303,0.008030285178466712
1978-01-20,1.78794,0.5810641191412923,-0.004174858716037955
1978-01-23,1.75936,0.5649501065546891,-0.016114012586603166
1978-01-24,1.75936,0.5649501065546891,0.0
1978-01-25,1.78794,0.5810641191412923,0.016114012586603166
1978-01-26,1.76634,0.5689096091324299,-0.012154510008862363
1978-01-27,1.75189,0.5606952051549868,-0.008214403977443108
1978-01-30,1.7738,0.573124137960215,0.012428932805228166
1978-01-31,1.76634,0.5689096091324299,-0.004214528827785058
1978-02-01,1.78794,0.5810641191412923,0.012154510008862363
1978-02-02,1.81712,0.5972528301611991,0.01618871101990682
1978-02-03,1.78794,0.5810641191412923,-0.01618871101990682
1978-02-06,1.78106,0.5772086926788635,-0.003855426462428757
1978-02-07,1.78106,0.5772086926788635,0.0
1978-02-08,1.78106,0.5772086926788635,0.0
1978-02-09,1.7738,0.573124137960215,-0.004084554718648548
1978-02-10,1.78106,0.5772086926788635,0.004084554718648548
1978-02-13,1.78794,0.5810641191412923,0.003855426462428757
1978-02-14,1.78106,0.5772086926788635,-0.003855426462428757
1978-02-15,1.75936,0.5649501065546891,-0.012258586124174409
1978-02-16,1.75936,0.5649501065546891,0.0
1978-02-17,1.75936,0.5649501065546891,0.0
1978-02-21,1.75189,0.5606952051549868,-0.004254901399702304
1978-02-22,1.73028,0.5482832451244188,-0.012411960030567992
1978-02-23,1.73028,0.5482832451244188,0.0
1978-02-24,1.7234,0.5442990838235294,-0.0039841613008894106
1978-02-27,1.7234,0.5442990838235294,0.0
1978-02-28,1.70886,0.5358264815268647,-0.008472602296664689
1978-03-01,1.68008,0.5188414113290357,-0.016985070197829022
1978-03-02,1.70886,0.5358264815268647,0.016985070197829022
1978-03-03,1.70886,0.5358264815268647,0.0
1978-03-06,1.7014,0.531451441559647,-0.004375039967217775
1978-03-07,1.70886,0.5358264815268647,0.004375039967217775
1978-03-08,1.73028,0.5482832451244188,0.012456763597554099
1978-03-09,1.69442,0.527340499383634,-0.020942745740784807
1978-03-10,1.68715,0.5230407148452495,-0.004299784538384532
1978-03-13,1.68715,0.5230407148452495,0.0
1978-03-14,1.71603,0.5400134834304356,0.01697276858518615
1978-03-15,1.73028,0.5482832451244188,0.00826976169398319
1978-03-16,1.7234,0.5442990838235294,-0.0039841613008894106
1978-03-17,1.74492,0.5567087093312576,0.012409625507728173
1978-03-20,1.7234,0.5442990838235294,-0.012409625507728173
1978-03-21,1.7234,0.5442990838235294,0.0
1978-03-22,1.71603,0.5400134834304356,-0.00428560039309378
1978-03-23,1.70886,0.5358264815268647,-0.004187001903570908
1978-03-27,1.70886,0.5358264815268647,0.0
1978-03-28,1.7234,0.5442990838235294,0.008472602296664689
1978-03-29,1.73028,0.5482832451244188,0.0039841613008894106
1978-03-30,1.74492,0.5567087093312576,0.008425464206838762
1978-03-31,1.73754,0.5524703197745514,-0.00423838955670619
1978-04-03,1.7234,0.5442990838235294,-0.008171235951021982
1978-04-04,1.75189,0.5606952051549868,0.016396121331457403
1978-04-05,1.78794,0.5810641191412923,0.02036891398630547
1978-04-06,1.78794,0.5810641191412923,0.0
1978-04-07,1.78106,0.5772086926788635,-0.003855426462428757
1978-04-10,1.80956,0.5930837218029654,0.01587502912410188
1978-04-11,1.7738,0.573124137960215,-0.019959583842750428
1978-04-12,1.80956,0.5930837218029654,0.019959583842750428
1978-04-13,1.80956,0.5930837218029654,0.0
1978-04-14,1.81712,0.5972528301611991,0.004169108358233697
1978-04-17,1.86026,0.6207162629023412,0.023463432741142043
1978-04-18,1.824,0.6010318916521397,-0.019684371250201504
1978-04-19,1.90348,0.6436837898243549,0.042651898172215263
1978-04-20,1.88186,0.6322606494482652,-0.011423140376089713
1978-04-21,1.88186,0.6322606494482652,0.0
1978-04-24,1.88914,0.6361216990605723,0.0038610496123070437
1978-04-25,1.88914,0.6361216990605723,0.0
1978-04-26,1.92529,0.655076605743923,0.01895490668335076
1978-04-27,1.91066,0.6474487321081974,-0.0076278736357255905
1978-04-28,1.94651,0.6660380254813263,0.018589293373128868
1978-05-01,1.97579,0.6809683183744121,0.014930292893085784
1978-05-02,2.02589,0.7060091101767938,0.025040791802381723
1978-05-03,1.99023,0.6882502099472385,-0.017758900229555286
1978-05-04,1.99691,0.6916009858167012,0.003350775869462641
1978-05-05,1.94651,0.6660380254813263,-0.025562960335374862
1978-05-08,1.93207,0.6585919670180254,-0.007446058463300931
1978-05-09,1.93964,0.6625023888452395,0.003910421827214128
1978-05-10,1.92529,0.655076605743923,-0.007425783101316474
1978-05-11,1.92529,0.655076605743923,0.0
1978-05-12,1.97579,0.6809683183744121,0.02589171263048906
1978-05-15,1.96832,0.6771803870378664,-0.003787931336545647
1978-05-16,1.93964,0.6625023888452395,-0.01467799819262694
1978-05-17,1.91772,0.6511369804028808,-0.011365408442358671
1978-05-18,1.86762,0.6246648929885534,-0.026472087414327383
1978-05-19,1.84591,0.6129723808293038,-0.011692512159249602
1978-05-22,1.83854,0.6089717783895237,-0.0040006024397801765
1978-05-23,1.86026,0.6207162629023412,0.01174448451281751
1978-05-24,1.86026,0.6207162629023412,0.0
1978-05-25,1.85259,0.6165846600039407,-0.004131602898400422
1978-05-26,1.86762,0.6246648929885534,0.00808023298461269
1978-05-30,1.86026,0.6207162629023412,-0.003948630086212268
1978-05-31,1.86762,0.6246648929885534,0.003948630086212268
1978-06-01,1.85259,0.6165846600039407,-0.00808023298461269
1978-06-02,1.85259,0.6165846600039407,0.0
1978-06-05,1.8742,0.6281819017075863,0.011597241703645511
1978-06-06,1.89631,0.6399098925775215,0.011727990869935256
1978-06-07,1.92529,0.655076605743923,0.015166713166401502
1978-06-08,1.93964,0.6625023888452395,0.007425783101316474
1978-06-09,1.88914,0.6361216990605723,-0.026380689784667233
1978-06-12,1.8742,0.6281819017075863,-0.007939797352986
1978-06-13,1.86762,0.6246648929885534,-0.0035170087190328214
1978-06-14,1.84591,0.6129723808293038,-0.011692512159249602
1978-06-15,1.84591,0.6129723808293038,0.0
1978-06-16,1.81712,0.5972528301611991,-0.01571955066810471
1978-06-19,1.824,0.6010318916521397,0.0037790614909405384
1978-06-20,1.80956,0.5930837218029654,-0.007948169849174236
1978-06-21,1.79542,0.5852389778573303,-0.007844743945635169
1978-06-22,1.75189,0.5606952051549868,-0.024543772702343425
1978-06-23,1.75936,0.5649501065546891,0.004254901399702304
1978-06-26,1.73028,0.5482832451244188,-0.016666861430270297
1978-06-27,1.71603,0.5400134834304356,-0.00826976169398319
1978-06-28,1.75189,0.5606952051549868,0.020681721724551183
1978-06-29,1.76634,0.5689096091324299,0.008214403977443108
1978-06-30,1.76634,0.5689096091324299,0.0
1978-07-03,1.76634,0.5689096091324299,0.0
1978-07-05,1.74492,0.5567087093312576,-0.012200899801172338
1978-07-06,1.74492,0.5567087093312576,0.0
1978-07-07,1.73028,0.5482832451244188,-0.008425464206838762
1978-07-10,1.73754,0.5524703197745514,0.004187074650132572
1978-07-11,1.75936,0.5649501065546891,0.012479786780137725
1978-07-12,1.76634,0.5689096091324299,0.003959502577740803
1978-07-13,1.75936,0.5649501065546891,-0.003959502577740803
1978-07-14,1.76634,0.5689096091324299,0.003959502577740803
1978-07-17,1.7738,0.573124137960215,0.004214528827785058
1978-07-18,1.7738,0.573124137960215,0.0
1978-07-19,1.824,0.6010318916521397,0.027907753691924664
1978-07-20,1.79542,0.5852389778573303,-0.015792913794809404
1978-07-21,1.78794,0.5810641191412923,-0.004174858716037955
1978-07-24,1.75936,0.5649501065546891,-0.016114012586603166
1978-07-25,1.75936,0.5649501065546891,0.0
1978-07-26,1.75936,0.5649501065546891,0.0
1978-07-27,1.78794,0.5810641191412923,0.016114012586603166
1978-07-28,1.80956,0.5930837218029654,0.012019602661673123
1978-07-31,1.86026,0.6207162629023412,0.02763254109937574
1978-08-01,1.84591,0.6129723808293038,-0.007743882073037334
1978-08-02,1.86026,0.6207162629023412,0.007743882073037334
1978-08-03,1.84591,0.6129723808293038,-0.007743882073037334
1978-08-04,1.86026,0.6207162629023412,0.007743882073037334
1978-08-07,1.8742,0.6281819017075863,0.0074656388052450895
1978-08-08,1.88914,0.6361216990605723,0.007939797352986
1978-08-09,1.90348,0.6436837898243549,0.0075620907637826695
1978-08-10,1.92529,0.655076605743923,0.011392815919568089
1978-08-11,1.91772,0.6511369804028808,-0.003939625341042197
1978-08-14,1.88914,0.6361216990605723,-0.015015281342308562
1978-08-15,1.88186,0.6322606494482652,-0.0038610496123070437
1978-08-16,1.88914,0.6361216990605723,0.0038610496123070437
1978-08-17,1.90348,0.6436837898243549,0.0075620907637826695
1978-08-18,1.89631,0.6399098925775215,-0.003773897246833413
1978-08-21,1.88186,0.6322606494482652,-0.0076492431292563
1978-08-22,1.85259,0.6165846600039407,-0.015675989444324467
1978-08-23,1.86762,0.6246648929885534,0.00808023298461269
1978-08-24,1.85259,0.6165846600039407,-0.00808023298461269
1978-08-25,1.86762,0.6246648929885534,0.00808023298461269
1978-08-28,1.85259,0.6165846600039407,-0.00808023298461269
1978-08-29,1.83854,0.6089717783895237,-0.0076128816144170885
1978-08-30,1.83854,0.6089717783895237,0.0
1978-08-31,1.824,0.6010318916521397,-0.007939886737383994
1978-09-01,1.83118,0.604960567796664,0.003928676144524301
1978-09-05,1.84591,0.6129723808293038,0.00801181303263987
1978-09-06,1.88914,0.6361216990605723,0.023149318231268423
1978-09-07,1.90348,0.6436837898243549,0.0075620907637826695
1978-09-08,1.91066,0.6474487321081974,0.0037649422838424984
1978-09-11,1.88914,0.6361216990605723,-0.011327033047625168
1978-09-12,1.89631,0.6399098925775215,0.0037881935169492564
1978-09-13,1.88914,0.6361216990605723,-0.0037881935169492564
1978-09-14,1.92529,0.655076605743923,0.01895490668335076
1978-09-15,1.91772,0.6511369804028808,-0.003939625341042197
1978-09-18,1.91066,0.6474487321081974,-0.003688248294683394
1978-09-19,1.88914,0.6361216990605723,-0.011327033047625168
1978-09-20,1.86026,0.6207162629023412,-0.01540543615823109
1978-09-21,1.86026,0.6207162629023412,0.0
1978-09-22,1.86762,0.6246648929885534,0.003948630086212268
1978-09-25,1.86762,0.6246648929885534,0.0
1978-09-26,1.88914,0.6361216990605723,0.011456806072018821
1978-09-27,1.86762,0.6246648929885534,-0.011456806072018821
1978-09-28,1.86762,0.6246648929885534,0.0
1978-09-29,1.88914,0.6361216990605723,0.011456806072018821
1978-10-02,1.89631,0.6399098925775215,0.0037881935169492564
1978-10-03,1.90348,0.6436837898243549,0.003773897246833413
1978-10-04,1.89631,0.6399098925775215,-0.003773897246833413
1978-10-05,1.89631,0.6399098925775215,0.0
1978-10-06,1.94651,0.6660380254813263,0.02612813290380478
1978-10-09,1.94651,0.6660380254813263,0.0
1978-10-10,1.97579,0.6809683183744121,0.014930292893085784
1978-10-11,1.98257,0.6843939828568613,0.0034256644824491866
1978-10-12,1.99691,0.6916009858167012,0.007207002959839892
1978-10-13,1.97579,0.6809683183744121,-0.010632667442289079
1978-10-16,1.97579,0.6809683183744121,0.0
1978-10-17,1.94651,0.6660380254813263,-0.014930292893085784
1978-10-18,1.94651,0.6660380254813263,0.0
1978-10-19,1.93207,0.6585919670180254,-0.007446058463300931
1978-10-20,1.88914,0.6361216990605723,-0.022470267957453105
1978-10-23,1.88186,0.6322606494482652,-0.0038610496123070437
1978-10-24,1.8742,0.6281819017075863,-0.004078747740678956
1978-10-25,1.86762,0.6246648929885534,-0.0035170087190328214
1978-10-26,1.86762,0.6246648929885534,0.0
1978-10-27,1.84591,0.6129723808293038,-0.011692512159249602
1978-10-30,1.81712,0.5972528301611991,-0.01571955066810471
1978-10-31,1.75936,0.5649501065546891,-0.03230272360650999
1978-11-01,1.76634,0.5689096091324299,0.003959502577740803
1978-11-02,1.7234,0.5442990838235294,-0.02461052530890051
1978-11-03,1.7234,0.5442990838235294,0.0
1978-11-06,1.73028,0.5482832451244188,0.0039841613008894106
1978-11-07,1.70886,0.5358264815268647,-0.012456763597554099
1978-11-08,1.69442,0.527340499383634,-0.008485982143230708
1978-11-09,1.68715,0.5230407148452495,-0.004299784538384532
1978-11-10,1.7234,0.5442990838235294,0.02125836897827993
1978-11-13,1.7014,0.531451441559647,-0.012847642263882464
1978-11-14,1.69442,0.527340499383634,-0.004110942176012933
1978-11-15,1.7234,0.5442990838235294,0.016958584439895397
1978-11-16,1.70886,0.5358264815268647,-0.008472602296664689
1978-11-17,1.69442,0.527340499383634,-0.008485982143230708
1978-11-20,1.7014,0.531451441559647,0.004110942176012933
1978-11-21,1.69442,0.527340499383634,-0.004110942176012933
1978-11-22,1.7014,0.531451441559647,0.004110942176012933
1978-11-24,1.71603,0.5400134834304356,0.008562041870788684
1978-11-27,1.69442,0.527340499383634,-0.012672984046801616
1978-11-28,1.6729,0.514558647355098,-0.01278185202853599
1978-11-29,1.66544,0.5100893527850212,-0.004469294570076832
1978-11-30,1.68008,0.5188414113290357,0.008752058544014507
1978-12-01,1.7014,0.531451441559647,0.012610030230611247
1978-12-04,1.71603,0.5400134834304356,0.008562041870788684
1978-12-05,1.73028,0.5482832451244188,0.00826976169398319
1978-12-06,1.75936,0.5649501065546891,0.016666861430270297
1978-12-07,1.7738,0.573124137960215,0.008174031405525861
1978-12-08,1.76634,0.5689096091324299,-0.004214528827785058
1978-12-11,1.70886,0.5358264815268647,-0.0330831276055652
1978-12-12,1.68008,0.5188414113290357,-0.016985070197829022
1978-12-13,1.6729,0.514558647355098,-0.0042827639739376755
1978-12-14,1.65826,0.5057688598591369,-0.008789787495961154
1978-12-15,1.66544,0.5100893527850212,0.004320492925884323
1978-12-18,1.65826,0.5057688598591369,-0.004320492925884323
1978-12-19,1.66544,0.5100893527850212,0.004320492925884323
1978-12-20,1.651,0.501381164937991,-0.008708187847030202
1978-12-21,1.62958,0.4883223129047285,-0.013058852033262514
1978-12-22,1.68008,0.5188414113290357,0.030519098424307223
1978-12-26,1.66544,0.5100893527850212,-0.008752058544014507
1978-12-27,1.68008,0.5188414113290357,0.008752058544014507
1978-12-28,1.68715,0.5230407148452495,0.0041993035162137815
1978-12-29,1.69442,0.527340499383634,0.004299784538384532
1979-01-02,1.68715,0.5230407148452495,-0.004299784538384532
1979-01-03,1.73028,0.5482832451244188,0.02524253027916934
1979-01-04,1.75189,0.5606952051549868,0.012411960030567992
1979-01-05,1.70886,0.5358264815268647,-0.02486872362812209
1979-01-08,1.70886,0.5358264815268647,0.0
1979-01-09,1.75936,0.5649501065546891,0.029123625027824396
1979-01-10,1.74492,0.5567087093312576,-0.008241397223431535
1979-01-11,1.76634,0.5689096091324299,0.012200899801172338
1979-01-12,1.79542,0.5852389778573303,0.016329368724900317
1979-01-15,1.83854,0.6089717783895237,0.0237328005321934
1979-01-16,1.824,0.6010318916521397,-0.007939886737383994
1979-01-17,1.83854,0.6089717783895237,0.007939886737383994
1979-01-18,1.824,0.6010318916521397,-0.007939886737383994
1979-01-19,1.85259,0.6165846600039407,0.015552768351801083
1979-01-22,1.85259,0.6165846600039407,0.0
1979-01-23,1.86762,0.6246648929885534,0.00808023298461269
1979-01-24,1.85259,0.6165846600039407,-0.00808023298461269
1979-01-25,1.84591,0.6129723808293038,-0.003612279174636912
1979-01-26,1.81712,0.5972528301611991,-0.01571955066810471
1979-01-29,1.78794,0.5810641191412923,-0.01618871101990682
1979-01-30,1.78794,0.5810641191412923,0.0
1979-01-31,1.74492,0.5567087093312576,-0.0243554098100347
1979-02-01,1.78794,0.5810641191412923,0.0243554098100347
1979-02-02,1.75189,0.5606952051549868,-0.02036891398630547
1979-02-05,1.70886,0.5358264815268647,-0.02486872362812209
1979-02-06,1.73028,0.5482832451244188,0.012456763597554099
1979-02-07,1.74492,0.5567087093312576,0.008425464206838762
1979-02-08,1.73754,0.5524703197745514,-0.00423838955670619
1979-02-09,1.73754,0.5524703197745514,0.0
1979-02-12,1.74492,0.5567087093312576,0.00423838955670619
1979-02-13,1.76634,0.5689096091324299,0.012200899801172338
1979-02-14,1.7738,0.573124137960215,0.004214528827785058
1979-02-15,1.73028,0.5482832451244188,-0.024840892835796158
1979-02-16,1.70886,0.5358264815268647,-0.012456763597554099
1979-02-20,1.70886,0.5358264815268647,0.0
1979-02-21,1.74492,0.5567087093312576,0.02088222780439286
1979-02-22,1.70886,0.5358264815268647,-0.02088222780439286
1979-02-23,1.69442,0.527340499383634,-0.008485982143230708
1979-02-26,1.68715,0.5230407148452495,-0.004299784538384532
1979-02-27,1.68715,0.5230407148452495,0.0
1979-02-28,1.68008,0.5188414113290357,-0.0041993035162137815
1979-03-01,1.7014,0.531451441559647,0.012610030230611247
1979-03-02,1.70886,0.5358264815268647,0.004375039967217775
1979-03-05,1.71603,0.5400134834304356,0.004187001903570908
1979-03-06,1.75936,0.5649501065546891,0.024936623124253487
1979-03-07,1.7738,0.573124137960215,0.008174031405525861
1979-03-08,1.78794,0.5810641191412923,0.007939981181077305
1979-03-09,1.74492,0.5567087093312576,-0.0243554098100347
1979-03-12,1.74492,0.5567087093312576,0.0
1979-03-13,1.7738,0.573124137960215,0.016415428628957396
1979-03-14,1.74492,0.5567087093312576,-0.016415428628957396
1979-03-15,1.74492,0.5567087093312576,0.0
1979-03-16,1.73754,0.5524703197745514,-0.00423838955670619
1979-03-19,1.76634,0.5689096091324299,0.016439289357878528
1979-03-20,1.73028,0.5482832451244188,-0.0206263640080111
1979-03-21,1.75936,0.5649501065546891,0.016666861430270297
1979-03-22,1.7234,0.5442990838235294,-0.020651022731159707
1979-03-23,1.70886,0.5358264815268647,-0.008472602296664689
1979-03-26,1.71603,0.5400134834304356,0.004187001903570908
1979-03-27,1.7014,0.531451441559647,-0.008562041870788684
1979-03-28,1.7014,0.531451441559647,0.0
1979-03-29,1.7014,0.531451441559647,0.0
1979-03-30,1.68715,0.5230407148452495,-0.008410726714397465
1979-04-02,1.69442,0.527340499383634,0.004299784538384532
1979-04-03,1.7014,0.531451441559647,0.004110942176012933
1979-04-04,1.71603,0.5400134834304356,0.008562041870788684
1979-04-05,1.73028,0.5482832451244188,0.00826976169398319
1979-04-06,1.73028,0.5482832451244188,0.0
1979-04-09,1.75189,0.5606952051549868,0.012411960030567992
1979-04-10,1.78794,0.5810641191412923,0.02036891398630547
1979-04-11,1.75936,0.5649501065546891,-0.016114012586603166
1979-04-12,1.75189,0.5606952051549868,-0.004254901399702304
1979-04-16,1.75936,0.5649501065546891,0.004254901399702304
1979-04-17,1.75936,0.5649501065546891,0.0
1979-04-18,1.75936,0.5649501065546891,0.0
1979-04-19,1.75189,0.5606952051549868,-0.004254901399702304
1979-04-20,1.74492,0.5567087093312576,-0.00398649582372923
1979-04-23,1.73028,0.5482832451244188,-0.008425464206838762
1979-04-24,1.73754,0.5524703197745514,0.004187074650132572
1979-04-25,1.73028,0.5482832451244188,-0.004187074650132572
1979-04-26,1.73028,0.5482832451244188,0.0
1979-04-27,1.74492,0.5567087093312576,0.008425464206838762
1979-04-30,1.73028,0.5482832451244188,-0.008425464206838762
1979-05-01,1.73754,0.5524703197745514,0.004187074650132572
1979-05-02,1.73028,0.5482832451244188,-0.004187074650132572
1979-05-03,1.73028,0.5482832451244188,0.0
1979-05-04,1.73028,0.5482832451244188,0.0
1979-05-07,1.7234,0.5442990838235294,-0.0039841613008894106
1979-05-08,1.70886,0.5358264815268647,-0.008472602296664689
1979-05-09,1.73028,0.5482832451244188,0.012456763597554099
1979-05-10,1.74492,0.5567087093312576,0.008425464206838762
1979-05-11,1.73754,0.5524703197745514,-0.00423838955670619
1979-05-14,1.74492,0.5567087093312576,0.00423838955670619
1979-05-15,1.73028,0.5482832451244188,-0.008425464206838762
1979-05-16,1.74492,0.5567087093312576,0.008425464206838762
1979-05-17,1.75189,0.5606952051549868,0.00398649582372923
1979-05-18,1.74492,0.5567087093312576,-0.00398649582372923
1979-05-21,1.73754,0.5524703197745514,-0.00423838955670619
1979-05-22,1.73754,0.5524703197745514,0.0
1979-05-23,1.73754,0.5524703197745514,0.0
1979-05-24,1.75189,0.5606952051549868,0.00822488538043542
1979-05-25,1.75936,0.5649501065546891,0.004254901399702304
1979-05-29,1.74492,0.5567087093312576,-0.008241397223431535
1979-05-30,1.73028,0.5482832451244188,-0.008425464206838762
1979-05-31,1.73028,0.5482832451244188,0.0
1979-06-01,1.73028,0.5482832451244188,0.0
1979-06-04,1.73028,0.5482832451244188,0.0
1979-06-05,1.75189,0.5606952051549868,0.012411960030567992
1979-06-06,1.75936,0.5649501065546891,0.004254901399702304
1979-06-07,1.75936,0.5649501065546891,0.0
1979-06-08,1.76634,0.5689096091324299,0.003959502577740803
1979-06-11,1.73028,0.5482832451244188,-0.0206263640080111
1979-06-12,1.74492,0.5567087093312576,0.008425464206838762
1979-06-13,1.75936,0.5649501065546891,0.008241397223431535
1979-06-14,1.75936,0.5649501065546891,0.0
1979-06-15,1.75936,0.5649501065546891,0.0
1979-06-18,1.73754,0.5524703197745514,-0.012479786780137725
1979-06-19,1.73028,0.5482832451244188,-0.004187074650132572
1979-06-20,1.73028,0.5482832451244188,0.0
1979-06-21,1.73754,0.5524703197745514,0.004187074650132572
1979-06-22,1.73028,0.5482832451244188,-0.004187074650132572
1979-06-25,1.73754,0.5524703197745514,0.004187074650132572
1979-06-26,1.75189,0.5606952051549868,0.00822488538043542
1979-06-27,1.80248,0.5891634944149933,0.02846828926000644
1979-06-28,1.824,0.6010318916521397,0.011868397237146389
1979-06-29,1.824,0.6010318916521397,0.0
1979-07-02,1.824,0.6010318916521397,0.0
1979-07-03,1.824,0.6010318916521397,0.0
1979-07-05,1.824,0.6010318916521397,0.0
1979-07-06,1.83854,0.6089717783895237,0.007939886737383994
1979-07-09,1.86026,0.6207162629023412,0.01174448451281751
1979-07-10,1.83854,0.6089717783895237,-0.01174448451281751
1979-07-11,1.85259,0.6165846600039407,0.0076128816144170885
1979-07-12,1.88186,0.6322606494482652,0.015675989444324467
1979-07-13,1.88186,0.6322606494482652,0.0
1979-07-16,1.88186,0.6322606494482652,0.0
1979-07-17,1.86026,0.6207162629023412,-0.011544386545924046
1979-07-18,1.86026,0.6207162629023412,0.0
1979-07-19,1.86026,0.6207162629023412,0.0
1979-07-20,1.84591,0.6129723808293038,-0.007743882073037334
1979-07-23,1.85259,0.6165846600039407,0.003612279174636912
1979-07-24,1.86762,0.6246648929885534,0.00808023298461269
1979-07-25,1.86762,0.6246648929885534,0.0
1979-07-26,1.86762,0.6246648929885534,0.0
1979-07-27,1.86762,0.6246648929885534,0.0
1979-07-30,1.88914,0.6361216990605723,0.011456806072018821
1979-07-31,1.94651,0.6660380254813263,0.029916326420754036
1979-08-01,1.96096,0.6734341492499254,0.0073961237685991055
1979-08-02,1.99691,0.6916009858167012,0.018166836566775757
1979-08-03,1.99023,0.6882502099472385,-0.003350775869462641
1979-08-06,1.94651,0.6660380254813263,-0.02221218446591222
1979-08-07,1.99691,0.6916009858167012,0.025562960335374862
1979-08-08,2.01872,0.702463647197294,0.010862661380592886
1979-08-09,1.97579,0.6809683183744121,-0.021495328822881965
1979-08-10,1.97579,0.6809683183744121,0.0
1979-08-13,1.99691,0.6916009858167012,0.010632667442289079
1979-08-14,1.99691,0.6916009858167012,0.0
1979-08-15,1.97579,0.6809683183744121,-0.010632667442289079
1979-08-16,1.96096,0.6734341492499254,-0.007534169124486678
1979-08-17,1.94651,0.6660380254813263,-0.0073961237685991055
1979-08-20,1.92529,0.655076605743923,-0.010961419737403277
1979-08-21,1.91772,0.6511369804028808,-0.003939625341042197
1979-08-22,1.93207,0.6585919670180254,0.007454986615144543
1979-08-23,1.89631,0.6399098925775215,-0.01868207444050385
1979-08-24,1.90348,0.6436837898243549,0.003773897246833413
1979-08-27,1.88914,0.6361216990605723,-0.0075620907637826695
1979-08-28,1.91772,0.6511369804028808,0.015015281342308562
1979-08-29,1.91772,0.6511369804028808,0.0
1979-08-30,1.93207,0.6585919670180254,0.007454986615144543
1979-08-31,1.91772,0.6511369804028808,-0.007454986615144543
1979-09-04,1.93964,0.6625023888452395,0.011365408442358671
1979-09-05,1.90348,0.6436837898243549,-0.018818599020884563
1979-09-06,1.91772,0.6511369804028808,0.007453190578525892
1979-09-07,1.92529,0.655076605743923,0.003939625341042197
1979-09-10,1.88914,0.6361216990605723,-0.01895490668335076
1979-09-11,1.86762,0.6246648929885534,-0.011456806072018821
1979-09-12,1.86762,0.6246648929885534,0.0
1979-09-13,1.84591,0.6129723808293038,-0.011692512159249602
1979-09-14,1.86026,0.6207162629023412,0.007743882073037334
1979-09-17,1.84591,0.6129723808293038,-0.007743882073037334
1979-09-18,1.83118,0.604960567796664,-0.00801181303263987
1979-09-19,1.824,0.6010318916521397,-0.003928676144524301
1979-09-20,1.81712,0.5972528301611991,-0.0037790614909405384
1979-09-21,1.80956,0.5930837218029654,-0.004169108358233697
1979-09-24,1.78794,0.5810641191412923,-0.012019602661673123
1979-09-25,1.75936,0.5649501065546891,-0.016114012586603166
1979-09-26,1.78794,0.5810641191412923,0.016114012586603166
1979-09-27,1.78794,0.5810641191412923,0.0
1979-09-28,1.78106,0.5772086926788635,-0.003855426462428757
1979-10-01,1.7738,0.573124137960215,-0.004084554718648548
1979-10-02,1.78794,0.5810641191412923,0.007939981181077305
1979-10-03,1.7738,0.573124137960215,-0.007939981181077305
1979-10-04,1.7738,0.573124137960215,0.0
1979-10-05,1.79542,0.5852389778573303,0.01211483989711526
1979-10-08,1.7738,0.573124137960215,-0.01211483989711526
1979-10-09,1.68008,0.5188414113290357,-0.05428272663117928
1979-10-10,1.68008,0.5188414113290357,0.0
1979-10-11,1.6729,0.514558647355098,-0.0042827639739376755
1979-10-12,1.68715,0.5230407148452495,0.008482067490151457
1979-10-15,1.68715,0.5230407148452495,0.0
1979-10-16,1.68008,0.5188414113290357,-0.0041993035162137815
1979-10-17,1.66544,0.5100893527850212,-0.008752058544014507
1979-10-18,1.63646,0.49253537225280053,-0.01755398053222068
1979-10-19,1.58596,0.46118990221365114,-0.03134547003914939
1979-10-22,1.57161,0.4521005716241487,-0.009089330589502453
1979-10-23,1.55737,0.44299850110119626,-0.009102070522952421
1979-10-24,1.62958,0.4883223129047285,0.04532381180353223
1979-10-25,1.57161,0.4521005716241487,-0.03622174128057981
1979-10-26,1.61514,0.479421640223994,0.02732106859984529
1979-10-29,1.60816,0.4750906682942927,-0.004330971929701277
1979-10-30,1.62958,0.4883223129047285,0.0132316446104358
1979-10-31,1.62958,0.4883223129047285,0.0
1979-11-01,1.62211,0.48372777090296565,-0.004594542001762847
1979-11-02,1.60816,0.4750906682942927,-0.008637102608672953
1979-11-05,1.60816,0.4750906682942927,0.0
1979-11-06,1.61514,0.479421640223994,0.004330971929701277
1979-11-07,1.58596,0.46118990221365114,-0.018231738010342835
1979-11-08,1.60069,0.4704347862841798,0.009244884070528647
1979-11-09,1.61514,0.479421640223994,0.008986853939814188
1979-11-12,1.62958,0.4883223129047285,0.008900672680734523
1979-11-13,1.64422,0.49726610763223544,0.008943794727506948
1979-11-14,1.62958,0.4883223129047285,-0.008943794727506948
1979-11-15,1.62958,0.4883223129047285,0.0
1979-11-16,1.57161,0.4521005716241487,-0.03622174128057981
1979-11-19,1.57161,0.4521005716241487,0.0
1979-11-20,1.57161,0.4521005716241487,0.0
1979-11-21,1.58596,0.46118990221365114,0.009089330589502453
1979-11-23,1.58596,0.46118990221365114,0.0
1979-11-26,1.62958,0.4883223129047285,0.027132410691077358
1979-11-27,1.62958,0.4883223129047285,0.0
1979-11-28,1.62958,0.4883223129047285,0.0
1979-11-29,1.62958,0.4883223129047285,0.0
1979-11-30,1.60069,0.4704347862841798,-0.01788752662054871
1979-12-03,1.61514,0.479421640223994,0.008986853939814188
1979-12-04,1.62211,0.48372777090296565,0.004306130678971676
1979-12-05,1.62211,0.48372777090296565,0.0
1979-12-06,1.60816,0.4750906682942927,-0.008637102608672953
1979-12-07,1.60816,0.4750906682942927,0.0
1979-12-10,1.59342,0.4658826496614321,-0.009208018632860582
1979-12-11,1.56474,0.4477196760050006,-0.01816297365643149
1979-12-12,1.58596,0.46118990221365114,0.013470226208650515
1979-12-13,1.57888,0.4567157349188002,-0.00447416729485095
1979-12-14,1.57888,0.4567157349188002,0.0
1979-12-17,1.57161,0.4521005716241487,-0.004615163294651503
1979-12-18,1.57888,0.4567157349188002,0.004615163294651503
1979-12-19,1.57161,0.4521005716241487,-0.004615163294651503
1979-12-20,1.57161,0.4521005716241487,0.0
1979-12-21,1.58596,0.46118990221365114,0.009089330589502453
1979-12-24,1.58596,0.46118990221365114,0.0
1979-12-26,1.61514,0.479421640223994,0.018231738010342835
1979-12-27,1.62211,0.48372777090296565,0.004306130678971676
1979-12-28,1.64422,0.49726610763223544,0.013538336729269795
1979-12-31,1.65826,0.5057688598591369,0.008502752226901444
1980-01-02,1.63646,0.49253537225280053,-0.013233487606336358
1980-01-03,1.63646,0.49253537225280053,0.0
1980-01-04,1.651,0.501381164937991,0.008845792685190479
1980-01-07,1.651,0.501381164937991,0.0
1980-01-08,1.70886,0.5358264815268647,0.03444531658887373
1980-01-09,1.68715,0.5230407148452495,-0.01278576668161524
1980-01-10,1.68715,0.5230407148452495,0.0
1980-01-11,1.73028,0.5482832451244188,0.02524253027916934
1980-01-14,1.81712,0.5972528301611991,0.04896958503678028
1980-01-15,1.83118,0.604960567796664,0.00770773763546484
1980-01-16,1.83118,0.604960567796664,0.0
1980-01-17,1.80248,0.5891634944149933,-0.01579707338167069
1980-01-18,1.75936,0.5649501065546891,-0.024213387860304136
1980-01-21,1.78106,0.5772086926788635,0.012258586124174409
1980-01-22,1.7738,0.573124137960215,-0.004084554718648548
1980-01-23,1.80248,0.5891634944149933,0.016039356454778275
1980-01-24,1.78794,0.5810641191412923,-0.00809937527370097
1980-01-25,1.7738,0.573124137960215,-0.007939981181077305
1980-01-28,1.7738,0.573124137960215,0.0
1980-01-29,1.75936,0.5649501065546891,-0.008174031405525861
1980-01-30,1.76634,0.5689096091324299,0.003959502577740803
1980-01-31,1.74492,0.5567087093312576,-0.012200899801172338
1980-02-01,1.75189,0.5606952051549868,0.00398649582372923
1980-02-04,1.78794,0.5810641191412923,0.02036891398630547
1980-02-05,1.75189,0.5606952051549868,-0.02036891398630547
1980-02-06,1.73754,0.5524703197745514,-0.00822488538043542
1980-02-07,1.74492,0.5567087093312576,0.00423838955670619
1980-02-08,1.7738,0.573124137960215,0.016415428628957396
1980-02-11,1.78106,0.5772086926788635,0.004084554718648548
1980-02-12,1.75936,0.5649501065546891,-0.012258586124174409
1980-02-13,1.75936,0.5649501065546891,0.0
1980-02-14,1.78794,0.5810641191412923,0.016114012586603166
1980-02-15,1.74492,0.5567087093312576,-0.0243554098100347
1980-02-19,1.74492,0.5567087093312576,0.0
1980-02-20,1.78106,0.5772086926788635,0.020499983347605943
1980-02-21,1.75936,0.5649501065546891,-0.012258586124174409
1980-02-22,1.75189,0.5606952051549868,-0.004254901399702304
1980-02-25,1.66544,0.5100893527850212,-0.05060585236996562
1980-02-26,1.68008,0.5188414113290357,0.008752058544014507
1980-02-27,1.69442,0.527340499383634,0.008499088054598314
1980-02-28,1.68715,0.5230407148452495,-0.004299784538384532
1980-02-29,1.70886,0.5358264815268647,0.01278576668161524
1980-03-03,1.70886,0.5358264815268647,0.0
1980-03-04,1.69442,0.527340499383634,-0.008485982143230708
1980-03-05,1.64422,0.49726610763223544,-0.030074391751398588
1980-03-06,1.60069,0.4704347862841798,-0.02683132134805566
1980-03-07,1.61514,0.479421640223994,0.008986853939814188
1980-03-10,1.58596,0.46118990221365114,-0.018231738010342835
1980-03-11,1.58596,0.46118990221365114,0.0
1980-03-12,1.57161,0.4521005716241487,-0.009089330589502453
1980-03-13,1.57888,0.4567157349188002,0.004615163294651503
1980-03-14,1.58596,0.46118990221365114,0.00447416729485095
1980-03-17,1.54302,0.43374153505982066,-0.027448367153830477
1980-03-18,1.5501,0.43831944497911157,0.004577909919290912
1980-03-19,1.57161,0.4521005716241487,0.013781126645037112
1980-03-20,1.56474,0.4477196760050006,-0.004380895619148062
1980-03-21,1.60069,0.4704347862841798,0.022715110279179163
1980-03-24,1.55737,0.44299850110119626,-0.027436285182983522
1980-03-25,1.5501,0.43831944497911157,-0.0046790561220846905
1980-03-26,1.56474,0.4477196760050006,0.00940023102588905
1980-03-27,1.5501,0.43831944497911157,-0.00940023102588905
1980-03-28,1.53575,0.4290188610618997,-0.009300583917211891
1980-03-31,1.57888,0.4567157349188002,0.027696873856900506
1980-04-01,1.56474,0.4477196760050006,-0.008996058913799565
1980-04-02,1.62211,0.48372777090296565,0.036008094897965026
1980-04-03,1.68008,0.5188414113290357,0.03511364042607007
1980-04-07,1.69442,0.527340499383634,0.008499088054598314
1980-04-08,1.66544,0.5100893527850212,-0.01725114659861282
1980-04-09,1.64422,0.49726610763223544,-0.012823245152785767
1980-04-10,1.68008,0.5188414113290357,0.021575303696800274
1980-04-11,1.68008,0.5188414113290357,0.0
1980-04-14,1.6729,0.514558647355098,-0.0042827639739376755
1980-04-15,1.62958,0.4883223129047285,-0.026236334450369547
1980-04-16,1.65826,0.5057688598591369,0.017446546954408393
1980-04-17,1.62958,0.4883223129047285,-0.017446546954408393
1980-04-18,1.62211,0.48372777090296565,-0.004594542001762847
1980-04-21,1.57888,0.4567157349188002,-0.02701203598416546
1980-04-22,1.62958,0.4883223129047285,0.03160657798592831
1980-04-23,1.62958,0.4883223129047285,0.0
1980-04-24,1.62211,0.48372777090296565,-0.004594542001762847
1980-04-25,1.60069,0.4704347862841798,-0.013292984618785864
1980-04-28,1.62958,0.4883223129047285,0.01788752662054871
1980-04-29,1.63646,0.49253537225280053,0.004213059348072035
1980-04-30,1.651,0.501381164937991,0.008845792685190479
1980-05-01,1.68008,0.5188414113290357,0.01746024639104471
1980-05-02,1.7014,0.531451441559647,0.012610030230611247
1980-05-05,1.78794,0.5810641191412923,0.04961267758164534
1980-05-06,1.75936,0.5649501065546891,-0.016114012586603166
1980-05-07,1.78794,0.5810641191412923,0.016114012586603166
1980-05-08,1.78794,0.5810641191412923,0.0
1980-05-09,1.7738,0.573124137960215,-0.007939981181077305
1980-05-12,1.76634,0.5689096091324299,-0.004214528827785058
1980-05-13,1.75936,0.5649501065546891,-0.003959502577740803
1980-05-14,1.76634,0.5689096091324299,0.003959502577740803
1980-05-15,1.75936,0.5649501065546891,-0.003959502577740803
1980-05-16,1.75936,0.5649501065546891,0.0
1980-05-19,1.79542,0.5852389778573303,0.02028887130264112
1980-05-20,1.75936,0.5649501065546891,-0.02028887130264112
1980-05-21,1.75189,0.5606952051549868,-0.004254901399702304
1980-05-22,1.76634,0.5689096091324299,0.008214403977443108
1980-05-23,1.78794,0.5810641191412923,0.012154510008862363
1980-05-27,1.7738,0.573124137960215,-0.007939981181077305
1980-05-28,1.80248,0.5891634944149933,0.016039356454778275
1980-05-29,1.78106,0.5772086926788635,-0.011954801736129728
1980-05-30,1.7738,0.573124137960215,-0.004084554718648548
1980-06-02,1.75936,0.5649501065546891,-0.008174031405525861
1980-06-03,1.7738,0.573124137960215,0.008174031405525861
1980-06-04,1.81712,0.5972528301611991,0.024128692200984125
1980-06-05,1.81712,0.5972528301611991,0.0
1980-06-06,1.90348,0.6436837898243549,0.0464309596631558
1980-06-09,1.81712,0.5972528301611991,-0.0464309596631558
1980-06-10,1.83854,0.6089717783895237,0.011718948228324533
1980-06-11,1.8742,0.6281819017075863,0.0192101233180626
1980-06-12,1.86762,0.6246648929885534,-0.0035170087190328214
1980-06-13,1.94651,0.6660380254813263,0.04137313249277286
1980-06-16,1.88186,0.6322606494482652,-0.03377737603306108
1980-06-17,1.88186,0.6322606494482652,0.0
1980-06-18,1.83854,0.6089717783895237,-0.023288871058741556
1980-06-19,1.78106,0.5772086926788635,-0.03176308571066011
1980-06-20,1.76634,0.5689096091324299,-0.008299083546433605
1980-06-23,1.75936,0.5649501065546891,-0.003959502577740803
1980-06-24,1.81712,0.5972528301611991,0.03230272360650999
1980-06-25,1.81712,0.5972528301611991,0.0
1980-06-26,1.81712,0.5972528301611991,0.0
1980-06-27,1.81712,0.5972528301611991,0.0
1980-06-30,1.81712,0.5972528301611991,0.0
1980-07-01,1.81712,0.5972528301611991,0.0
1980-07-02,1.81712,0.5972528301611991,0.0
1980-07-03,1.824,0.6010318916521397,0.0037790614909405384
1980-07-07,1.824,0.6010318916521397,0.0
1980-07-08,1.824,0.6010318916521397,0.0
1980-07-09,1.81712,0.5972528301611991,-0.0037790614909405384
1980-07-10,1.83854,0.6089717783895237,0.011718948228324533
1980-07-11,1.83854,0.6089717783895237,0.0
1980-07-14,1.90348,0.6436837898243549,0.03471201143483127
1980-07-15,1.88186,0.6322606494482652,-0.011423140376089713
1980-07-16,1.91066,0.6474487321081974,0.015188082659932212
1980-07-17,1.91772,0.6511369804028808,0.003688248294683394
1980-07-18,1.93964,0.6625023888452395,0.011365408442358671
1980-07-21,2.03326,0.7096404162870069,0.04713802744176743
1980-07-22,1.96096,0.6734341492499254,-0.03620626703708152
1980-07-23,1.91066,0.6474487321081974,-0.025985417141727973
1980-07-24,1.91772,0.6511369804028808,0.003688248294683394
1980-07-25,1.89631,0.6399098925775215,-0.011227087825359305
1980-07-28,1.88186,0.6322606494482652,-0.0076492431292563
1980-07-29,1.88914,0.6361216990605723,0.0038610496123070437
1980-07-30,1.89631,0.6399098925775215,0.0037881935169492564
1980-07-31,1.89631,0.6399098925775215,0.0
1980-08-01,1.88186,0.6322606494482652,-0.0076492431292563
1980-08-04,1.86762,0.6246648929885534,-0.007595756459711778
1980-08-05,1.83854,0.6089717783895237,-0.015693114599029778
1980-08-06,1.85259,0.6165846600039407,0.0076128816144170885
1980-08-07,1.88186,0.6322606494482652,0.015675989444324467
1980-08-08,1.86762,0.6246648929885534,-0.007595756459711778
1980-08-11,1.86026,0.6207162629023412,-0.003948630086212268
1980-08-12,1.86762,0.6246648929885534,0.003948630086212268
1980-08-13,1.85259,0.6165846600039407,-0.00808023298461269
1980-08-14,1.86026,0.6207162629023412,0.004131602898400422
1980-08-15,1.90348,0.6436837898243549,0.02296752692201376
1980-08-18,1.88186,0.6322606494482652,-0.011423140376089713
1980-08-19,1.8742,0.6281819017075863,-0.004078747740678956
1980-08-20,1.86762,0.6246648929885534,-0.0035170087190328214
1980-08-21,1.8742,0.6281819017075863,0.0035170087190328214
1980-08-22,1.88186,0.6322606494482652,0.004078747740678956
1980-08-25,1.88186,0.6322606494482652,0.0
1980-08-26,1.90348,0.6436837898243549,0.011423140376089713
1980-08-27,1.86762,0.6246648929885534,-0.01901889683580149
1980-08-28,1.84591,0.6129723808293038,-0.011692512159249602
1980-08-29,1.86026,0.6207162629023412,0.007743882073037334
1980-09-02,1.88914,0.6361216990605723,0.01540543615823109
1980-09-03,1.95378,0.6697659577220336,0.03364425866146137
1980-09-04,1.93207,0.6585919670180254,-0.011173990704008263
1980-09-05,1.91772,0.6511369804028808,-0.007454986615144543
1980-09-08,1.93207,0.6585919670180254,0.007454986615144543
1980-09-09,1.88914,0.6361216990605723,-0.022470267957453105
1980-09-10,1.90348,0.6436837898243549,0.0075620907637826695
1980-09-11,1.93964,0.6625023888452395,0.018818599020884563
1980-09-12,1.93207,0.6585919670180254,-0.003910421827214128
1980-09-15,1.94651,0.6660380254813263,0.007446058463300931
1980-09-16,1.93207,0.6585919670180254,-0.007446058463300931
1980-09-17,1.93964,0.6625023888452395,0.003910421827214128
1980-09-18,1.94651,0.6660380254813263,0.003535636636086803
1980-09-19,1.93964,0.6625023888452395,-0.003535636636086803
1980-09-22,1.93207,0.6585919670180254,-0.003910421827214128
1980-09-23,1.93964,0.6625023888452395,0.003910421827214128
1980-09-24,1.92529,0.655076605743923,-0.007425783101316474
1980-09-25,1.89631,0.6399098925775215,-0.015166713166401502
1980-09-26,1.80956,0.5930837218029654,-0.046826170774556086
1980-09-29,1.78106,0.5772086926788635,-0.01587502912410188
1980-09-30,1.79542,0.5852389778573303,0.008030285178466712
1980-10-01,1.78106,0.5772086926788635,-0.008030285178466712
1980-10-02,1.80956,0.5930837218029654,0.01587502912410188
1980-10-03,1.83854,0.6089717783895237,0.01588805658655823
1980-10-06,1.86026,0.6207162629023412,0.01174448451281751
1980-10-07,1.86762,0.6246648929885534,0.003948630086212268
1980-10-08,1.86762,0.6246648929885534,0.0
1980-10-09,1.8742,0.6281819017075863,0.0035170087190328214
1980-10-10,1.8742,0.6281819017075863,0.0
1980-10-13,1.88914,0.6361216990605723,0.007939797352986
1980-10-14,1.88914,0.6361216990605723,0.0
1980-10-15,1.86026,0.6207162629023412,-0.01540543615823109
1980-10-16,1.86762,0.6246648929885534,0.003948630086212268
1980-10-17,1.86762,0.6246648929885534,0.0
1980-10-20,1.86762,0.6246648929885534,0.0
1980-10-21,1.86762,0.6246648929885534,0.0
1980-10-22,1.86026,0.6207162629023412,-0.003948630086212268
1980-10-23,1.84591,0.6129723808293038,-0.007743882073037334
1980-10-24,1.84591,0.6129723808293038,0.0
1980-10-27,1.86026,0.6207162629023412,0.007743882073037334
1980-10-28,1.86762,0.6246648929885534,0.003948630086212268
1980-10-29,1.86762,0.6246648929885534,0.0
1980-10-30,1.86762,0.6246648929885534,0.0
1980-10-31,1.86762,0.6246648929885534,0.0
1980-11-03,1.86026,0.6207162629023412,-0.003948630086212268
1980-11-05,1.86026,0.6207162629023412,0.0
1980-11-06,1.80248,0.5891634944149933,-0.03155276848734789
1980-11-07,1.80248,0.5891634944149933,0.0
1980-11-10,1.81712,0.5972528301611991,0.00808933574620585
1980-11-11,1.83854,0.6089717783895237,0.011718948228324533
1980-11-12,1.86762,0.6246648929885534,0.015693114599029778
1980-11-13,1.90348,0.6436837898243549,0.01901889683580149
1980-11-14,1.91066,0.6474487321081974,0.0037649422838424984
1980-11-17,1.86026,0.6207162629023412,-0.026732469205856257
1980-11-18,1.86026,0.6207162629023412,0.0
1980-11-19,1.81712,0.5972528301611991,-0.023463432741142043
1980-11-20,1.80956,0.5930837218029654,-0.004169108358233697
1980-11-21,1.78106,0.5772086926788635,-0.01587502912410188
1980-11-24,1.78794,0.5810641191412923,0.003855426462428757
1980-11-25,1.79542,0.5852389778573303,0.004174858716037955
1980-11-26,1.78794,0.5810641191412923,-0.004174858716037955
1980-11-28,1.78794,0.5810641191412923,0.0
1980-12-01,1.76634,0.5689096091324299,-0.012154510008862363
1980-12-02,1.7738,0.573124137960215,0.004214528827785058
1980-12-03,1.75936,0.5649501065546891,-0.008174031405525861
1980-12-04,1.78106,0.5772086926788635,0.012258586124174409
1980-12-05,1.75936,0.5649501065546891,-0.012258586124174409
1980-12-08,1.76634,0.5689096091324299,0.003959502577740803
1980-12-09,1.75189,0.5606952051549868,-0.008214403977443108
1980-12-10,1.75936,0.5649501065546891,0.004254901399702304
1980-12-11,1.75936,0.5649501065546891,0.0
1980-12-12,1.75189,0.5606952051549868,-0.004254901399702304
1980-12-15,1.75936,0.5649501065546891,0.004254901399702304
1980-12-16,1.78106,0.5772086926788635,0.012258586124174409
1980-12-17,1.83854,0.6089717783895237,0.03176308571066011
1980-12-18,1.88914,0.6361216990605723,0.0271499206710486
1980-12-19,1.88914,0.6361216990605723,0.0
1980-12-22,1.91772,0.6511369804028808,0.015015281342308562
1980-12-23,1.88914,0.6361216990605723,-0.015015281342308562
1980-12-24,1.89631,0.6399098925775215,0.0037881935169492564
1980-12-26,1.88914,0.6361216990605723,-0.0037881935169492564
1980-12-29,1.88914,0.6361216990605723,0.0
1980-12-30,1.88914,0.6361216990605723,0.0
1980-12-31,1.93207,0.6585919670180254,0.022470267957453105
1981-01-02,1.94651,0.6660380254813263,0.007446058463300931
1981-01-05,2.05468,0.7201201180613713,0.05408209258004504
1981-01-06,2.02589,0.7060091101767938,-0.014111007884577531
1981-01-07,1.97579,0.6809683183744121,-0.025040791802381723
1981-01-08,1.99691,0.6916009858167012,0.010632667442289079
1981-01-09,2.06195,0.7236521369981544,0.0320511511814533
1981-01-12,2.11972,0.7512840044894898,0.027631867491335393
1981-01-13,2.13425,0.7581152969082788,0.006831292418788992
1981-01-14,2.14851,0.7647745786321345,0.006659281723855659
1981-01-15,2.18437,0.781327457453155,0.016552878821020522
1981-01-16,2.19183,0.7847368113337189,0.003409353880563848
1981-01-19,2.15557,0.7680551897415391,-0.016681621592179785
1981-01-20,2.14143,0.7614738301703782,-0.006581359571160905
1981-01-21,2.11245,0.7478484113300319,-0.013625418840346293
1981-01-22,2.11245,0.7478484113300319,0.0
1981-01-23,2.11972,0.7512840044894898,0.0034355931594579614
1981-01-26,2.08347,0.7340347729286146,-0.01724923156087521
1981-01-27,2.11245,0.7478484113300319,0.01381363840141725
1981-01-28,2.09791,0.7409416110558666,-0.006906800274165237
1981-01-29,2.08347,0.7340347729286146,-0.006906838127252013
1981-01-30,2.07679,0.7308234324158871,-0.003211340512727534
1981-02-02,2.06195,0.7236521369981544,-0.007171295417732648
1981-02-03,2.15557,0.7680551897415391,0.04440305274338463
1981-02-04,2.13425,0.7581152969082788,-0.009939892833260244
1981-02-05,2.17778,0.7783060093078947,0.020190712399615895
1981-02-06,2.11972,0.7512840044894898,-0.027022004818404888
1981-02-09,2.14143,0.7614738301703782,0.010189825680888331
1981-02-10,2.19891,0.7879617830406567,0.026487952870278497
1981-02-11,2.19891,0.7879617830406567,0.0
1981-02-12,2.23535,0.8043978153576749,0.01643603231701818
1981-02-13,2.21354,0.7945930439551754,-0.009804771402499468
1981-02-17,2.21354,0.7945930439551754,0.0
1981-02-18,2.21354,0.7945930439551754,0.0
1981-02-19,2.19891,0.7879617830406567,-0.006631260914518711
1981-02-20,2.22071,0.7978269645725509,0.009865181531894196
1981-02-23,2.24213,0.8074263069118724,0.009599342339321582
1981-02-24,2.24213,0.8074263069118724,0.0
1981-02-25,2.28545,0.8265629414993823,0.019136634587509804
1981-02-26,2.29989,0.8328612957044437,0.006298354205061418
1981-02-27,2.29293,0.8298304757168093,-0.0030308199876343256
1981-03-02,2.27848,0.8235085539786458,-0.006321921738163594
1981-03-03,2.26385,0.8170669037290545,-0.006441650249591202
1981-03-04,2.28545,0.8265629414993823,0.009496037770327703
1981-03-05,2.28545,0.8265629414993823,0.0
1981-03-06,2.27848,0.8235085539786458,-0.003054387520736501
1981-03-09,2.26385,0.8170669037290545,-0.006441650249591202
1981-03-10,2.29989,0.8328612957044437,0.01579439197538912
1981-03-11,2.29293,0.8298304757168093,-0.0030308199876343256
1981-03-12,2.29989,0.8328612957044437,0.0030308199876343256
1981-03-13,2.33565,0.8482902249734062,0.015428929268962555
1981-03-16,2.37191,0.8636955377512198,0.01540531277781354
1981-03-17,2.39362,0.8728068643780863,0.009111326626866534
1981-03-18,2.43685,0.8907062216613207,0.01789935728323444
1981-03-19,2.44441,0.8938037850137277,0.0030975633524069623
1981-03-20,2.42221,0.884680346574534,-0.00912343843919372
1981-03-23,2.39362,0.8728068643780863,-0.011873482196447682
1981-03-24,2.39362,0.8728068643780863,0.0
1981-03-25,2.40069,0.8757561960336945,0.0029493316556081783
1981-03-26,2.39362,0.8728068643780863,-0.0029493316556081783
1981-03-27,2.36493,0.8607484231971897,-0.012058441180896606
1981-03-30,2.39362,0.8728068643780863,0.012058441180896606
1981-03-31,2.40816,0.8788629704219155,0.006056106043829224
1981-04-01,2.45119,0.8965736209213486,0.0177106504994331
1981-04-02,2.41543,0.881877325085062,-0.014696295836286621
1981-04-03,2.40069,0.8757561960336945,-0.006121129051367524
1981-04-06,2.39362,0.8728068643780863,-0.0029493316556081783
1981-04-07,2.40069,0.8757561960336945,0.0029493316556081783
1981-04-08,2.40816,0.8788629704219155,0.0031067743882210452
1981-04-09,2.43685,0.8907062216613207,0.011843251239405217
1981-04-10,2.45119,0.8965736209213486,0.0058673992600278835
1981-04-13,2.42221,0.884680346574534,-0.011893274346814642
1981-04-14,2.43685,0.8907062216613207,0.006025875086786758
1981-04-15,2.45119,0.8965736209213486,0.0058673992600278835
1981-04-16,2.48027,0.908367425218619,0.011793804297270394
1981-04-20,2.49501,0.9142927372114821,0.005925311992863058
1981-04-21,2.50169,0.9169665034890748,0.0026737662775927484
1981-04-22,2.49501,0.9142927372114821,-0.0026737662775927484
1981-04-23,2.50169,0.9169665034890748,0.0026737662775927484
1981-04-24,2.53794,0.9313527283508125,0.014386224861737684
1981-04-27,2.53067,0.9284840898146244,-0.0028686385361881284
1981-04-28,2.55946,0.9397962987410277,0.011312208926403278
1981-04-29,2.51623,0.9227617496044589,-0.017034549136568766
1981-04-30,2.47291,0.9053955948321515,-0.017366154772307407
1981-05-01,2.43685,0.8907062216613207,-0.014689373170830744
1981-05-04,2.42221,0.884680346574534,-0.006025875086786758
1981-05-05,2.39362,0.8728068643780863,-0.011873482196447682
1981-05-06,2.34361,0.851692475619144,-0.021114388758942337
1981-05-07,2.35767,0.8576738432119742,0.005981367592830189
1981-05-08,2.38635,0.8697650019372214,0.012091158725247242
1981-05-11,2.37937,0.8668357467602446,-0.0029292551769768416
1981-05-12,2.34361,0.851692475619144,-0.01514327114110059
1981-05-13,2.37191,0.8636955377512198,0.012003062132075804
1981-05-14,2.39362,0.8728068643780863,0.009111326626866534
1981-05-15,2.37937,0.8668357467602446,-0.005971117617841748
1981-05-18,2.42221,0.884680346574534,0.01784459981428943
1981-05-19,2.51623,0.9227617496044589,0.03808140302992491
1981-05-20,2.49501,0.9142927372114821,-0.008469012392976816
1981-05-21,2.48705,0.9110972691628009,-0.003195468048681205
1981-05-22,2.5738,0.9453834060774273,0.03428613691462645
1981-05-26,2.58127,0.9482815258812082,0.002898119803780852
1981-05-27,2.5738,0.9453834060774273,-0.002898119803780852
1981-05-28,2.58844,0.9510553776436149,0.005671971566187595
1981-05-29,2.61035,0.9594843119609103,0.008428934317295411
1981-06-01,2.63118,0.9674324147692641,0.007948102808353785
1981-06-02,2.63118,0.9674324147692641,0.0
1981-06-03,2.59542,0.9537483532325831,-0.013684061536681003
1981-06-04,2.5738,0.9453834060774273,-0.008364947155155789
1981-06-05,2.58844,0.9510553776436149,0.005671971566187595
1981-06-08,2.58844,0.9510553776436149,0.0
1981-06-09,2.54541,0.9342917372237066,-0.0167636404199083
1981-06-10,2.60278,0.9565801045765894,0.022288367352882754
1981-06-11,2.71792,0.9998668818888639,0.04328677731227448
1981-06-12,2.75438,1.0131923719063174,0.013325490017453534
1981-06-15,2.7753,1.0207588494632456,0.007566477556928186
1981-06-16,2.79014,1.0260917737858093,0.005332924322563715
1981-06-17,2.76842,1.0182767603490146,-0.007815013436794693
1981-06-18,2.6965,0.9919546357951446,-0.026322124553869952
1981-06-19,2.68934,0.9892958103498858,-0.002658825445258861
1981-06-22,2.63894,0.970377321377918,-0.018918488971967795
1981-06-23,2.64611,0.9730906370130941,0.0027133156351760723
1981-06-24,2.66036,0.9784614519820646,0.0053708149689705165
1981-06-25,2.63894,0.970377321377918,-0.008084130604146589
1981-06-26,2.61035,0.9594843119609103,-0.01089300941700766
1981-06-29,2.6247,0.9649666037981914,0.005482291837281106
1981-06-30,2.61703,0.9620400869901368,-0.002926516808054669
1981-07-01,2.61703,0.9620400869901368,0.0
1981-07-02,2.60278,0.9565801045765894,-0.005459982413547393
1981-07-06,2.50169,0.9169665034890748,-0.03961360108751455
1981-07-07,2.45119,0.8965736209213486,-0.0203928825677262
1981-07-08,2.49501,0.9142927372114821,0.017719116290133452
1981-07-09,2.55946,0.9397962987410277,0.025503561529545582
1981-07-10,2.53067,0.9284840898146244,-0.011312208926403278
1981-07-13,2.47291,0.9053955948321515,-0.023088494982472896
1981-07-14,2.42221,0.884680346574534,-0.020715248257617502
1981-07-15,2.47291,0.9053955948321515,0.020715248257617502
1981-07-16,2.44441,0.8938037850137277,-0.011591809818423782
1981-07-17,2.45119,0.8965736209213486,0.002769835907620921
1981-07-20,2.39362,0.8728068643780863,-0.023766756543262324
1981-07-21,2.37191,0.8636955377512198,-0.009111326626866534
1981-07-22,2.37191,0.8636955377512198,0.0
1981-07-23,2.37191,0.8636955377512198,0.0
1981-07-24,2.41543,0.881877325085062,0.018181787333842236
1981-07-27,2.45119,0.8965736209213486,0.014696295836286621
1981-07-28,2.41543,0.881877325085062,-0.014696295836286621
1981-07-29,2.42221,0.884680346574534,0.0028030214894719796
1981-07-30,2.41543,0.881877325085062,-0.0028030214894719796
1981-07-31,2.42221,0.884680346574534,0.0028030214894719796
1981-08-03,2.37937,0.8668357467602446,-0.01784459981428943
1981-08-04,2.30737,0.8361083477796549,-0.030727398980589626
1981-08-05,2.35767,0.8576738432119742,0.021565495432319226
1981-08-06,2.37937,0.8668357467602446,0.0091619035482704
1981-08-07,2.39362,0.8728068643780863,0.005971117617841748
1981-08-10,2.40069,0.8757561960336945,0.0029493316556081783
1981-08-11,2.45876,0.899657157820131,0.023900961786436525
1981-08-12,2.49501,0.9142927372114821,0.014635579391351072
1981-08-13,2.50169,0.9169665034890748,0.0026737662775927484
1981-08-14,2.53067,0.9284840898146244,0.011517586325549556
1981-08-17,2.45119,0.8965736209213486,-0.031910468893275756
1981-08-18,2.41543,0.881877325085062,-0.014696295836286621
1981-08-19,2.39362,0.8728068643780863,-0.009070460706975703
1981-08-20,2.42221,0.884680346574534,0.011873482196447682
1981-08-21,2.41543,0.881877325085062,-0.0028030214894719796
1981-08-24,2.35767,0.8576738432119742,-0.02420348187308785
1981-08-25,2.31424,0.8390813399015105,-0.018592503310463693
1981-08-26,2.31424,0.8390813399015105,0.0
1981-08-27,2.32141,0.8421747596884331,0.00309341978692268
1981-08-28,2.35767,0.8576738432119742,0.015499083523541013
1981-08-31,2.34361,0.851692475619144,-0.005981367592830189
1981-09-01,2.32141,0.8421747596884331,-0.009517715930710824
1981-09-02,2.32141,0.8421747596884331,0.0
1981-09-03,2.22071,0.7978269645725509,-0.04434779511588227
1981-09-04,2.20597,0.7911673214641345,-0.00665964310841638
1981-09-08,2.16992,0.7746903005133402,-0.016477020950794286
1981-09-09,2.13425,0.7581152969082788,-0.016575003605061367
1981-09-10,2.19891,0.7879617830406567,0.029846486132377836
1981-09-11,2.29293,0.8298304757168093,0.041868692676152675
1981-09-14,2.26385,0.8170669037290545,-0.012763571987754796
1981-09-15,2.25677,0.8139345874588402,-0.0031323162702143748
1981-09-16,2.26385,0.8170669037290545,0.0031323162702143748
1981-09-17,2.22071,0.7978269645725509,-0.019239939156503683
1981-09-18,2.26385,0.8170669037290545,0.019239939156503683
1981-09-21,2.33565,0.8482902249734062,0.031223321244351676
1981-09-22,2.29293,0.8298304757168093,-0.01845974925659688
1981-09-23,2.29293,0.8298304757168093,0.0
1981-09-24,2.26385,0.8170669037290545,-0.012763571987754796
1981-09-25,2.26385,0.8170669037290545,0.0
1981-09-28,2.22759,0.8009202835870102,-0.016146620142044377
1981-09-29,2.23535,0.8043978153576749,0.003477531770664677
1981-09-30,2.23535,0.8043978153576749,0.0
1981-10-01,2.29293,0.8298304757168093,0.025432660359134496
1981-10-02,2.34361,0.851692475619144,0.021861999902334617
1981-10-05,2.37191,0.8636955377512198,0.012003062132075804
1981-10-06,2.36493,0.8607484231971897,-0.0029471145540300725
1981-10-07,2.40069,0.8757561960336945,0.015007772836504785
1981-10-08,2.48027,0.908367425218619,0.03261122918492454
1981-10-09,2.53067,0.9284840898146244,0.020116664596005362
1981-10-12,2.52321,0.9255319004400897,-0.002952189374534675
1981-10-13,2.55228,0.936987077332317,0.011455176892227303
1981-10-14,2.51623,0.9227617496044589,-0.014225327727858117
1981-10-15,2.50169,0.9169665034890748,-0.005795246115384067
1981-10-16,2.48027,0.908367425218619,-0.008599078270455807
1981-10-19,2.47291,0.9053955948321515,-0.0029718303864675333
1981-10-20,2.45876,0.899657157820131,-0.005738437012020481
1981-10-21,2.42987,0.8878377579790043,-0.011819399841126677
1981-10-22,2.41543,0.881877325085062,-0.0059604328939423246
1981-10-23,2.42221,0.884680346574534,0.0028030214894719796
1981-10-26,2.45119,0.8965736209213486,0.011893274346814642
1981-10-27,2.47291,0.9053955948321515,0.00882197391080286
1981-10-28,2.49501,0.9142927372114821,0.008897142379330591
1981-10-29,2.49501,0.9142927372114821,0.0
1981-10-30,2.53067,0.9284840898146244,0.014191352603142304
1981-11-02,2.54541,0.9342917372237066,0.005807647409082239
1981-11-03,2.54541,0.9342917372237066,0.0
1981-11-04,2.53067,0.9284840898146244,-0.005807647409082239
1981-11-05,2.56673,0.942632715211773,0.014148625397148673
1981-11-06,2.61035,0.9594843119609103,0.016851596749137276
1981-11-09,2.63118,0.9674324147692641,0.007948102808353785
1981-11-10,2.66762,0.9811866891238273,0.013754274354563223
1981-11-11,2.66762,0.9811866891238273,0.0
1981-11-12,2.61035,0.9594843119609103,-0.021702377162917008
1981-11-13,2.53794,0.9313527283508125,-0.02813158361009782
1981-11-16,2.50169,0.9169665034890748,-0.014386224861737684
1981-11-17,2.47291,0.9053955948321515,-0.01157090865692334
1981-11-18,2.45119,0.8965736209213486,-0.00882197391080286
1981-11-19,2.43685,0.8907062216613207,-0.0058673992600278835
1981-11-20,2.47291,0.9053955948321515,0.014689373170830744
1981-11-23,2.47291,0.9053955948321515,0.0
1981-11-24,2.49501,0.9142927372114821,0.008897142379330591
1981-11-25,2.55228,0.936987077332317,0.022694340120834933
1981-11-27,2.53067,0.9284840898146244,-0.008502987517692628
1981-11-30,2.52321,0.9255319004400897,-0.002952189374534675
1981-12-01,2.50906,0.9199081810082764,-0.005623719431813279
1981-12-02,2.45119,0.8965736209213486,-0.023334560086927802
1981-12-03,2.45119,0.8965736209213486,0.0
1981-12-04,2.49501,0.9142927372114821,0.017719116290133452
1981-12-07,2.46593,0.9025690182889772,-0.0117237189225049
1981-12-08,2.45119,0.8965736209213486,-0.005995397367628552
1981-12-09,2.45119,0.8965736209213486,0.0
1981-12-10,2.44441,0.8938037850137277,-0.002769835907620921
1981-12-11,2.43685,0.8907062216613207,-0.0030975633524069623
1981-12-14,2.39362,0.8728068643780863,-0.01789935728323444
1981-12-15,2.40816,0.8788629704219155,0.006056106043829224
1981-12-16,2.37937,0.8668357467602446,-0.012027223661670972
1981-12-17,2.40069,0.8757561960336945,0.008920449273449926
1981-12-18,2.42987,0.8878377579790043,0.012081561945309849
1981-12-21,2.42221,0.884680346574534,-0.003157411404470345
1981-12-22,2.41543,0.881877325085062,-0.0028030214894719796
1981-12-23,2.41543,0.881877325085062,0.0
1981-12-24,2.42221,0.884680346574534,0.0028030214894719796
1981-12-28,2.43685,0.8907062216613207,0.006025875086786758
1981-12-29,2.43685,0.8907062216613207,0.0
1981-12-30,2.43685,0.8907062216613207,0.0
1981-12-31,2.47291,0.9053955948321515,0.014689373170830744
1982-01-04,2.45876,0.899657157820131,-0.005738437012020481
1982-01-05,2.42987,0.8878377579790043,-0.011819399841126677
1982-01-06,2.37937,0.8668357467602446,-0.021002011218759775
1982-01-07,2.34361,0.851692475619144,-0.01514327114110059
1982-01-08,2.35059,0.8546663604746056,0.0029738848554616837
1982-01-11,2.29293,0.8298304757168093,-0.0248358847577963
1982-01-12,2.25677,0.8139345874588402,-0.01589588825796917
1982-01-13,2.19891,0.7879617830406567,-0.025972804418183504
1982-01-14,2.18437,0.781327457453155,-0.006634325587501655
1982-01-15,2.23535,0.8043978153576749,0.023070357904519834
1982-01-18,2.25677,0.8139345874588402,0.009536772101165325
1982-01-19,2.22759,0.8009202835870102,-0.013014303871830002
1982-01-20,2.22071,0.7978269645725509,-0.003093319014459306
1982-01-21,2.21354,0.7945930439551754,-0.0032339206173754853
1982-01-22,2.16992,0.7746903005133402,-0.01990274344183518
1982-01-25,2.15557,0.7680551897415391,-0.006635110771801123
1982-01-26,2.13425,0.7581152969082788,-0.009939892833260244
1982-01-27,2.14851,0.7647745786321345,0.006659281723855659
1982-01-28,2.22071,0.7978269645725509,0.03305238594041637
1982-01-29,2.27121,0.8203127291257196,0.022485764553168752
1982-02-01,2.22071,0.7978269645725509,-0.022485764553168752
1982-02-02,2.22071,0.7978269645725509,0.0
1982-02-03,2.20597,0.7911673214641345,-0.00665964310841638
1982-02-04,2.22071,0.7978269645725509,0.00665964310841638
1982-02-05,2.32878,0.8453445252983482,0.04751756072579738
1982-02-08,2.27121,0.8203127291257196,-0.02503179617262863
1982-02-09,2.27121,0.8203127291257196,0.0
1982-02-10,2.32878,0.8453445252983482,0.02503179617262863
1982-02-11,2.40069,0.8757561960336945,0.03041167073534623
1982-02-12,2.40816,0.8788629704219155,0.0031067743882210452
1982-02-16,2.36493,0.8607484231971897,-0.01811454722472583
1982-02-17,2.35767,0.8576738432119742,-0.003074579985215542
1982-02-18,2.37937,0.8668357467602446,0.0091619035482704
1982-02-19,2.41543,0.881877325085062,0.01504157832481745
1982-02-22,2.42987,0.8878377579790043,0.0059604328939423246
1982-02-23,2.45119,0.8965736209213486,0.008735862942344297
1982-02-24,2.47291,0.9053955948321515,0.00882197391080286
1982-02-25,2.52321,0.9255319004400897,0.02013630560793822
1982-02-26,2.50169,0.9169665034890748,-0.00856539695101488
1982-03-01,2.53067,0.9284840898146244,0.011517586325549556
1982-03-02,2.53794,0.9313527283508125,0.0028686385361881284
1982-03-03,2.51623,0.9227617496044589,-0.008590978746353617
1982-03-04,2.48027,0.908367425218619,-0.014394324385839874
1982-03-05,2.48705,0.9110972691628009,0.0027298439441818534
1982-03-08,2.53067,0.9284840898146244,0.01738682065182351
1982-03-09,2.45119,0.8965736209213486,-0.031910468893275756
1982-03-10,2.43685,0.8907062216613207,-0.0058673992600278835
1982-03-11,2.42221,0.884680346574534,-0.006025875086786758
1982-03-12,2.35767,0.8576738432119742,-0.02700650336255983
1982-03-15,2.34361,0.851692475619144,-0.005981367592830189
1982-03-16,2.32141,0.8421747596884331,-0.009517715930710824
1982-03-17,2.31424,0.8390813399015105,-0.00309341978692268
1982-03-18,2.29293,0.8298304757168093,-0.009250864184701113
1982-03-19,2.31424,0.8390813399015105,0.009250864184701113
1982-03-22,2.31424,0.8390813399015105,0.0
1982-03-23,2.33565,0.8482902249734062,0.009208885071895767
1982-03-24,2.31424,0.8390813399015105,-0.009208885071895767
1982-03-25,2.29989,0.8328612957044437,-0.0062200441970667875
1982-03-26,2.30737,0.8361083477796549,0.003247052075211254
1982-03-29,2.26385,0.8170669037290545,-0.019041444050600376
1982-03-30,2.26385,0.8170669037290545,0.0
1982-03-31,2.29293,0.8298304757168093,0.012763571987754796
1982-04-01,2.29293,0.8298304757168093,0.0
1982-04-02,2.37937,0.8668357467602446,0.037005271043435206
1982-04-05,2.35767,0.8576738432119742,-0.0091619035482704
1982-04-06,2.37937,0.8668357467602446,0.0091619035482704
1982-04-07,2.39362,0.8728068643780863,0.005971117617841748
1982-04-08,2.45119,0.8965736209213486,0.023766756543262324
1982-04-12,2.45119,0.8965736209213486,0.0
1982-04-13,2.44441,0.8938037850137277,-0.002769835907620921
1982-04-14,2.39362,0.8728068643780863,-0.020996920635641403
1982-04-15,2.40069,0.8757561960336945,0.0029493316556081783
1982-04-16,2.37191,0.8636955377512198,-0.012060658282474712
1982-04-19,2.38635,0.8697650019372214,0.006069464186001627
1982-04-20,2.37937,0.8668357467602446,-0.0029292551769768416
1982-04-21,2.42221,0.884680346574534,0.01784459981428943
1982-04-22,2.46593,0.9025690182889772,0.017888671714443194
1982-04-23,2.45119,0.8965736209213486,-0.005995397367628552
1982-04-26,2.45119,0.8965736209213486,0.0
1982-04-27,2.43685,0.8907062216613207,-0.0058673992600278835
1982-04-28,2.41543,0.881877325085062,-0.008828896576258738
1982-04-29,2.35767,0.8576738432119742,-0.02420348187308785
1982-04-30,2.33565,0.8482902249734062,-0.009383618238567926
1982-05-03,2.34361,0.851692475619144,0.0034022506457377366
1982-05-04,2.31424,0.8390813399015105,-0.012611135717633504
1982-05-05,2.31424,0.8390813399015105,0.0
1982-05-06,2.31424,0.8390813399015105,0.0
1982-05-07,2.29989,0.8328612957044437,-0.0062200441970667875
1982-05-10,2.29989,0.8328612957044437,0.0
1982-05-11,2.26385,0.8170669037290545,-0.01579439197538912
1982-05-12,2.23535,0.8043978153576749,-0.0126690883713797
1982-05-13,2.21354,0.7945930439551754,-0.009804771402499468
1982-05-14,2.21354,0.7945930439551754,0.0
1982-05-17,2.21354,0.7945930439551754,0.0
1982-05-18,2.14143,0.7614738301703782,-0.03311921378479721
1982-05-19,2.11972,0.7512840044894898,-0.010189825680888331
1982-05-20,2.16992,0.7746903005133402,0.02340629602385036
1982-05-21,2.17778,0.7783060093078947,0.0036157087945545285
1982-05-24,2.19891,0.7879617830406567,0.00965577373276194
1982-05-25,2.24949,0.8107035238568908,0.022741740816234146
1982-05-26,2.22759,0.8009202835870102,-0.009783240269880644
1982-05-27,2.18437,0.781327457453155,-0.019592826133855157
1982-05-28,2.17778,0.7783060093078947,-0.003021448145260286
1982-06-01,2.07679,0.7308234324158871,-0.04748257689200763
1982-06-02,2.14143,0.7614738301703782,0.030650397754491077
1982-06-03,2.14851,0.7647745786321345,0.00330074846175632
1982-06-04,2.09093,0.7376089430807795,-0.027165635551354983
1982-06-07,2.09093,0.7376089430807795,0.0
1982-06-08,2.15557,0.7680551897415391,0.03044624666075957
1982-06-09,2.14851,0.7647745786321345,-0.0032806111094045853
1982-06-10,2.12699,0.7547078347495965,-0.010066743882538032
1982-06-11,2.22759,0.8009202835870102,0.04621244883741371
1982-06-14,2.17778,0.7783060093078947,-0.022614274279115443
1982-06-15,2.19891,0.7879617830406567,0.00965577373276194
1982-06-16,2.18437,0.781327457453155,-0.006634325587501655
1982-06-17,2.19183,0.7847368113337189,0.003409353880563848
1982-06-18,2.17778,0.7783060093078947,-0.006430802025824134
1982-06-21,2.12699,0.7547078347495965,-0.02359817455829827
1982-06-22,2.14143,0.7614738301703782,0.006765995420781712
1982-06-23,2.12699,0.7547078347495965,-0.006765995420781712
1982-06-24,2.07679,0.7308234324158871,-0.023884402333709365
1982-06-25,2.04053,0.713209578034499,-0.017613854381388072
1982-06-28,2.03326,0.7096404162870069,-0.003569161747492111
1982-06-29,2.03326,0.7096404162870069,0.0
1982-06-30,2.09093,0.7376089430807795,0.027968526793772597
1982-07-01,2.02589,0.7060091101767938,-0.031599832903985714
1982-07-02,2.04053,0.713209578034499,0.007200467857705228
1982-07-06,1.96096,0.6734341492499254,-0.03977542878457363
1982-07-07,1.88914,0.6361216990605723,-0.03731245018935314
1982-07-08,1.88914,0.6361216990605723,0.0
1982-07-09,1.91772,0.6511369804028808,0.015015281342308562
1982-07-12,1.88186,0.6322606494482652,-0.018876330954615606
1982-07-13,1.88914,0.6361216990605723,0.0038610496123070437
1982-07-14,1.86762,0.6246648929885534,-0.011456806072018821
1982-07-15,1.91772,0.6511369804028808,0.026472087414327383
1982-07-16,1.90348,0.6436837898243549,-0.007453190578525892
1982-07-19,1.88914,0.6361216990605723,-0.0075620907637826695
1982-07-20,1.90348,0.6436837898243549,0.0075620907637826695
1982-07-21,1.90348,0.6436837898243549,0.0
1982-07-22,1.88914,0.6361216990605723,-0.0075620907637826695
1982-07-23,1.88186,0.6322606494482652,-0.0038610496123070437
1982-07-26,1.86762,0.6246648929885534,-0.007595756459711778
1982-07-27,1.88914,0.6361216990605723,0.011456806072018821
1982-07-28,1.89631,0.6399098925775215,0.0037881935169492564
1982-07-29,1.88186,0.6322606494482652,-0.0076492431292563
1982-07-30,1.88914,0.6361216990605723,0.0038610496123070437
1982-08-02,1.93964,0.6625023888452395,0.026380689784667233
1982-08-03,1.91066,0.6474487321081974,-0.015053656737042065
1982-08-04,1.90348,0.6436837898243549,-0.0037649422838424984
1982-08-05,1.91772,0.6511369804028808,0.007453190578525892
1982-08-06,1.91066,0.6474487321081974,-0.003688248294683394
1982-08-09,2.00448,0.6953846755001372,0.04793594339193974
1982-08-10,1.94651,0.6660380254813263,-0.02934665001881087
1982-08-11,2.02589,0.7060091101767938,0.03997108469546751
1982-08-12,1.95378,0.6697659577220336,-0.036243152454760175
1982-08-13,1.97579,0.6809683183744121,0.011202360652378451
1982-08-16,1.99691,0.6916009858167012,0.010632667442289079
1982-08-17,2.09093,0.7376089430807795,0.04600795726407836
1982-08-18,2.07679,0.7308234324158871,-0.0067855106648924135
1982-08-19,2.07679,0.7308234324158871,0.0
1982-08-20,2.17778,0.7783060093078947,0.04748257689200763
1982-08-23,2.22071,0.7978269645725509,0.019520955264656137
1982-08-24,2.19183,0.7847368113337189,-0.013090153238832003
1982-08-25,2.21354,0.7945930439551754,0.009856232621456518
1982-08-26,2.19891,0.7879617830406567,-0.006631260914518711
1982-08-27,2.15557,0.7680551897415391,-0.019906593299117592
1982-08-30,2.14143,0.7614738301703782,-0.006581359571160905
1982-08-31,2.15557,0.7680551897415391,0.006581359571160905
1982-09-01,2.09093,0.7376089430807795,-0.03044624666075957
1982-09-02,2.10537,0.7444912236597583,0.006882280578978772
1982-09-03,2.09093,0.7376089430807795,-0.006882280578978772
1982-09-07,2.04053,0.713209578034499,-0.024399365046280486
1982-09-08,2.10537,0.7444912236597583,0.03128164562525926
1982-09-09,2.09093,0.7376089430807795,-0.006882280578978772
1982-09-10,2.04053,0.713209578034499,-0.024399365046280486
1982-09-13,2.04761,0.7166732593557262,0.0034636813212272077
1982-09-14,2.18437,0.781327457453155,0.06465419809742878
1982-09-15,2.27848,0.8235085539786458,0.042181096525490736
1982-09-16,2.34361,0.851692475619144,0.02818392164049821
1982-09-17,2.32141,0.8421747596884331,-0.009517715930710824
1982-09-20,2.28545,0.8265629414993823,-0.015611818189050886
1982-09-21,2.37937,0.8668357467602446,0.0402728052608623
1982-09-22,2.36493,0.8607484231971897,-0.006087323563054858
1982-09-23,2.36493,0.8607484231971897,0.0
1982-09-24,2.32878,0.8453445252983482,-0.015403897898841445
1982-09-27,2.34361,0.851692475619144,0.006347950320795714
1982-09-28,2.41543,0.881877325085062,0.03018484946591804
1982-09-29,2.42987,0.8878377579790043,0.0059604328939423246
1982-09-30,2.45876,0.899657157820131,0.011819399841126677
1982-10-01,2.42987,0.8878377579790043,-0.011819399841126677
1982-10-04,2.42987,0.8878377579790043,0.0
1982-10-05,2.51623,0.9227617496044589,0.034923991625454565
1982-10-06,2.5738,0.9453834060774273,0.022621656472968432
1982-10-07,2.66762,0.9811866891238273,0.035803283046400014
1982-10-08,2.66762,0.9811866891238273,0.0
1982-10-11,2.79014,1.0260917737858093,0.04490508466198195
1982-10-12,2.75438,1.0131923719063174,-0.0128994018794919
1982-10-13,2.6749,0.9839119964716314,-0.02928037543468598
1982-10-14,2.59542,0.9537483532325831,-0.0301636432390483
1982-10-15,2.66762,0.9811866891238273,0.027438335891244225
1982-10-18,2.68934,0.9892958103498858,0.008109121226058447
1982-10-19,2.68934,0.9892958103498858,0.0
1982-10-20,2.83366,1.0415691622999521,0.05227335195006633
1982-10-21,2.83366,1.0415691622999521,0.0
1982-10-22,2.85498,1.0490648378294962,0.00749567552954411
1982-10-25,2.75438,1.0131923719063174,-0.03587246592317883
1982-10-26,2.7253,1.0025785137986754,-0.010613858107642038
1982-10-27,2.86962,1.0541796168241375,0.05160110302546217
1982-10-28,2.79014,1.0260917737858093,-0.02808784303832823
1982-10-29,2.78336,1.0236588309870818,-0.002432942798727522
1982-11-01,2.8481,1.0466521052928555,0.022993274305773692
1982-11-02,2.88406,1.0591990236445734,0.01254691835171795
1982-11-03,2.95587,1.083793023769759,0.024594000125185644
1982-11-04,3.00637,1.1007333709151952,0.01694034714543613
1982-11-05,2.99959,1.0984756126617032,-0.0022577582534919483
1982-11-08,3.00637,1.1007333709151952,0.0022577582534919483
1982-11-09,3.00637,1.1007333709151952,0.0
1982-11-10,3.05707,1.1174569409128103,0.01672356999761515
1982-11-11,3.09303,1.129151192976942,0.01169425206413166
1982-11-12,3.14381,1.1454354401708644,0.016284247193922408
1982-11-15,3.20119,1.1635226156773106,0.01808717550644623
1982-11-16,3.07887,1.1245626465505236,-0.03895996912678701
1982-11-17,3.07887,1.1245626465505236,0.0
1982-11-18,3.07887,1.1245626465505236,0.0
1982-11-19,3.05707,1.1174569409128103,-0.007105705637713289
1982-11-22,2.99193,1.0959186641166214,-0.021538276796188915
1982-11-23,2.95587,1.083793023769759,-0.012125640346862365
1982-11-24,2.93475,1.0766222707764945,-0.007170752993264529
1982-11-26,2.89103,1.0616128400125369,-0.015009430763957665
1982-11-29,2.89103,1.0616128400125369,0.0
1982-11-30,2.86254,1.051709342581852,-0.00990349743068486
1982-12-01,2.94143,1.0788958576569234,0.027186515075071416
1982-12-02,2.95587,1.083793023769759,0.004897166112835638
1982-12-03,2.95587,1.083793023769759,0.0
1982-12-06,3.02131,1.1056905121681095,0.021897488398350484
1982-12-07,2.99193,1.0959186641166214,-0.009771848051488119
1982-12-08,2.92719,1.0740429184830809,-0.021875745633540555
1982-12-09,2.86962,1.0541796168241375,-0.019863301658943344
1982-12-10,2.80497,1.0313928437303,-0.022786773093837587
1982-12-13,2.81165,1.033771499629977,0.002378655899677007
1982-12-14,2.76842,1.0182767603490146,-0.015494739280962344
1982-12-15,2.71076,0.9972290383793049,-0.02104772196970972
1982-12-16,2.71792,0.9998668818888639,0.002637843509558979
1982-12-17,2.80497,1.0313928437303,0.03152596184143608
1982-12-20,2.81922,1.0364602509456833,0.005067407215383346
1982-12-21,2.76842,1.0182767603490146,-0.018183490596668683
1982-12-22,2.76842,1.0182767603490146,0.0
1982-12-23,2.81165,1.033771499629977,0.015494739280962344
1982-12-27,2.81165,1.033771499629977,0.0
1982-12-28,2.84054,1.0439941749437056,0.010222675313728669
1982-12-29,2.85498,1.0490648378294962,0.005070662885790611
1982-12-30,2.85498,1.0490648378294962,0.0
1982-12-31,2.75438,1.0131923719063174,-0.03587246592317883
1983-01-03,2.71076,0.9972290383793049,-0.015963333527012513
1983-01-04,2.73984,1.0078995245343896,0.010670486155084702
1983-01-05,2.6749,0.9839119964716314,-0.023987528062758168
1983-01-06,2.79014,1.0260917737858093,0.04217977731417788
1983-01-07,2.7253,1.0025785137986754,-0.02351325998713394
1983-01-10,2.79014,1.0260917737858093,0.02351325998713394
1983-01-11,2.80497,1.0313928437303,0.005301069944490644
1983-01-12,2.81165,1.033771499629977,0.002378655899677007
1983-01-13,2.88406,1.0591990236445734,0.02542752401459647
1983-01-14,2.86254,1.051709342581852,-0.007489681062721409
1983-01-17,2.81922,1.0364602509456833,-0.015249091636168721
1983-01-18,2.83366,1.0415691622999521,0.00510891135426883
1983-01-19,2.76842,1.0182767603490146,-0.023292401950937514
1983-01-20,2.85498,1.0490648378294962,0.030788077480481624
1983-01-21,2.8481,1.0466521052928555,-0.0024127325366407604
1983-01-24,2.7973,1.0286546662443075,-0.017997439048548003
1983-01-25,2.83366,1.0415691622999521,0.012914496055644653
1983-01-26,2.79014,1.0260917737858093,-0.01547738851414282
1983-01-27,2.88406,1.0591990236445734,0.03310724985876412
1983-01-28,2.83366,1.0415691622999521,-0.0176298613446213
1983-01-31,2.95587,1.083793023769759,0.042223861469806945
1983-02-01,2.99193,1.0959186641166214,0.012125640346862365
1983-02-02,3.08555,1.1267299234767267,0.030811259360105314
1983-02-03,3.08555,1.1267299234767267,0.0
1983-02-04,3.07887,1.1245626465505236,-0.00216727692620311
1983-02-07,3.08555,1.1267299234767267,0.00216727692620311
1983-02-08,3.04233,1.112623669215762,-0.014106254260964679
1983-02-09,2.99193,1.0959186641166214,-0.016705005099140635
1983-02-10,2.94143,1.0788958576569234,-0.017022806459698003
1983-02-11,2.99193,1.0959186641166214,0.017022806459698003
1983-02-14,2.99959,1.0984756126617032,0.0025569485450818163
1983-02-15,3.08555,1.1267299234767267,0.028254310815023498
1983-02-16,3.05707,1.1174569409128103,-0.009272982563916399
1983-02-17,3.03535,1.1103267391145366,-0.007130201798273728
1983-02-18,3.04233,1.112623669215762,0.0022969301012254473
1983-02-22,2.93475,1.0766222707764945,-0.03600139843926753
1983-02-23,2.91284,1.0691285502758707,-0.007493720500623802
1983-02-24,3.00637,1.1007333709151952,0.03160482063932446
1983-02-25,2.99959,1.0984756126617032,-0.0022577582534919483
1983-02-28,3.03535,1.1103267391145366,0.011851126452833372
1983-03-01,3.04979,1.1150727357898644,0.004745996675327824
1983-03-02,3.07151,1.1221692973547839,0.007096561564919446
1983-03-03,3.14381,1.1454354401708644,0.023266142816080526
1983-03-04,3.34531,1.207559364921347,0.06212392475048256
1983-03-07,3.38147,1.2183105261910485,0.010751161269701548
1983-03-08,3.28765,1.1901730238394117,-0.02813750235163681
1983-03-09,3.29511,1.192439551312263,0.0022665274728512763
1983-03-10,3.23695,1.174631528423822,-0.017808022888440966
1983-03-11,3.20119,1.1635226156773106,-0.011108912746511379
1983-03-14,3.22977,1.1724109272688552,0.008888311591544573
1983-03-15,3.22977,1.1724109272688552,0.0
1983-03-16,3.26623,1.1836364146039344,0.01122548733507922
1983-03-17,3.25905,1.1814357418672228,-0.0022006727367116508
1983-03-18,3.18695,1.159064346576642,-0.022371395290580853
1983-03-21,3.21553,1.1679921963579973,0.008927849781355413
1983-03-22,3.21553,1.1679921963579973,0.0
1983-03-23,3.22309,1.1703405267375608,0.0023483303795635013
1983-03-24,3.24481,1.177056796823967,0.006716270086406073
1983-03-25,3.28047,1.1879867048135635,0.010929907989596588
1983-03-28,3.26623,1.1836364146039344,-0.004350290209629071
1983-03-29,3.23695,1.174631528423822,-0.009004886180112415
1983-03-30,3.26623,1.1836364146039344,0.009004886180112415
1983-03-31,3.27349,1.1858566940600677,0.002220279456133234
1983-04-04,3.34531,1.207559364921347,0.021702670861279305
1983-04-05,3.33814,1.2054137656423374,-0.0021455992790095912
1983-04-06,3.28047,1.1879867048135635,-0.017427060828773877
1983-04-07,3.33814,1.2054137656423374,0.017427060828773877
1983-04-08,3.40298,1.2246515183342925,0.019237752691955157
1983-04-11,3.51852,1.2580404466487547,0.03338892831446216
1983-04-12,3.69162,1.306065386099669,0.04802493945091424
1983-04-13,3.7492,1.3215424838901937,0.015477097790524752
1983-04-14,3.77081,1.327289832493486,0.0057473486032924015
1983-04-15,3.74182,1.3195721240760094,-0.007717708417476654
1983-04-18,3.67698,1.3020917630875894,-0.017480360988419985
1983-04-19,3.67698,1.3020917630875894,0.0
1983-04-20,3.72041,1.313833877265586,0.011742114177996532
1983-04-21,3.73476,1.317683559492097,0.003849682226511053
1983-04-22,3.76364,1.3253865742160063,0.007703014723909218
1983-04-25,3.69162,1.306065386099669,-0.019321188116337318
1983-04-26,3.65538,1.296200054965793,-0.009865331133875888
1983-04-27,3.72041,1.313833877265586,0.017633822299792934
1983-04-28,3.6983,1.3078732546068796,-0.005960622658706338
1983-04-29,3.74182,1.3195721240760094,0.011698869469129791
1983-05-02,3.69162,1.306065386099669,-0.0135067379763405
1983-05-03,3.65538,1.296200054965793,-0.009865331133875888
1983-05-04,3.66992,1.3001698634637684,0.003969808497975347
1983-05-05,3.6484,1.2942887153238662,-0.005881148139902148
1983-05-06,3.69162,1.306065386099669,0.011776670775802689
1983-05-09,3.60458,1.2822052590953257,-0.023860127004343257
1983-05-10,3.5473,1.2661867507319804,-0.016018508363345285
1983-05-11,3.61214,1.284300394493524,0.018113643761543674
1983-05-12,3.60458,1.2822052590953257,-0.002095135398198389
1983-05-13,3.61952,1.2863414203608792,0.004136161265553495
1983-05-16,3.56902,1.2722910483029133,-0.014050372057965888
1983-05-17,3.5473,1.2661867507319804,-0.006104297570932893
1983-05-18,3.56902,1.2722910483029133,0.006104297570932893
1983-05-19,3.55438,1.2681806457950118,-0.004110402507901512
1983-05-20,3.475,1.2455944790167555,-0.02258616677825631
1983-05-23,3.60458,1.2822052590953257,0.036610780078570215
1983-05-24,3.58336,1.2763009077383367,-0.005904351356988968
1983-05-25,3.61214,1.284300394493524,0.007999486755187357
1983-05-26,3.58336,1.2763009077383367,-0.007999486755187357
1983-05-27,3.56902,1.2722910483029133,-0.004009859435423424
1983-05-31,3.56902,1.2722910483029133,0.0
1983-06-01,3.55438,1.2681806457950118,-0.004110402507901512
1983-06-02,3.5978,1.2803225475464488,0.012141901751437034
1983-06-03,3.61952,1.2863414203608792,0.006018872814430365
1983-06-06,3.5978,1.2803225475464488,-0.006018872814430365
1983-06-07,3.5255,1.2600222701769583,-0.02030027736949047
1983-06-08,3.49671,1.2518225264183114,-0.00819974375864696
1983-06-09,3.46842,1.2436991588518385,-0.008123367566472917
1983-06-10,3.46046,1.2414015282097124,-0.0022976306421260695
1983-06-13,3.51852,1.2580404466487547,0.016638918439042305
1983-06-14,3.51125,1.2559720994363164,-0.002068347212438315
1983-06-15,3.46842,1.2436991588518385,-0.01227294058447792
1983-06-16,3.43206,1.233160663990381,-0.010538494861457526
1983-06-17,3.40298,1.2246515183342925,-0.008509145656088402
1983-06-20,3.40298,1.2246515183342925,0.0
1983-06-21,3.40298,1.2246515183342925,0.0
1983-06-22,3.29511,1.192439551312263,-0.03221196702202955
1983-06-23,3.29511,1.192439551312263,0.0
1983-06-24,3.27349,1.1858566940600677,-0.006582857252195318
1983-06-27,3.24481,1.177056796823967,-0.008799897236100751
1983-06-28,3.12211,1.1385090552970152,-0.03854774152695173
1983-06-29,3.23695,1.174631528423822,0.03612247312680683
1983-06-30,3.22977,1.1724109272688552,-0.002220601154966806
1983-07-01,3.19401,1.1612771806583015,-0.011133746610553663
1983-07-05,3.15059,1.147589736886091,-0.013687443772210539
1983-07-06,3.19401,1.1612771806583015,0.013687443772210539
1983-07-07,3.16483,1.1520993416733198,-0.009177838984981701
1983-07-08,3.18695,1.159064346576642,0.006965004903322081
1983-07-11,3.20119,1.1635226156773106,0.00445826910066871
1983-07-12,3.22977,1.1724109272688552,0.008888311591544573
1983-07-13,3.16483,1.1520993416733198,-0.020311585595535364
1983-07-14,3.22309,1.1703405267375608,0.018241185064240995
1983-07-15,3.22977,1.1724109272688552,0.0020704005312943696
1983-07-18,3.26623,1.1836364146039344,0.01122548733507922
1983-07-19,3.43206,1.233160663990381,0.049524249386446506
1983-07-20,3.475,1.2455944790167555,0.012433815026374528
1983-07-21,3.45368,1.239440329225266,-0.006154149791489427
1983-07-22,3.40298,1.2246515183342925,-0.014788810890973503
1983-07-25,3.41752,1.2289151418300066,0.004263623495714075
1983-07-26,3.46046,1.2414015282097124,0.012486386379705783
1983-07-27,3.4246,1.2309846765727337,-0.010416851636978697
1983-07-28,3.33087,1.2032335311308335,-0.02775114544190016
1983-07-29,3.23695,1.174631528423822,-0.02860200270701152
1983-08-01,3.31682,1.1990064925895436,0.024374964165721602
1983-08-02,3.27349,1.1858566940600677,-0.013149798529475953
1983-08-03,3.31682,1.1990064925895436,0.013149798529475953
1983-08-04,3.31682,1.1990064925895436,0.0
1983-08-05,3.30935,1.1967517954825941,-0.002254697106949477
1983-08-08,3.31682,1.1990064925895436,0.002254697106949477
1983-08-09,3.33087,1.2032335311308335,0.004227038541289918
1983-08-10,3.30935,1.1967517954825941,-0.006481735648239395
1983-08-11,3.36722,1.2140874781097084,0.01733568262711427
1983-08-12,3.38147,1.2183105261910485,0.004223048081340108
1983-08-15,3.41035,1.226814925324561,0.00850439913351253
1983-08-16,3.41752,1.2289151418300066,0.0021002165054455624
1983-08-17,3.38874,1.2204581708857718,-0.00845697094423481
1983-08-18,3.41035,1.226814925324561,0.006356754438789247
1983-08-19,3.38874,1.2204581708857718,-0.006356754438789247
1983-08-22,3.34531,1.207559364921347,-0.012898805964424831
1983-08-23,3.30935,1.1967517954825941,-0.010807569438752829
1983-08-24,3.27349,1.1858566940600677,-0.010895101422526476
1983-08-25,3.24481,1.177056796823967,-0.008799897236100751
1983-08-26,3.28047,1.1879867048135635,0.010929907989596588
1983-08-29,3.25905,1.1814357418672228,-0.0065509629463407215
1983-08-30,3.22977,1.1724109272688552,-0.00902481459836757
1983-08-31,3.20119,1.1635226156773106,-0.008888311591544573
1983-09-01,3.12898,1.140707072847845,-0.02281554282946563
1983-09-02,3.12898,1.140707072847845,0.0
1983-09-06,3.19401,1.1612771806583015,0.02057010781045654
1983-09-07,3.24481,1.177056796823967,0.015779616165665367
1983-09-08,3.17957,1.1567459675232339,-0.020310829300733024
1983-09-09,3.05707,1.1174569409128103,-0.03928902661042355
1983-09-12,3.04233,1.112623669215762,-0.00483327169704828
1983-09-13,3.04233,1.112623669215762,0.0
1983-09-14,3.02799,1.1078990330598415,-0.0047246361559205585
1983-09-15,2.97768,1.0911444738205887,-0.016754559239252842
1983-09-16,3.07151,1.1221692973547839,0.031024823534195223
1983-09-19,3.03535,1.1103267391145366,-0.01184255824024727
1983-09-20,3.09303,1.129151192976942,0.018824453862405388
1983-09-21,3.05707,1.1174569409128103,-0.01169425206413166
1983-09-22,3.04979,1.1150727357898644,-0.002384205122945904
1983-09-23,3.04233,1.112623669215762,-0.0024490665741023765
1983-09-26,2.96314,1.0862495168845925,-0.026374152331169576
1983-09-27,2.86962,1.0541796168241375,-0.03206990006045496
1983-09-28,2.84054,1.0439941749437056,-0.010185441880431911
1983-09-29,2.86254,1.051709342581852,0.007715167638146392
1983-09-30,2.81165,1.033771499629977,-0.01793784295187506
1983-10-03,2.85498,1.0490648378294962,0.01529333819951928
1983-10-04,2.84054,1.0439941749437056,-0.005070662885790611
1983-10-05,2.8481,1.0466521052928555,0.0026579303491498507
1983-10-06,2.91284,1.0691285502758707,0.022476444983015265
1983-10-07,2.94909,1.0814966481873884,0.012368097911517717
1983-10-10,2.97768,1.0911444738205887,0.009647825633200213
1983-10-11,2.95587,1.083793023769759,-0.0073514500508296
1983-10-12,2.86962,1.0541796168241375,-0.029613406945621534
1983-10-13,2.93475,1.0766222707764945,0.022442653952357006
1983-10-14,2.93475,1.0766222707764945,0.0
1983-10-17,2.91284,1.0691285502758707,-0.007493720500623802
1983-10-18,2.89103,1.0616128400125369,-0.0075157102633338635
1983-10-19,2.81922,1.0364602509456833,-0.02515258906685358
1983-10-20,2.84054,1.0439941749437056,0.007533923998022329
1983-10-21,2.68934,0.9892958103498858,-0.054698364593819826
1983-10-24,2.7253,1.0025785137986754,0.013282703448789568
1983-10-25,2.76842,1.0182767603490146,0.015698246550339245
1983-10-26,2.76842,1.0182767603490146,0.0
1983-10-27,2.75438,1.0131923719063174,-0.0050843884426972075
1983-10-28,2.74662,1.0103710648176718,-0.002821307088645586
1983-10-31,2.76135,1.0157196905785437,0.005348625760871917
1983-11-01,2.76135,1.0157196905785437,0.0
1983-11-02,2.90547,1.066595167234493,0.05087547665594938
1983-11-03,2.88406,1.0591990236445734,-0.00739614358991969
1983-11-04,2.8481,1.0466521052928555,-0.01254691835171795
1983-11-07,2.81165,1.033771499629977,-0.01288060566287852
1983-11-08,2.76135,1.0157196905785437,-0.01805180905143322
1983-11-09,2.80497,1.0313928437303,0.015673153151756214
1983-11-10,2.89103,1.0616128400125369,0.030219996282236927
1983-11-11,3.00637,1.1007333709151952,0.039120530902658324
1983-11-14,3.07151,1.1221692973547839,0.021435926439588693
1983-11-15,2.99193,1.0959186641166214,-0.026250633238162457
1983-11-16,3.00637,1.1007333709151952,0.004814706798573765
1983-11-17,3.05707,1.1174569409128103,0.01672356999761515
1983-11-18,3.07151,1.1221692973547839,0.004712356441973542
1983-11-21,3.04233,1.112623669215762,-0.009545628139021822
1983-11-22,3.16483,1.1520993416733198,0.03947567245755779
1983-11-23,3.14381,1.1454354401708644,-0.006663901502455438
1983-11-25,3.16483,1.1520993416733198,0.006663901502455438
1983-11-28,3.18695,1.159064346576642,0.006965004903322081
1983-11-29,3.18695,1.159064346576642,0.0
1983-11-30,3.18695,1.159064346576642,0.0
1983-12-01,3.19401,1.1612771806583015,0.0022128340816596204
1983-12-02,3.17251,1.1545230726896962,-0.006754107968605316
1983-12-05,3.13615,1.1429959329769184,-0.011527139712777856
1983-12-06,3.10757,1.1338410702954391,-0.009154862681479248
1983-12-07,3.15059,1.147589736886091,0.013748666590651881
1983-12-08,3.17251,1.1545230726896962,0.006933335803605223
1983-12-09,3.05707,1.1174569409128103,-0.03706613177688589
1983-12-12,3.02131,1.1056905121681095,-0.011766428744700796
1983-12-13,3.09303,1.129151192976942,0.023460680808832457
1983-12-14,3.08555,1.1267299234767267,-0.0024212695002152618
1983-12-15,3.02799,1.1078990330598415,-0.018830890416885238
1983-12-16,3.04979,1.1150727357898644,0.007173702730022935
1983-12-19,3.07887,1.1245626465505236,0.009489910760659193
1983-12-20,3.10049,1.1315601635163504,0.006997516965826733
1983-12-21,3.04979,1.1150727357898644,-0.016487427726485926
1983-12-22,2.95587,1.083793023769759,-0.03127971202010538
1983-12-23,2.96314,1.0862495168845925,0.0024564931148334246
1983-12-27,2.99193,1.0959186641166214,0.00966914723202894
1983-12-28,3.00637,1.1007333709151952,0.004814706798573765
1983-12-29,3.04233,1.112623669215762,0.01189029830056687
1983-12-30,2.99193,1.0959186641166214,-0.016705005099140635
1984-01-03,2.99193,1.0959186641166214,0.0
1984-01-04,3.12211,1.1385090552970152,0.04259039118039376
1984-01-05,3.22309,1.1703405267375608,0.031831471440545656
1984-01-06,3.18695,1.159064346576642,-0.011276180160918914
1984-01-09,3.19401,1.1612771806583015,0.0022128340816596204
1984-01-10,3.25905,1.1814357418672228,0.020158561208921233
1984-01-11,3.3235,1.2010184444994996,0.019582702632276794
1984-01-12,3.35966,1.2118397783788206,0.010821333879321049
1984-01-13,3.374,1.2160989841237766,0.004259205744955974
1984-01-16,3.33814,1.2054137656423374,-0.010685218481439218
1984-01-17,3.28047,1.1879867048135635,-0.017427060828773877
1984-01-18,3.35966,1.2118397783788206,0.02385307356525712
1984-01-19,3.35966,1.2118397783788206,0.0
1984-01-20,3.33087,1.2032335311308335,-0.008606247247987087
1984-01-23,3.374,1.2160989841237766,0.01286545299294306
1984-01-24,3.41752,1.2289151418300066,0.012816157706230014
1984-01-25,3.45368,1.239440329225266,0.010525187395259428
1984-01-26,3.41752,1.2289151418300066,-0.010525187395259428
1984-01-27,3.40298,1.2246515183342925,-0.004263623495714075
1984-01-30,3.38147,1.2183105261910485,-0.0063409921432440175
1984-01-31,3.43206,1.233160663990381,0.014850137799332419
1984-02-01,3.38147,1.2183105261910485,-0.014850137799332419
1984-02-02,3.35966,1.2118397783788206,-0.006470747812227895
1984-02-03,3.38147,1.2183105261910485,0.006470747812227895
1984-02-06,3.30935,1.1967517954825941,-0.021558730708454377
1984-02-07,3.26623,1.1836364146039344,-0.01311538087865971
1984-02-08,3.28047,1.1879867048135635,0.004350290209629071
1984-02-09,3.26623,1.1836364146039344,-0.004350290209629071
1984-02-10,3.30935,1.1967517954825941,0.01311538087865971
1984-02-13,3.29511,1.192439551312263,-0.004312244170331159
1984-02-14,3.36722,1.2140874781097084,0.021647926797445427
1984-02-15,3.41752,1.2289151418300066,0.014827663720298201
1984-02-16,3.46842,1.2436991588518385,0.014784017021831852
1984-02-17,3.41035,1.226814925324561,-0.016884233527277415
1984-02-21,3.374,1.2160989841237766,-0.010715941200784451
1984-02-22,3.28047,1.1879867048135635,-0.028112279310213095
1984-02-23,3.24481,1.177056796823967,-0.010929907989596588
1984-02-24,3.26623,1.1836364146039344,0.006579617779967517
1984-02-27,3.30935,1.1967517954825941,0.01311538087865971
1984-02-28,3.26623,1.1836364146039344,-0.01311538087865971
1984-02-29,3.28047,1.1879867048135635,0.004350290209629071
1984-03-01,3.24481,1.177056796823967,-0.010929907989596588
1984-03-02,3.33087,1.2032335311308335,0.026176734306866623
1984-03-05,3.28047,1.1879867048135635,-0.015246826317270035
1984-03-06,3.24481,1.177056796823967,-0.010929907989596588
1984-03-07,3.19401,1.1612771806583015,-0.015779616165665367
1984-03-08,3.24481,1.177056796823967,0.015779616165665367
1984-03-09,3.22309,1.1703405267375608,-0.006716270086406073
1984-03-12,3.13615,1.1429959329769184,-0.027344593760642466
1984-03-13,3.19401,1.1612771806583015,0.018281247681383173
1984-03-14,3.15059,1.147589736886091,-0.013687443772210539
1984-03-15,3.18695,1.159064346576642,0.011474609690550919
1984-03-16,3.28047,1.1879867048135635,0.028922358236921575
1984-03-19,3.22977,1.1724109272688552,-0.015575777544708291
1984-03-20,3.28765,1.1901730238394117,0.017762096570556496
1984-03-21,3.3235,1.2010184444994996,0.010845420660087868
1984-03-22,3.28765,1.1901730238394117,-0.010845420660087868
1984-03-23,3.26623,1.1836364146039344,-0.006536609235477275
1984-03-26,3.26623,1.1836364146039344,0.0
1984-03-27,3.25905,1.1814357418672228,-0.0022006727367116508
1984-03-28,3.25905,1.1814357418672228,0.0
1984-03-29,3.22309,1.1703405267375608,-0.01109521512966194
1984-03-30,3.14381,1.1454354401708644,-0.024905086566696433
1984-04-02,3.14381,1.1454354401708644,0.0
1984-04-03,3.08555,1.1267299234767267,-0.01870551669413767
1984-04-04,3.06414,1.1197669427405068,-0.006962980736219926
1984-04-05,3.00637,1.1007333709151952,-0.019033571825311624
1984-04-06,2.97041,1.088699990425026,-0.01203338049016911
1984-04-09,2.95587,1.083793023769759,-0.00490696665526702
1984-04-10,2.96314,1.0862495168845925,0.0024564931148334246
1984-04-11,2.98485,1.0935494943256472,0.007299977441054706
1984-04-12,3.10757,1.1338410702954391,0.04029157596979194
1984-04-13,3.10757,1.1338410702954391,0.0
1984-04-16,3.07887,1.1245626465505236,-0.009278423744915498
1984-04-17,3.11453,1.1360782580304176,0.011515611479893995
1984-04-18,3.10757,1.1338410702954391,-0.0022371877349784963
1984-04-19,3.11453,1.1360782580304176,0.0022371877349784963
1984-04-23,3.11453,1.1360782580304176,0.0
1984-04-24,3.15815,1.1499864131221558,0.01390815509173815
1984-04-25,3.22309,1.1703405267375608,0.020354113615405067
1984-04-26,3.24481,1.177056796823967,0.006716270086406073
1984-04-27,3.27349,1.1858566940600677,0.008799897236100751
1984-04-30,3.28765,1.1901730238394117,0.004316329779344041
1984-05-01,3.33814,1.2054137656423374,0.015240741802925672
1984-05-02,3.41752,1.2289151418300066,0.023501376187669232
1984-05-03,3.41752,1.2289151418300066,0.0
1984-05-04,3.35268,1.2097600260075394,-0.019155115822467206
1984-05-07,3.35268,1.2097600260075394,0.0
1984-05-08,3.38874,1.2204581708857718,0.010698144878232396
1984-05-09,3.24481,1.177056796823967,-0.04340137406180489
1984-05-10,3.24481,1.177056796823967,0.0
1984-05-11,3.09303,1.129151192976942,-0.047905603847024913
1984-05-14,3.04979,1.1150727357898644,-0.014078457187077564
1984-05-15,3.11453,1.1360782580304176,0.021005522240553187
1984-05-16,3.10757,1.1338410702954391,-0.0022371877349784963
1984-05-17,3.06414,1.1197669427405068,-0.014074127554932314
1984-05-18,3.10757,1.1338410702954391,0.014074127554932314
1984-05-21,3.04979,1.1150727357898644,-0.01876833450557469
1984-05-22,2.93475,1.0766222707764945,-0.038450465013369906
1984-05-23,2.8481,1.0466521052928555,-0.029970165483639066
1984-05-24,2.86962,1.0541796168241375,0.007527511531282061
1984-05-25,2.85498,1.0490648378294962,-0.0051147789946413
1984-05-29,2.75438,1.0131923719063174,-0.03587246592317883
1984-05-30,2.61035,0.9594843119609103,-0.05370805994540706
1984-05-31,2.50906,0.9199081810082764,-0.0395761309526339
1984-06-01,2.49501,0.9142927372114821,-0.0056154437967943505
1984-06-04,2.63894,0.970377321377918,0.056084584166435913
1984-06-05,2.61035,0.9594843119609103,-0.01089300941700766
1984-06-06,2.66036,0.9784614519820646,0.01897714002115425
1984-06-07,2.66036,0.9784614519820646,0.0
1984-06-08,2.70388,0.9946877784977292,0.01622632651566458
1984-06-11,2.63118,0.9674324147692641,-0.027255363728465043
1984-06-12,2.60278,0.9565801045765894,-0.010852310192674741
1984-06-13,2.59542,0.9537483532325831,-0.0028317513440062614
1984-06-14,2.53794,0.9313527283508125,-0.022395624881770604
1984-06-15,2.55228,0.936987077332317,0.0056343489815045
1984-06-18,2.68216,0.9866224400524891,0.049635362720172105
1984-06-19,2.7253,1.0025785137986754,0.01595607374618624
1984-06-20,2.81922,1.0364602509456833,0.03388173714700793
1984-06-21,2.86962,1.0541796168241375,0.01771936587845424
1984-06-22,2.80497,1.0313928437303,-0.022786773093837587
1984-06-25,2.7753,1.0207588494632456,-0.010633994267054359
1984-06-26,2.73984,1.0078995245343896,-0.012859324928855997
1984-06-27,2.68216,0.9866224400524891,-0.021277084481900466
1984-06-28,2.64611,0.9730906370130941,-0.013531803039395052
1984-06-29,2.55228,0.936987077332317,-0.03610355968077705
1984-07-02,2.59542,0.9537483532325831,0.016761275900266104
1984-07-03,2.68216,0.9866224400524891,0.032874086819906
1984-07-05,2.7253,1.0025785137986754,0.01595607374618624
1984-07-06,2.68216,0.9866224400524891,-0.01595607374618624
1984-07-09,2.81922,1.0364602509456833,0.04983781089319417
1984-07-10,2.80497,1.0313928437303,-0.005067407215383346
1984-07-11,2.7753,1.0207588494632456,-0.010633994267054359
1984-07-12,2.73984,1.0078995245343896,-0.012859324928855997
1984-07-13,2.76135,1.0157196905785437,0.007820166044154142
1984-07-16,2.75438,1.0131923719063174,-0.0025273186722263308
1984-07-17,2.86962,1.0541796168241375,0.04098724491782013
1984-07-18,2.79014,1.0260917737858093,-0.02808784303832823
1984-07-19,2.6749,0.9839119964716314,-0.04217977731417788
1984-07-20,2.64611,0.9730906370130941,-0.01082135945853735
1984-07-23,2.64611,0.9730906370130941,0.0
1984-07-24,2.61703,0.9620400869901368,-0.011050550022957295
1984-07-25,2.63118,0.9674324147692641,0.005392327779127348
1984-07-26,2.7253,1.0025785137986754,0.03514609902941124
1984-07-27,2.91284,1.0691285502758707,0.06655003647719537
1984-07-30,2.81922,1.0364602509456833,-0.032668299330187445
1984-07-31,2.81922,1.0364602509456833,0.0
1984-08-01,2.85498,1.0490648378294962,0.01260458688381294
1984-08-02,2.8982,1.0640898546296869,0.015025016800190638
1984-08-03,2.96314,1.0862495168845925,0.02215966225490562
1984-08-06,2.99193,1.0959186641166214,0.00966914723202894
1984-08-07,2.97768,1.0911444738205887,-0.004774190296032765
1984-08-08,2.96314,1.0862495168845925,-0.004894956935996175
1984-08-09,3.05707,1.1174569409128103,0.031207424028217856
1984-08-10,3.13615,1.1429959329769184,0.025538992064108035
1984-08-13,3.10757,1.1338410702954391,-0.009154862681479248
1984-08-14,3.07151,1.1221692973547839,-0.011671772940655245
1984-08-15,2.94909,1.0814966481873884,-0.040672649167395436
1984-08-16,3.01384,1.1032150131946825,0.02171836500729407
1984-08-17,3.02799,1.1078990330598415,0.004684019865158984
1984-08-20,3.02799,1.1078990330598415,0.0
1984-08-21,3.08555,1.1267299234767267,0.018830890416885238
1984-08-22,3.10049,1.1315601635163504,0.004830240039623623
1984-08-23,3.10049,1.1315601635163504,0.0
1984-08-24,3.07151,1.1221692973547839,-0.00939086616156648
1984-08-27,3.04233,1.112623669215762,-0.009545628139021822
1984-08-28,3.04233,1.112623669215762,0.0
1984-08-29,3.02799,1.1078990330598415,-0.0047246361559205585
1984-08-30,2.97768,1.0911444738205887,-0.016754559239252842
1984-08-31,2.92719,1.0740429184830809,-0.01710155533750779
1984-09-04,2.91284,1.0691285502758707,-0.00491436820721014
1984-09-05,2.8982,1.0640898546296869,-0.005038695646183866
1984-09-06,2.94909,1.0814966481873884,0.017406793557701583
1984-09-07,2.96314,1.0862495168845925,0.004752868697204038
1984-09-10,2.98485,1.0935494943256472,0.007299977441054706
1984-09-11,3.15059,1.147589736886091,0.05404024256044382
1984-09-12,3.16483,1.1520993416733198,0.004509604787228838
1984-09-13,3.35268,1.2097600260075394,0.05766068433421956
1984-09-14,3.4246,1.2309846765727337,0.021224650565194292
1984-09-17,3.475,1.2455944790167555,0.014609802444021769
1984-09-18,3.43904,1.2351923626706514,-0.010402116346104107
1984-09-19,3.36722,1.2140874781097084,-0.02110488456094295
1984-09-20,3.50428,1.253985078557416,0.039897600447707626
1984-09-21,3.44641,1.2373331095541815,-0.016651969003234512
1984-09-24,3.35268,1.2097600260075394,-0.02757308354664212
1984-09-25,3.33814,1.2054137656423374,-0.004346260365202026
1984-09-26,3.31682,1.1990064925895436,-0.0064072730527937605
1984-09-27,3.38147,1.2183105261910485,0.0193040336015049
1984-09-28,3.31682,1.1990064925895436,-0.0193040336015049
1984-10-01,3.17957,1.1567459675232339,-0.04226052506630973
1984-10-02,3.17957,1.1567459675232339,0.0
1984-10-03,3.05707,1.1174569409128103,-0.03928902661042355
1984-10-04,3.05707,1.1174569409128103,0.0
1984-10-05,3.04233,1.112623669215762,-0.00483327169704828
1984-10-08,3.04233,1.112623669215762,0.0
1984-10-09,3.04233,1.112623669215762,0.0
1984-10-10,3.05707,1.1174569409128103,0.00483327169704828
1984-10-11,3.15059,1.147589736886091,0.03013279597328067
1984-10-12,3.22977,1.1724109272688552,0.024821190382764202
1984-10-15,3.24481,1.177056796823967,0.0046458695551117035
1984-10-16,3.25905,1.1814357418672228,0.004378945043255866
1984-10-17,3.22977,1.1724109272688552,-0.00902481459836757
1984-10-18,3.35268,1.2097600260075394,0.037349098738684194
1984-10-19,3.31682,1.1990064925895436,-0.010753533417995786
1984-10-22,3.30209,1.1945556013348513,-0.004450891254692335
1984-10-23,3.30209,1.1945556013348513,0.0
1984-10-24,3.28765,1.1901730238394117,-0.004382577495439577
1984-10-25,3.25905,1.1814357418672228,-0.008737281972188926
1984-10-26,3.22977,1.1724109272688552,-0.00902481459836757
1984-10-29,3.24481,1.177056796823967,0.0046458695551117035
1984-10-30,3.30209,1.1945556013348513,0.01749880451088437
1984-10-31,3.25905,1.1814357418672228,-0.013119859467628503
1984-11-01,3.3235,1.2010184444994996,0.019582702632276794
1984-11-02,3.36722,1.2140874781097084,0.013069033610208836
1984-11-05,3.43904,1.2351923626706514,0.02110488456094295
1984-11-06,3.475,1.2455944790167555,0.010402116346104107
1984-11-07,3.475,1.2455944790167555,0.0
1984-11-08,3.46046,1.2414015282097124,-0.004192950807043072
1984-11-09,3.43904,1.2351923626706514,-0.0062091655390610345
1984-11-12,3.39601,1.2226012130855193,-0.012591149585132078
1984-11-13,3.33814,1.2054137656423374,-0.017187447443181902
1984-11-14,3.4246,1.2309846765727337,0.025570910930396318
1984-11-15,3.475,1.2455944790167555,0.014609802444021769
1984-11-16,3.43904,1.2351923626706514,-0.010402116346104107
1984-11-19,3.39601,1.2226012130855193,-0.012591149585132078
1984-11-20,3.4246,1.2309846765727337,0.008383463487214415
1984-11-21,3.4246,1.2309846765727337,0.0
1984-11-23,3.53256,1.262022820570304,0.03103814399757021
1984-11-26,3.48973,1.249824369324747,-0.012198451245556852
1984-11-27,3.53256,1.262022820570304,0.012198451245556852
1984-11-28,3.58336,1.2763009077383367,0.014278087168032805
1984-11-29,3.55438,1.2681806457950118,-0.008120261943324936
1984-11-30,3.48973,1.249824369324747,-0.01835627647026472
1984-12-03,3.53256,1.262022820570304,0.012198451245556852
1984-12-04,3.65538,1.296200054965793,0.03417723439548914
1984-12-05,3.58336,1.2763009077383367,-0.019899147227456337
1984-12-06,3.61214,1.284300394493524,0.007999486755187357
1984-12-07,3.64064,1.2921594903692146,0.007859095875690558
1984-12-10,3.66274,1.2982115012064928,0.006052010837278132
1984-12-11,3.6484,1.2942887153238662,-0.003922785882626512
1984-12-12,3.69162,1.306065386099669,0.011776670775802689
1984-12-13,3.66274,1.2982115012064928,-0.007853884893176177
1984-12-14,3.72041,1.313833877265586,0.015622376059093224
1984-12-17,3.78525,1.3311119349063445,0.017278057640758515
1984-12-18,3.87151,1.3536446118194791,0.022532676913134653
1984-12-19,3.87151,1.3536446118194791,0.0
1984-12-20,3.7492,1.3215424838901937,-0.03210212792928546
1984-12-21,3.66274,1.2982115012064928,-0.02333098268370093
1984-12-24,3.77081,1.327289832493486,0.02907833128699333
1984-12-26,3.77081,1.327289832493486,0.0
1984-12-27,3.85717,1.349933753961293,0.022643921467806916
1984-12-28,3.84282,1.3462064720782603,-0.0037272818830327292
1984-12-31,3.81404,1.3386889948002116,-0.007517477278048634
1985-01-02,3.7995,1.3348694791277025,-0.003819515672509155
1985-01-03,3.7995,1.3348694791277025,0.0
1985-01-04,3.70606,1.3099693176943354,-0.02490016143336704
1985-01-07,3.7492,1.3215424838901937,0.011573166195858242
1985-01-08,3.75637,1.3234530655465016,0.0019105816563078637
1985-01-09,3.75637,1.3234530655465016,0.0
1985-01-10,3.88615,1.3574189503132172,0.03396588476671569
1985-01-11,3.85717,1.349933753961293,-0.007485196351924239
1985-01-14,3.91483,1.3647719057668943,0.01483815180560133
1985-01-15,4.00885,1.3885044171459633,0.023732511379068955
1985-01-16,4.08813,1.4080876527871709,0.019583235641207564
1985-01-17,4.14591,1.4221223061079296,0.014034653320758705
1985-01-18,4.05169,1.3991340780303296,-0.022988228077599926
1985-01-21,4.13127,1.4185848657559141,0.019450787725584506
1985-01-22,4.14591,1.4221223061079296,0.0035374403520154196
1985-01-23,4.26115,1.4495390769021534,0.027416770794223888
1985-01-24,4.18884,1.4324238459621048,-0.01711523094004863
1985-01-25,4.23236,1.4427597571006483,0.010335911138543485
1985-01-28,4.16015,1.4255511313154166,-0.017208625785231746
1985-01-29,4.20338,1.4358889635468506,0.01033783223143403
1985-01-30,4.16015,1.4255511313154166,-0.01033783223143403
1985-01-31,4.14591,1.4221223061079296,-0.0034288252074869963
1985-02-01,4.17449,1.4289921951525821,0.006869889044652577
1985-02-04,4.32579,1.4645947826632635,0.03560258751068135
1985-02-05,4.38376,1.4779068036216307,0.013312020958367254
1985-02-06,4.46274,1.4957629271721888,0.0178561235505581
1985-02-07,4.49202,1.5023024892260357,0.00653956205384687
1985-02-08,4.57818,1.5213015392371092,0.018999050011073493
1985-02-11,4.52032,1.5085827877983657,-0.012718751438743459
1985-02-12,4.46274,1.4957629271721888,-0.012819860626176904
1985-02-13,4.53506,1.5118383139095675,0.016075386737378627
1985-02-14,4.6721,1.5416086494064503,0.029770335496882794
1985-02-15,4.59999,1.5260541295796428,-0.015554519826807445
1985-02-19,4.56374,1.5181424628048104,-0.00791166677483246
1985-02-20,4.41264,1.484473149801417,-0.033669313003393375
1985-02-21,4.28276,1.4545976615740441,-0.02987548822737285
1985-02-22,4.23236,1.4427597571006483,-0.011837904473395833
1985-02-25,4.16015,1.4255511313154166,-0.017208625785231746
1985-02-26,4.2467,1.4461422107386657,0.020591079423249115
1985-02-27,4.36922,1.474584503473799,0.028442292735133323
1985-02-28,4.35468,1.4712511288447239,-0.0033333746290751254
1985-03-01,4.4485,1.492566960702685,0.021315831857961154
1985-03-04,4.38376,1.4779068036216307,-0.014660157081054281
1985-03-05,4.38376,1.4779068036216307,0.0
1985-03-06,4.32579,1.4645947826632635,-0.013312020958367254
1985-03-07,4.31164,1.461318342180753,-0.003276440482510523
1985-03-08,4.31164,1.461318342180753,0.0
1985-03-11,4.28276,1.4545976615740441,-0.006720680606708829
1985-03-12,4.25407,1.447876171743743,-0.006721489830301186
1985-03-13,4.23914,1.4443604184823624,-0.0035157532613805387
1985-03-14,4.2975,1.4580334582748673,0.013673039792504893
1985-03-15,4.23914,1.4443604184823624,-0.013673039792504893
1985-03-18,4.28276,1.4545976615740441,0.010237243091681725
1985-03-19,4.2975,1.4580334582748673,0.0034357967008231682
1985-03-20,4.26802,1.4511500194641413,-0.00688343881072595
1985-03-21,4.23914,1.4443604184823624,-0.006789600981778943
1985-03-22,4.23914,1.4443604184823624,0.0
1985-03-25,4.22499,1.4410168939424308,-0.003343524539931586
1985-03-26,4.21075,1.4376407790963583,-0.0033761148460724755
1985-03-27,4.21075,1.4376407790963583,0.0
1985-03-28,4.23914,1.4443604184823624,0.0067196393860040615
1985-03-29,4.21075,1.4376407790963583,-0.0067196393860040615
1985-04-01,4.22499,1.4410168939424308,0.0033761148460724755
1985-04-02,4.26802,1.4511500194641413,0.010133125521710529
1985-04-03,4.18884,1.4324238459621048,-0.018726173502036536
1985-04-04,4.26802,1.4511500194641413,0.018726173502036536
1985-04-08,4.28276,1.4545976615740441,0.003447642109902782
1985-04-09,4.2975,1.4580334582748673,0.0034357967008231682
1985-04-10,4.38376,1.4779068036216307,0.019873345346763438
1985-04-11,4.44142,1.4909741451324963,0.013067341510865527
1985-04-12,4.44142,1.4909741451324963,0.0
1985-04-15,4.52032,1.5085827877983657,0.01760864266586948
1985-04-16,4.49202,1.5023024892260357,-0.006280298572330034
1985-04-17,4.56374,1.5181424628048104,0.015839973578774647
1985-04-18,4.5496,1.5150393170104528,-0.0031031457943575536
1985-04-19,4.5496,1.5150393170104528,0.0
1985-04-22,4.50616,1.505445349590925,-0.009593967419527782
1985-04-23,4.56374,1.5181424628048104,0.012697113213885336
1985-04-24,4.53506,1.5118383139095675,-0.006304148895242889
1985-04-25,4.52032,1.5085827877983657,-0.003255526111201723
1985-04-26,4.52032,1.5085827877983657,0.0
1985-04-29,4.41264,1.484473149801417,-0.024109637996948763
1985-04-30,4.25407,1.447876171743743,-0.036596978057674034
1985-05-01,4.31164,1.461318342180753,0.013442170437010015
1985-05-02,4.2975,1.4580334582748673,-0.0032848839058856605
1985-05-03,4.32579,1.4645947826632635,0.006561324388396184
1985-05-06,4.34033,1.4679503820880169,0.003355599424753386
1985-05-07,4.44142,1.4909741451324963,0.023023763044479395
1985-05-08,4.45606,1.494264967525354,0.0032908223928578284
1985-05-09,4.59262,1.5244506673248364,0.03018569979948227
1985-05-10,4.70826,1.549318413021861,0.024867745697024546
1985-05-13,4.66483,1.5400513920490158,-0.009267020972845152
1985-05-14,4.63595,1.5338411402597247,-0.006210251789291021
1985-05-15,4.74392,1.5568637981468274,0.02302265788710267
1985-05-16,4.7731,1.5629959889880285,0.006132190841201091
1985-05-17,4.78744,1.5659958217911545,0.00299983280312599
1985-05-20,4.81613,1.5719707009976875,0.005974879206533057
1985-05-21,4.84531,1.5780112267840054,0.006040525786317863
1985-05-22,4.75826,1.559882055196536,-0.018129171587469406
1985-05-23,4.6217,1.5307626027789596,-0.029119452417576408
1985-05-24,4.66483,1.5400513920490158,0.009288789270056164
1985-05-28,4.67918,1.5431228809026323,0.003071488853616522
1985-05-29,4.57818,1.5213015392371092,-0.021821341665523075
1985-05-30,4.57818,1.5213015392371092,0.0
1985-05-31,4.65029,1.5369295832460101,0.015628044008900943
1985-06-03,4.67918,1.5431228809026323,0.006193297656622132
1985-06-04,4.65029,1.5369295832460101,-0.006193297656622132
1985-06-05,4.63595,1.5338411402597247,-0.0030884429862854113
1985-06-06,4.66483,1.5400513920490158,0.006210251789291021
1985-06-07,4.63595,1.5338411402597247,-0.006210251789291021
1985-06-10,4.6217,1.5307626027789596,-0.0030785374807651422
1985-06-11,4.63595,1.5338411402597247,0.0030785374807651422
1985-06-12,4.6217,1.5307626027789596,-0.0030785374807651422
1985-06-13,4.56374,1.5181424628048104,-0.012620139974149236
1985-06-14,4.5496,1.5150393170104528,-0.0031031457943575536
1985-06-17,4.53506,1.5118383139095675,-0.0032010031008853357
1985-06-18,4.6217,1.5307626027789596,0.018924288869392125
1985-06-19,4.56374,1.5181424628048104,-0.012620139974149236
1985-06-20,4.53506,1.5118383139095675,-0.006304148895242889
1985-06-21,4.56374,1.5181424628048104,0.006304148895242889
1985-06-24,4.57818,1.5213015392371092,0.0031590764322988463
1985-06-25,4.60736,1.5276550248587464,0.006353485621637178
1985-06-26,4.6217,1.5307626027789596,0.0031075779202132114
1985-06-27,4.67918,1.5431228809026323,0.012360278123672686
1985-06-28,4.70826,1.549318413021861,0.0061955321192286306
1985-07-01,4.66483,1.5400513920490158,-0.009267020972845152
1985-07-02,4.76553,1.561408758622817,0.021357366573801162
1985-07-03,4.79441,1.567450655926391,0.006041897303574073
1985-07-05,4.85925,1.5808841050160394,0.013433449089648386
1985-07-08,4.94621,1.598621626750251,0.017737521734211725
1985-07-09,4.96045,1.6014964624279506,0.0028748356776995276
1985-07-10,4.96045,1.6014964624279506,0.0
1985-07-11,5.04719,1.6188316527759394,0.017335190347988805
1985-07-12,4.98913,1.6072615458655317,-0.011570106910407718
1985-07-15,4.90287,1.5898207479386322,-0.017440797926899565
1985-07-16,4.97469,1.6043630571113214,0.014542309172689283
1985-07-17,4.98913,1.6072615458655317,0.002898488754210282
1985-07-18,4.93167,1.5956776730878566,-0.011583872777675142
1985-07-19,4.79441,1.567450655926391,-0.028227017161465584
1985-07-22,4.76553,1.561408758622817,-0.006041897303574073
1985-07-23,4.78007,1.5644551907476016,0.003046432124784726
1985-07-24,4.67918,1.5431228809026323,-0.021332309844969366
1985-07-25,4.57818,1.5213015392371092,-0.021821341665523075
1985-07-26,4.66483,1.5400513920490158,0.018749852811906553
1985-07-29,4.63595,1.5338411402597247,-0.006210251789291021
1985-07-30,4.6217,1.5307626027789596,-0.0030785374807651422
1985-07-31,4.66483,1.5400513920490158,0.009288789270056164
1985-08-01,4.63595,1.5338411402597247,-0.006210251789291021
1985-08-02,4.60736,1.5276550248587464,-0.006186115400978354
1985-08-05,4.56374,1.5181424628048104,-0.009512562053936024
1985-08-06,4.47738,1.4990380539235686,-0.019104408881241763
1985-08-07,4.4485,1.492566960702685,-0.0064710932208835725
1985-08-08,4.53506,1.5118383139095675,0.019271353206882447
1985-08-09,4.5496,1.5150393170104528,0.0032010031008853357
1985-08-12,4.5496,1.5150393170104528,0.0
1985-08-13,4.5496,1.5150393170104528,0.0
1985-08-14,4.52032,1.5085827877983657,-0.006456529212087059
1985-08-15,4.53506,1.5118383139095675,0.003255526111201723
1985-08-16,4.53506,1.5118383139095675,0.0
1985-08-19,4.53506,1.5118383139095675,0.0
1985-08-20,4.49202,1.5023024892260357,-0.009535824683531757
1985-08-21,4.47738,1.4990380539235686,-0.003264435302467117
1985-08-22,4.46274,1.4957629271721888,-0.0032751267513797533
1985-08-23,4.46274,1.4957629271721888,0.0
1985-08-26,4.53506,1.5118383139095675,0.016075386737378627
1985-08-27,4.59262,1.5244506673248364,0.012612353415268895
1985-08-28,4.6217,1.5307626027789596,0.00631193545412323
1985-08-29,4.59262,1.5244506673248364,-0.00631193545412323
1985-08-30,4.56374,1.5181424628048104,-0.006308204520026006
1985-09-03,4.5496,1.5150393170104528,-0.0031031457943575536
1985-09-04,4.52032,1.5085827877983657,-0.006456529212087059
1985-09-05,4.52032,1.5085827877983657,0.0
1985-09-06,4.53506,1.5118383139095675,0.003255526111201723
1985-09-09,4.52032,1.5085827877983657,-0.003255526111201723
1985-09-10,4.56374,1.5181424628048104,0.009559675006444612
1985-09-11,4.49202,1.5023024892260357,-0.015839973578774647
1985-09-12,4.3476,1.4696239687068948,-0.032678520519140886
1985-09-13,4.18884,1.4324238459621048,-0.03720012274479001
1985-09-16,4.10229,1.411545354372126,-0.020878491589978898
1985-09-17,4.17449,1.4289921951525821,0.01744684078045622
1985-09-18,4.26115,1.4495390769021534,0.02054688174957131
1985-09-19,4.23236,1.4427597571006483,-0.006779319801505146
1985-09-20,4.18884,1.4324238459621048,-0.010335911138543485
1985-09-23,4.18884,1.4324238459621048,0.0
1985-09-24,4.08813,1.4080876527871709,-0.024336193174933962
1985-09-25,4.04481,1.3974345778374169,-0.010653074949753982
1985-09-26,4.01593,1.3902689519586344,-0.0071656258787824445
1985-09-30,3.87907,1.3555954341831205,-0.03467351777551397
1985-10-01,4.07359,1.4045246745468296,0.04892924036370916
1985-10-02,4.13127,1.4185848657559141,0.014060191209084527
1985-10-03,4.14591,1.4221223061079296,0.0035374403520154196
1985-10-04,4.16015,1.4255511313154166,0.0034288252074869963
1985-10-07,4.23236,1.4427597571006483,0.017208625785231746
1985-10-08,4.30398,1.459540176008538,0.016780418907889727
1985-10-09,4.39063,1.479472724763461,0.019932548754922896
1985-10-10,4.41952,1.486031092907427,0.006558368143966042
1985-10-11,4.49202,1.5023024892260357,0.016271396318608744
1985-10-14,4.49202,1.5023024892260357,0.0
1985-10-15,4.52032,1.5085827877983657,0.006280298572330034
1985-10-16,4.56374,1.5181424628048104,0.009559675006444612
1985-10-17,4.56374,1.5181424628048104,0.0
1985-10-18,4.4485,1.492566960702685,-0.025575502102125336
1985-10-21,4.3476,1.4696239687068948,-0.022942991995790196
1985-10-22,4.37629,1.4762013334906108,0.0065773647837159555
1985-10-23,4.43406,1.4893156429022951,0.013114309411684344
1985-10-24,4.47738,1.4990380539235686,0.00972241102127347
1985-10-25,4.43406,1.4893156429022951,-0.00972241102127347
1985-10-28,4.4485,1.492566960702685,0.003251317800389897
1985-10-29,4.52032,1.5085827877983657,0.016015827095680724
1985-10-30,4.52032,1.5085827877983657,0.0
1985-10-31,4.50616,1.505445349590925,-0.0031374382074407237
1985-11-01,4.5496,1.5150393170104528,0.009593967419527782
1985-11-04,4.57818,1.5213015392371092,0.0062622222266564
1985-11-05,4.59262,1.5244506673248364,0.00314912808772716
1985-11-06,4.59262,1.5244506673248364,0.0
1985-11-07,4.56374,1.5181424628048104,-0.006308204520026006
1985-11-08,4.53506,1.5118383139095675,-0.006304148895242889
1985-11-11,4.59262,1.5244506673248364,0.012612353415268895
1985-11-12,4.73694,1.5553913576169387,0.030940690292102335
1985-11-13,4.7226,1.5523594953943225,-0.0030318622226161995
1985-11-14,4.7226,1.5523594953943225,0.0
1985-11-15,4.6217,1.5307626027789596,-0.021596892615362906
1985-11-18,4.65029,1.5369295832460101,0.0061669804670505535
1985-11-19,4.69372,1.5462254450318529,0.00929586178584274
1985-11-20,4.69372,1.5462254450318529,0.0
1985-11-21,4.75148,1.5584561484632786,0.012230703431425738
1985-11-22,4.79441,1.567450655926391,0.008994507463112367
1985-11-25,4.75148,1.5584561484632786,-0.008994507463112367
1985-11-26,4.7226,1.5523594953943225,-0.006096653068956126
1985-11-27,4.79441,1.567450655926391,0.015091160532068493
1985-11-29,4.80905,1.5704995594134445,0.003048903487053556
1985-12-02,4.79441,1.567450655926391,-0.003048903487053556
1985-12-03,4.83765,1.5764290656271078,0.008978409700716838
1985-12-04,4.88117,1.5853849452269957,0.008955879599887862
1985-12-05,5.08325,1.625950820808314,0.0405658755813183
1985-12-06,5.06881,1.6231060760495042,-0.002844744758809803
1985-12-09,5.16961,1.6427972504718649,0.01969117442236068
1985-12-10,5.21981,1.652461002764674,0.009663752292809136
1985-12-11,5.2484,1.6579232682494236,0.0054622654847495955
1985-12-12,5.21981,1.652461002764674,-0.0054622654847495955
1985-12-13,5.30666,1.668962635465931,0.01650163270125704
1985-12-16,5.40746,1.6877794816841072,0.018816846218176142
1985-12-17,5.39292,1.6850869822009331,-0.002692499483174071
1985-12-18,5.36394,1.6796987796745453,-0.005388202526387831
1985-12-19,5.29212,1.66621892173258,-0.013479857941965268
1985-12-20,5.30666,1.668962635465931,0.0027437137333510275
1985-12-23,5.23426,1.6552254780747935,-0.013737157391137567
1985-12-24,5.14053,1.6371561869917772,-0.018069291083016248
1985-12-26,5.18376,1.6455306616819707,0.008374474690193479
1985-12-27,5.29212,1.66621892173258,0.02068826005060931
1985-12-30,5.40746,1.6877794816841072,0.02156055995152717
1985-12-31,5.33534,1.6743526128073898,-0.013426868876717402
1986-01-02,5.39292,1.6850869822009331,0.01073436939354333
1986-01-03,5.4217,1.6904094194092243,0.005322437208291175
1986-01-06,5.55188,1.714136609138068,0.0237271897288438
1986-01-07,5.73206,1.7460749774617341,0.03193836832366603
1986-01-08,5.5229,1.7089030846533768,-0.03717189280835731
1986-01-09,5.30666,1.668962635465931,-0.03994044918744577
1986-01-10,5.30666,1.668962635465931,0.0
1986-01-13,5.3212,1.6716988418276135,0.0027362063616824805
1986-01-14,5.34979,1.6770573078010733,0.005358465973459792
1986-01-15,5.40746,1.6877794816841072,0.01072217388303387
1986-01-16,5.45088,1.6957770635305243,0.007997581846417079
1986-01-17,5.45088,1.6957770635305243,0.0
1986-01-20,5.4217,1.6904094194092243,-0.005367644121299975
1986-01-21,5.20537,1.6496907850351947,-0.04071863437402956
1986-01-22,4.93854,1.5970697409586354,-0.05262104407655932
1986-01-23,4.89541,1.5882980314125812,-0.008771709546054218
1986-01-24,4.99641,1.6087196545486517,0.020421623136070544
1986-01-27,4.95308,1.6000096053028368,-0.008710049245814977
1986-01-28,5.12599,1.6343236771011158,0.034314071798279056
1986-01-29,5.21981,1.652461002764674,0.01813732566355819
1986-01-30,5.15517,1.6400000946167328,-0.012460908147941208
1986-01-31,5.20537,1.6496907850351947,0.009690690418461934
1986-02-03,5.26324,1.6607468066999722,0.011056021664777482
1986-02-04,5.05388,1.6201562651146697,-0.04059054158530251
1986-02-05,4.89541,1.5882980314125812,-0.03185823370208851
1986-02-06,4.98177,1.605785249575983,0.01748721816340182
1986-02-07,4.99641,1.6087196545486517,0.002934404972668725
1986-02-10,5.03963,1.6173326666900205,0.008613012141368781
1986-02-11,5.02519,1.6144632641755974,-0.002869402514423136
1986-02-12,5.08325,1.625950820808314,0.011487556632716611
1986-02-13,5.20537,1.6496907850351947,0.02373996422688074
1986-02-14,5.26324,1.6607468066999722,0.011056021664777482
1986-02-18,5.36394,1.6796987796745453,0.018951972974573073
1986-02-19,5.2484,1.6579232682494236,-0.021775511425121685
1986-02-20,5.3212,1.6716988418276135,0.013775573578189926
1986-02-21,5.21981,1.652461002764674,-0.01923783906293952
1986-02-24,5.21981,1.652461002764674,0.0
1986-02-25,5.18376,1.6455306616819707,-0.006930341082703295
1986-02-26,5.23426,1.6552254780747935,0.00969481639282277
1986-02-27,5.58754,1.720539118750752,0.06531364067595846
1986-02-28,5.64531,1.7308251119485438,0.010285993197791887
1986-03-03,5.55188,1.714136609138068,-0.016688502810475736
1986-03-04,5.56602,1.7166802563419432,0.0025436472038751212
1986-03-05,5.50826,1.7062487838191434,-0.010431472522799856
1986-03-06,5.58754,1.720539118750752,0.014290334931608584
1986-03-07,5.81821,1.7609926542995704,0.040453535548818476
1986-03-10,5.95566,1.784342027900193,0.023349373600622503
1986-03-11,6.15009,1.81646671585769,0.03212468795749701
1986-03-12,6.25069,1.8326918576546785,0.01622514179698853
1986-03-13,6.07788,1.8046559509630753,-0.028035906691603163
1986-03-14,6.2223,1.8281396133208054,0.02348366235773014
1986-03-17,6.1212,1.8117581557347442,-0.016381457586061243
1986-03-18,6.07788,1.8046559509630753,-0.007102204771668896
1986-03-19,6.15009,1.81646671585769,0.011810764894614634
1986-03-20,6.23634,1.830393471838823,0.013926755981133132
1986-03-21,6.25069,1.8326918576546785,0.002298385815855397
1986-03-24,6.33016,1.845325512297936,0.012633654643257497
1986-03-25,6.3448,1.8476355797869728,0.002310067489036838
1986-03-26,6.51054,1.87342240208913,0.02578682230215712
1986-03-27,6.58256,1.8844237274246434,0.011001325335513457
1986-03-31,6.51054,1.87342240208913,-0.011001325335513457
1986-04-01,6.23634,1.830393471838823,-0.04302893025030685
1986-04-02,6.13564,1.814114392200379,-0.016279079638443994
1986-04-03,6.13564,1.814114392200379,0.0
1986-04-04,6.0487,1.7998433729205299,-0.014271019279849195
1986-04-07,6.0487,1.7998433729205299,0.0
1986-04-08,6.16453,1.8188118968893712,0.0189685239688413
1986-04-09,6.20776,1.8258001223397942,0.006988225450422991
1986-04-10,6.46014,1.8656509893863051,0.039850867046510974
1986-04-11,6.41692,1.8589382518058288,-0.006712737580476302
1986-04-14,6.41692,1.8589382518058288,0.0
1986-04-15,6.35886,1.8498491160026562,-0.00908913580317261
1986-04-16,6.43136,1.8611860244384022,0.011336908435745974
1986-04-17,6.43136,1.8611860244384022,0.0
1986-04-18,6.43136,1.8611860244384022,0.0
1986-04-21,6.56812,1.8822276423851743,0.021041617946772062
1986-04-22,6.55358,1.8800114652204731,-0.0022161771647011275
1986-04-23,6.51054,1.87342240208913,-0.00658906313134322
1986-04-24,6.48864,1.870052955597962,-0.0033694464911679933
1986-04-25,6.53972,1.8778943510969277,0.007841395498965786
1986-04-28,6.48864,1.870052955597962,-0.007841395498965786
1986-04-29,6.47478,1.867914630174399,-0.002138325423562959
1986-04-30,6.3448,1.8476355797869728,-0.020279050387426167
1986-05-01,6.28704,1.8384903717156615,-0.00914520807131125
1986-05-02,6.26514,1.8350009344670704,-0.0034894372485911873
1986-05-05,6.31562,1.8430259299222518,0.008024995455181427
1986-05-06,6.2223,1.8281396133208054,-0.014886316601446348
1986-05-07,6.10686,1.809412729465373,-0.01872688385543242
1986-05-08,6.10686,1.809412729465373,0.0
1986-05-09,6.06344,1.8022772957907447,-0.007135433674628322
1986-05-12,5.98445,1.7891644383795169,-0.013112857411227807
1986-05-13,5.86901,1.7696859654425259,-0.01947847293699101
1986-05-14,5.95566,1.784342027900193,0.01465606245766704
1986-05-15,5.89751,1.7745302279319985,-0.009811799968194368
1986-05-16,5.92668,1.7794641911339033,0.004933963201904756
1986-05-19,5.94093,1.7818656867759959,0.002401495642092577
1986-05-20,6.07788,1.8046559509630753,0.022790264187079412
1986-05-21,5.97001,1.786748602444984,-0.017907348518091393
1986-05-22,6.13564,1.814114392200379,0.027365789755395165
1986-05-23,6.2223,1.8281396133208054,0.014025221120426368
1986-05-27,6.25069,1.8326918576546785,0.004552244333873023
1986-05-28,6.3448,1.8476355797869728,0.014943722132294335
1986-05-29,6.3733,1.8521173888159455,0.004481809028972661
1986-05-30,6.35886,1.8498491160026562,-0.0022682728132892294
1986-06-02,6.23634,1.830393471838823,-0.019455644163833163
1986-06-03,6.26514,1.8350009344670704,0.004607462628247294
1986-06-04,6.25069,1.8326918576546785,-0.002309076812391897
1986-06-05,6.23634,1.830393471838823,-0.002298385815855397
1986-06-06,6.25069,1.8326918576546785,0.002298385815855397
1986-06-09,6.10686,1.809412729465373,-0.023279128189305442
1986-06-10,6.06344,1.8022772957907447,-0.007135433674628322
1986-06-11,6.10686,1.809412729465373,0.007135433674628322
1986-06-12,6.13564,1.814114392200379,0.004701662735006051
1986-06-13,6.16453,1.8188118968893712,0.004697504688992105
1986-06-16,6.19332,1.8234712918627358,0.00465939497336465
1986-06-17,6.1212,1.8117581557347442,-0.01171313612799163
1986-06-18,6.07788,1.8046559509630753,-0.007102204771668896
1986-06-19,6.02758,1.7963456034861471,-0.00831034747692816
1986-06-20,6.06344,1.8022772957907447,0.005931692304597558
1986-06-23,6.02758,1.7963456034861471,-0.005931692304597558
1986-06-24,6.09212,1.8069961328034567,0.010650529317309587
1986-06-25,6.22947,1.8292912569493747,0.022295124145917944
1986-06-26,6.19332,1.8234712918627358,-0.005819965086638845
1986-06-27,6.2441,1.8316370178997008,0.008165726036964971
1986-06-30,6.17897,1.8211515909125005,-0.010485426987200341
1986-07-01,6.19332,1.8234712918627358,0.0023197009502353705
1986-07-02,6.25826,1.8339021912037154,0.010430899340979627
1986-07-03,6.25826,1.8339021912037154,0.0
1986-07-07,6.13564,1.814114392200379,-0.01978779900333638
1986-07-08,5.97001,1.786748602444984,-0.027365789755395165
1986-07-09,5.97001,1.786748602444984,0.0
1986-07-10,5.97001,1.786748602444984,0.0
1986-07-11,5.89751,1.7745302279319985,-0.012218374512985353
1986-07-14,5.63804,1.7295364873811911,-0.044993740550807404
1986-07-15,5.60945,1.7244526755127607,-0.005083811868430432
1986-07-16,5.59491,1.721857255843626,-0.00259541966913468
1986-07-17,5.58017,1.7192192418789627,-0.002638013964663344
1986-07-18,5.48674,1.7023342722266088,-0.016884969652353865
1986-07-21,5.48674,1.7023342722266088,0.0
1986-07-22,5.4724,1.699717277063822,-0.002616995162786795
1986-07-23,5.50118,1.7049626146813859,0.00524533761756385
1986-07-24,5.42898,1.6917512709968379,-0.013211343684548016
1986-07-25,5.51543,1.707549618841005,0.015798347844167226
1986-07-28,5.45766,1.69702012646526,-0.010529492375745075
1986-07-29,5.30666,1.668962635465931,-0.02805749099932897
1986-07-30,5.26324,1.6607468066999722,-0.008215828765958832
1986-07-31,5.29212,1.66621892173258,0.005472115032607805
1986-08-01,5.29212,1.66621892173258,0.0
1986-08-04,5.33534,1.6743526128073898,0.008133691074809768
1986-08-05,5.42898,1.6917512709968379,0.01739865818944808
1986-08-06,5.66722,1.7346986976797663,0.04294742668292839
1986-08-07,5.60945,1.7244526755127607,-0.010246022167005542
1986-08-08,5.58017,1.7192192418789627,-0.005233433633798024
1986-08-11,5.63804,1.7295364873811911,0.010317245502228456
1986-08-12,5.59491,1.721857255843626,-0.007679231537565112
1986-08-13,5.68107,1.737139595273413,0.015282339429786962
1986-08-14,5.69591,1.7397483734230466,0.0026087781496335616
1986-08-15,5.73206,1.7460749774617341,0.006326604038687567
1986-08-18,5.73206,1.7460749774617341,0.0
1986-08-19,5.81821,1.7609926542995704,0.014917676837836291
1986-08-20,5.88315,1.7720923327525795,0.011099678453009076
1986-08-21,5.8472,1.765962914184045,-0.00612941856853455
1986-08-22,5.83285,1.7635057316856588,-0.0024571824983861124
1986-08-25,5.78953,1.7560511138513935,-0.007454617834265376
1986-08-26,5.86175,1.768448193818708,0.01239707996731454
1986-08-27,5.86175,1.768448193818708,0.0
1986-08-28,5.86175,1.768448193818708,0.0
1986-08-29,5.88315,1.7720923327525795,0.003644138933871499
1986-09-02,5.81821,1.7609926542995704,-0.011099678453009076
1986-09-03,5.81821,1.7609926542995704,0.0
1986-09-04,5.88315,1.7720923327525795,0.011099678453009076
1986-09-05,5.73206,1.7460749774617341,-0.026017355290845368
1986-09-08,5.58017,1.7192192418789627,-0.026855735582771434
1986-09-09,5.60945,1.7244526755127607,0.005233433633798024
1986-09-10,5.58017,1.7192192418789627,-0.005233433633798024
1986-09-11,5.42898,1.6917512709968379,-0.027467970882124826
1986-09-12,5.22728,1.6538910663083142,-0.03786020468852369
1986-09-15,5.33534,1.6743526128073898,0.02046154649907561
1986-09-16,5.38594,1.6837918543347836,0.009439241527393838
1986-09-17,5.42898,1.6917512709968379,0.007959416662054242
1986-09-18,5.36394,1.6796987796745453,-0.01205249132229258
1986-09-19,5.30666,1.668962635465931,-0.01073614420861424
1986-09-22,5.38594,1.6837918543347836,0.014829218868852578
1986-09-23,5.50826,1.7062487838191434,0.022456929484359733
1986-09-24,5.55188,1.714136609138068,0.007887825318924735
1986-09-25,5.42898,1.6917512709968379,-0.022385338141230227
1986-09-26,5.4724,1.699717277063822,0.007966006066984166
1986-09-29,5.36394,1.6796987796745453,-0.020018497389276746
1986-09-30,5.30666,1.668962635465931,-0.01073614420861424
1986-10-01,5.30666,1.668962635465931,0.0
1986-10-02,5.29212,1.66621892173258,-0.0027437137333510275
1986-10-03,5.29212,1.66621892173258,0.0
1986-10-06,5.3212,1.6716988418276135,0.005479920095033508
1986-10-07,5.36394,1.6796987796745453,0.00799993784693176
1986-10-08,5.48674,1.7023342722266088,0.02263549255206354
1986-10-09,5.40018,1.6864322863480188,-0.01590198587859004
1986-10-10,5.33534,1.6743526128073898,-0.012079673540628999
1986-10-13,5.33534,1.6743526128073898,0.0
1986-10-14,5.30666,1.668962635465931,-0.00538997734145874
1986-10-15,5.45766,1.69702012646526,0.02805749099932897
1986-10-16,5.45766,1.69702012646526,0.0
1986-10-17,5.41464,1.6891063962484685,-0.007913730216791537
1986-10-20,5.29212,1.66621892173258,-0.022887474515888462
1986-10-21,5.29212,1.66621892173258,0.0
1986-10-22,5.26324,1.6607468066999722,-0.005472115032607805
1986-10-23,5.30666,1.668962635465931,0.008215828765958832
1986-10-24,5.30666,1.668962635465931,0.0
1986-10-27,5.26324,1.6607468066999722,-0.008215828765958832
1986-10-28,5.21284,1.6511248128154241,-0.009621993884548097
1986-10-29,5.29212,1.66621892173258,0.015094108917155902
1986-10-30,5.38594,1.6837918543347836,0.017572932602203606
1986-10-31,5.36394,1.6796987796745453,-0.004093074660238338
1986-11-03,5.3212,1.6716988418276135,-0.00799993784693176
1986-11-04,5.45766,1.69702012646526,0.02532128463764649
1986-11-05,5.48674,1.7023342722266088,0.00531414576134881
1986-11-06,5.41464,1.6891063962484685,-0.013227875978140347
1986-11-07,5.42898,1.6917512709968379,0.0026448747483693857
1986-11-10,5.42898,1.6917512709968379,0.0
1986-11-11,5.38594,1.6837918543347836,-0.007959416662054242
1986-11-12,5.44302,1.6943340538895524,0.01054219955476876
1986-11-13,5.34979,1.6770573078010733,-0.017276746088479067
1986-11-14,5.33534,1.6743526128073898,-0.002704694993683532
1986-11-17,5.26324,1.6607468066999722,-0.013605806107417573
1986-11-18,5.2484,1.6579232682494236,-0.0028235384505486127
1986-11-19,5.30666,1.668962635465931,0.011039367216507445
1986-11-20,5.33534,1.6743526128073898,0.00538997734145874
1986-11-21,5.45766,1.69702012646526,0.02266751365787023
1986-11-24,5.44302,1.6943340538895524,-0.002686072575707632
1986-11-25,5.4724,1.699717277063822,0.005383223174269647
1986-11-26,5.4724,1.699717277063822,0.0
1986-11-28,5.44302,1.6943340538895524,-0.005383223174269647
1986-12-01,5.53764,1.7115684172187082,0.017234363329155844
1986-12-02,5.73206,1.7460749774617341,0.0345065602430259
1986-12-03,5.7464,1.748573571778455,0.002498594316720837
1986-12-04,5.70278,1.7409537752423503,-0.007619796536104673
1986-12-05,5.63087,1.7282639595204579,-0.012689815721892428
1986-12-08,5.68853,1.7384518667817412,0.01018790726128338
1986-12-09,5.63087,1.7282639595204579,-0.01018790726128338
1986-12-10,5.67439,1.7359630686033272,0.007699109082869304
1986-12-11,5.58017,1.7192192418789627,-0.016743826724364475
1986-12-12,5.50826,1.7062487838191434,-0.012970458059819334
1986-12-15,5.40018,1.6864322863480188,-0.019816497471124572
1986-12-16,5.48674,1.7023342722266088,0.01590198587859004
1986-12-17,5.50826,1.7062487838191434,0.003914511592534531
1986-12-18,5.53764,1.7115684172187082,0.0053196333995648715
1986-12-19,5.50826,1.7062487838191434,-0.0053196333995648715
1986-12-22,5.44302,1.6943340538895524,-0.011914729929590973
1986-12-23,5.40018,1.6864322863480188,-0.0079017675415336
1986-12-24,5.37868,1.682442990909831,-0.003989295438187712
1986-12-26,5.40018,1.6864322863480188,0.003989295438187712
1986-12-29,5.37868,1.682442990909831,-0.003989295438187712
1986-12-30,5.40018,1.6864322863480188,0.003989295438187712
1986-12-31,5.24182,1.6566687662727342,-0.0297635200752846
1987-01-02,5.3212,1.6716988418276135,0.01503007555487934
1987-01-05,5.42898,1.6917512709968379,0.02005242916922434
1987-01-06,5.45766,1.69702012646526,0.005268855468422151
1987-01-07,5.5229,1.7089030846533768,0.011882958188116799
1987-01-08,5.65975,1.733379721628278,0.02447663697490121
1987-01-09,5.67439,1.7359630686033272,0.002583346975049139
1987-01-12,5.71035,1.7422803177613766,0.006317249158049432
1987-01-13,5.68853,1.7384518667817412,-0.003828450979635356
1987-01-14,5.68853,1.7384518667817412,0.0
1987-01-15,5.72469,1.7447883995026061,0.006336532720864874
1987-01-16,5.78245,1.7548274683069989,0.010039068804392759
1987-01-19,5.83285,1.7635057316856588,0.008678263378659956
1987-01-20,5.89063,1.7733629528943446,0.009857221208685818
1987-01-21,5.89063,1.7733629528943446,0.0
1987-01-22,5.92668,1.7794641911339033,0.0061012382395586595
1987-01-23,5.92668,1.7794641911339033,0.0
1987-01-26,5.89063,1.7733629528943446,-0.0061012382395586595
1987-01-27,5.97001,1.786748602444984,0.013385649550639256
1987-01-28,5.92668,1.7794641911339033,-0.007284411311080596
1987-01-29,5.86175,1.768448193818708,-0.011015997315195314
1987-01-30,5.81821,1.7609926542995704,-0.007455539519137577
1987-02-02,5.79719,1.7573733173940609,-0.0036193369055095292
1987-02-03,5.78245,1.7548274683069989,-0.002545849087062013
1987-02-04,5.86175,1.768448193818708,0.01362072551170912
1987-02-05,6.06344,1.8022772957907447,0.0338291019720367
1987-02-06,5.9983,1.7914760957482494,-0.010801200042495296
1987-02-09,5.97001,1.786748602444984,-0.004727493303265495
1987-02-10,5.83285,1.7635057316856588,-0.023242870759325074
1987-02-11,5.86175,1.768448193818708,0.004942462133049164
1987-02-12,5.83285,1.7635057316856588,-0.004942462133049164
1987-02-13,5.94093,1.7818656867759959,0.018359955090337055
1987-02-17,5.94093,1.7818656867759959,0.0
1987-02-18,5.97001,1.786748602444984,0.004882915668988019
1987-02-19,6.14282,1.815283920108341,0.02853531766335715
1987-02-20,6.09212,1.8069961328034567,-0.008287787304884331
1987-02-23,5.76782,1.7522941928382898,-0.054701939965166924
1987-02-24,5.81821,1.7609926542995704,0.008698461461280615
1987-02-25,5.72469,1.7447883995026061,-0.0162042547969643
1987-02-26,5.64531,1.7308251119485438,-0.013963287554062287
1987-02-27,5.76782,1.7522941928382898,0.021469080889745973
1987-03-02,5.68853,1.7384518667817412,-0.01384232605654856
1987-03-03,5.75328,1.749770126955793,0.011318260174051797
1987-03-04,5.79719,1.7573733173940609,0.007603190438267848
1987-03-05,5.89063,1.7733629528943446,0.01598963550028376
1987-03-06,5.87599,1.7708745564721977,-0.0024883964221469324
1987-03-09,5.78953,1.7560511138513935,-0.014823442620804261
1987-03-10,5.78953,1.7560511138513935,0.0
1987-03-11,5.71035,1.7422803177613766,-0.013770796090016857
1987-03-12,5.72469,1.7447883995026061,0.0025080817412295175
1987-03-13,5.63087,1.7282639595204579,-0.016524439982148253
1987-03-16,5.5734,1.718005280639393,-0.010258678881064798
1987-03-17,5.63087,1.7282639595204579,0.010258678881064798
1987-03-18,5.61662,1.7257300594904033,-0.0025339000300546033
1987-03-19,5.60218,1.7231558077033644,-0.0025742517870388504
1987-03-20,5.58754,1.720539118750752,-0.002616688952612467
1987-03-23,5.64531,1.7308251119485438,0.010285993197791887
1987-03-24,5.61662,1.7257300594904033,-0.00509505245814057
1987-03-25,5.71035,1.7422803177613766,0.01655025827097334
1987-03-26,5.68107,1.737139595273413,-0.0051407224879636
1987-03-27,5.66722,1.7346986976797663,-0.0024408975936467403
1987-03-30,5.50826,1.7062487838191434,-0.0284499138606229
1987-03-31,5.50826,1.7062487838191434,0.0
1987-04-01,5.5229,1.7089030846533768,0.0026543008342334584
1987-04-02,5.60218,1.7231558077033644,0.014252723049987592
1987-04-03,5.71035,1.7422803177613766,0.01912451005801219
1987-04-06,5.72469,1.7447883995026061,0.0025080817412295175
1987-04-07,5.58754,1.720539118750752,-0.024249280751854174
1987-04-08,5.66722,1.7346986976797663,0.014159578929014316
1987-04-09,5.58754,1.720539118750752,-0.014159578929014316
1987-04-10,5.53764,1.7115684172187082,-0.008970701532043712
1987-04-13,5.28485,1.6648442367056056,-0.046724180513102676
1987-04-14,5.12599,1.6343236771011158,-0.03052055960448974
1987-04-15,5.17649,1.6441272204149593,0.009803543313843477
1987-04-16,5.19103,1.6469321360616807,0.002804915646721362
1987-04-20,5.17649,1.6441272204149593,-0.002804915646721362
1987-04-21,5.25616,1.659400722119284,0.015273501704324621
1987-04-22,5.11165,1.6315222483776284,-0.02787847374165553
1987-04-23,5.20537,1.6496907850351947,0.018168536657566348
1987-04-24,5.19103,1.6469321360616807,-0.0027586489735140773
1987-04-27,5.17649,1.6441272204149593,-0.002804915646721362
1987-04-28,5.19103,1.6469321360616807,0.002804915646721362
1987-04-29,5.27031,1.6620891843526469,0.015157048290966202
1987-04-30,5.34979,1.6770573078010733,0.014968123448426462
1987-05-01,5.37868,1.682442990909831,0.005385683108757755
1987-05-04,5.44302,1.6943340538895524,0.011891062979721312
1987-05-05,5.61662,1.7257300594904033,0.031396005600850874
1987-05-06,5.60218,1.7231558077033644,-0.0025742517870388504
1987-05-07,5.5734,1.718005280639393,-0.005150527063971344
1987-05-08,5.60218,1.7231558077033644,0.005150527063971344
1987-05-11,5.58754,1.720539118750752,-0.002616688952612467
1987-05-12,5.50826,1.7062487838191434,-0.014290334931608584
1987-05-13,5.37868,1.682442990909831,-0.023805792909312284
1987-05-14,5.40018,1.6864322863480188,0.003989295438187712
1987-05-15,5.33534,1.6743526128073898,-0.012079673540628999
1987-05-18,5.27031,1.6620891843526469,-0.01226342845474293
1987-05-19,5.16224,1.6413705938227567,-0.020718590529890113
1987-05-20,4.98913,1.6072615458655317,-0.034109047957225025
1987-05-21,5.17649,1.6441272204149593,0.036865674549427574
1987-05-22,5.25616,1.659400722119284,0.015273501704324621
1987-05-26,5.42898,1.6917512709968379,0.03235054887755395
1987-05-27,5.28485,1.6648442367056056,-0.026907034291232312
1987-05-28,5.28485,1.6648442367056056,0.0
1987-05-29,5.28485,1.6648442367056056,0.0
1987-06-01,5.34979,1.6770573078010733,0.012213071095467765
1987-06-02,5.3212,1.6716988418276135,-0.005358465973459792
1987-06-03,5.40018,1.6864322863480188,0.014733444520405259
1987-06-04,5.41464,1.6891063962484685,0.002674109900449695
1987-06-05,5.53764,1.7115684172187082,0.02246202097023975
1987-06-08,5.66722,1.7346986976797663,0.023130280461058028
1987-06-09,5.68853,1.7384518667817412,0.0037531691019749847
1987-06-10,5.60945,1.7244526755127607,-0.013999191268980526
1987-06-11,5.71742,1.743517654687481,0.019064979174720387
1987-06-12,5.78245,1.7548274683069989,0.011309813619517772
1987-06-15,5.8472,1.765962914184045,0.011135445877046068
1987-06-16,5.94093,1.7818656867759959,0.015902772591950942
1987-06-17,5.96244,1.7854797932707467,0.0036141064947508017
1987-06-18,5.97689,1.7879003657912178,0.0024205725204711204
1987-06-19,5.94093,1.7818656867759959,-0.006034679015221922
1987-06-22,5.89751,1.7745302279319985,-0.007335458843997333
1987-06-23,5.75328,1.749770126955793,-0.024760100976205512
1987-06-24,5.67439,1.7359630686033272,-0.013807058352465873
1987-06-25,5.60945,1.7244526755127607,-0.011510393090566451
1987-06-26,5.59491,1.721857255843626,-0.00259541966913468
1987-06-29,5.54382,1.7126837938280528,-0.00917346201557323
1987-06-30,5.3713,1.681069964883848,-0.031613828944204725
1987-07-01,5.34979,1.6770573078010733,-0.004012657082774762
1987-07-02,5.45088,1.6957770635305243,0.01871975572945095
1987-07-06,5.49382,1.7036238241221655,0.007846760591641244
1987-07-07,5.46503,1.6983696110919342,-0.005254213030231325
1987-07-08,5.41464,1.6891063962484685,-0.009263214843465706
1987-07-09,5.33534,1.6743526128073898,-0.014753783441078694
1987-07-10,5.40018,1.6864322863480188,0.012079673540628999
1987-07-13,5.3713,1.681069964883848,-0.005362321464170705
1987-07-14,5.38594,1.6837918543347836,0.002721889450935544
1987-07-15,5.30666,1.668962635465931,-0.014829218868852578
1987-07-16,5.3212,1.6716988418276135,0.0027362063616824805
1987-07-17,5.30666,1.668962635465931,-0.0027362063616824805
1987-07-20,5.24182,1.6566687662727342,-0.01229386919319686
1987-07-21,5.19103,1.6469321360616807,-0.009736630211053532
1987-07-22,5.16224,1.6413705938227567,-0.005561542238923911
1987-07-23,5.12599,1.6343236771011158,-0.007046916721640928
1987-07-24,5.19103,1.6469321360616807,0.012608458960564839
1987-07-27,5.16224,1.6413705938227567,-0.005561542238923911
1987-07-28,5.08325,1.625950820808314,-0.01541977301444275
1987-07-29,5.14809,1.6386257720985453,0.012674951290231329
1987-07-30,5.11165,1.6315222483776284,-0.007103523720916938
1987-07-31,5.08325,1.625950820808314,-0.005571427569314391
1987-08-03,5.03246,1.6159089301644043,-0.010041890643909701
1987-08-04,5.06115,1.621593730204113,0.005684800039708726
1987-08-05,5.12599,1.6343236771011158,0.012729946897002797
1987-08-06,5.04719,1.6188316527759394,-0.015492024325176379
1987-08-07,5.08325,1.625950820808314,0.0071191680323745565
1987-08-10,5.24182,1.6566687662727342,0.030717945464420193
1987-08-11,5.6236,1.7269720282236152,0.07030326195088099
1987-08-12,5.60945,1.7244526755127607,-0.002519352710854461
1987-08-13,5.78245,1.7548274683069989,0.03037479279423816
1987-08-14,5.63804,1.7295364873811911,-0.025290980925807727
1987-08-17,5.70278,1.7409537752423503,0.011417287861159142
1987-08-18,5.6236,1.7269720282236152,-0.013981747018735113
1987-08-19,5.46503,1.6983696110919342,-0.02860241713168099
1987-08-20,5.46503,1.6983696110919342,0.0
1987-08-21,5.34979,1.6770573078010733,-0.021312303290860868
1987-08-24,5.27031,1.6620891843526469,-0.014968123448426462
1987-08-25,5.3713,1.681069964883848,0.018980780531201225
1987-08-26,5.30666,1.668962635465931,-0.012107329417917034
1987-08-27,5.19103,1.6469321360616807,-0.022030499404250392
1987-08-28,5.12599,1.6343236771011158,-0.012608458960564839
1987-08-31,5.16224,1.6413705938227567,0.007046916721640928
1987-09-01,5.09769,1.6287874959449697,-0.012583097877786997
1987-09-02,5.04719,1.6188316527759394,-0.00995584316903031
1987-09-03,5.04719,1.6188316527759394,0.0
1987-09-04,4.96771,1.602958969336391,-0.015872683439548396
1987-09-08,5.00357,1.610151657657367,0.00719268832097586
1987-09-09,4.98913,1.6072615458655317,-0.0028901117918351815
1987-09-10,5.01085,1.6116055613846707,0.004344015519138988
1987-09-11,4.98913,1.6072615458655317,-0.004344015519138988
1987-09-14,5.16961,1.6427972504718649,0.03553570460633315
1987-09-15,5.11921,1.633000130271429,-0.009797120200435883
1987-09-16,5.01085,1.6116055613846707,-0.02139456888675828
1987-09-17,4.94621,1.598621626750251,-0.012983934634419603
1987-09-18,4.90995,1.59126375845519,-0.007357868295061021
1987-09-21,4.85925,1.5808841050160394,-0.010379653439150704
1987-09-22,4.92449,1.5942207159625466,0.013336610946507177
1987-09-23,4.92449,1.5942207159625466,0.0
1987-09-24,4.85925,1.5808841050160394,-0.013336610946507177
1987-09-25,4.80905,1.5704995594134445,-0.01038454560259483
1987-09-28,4.92449,1.5942207159625466,0.023721156549102007
1987-09-29,4.84531,1.5780112267840054,-0.016209489178541148
1987-09-30,4.96045,1.6014964624279506,0.023485235643945224
1987-10-01,5.01085,1.6116055613846707,0.010109098956720075
1987-10-02,4.97469,1.6043630571113214,-0.007242504273349271
1987-10-05,4.92449,1.5942207159625466,-0.01014234114877488
1987-10-06,4.80905,1.5704995594134445,-0.023721156549102007
1987-10-07,4.80905,1.5704995594134445,0.0
1987-10-08,4.74392,1.5568637981468274,-0.013635761266617141
1987-10-09,4.72957,1.5538342892804506,-0.003029508866376762
1987-10-12,4.78007,1.5644551907476016,0.010620901467151
1987-10-13,4.92449,1.5942207159625466,0.02976552521494491
1987-10-14,4.83087,1.5750265756676636,-0.019194140294882978
1987-10-15,4.85925,1.5808841050160394,0.005857529348375801
1987-10-16,4.63595,1.5338411402597247,-0.04704296475631464
1987-10-19,3.35268,1.2097600260075394,-0.32408111425218533
1987-10-20,3.28765,1.1901730238394117,-0.0195870021681277
1987-10-21,3.64064,1.2921594903692146,0.10198646652980292
1987-10-22,3.65538,1.296200054965793,0.004040564596578422
1987-10-23,3.576,1.2742448573112677,-0.02195519765452536
1987-10-26,3.28765,1.1901730238394117,-0.08407183347185598
1987-10-27,3.33087,1.2032335311308335,0.01306050729142183
1987-10-28,3.38147,1.2183105261910485,0.015076995060214982
1987-10-29,3.36722,1.2140874781097084,-0.004223048081340108
1987-10-30,3.51125,1.2559720994363164,0.041884621326607974
1987-11-02,3.67698,1.3020917630875894,0.04611966365127307
1987-11-03,3.576,1.2742448573112677,-0.027846905776321762
1987-11-04,3.69162,1.306065386099669,0.03182052878840125
1987-11-05,3.74182,1.3195721240760094,0.0135067379763405
1987-11-06,3.70606,1.3099693176943354,-0.00960280638167399
1987-11-09,3.70606,1.3099693176943354,0.0
1987-11-10,3.72041,1.313833877265586,0.0038645595712505365
1987-11-11,3.80677,1.3367810605503452,0.0229471832847592
1987-11-12,3.74182,1.3195721240760094,-0.017208936474335745
1987-11-13,3.70606,1.3099693176943354,-0.00960280638167399
1987-11-16,3.67698,1.3020917630875894,-0.007877554606745996
1987-11-17,3.62668,1.2883176292235168,-0.013774133864072668
1987-11-18,3.56174,1.270249189502643,-0.018068439720873686
1987-11-19,3.5255,1.2600222701769583,-0.010226919325684758
1987-11-20,3.62668,1.2883176292235168,0.028295359046558444
1987-11-23,3.576,1.2742448573112677,-0.014072771912249094
1987-11-24,3.56174,1.270249189502643,-0.003995667808624592
1987-11-25,3.46046,1.2414015282097124,-0.028847661292930704
1987-11-27,3.46046,1.2414015282097124,0.0
1987-11-30,3.35268,1.2097600260075394,-0.03164150220217299
1987-12-01,3.33087,1.2032335311308335,-0.006526494876705868
1987-12-02,3.39601,1.2226012130855193,0.019367681954685745
1987-12-03,3.23695,1.174631528423822,-0.047969684661697265
1987-12-04,3.15059,1.147589736886091,-0.027041791537731008
1987-12-07,3.08555,1.1267299234767267,-0.02085981340936427
1987-12-08,3.15059,1.147589736886091,0.02085981340936427
1987-12-09,3.20846,1.1657910712458837,0.018201334359792654
1987-12-10,3.19401,1.1612771806583015,-0.0045138905875821145
1987-12-11,3.20846,1.1657910712458837,0.0045138905875821145
1987-12-14,3.20846,1.1657910712458837,0.0
1987-12-15,2.7753,1.0207588494632456,-0.14503222178263808
1987-12-16,2.92719,1.0740429184830809,0.05328406901983529
1987-12-17,2.86254,1.051709342581852,-0.022333575901228864
1987-12-18,3.07887,1.1245626465505236,0.07285330396867162
1987-12-21,3.07887,1.1245626465505236,0.0
1987-12-22,3.06414,1.1197669427405068,-0.004795703810016816
1987-12-23,3.11453,1.1360782580304176,0.01631131528991081
1987-12-24,3.07887,1.1245626465505236,-0.011515611479893995
1987-12-28,3.04233,1.112623669215762,-0.011938977334761569
1987-12-29,3.06414,1.1197669427405068,0.007143273524744753
1987-12-30,3.04233,1.112623669215762,-0.007143273524744753
1987-12-31,2.86254,1.051709342581852,-0.060914326633910054
1988-01-04,3.07887,1.1245626465505236,0.07285330396867162
1988-01-05,2.91284,1.0691285502758707,-0.0554340962746529
1988-01-06,2.92719,1.0740429184830809,0.00491436820721014
1988-01-07,2.94143,1.0788958576569234,0.004852939173842552
1988-01-08,2.7253,1.0025785137986754,-0.07631734385824807
1988-01-11,2.89103,1.0616128400125369,0.05903432621386151
1988-01-12,2.81165,1.033771499629977,-0.02784134038255992
1988-01-13,2.79014,1.0260917737858093,-0.007679725844167651
1988-01-14,2.74662,1.0103710648176718,-0.015720708968137487
1988-01-15,2.76135,1.0157196905785437,0.005348625760871917
1988-01-18,2.7253,1.0025785137986754,-0.013141176779868369
1988-01-19,2.74662,1.0103710648176718,0.007792551018996452
1988-01-20,2.76135,1.0157196905785437,0.005348625760871917
1988-01-21,2.74662,1.0103710648176718,-0.005348625760871917
1988-01-22,2.6965,0.9919546357951446,-0.01841642902252716
1988-01-25,2.7753,1.0207588494632456,0.02880421366810093
1988-01-26,2.7253,1.0025785137986754,-0.018180335664570224
1988-01-27,2.76135,1.0157196905785437,0.013141176779868369
1988-01-28,2.7753,1.0207588494632456,0.005039158884701855
1988-01-29,2.87688,1.056706373584817,0.03594752412157143
1988-02-01,2.79014,1.0260917737858093,-0.030614599799007713
1988-02-02,2.7753,1.0207588494632456,-0.005332924322563715
1988-02-03,2.79014,1.0260917737858093,0.005332924322563715
1988-02-04,2.87688,1.056706373584817,0.030614599799007713
1988-02-05,2.99193,1.0959186641166214,0.03921229053180442
1988-02-08,2.92719,1.0740429184830809,-0.021875745633540555
1988-02-09,2.92719,1.0740429184830809,0.0
1988-02-10,2.96314,1.0862495168845925,0.012206598401511615
1988-02-11,2.97768,1.0911444738205887,0.004894956935996175
1988-02-12,3.04233,1.112623669215762,0.0214791953951734
1988-02-16,3.14381,1.1454354401708644,0.03281177095510235
1988-02-17,3.09303,1.129151192976942,-0.016284247193922408
1988-02-18,3.07887,1.1245626465505236,-0.004588546426418372
1988-02-19,3.11453,1.1360782580304176,0.011515611479893995
1988-02-22,3.15815,1.1499864131221558,0.01390815509173815
1988-02-23,3.12898,1.140707072847845,-0.009279340274310766
1988-02-24,3.19401,1.1612771806583015,0.02057010781045654
1988-02-25,3.20846,1.1657910712458837,0.0045138905875821145
1988-02-26,3.25905,1.1814357418672228,0.01564467062133912
1988-02-29,3.34531,1.207559364921347,0.02612362305412419
1988-03-01,3.35966,1.2118397783788206,0.004280413457473653
1988-03-02,3.41035,1.226814925324561,0.014975146945740425
1988-03-03,3.41035,1.226814925324561,0.0
1988-03-04,3.28047,1.1879867048135635,-0.038828220510997546
1988-03-07,3.33087,1.2032335311308335,0.015246826317270035
1988-03-08,3.38147,1.2183105261910485,0.015076995060214982
1988-03-09,3.30209,1.1945556013348513,-0.023754924856197235
1988-03-10,3.26623,1.1836364146039344,-0.010919186730916852
1988-03-11,3.30209,1.1945556013348513,0.010919186730916852
1988-03-14,3.35268,1.2097600260075394,0.015204424672688122
1988-03-15,3.31682,1.1990064925895436,-0.010753533417995786
1988-03-16,3.30209,1.1945556013348513,-0.004450891254692335
1988-03-17,3.33814,1.2054137656423374,0.010858164307486096
1988-03-18,3.26623,1.1836364146039344,-0.021777351038402948
1988-03-21,3.25179,1.179205613954711,-0.004430800649223521
1988-03-22,3.22977,1.1724109272688552,-0.0067946866858557
1988-03-23,3.22977,1.1724109272688552,0.0
1988-03-24,3.12898,1.140707072847845,-0.0317038544210102
1988-03-25,3.09303,1.129151192976942,-0.011555879870903008
1988-03-28,3.07887,1.1245626465505236,-0.004588546426418372
1988-03-29,3.05707,1.1174569409128103,-0.007105705637713289
1988-03-30,3.02799,1.1078990330598415,-0.009557907852968839
1988-03-31,2.94143,1.0788958576569234,-0.02900317540291808
1988-04-04,2.95587,1.083793023769759,0.004897166112835638
1988-04-05,3.07887,1.1245626465505236,0.04076962278076457
1988-04-06,3.21553,1.1679921963579973,0.04342954980747371
1988-04-07,3.21553,1.1679921963579973,0.0
1988-04-08,3.21553,1.1679921963579973,0.0
1988-04-11,3.26623,1.1836364146039344,0.01564421824593709
1988-04-12,3.26623,1.1836364146039344,0.0
1988-04-13,3.26623,1.1836364146039344,0.0
1988-04-14,3.17957,1.1567459675232339,-0.02689044708070054
1988-04-15,3.17957,1.1567459675232339,0.0
1988-04-18,3.22977,1.1724109272688552,0.01566495974562132
1988-04-19,3.25179,1.179205613954711,0.0067946866858557
1988-04-20,3.19401,1.1612771806583015,-0.017928433296409363
1988-04-21,3.21553,1.1679921963579973,0.006715015699695792
1988-04-22,3.22977,1.1724109272688552,0.004418730910857871
1988-04-25,3.30209,1.1945556013348513,0.022144674065996073
1988-04-26,3.40298,1.2246515183342925,0.030095916999441252
1988-04-27,3.40298,1.2246515183342925,0.0
1988-04-28,3.40298,1.2246515183342925,0.0
1988-04-29,3.38874,1.2204581708857718,-0.0041933474485207345
1988-05-02,3.40298,1.2246515183342925,0.0041933474485207345
1988-05-03,3.40298,1.2246515183342925,0.0
1988-05-04,3.38874,1.2204581708857718,-0.0041933474485207345
1988-05-05,3.33814,1.2054137656423374,-0.015044405243434422
1988-05-06,3.36722,1.2140874781097084,0.00867371246737103
1988-05-09,3.40298,1.2246515183342925,0.010564040224584126
1988-05-10,3.41752,1.2289151418300066,0.004263623495714075
1988-05-11,3.41752,1.2289151418300066,0.0
1988-05-12,3.48973,1.249824369324747,0.020909227494740446
1988-05-13,3.56174,1.270249189502643,0.02042482017789604
1988-05-16,3.64064,1.2921594903692146,0.02191030086657153
1988-05-17,3.61214,1.284300394493524,-0.007859095875690558
1988-05-18,3.50428,1.253985078557416,-0.030315315936108034
1988-05-19,3.56174,1.270249189502643,0.01626411094522706
1988-05-20,3.66274,1.2982115012064928,0.027962311703849663
1988-05-23,3.67698,1.3020917630875894,0.0038802618810966916
1988-05-24,3.72748,1.3157324021158696,0.013640639028280166
1988-05-25,3.78525,1.3311119349063445,0.015379532790474881
1988-05-26,3.83555,1.3443128404422693,0.01320090553592479
1988-05-27,3.85019,1.3481224977313402,0.0038096572890709
1988-05-31,3.97261,1.3794233094166655,0.03130081168532528
1988-06-01,4.14591,1.4221223061079296,0.04269899669126409
1988-06-02,4.08813,1.4080876527871709,-0.014034653320758705
1988-06-03,4.19631,1.4342055676906718,0.026117914903500905
1988-06-06,4.31164,1.461318342180753,0.027112774490081204
1988-06-07,4.31164,1.461318342180753,0.0
1988-06-08,4.33355,1.4663870675434687,0.0050687253627157425
1988-06-09,4.19631,1.4342055676906718,-0.032181499852796946
1988-06-10,4.23236,1.4427597571006483,0.008554189409976543
1988-06-13,4.23236,1.4427597571006483,0.0
1988-06-14,4.30398,1.459540176008538,0.016780418907889727
1988-06-15,4.26802,1.4511500194641413,-0.008390156544396676
1988-06-16,4.02339,1.392124830849187,-0.05902518861495443
1988-06-17,4.14591,1.4221223061079296,0.029997475258742634
1988-06-20,4.16723,1.4272515465014495,0.005129240393519918
1988-06-21,4.21772,1.4392946976815437,0.012043151180094247
1988-06-22,4.30398,1.459540176008538,0.020245478326994304
1988-06-23,4.28983,1.4562471051151267,-0.003293070893411354
1988-06-24,4.34033,1.4679503820880169,0.011703276972890198
1988-06-27,4.23236,1.4427597571006483,-0.02519062498736857
1988-06-28,4.25407,1.447876171743743,0.005116414643094647
1988-06-29,4.21772,1.4392946976815437,-0.008581474062199224
1988-06-30,4.30398,1.459540176008538,0.020245478326994304
1988-07-01,4.09501,1.4097691593044932,-0.049771016704044824
1988-07-05,4.26802,1.4511500194641413,0.04138086015964815
1988-07-06,4.18167,1.4307106882802891,-0.020439331183852216
1988-07-07,4.21772,1.4392946976815437,0.008584009401254589
1988-07-08,4.18167,1.4307106882802891,-0.008584009401254589
1988-07-11,4.18167,1.4307106882802891,0.0
1988-07-12,4.13127,1.4185848657559141,-0.012125822524374996
1988-07-13,4.21772,1.4392946976815437,0.020709831925629585
1988-07-14,4.23236,1.4427597571006483,0.003465059419104577
1988-07-15,4.30398,1.459540176008538,0.016780418907889727
1988-07-18,4.21772,1.4392946976815437,-0.020245478326994304
1988-07-19,4.13127,1.4185848657559141,-0.020709831925629585
1988-07-20,4.18167,1.4307106882802891,0.012125822524374996
1988-07-21,4.16723,1.4272515465014495,-0.0034591417788396583
1988-07-22,4.14591,1.4221223061079296,-0.005129240393519918
1988-07-25,4.16723,1.4272515465014495,0.005129240393519918
1988-07-26,4.14591,1.4221223061079296,-0.005129240393519918
1988-07-27,4.14591,1.4221223061079296,0.0
1988-07-28,4.19631,1.4342055676906718,0.0120832615827422
1988-07-29,4.41264,1.484473149801417,0.050267582110745224
1988-08-01,4.46274,1.4957629271721888,0.011289777370771859
1988-08-02,4.5496,1.5150393170104528,0.019276389838263963
1988-08-03,4.5711,1.5197538761612817,0.0047145591508288565
1988-08-04,4.6217,1.5307626027789596,0.011008726617677933
1988-08-05,4.6721,1.5416086494064503,0.010846046627490669
1988-08-08,4.72957,1.5538342892804506,0.012225639874000382
1988-08-09,4.6721,1.5416086494064503,-0.012225639874000382
1988-08-10,4.47738,1.4990380539235686,-0.04257059548288167
1988-08-11,4.4988,1.5038106945477296,0.004772640624161051
1988-08-12,4.4988,1.5038106945477296,0.0
1988-08-15,4.39063,1.479472724763461,-0.02433796978426872
1988-08-16,4.41264,1.484473149801417,0.005000425037956058
1988-08-17,4.51354,1.5070817680187856,0.022608618217368592
1988-08-18,4.51354,1.5070817680187856,0.0
1988-08-19,4.53506,1.5118383139095675,0.004756545890781894
1988-08-22,4.42698,1.4877176360077007,-0.024120677901866783
1988-08-23,4.4485,1.492566960702685,0.004849324694984336
1988-08-24,4.4988,1.5038106945477296,0.011243733845044623
1988-08-25,4.47738,1.4990380539235686,-0.004772640624161051
1988-08-26,4.46274,1.4957629271721888,-0.0032751267513797533
1988-08-29,4.47738,1.4990380539235686,0.0032751267513797533
1988-08-30,4.47738,1.4990380539235686,0.0
1988-08-31,4.4988,1.5038106945477296,0.004772640624161051
1988-09-01,4.4485,1.492566960702685,-0.011243733845044623
1988-09-02,4.59999,1.5260541295796428,0.033487168876957796
1988-09-06,4.63595,1.5338411402597247,0.007787010680081918
1988-09-07,4.69372,1.5462254450318529,0.012384304772128152
1988-09-08,4.5711,1.5197538761612817,-0.026471568870571227
1988-09-09,4.54202,1.5133718470202153,-0.0063820291410663366
1988-09-12,4.54202,1.5133718470202153,0.0
1988-09-13,4.54202,1.5133718470202153,0.0
1988-09-14,4.55666,1.5165898990088875,0.003218051988672199
1988-09-15,4.57818,1.5213015392371092,0.004711640228221681
1988-09-16,4.59262,1.5244506673248364,0.00314912808772716
1988-09-19,4.65029,1.5369295832460101,0.012478915921173783
1988-09-20,4.68635,1.5446540278640506,0.007724444618040449
1988-09-21,4.75826,1.559882055196536,0.015228027332485405
1988-09-22,4.68635,1.5446540278640506,-0.015228027332485405
1988-09-23,4.61404,1.529103828981431,-0.015550198882619659
1988-09-26,4.55666,1.5165898990088875,-0.012513929972543414
1988-09-27,4.57818,1.5213015392371092,0.004711640228221681
1988-09-28,4.57818,1.5213015392371092,0.0
1988-09-29,4.52032,1.5085827877983657,-0.012718751438743459
1988-09-30,4.59262,1.5244506673248364,0.01586787952647062
1988-10-03,4.41264,1.484473149801417,-0.03997751752341938
1988-10-04,4.48456,1.5006403859044124,0.01616723610299542
1988-10-05,4.48456,1.5006403859044124,0.0
1988-10-06,4.4485,1.492566960702685,-0.00807342520172738
1988-10-07,4.54202,1.5133718470202153,0.020804886317530302
1988-10-10,4.52032,1.5085827877983657,-0.004789059221849579
1988-10-11,4.50616,1.505445349590925,-0.0031374382074407237
1988-10-12,4.43406,1.4893156429022951,-0.016129706688629897
1988-10-13,4.43406,1.4893156429022951,0.0
1988-10-14,4.48456,1.5006403859044124,0.011324743002117277
1988-10-17,4.50616,1.505445349590925,0.00480496368651262
1988-10-18,4.52032,1.5085827877983657,0.0031374382074407237
1988-10-19,4.52032,1.5085827877983657,0.0
1988-10-20,4.66483,1.5400513920490158,0.03146860425065001
1988-10-21,4.61404,1.529103828981431,-0.01094756306758482
1988-10-24,4.57818,1.5213015392371092,-0.007802289744321733
1988-10-25,4.57818,1.5213015392371092,0.0
1988-10-26,4.62878,1.5322933344561163,0.010991795219007061
1988-10-27,4.57818,1.5213015392371092,-0.010991795219007061
1988-10-28,4.59262,1.5244506673248364,0.00314912808772716
1988-10-31,4.57818,1.5213015392371092,-0.00314912808772716
1988-11-01,4.61404,1.529103828981431,0.007802289744321733
1988-11-02,4.65029,1.5369295832460101,0.00782575426457921
1988-11-03,4.66483,1.5400513920490158,0.00312180880300561
1988-11-04,4.65029,1.5369295832460101,-0.00312180880300561
1988-11-07,4.57818,1.5213015392371092,-0.015628044008900943
1988-11-08,4.66483,1.5400513920490158,0.018749852811906553
1988-11-09,4.7226,1.5523594953943225,0.012308103345306742
1988-11-10,4.79441,1.567450655926391,0.015091160532068493
1988-11-11,4.7226,1.5523594953943225,-0.015091160532068493
1988-11-14,4.65029,1.5369295832460101,-0.015429912148312352
1988-11-15,4.65029,1.5369295832460101,0.0
1988-11-16,4.55666,1.5165898990088875,-0.020339684237122624
1988-11-17,4.55666,1.5165898990088875,0.0
1988-11-18,4.7004,1.547647611477649,0.031057712468761434
1988-11-21,4.7004,1.547647611477649,0.0
1988-11-22,4.7226,1.5523594953943225,0.004711883916673543
1988-11-23,4.7226,1.5523594953943225,0.0
1988-11-25,4.68635,1.5446540278640506,-0.007705467530271903
1988-11-28,4.65029,1.5369295832460101,-0.007724444618040449
1988-11-29,4.7004,1.547647611477649,0.01071802823163881
1988-11-30,4.79441,1.567450655926391,0.019803044448742035
1988-12-01,4.7731,1.5629959889880285,-0.004454666938362495
1988-12-02,4.86682,1.5824407463991657,0.01944475741113716
1988-12-05,4.66483,1.5400513920490158,-0.0423893543501499
1988-12-06,4.7226,1.5523594953943225,0.012308103345306742
1988-12-07,4.75826,1.559882055196536,0.007522559802213502
1988-12-08,4.7731,1.5629959889880285,0.003113933791492496
1988-12-09,4.81613,1.5719707009976875,0.008974712009659047
1988-12-12,4.65029,1.5369295832460101,-0.0350411177516774
1988-12-13,4.56374,1.5181424628048104,-0.01878712044119979
1988-12-14,4.54202,1.5133718470202153,-0.004770615784595034
1988-12-15,4.54202,1.5133718470202153,0.0
1988-12-16,4.49202,1.5023024892260357,-0.011069357794179613
1988-12-19,4.49202,1.5023024892260357,0.0
1988-12-20,4.50616,1.505445349590925,0.0031428603648893105
1988-12-21,4.50616,1.505445349590925,0.0
1988-12-22,4.52798,1.5102759239299963,0.004830574339071303
1988-12-23,4.52798,1.5102759239299963,0.0
1988-12-27,4.56374,1.5181424628048104,0.007866538874814033
1988-12-28,4.56374,1.5181424628048104,0.0
1988-12-29,4.54202,1.5133718470202153,-0.004770615784595034
1988-12-30,4.54202,1.5133718470202153,0.0
1989-01-03,4.50616,1.505445349590925,-0.007926497429290302
1989-01-04,4.54202,1.5133718470202153,0.007926497429290302
1989-01-05,4.50616,1.505445349590925,-0.007926497429290302
1989-01-06,4.54202,1.5133718470202153,0.007926497429290302
1989-01-09,4.56374,1.5181424628048104,0.004770615784595034
1989-01-10,4.56374,1.5181424628048104,0.0
1989-01-11,4.61404,1.529103828981431,0.01096136617662058
1989-01-12,4.65029,1.5369295832460101,0.00782575426457921
1989-01-13,4.68635,1.5446540278640506,0.007724444618040449
1989-01-16,4.72957,1.5538342892804506,0.009180261416400048
1989-01-17,4.74392,1.5568637981468274,0.003029508866376762
1989-01-18,4.6721,1.5416086494064503,-0.015255148740377145
1989-01-19,4.59999,1.5260541295796428,-0.015554519826807445
1989-01-20,4.61404,1.529103828981431,0.0030496994017881196
1989-01-23,4.56374,1.5181424628048104,-0.01096136617662058
1989-01-24,4.6721,1.5416086494064503,0.023466186601639905
1989-01-25,4.6721,1.5416086494064503,0.0
1989-01-26,4.76553,1.561408758622817,0.019800109216366657
1989-01-27,4.85209,1.5794095399617094,0.01800078133889249
1989-01-30,4.83765,1.5764290656271078,-0.0029804743346015794
1989-01-31,4.76553,1.561408758622817,-0.015020307004290911
1989-02-01,4.80188,1.5690075078991446,0.007598749276327643
1989-02-02,4.8737,1.583853402221266,0.014845894322121467
1989-02-03,4.80188,1.5690075078991446,-0.014845894322121467
1989-02-06,4.74392,1.5568637981468274,-0.012143709752317156
1989-02-07,4.81613,1.5719707009976875,0.015106902850860138
1989-02-08,4.85209,1.5794095399617094,0.0074388389640218655
1989-02-09,4.6721,1.5416086494064503,-0.03780089055525915
1989-02-10,4.68635,1.5446540278640506,0.003045378457600334
1989-02-13,4.72957,1.5538342892804506,0.009180261416400048
1989-02-14,4.70826,1.549318413021861,-0.004515876258589735
1989-02-15,4.6721,1.5416086494064503,-0.0077097636154106475
1989-02-16,4.74392,1.5568637981468274,0.015255148740377145
1989-02-17,4.74392,1.5568637981468274,0.0
1989-02-21,4.68635,1.5446540278640506,-0.01220977028277681
1989-02-22,4.59999,1.5260541295796428,-0.01859989828440778
1989-02-23,4.56374,1.5181424628048104,-0.00791166677483246
1989-02-24,4.49202,1.5023024892260357,-0.015839973578774647
1989-02-27,4.52798,1.5102759239299963,0.007973434703960613
1989-02-28,4.57818,1.5213015392371092,0.01102561530711288
1989-03-01,4.52798,1.5102759239299963,-0.01102561530711288
1989-03-02,4.54202,1.5133718470202153,0.0030959230902189994
1989-03-03,4.50616,1.505445349590925,-0.007926497429290302
1989-03-06,4.50616,1.505445349590925,0.0
1989-03-07,4.57818,1.5213015392371092,0.015856189646184182
1989-03-08,4.57818,1.5213015392371092,0.0
1989-03-09,4.62878,1.5322933344561163,0.010991795219007061
1989-03-10,4.58564,1.5229296815724984,-0.009363652883617846
1989-03-13,4.58564,1.5229296815724984,0.0
1989-03-14,4.64312,1.5353865540624034,0.012456872489905013
1989-03-15,4.7226,1.5523594953943225,0.016972941331919067
1989-03-16,4.88843,1.5868711885402114,0.034511693145888866
1989-03-17,5.07549,1.6244230719911712,0.03755188345095983
1989-03-20,4.94621,1.598621626750251,-0.025801445240920096
1989-03-21,4.98177,1.605785249575983,0.007163622825731908
1989-03-22,4.98177,1.605785249575983,0.0
1989-03-23,4.88843,1.5868711885402114,-0.018914061035771645
1989-03-27,4.94621,1.598621626750251,0.011750438210039738
1989-03-28,5.00357,1.610151657657367,0.011530030907115796
1989-03-29,5.03963,1.6173326666900205,0.007181009032653618
1989-03-30,5.29968,1.6676464413767995,0.050313774686779
1989-03-31,5.41464,1.6891063962484685,0.021459954871668963
1989-04-03,5.39292,1.6850869822009331,-0.0040194140475353635
1989-04-04,5.26324,1.6607468066999722,-0.024340175500960903
1989-04-05,5.20537,1.6496907850351947,-0.011056021664777482
1989-04-06,5.14809,1.6386257720985453,-0.01106501293664941
1989-04-07,5.14809,1.6386257720985453,0.0
1989-04-10,5.19103,1.6469321360616807,0.008306363963135333
1989-04-11,5.29968,1.6676464413767995,0.020714305315118864
1989-04-12,5.22728,1.6538910663083142,-0.013755375068485343
1989-04-13,5.19103,1.6469321360616807,-0.006958930246633521
1989-04-14,5.22728,1.6538910663083142,0.006958930246633521
1989-04-17,5.14809,1.6386257720985453,-0.015265294209768854
1989-04-18,5.26324,1.6607468066999722,0.022121034601426892
1989-04-19,5.33534,1.6743526128073898,0.013605806107417573
1989-04-20,5.3212,1.6716988418276135,-0.00265377097977626
1989-04-21,5.3713,1.681069964883848,0.009371123056234554
1989-04-24,5.3713,1.681069964883848,0.0
1989-04-25,5.41464,1.6891063962484685,0.0080364313646204
1989-04-26,5.42898,1.6917512709968379,0.0026448747483693857
1989-04-27,5.45088,1.6957770635305243,0.004025792533686401
1989-04-28,5.39292,1.6850869822009331,-0.01069008132959115
1989-05-01,5.42898,1.6917512709968379,0.006664288795904749
1989-05-02,5.35706,1.6784153171347749,-0.013335953862062988
1989-05-03,5.26324,1.6607468066999722,-0.017668510434802664
1989-05-04,5.20537,1.6496907850351947,-0.011056021664777482
1989-05-05,5.16961,1.6427972504718649,-0.006893534563329862
1989-05-08,5.16961,1.6427972504718649,0.0
1989-05-09,5.13365,1.6358169071605164,-0.006980343311348447
1989-05-10,5.14809,1.6386257720985453,0.002808864938028899
1989-05-11,5.03963,1.6173326666900205,-0.021293105408524804
1989-05-12,5.09769,1.6287874959449697,0.011454829254949228
1989-05-15,5.07549,1.6244230719911712,-0.004364423953798546
1989-05-16,5.11165,1.6315222483776284,0.007099176386457184
1989-05-17,5.09769,1.6287874959449697,-0.002734752432658638
1989-05-18,5.19103,1.6469321360616807,0.01814464011671091
1989-05-19,5.33534,1.6743526128073898,0.027420476745709133
1989-05-22,5.39292,1.6850869822009331,0.01073436939354333
1989-05-23,5.29968,1.6676464413767995,-0.0174405408241336
1989-05-24,5.24182,1.6566687662727342,-0.010977675104065332
1989-05-25,5.22728,1.6538910663083142,-0.0027776999644200107
1989-05-26,5.24182,1.6566687662727342,0.0027776999644200107
1989-05-30,5.26324,1.6607468066999722,0.004078040427238028
1989-05-31,5.29968,1.6676464413767995,0.006899634676827304
1989-06-01,5.3713,1.681069964883848,0.013423523507048563
1989-06-02,5.5229,1.7089030846533768,0.027833119769528736
1989-06-05,5.50826,1.7062487838191434,-0.0026543008342334584
1989-06-06,5.42898,1.6917512709968379,-0.014497512822305492
1989-06-07,5.54382,1.7126837938280528,0.02093252283121494
1989-06-08,5.5229,1.7089030846533768,-0.003780709174675989
1989-06-09,5.51543,1.707549618841005,-0.0013534658123717236
1989-06-12,5.40018,1.6864322863480188,-0.021117332492986307
1989-06-13,5.30666,1.668962635465931,-0.01746965088208774
1989-06-14,5.36394,1.6796987796745453,0.01073614420861424
1989-06-15,5.30666,1.668962635465931,-0.01073614420861424
1989-06-16,5.34262,1.6757161693533906,0.006753533887459584
1989-06-19,5.43644,1.6931244348823022,0.017408265528911615
1989-06-20,5.51543,1.707549618841005,0.014425183958702847
1989-06-21,5.43644,1.6931244348823022,-0.014425183958702847
1989-06-22,5.4724,1.699717277063822,0.006592842181519787
1989-06-23,5.55188,1.714136609138068,0.01441933207424606
1989-06-26,5.49382,1.7036238241221655,-0.010512785015902582
1989-06-27,5.55188,1.714136609138068,0.010512785015902582
1989-06-28,5.55188,1.714136609138068,0.0
1989-06-29,5.4724,1.699717277063822,-0.01441933207424606
1989-06-30,5.4724,1.699717277063822,0.0
1989-07-03,5.49382,1.7036238241221655,0.003906547058343479
1989-07-05,5.4724,1.699717277063822,-0.003906547058343479
1989-07-06,5.49382,1.7036238241221655,0.003906547058343479
1989-07-07,5.5734,1.718005280639393,0.014381456517227553
1989-07-10,5.66722,1.7346986976797663,0.016693417040373193
1989-07-11,5.7464,1.748573571778455,0.013874874098688705
1989-07-12,5.76065,1.7510503155632533,0.002476743784798341
1989-07-13,5.78245,1.7548274683069989,0.003777152743745571
1989-07-14,5.76065,1.7510503155632533,-0.003777152743745571
1989-07-17,5.72469,1.7447883995026061,-0.006261916060647188
1989-07-18,5.63087,1.7282639595204579,-0.016524439982148253
1989-07-19,5.64531,1.7308251119485438,0.0025611524280859665
1989-07-20,5.60945,1.7244526755127607,-0.006372436435783113
1989-07-21,5.64531,1.7308251119485438,0.006372436435783113
1989-07-24,5.70278,1.7409537752423503,0.010128663293806461
1989-07-25,5.68853,1.7384518667817412,-0.002501908460609048
1989-07-26,5.72469,1.7447883995026061,0.006336532720864874
1989-07-27,5.79719,1.7573733173940609,0.012584917891454772
1989-07-28,5.81821,1.7609926542995704,0.0036193369055095292
1989-07-31,5.93365,1.7806395379922768,0.019646883692706396
1989-08-01,5.91233,1.77704000076198,-0.003599537230296823
1989-08-02,5.95566,1.784342027900193,0.00730202713821293
1989-08-03,5.95566,1.784342027900193,0.0
1989-08-04,5.81821,1.7609926542995704,-0.023349373600622503
1989-08-07,5.97001,1.786748602444984,0.025755948145413488
1989-08-08,5.91233,1.77704000076198,-0.009708601683003915
1989-08-09,5.85437,1.7671883909187602,-0.009851609843219755
1989-08-10,5.91233,1.77704000076198,0.009851609843219755
1989-08-11,5.89751,1.7745302279319985,-0.002509772829981438
1989-08-14,5.85437,1.7671883909187602,-0.007341837013238317
1989-08-15,5.83983,1.7647016868274024,-0.002486704091357872
1989-08-16,5.83983,1.7647016868274024,0.0
1989-08-17,5.76065,1.7510503155632533,-0.01365137126414906
1989-08-18,5.76065,1.7510503155632533,0.0
1989-08-21,5.68853,1.7384518667817412,-0.012598448781512062
1989-08-22,5.68853,1.7384518667817412,0.0
1989-08-23,5.72469,1.7447883995026061,0.006336532720864874
1989-08-24,5.78245,1.7548274683069989,0.010039068804392759
1989-08-25,5.70278,1.7409537752423503,-0.013873693064648585
1989-08-28,5.76065,1.7510503155632533,0.010096540320903014
1989-08-29,5.76065,1.7510503155632533,0.0
1989-08-30,5.83983,1.7647016868274024,0.01365137126414906
1989-08-31,5.81821,1.7609926542995704,-0.003709032527831946
1989-09-01,5.83983,1.7647016868274024,0.003709032527831946
1989-09-05,5.81821,1.7609926542995704,-0.003709032527831946
1989-09-06,5.64531,1.7308251119485438,-0.03016754235102659
1989-09-07,5.72469,1.7447883995026061,0.013963287554062287
1989-09-08,5.7464,1.748573571778455,0.003785172275848847
1989-09-11,5.76782,1.7522941928382898,0.003720621059834839
1989-09-12,5.76782,1.7522941928382898,0.0
1989-09-13,5.73206,1.7460749774617341,-0.006219215376555676
1989-09-14,5.67439,1.7359630686033272,-0.01011190885840696
1989-09-15,5.65268,1.7321297689796424,-0.003833299623684727
1989-09-18,5.86901,1.7696859654425259,0.03755619646288344
1989-09-19,5.86901,1.7696859654425259,0.0
1989-09-20,5.94809,1.7830701596199505,0.013384194177424646
1989-09-21,6.1212,1.8117581557347442,0.028687996114793668
1989-09-22,6.06344,1.8022772957907447,-0.009480859943999498
1989-09-25,6.04192,1.7987218422280302,-0.0035554535627144723
1989-09-26,5.96244,1.7854797932707467,-0.013242048957283536
1989-09-27,6.00606,1.7927689595212286,0.007289166250481927
1989-09-28,6.20068,1.8246589634562724,0.03189000393504382
1989-09-29,6.35198,1.8487665753252682,0.024107611868995793
1989-10-02,6.3733,1.8521173888159455,0.003350813490677229
1989-10-03,6.3733,1.8521173888159455,0.0
1989-10-04,6.35198,1.8487665753252682,-0.003350813490677229
1989-10-05,6.31562,1.8430259299222518,-0.005740645403016442
1989-10-06,6.35198,1.8487665753252682,0.005740645403016442
1989-10-09,6.3952,1.855547708974922,0.0067811336496537145
1989-10-10,6.29402,1.8395999762666548,-0.015947732708267104
1989-10-11,6.25826,1.8339021912037154,-0.005697785062939387
1989-10-12,6.14282,1.815283920108341,-0.018618271095374395
1989-10-13,5.51543,1.707549618841005,-0.10773430126733596
1989-10-16,5.73206,1.7460749774617341,0.03852535862072903
1989-10-17,5.59491,1.721857255843626,-0.02421772161810809
1989-10-18,5.61662,1.7257300594904033,0.003872803646777223
1989-10-19,5.61662,1.7257300594904033,0.0
1989-10-20,5.55876,1.7153750618067458,-0.010354997683657441
1989-10-23,5.44302,1.6943340538895524,-0.021041007917193433
1989-10-24,5.38594,1.6837918543347836,-0.01054219955476876
1989-10-25,5.40018,1.6864322863480188,0.002640432013235161
1989-10-26,5.26324,1.6607468066999722,-0.025685479648046572
1989-10-27,5.22728,1.6538910663083142,-0.006855740391658038
1989-10-30,5.09033,1.6273426614667568,-0.026548404841557405
1989-10-31,5.22728,1.6538910663083142,0.026548404841557405
1989-11-01,5.20537,1.6496907850351947,-0.004200281273119444
1989-11-02,5.12599,1.6343236771011158,-0.015367107934078916
1989-11-03,5.12599,1.6343236771011158,0.0
1989-11-06,4.85925,1.5808841050160394,-0.05343957208507644
1989-11-07,4.83765,1.5764290656271078,-0.004455039388931548
1989-11-08,4.99641,1.6087196545486517,0.032290588921543906
1989-11-09,5.05388,1.6201562651146697,0.011436610566017968
1989-11-10,5.05388,1.6201562651146697,0.0
1989-11-13,5.03246,1.6159089301644043,-0.004247334950265413
1989-11-14,5.01085,1.6116055613846707,-0.004303368779733585
1989-11-15,4.97469,1.6043630571113214,-0.007242504273349271
1989-11-16,5.05388,1.6201562651146697,0.01579320800334827
1989-11-17,5.09033,1.6273426614667568,0.0071863963520870655
1989-11-20,4.93854,1.5970697409586354,-0.03027292050812136
1989-11-21,4.95308,1.6000096053028368,0.0029398643442013483
1989-11-22,5.01085,1.6116055613846707,0.011595956081833947
1989-11-24,5.03246,1.6159089301644043,0.004303368779733585
1989-11-27,5.09033,1.6273426614667568,0.011433731302352479
1989-11-28,5.06881,1.6231060760495042,-0.004236585417252581
1989-11-29,4.99641,1.6087196545486517,-0.014386421500852453
1989-11-30,4.93854,1.5970697409586354,-0.011649913590016325
1989-12-01,4.97469,1.6043630571113214,0.007293316152686025
1989-12-04,5.09033,1.6273426614667568,0.022979604355435335
1989-12-05,4.97469,1.6043630571113214,-0.022979604355435335
1989-12-06,4.99641,1.6087196545486517,0.004356597437330301
1989-12-07,4.97469,1.6043630571113214,-0.004356597437330301
1989-12-08,5.05388,1.6201562651146697,0.01579320800334827
1989-12-11,5.11921,1.633000130271429,0.012843865156759282
1989-12-12,5.09769,1.6287874959449697,-0.004212634326459241
1989-12-13,5.00357,1.610151657657367,-0.018635838287602846
1989-12-14,5.00357,1.610151657657367,0.0
1989-12-15,4.96045,1.6014964624279506,-0.008655195229416268
1989-12-18,4.64312,1.5353865540624034,-0.0661099083655472
1989-12-19,4.58564,1.5229296815724984,-0.012456872489905013
1989-12-20,4.7226,1.5523594953943225,0.02942981382182408
1989-12-21,4.7226,1.5523594953943225,0.0
1989-12-22,4.7004,1.547647611477649,-0.004711883916673543
1989-12-26,4.7004,1.547647611477649,0.0
1989-12-27,4.68635,1.5446540278640506,-0.0029935836135983607
1989-12-28,4.76553,1.561408758622817,0.016754730758766323
1989-12-29,4.74392,1.5568637981468274,-0.004544960475989512
1990-01-02,4.76553,1.561408758622817,0.004544960475989512
1990-01-03,4.92449,1.5942207159625466,0.032811957339729636
1990-01-04,4.93854,1.5970697409586354,0.002849024996088856
1990-01-05,4.96045,1.6014964624279506,0.00442672146931522
1990-01-08,4.96045,1.6014964624279506,0.0
1990-01-09,4.80188,1.5690075078991446,-0.03248895452880607
1990-01-10,4.78007,1.5644551907476016,-0.004552317151542917
1990-01-11,4.7226,1.5523594953943225,-0.012095695353279146
1990-01-12,4.68635,1.5446540278640506,-0.007705467530271903
1990-01-15,4.68635,1.5446540278640506,0.0
1990-01-16,4.66483,1.5400513920490158,-0.004602635815034839
1990-01-17,4.64312,1.5353865540624034,-0.004664837986612325
1990-01-18,4.60736,1.5276550248587464,-0.00773152920365705
1990-01-19,4.58564,1.5229296815724984,-0.004725343286247963
1990-01-22,4.4485,1.492566960702685,-0.030362720869813398
1990-01-23,4.32579,1.4645947826632635,-0.027972178039421536
1990-01-24,4.3476,1.4696239687068948,0.00502918604363134
1990-01-25,4.30398,1.459540176008538,-0.010083792698356797
1990-01-26,4.21075,1.4376407790963583,-0.02189939691217968
1990-01-29,4.10985,1.4133865314917702,-0.024254247604588164
1990-01-30,4.00885,1.3885044171459633,-0.024882114345806894
1990-01-31,4.08813,1.4080876527871709,0.019583235641207564
1990-02-01,4.13127,1.4185848657559141,0.010497212968743286
1990-02-02,4.14591,1.4221223061079296,0.0035374403520154196
1990-02-05,4.13127,1.4185848657559141,-0.0035374403520154196
1990-02-06,4.10985,1.4133865314917702,-0.005198334264143956
1990-02-07,4.13127,1.4185848657559141,0.005198334264143956
1990-02-08,4.13127,1.4185848657559141,0.0
1990-02-09,4.10985,1.4133865314917702,-0.005198334264143956
1990-02-12,4.13127,1.4185848657559141,0.005198334264143956
1990-02-13,4.08813,1.4080876527871709,-0.010497212968743286
1990-02-14,4.18884,1.4324238459621048,0.024336193174933962
1990-02-15,4.28983,1.4562471051151267,0.02382325915302186
1990-02-16,4.30398,1.459540176008538,0.003293070893411354
1990-02-20,4.18884,1.4324238459621048,-0.027116330046433212
1990-02-21,4.16723,1.4272515465014495,-0.0051722994606553385
1990-02-22,4.10985,1.4133865314917702,-0.013865015009679293
1990-02-23,4.05169,1.3991340780303296,-0.01425245346144055
1990-02-26,4.13127,1.4185848657559141,0.019450787725584506
1990-02-27,4.05169,1.3991340780303296,-0.019450787725584506
1990-02-28,4.06633,1.402740872758832,0.0036067947285023383
1990-03-01,4.05169,1.3991340780303296,-0.0036067947285023383
1990-03-02,4.13127,1.4185848657559141,0.019450787725584506
1990-03-05,4.18884,1.4324238459621048,0.013838980206190676
1990-03-06,4.22499,1.4410168939424308,0.008593047980326007
1990-03-07,4.2467,1.4461422107386657,0.005125316796234847
1990-03-08,4.36922,1.474584503473799,0.028442292735133323
1990-03-09,4.27549,1.4528987157034075,-0.02168578777039154
1990-03-12,4.37629,1.4762013334906108,0.023302617787203328
1990-03-13,4.37629,1.4762013334906108,0.0
1990-03-14,4.33355,1.4663870675434687,-0.009814265947142076
1990-03-15,4.25407,1.447876171743743,-0.018510895799725757
1990-03-16,4.17449,1.4289921951525821,-0.01888397659116081
1990-03-19,4.21075,1.4376407790963583,0.008648583943776211
1990-03-20,4.08813,1.4080876527871709,-0.029553126309187494
1990-03-21,4.00885,1.3885044171459633,-0.019583235641207564
1990-03-22,3.92918,1.3684307527109472,-0.020073664435016125
1990-03-23,4.08813,1.4080876527871709,0.03965690007622369
1990-03-26,3.96533,1.3775890798706956,-0.030498572916475286
1990-03-27,3.95069,1.3738902472019405,-0.0036988326687550366
1990-03-28,3.92918,1.3684307527109472,-0.005459494490993366
1990-03-29,3.86453,1.3518400705052869,-0.01659068220566029
1990-03-30,3.80677,1.3367810605503452,-0.015059009954941693
1990-04-02,3.74182,1.3195721240760094,-0.017208936474335745
1990-04-03,3.86453,1.3518400705052869,0.03226794642927744
1990-04-04,3.86453,1.3518400705052869,0.0
1990-04-05,3.74182,1.3195721240760094,-0.03226794642927744
1990-04-06,3.72748,1.3157324021158696,-0.003839721960139819
1990-04-09,3.78525,1.3311119349063445,0.015379532790474881
1990-04-10,3.78525,1.3311119349063445,0.0
1990-04-11,3.80677,1.3367810605503452,0.005669125644000683
1990-04-12,3.98715,1.3830766899639033,0.04629562941355814
1990-04-16,3.92918,1.3684307527109472,-0.014645937252956154
1990-04-17,3.95069,1.3738902472019405,0.005459494490993366
1990-04-18,3.92918,1.3684307527109472,-0.005459494490993366
1990-04-19,3.88615,1.3574189503132172,-0.01101180239772992
1990-04-20,3.78525,1.3311119349063445,-0.026307015406872747
1990-04-23,3.86453,1.3518400705052869,0.020728135598942377
1990-04-24,3.90776,1.3629643198075065,0.011124249302219669
1990-04-25,3.90776,1.3629643198075065,0.0
1990-04-26,3.86453,1.3518400705052869,-0.011124249302219669
1990-04-27,3.84282,1.3462064720782603,-0.005633598427026598
1990-04-30,3.80677,1.3367810605503452,-0.009425411527915095
1990-05-01,3.86453,1.3518400705052869,0.015059009954941693
1990-05-02,3.82848,1.3424678575793367,-0.00937221292595014
1990-05-03,3.86453,1.3518400705052869,0.00937221292595014
1990-05-04,4.05169,1.3991340780303296,0.04729400752504276
1990-05-07,4.13127,1.4185848657559141,0.019450787725584506
1990-05-08,4.10985,1.4133865314917702,-0.005198334264143956
1990-05-09,4.03027,1.3938333712329685,-0.019553160258801716
1990-05-10,4.06633,1.402740872758832,0.008907501525863504
1990-05-11,4.18884,1.4324238459621048,0.029682973203272844
1990-05-14,4.25407,1.447876171743743,0.015452325781638132
1990-05-15,4.37629,1.4762013334906108,0.028325161746867833
1990-05-16,4.31164,1.461318342180753,-0.014882991309857818
1990-05-17,4.31164,1.461318342180753,0.0
1990-05-18,4.35468,1.4712511288447239,0.009932786663970905
1990-05-21,4.37629,1.4762013334906108,0.004950204645886913
1990-05-22,4.3984,1.4812408384288442,0.005039504938233463
1990-05-23,4.3984,1.4812408384288442,0.0
1990-05-24,4.3984,1.4812408384288442,0.0
1990-05-25,4.41264,1.484473149801417,0.003232311372572738
1990-05-29,4.45606,1.494264967525354,0.009791817723937113
1990-05-30,4.45606,1.494264967525354,0.0
1990-05-31,4.45606,1.494264967525354,0.0
1990-06-01,4.55666,1.5165898990088875,0.022324931483533428
1990-06-04,4.6217,1.5307626027789596,0.01417270377007207
1990-06-05,4.67918,1.5431228809026323,0.012360278123672686
1990-06-06,4.65786,1.5385561151925167,-0.004566765710115606
1990-06-07,4.63595,1.5338411402597247,-0.004714974932791938
1990-06-08,4.6217,1.5307626027789596,-0.0030785374807651422
1990-06-11,4.60736,1.5276550248587464,-0.0031075779202132114
1990-06-12,4.58564,1.5229296815724984,-0.004725343286247963
1990-06-13,4.50616,1.505445349590925,-0.017484331981573398
1990-06-14,4.41952,1.486031092907427,-0.019414256683498055
1990-06-15,4.37629,1.4762013334906108,-0.009829759416816186
1990-06-18,4.33355,1.4663870675434687,-0.009814265947142076
1990-06-19,4.3984,1.4812408384288442,0.014853770885375539
1990-06-20,4.27549,1.4528987157034075,-0.02834212272543679
1990-06-21,4.2975,1.4580334582748673,0.005134742571459849
1990-06-22,4.18884,1.4324238459621048,-0.025609612312762486
1990-06-25,4.08813,1.4080876527871709,-0.024336193174933962
1990-06-26,4.13127,1.4185848657559141,0.010497212968743286
1990-06-27,4.25407,1.447876171743743,0.02929130598782881
1990-06-28,4.2975,1.4580334582748673,0.010157286531124354
1990-06-29,4.25407,1.447876171743743,-0.010157286531124354
1990-07-02,4.25407,1.447876171743743,0.0
1990-07-03,4.25407,1.447876171743743,0.0
1990-07-05,4.27549,1.4528987157034075,0.005022543959664505
1990-07-06,4.25407,1.447876171743743,-0.005022543959664505
1990-07-09,4.25407,1.447876171743743,0.0
1990-07-10,4.13127,1.4185848657559141,-0.02929130598782881
1990-07-11,4.14591,1.4221223061079296,0.0035374403520154196
1990-07-12,4.06633,1.402740872758832,-0.019381433349097588
1990-07-13,4.10985,1.4133865314917702,0.010645658732938212
1990-07-16,4.00129,1.3866168091279436,-0.026769722363826576
1990-07-17,4.06633,1.402740872758832,0.016124063630888363
1990-07-18,4.13127,1.4185848657559141,0.015843992997082168
1990-07-19,4.13127,1.4185848657559141,0.0
1990-07-20,4.04481,1.3974345778374169,-0.021150287918497268
1990-07-23,3.95845,1.3758525345024653,-0.021582043334951617
1990-07-24,3.97987,1.3812491554463058,0.005396620943840524
1990-07-25,4.02339,1.392124830849187,0.010875675402881146
1990-07-26,3.97987,1.3812491554463058,-0.010875675402881146
1990-07-27,3.9224,1.3667037113548866,-0.014545444091419224
1990-07-30,3.90029,1.3610509093454681,-0.005652802009418423
1990-07-31,3.83555,1.3443128404422693,-0.016738068903198844
1990-08-01,3.66992,1.3001698634637684,-0.04414297697850089
1990-08-02,3.5255,1.2600222701769583,-0.04014759328681006
1990-08-03,3.43904,1.2351923626706514,-0.02482990750630698
1990-08-06,3.56174,1.270249189502643,0.03505682683199174
1990-08-07,3.75637,1.3234530655465016,0.053203876043858456
1990-08-08,3.9224,1.3667037113548866,0.043250645808385
1990-08-09,3.95845,1.3758525345024653,0.0091488231475787
1990-08-10,3.94401,1.372197972234132,-0.0036545622683332724
1990-08-13,4.00129,1.3866168091279436,0.014418836893811626
1990-08-14,4.02339,1.392124830849187,0.005508021721243317
1990-08-15,3.9224,1.3667037113548866,-0.02542111949430037
1990-08-16,3.85717,1.349933753961293,-0.01676995739359355
1990-08-17,3.85717,1.349933753961293,0.0
1990-08-20,3.79223,1.332954236561834,-0.01697951739945891
1990-08-21,3.75637,1.3234530655465016,-0.009501171015332543
1990-08-22,3.73476,1.317683559492097,-0.005769506054404516
1990-08-23,3.58336,1.2763009077383367,-0.041382651753760324
1990-08-24,3.56174,1.270249189502643,-0.006051718235693615
1990-08-27,3.60458,1.2822052590953257,0.011956069592682583
1990-08-28,3.5473,1.2661867507319804,-0.016018508363345285
1990-08-29,3.5255,1.2600222701769583,-0.006164480555022056
1990-08-30,3.5255,1.2600222701769583,0.0
1990-08-31,3.60458,1.2822052590953257,0.02218298891836734
1990-09-04,3.66992,1.3001698634637684,0.017964604368442716
1990-09-05,3.75637,1.3234530655465016,0.023283202082733157
1990-09-06,3.71304,1.3118509480967857,-0.011602117449715843
1990-09-07,3.81404,1.3386889948002116,0.026838046703425933
1990-09-10,3.76364,1.3253865742160063,-0.013302420584205388
1990-09-11,3.6983,1.3078732546068796,-0.01751331960912661
1990-09-12,3.67698,1.3020917630875894,-0.005781491519290194
1990-09-13,3.59054,1.2783026090158585,-0.02378915407173099
1990-09-14,3.48256,1.2477676555255597,-0.030534953490298777
1990-09-17,3.35268,1.2097600260075394,-0.03800762951802028
1990-09-18,3.35268,1.2097600260075394,0.0
1990-09-19,3.20119,1.1635226156773106,-0.04623741033022877
1990-09-20,3.04979,1.1150727357898644,-0.0484498798874462
1990-09-21,2.91992,1.0715562186446046,-0.043516517145259836
1990-09-24,2.60278,0.9565801045765894,-0.11497611406801522
1990-09-25,2.71076,0.9972290383793049,0.0406489338027155
1990-09-26,2.58127,0.9482815258812082,-0.0489475124980967
1990-09-27,2.42987,0.8878377579790043,-0.06044376790220385
1990-09-28,2.66762,0.9811866891238273,0.09334893114482301
1990-10-01,2.66762,0.9811866891238273,0.0
1990-10-02,2.66762,0.9811866891238273,0.0
1990-10-03,2.53794,0.9313527283508125,-0.04983396077301483
1990-10-04,2.60278,0.9565801045765894,0.025227376225776865
1990-10-05,2.71076,0.9972290383793049,0.0406489338027155
1990-10-08,2.68934,0.9892958103498858,-0.007933228029419093
1990-10-09,2.64611,0.9730906370130941,-0.016205173336791723
1990-10-10,2.58127,0.9482815258812082,-0.024809111131885886
1990-10-11,2.27848,0.8235085539786458,-0.12477297190256242
1990-10-12,2.16992,0.7746903005133402,-0.04881825346530555
1990-10-15,2.21354,0.7945930439551754,0.01990274344183518
1990-10-16,2.21354,0.7945930439551754,0.0
1990-10-17,2.14851,0.7647745786321345,-0.029818465323040888
1990-10-18,2.14851,0.7647745786321345,0.0
1990-10-19,2.19183,0.7847368113337189,0.01996223270158437
1990-10-22,2.19183,0.7847368113337189,0.0
1990-10-23,2.16992,0.7746903005133402,-0.010046510820378662
1990-10-24,2.10537,0.7444912236597583,-0.03019907685358192
1990-10-25,2.10537,0.7444912236597583,0.0
1990-10-26,1.93207,0.6585919670180254,-0.08589925664173292
1990-10-29,1.824,0.6010318916521397,-0.0575600753658857
1990-10-30,1.86762,0.6246648929885534,0.023633001336413773
1990-10-31,1.73754,0.5524703197745514,-0.07219457321400202
1990-11-01,1.86762,0.6246648929885534,0.07219457321400202
1990-11-02,1.99691,0.6916009858167012,0.06693609282814772
1990-11-05,1.97579,0.6809683183744121,-0.010632667442289079
1990-11-06,1.91066,0.6474487321081974,-0.03351958626621465
1990-11-07,1.84591,0.6129723808293038,-0.03447635127889359
1990-11-08,1.93207,0.6585919670180254,0.04561958618872153
1990-11-09,1.91066,0.6474487321081974,-0.011143234909827937
1990-11-12,2.06195,0.7236521369981544,0.07620340488995703
1990-11-13,2.01872,0.702463647197294,-0.02118848980086041
1990-11-14,2.12699,0.7547078347495965,0.052244187552302424
1990-11-15,2.06195,0.7236521369981544,-0.031055697751442013
1990-11-16,2.10537,0.7444912236597583,0.020839086661603834
1990-11-19,2.14851,0.7647745786321345,0.02028335497237621
1990-11-20,2.01872,0.702463647197294,-0.062310931434840455
1990-11-21,1.99691,0.6916009858167012,-0.010862661380592886
1990-11-23,1.95378,0.6697659577220336,-0.02183502809466753
1990-11-26,2.01872,0.702463647197294,0.032697689475260416
1990-11-27,2.01872,0.702463647197294,0.0
1990-11-28,1.95378,0.6697659577220336,-0.032697689475260416
1990-11-29,1.88914,0.6361216990605723,-0.03364425866146137
1990-11-30,1.95378,0.6697659577220336,0.03364425866146137
1990-12-03,2.06195,0.7236521369981544,0.05388617927612083
1990-12-04,2.14851,0.7647745786321345,0.041122441633980045
1990-12-05,2.32141,0.8421747596884331,0.07740018105629864
1990-12-06,2.27848,0.8235085539786458,-0.018666205709787387
1990-12-07,2.27848,0.8235085539786458,0.0
1990-12-10,2.25677,0.8139345874588402,-0.009573966519805577
1990-12-11,2.21354,0.7945930439551754,-0.019341543503664793
1990-12-12,2.23535,0.8043978153576749,0.009804771402499468
1990-12-13,2.16992,0.7746903005133402,-0.029707514844334648
1990-12-14,2.08347,0.7340347729286146,-0.04065552758472557
1990-12-17,1.92529,0.655076605743923,-0.07895816718469162
1990-12-18,2.04053,0.713209578034499,0.05813297229057601
1990-12-19,2.06195,0.7236521369981544,0.010442558963655424
1990-12-20,2.08347,0.7340347729286146,0.010382635930460182
1990-12-21,1.99023,0.6882502099472385,-0.04578456298137612
1990-12-24,1.96832,0.6771803870378664,-0.011069822909372085
1990-12-26,1.99023,0.6882502099472385,0.011069822909372085
1990-12-27,1.94651,0.6660380254813263,-0.02221218446591222
1990-12-28,1.90348,0.6436837898243549,-0.022354235656971366
1990-12-31,1.88186,0.6322606494482652,-0.011423140376089713
1991-01-02,1.96832,0.6771803870378664,0.044919737589601216
1991-01-03,1.96832,0.6771803870378664,0.0
1991-01-04,1.99023,0.6882502099472385,0.011069822909372085
1991-01-07,1.90348,0.6436837898243549,-0.04456642012288359
1991-01-08,1.90348,0.6436837898243549,0.0
1991-01-09,1.83854,0.6089717783895237,-0.03471201143483127
1991-01-10,1.88186,0.6322606494482652,0.023288871058741556
1991-01-11,1.92529,0.655076605743923,0.022815956295657802
1991-01-14,1.86026,0.6207162629023412,-0.03436034284158185
1991-01-15,1.90348,0.6436837898243549,0.02296752692201376
1991-01-16,1.92529,0.655076605743923,0.011392815919568089
1991-01-17,1.92529,0.655076605743923,0.0
1991-01-18,1.94651,0.6660380254813263,0.010961419737403277
1991-01-21,2.06195,0.7236521369981544,0.05761411151682816
1991-01-22,2.19183,0.7847368113337189,0.061084674335564415
1991-01-23,2.21354,0.7945930439551754,0.009856232621456518
1991-01-24,2.19183,0.7847368113337189,-0.009856232621456518
1991-01-25,2.32141,0.8421747596884331,0.057437948354714274
1991-01-28,2.32141,0.8421747596884331,0.0
1991-01-29,2.34361,0.851692475619144,0.009517715930710824
1991-01-30,2.27848,0.8235085539786458,-0.02818392164049821
1991-01-31,2.29989,0.8328612957044437,0.00935274172579792
1991-02-01,2.38635,0.8697650019372214,0.03690370623277772
1991-02-04,2.71792,0.9998668818888639,0.13010187995164246
1991-02-05,2.6965,0.9919546357951446,-0.00791224609371921
1991-02-06,2.6965,0.9919546357951446,0.0
1991-02-07,2.71792,0.9998668818888639,0.00791224609371921
1991-02-08,2.78336,1.0236588309870818,0.023791949098217913
1991-02-11,3.04233,1.112623669215762,0.08896483822868029
1991-02-12,2.99959,1.0984756126617032,-0.014148056554058819
1991-02-13,3.10757,1.1338410702954391,0.035365457633735886
1991-02-14,2.97768,1.0911444738205887,-0.04269659647485047
1991-02-15,3.04233,1.112623669215762,0.0214791953951734
1991-02-19,2.97768,1.0911444738205887,-0.0214791953951734
1991-02-20,2.8481,1.0466521052928555,-0.044492368527733195
1991-02-21,2.80497,1.0313928437303,-0.015259261562555526
1991-02-22,2.89103,1.0616128400125369,0.030219996282236927
1991-02-25,2.89103,1.0616128400125369,0.0
1991-02-26,2.89103,1.0616128400125369,0.0
1991-02-27,2.91284,1.0691285502758707,0.0075157102633338635
1991-02-28,2.89103,1.0616128400125369,-0.0075157102633338635
1991-03-01,3.02131,1.1056905121681095,0.04407767215557268
1991-03-04,2.99959,1.0984756126617032,-0.007214899506406303
1991-03-05,3.10757,1.1338410702954391,0.035365457633735886
1991-03-06,3.15059,1.147589736886091,0.013748666590651881
1991-03-07,3.15059,1.147589736886091,0.0
1991-03-08,3.10757,1.1338410702954391,-0.013748666590651881
1991-03-11,3.17957,1.1567459675232339,0.022904897227794763
1991-03-12,3.06414,1.1197669427405068,-0.03697902478272708
1991-03-13,3.10757,1.1338410702954391,0.014074127554932314
1991-03-14,3.08555,1.1267299234767267,-0.007111146818712388
1991-03-15,3.06414,1.1197669427405068,-0.006962980736219926
1991-03-18,3.08555,1.1267299234767267,0.006962980736219926
1991-03-19,3.06414,1.1197669427405068,-0.006962980736219926
1991-03-20,2.95587,1.083793023769759,-0.035973918970747754
1991-03-21,2.84054,1.0439941749437056,-0.039798848826053446
1991-03-22,2.73246,1.005202302352079,-0.03879187259162653
1991-03-25,2.84054,1.0439941749437056,0.03879187259162653
1991-03-26,3.02131,1.1056905121681095,0.06169633722440393
1991-03-27,3.04233,1.112623669215762,0.006933157047652516
1991-03-28,3.08555,1.1267299234767267,0.014106254260964679
1991-04-01,2.93475,1.0766222707764945,-0.05010765270023221
1991-04-02,3.12898,1.140707072847845,0.06408480207135048
1991-04-03,3.30935,1.1967517954825941,0.05604472263474913
1991-04-04,3.39601,1.2226012130855193,0.02584941760292514
1991-04-05,3.39601,1.2226012130855193,0.0
1991-04-08,3.41752,1.2289151418300066,0.006313928744487329
1991-04-09,3.28765,1.1901730238394117,-0.038742117990594904
1991-04-10,3.24481,1.177056796823967,-0.013116227015444792
1991-04-11,3.35268,1.2097600260075394,0.03270322918357249
1991-04-12,3.33087,1.2032335311308335,-0.006526494876705868
1991-04-15,3.48973,1.249824369324747,0.04659083819391352
1991-04-16,3.61952,1.2863414203608792,0.03651705103613212
1991-04-17,3.90776,1.3629643198075065,0.07662289944662737
1991-04-18,3.8214,1.340616847623238,-0.02234747218426847
1991-04-19,3.75637,1.3234530655465016,-0.017163782076736522
1991-04-22,3.61952,1.2863414203608792,-0.03711164518562238
1991-04-23,3.75637,1.3234530655465016,0.03711164518562238
1991-04-24,3.73476,1.317683559492097,-0.005769506054404516
1991-04-25,3.73476,1.317683559492097,0.0
1991-04-26,3.68426,1.3040696913641847,-0.01361386812791232
1991-04-29,3.71304,1.3118509480967857,0.007781256732600994
1991-04-30,3.64064,1.2921594903692146,-0.019691457727571082
1991-05-01,3.61952,1.2863414203608792,-0.005818070008335452
1991-05-02,3.576,1.2742448573112677,-0.012096563049611486
1991-05-03,3.53256,1.262022820570304,-0.012222036740963782
1991-05-06,3.46842,1.2436991588518385,-0.018323661718465445
1991-05-07,3.48973,1.249824369324747,0.006125210472908593
1991-05-08,3.51125,1.2559720994363164,0.006147730111569327
1991-05-09,3.55438,1.2681806457950118,0.012208546358695394
1991-05-10,3.44641,1.2373331095541815,-0.030847536240830253
1991-05-13,3.46842,1.2436991588518385,0.006366049297656939
1991-05-14,3.30935,1.1967517954825941,-0.04694736336924432
1991-05-15,3.28765,1.1901730238394117,-0.006578771643182435
1991-05-16,3.33087,1.2032335311308335,0.01306050729142183
1991-05-17,3.30935,1.1967517954825941,-0.006481735648239395
1991-05-20,3.33087,1.2032335311308335,0.006481735648239395
1991-05-21,3.35268,1.2097600260075394,0.006526494876705868
1991-05-22,3.44641,1.2373331095541815,0.02757308354664212
1991-05-23,3.55438,1.2681806457950118,0.030847536240830253
1991-05-24,3.66274,1.2982115012064928,0.030030855411480983
1991-05-28,3.73476,1.317683559492097,0.019472058285604277
1991-05-29,3.68426,1.3040696913641847,-0.01361386812791232
1991-05-30,3.73476,1.317683559492097,0.01361386812791232
1991-05-31,3.7995,1.3348694791277025,0.01718591963560545
1991-06-03,3.73476,1.317683559492097,-0.01718591963560545
1991-06-04,3.90776,1.3629643198075065,0.04528076031540951
1991-06-05,4.08813,1.4080876527871709,0.04512333297966431
1991-06-06,4.13127,1.4185848657559141,0.010497212968743286
1991-06-07,4.31164,1.461318342180753,0.04273347642483882
1991-06-10,4.13127,1.4185848657559141,-0.04273347642483882
1991-06-11,4.31164,1.461318342180753,0.04273347642483882
1991-06-12,4.17449,1.4289921951525821,-0.032326147028170826
1991-06-13,4.19631,1.4342055676906718,0.005213372538089622
1991-06-14,4.17449,1.4289921951525821,-0.005213372538089622
1991-06-17,4.05905,1.4009489560858923,-0.028043239066689818
1991-06-18,3.99441,1.3848958837060354,-0.01605307237985687
1991-06-19,3.99441,1.3848958837060354,0.0
1991-06-20,3.95069,1.3738902472019405,-0.011005636504094918
1991-06-21,3.97261,1.3794233094166655,0.0055330622147249375
1991-06-24,3.92918,1.3684307527109472,-0.010992556705718304
1991-06-25,3.79223,1.332954236561834,-0.03547651614911307
1991-06-26,3.99441,1.3848958837060354,0.05194164714420135
1991-06-27,3.95069,1.3738902472019405,-0.011005636504094918
1991-06-28,3.83555,1.3443128404422693,-0.029577406759671243
1991-07-01,3.85717,1.349933753961293,0.005620913519023718
1991-07-02,3.81404,1.3386889948002116,-0.011244759161081364
1991-07-03,3.70606,1.3099693176943354,-0.028719677105876196
1991-07-05,3.7492,1.3215424838901937,0.011573166195858242
1991-07-08,3.88615,1.3574189503132172,0.035876466423023556
1991-07-09,4.13127,1.4185848657559141,0.061165915442696894
1991-07-10,4.10985,1.4133865314917702,-0.005198334264143956
1991-07-11,4.10985,1.4133865314917702,0.0
1991-07-12,4.26115,1.4495390769021534,0.03615254541038326
1991-07-15,4.78007,1.5644551907476016,0.1149161138454482
1991-07-16,4.6217,1.5307626027789596,-0.03369258796864205
1991-07-17,4.51354,1.5070817680187856,-0.02368083476017402
1991-07-18,4.6217,1.5307626027789596,0.02368083476017402
1991-07-19,4.6217,1.5307626027789596,0.0
1991-07-22,4.6217,1.5307626027789596,0.0
1991-07-23,4.53506,1.5118383139095675,-0.018924288869392125
1991-07-24,4.55666,1.5165898990088875,0.004751585099320055
1991-07-25,4.59999,1.5260541295796428,0.009464230570755294
1991-07-26,4.59999,1.5260541295796428,0.0
1991-07-29,4.59999,1.5260541295796428,0.0
1991-07-30,4.6217,1.5307626027789596,0.004708473199316776
1991-07-31,4.59999,1.5260541295796428,-0.004708473199316776
1991-08-01,4.57818,1.5213015392371092,-0.0047525903425336136
1991-08-02,4.57818,1.5213015392371092,0.0
1991-08-05,4.55666,1.5165898990088875,-0.004711640228221681
1991-08-06,4.64312,1.5353865540624034,0.01879665505351591
1991-08-07,4.69372,1.5462254450318529,0.010838890969449455
1991-08-08,4.8737,1.583853402221266,0.03762795718941314
1991-08-09,4.82349,1.573497732442949,-0.010355669778316923
1991-08-12,4.89541,1.5882980314125812,0.014800298969632086
1991-08-13,5.07549,1.6244230719911712,0.036125040578590006
1991-08-14,5.20537,1.6496907850351947,0.025267713044023532
1991-08-15,5.02519,1.6144632641755974,-0.03522752085959735
1991-08-16,4.93854,1.5970697409586354,-0.01739352321696197
1991-08-19,4.73694,1.5553913576169387,-0.04167838334169671
1991-08-20,4.80188,1.5690075078991446,0.013616150282205863
1991-08-21,4.93854,1.5970697409586354,0.02806223305949085
1991-08-22,4.82349,1.573497732442949,-0.023572008515686305
1991-08-23,4.82349,1.573497732442949,0.0
1991-08-26,4.78007,1.5644551907476016,-0.009042541695347461
1991-08-27,4.71494,1.5507361906598083,-0.013719000087793365
1991-08-28,4.69372,1.5462254450318529,-0.004510745627955393
1991-08-29,4.75826,1.559882055196536,0.013656610164683114
1991-08-30,4.75826,1.559882055196536,0.0
1991-09-03,4.75826,1.559882055196536,0.0
1991-09-04,4.75826,1.559882055196536,0.0
1991-09-05,4.75826,1.559882055196536,0.0
1991-09-06,4.75826,1.559882055196536,0.0
1991-09-09,4.80188,1.5690075078991446,0.00912545270260856
1991-09-10,4.75826,1.559882055196536,-0.00912545270260856
1991-09-11,4.69372,1.5462254450318529,-0.013656610164683114
1991-09-12,4.71494,1.5507361906598083,0.004510745627955393
1991-09-13,4.59999,1.5260541295796428,-0.024682061080165463
1991-09-16,4.48456,1.5006403859044124,-0.025413743675230416
1991-09-17,4.59999,1.5260541295796428,0.025413743675230416
1991-09-18,4.57818,1.5213015392371092,-0.0047525903425336136
1991-09-19,4.57818,1.5213015392371092,0.0
1991-09-20,4.59999,1.5260541295796428,0.0047525903425336136
1991-09-23,4.59999,1.5260541295796428,0.0
1991-09-24,4.53506,1.5118383139095675,-0.014215815670075349
1991-09-25,4.55666,1.5165898990088875,0.004751585099320055
1991-09-26,4.6217,1.5307626027789596,0.01417270377007207
1991-09-27,4.59999,1.5260541295796428,-0.004708473199316776
1991-09-30,4.59999,1.5260541295796428,0.0
1991-10-01,4.44142,1.4909741451324963,-0.03507998444714655
1991-10-02,4.46274,1.4957629271721888,0.004788782039692574
1991-10-03,4.3476,1.4696239687068948,-0.026138958465294015
1991-10-04,4.30398,1.459540176008538,-0.010083792698356797
1991-10-07,4.26115,1.4495390769021534,-0.010001099106384581
1991-10-08,4.28276,1.4545976615740441,0.005058584671890687
1991-10-09,4.16723,1.4272515465014495,-0.027346115072594657
1991-10-10,4.26115,1.4495390769021534,0.02228753040070397
1991-10-11,4.3476,1.4696239687068948,0.020084891804741378
1991-10-14,4.41952,1.486031092907427,0.01640712420053214
1991-10-15,4.73694,1.5553913576169387,0.06936026470951173
1991-10-16,4.69372,1.5462254450318529,-0.009165912585085811
1991-10-17,4.50616,1.505445349590925,-0.040780095440927866
1991-10-18,4.55666,1.5165898990088875,0.011144549417962502
1991-10-21,4.53506,1.5118383139095675,-0.004751585099320055
1991-10-22,4.55666,1.5165898990088875,0.004751585099320055
1991-10-23,4.44142,1.4909741451324963,-0.025615753876391256
1991-10-24,4.32579,1.4645947826632635,-0.02637936246923278
1991-10-25,4.3476,1.4696239687068948,0.00502918604363134
1991-10-28,4.44142,1.4909741451324963,0.02135017642560144
1991-10-29,4.48456,1.5006403859044124,0.009666240771916135
1991-10-30,4.50616,1.505445349590925,0.00480496368651262
1991-10-31,4.48456,1.5006403859044124,-0.00480496368651262
1991-11-01,4.48456,1.5006403859044124,0.0
1991-11-04,4.3984,1.4812408384288442,-0.019399547475568157
1991-11-05,4.46274,1.4957629271721888,0.014522088743344597
1991-11-06,4.53506,1.5118383139095675,0.016075386737378627
1991-11-07,4.59999,1.5260541295796428,0.014215815670075349
1991-11-08,4.53506,1.5118383139095675,-0.014215815670075349
1991-11-11,4.44142,1.4909741451324963,-0.0208641687770712
1991-11-12,4.53506,1.5118383139095675,0.0208641687770712
1991-11-13,4.50616,1.505445349590925,-0.006392964318642447
1991-11-14,4.50616,1.505445349590925,0.0
1991-11-15,4.32579,1.4645947826632635,-0.040850566927661536
1991-11-18,4.28276,1.4545976615740441,-0.009997121089219352
1991-11-19,4.12429,1.4168938837599674,-0.037703777814076744
1991-11-20,4.16723,1.4272515465014495,0.010357662741482088
1991-11-21,4.10229,1.411545354372126,-0.01570619212932356
1991-11-22,4.05905,1.4009489560858923,-0.0105963982862336
1991-11-25,4.03027,1.3938333712329685,-0.007115584852923851
1991-11-26,4.00885,1.3885044171459633,-0.005328954087005178
1991-11-27,3.9224,1.3667037113548866,-0.021800705791076735
1991-11-29,3.82848,1.3424678575793367,-0.02423585377554982
1991-12-02,3.96533,1.3775890798706956,0.03512122229135883
1991-12-03,3.9224,1.3667037113548866,-0.010885368515809013
1991-12-04,3.85019,1.3481224977313402,-0.018581213623546367
1991-12-05,3.66992,1.3001698634637684,-0.04795263426757179
1991-12-06,3.6484,1.2942887153238662,-0.005881148139902148
1991-12-09,3.60458,1.2822052590953257,-0.012083456228540568
1991-12-10,3.51125,1.2559720994363164,-0.026233159659009297
1991-12-11,3.43904,1.2351923626706514,-0.020779736765665024
1991-12-12,3.6484,1.2942887153238662,0.05909635265321489
1991-12-13,3.74182,1.3195721240760094,0.02528340875214319
1991-12-16,3.74182,1.3195721240760094,0.0
1991-12-17,3.576,1.2742448573112677,-0.04532726676474175
1991-12-18,3.55438,1.2681806457950118,-0.006064211516255913
1991-12-19,3.576,1.2742448573112677,0.006064211516255913
1991-12-20,3.72041,1.313833877265586,0.039589019954318294
1991-12-23,3.86453,1.3518400705052869,0.03800619323970089
1991-12-24,3.92918,1.3684307527109472,0.01659068220566029
1991-12-26,4.04481,1.3974345778374169,0.029003825126469707
1991-12-27,4.16015,1.4255511313154166,0.028116553477999684
1991-12-30,4.30398,1.459540176008538,0.03398904469312147
1991-12-31,3.90776,1.3629643198075065,-0.09657585620103148
1992-01-02,4.30398,1.459540176008538,0.09657585620103148
1992-01-03,4.39063,1.479472724763461,0.019932548754922896
1992-01-06,4.55666,1.5165898990088875,0.0371171742454266
1992-01-07,4.6217,1.5307626027789596,0.01417270377007207
1992-01-08,4.83087,1.5750265756676636,0.044263972888703984
1992-01-09,5.06115,1.621593730204113,0.04656715453644944
1992-01-10,4.96771,1.602958969336391,-0.018634760867721978
1992-01-13,4.96771,1.602958969336391,0.0
1992-01-14,5.21981,1.652461002764674,0.049502033428282965
1992-01-15,5.54382,1.7126837938280528,0.0602227910633788
1992-01-16,5.4724,1.699717277063822,-0.012966516764230773
1992-01-17,5.26324,1.6607468066999722,-0.03897047036384982
1992-01-20,5.15517,1.6400000946167328,-0.020746712083239416
1992-01-21,5.12599,1.6343236771011158,-0.005676417515616983
1992-01-22,5.08325,1.625950820808314,-0.008372856292801822
1992-01-23,5.10428,1.6300794034719617,0.004128582663647684
1992-01-24,5.19849,1.6483681988022207,0.018288795330259067
1992-01-27,5.26324,1.6607468066999722,0.01237860789775147
1992-01-28,5.29212,1.66621892173258,0.005472115032607805
1992-01-29,5.08325,1.625950820808314,-0.040268100924266026
1992-01-30,5.19849,1.6483681988022207,0.02241737799390675
1992-01-31,5.15517,1.6400000946167328,-0.008368104185487946
1992-02-03,5.19849,1.6483681988022207,0.008368104185487946
1992-02-04,5.33534,1.6743526128073898,0.025984414005169043
1992-02-05,5.45088,1.6957770635305243,0.02142445072313448
1992-02-06,5.60945,1.7244526755127607,0.02867561198223645
1992-02-07,5.65975,1.733379721628278,0.008927046115517312
1992-02-10,5.91233,1.77704000076198,0.04366027913370196
1992-02-11,5.81821,1.7609926542995704,-0.016047346462409573
1992-02-12,6.00606,1.7927689595212286,0.031776305221658196
1992-02-13,5.97689,1.7879003657912178,-0.004868593730010806
1992-02-14,5.95566,1.784342027900193,-0.0035583378910248875
1992-02-18,5.93365,1.7806395379922768,-0.0037024899079161067
1992-02-19,5.81821,1.7609926542995704,-0.019646883692706396
1992-02-20,5.97689,1.7879003657912178,0.02690771149164739
1992-02-21,6.16453,1.8188118968893712,0.030911531098153366
1992-02-24,6.22947,1.8292912569493747,0.010479360060003495
1992-02-25,6.071,1.803523336148297,-0.025767920801077704
1992-02-26,6.09212,1.8069961328034567,0.00347279665515976
1992-02-27,6.20776,1.8258001223397942,0.01880398953633744
1992-02-28,6.18585,1.8222644256662643,-0.00353569667352982
1992-03-02,6.1212,1.8117581557347442,-0.010506269931520151
1992-03-03,6.1212,1.8117581557347442,0.0
1992-03-04,6.00606,1.7927689595212286,-0.01898919621351558
1992-03-05,5.79719,1.7573733173940609,-0.035395642127167726
1992-03-06,5.72469,1.7447883995026061,-0.012584917891454772
1992-03-09,6.00606,1.7927689595212286,0.0479805600186225
1992-03-10,5.95566,1.784342027900193,-0.008426931621035694
1992-03-11,5.89063,1.7733629528943446,-0.010979075005848271
1992-03-12,5.79719,1.7573733173940609,-0.01598963550028376
1992-03-13,5.91233,1.77704000076198,0.019666683367919102
1992-03-16,5.93365,1.7806395379922768,0.003599537230296823
1992-03-17,6.14282,1.815283920108341,0.03464438211606424
1992-03-18,6.18585,1.8222644256662643,0.006980505557923289
1992-03-19,6.3733,1.8521173888159455,0.02985296314968111
1992-03-20,6.51054,1.87342240208913,0.02130501327318446
1992-03-23,6.3952,1.855547708974922,-0.017874693114207973
1992-03-24,6.3232,1.844225409131357,-0.01132229984356492
1992-03-25,6.3232,1.844225409131357,0.0
1992-03-26,6.43834,1.8622707429142635,0.018045333782906514
1992-03-27,6.3733,1.8521173888159455,-0.01015335409831808
1992-03-30,6.14282,1.815283920108341,-0.0368334687076044
1992-03-31,6.07788,1.8046559509630753,-0.010627969145265759
1992-04-01,6.05656,1.801141982137446,-0.0035139688256293766
1992-04-02,5.8472,1.765962914184045,-0.03517906795340098
1992-04-03,5.75328,1.749770126955793,-0.016192787228251904
1992-04-06,5.96244,1.7854797932707467,0.03570966631495365
1992-04-07,5.68853,1.7384518667817412,-0.047027926489005445
1992-04-08,5.47948,1.701010205946586,-0.03744166083515532
1992-04-09,5.65975,1.733379721628278,0.03236951568169211
1992-04-10,5.89751,1.7745302279319985,0.041150506303720524
1992-04-13,5.89751,1.7745302279319985,0.0
1992-04-14,6.33714,1.8464275625701236,0.07189733463812509
1992-04-15,6.31562,1.8430259299222518,-0.003401632647871855
1992-04-16,6.35886,1.8498491160026562,0.006823186080404442
1992-04-20,6.28704,1.8384903717156615,-0.011358744286994682
1992-04-21,6.45278,1.8645110457024585,0.02602067398679697
1992-04-22,6.68365,1.8996642455081332,0.03515319980567466
1992-04-23,6.77747,1.9136038759699685,0.013939630461835328
1992-04-24,6.64033,1.8931616610485789,-0.020442214921389645
1992-04-27,6.68365,1.8996642455081332,0.006502584459554317
1992-04-28,6.61164,1.8888317320155354,-0.010832513492597728
1992-04-29,6.58983,1.8855275515200678,-0.003304180495467657
1992-04-30,6.52489,1.8756240948291076,-0.009903456690960155
1992-05-01,6.64033,1.8931616610485789,0.017537566219471223
1992-05-04,6.91453,1.933624994621675,0.04046333357309617
1992-05-05,7.00776,1.9470181064723204,0.0133931118506454
1992-05-06,7.145,1.9664128113818307,0.01939470490951023
1992-05-07,7.05816,1.954184394307553,-0.012228417074277687
1992-05-08,6.93604,1.936731006474299,-0.017453387833253897
1992-05-11,7.00776,1.9470181064723204,0.010287099998021354
1992-05-12,7.02967,1.950139763042258,0.0031216565699374588
1992-05-13,7.17398,1.970460591261209,0.020320828218951092
1992-05-14,7.05816,1.954184394307553,-0.016276196953656008
1992-05-15,6.96463,1.940844483064065,-0.01333991124348799
1992-05-18,6.98644,1.9439711275103628,0.0031266444462978438
1992-05-19,7.00776,1.9470181064723204,0.0030469789619576026
1992-05-20,6.98644,1.9439711275103628,-0.0030469789619576026
1992-05-21,6.91453,1.933624994621675,-0.010346132888687798
1992-05-22,6.91453,1.933624994621675,0.0
1992-05-26,6.68365,1.8996642455081332,-0.033960749113541855
1992-05-27,6.68365,1.8996642455081332,0.0
1992-05-28,6.66194,1.896410733426518,-0.003253512081615284
1992-05-29,6.77747,1.9136038759699685,0.017193142543450612
1992-06-01,6.87091,1.9272965574330987,0.013692681463130185
1992-06-02,6.93604,1.936731006474299,0.009434449041200388
1992-06-03,7.00776,1.9470181064723204,0.010287099998021354
1992-06-04,7.05816,1.954184394307553,0.007166287835232543
1992-06-05,7.02967,1.950139763042258,-0.004044631265295084
1992-06-08,7.05816,1.954184394307553,0.004044631265295084
1992-06-09,7.02967,1.950139763042258,-0.004044631265295084
1992-06-10,7.07997,1.9572696704085155,0.007129907366257626
1992-06-11,7.02967,1.950139763042258,-0.007129907366257626
1992-06-12,6.96463,1.940844483064065,-0.009295279978192905
1992-06-15,6.91453,1.933624994621675,-0.007219488442389954
1992-06-16,6.84919,1.9241303971070849,-0.009494597514590142
1992-06-17,6.47478,1.867914630174399,-0.05621576693268593
1992-06-18,6.56812,1.8822276423851743,0.0143130122107753
1992-06-19,6.64033,1.8931616610485789,0.010934018663404599
1992-06-22,6.56812,1.8822276423851743,-0.010934018663404599
1992-06-23,6.64033,1.8931616610485789,0.010934018663404599
1992-06-24,6.61164,1.8888317320155354,-0.0043299290330434115
1992-06-25,6.72649,1.9060534622851042,0.017221730269568747
1992-06-26,6.89271,1.930464331351569,0.024410869066464835
1992-06-29,6.89979,1.9314909763574577,0.0010266450058886711
1992-06-30,6.95039,1.9387977731102206,0.007306796752762912
1992-07-01,7.08744,1.9583242034095714,0.01952643029935075
1992-07-02,7.27478,1.9844135720504734,0.026089368640902055
1992-07-06,7.08744,1.9583242034095714,-0.026089368640902055
1992-07-07,7.04411,1.9521918066392296,-0.006132396770341719
1992-07-08,7.0223,1.9490907997046216,-0.0031010069346080193
1992-07-09,7.15935,1.9684191947287029,0.019328395024081235
1992-07-10,7.27478,1.9844135720504734,0.01599437732177056
1992-07-13,7.06592,1.9552832270500478,-0.02913034500042566
1992-07-14,7.08744,1.9583242034095714,0.003040976359523606
1992-07-15,6.89979,1.9314909763574577,-0.026833227052113662
1992-07-16,6.66891,1.897456428282454,-0.03403454807500372
1992-07-17,6.71263,1.9039908265003345,0.006534398217880488
1992-07-20,6.89979,1.9314909763574577,0.027500149857123235
1992-07-21,6.74113,1.9082275666579052,-0.02326340969955254
1992-07-22,6.52489,1.8756240948291076,-0.032603471828797526
1992-07-23,6.36632,1.851021594640225,-0.024602500188882548
1992-07-24,6.38774,1.8543805282094794,0.0033589335692543187
1992-07-27,6.40936,1.8577594219540756,0.003378893744596212
1992-07-28,6.50308,1.8722759108258005,0.014516488871724853
1992-07-29,6.46014,1.8656509893863051,-0.006624921439495335
1992-07-30,6.48156,1.868961222131522,0.0033102327452168012
1992-07-31,6.52489,1.8756240948291076,0.006662872697585698
1992-08-03,6.48156,1.868961222131522,-0.006662872697585698
1992-08-04,6.43136,1.8611860244384022,-0.00777519769311974
1992-08-05,6.2728,1.8362228259345752,-0.024963198503827
1992-08-06,6.29402,1.8395999762666548,0.003377150332079637
1992-08-07,6.2441,1.8316370178997008,-0.007962958366954043
1992-08-10,6.10686,1.809412729465373,-0.022224288434327777
1992-08-11,6.29402,1.8395999762666548,0.03018724680128182
1992-08-12,6.29402,1.8395999762666548,0.0
1992-08-13,6.31562,1.8430259299222518,0.003425953655596947
1992-08-14,6.48156,1.868961222131522,0.025935292209270155
1992-08-17,6.43136,1.8611860244384022,-0.00777519769311974
1992-08-18,6.38774,1.8543805282094794,-0.006805496228922792
1992-08-19,6.12847,1.8129451266251533,-0.041435401584326126
1992-08-20,6.29402,1.8395999762666548,0.026654849641501555
1992-08-21,6.2223,1.8281396133208054,-0.0114603629458494
1992-08-24,6.01303,1.7939287812350737,-0.034210832085731724
1992-08-25,5.89751,1.7745302279319985,-0.01939855330307516
1992-08-26,5.99152,1.7903451361971179,0.015814908265119332
1992-08-27,6.12847,1.8129451266251533,0.0225999904280354
1992-08-28,6.15009,1.81646671585769,0.0035215892325366482
1992-08-31,6.08515,1.805851376916273,-0.010615338941416974
1992-09-01,6.2223,1.8281396133208054,0.02228823640453248
1992-09-02,6.29402,1.8395999762666548,0.0114603629458494
1992-09-03,6.12847,1.8129451266251533,-0.026654849641501555
1992-09-04,6.2223,1.8281396133208054,0.015194486695652154
1992-09-08,5.89751,1.7745302279319985,-0.053609385388806885
1992-09-09,5.80367,1.758490476065736,-0.016039751866262497
1992-09-10,5.87599,1.7708745564721977,0.012384080406461662
1992-09-11,5.75328,1.749770126955793,-0.021104429516404677
1992-09-14,6.03475,1.7975344286707424,0.047764301714949386
1992-09-15,5.89751,1.7745302279319985,-0.023004200738743874
1992-09-16,5.87599,1.7708745564721977,-0.0036556714598008355
1992-09-17,5.82539,1.7622259500002257,-0.008648606471971965
1992-09-18,5.80367,1.758490476065736,-0.003735473934489697
1992-09-21,5.75328,1.749770126955793,-0.008720349109943015
1992-09-22,5.65975,1.733379721628278,-0.016390405327515012
1992-09-23,5.75328,1.749770126955793,0.016390405327515012
1992-09-24,5.75328,1.749770126955793,0.0
1992-09-25,5.87599,1.7708745564721977,0.021104429516404677
1992-09-28,5.99152,1.7903451361971179,0.019470579724920167
1992-09-29,6.01303,1.7939287812350737,0.0035836450379558293
1992-09-30,6.16453,1.8188118968893712,0.02488311565429746
1992-10-01,6.18585,1.8222644256662643,0.003452528776893171
1992-10-02,6.0487,1.7998433729205299,-0.02242105274573447
1992-10-05,5.9983,1.7914760957482494,-0.008367277172280474
1992-10-06,6.0206,1.7951869221283134,0.003710826380064036
1992-10-07,5.97689,1.7879003657912178,-0.007286556337095629
1992-10-08,5.88315,1.7720923327525795,-0.015808033038638314
1992-10-09,5.85437,1.7671883909187602,-0.004903941833819259
1992-10-12,5.9983,1.7914760957482494,0.024287704829489165
1992-10-13,5.97689,1.7879003657912178,-0.0035757299570315926
1992-10-14,5.9983,1.7914760957482494,0.0035757299570315926
1992-10-15,5.90467,1.7757435632443566,-0.015732532503892838
1992-10-16,5.92668,1.7794641911339033,0.003720627889546746
1992-10-19,6.33016,1.845325512297936,0.06586132116403265
1992-10-20,6.33016,1.845325512297936,0.0
1992-10-21,6.35198,1.8487665753252682,0.0034410630273322695
1992-10-22,6.40228,1.856654176923662,0.007887601598393745
1992-10-23,6.4457,1.8634132418199774,0.006759064896315392
1992-10-26,6.68365,1.8996642455081332,0.036251003688155814
1992-10-27,6.56812,1.8822276423851743,-0.017436603122958916
1992-10-28,6.56812,1.8822276423851743,0.0
1992-10-29,6.56812,1.8822276423851743,0.0
1992-10-30,6.4964,1.8712481773183107,-0.010979465066863536
1992-11-02,6.61164,1.8888317320155354,0.017583554697224724
1992-11-03,6.56812,1.8822276423851743,-0.006604089630361187
1992-11-04,6.58983,1.8855275515200678,0.0032999091348935305
1992-11-05,6.63286,1.892036083732401,0.006508532212333273
1992-11-06,6.66194,1.896410733426518,0.004374649694116828
1992-11-09,6.73425,1.9072064450868906,0.010795711660372742
1992-11-10,6.77747,1.9136038759699685,0.00639743088307787
1992-11-11,6.84919,1.9241303971070849,0.010526521137116385
1992-11-12,6.89979,1.9314909763574577,0.007360579250372812
1992-11-13,6.9215,1.9346325091456527,0.003141532788194956
1992-11-16,6.89979,1.9314909763574577,-0.003141532788194956
1992-11-17,6.79909,1.9167887796974816,-0.014702196659976074
1992-11-18,6.77747,1.9136038759699685,-0.003184903727513122
1992-11-19,6.75567,1.910382152281882,-0.0032217236880864863
1992-11-20,6.73425,1.9072064450868906,-0.003175707194991384
1992-11-23,6.87091,1.9272965574330987,0.020090112346208056
1992-11-24,6.87091,1.9272965574330987,0.0
1992-11-25,7.05816,1.954184394307553,0.026887836874454285
1992-11-27,7.10876,1.961327826354957,0.007143432047403975
1992-11-30,7.08744,1.9583242034095714,-0.0030036229453855867
1992-12-01,6.94302,1.937736838366152,-0.020587365043419403
1992-12-02,6.94302,1.937736838366152,0.0
1992-12-03,6.99371,1.945011173669428,0.007274335303276036
1992-12-04,7.05816,1.954184394307553,0.00917322063812498
1992-12-07,6.99371,1.945011173669428,-0.00917322063812498
1992-12-08,7.03674,1.9511449947389519,0.00613382106952387
1992-12-09,6.89979,1.9314909763574577,-0.019654018381494165
1992-12-10,6.73425,1.9072064450868906,-0.024284531270567067
1992-12-11,6.82777,1.9209981195376655,0.013791674450774893
1992-12-14,6.84919,1.9241303971070849,0.0031322775694193616
1992-12-15,6.9215,1.9346325091456527,0.010502112038567768
1992-12-16,6.87091,1.9272965574330987,-0.0073359517125539675
1992-12-17,6.94302,1.937736838366152,0.01044028093305327
1992-12-18,6.96463,1.940844483064065,0.0031076446979130257
1992-12-21,7.13056,1.9643897727164663,0.023545289652401324
1992-12-22,7.2964,1.9873810758306225,0.022991303114156203
1992-12-23,7.27478,1.9844135720504734,-0.0029675037801490944
1992-12-24,7.27478,1.9844135720504734,0.0
1992-12-28,7.31802,1.9903397995804355,0.00592622752996208
1992-12-29,7.31802,1.9903397995804355,0.0
1992-12-30,7.37588,1.9982152171414742,0.007875417561038711
1992-12-31,7.35417,1.9952674992830934,-0.0029477178583807717
1993-01-04,7.35417,1.9952674992830934,0.0
1993-01-05,7.23874,1.979447158102928,-0.015820341180165398
1993-01-06,7.30338,1.9883372546952087,0.008890096592280683
1993-01-07,7.16682,1.9694620415854676,-0.018875213109741162
1993-01-08,7.21024,1.9755022378441027,0.0060401962586351665
1993-01-11,7.30338,1.9883372546952087,0.012835016851105996
1993-01-12,7.35417,1.9952674992830934,0.006930244587884715
1993-01-13,7.44789,2.0079307708001815,0.012663271517088015
1993-01-14,7.68643,2.039456436453358,0.03152566565317638
1993-01-15,7.71413,2.0430537121200523,0.0035972756666944328
1993-01-18,7.85138,2.0606893125223236,0.0176356004022713
1993-01-19,7.92428,2.0699314639010598,0.009242151378736185
1993-01-20,7.68643,2.039456436453358,-0.03047502744770192
1993-01-21,7.57001,2.024194388452448,-0.0152620480009098
1993-01-22,7.59143,2.0270199794584967,0.0028255910060486222
1993-01-25,7.5202,2.017592733352769,-0.009427246105727871
1993-01-26,7.66453,2.036603192766016,0.019010459413247194
1993-01-27,7.95198,2.0734209542605666,0.03681776149455063
1993-01-28,7.71413,2.0430537121200523,-0.03036724214051434
1993-01-29,7.73653,2.0459532666625564,0.0028995545425041236
1993-02-01,7.80796,2.0551437261468495,0.00919045948429309
1993-02-02,7.82849,2.057769643384707,0.0026259172378573226
1993-02-03,7.92428,2.0699314639010598,0.01216182051635295
1993-02-04,8.02538,2.08260901991993,0.012677556018870106
1993-02-05,8.16066,2.0993250480581556,0.016716028138225703
1993-02-08,8.14022,2.0968172066762523,-0.0025078413819032974
1993-02-09,8.0685,2.08796759139927,-0.008849615276982359
1993-02-10,8.0685,2.08796759139927,0.0
1993-02-11,8.08776,2.090351807687396,0.0023842162881262396
1993-02-12,7.9734,2.07611100158338,-0.014240806104016013
1993-02-16,7.71413,2.0430537121200523,-0.033057289463327866
1993-02-17,7.64261,2.0337391678752152,-0.00931454424483702
1993-02-18,7.57001,2.024194388452448,-0.009544779422767213
1993-02-19,7.82849,2.057769643384707,0.03357525493225877
1993-02-22,7.9734,2.07611100158338,0.01834135819867333
1993-02-23,7.75785,2.0487052339507303,-0.02740576763264979
1993-02-24,7.9734,2.07611100158338,0.02740576763264979
1993-02-25,7.92428,2.0699314639010598,-0.00617953768232038
1993-02-26,7.71413,2.0430537121200523,-0.026877751781007486
1993-03-01,7.80796,2.0551437261468495,0.012090014026797213
1993-03-02,7.9734,2.07611100158338,0.020967275436530652
1993-03-03,7.9962,2.0789664288315994,0.0028554272482193
1993-03-04,7.80796,2.0551437261468495,-0.023822702684749952
1993-03-05,7.78605,2.0523336709503313,-0.002810055196518224
1993-03-08,7.9734,2.07611100158338,0.023777330633048877
1993-03-09,8.16066,2.0993250480581556,0.02321404647477543
1993-03-10,8.37601,2.12537166745482,0.02604661939666464
1993-03-11,8.26184,2.111647323016054,-0.013724344438766245
1993-03-12,8.14022,2.0968172066762523,-0.014830116339801691
1993-03-15,8.14022,2.0968172066762523,0.0
1993-03-16,8.23286,2.108133463434673,0.011316256758420629
1993-03-17,7.9962,2.0789664288315994,-0.02916703460307346
1993-03-18,7.95198,2.0734209542605666,-0.005545474571032827
1993-03-19,7.82849,2.057769643384707,-0.015651310875859803
1993-03-22,7.88115,2.0644738323080096,0.006704188923302823
1993-03-23,7.75785,2.0487052339507303,-0.015768598357279284
1993-03-24,7.59143,2.0270199794584967,-0.021685254492233685
1993-03-25,7.61333,2.0299006582912327,0.0028806788327360167
1993-03-26,7.73653,2.0459532666625564,0.016052608371323718
1993-03-29,7.82849,2.057769643384707,0.011816376722150412
1993-03-30,7.75785,2.0487052339507303,-0.009064409433976461
1993-03-31,7.75039,2.0477431646797624,-0.0009620692709679801
1993-04-01,7.82191,2.0569287702584345,0.009185605578672096
1993-04-02,7.46194,2.009815434026891,-0.04711333623154346
1993-04-05,7.65725,2.0356529114608617,0.02583747743397069
1993-04-06,7.53425,2.019459291623477,-0.016193619837384876
1993-04-07,7.72946,2.045039002461885,0.025579710838408154
1993-04-08,7.72946,2.045039002461885,0.0
1993-04-12,8.13236,2.095851164338618,0.050812161876732986
1993-04-13,8.32728,2.119536872243778,0.023685707905160225
1993-04-14,8.20408,2.1046315915033995,-0.014905280740378668
1993-04-15,7.91691,2.0690009781822787,-0.03563061332112083
1993-04-16,7.94619,2.0726925685084976,0.0036915903262189076
1993-04-19,7.80108,2.0542621856490935,-0.018430382859404126
1993-04-20,7.72946,2.045039002461885,-0.009223183187208495
1993-04-21,7.62827,2.031861083021558,-0.013177919440326757
1993-04-22,7.51263,2.0165856042041175,-0.015275478817440735
1993-04-23,7.26752,1.9834151054250915,-0.033170498779026
1993-04-26,7.07997,1.9572696704085155,-0.026145435016575957
1993-04-27,7.26752,1.9834151054250915,0.026145435016575957
1993-04-28,7.33972,1.993300694759839,0.009885589334747591
1993-04-29,7.41184,2.003078721573821,0.009778026813981988
1993-04-30,7.33972,1.993300694759839,-0.009778026813981988
1993-05-03,7.36851,1.9972155147985762,0.00391482003873711
1993-05-04,7.58475,2.0261396524682525,0.028924137669676275
1993-05-05,7.39012,2.000143972987948,-0.025995679480304457
1993-05-06,7.2964,1.9873810758306225,-0.012762897157325481
1993-05-07,7.22428,1.9774475750534695,-0.009933500777153048
1993-05-10,7.33972,1.993300694759839,0.0158531197063696
1993-05-11,7.58475,2.0261396524682525,0.032838957708413385
1993-05-12,7.55665,2.0224279702908894,-0.0037116821773630626
1993-05-13,7.15218,1.9674172053397445,-0.055010764951144875
1993-05-14,7.02967,1.950139763042258,-0.017277442297486623
1993-05-17,6.93604,1.936731006474299,-0.013408756567958813
1993-05-18,6.91453,1.933624994621675,-0.0031060118526240466
1993-05-19,7.17398,1.970460591261209,0.03683559663953395
1993-05-20,7.2461,1.9804633930952937,0.010002801834084751
1993-05-21,7.00776,1.9470181064723204,-0.0334452866229733
1993-05-24,7.07997,1.9572696704085155,0.010251563936195085
1993-05-25,7.17398,1.970460591261209,0.013190920852693466
1993-05-26,7.53425,2.019459291623477,0.04899870036226783
1993-05-27,7.36851,1.9972155147985762,-0.02224377682490064
1993-05-28,7.36851,1.9972155147985762,0.0
1993-06-01,7.48395,2.0127607274702313,0.015545212671655095
1993-06-02,7.2964,1.9873810758306225,-0.025379651639608758
1993-06-03,7.26752,1.9834151054250915,-0.0039659704055310385
1993-06-04,7.1234,1.9633851395335182,-0.020029965891573243
1993-06-07,6.81343,1.9188956644336748,-0.04448947509984347
1993-06-08,6.95756,1.939828838168004,0.020933173734329236
1993-06-09,7.15218,1.9674172053397445,0.027588367171740513
1993-06-10,7.17398,1.970460591261209,0.00304338592146447
1993-06-11,7.39012,2.000143972987948,0.02968338172673901
1993-06-14,7.46194,2.009815434026891,0.009671461038943008
1993-06-15,7.46194,2.009815434026891,0.0
1993-06-16,7.48395,2.0127607274702313,0.002945293443340269
1993-06-17,7.58475,2.0261396524682525,0.01337892499802118
1993-06-18,7.46194,2.009815434026891,-0.01632421844136145
1993-06-21,7.69949,2.0411540928998515,0.0313386588729605
1993-06-22,7.84421,2.0597756800308087,0.018621587130957185
1993-06-23,7.62827,2.031861083021558,-0.027914597009250475
1993-06-24,7.80108,2.0542621856490935,0.022401102627535252
1993-06-25,7.84421,2.0597756800308087,0.005513494381715223
1993-06-28,8.03903,2.0843084291462994,0.02453274911549075
1993-06-29,7.91003,2.06813157443988,-0.016176854706419608
1993-06-30,7.91003,2.06813157443988,0.0
1993-07-01,7.85875,2.0616275607151335,-0.006504013724746294
1993-07-02,7.71413,2.0430537121200523,-0.018573848595081266
1993-07-06,7.78605,2.0523336709503313,0.00927995883027899
1993-07-07,7.81572,2.0561370901479186,0.00380341919758731
1993-07-08,7.85875,2.0616275607151335,0.005490470567214967
1993-07-09,7.81572,2.0561370901479186,-0.005490470567214967
1993-07-12,7.83655,2.058798686491044,0.0026615963431253498
1993-07-13,7.64261,2.0337391678752152,-0.02505951861582867
1993-07-14,7.54967,2.0215038536964127,-0.012235314178802525
1993-07-15,7.69351,2.0403771163129822,0.01887326261656952
1993-07-16,7.71413,2.0430537121200523,0.0026765958070700258
1993-07-19,7.69351,2.0403771163129822,-0.0026765958070700258
1993-07-20,7.69351,2.0403771163129822,0.0
1993-07-21,7.81572,2.0561370901479186,0.015759973834936325
1993-07-22,7.71413,2.0430537121200523,-0.0130833780278663
1993-07-23,7.78605,2.0523336709503313,0.00927995883027899
1993-07-26,7.88862,2.0654212146171638,0.013087543666832513
1993-07-27,7.78605,2.0523336709503313,-0.013087543666832513
1993-07-28,7.91003,2.06813157443988,0.01579790348954857
1993-07-29,7.95857,2.0742493354764076,0.006117761036527725
1993-07-30,7.98195,2.0771827425127105,0.0029334070363029596
1993-08-02,7.93126,2.0708119133150693,-0.0063708291976412035
1993-08-03,8.05338,2.086091879083702,0.015279965768632664
1993-08-04,8.17638,2.101249509876411,0.015157630792709043
1993-08-05,8.17638,2.101249509876411,0.0
1993-08-06,8.12578,2.0950417236080963,-0.006207786268314752
1993-08-09,8.12578,2.0950417236080963,0.0
1993-08-10,8.03235,2.0834771376971912,-0.011564585910905034
1993-08-11,8.00376,2.0799114312644313,-0.0035657064327598853
1993-08-12,7.98195,2.0771827425127105,-0.0027286887517208314
1993-08-13,8.03235,2.0834771376971912,0.006294395184480717
1993-08-16,7.88862,2.0654212146171638,-0.01805592308002746
1993-08-17,7.73653,2.0459532666625564,-0.01946794795460738
1993-08-18,7.73653,2.0459532666625564,0.0
1993-08-19,7.64261,2.0337391678752152,-0.012214098787341143
1993-08-20,7.62109,2.0309194040880714,-0.0028197637871438808
1993-08-23,7.64261,2.0337391678752152,0.0028197637871438808
1993-08-24,7.81572,2.0561370901479186,0.02239792227270332
1993-08-25,7.81572,2.0561370901479186,0.0
1993-08-26,7.85875,2.0616275607151335,0.005490470567214967
1993-08-27,7.85875,2.0616275607151335,0.0
1993-08-30,7.81572,2.0561370901479186,-0.005490470567214967
1993-08-31,7.85875,2.0616275607151335,0.005490470567214967
1993-09-01,7.73653,2.0459532666625564,-0.015674294052577142
1993-09-02,7.73653,2.0459532666625564,0.0
1993-09-03,7.83655,2.058798686491044,0.012845419828487525
1993-09-07,7.93126,2.0708119133150693,0.012013226824025391
1993-09-08,7.93126,2.0708119133150693,0.0
1993-09-09,8.34309,2.121433651348269,0.05062173803319947
1993-09-10,8.51493,2.141821093294014,0.020387441945745266
1993-09-13,8.32187,2.1188869891938436,-0.022934104100170494
1993-09-14,8.39094,2.1271525523439547,0.008265563150111177
1993-09-15,8.39094,2.1271525523439547,0.0
1993-09-16,8.36844,2.124467487202171,-0.0026850651417835714
1993-09-17,8.39094,2.1271525523439547,0.0026850651417835714
1993-09-20,8.4658,2.1360345179122886,0.008881965568333872
1993-09-21,8.34309,2.121433651348269,-0.014600866564019821
1993-09-22,8.41353,2.1298411243259925,0.008407472977723707
1993-09-23,8.53615,2.1443100864786073,0.01446896215261484
1993-09-24,8.56561,2.1477553493217814,0.003445262843174035
1993-09-27,8.68253,2.161312960856152,0.01355761153437074
1993-09-28,8.7289,2.1666393596216045,0.005326398765452378
1993-09-29,8.68253,2.161312960856152,-0.005326398765452378
1993-09-30,8.77596,2.172016165077401,0.010703204221248708
1993-10-01,8.79806,2.1745312426350307,0.002515077557629919
1993-10-04,8.8181,2.1768064273114525,0.0022751846764217376
1993-10-05,8.79806,2.1745312426350307,-0.0022751846764217376
1993-10-06,8.84286,2.1796103537369618,0.005079111101931044
1993-10-07,8.84286,2.1796103537369618,0.0
1993-10-08,8.74481,2.1684603815335652,-0.01114997220339653
1993-10-11,8.8181,2.1768064273114525,0.008346045777887223
1993-10-12,8.86821,2.1824729721232092,0.0056665448117567685
1993-10-13,8.99022,2.1961373198192535,0.013664347696044299
1993-10-14,8.79806,2.1745312426350307,-0.021606077184222805
1993-10-15,8.47917,2.1376125676550197,-0.036918674980011
1993-10-18,8.1918,2.103133653936624,-0.03447891371839562
1993-10-19,7.96623,2.075211357051657,-0.027922296884967057
1993-10-20,8.0685,2.08796759139927,0.01275623434761286
1993-10-21,8.1918,2.103133653936624,0.015166062537354197
1993-10-22,8.14022,2.0968172066762523,-0.006316447260371838
1993-10-25,8.16066,2.0993250480581556,0.0025078413819032974
1993-10-26,7.96623,2.075211357051657,-0.024113691006498517
1993-10-27,7.96623,2.075211357051657,0.0
1993-10-28,7.96623,2.075211357051657,0.0
1993-10-29,7.82191,2.0569287702584345,-0.01828258679322259
1993-11-01,8.0685,2.08796759139927,0.03103882114083545
1993-11-02,7.91691,2.0690009781822787,-0.018966613216991224
1993-11-03,7.69949,2.0411540928998515,-0.02784688528242718
1993-11-04,7.38305,1.9991868323688737,-0.04196726053097777
1993-11-05,7.57699,2.0251160231648098,0.02592919079593603
1993-11-08,7.50566,2.015657402591228,-0.009458620573581822
1993-11-09,7.52688,2.018480613318694,0.0028232107274659413
1993-11-10,7.55665,2.0224279702908894,0.003947356972195504
1993-11-11,7.45477,2.008854095963445,-0.01357387432744428
1993-11-12,7.50566,2.015657402591228,0.006803306627782835
1993-11-15,7.38305,1.9991868323688737,-0.01647057022235421
1993-11-16,7.45477,2.008854095963445,0.009667263594571374
1993-11-17,7.36114,1.996214812050713,-0.012639283912732058
1993-11-18,7.28196,1.9854000567417256,-0.010814755308987456
1993-11-19,7.18824,1.972446357345549,-0.012953699396176521
1993-11-22,7.04411,1.9521918066392296,-0.02025455070631943
1993-11-23,7.21024,1.9755022378441027,0.023310431204873083
1993-11-24,7.23874,1.979447158102928,0.003944920258825313
1993-11-26,7.31074,1.9893444998283065,0.009897341725378483
1993-11-29,7.45477,2.008854095963445,0.019509596135138585
1993-11-30,7.50566,2.015657402591228,0.006803306627782835
1993-12-01,7.59919,2.0280416626649775,0.012384260073749598
1993-12-02,7.67807,2.038368213494588,0.010326550829610426
1993-12-03,7.69949,2.0411540928998515,0.002785879405263536
1993-12-06,7.75039,2.0477431646797624,0.00658907177991086
1993-12-07,7.8951,2.066242313871848,0.018499149192085618
1993-12-08,7.87349,2.06350142029433,-0.0027408935775179444
1993-12-09,7.87349,2.06350142029433,0.0
1993-12-10,7.69949,2.0411540928998515,-0.022347327394478533
1993-12-13,7.65087,2.0348193668623873,-0.006334726037464211
1993-12-14,7.59919,2.0280416626649775,-0.006777704197409751
1993-12-15,7.55665,2.0224279702908894,-0.005613692374088153
1993-12-16,7.57699,2.0251160231648098,0.002688052873920377
1993-12-17,7.72081,2.04391928081252,0.018803257647710403
1993-12-20,7.8951,2.066242313871848,0.022323033059327813
1993-12-21,7.84421,2.0597756800308087,-0.006466633841039293
1993-12-22,7.91691,2.0690009781822787,0.009225298151469996
1993-12-23,7.91691,2.0690009781822787,0.0
1993-12-27,8.0685,2.08796759139927,0.018966613216991224
1993-12-28,7.96623,2.075211357051657,-0.01275623434761286
1993-12-29,7.87349,2.06350142029433,-0.01170993675732701
1993-12-30,7.91691,2.0690009781822787,0.005499557887948647
1993-12-31,7.8951,2.066242313871848,-0.002758664310430703
1994-01-03,7.94619,2.0726925685084976,0.0064502546366496105
1994-01-04,7.96623,2.075211357051657,0.002518788543159456
1994-01-05,7.8951,2.066242313871848,-0.008969043179809066
1994-01-06,7.77328,2.05069221172718,-0.01555010214466801
1994-01-07,7.9962,2.0789664288315994,0.028274217104419463
1994-01-10,8.11832,2.094123236215818,0.015156807384218762
1994-01-11,8.0685,2.08796759139927,-0.006155644816548289
1994-01-12,8.08776,2.090351807687396,0.0023842162881262396
1994-01-13,8.1693,2.100383225886664,0.010031418199267783
1994-01-14,8.1693,2.100383225886664,0.0
1994-01-17,8.1693,2.100383225886664,0.0
1994-01-18,7.96623,2.075211357051657,-0.025171868835006883
1994-01-19,7.59919,2.0280416626649775,-0.047169694386679506
1994-01-20,7.47687,2.011814255214228,-0.016227407450749354
1994-01-21,7.40447,2.0020838718969642,-0.009730383317263946
1994-01-24,7.42618,2.0050115946208336,0.0029277227238693193
1994-01-25,7.33236,1.992297428608435,-0.012714166012398609
1994-01-26,7.45477,2.008854095963445,0.016556667355010157
1994-01-27,7.57699,2.0251160231648098,0.016261927201364657
1994-01-28,7.69949,2.0411540928998515,0.016038069735041738
1994-01-31,7.77328,2.05069221172718,0.009538118827328468
1994-02-01,7.59919,2.0280416626649775,-0.02265054906220243
1994-02-02,7.69949,2.0411540928998515,0.013112430234873962
1994-02-03,7.45477,2.008854095963445,-0.032299996936406394
1994-02-04,7.28196,1.9854000567417256,-0.023454039221719514
1994-02-07,7.33236,1.992297428608435,0.006897371866709356
1994-02-08,7.25308,1.9814262062391006,-0.010871222369334355
1994-02-09,7.35417,1.9952674992830934,0.013841293043992842
1994-02-10,7.28196,1.9854000567417256,-0.009867442541367843
1994-02-11,7.21024,1.9755022378441027,-0.009897818897622868
1994-02-14,7.18126,1.9714748551291899,-0.004027382714912875
1994-02-15,7.21024,1.9755022378441027,0.004027382714912875
1994-02-16,7.23126,1.9784132948456696,0.002911057001566908
1994-02-17,7.21024,1.9755022378441027,-0.002911057001566908
1994-02-18,7.18126,1.9714748551291899,-0.004027382714912875
1994-02-22,7.30338,1.9883372546952087,0.01686239956601887
1994-02-23,7.37588,1.9982152171414742,0.009877962446265487
1994-02-24,7.35417,1.9952674992830934,-0.0029477178583807717
1994-02-25,7.45477,2.008854095963445,0.01358659668035167
1994-02-28,7.33236,1.992297428608435,-0.016556667355010157
1994-03-01,7.33236,1.992297428608435,0.0
1994-03-02,7.28196,1.9854000567417256,-0.006897371866709356
1994-03-03,7.07997,1.9572696704085155,-0.028130386333210078
1994-03-04,7.15935,1.9684191947287029,0.011149524320187343
1994-03-07,7.15935,1.9684191947287029,0.0
1994-03-08,7.15935,1.9684191947287029,0.0
1994-03-09,7.05816,1.954184394307553,-0.014234800421149885
1994-03-10,7.05816,1.954184394307553,0.0
1994-03-11,7.15935,1.9684191947287029,0.014234800421149885
1994-03-14,7.45477,2.008854095963445,0.04043490123474225
1994-03-15,7.4977,2.0145963068437602,0.005742210880315124
1994-03-16,7.67189,2.03756299962642,0.022966692782659948
1994-03-17,7.62827,2.031861083021558,-0.005701916604861967
1994-03-18,7.54967,2.0215038536964127,-0.01035722932514549
1994-03-21,7.4977,2.0145963068437602,-0.006907546852652491
1994-03-22,7.54967,2.0215038536964127,0.006907546852652491
1994-03-23,7.52688,2.018480613318694,-0.003023240377718839
1994-03-24,7.47687,2.011814255214228,-0.006666358104465697
1994-03-25,7.33236,1.992297428608435,-0.019516826605793236
1994-03-28,7.30338,1.9883372546952087,-0.003960173913226228
1994-03-29,7.21024,1.9755022378441027,-0.012835016851105996
1994-03-30,7.05816,1.954184394307553,-0.021317843536549752
1994-03-31,7.23126,1.9784132948456696,0.02422890053811666
1994-04-04,7.13056,1.9643897727164663,-0.014023522129203325
1994-04-05,7.23126,1.9784132948456696,0.014023522129203325
1994-04-06,7.23126,1.9784132948456696,0.0
1994-04-07,7.55665,2.0224279702908894,0.04401467544521975
1994-04-08,7.48395,2.0127607274702313,-0.009667242820658117
1994-04-11,7.70637,2.042047259585434,0.029286532115202935
1994-04-12,7.65725,2.0356529114608617,-0.006394348124572513
1994-04-13,7.50566,2.015657402591228,-0.01999550886963375
1994-04-14,7.55665,2.0224279702908894,0.006770567699661445
1994-04-15,7.57699,2.0251160231648098,0.002688052873920377
1994-04-18,7.45477,2.008854095963445,-0.016261927201364657
1994-04-19,7.35417,1.9952674992830934,-0.01358659668035167
1994-04-20,7.23126,1.9784132948456696,-0.016854204437423803
1994-04-21,7.30338,1.9883372546952087,0.009923959849539088
1994-04-22,7.15935,1.9684191947287029,-0.019918059966505863
1994-04-25,7.00776,1.9470181064723204,-0.021401088256382428
1994-04-26,7.05816,1.954184394307553,0.007166287835232543
1994-04-28,6.95756,1.939828838168004,-0.014355556139548975
1994-04-29,6.90686,1.9325151206093885,-0.00731371755861554
1994-05-02,7.05816,1.954184394307553,0.021669273698164515
1994-05-03,7.07997,1.9572696704085155,0.003085276100962542
1994-05-04,7.07997,1.9572696704085155,0.0
1994-05-05,7.00776,1.9470181064723204,-0.010251563936195085
1994-05-06,6.88555,1.9294250127954509,-0.017593093676869564
1994-05-09,6.81343,1.9188956644336748,-0.010529348361776103
1994-05-10,6.98644,1.9439711275103628,0.025075463076688065
1994-05-11,6.83485,1.922034524068237,-0.02193660344212578
1994-05-12,6.83485,1.922034524068237,0.0
1994-05-13,6.85675,1.9252335685446806,0.003199044476443591
1994-05-16,6.90686,1.9325151206093885,0.007281552064707819
1994-05-17,7.10876,1.961327826354957,0.02881270574556849
1994-05-18,7.43345,2.0059900847420615,0.04466225838710458
1994-05-19,7.35417,1.9952674992830934,-0.010722585458968092
1994-05-20,7.18126,1.9714748551291899,-0.023792644153903586
1994-05-23,7.15935,1.9684191947287029,-0.0030556604004869925
1994-05-24,7.33236,1.992297428608435,0.02387823387973209
1994-05-25,7.38305,1.9991868323688737,0.006889403760438784
1994-05-26,7.35417,1.9952674992830934,-0.003919333085780297
1994-05-27,7.55665,2.0224279702908894,0.02716047100779595
1994-05-31,7.62827,2.031861083021558,0.009433112730668824
1994-06-01,7.90178,2.0670880505487315,0.03522696752717325
1994-06-02,7.82849,2.057769643384707,-0.009318407164024656
1994-06-03,7.93126,2.0708119133150693,0.013042269930362504
1994-06-06,8.02538,2.08260901991993,0.011797106604860552
1994-06-07,7.88115,2.0644738323080096,-0.018135187611920234
1994-06-08,7.88115,2.0644738323080096,0.0
1994-06-09,7.85138,2.0606893125223236,-0.003784519785686058
1994-06-10,7.95198,2.0734209542605666,0.012731641738243038
1994-06-13,8.12578,2.0950417236080963,0.021620769347529656
1994-06-14,8.02538,2.08260901991993,-0.012432703688166402
1994-06-15,8.02538,2.08260901991993,0.0
1994-06-16,8.02538,2.08260901991993,0.0
1994-06-17,7.93126,2.0708119133150693,-0.011797106604860552
1994-06-20,7.82849,2.057769643384707,-0.013042269930362504
1994-06-21,7.70637,2.042047259585434,-0.0157223837992726
1994-06-22,7.77996,2.0515511967889086,0.009503937203474422
1994-06-23,7.72946,2.045039002461885,-0.006512194327023657
1994-06-24,7.62827,2.031861083021558,-0.013177919440326757
1994-06-27,7.77996,2.0515511967889086,0.019690113767350415
1994-06-28,7.75785,2.0487052339507303,-0.002845962838178284
1994-06-29,7.70637,2.042047259585434,-0.006657974365296138
1994-06-30,7.72946,2.045039002461885,0.0029917428764507648
1994-07-01,7.80796,2.0551437261468495,0.010104723684964512
1994-07-05,7.70637,2.042047259585434,-0.013096466561415276
1994-07-06,7.65725,2.0356529114608617,-0.006394348124572513
1994-07-07,7.72946,2.045039002461885,0.009386091001023278
1994-07-08,7.67807,2.038368213494588,-0.006670788967297003
1994-07-11,7.70637,2.042047259585434,0.0036790460908462386
1994-07-12,7.67807,2.038368213494588,-0.0036790460908462386
1994-07-13,7.67807,2.038368213494588,0.0
1994-07-14,7.85875,2.0616275607151335,0.023259347220545568
1994-07-15,7.75785,2.0487052339507303,-0.012922326764403191
1994-07-18,7.77996,2.0515511967889086,0.002845962838178284
1994-07-19,7.70637,2.042047259585434,-0.009503937203474422
1994-07-20,7.55665,2.0224279702908894,-0.019619289294544817
1994-07-21,7.60597,2.0289334652437536,0.0065054949528642325
1994-07-22,7.60597,2.0289334652437536,0.0
1994-07-25,7.67807,2.038368213494588,0.009434748250834346
1994-07-26,7.67807,2.038368213494588,0.0
1994-07-27,7.52688,2.018480613318694,-0.019887600175894082
1994-07-28,7.55665,2.0224279702908894,0.003947356972195504
1994-07-29,7.70637,2.042047259585434,0.019619289294544817
1994-08-01,7.77996,2.0515511967889086,0.009503937203474422
1994-08-02,7.80796,2.0551437261468495,0.0035925293579408546
1994-08-03,7.80796,2.0551437261468495,0.0
1994-08-04,7.62827,2.031861083021558,-0.02328264312529127
1994-08-05,7.60597,2.0289334652437536,-0.002927617777804592
1994-08-08,7.62827,2.031861083021558,0.002927617777804592
1994-08-09,7.60597,2.0289334652437536,-0.002927617777804592
1994-08-10,7.60597,2.0289334652437536,0.0
1994-08-11,7.62827,2.031861083021558,0.002927617777804592
1994-08-12,7.70637,2.042047259585434,0.010186176563875993
1994-08-15,7.70637,2.042047259585434,0.0
1994-08-16,7.85875,2.0616275607151335,0.01958030112969933
1994-08-17,7.80796,2.0551437261468495,-0.006483834568284053
1994-08-18,7.75785,2.0487052339507303,-0.006438492196119139
1994-08-19,7.77996,2.0515511967889086,0.002845962838178284
1994-08-22,7.82849,2.057769643384707,0.006218446595798177
1994-08-23,7.91003,2.06813157443988,0.010361931055173024
1994-08-24,7.95857,2.0742493354764076,0.006117761036527725
1994-08-25,7.91003,2.06813157443988,-0.006117761036527725
1994-08-26,7.95857,2.0742493354764076,0.006117761036527725
1994-08-29,7.93126,2.0708119133150693,-0.003437422161338244
1994-08-30,7.88115,2.0644738323080096,-0.006338081007059682
1994-08-31,7.77996,2.0515511967889086,-0.012922635519101
1994-09-01,7.70637,2.042047259585434,-0.009503937203474422
1994-09-02,7.70637,2.042047259585434,0.0
1994-09-06,7.67807,2.038368213494588,-0.0036790460908462386
1994-09-07,7.62827,2.031861083021558,-0.006507130473029754
1994-09-08,7.65725,2.0356529114608617,0.0037918284393034796
1994-09-09,7.47687,2.011814255214228,-0.023838656246633505
1994-09-12,7.35417,1.9952674992830934,-0.01654675593113475
1994-09-13,7.37588,1.9982152171414742,0.0029477178583807717
1994-09-14,7.40447,2.0020838718969642,0.003868654755490031
1994-09-15,7.42618,2.0050115946208336,0.0029277227238693193
1994-09-16,7.42618,2.0050115946208336,0.0
1994-09-19,7.28196,1.9854000567417256,-0.019611537879107965
1994-09-20,7.28196,1.9854000567417256,0.0
1994-09-21,7.32509,1.9913054415170701,0.005905384775344524
1994-09-22,7.30338,1.9883372546952087,-0.002968186821861396
1994-09-23,7.25308,1.9814262062391006,-0.0069110484561081265
1994-09-26,7.13056,1.9643897727164663,-0.017036433522634287
1994-09-27,7.13056,1.9643897727164663,0.0
1994-09-28,7.15218,1.9674172053397445,0.0030274326232782034
1994-09-29,7.13056,1.9643897727164663,-0.0030274326232782034
1994-09-30,7.11632,1.9623907378762646,-0.0019990348402016966
1994-10-03,7.03674,1.9511449947389519,-0.011245743137312747
1994-10-04,6.96463,1.940844483064065,-0.01030051167488688
1994-10-05,6.93604,1.936731006474299,-0.004113476589765908
1994-10-06,6.93604,1.936731006474299,0.0
1994-10-07,7.13784,1.9654102095743784,0.02867920310007932
1994-10-10,7.2964,1.9873810758306225,0.021970866256244115
1994-10-11,7.2964,1.9873810758306225,0.0
1994-10-12,7.4977,2.0145963068437602,0.02721523101313772
1994-10-13,7.4977,2.0145963068437602,0.0
1994-10-14,7.59919,2.0280416626649775,0.013445355821217309
1994-10-17,7.65087,2.0348193668623873,0.006777704197409751
1994-10-18,7.65087,2.0348193668623873,0.0
1994-10-19,7.59919,2.0280416626649775,-0.006777704197409751
1994-10-20,7.46961,2.010842788946456,-0.01719887371852158
1994-10-21,7.3975,2.0011421052922276,-0.009700683654228381
1994-10-24,7.1957,1.9734836253915597,-0.02765847990066783
1994-10-25,7.2964,1.9873810758306225,0.013897450439062764
1994-10-26,7.36851,1.9972155147985762,0.009834438967953663
1994-10-27,7.5202,2.017592733352769,0.02037721855419261
1994-10-28,7.59919,2.0280416626649775,0.010448929312208755
1994-10-31,7.72946,2.045039002461885,0.01699733979690743
1994-11-01,7.5202,2.017592733352769,-0.027446269109116184
1994-11-02,7.41891,2.004032146118846,-0.013560587233922838
1994-11-03,7.54967,2.0215038536964127,0.017471707577566775
1994-11-04,7.3975,2.0011421052922276,-0.020361748404185143
1994-11-07,7.31802,1.9903397995804355,-0.010802305711792082
1994-11-08,7.3468,1.9942648442722428,0.003925044691807322
1994-11-09,7.2964,1.9873810758306225,-0.006883768441620308
1994-11-10,7.31802,1.9903397995804355,0.002958723749812986
1994-11-11,7.2964,1.9873810758306225,-0.002958723749812986
1994-11-14,7.3975,2.0011421052922276,0.013761029461605068
1994-11-15,7.41891,2.004032146118846,0.0028900408266183675
1994-11-16,7.3975,2.0011421052922276,-0.0028900408266183675
1994-11-17,7.26752,1.9834151054250915,-0.017726999867136106
1994-11-18,7.1957,1.9734836253915597,-0.009931480033531725
1994-11-21,7.16682,1.9694620415854676,-0.004021583806092188
1994-11-22,6.96463,1.940844483064065,-0.028617558521402575
1994-11-23,7.36851,1.9972155147985762,0.05637103173451119
1994-11-25,7.31802,1.9903397995804355,-0.006875715218140677
1994-11-28,7.2461,1.9804633930952937,-0.009876406485141764
1994-11-29,7.46961,2.010842788946456,0.030379395851162228
1994-11-30,7.3975,2.0011421052922276,-0.009700683654228381
1994-12-01,7.44789,2.0079307708001815,0.006788665507953873
1994-12-02,7.59919,2.0280416626649775,0.020110891864796088
1994-12-05,7.72946,2.045039002461885,0.01699733979690743
1994-12-06,7.82849,2.057769643384707,0.012730640922821834
1994-12-07,7.67189,2.03756299962642,-0.020206643758286624
1994-12-08,7.5202,2.017592733352769,-0.019970266273651394
1994-12-09,7.5202,2.017592733352769,0.0
1994-12-12,7.59919,2.0280416626649775,0.010448929312208755
1994-12-13,7.69949,2.0411540928998515,0.013112430234873962
1994-12-14,7.72946,2.045039002461885,0.0038849095620334673
1994-12-15,7.59919,2.0280416626649775,-0.01699733979690743
1994-12-16,7.54967,2.0215038536964127,-0.006537808968564818
1994-12-19,7.57001,2.024194388452448,0.002690534756035312
1994-12-20,7.54967,2.0215038536964127,-0.002690534756035312
1994-12-21,7.46961,2.010842788946456,-0.010661064749956761
1994-12-22,7.44789,2.0079307708001815,-0.0029120181462745087
1994-12-23,7.44789,2.0079307708001815,0.0
1994-12-27,7.3975,2.0011421052922276,-0.006788665507953873
1994-12-28,7.44789,2.0079307708001815,0.006788665507953873
1994-12-29,7.41891,2.004032146118846,-0.003898624681335505
1994-12-30,7.38305,1.9991868323688737,-0.004845313749972213
1995-01-03,7.46194,2.009815434026891,0.010628601658017267
1995-01-04,7.59143,2.0270199794584967,0.017204545431605656
1995-01-05,7.66453,2.036603192766016,0.009583213307519323
1995-01-06,7.69351,2.0403771163129822,0.0037739235469662624
1995-01-09,7.74311,2.046803415683633,0.0064262993706507565
1995-01-10,7.66453,2.036603192766016,-0.010200222917617019
1995-01-11,7.66453,2.036603192766016,0.0
1995-01-12,7.64261,2.0337391678752152,-0.0028640248908007315
1995-01-13,7.8951,2.066242313871848,0.03250314599663273
1995-01-16,8.00376,2.0799114312644313,0.013669117392583363
1995-01-17,7.8951,2.066242313871848,-0.013669117392583363
1995-01-18,7.79361,2.0533041671734034,-0.01293814669844462
1995-01-19,7.66453,2.036603192766016,-0.01670097440738738
1995-01-20,7.53425,2.019459291623477,-0.017143901142539164
1995-01-23,7.69351,2.0403771163129822,0.020917824689505427
1995-01-24,7.76591,2.0497436422647284,0.00936652595174614
1995-01-25,7.84421,2.0597756800308087,0.010032037766080304
1995-01-26,7.79361,2.0533041671734034,-0.006471512857405326
1995-01-27,7.9734,2.07611100158338,0.022806834409976773
1995-01-30,7.87349,2.06350142029433,-0.012609581289050098
1995-01-31,8.02538,2.08260901991993,0.019107599625599825
1995-02-01,7.94619,2.0726925685084976,-0.00991645141143227
1995-02-02,8.00376,2.0799114312644313,0.007218862755933753
1995-02-03,8.15408,2.098518415484572,0.01860698422014062
1995-02-06,8.18424,2.1022103537325374,0.0036919382479654317
1995-02-07,8.12578,2.0950417236080963,-0.007168630124441133
1995-02-08,8.20408,2.1046315915033995,0.00958986789530325
1995-02-09,8.15408,2.098518415484572,-0.006113176018827549
1995-02-10,8.20408,2.1046315915033995,0.006113176018827549
1995-02-13,8.23286,2.108133463434673,0.0035018719312733815
1995-02-14,8.25468,2.110780312235512,0.0026468488008393187
1995-02-15,8.30625,2.1170082434794186,0.006227931243906415
1995-02-16,8.18424,2.1022103537325374,-0.014797889746881232
1995-02-17,8.20408,2.1046315915033995,0.002421237770862117
1995-02-21,8.23286,2.108133463434673,0.0035018719312733815
1995-02-22,8.20408,2.1046315915033995,-0.0035018719312733815
1995-02-23,8.23286,2.108133463434673,0.0035018719312733815
1995-02-24,8.20408,2.1046315915033995,-0.0035018719312733815
1995-02-27,8.12578,2.0950417236080963,-0.00958986789530325
1995-02-28,8.25468,2.110780312235512,0.01573858862741595
1995-03-01,8.23286,2.108133463434673,-0.0026468488008393187
1995-03-02,8.18424,2.1022103537325374,-0.005923109702135498
1995-03-03,8.15408,2.098518415484572,-0.0036919382479654317
1995-03-06,8.05338,2.086091879083702,-0.012426536400869992
1995-03-07,7.84421,2.0597756800308087,-0.026316199052893285
1995-03-08,7.76591,2.0497436422647284,-0.010032037766080304
1995-03-09,7.74311,2.046803415683633,-0.0029402265810953843
1995-03-10,8.02538,2.08260901991993,0.03580560423629686
1995-03-13,8.00376,2.0799114312644313,-0.0026975886554985173
1995-03-14,8.02538,2.08260901991993,0.0026975886554985173
1995-03-15,8.10396,2.092352831100045,0.009743811180115358
1995-03-16,8.10396,2.092352831100045,0.0
1995-03-17,8.10396,2.092352831100045,0.0
1995-03-20,8.10396,2.092352831100045,0.0
1995-03-21,8.00376,2.0799114312644313,-0.012441399835613876
1995-03-22,7.92428,2.0699314639010598,-0.009979967363371589
1995-03-23,7.9734,2.07611100158338,0.00617953768232038
1995-03-24,7.94619,2.0726925685084976,-0.003418433074882543
1995-03-27,7.92428,2.0699314639010598,-0.0027611046074378365
1995-03-28,7.94619,2.0726925685084976,0.0027611046074378365
1995-03-29,7.92428,2.0699314639010598,-0.0027611046074378365
1995-03-30,7.92428,2.0699314639010598,0.0
1995-03-31,7.85875,2.0616275607151335,-0.00830390318592622
1995-04-03,7.93754,2.071603403576191,0.009975842861057682
1995-04-04,8.03903,2.0843084291462994,0.01270502557010822
1995-04-05,8.1693,2.100383225886664,0.016074796740364494
1995-04-06,8.53615,2.1443100864786073,0.043926860591943395
1995-04-07,8.45686,2.1349779463293728,-0.009332140149234558
1995-04-10,8.42955,2.1317433898060414,-0.0032345565233313778
1995-04-11,8.35754,2.1231641254209146,-0.008579264385126795
1995-04-12,8.32728,2.119536872243778,-0.0036272531771364136
1995-04-13,8.35754,2.1231641254209146,0.0036272531771364136
1995-04-17,8.45686,2.1349779463293728,0.011813820908458172
1995-04-18,8.71455,2.1649940425269696,0.03001609619759682
1995-04-19,8.58625,2.1501620865459543,-0.014831955981015277
1995-04-20,8.61543,2.1535547816768257,0.0033926951308713704
1995-04-21,8.53615,2.1443100864786073,-0.009244695198218356
1995-04-24,8.68891,2.1620474998796135,0.017737413401006208
1995-04-25,8.74481,2.1684603815335652,0.0064128816539517075
1995-04-26,8.71455,2.1649940425269696,-0.0034663390065956534
1995-04-27,8.66701,2.159523863953319,-0.005470178573650397
1995-04-28,8.68891,2.1620474998796135,0.002523635926294343
1995-05-01,8.63704,2.1560599315251228,-0.005987568354490769
1995-05-02,8.66701,2.159523863953319,0.0034639324281964257
1995-05-03,8.79806,2.1745312426350307,0.015007378681711536
1995-05-04,9.00536,2.1978199556189453,0.02328871298391455
1995-05-05,9.00536,2.1978199556189453,0.0
1995-05-08,9.15606,2.2144159551487963,0.016595999529851024
1995-05-09,9.23643,2.2231554473595687,0.008739492210772415
1995-05-10,9.23643,2.2231554473595687,0.0
1995-05-11,9.26551,2.2262989040939143,0.0031434567343455733
1995-05-12,9.36661,2.237151237831226,0.01085233373731187
1995-05-15,9.34204,2.2345246438091357,-0.0026265940220904227
1995-05-16,9.47173,2.2483115726678053,0.013786928858669611
1995-05-17,9.36661,2.237151237831226,-0.011160334836579189
1995-05-18,9.36661,2.237151237831226,0.0
1995-05-19,9.26551,2.2262989040939143,-0.01085233373731187
1995-05-22,9.49629,2.250901196015445,0.02460229192153074
1995-05-23,9.78218,2.2805623630928267,0.029661167077381645
1995-05-24,9.5739,2.2590406459606815,-0.021521717132145124
1995-05-25,9.73404,2.2756290207104013,0.016588374749719748
1995-05-26,9.62204,2.264056300408509,-0.011572720301892492
1995-05-30,9.49629,2.250901196015445,-0.013155104393063777
1995-05-31,9.60337,2.262114078539747,0.011212882524302081
1995-06-01,9.75565,2.2778466043513843,0.0157325258116372
1995-06-02,9.94334,2.2969029803242966,0.01905637597291232
1995-06-05,9.78218,2.2805623630928267,-0.016340617231469956
1995-06-06,9.78218,2.2805623630928267,0.0
1995-06-07,9.70358,2.272494889583907,-0.008067473508919676
1995-06-08,9.36661,2.237151237831226,-0.03534365175268084
1995-06-09,9.15606,2.2144159551487963,-0.022735282682429858
1995-06-12,9.31522,2.2316496215953747,0.01723366644657842
1995-06-13,9.62204,2.264056300408509,0.03240667881313408
1995-06-14,9.68295,2.270366606927123,0.006310306518614084
1995-06-15,9.5739,2.2590406459606815,-0.01132596096644134
1995-06-16,9.44618,2.245610426977314,-0.013430218983367492
1995-06-19,9.75565,2.2778466043513843,0.03223617737407025
1995-06-20,9.91578,2.294127427561353,0.01628082320996871
1995-06-21,9.95999,2.2985760675799387,0.004448640018585692
1995-06-22,10.072,2.309759296742046,0.011183229162107455
1995-06-23,9.94334,2.2969029803242966,-0.012856316417749536
1995-06-26,9.88534,2.2910528515798783,-0.00585012874441837
1995-06-27,9.81263,2.283670331428411,-0.007382520151467453
1995-06-28,10.0464,2.307214361377708,0.02354402994929705
1995-06-29,9.88534,2.2910528515798783,-0.0161615097978296
1995-06-30,9.83424,2.2858701738170235,-0.005182677762854748
1995-07-03,9.8932,2.2918476524513043,0.005977478634280775
1995-07-05,9.91578,2.294127427561353,0.002279775110048732
1995-07-06,10.1791,2.3203365985697015,0.02620917100834852
1995-07-07,10.3923,2.3410651473118924,0.020728548742190878
1995-07-10,10.7587,2.3757147295907086,0.034649582278816204
1995-07-11,10.52,2.3532782073095637,-0.0224365222811449
1995-07-12,10.6006,2.3609106032896734,0.007632395980109674
1995-07-13,10.6752,2.367923294302181,0.007012691012507677
1995-07-14,10.4119,2.3429493827834698,-0.02497391151871131
1995-07-17,10.1231,2.31481994106234,-0.028129441721129744
1995-07-18,10.4679,2.3483134316990757,0.03349349063673568
1995-07-19,10.5455,2.355699228643532,0.007385796944456402
1995-07-20,10.8854,2.3874224418294245,0.03172321318589244
1995-07-21,10.6006,2.3609106032896734,-0.026511838539751142
1995-07-24,10.8854,2.3874224418294245,0.026511838539751142
1995-07-25,10.966,2.394799576981857,0.007377135152432324
1995-07-26,10.9385,2.3922886760758244,-0.002510900906032454
1995-07-27,10.966,2.394799576981857,0.002510900906032454
1995-07-28,10.9385,2.3922886760758244,-0.002510900906032454
1995-07-31,10.8589,2.38498502024126,-0.007303655834564271
1995-08-01,10.7302,2.373062195797881,-0.01192282444337911
1995-08-02,11.0181,2.3995393750666985,0.02647717926881743
1995-08-03,11.0967,2.406647766819389,0.007108391752690402
1995-08-04,11.1232,2.4090330172088263,0.0023852503894374877
1995-08-07,11.0967,2.406647766819389,-0.0023852503894374877
1995-08-08,11.3619,2.430265652828821,0.023617886009432265
1995-08-09,11.3109,2.425766862558876,-0.00449879026994493
1995-08-10,11.2018,2.416074479673606,-0.009692382885270412
1995-08-11,11.0751,2.4046993452358074,-0.011375134437798362
1995-08-14,11.1556,2.411941613977218,0.007242268741410651
1995-08-15,11.1556,2.411941613977218,0.0
1995-08-16,11.3619,2.430265652828821,0.018324038851603053
1995-08-17,11.2018,2.416074479673606,-0.014191173155215342
1995-08-18,11.2863,2.423589600799193,0.007515121125587054
1995-08-21,11.2558,2.4208835513528792,-0.0027060494463135853
1995-08-22,11.2558,2.4208835513528792,0.0
1995-08-23,11.2558,2.4208835513528792,0.0
1995-08-24,11.2558,2.4208835513528792,0.0
1995-08-25,11.4455,2.4375966396499225,0.01671308829704321
1995-08-28,12.6529,2.5378864379118475,0.10028979826192508
1995-08-29,12.4947,2.525304554394839,-0.012581883517008396
1995-08-30,12.4171,2.5190745548773505,-0.006229999517488594
1995-08-31,12.2579,2.5061706270925903,-0.012903927784760238
1995-09-01,12.2078,2.5020750917080345,-0.00409553538455576
1995-09-05,12.2579,2.5061706270925903,0.00409553538455576
1995-09-06,12.3857,2.5165425813279803,0.010371954235389946
1995-09-07,12.3061,2.510095074402623,-0.006447506925357338
1995-09-08,12.4387,2.520812580242643,0.01071750584002018
1995-09-11,12.6253,2.5357027372553405,0.014890157012697358
1995-09-12,12.6735,2.539513199278872,0.0038104620235315245
1995-09-13,12.6253,2.5357027372553405,-0.0038104620235315245
1995-09-14,12.7255,2.5436078543954923,0.007905117140151852
1995-09-15,12.8327,2.551996600758495,0.008388746363002575
1995-09-18,12.5763,2.5318140903641577,-0.02018251039433716
1995-09-19,12.7255,2.5436078543954923,0.011793764031334586
1995-09-20,12.7255,2.5436078543954923,0.0
1995-09-21,12.3581,2.514311718530308,-0.029296135865184425
1995-09-22,12.3061,2.510095074402623,-0.004216644127684965
1995-09-25,12.3365,2.5125623477764965,0.0024672733738735353
1995-09-26,12.4171,2.5190745548773505,0.006512207100854095
1995-09-27,12.6253,2.5357027372553405,0.01662818237798991
1995-09-28,12.8327,2.551996600758495,0.016293863503154427
1995-09-29,12.8022,2.549617031156756,-0.0023795696017390178
1995-10-02,12.7561,2.5460095885651857,-0.003607442591570198
1995-10-03,12.8621,2.5542850025230632,0.008275413957877564
1995-10-04,13.3111,2.5885982736202404,0.03431327109717719
1995-10-05,13.2591,2.584684109151052,-0.003914164469188464
1995-10-06,13.3661,2.5927216507307995,0.008037541579747565
1995-10-09,13.3377,2.5905946118294074,-0.0021270389013920976
1995-10-10,13.4487,2.59888244710143,0.00828783527202237
1995-10-11,13.4967,2.6024452111185266,0.0035627640170967645
1995-10-12,13.6039,2.6103565163387494,0.007911305220222875
1995-10-13,13.6039,2.6103565163387494,0.0
1995-10-16,13.3877,2.5943363749713337,-0.016020141367415697
1995-10-17,13.3111,2.5885982736202404,-0.0057381013510933165
1995-10-18,12.9928,2.564395357878256,-0.0242029157419843
1995-10-19,12.8621,2.5542850025230632,-0.01011035535519289
1995-10-20,12.4869,2.5246800947722794,-0.029604907750783838
1995-10-23,12.5959,2.533371364179001,0.008691269406721602
1995-10-24,12.0919,2.4925358069524832,-0.04083555722651777
1995-10-25,11.9593,2.481509218381537,-0.011026588570946405
1995-10-26,11.9327,2.479282530704445,-0.0022266876770919986
1995-10-27,12.3857,2.5165425813279803,0.037260050623535435
1995-10-30,12.2785,2.5078497654209637,-0.008692815907016538
1995-10-31,12.0634,2.4901760752807762,-0.017673690140187492
1995-11-01,12.3857,2.5165425813279803,0.02636650604720403
1995-11-02,12.8022,2.549617031156756,0.03307444982877561
1995-11-03,12.5959,2.533371364179001,-0.01624566697775487
1995-11-06,12.3857,2.5165425813279803,-0.01682878285102074
1995-11-07,12.2206,2.5031230523744257,-0.013419528953554583
1995-11-08,12.5959,2.533371364179001,0.030248311804575323
1995-11-09,12.6253,2.5357027372553405,0.0023313730763394602
1995-11-10,12.6253,2.5357027372553405,0.0
1995-11-13,12.4387,2.520812580242643,-0.014890157012697358
1995-11-14,12.0408,2.488300882856016,-0.03251169738662707
1995-11-15,12.0113,2.4858478733647518,-0.0024530094912642575
1995-11-16,12.2206,2.5031230523744257,0.017275179009673902
1995-11-17,12.4387,2.520812580242643,0.017689527868217425
1995-11-20,12.4653,2.5229487840745946,0.0021362038319514554
1995-11-21,12.7561,2.5460095885651857,0.023060804490591114
1995-11-22,12.8022,2.549617031156756,0.003607442591570198
1995-11-24,12.7561,2.5460095885651857,-0.003607442591570198
1995-11-27,12.5684,2.5311857273087277,-0.01482386125645796
1995-11-28,12.5684,2.5311857273087277,0.0
1995-11-29,12.6735,2.539513199278872,0.008327471970144273
1995-11-30,12.7255,2.5436078543954923,0.004094655116620327
1995-12-01,12.6735,2.539513199278872,-0.004094655116620327
1995-12-04,12.9417,2.560454656023337,0.020941456744465015
1995-12-05,13.0193,2.5664328718942575,0.005978215870920511
1995-12-06,13.2305,2.5825247703076664,0.016091898413408856
1995-12-07,12.7255,2.5436078543954923,-0.038916915912174055
1995-12-08,12.8621,2.5542850025230632,0.010677148127570923
1995-12-11,12.7255,2.5436078543954923,-0.010677148127570923
1995-12-12,12.645,2.537261880121928,-0.006345974273564092
1995-12-13,12.702,2.5417594613807832,0.004497581258855021
1995-12-14,12.4653,2.5229487840745946,-0.018810677306188683
1995-12-15,12.2501,2.505534100222723,-0.017414683851871615
1995-12-18,12.1391,2.4964316477926007,-0.009102452430122199
1995-12-19,12.5163,2.5270317948386474,0.030600147046046633
1995-12-20,12.3581,2.514311718530308,-0.01272007630833949
1995-12-21,12.3287,2.511929877716654,-0.0023818408136540015
1995-12-22,12.3581,2.514311718530308,0.0023818408136540015
1995-12-26,12.4387,2.520812580242643,0.006500861712335215
1995-12-27,12.5163,2.5270317948386474,0.006219214596004274
1995-12-28,12.4653,2.5229487840745946,-0.004083010764052819
1995-12-29,12.4653,2.5229487840745946,0.0
1996-01-02,12.4653,2.5229487840745946,0.0
1996-01-03,12.5684,2.5311857273087277,0.008236943234133154
1996-01-04,12.0329,2.4876445649419785,-0.04354116236674921
1996-01-05,11.9809,2.4833137150742273,-0.00433084986775123
1996-01-08,11.9809,2.4833137150742273,0.0
1996-01-09,11.6871,2.4584856694301997,-0.02482804564402752
1996-01-10,11.5771,2.4490290090026456,-0.009456660427554109
1996-01-11,11.5771,2.4490290090026456,0.0
1996-01-12,11.9052,2.47697527946172,0.027946270459074274
1996-01-15,11.7952,2.4676926690533123,-0.00928261040840761
1996-01-16,12.5163,2.5270317948386474,0.05933912578533507
1996-01-17,12.7335,2.544236315863995,0.017204521025347752
1996-01-18,12.5959,2.533371364179001,-0.010864951684994129
1996-01-19,12.7335,2.544236315863995,0.010864951684994129
1996-01-22,12.9221,2.558939023846163,0.014702707982167773
1996-01-23,13.0822,2.571252527604393,0.012313503758230038
1996-01-24,13.2649,2.5851214489257806,0.013868921321387617
1996-01-25,13.5027,2.60288966544705,0.017768216521269586
1996-01-26,13.4811,2.6012887045287556,-0.0016009609182945361
1996-01-29,14.1226,2.6477763510914847,0.04648764656272908
1996-01-30,14.2827,2.6590490146691463,0.011272663577661657
1996-01-31,14.3329,2.6625575940103,0.0035085793411537836
1996-02-01,14.0921,2.6456143566786214,-0.016943237331678684
1996-02-02,13.9575,2.6360169982023782,-0.009597358476243212
1996-02-05,13.9871,2.63813547626757,0.00211847806519172
1996-02-06,14.2061,2.6536714498300205,0.015535973562450511
1996-02-07,14.3329,2.6625575940103,0.008886144180279665
1996-02-08,14.3653,2.6648155763064656,0.0022579822961654727
1996-02-09,14.3043,2.660560191365587,-0.004255384940878404
1996-02-12,14.4694,2.672036074683484,0.011475883317896951
1996-02-13,14.4694,2.672036074683484,0.0
1996-02-14,14.491,2.673527767063787,0.0014916923803030002
1996-02-15,14.491,2.673527767063787,0.0
1996-02-16,14.491,2.673527767063787,0.0
1996-02-20,14.2827,2.6590490146691463,-0.014478752394640804
1996-02-21,14.8162,2.6957211767328,0.03667216206365387
1996-02-22,15.1099,2.7153501581290618,0.01962898139626157
1996-02-23,15.5108,2.741536555484312,0.02618639735525008
1996-02-26,15.0039,2.7083101673080674,-0.03322638817624446
1996-02-27,15.162,2.718792297634112,0.010482130326044725
1996-02-28,15.3497,2.7310959298682786,0.012303632234166528
1996-02-29,15.3212,2.729237490226614,-0.0018584396416647664
1996-03-01,15.5648,2.745011954469547,0.01577446424293294
1996-03-04,15.5648,2.745011954469547,0.0
1996-03-05,15.4558,2.737984337427848,-0.007027617041698964
1996-03-06,15.1335,2.7169108295344064,-0.021073507893441423
1996-03-07,14.8457,2.697710261027892,-0.019200568506514415
1996-03-08,14.2061,2.6536714498300205,-0.044038811197871564
1996-03-11,14.0921,2.6456143566786214,-0.00805709315139902
1996-03-12,14.0391,2.6418462939789054,-0.0037680626997160793
1996-03-13,14.2827,2.6590490146691463,0.01720272069024098
1996-03-14,14.6011,2.6810968683419434,0.022047853672797046
1996-03-15,14.5195,2.675492573542035,-0.005604294799908427
1996-03-18,14.9263,2.703124757663046,0.027632184121010983
1996-03-19,14.9537,2.704958760854488,0.0018340031914418908
1996-03-20,15.22,2.7226103524335397,0.01765159157905183
1996-03-21,15.4076,2.73486089417881,0.012250541745270294
1996-03-22,15.22,2.7226103524335397,-0.012250541745270294
1996-03-25,15.162,2.718792297634112,-0.0038180547994275393
1996-03-26,15.1335,2.7169108295344064,-0.0018814680997056854
1996-03-27,15.2996,2.7278266842657852,0.010915854731378793
1996-03-28,15.2711,2.72596215330924,-0.0018645309565452628
1996-03-29,15.0844,2.7136610972094535,-0.01230105609978649
1996-04-01,15.6149,2.7482255866159124,0.034564489406458954
1996-04-02,15.8822,2.765198985266164,0.016973398650251603
1996-04-03,15.6975,2.7535014640061273,-0.011697521260036758
1996-04-04,15.6975,2.7535014640061273,0.0
1996-04-08,15.1099,2.7153501581290618,-0.0381513058770655
1996-04-09,14.8162,2.6957211767328,-0.01962898139626157
1996-04-10,14.3329,2.6625575940103,-0.033163582722500085
1996-04-11,14.3043,2.660560191365587,-0.001997402644712931
1996-04-12,14.6581,2.684993083693513,0.02443289232792578
1996-04-15,14.7867,2.6937281280946537,0.008735044401140701
1996-04-16,14.7661,2.692334012928819,-0.0013941151658345419
1996-04-17,14.6011,2.6810968683419434,-0.011237144586875747
1996-04-18,14.6285,2.6829716807256734,0.0018748123837299957
1996-04-19,14.491,2.673527767063787,-0.009443913661886238
1996-04-22,14.3043,2.660560191365587,-0.012967575698199951
1996-04-23,14.3653,2.6648155763064656,0.004255384940878404
1996-04-24,14.2827,2.6590490146691463,-0.005766561637319256
1996-04-25,14.6011,2.6810968683419434,0.022047853672797046
1996-04-26,14.7867,2.6937281280946537,0.012631259752710289
1996-04-29,14.7357,2.690273120999529,-0.003455007095124696
1996-04-30,14.7661,2.692334012928819,0.002060891929290154
1996-05-01,14.7111,2.688602310879394,-0.0037317020494249675
1996-05-02,14.0391,2.6418462939789054,-0.046756016900488806
1996-05-03,14.1226,2.6477763510914847,0.005930057112579323
1996-05-06,13.9095,2.6325720599262534,-0.015204291165231254
1996-05-07,14.0921,2.6456143566786214,0.01304229675236801
1996-05-08,14.4419,2.670133703756298,0.024519347077676557
1996-05-09,14.3653,2.6648155763064656,-0.005318127449832399
1996-05-10,14.7357,2.690273120999529,0.025457544693063383
1996-05-13,14.8958,2.7010792940213753,0.010806173021846277
1996-05-14,14.9537,2.704958760854488,0.003879466833112577
1996-05-15,14.8457,2.697710261027892,-0.007248499826595811
1996-05-16,14.8673,2.699164170347377,0.0014539093194851915
1996-05-17,15.1925,2.7208018850273734,0.0216377146799962
1996-05-20,15.1925,2.7208018850273734,0.0
1996-05-21,15.1335,2.7169108295344064,-0.003891055492966977
1996-05-22,15.5648,2.745011954469547,0.028101124935140387
1996-05-23,15.3772,2.7328858928871598,-0.012126061582387049
1996-05-24,15.3212,2.729237490226614,-0.003648402660545891
1996-05-28,15.162,2.718792297634112,-0.010445192592501762
1996-05-29,15.0039,2.7083101673080674,-0.010482130326044725
1996-05-30,14.9734,2.706275293551972,-0.0020348737560955676
1996-05-31,14.9734,2.706275293551972,0.0
1996-06-03,14.9537,2.704958760854488,-0.0013165326974839964
1996-06-04,15.1335,2.7169108295344064,0.011952068679918604
1996-06-05,15.6729,2.7519331062521633,0.03502227671775682
1996-06-06,15.6149,2.7482255866159124,-0.0037075196362508223
1996-06-07,15.3497,2.7310959298682786,-0.01712965674763378
1996-06-10,15.4302,2.7363266280538663,0.0052306981855876344
1996-06-11,15.4558,2.737984337427848,0.0016577093739815751
1996-06-12,15.4853,2.7398911868248432,0.0019068493969953693
1996-06-13,15.5383,2.743307943846025,0.0034167570211818266
1996-06-14,15.4853,2.7398911868248432,-0.0034167570211818266
1996-06-17,15.4558,2.737984337427848,-0.0019068493969953693
1996-06-18,15.3772,2.7328858928871598,-0.005098444540688085
1996-06-19,15.1925,2.7208018850273734,-0.012084007859786361
1996-06-20,14.8673,2.699164170347377,-0.0216377146799962
1996-06-21,14.4419,2.670133703756298,-0.029030466591079218
1996-06-24,14.7111,2.688602310879394,0.01846860712309617
1996-06-25,15.0039,2.7083101673080674,0.01970785642867323
1996-06-26,14.9734,2.706275293551972,-0.0020348737560955676
1996-06-27,15.0343,2.710334257325373,0.004058963773401203
1996-06-28,15.1099,2.7153501581290618,0.005015900803688744
1996-07-01,15.2711,2.72596215330924,0.010611995180178191
1996-07-02,15.3339,2.730066063659849,0.004103910350608864
1996-07-03,15.3959,2.734101240206849,0.004035176547000141
1996-07-05,14.8251,2.6963216902236025,-0.03777954998324651
1996-07-08,14.4999,2.6741417528510234,-0.02217993737257906
1996-07-09,14.6345,2.6833817548864958,0.009240002035472372
1996-07-10,14.8005,2.694660963983194,0.011279209096698217
1996-07-11,14.6069,2.6814940198125155,-0.01316694417067854
1996-07-12,14.6629,2.685320494084897,0.003826474272381475
1996-07-15,14.2061,2.6536714498300205,-0.03164904425487647
1996-07-16,14.3908,2.6665891135165913,0.01291766368657088
1996-07-17,14.6069,2.6814940198125155,0.014904906295924114
1996-07-18,14.9871,2.7071898310900546,0.02569581127753917
1996-07-19,14.8251,2.6963216902236025,-0.010868140866452158
1996-07-22,14.6629,2.685320494084897,-0.011001196138705538
1996-07-23,14.4487,2.6706044451133883,-0.014716048971508577
1996-07-24,14.4193,2.6685675869891994,-0.002036858124188967
1996-07-25,14.7435,2.690802307692657,0.022234720703457445
1996-07-26,14.9027,2.7015424045889085,0.01074009689625166
1996-07-29,14.6345,2.6833817548864958,-0.018160649702412712
1996-07-30,14.8251,2.6963216902236025,0.01293993533710669
1996-07-31,14.9871,2.7071898310900546,0.010868140866452158
1996-08-01,15.3339,2.730066063659849,0.022876232569794208
1996-08-02,15.9549,2.769765992082862,0.039699928423013287
1996-08-05,15.7682,2.7579952536867722,-0.011770738396089886
1996-08-06,15.7171,2.7547492916113314,-0.0032459620754408114
1996-08-07,15.6621,2.7512437811889656,-0.0035055104223657985
1996-08-08,15.6071,2.7477259389211928,-0.0035178422677728527
1996-08-09,15.7397,2.756186183087161,0.008460244165968245
1996-08-12,15.9087,2.7668661293946895,0.010679946307528443
1996-08-13,16.0934,2.778409250054712,0.011543120660022499
1996-08-14,16.173,2.783343185137641,0.004933935082929164
1996-08-15,16.2506,2.7881298311710294,0.004786646033388298
1996-08-16,16.449,2.800264685090021,0.012134853918991606
1996-08-19,16.5758,2.807943800367217,0.0076791152771957805
1996-08-20,16.7654,2.819317238864105,0.011373438496887989
1996-08-21,16.8194,2.822532982089285,0.0032157432251800344
1996-08-22,17.1171,2.8400779638416975,0.017544981752412703
1996-08-23,16.8479,2.8242260199514027,-0.015851943890294873
1996-08-26,16.7428,2.8179683151124912,-0.006257704838911415
1996-08-27,16.7428,2.8179683151124912,0.0
1996-08-28,16.6347,2.811490875042717,-0.006477440069774243
1996-08-29,16.3567,2.7946375993366592,-0.01685327570605777
1996-08-30,16.0403,2.7751043055053604,-0.01953329383129887
1996-09-03,16.2014,2.785097658257453,0.009993352752092566
1996-09-04,16.0934,2.778409250054712,-0.00668840820274097
1996-09-05,15.9342,2.768467742655478,-0.009941507399234162
1996-09-06,16.229,2.786799765333745,0.01833202267826728
1996-09-09,16.229,2.786799765333745,0.0
1996-09-10,16.4952,2.8030694294933682,0.016269664159623165
1996-09-11,16.7938,2.8210097706753343,0.01794034118196608
1996-09-12,16.9,2.8273136219290276,0.00630385125369326
1996-09-13,17.1171,2.8400779638416975,0.012764341912669952
1996-09-16,17.2232,2.846257312164982,0.006179348323284373
1996-09-17,16.8479,2.8242260199514027,-0.022031292213579245
1996-09-18,16.7938,2.8210097706753343,-0.003216249276068339
1996-09-19,16.6809,2.8142643523095154,-0.006745418365818878
1996-09-20,16.8194,2.822532982089285,0.008268629779769388
1996-09-23,17.0886,2.83841157452091,0.01587859243162537
1996-09-24,17.0886,2.83841157452091,0.0
1996-09-25,17.2232,2.846257312164982,0.007845737644071704
1996-09-26,17.3824,2.855458200062076,0.009200887897093946
1996-09-27,17.3824,2.855458200062076,0.0
1996-09-30,17.2762,2.849329831785323,-0.0061283682767530046
1996-10-01,17.4904,2.861652158980541,0.012322327195218197
1996-10-02,17.5336,2.864119040085372,0.0024668811048309536
1996-10-03,17.5622,2.8657488650975345,0.0016298250121624669
1996-10-04,17.7498,2.876374248252311,0.010625383154776458
1996-10-07,17.7812,2.8781417193718597,0.0017674711195487802
1996-10-08,17.6418,2.870271086189162,-0.007870633182697873
1996-10-09,17.4776,2.860920061029746,-0.009351025159415993
1996-10-10,17.5858,2.867091758209325,0.006171697179579105
1996-10-11,17.7006,2.873598537310334,0.0065067791010089415
1996-10-14,17.9178,2.8857946321530514,0.012196094842717553
1996-10-15,17.9178,2.8857946321530514,0.0
1996-10-16,17.6418,2.870271086189162,-0.015523545963889607
1996-10-17,17.7812,2.8781417193718597,0.007870633182697873
1996-10-18,17.8874,2.8840965543707857,0.005954834998926017
1996-10-21,18.0258,2.89180406498779,0.007707510617004143
1996-10-22,17.8568,2.8823843880626656,-0.009419676925124243
1996-10-23,17.966,2.888481082807015,0.0060966947443494846
1996-10-24,18.1024,2.8960445261666994,0.007563443359684285
1996-10-25,18.1624,2.8993535230312784,0.0033089968645789725
1996-10-28,18.0494,2.8931124432291657,-0.006241079802112637
1996-10-29,18.35,2.9096295745005794,0.016517131271413632
1996-10-30,18.5328,2.9195421351959445,0.009912560695365169
1996-10-31,18.6222,2.9243544173936287,0.004812282197684148
1996-11-01,18.5956,2.922924993594844,-0.0014294237987848568
1996-11-04,18.7843,2.9330214145573326,0.01009642096248875
1996-11-05,19.2136,2.9556183616174163,0.02259694706008375
1996-11-06,19.3207,2.961177060012071,0.005558698394654726
1996-11-07,19.4592,2.9683199659436537,0.0071429059315826215
1996-11-08,19.4877,2.9697834973203263,0.0014635313766726554
1996-11-11,19.2755,2.9588348594501728,-0.010948637870153544
1996-11-12,19.0564,2.947403003156705,-0.011431856293467657
1996-11-13,18.8393,2.935945113468569,-0.011457889688136103
1996-11-14,19.2755,2.9588348594501728,0.02288974598160376
1996-11-15,19.2136,2.9556183616174163,-0.0032164978327564597
1996-11-18,19.4298,2.9668079699755894,0.011189608358173064
1996-11-19,20.088,3.000122621855284,0.03331465187969451
1996-11-20,20.029,2.9971812233190955,-0.0029413985361883555
1996-11-21,19.7068,2.9809637538488127,-0.016217469470282797
1996-11-22,19.8709,2.9892563499516536,0.008292596102840832
1996-11-25,20.7079,3.0305152699764206,0.041258920024767054
1996-11-26,20.4387,3.0174301625301094,-0.013085107446311195
1996-11-27,20.4122,3.0161327613116695,-0.0012974012184399086
1996-11-29,20.5213,3.021463371122374,0.005330609810704434
1996-12-02,20.2246,3.006899685245888,-0.014563685876486154
1996-12-03,19.7638,2.9838519815232756,-0.023047703722612223
1996-12-04,19.6754,2.9793691244652956,-0.0044828570579800164
1996-12-05,19.2991,2.9600584626991764,-0.019310661766119175
1996-12-06,19.4298,2.9668079699755894,0.0067495072764129915
1996-12-09,19.5172,2.9712961280731185,0.004488158097529116
1996-12-10,19.5172,2.9712961280731185,0.0
1996-12-11,19.2431,2.957152554919821,-0.014143573153297506
1996-12-12,18.859,2.936990253530228,-0.02016230138959285
1996-12-13,18.5672,2.921396583166748,-0.01559367036348025
1996-12-16,18.4866,2.9170461453103513,-0.0043504378563965496
1996-12-17,19.026,2.9458064647842654,0.02876031947391411
1996-12-18,18.969,2.942806067744586,-0.00300039703967947
1996-12-19,19.7068,2.9809637538488127,0.03815768610422676
1996-12-20,19.8709,2.9892563499516536,0.008292596102840832
1996-12-23,19.8944,2.9904382850928815,0.0011819351412278856
1996-12-24,19.8709,2.9892563499516536,-0.0011819351412278856
1996-12-26,20.088,3.000122621855284,0.01086627190363032
1996-12-27,20.0094,2.9962021631385864,-0.003920458716697439
1996-12-30,19.921,2.991774451699647,-0.004427711438939497
1996-12-31,19.4111,2.9658450673937824,-0.025929384305864556
1997-01-02,19.2294,2.956440357865869,-0.00940470952791328
1997-01-03,19.2854,2.9593483329540335,0.0029079750881644273
1997-01-06,19.0908,2.9492065436170574,-0.010141789336976181
1997-01-07,18.9562,2.9421310547987862,-0.007075488818271136
1997-01-08,19.1498,2.9522922717078877,0.010161216909101434
1997-01-09,19.308,2.9605195177982466,0.008227246090358964
1997-01-10,19.1684,2.9532630898288255,-0.007256427969421164
1997-01-13,19.1203,2.9507505978767314,-0.0025124919520940203
1997-01-14,19.583,2.974661842934699,0.02391124505796771
1997-01-15,19.805,2.98593443107388,0.011272588139180861
1997-01-16,19.8571,2.988561625799668,0.0026271947257878736
1997-01-17,20.0988,3.0006601117902876,0.01209848599061969
1997-01-20,20.2963,3.0104386034254214,0.00977849163513378
1997-01-21,20.2963,3.0104386034254214,0.0
1997-01-22,20.1882,3.0050982753043147,-0.00534032812110663
1997-01-23,19.9131,2.9913778066089547,-0.013720468695360033
1997-01-24,19.472,2.9689775362451716,-0.022400270363783115
1997-01-27,19.3678,2.963611893270999,-0.005365642974172413
1997-01-28,19.3344,2.961885892770161,-0.001726000500838154
1997-01-29,19.583,2.974661842934699,0.012775950164538141
1997-01-30,20.0507,2.9982640658613477,0.023602222926648597
1997-01-31,20.2118,3.0062665922688905,0.008002526407542732
1997-02-03,20.4839,3.0196392117293755,0.013372619460485069
1997-02-04,21.0301,3.045954744815048,0.02631553308567236
1997-02-05,20.76,3.033028058297688,-0.012926686517360064
1997-02-06,20.76,3.033028058297688,0.0
1997-02-07,21.3868,3.0627739092846804,0.02974585098699256
1997-02-10,21.3043,3.058908930275044,-0.00386497900963656
1997-02-11,21.5509,3.07041757901876,0.011508648743716154
1997-02-12,21.7679,3.0804364075710917,0.010018828552331716
1997-02-13,22.0421,3.0929542610524536,0.012517853481361918
1997-02-14,22.2366,3.1017395799975533,0.008785318945099707
1997-02-18,22.2071,3.1004120575665968,-0.0013275224309565736
1997-02-19,22.7259,3.1235052432397223,0.02309318567312557
1997-02-20,22.3447,3.106589156472956,-0.01691608676676637
1997-02-21,22.3928,3.10873947862033,0.002150322147373984
1997-02-24,22.8605,3.1294105303934368,0.020671051773106797
1997-02-25,23.1355,3.1413682344011935,0.011957704007756753
1997-02-26,22.5599,3.1161739939959205,-0.02519424040527296
1997-02-27,22.0421,3.0929542610524536,-0.02321973294346691
1997-02-28,21.8771,3.085440427635973,-0.0075138334164805975
1997-03-03,22.2827,3.1038105926359942,0.0183701650000212
1997-03-04,22.2366,3.1017395799975533,-0.0020710126384408944
1997-03-05,22.6709,3.121082163775523,0.01934258377796949
1997-03-06,22.4517,3.1113663351520935,-0.009715828623429346
1997-03-07,23.2741,3.147341154316682,0.035974819164588556
1997-03-10,23.9539,3.176131149848487,0.028789995531805168
1997-03-11,23.2151,3.144802929022375,-0.03132822082611231
1997-03-12,22.6963,3.122201915607418,-0.022601013414957016
1997-03-13,21.6589,3.075416455426371,-0.0467854601810469
1997-03-14,21.9311,3.0879057207705696,0.012489265344198586
1997-03-17,22.4517,3.1113663351520935,0.023460614381523914
1997-03-18,21.7473,3.079489611897908,-0.031876723254185446
1997-03-19,22.1481,3.0977517140308963,0.01826210213298829
1997-03-20,22.2366,3.1017395799975533,0.0039878659666570115
1997-03-21,22.2827,3.1038105926359942,0.0020710126384408944
1997-03-24,22.5893,3.117476342837339,0.01366575020134464
1997-03-25,22.2366,3.1017395799975533,-0.015736762839785534
1997-03-26,21.8211,3.082877391599887,-0.01886218839766629
1997-03-27,21.0616,3.047451477229303,-0.03542591437058418
1997-03-31,20.5134,3.021078331139257,-0.026373146090045818
1997-04-01,20.8965,3.0395816808322524,0.018503349692995386
1997-04-02,20.3169,3.0114530520168468,-0.028128628815405676
1997-04-03,20.5615,3.0234203951241607,0.011967343107313955
1997-04-04,20.6509,3.0277589019924163,0.004338506868255543
1997-04-07,20.7295,3.031557806523424,0.0037989045310076186
1997-04-08,21.3043,3.058908930275044,0.027351123751619966
1997-04-09,21.0027,3.044651000887397,-0.014257929387647028
1997-04-10,20.6991,3.030090221065247,-0.014560779822149872
1997-04-11,19.8483,2.9881183611483064,-0.041971859916940524
1997-04-14,19.9062,2.991031240995342,0.0029128798470354766
1997-04-15,20.3768,3.014396998783146,0.023365757787804142
1997-04-16,19.7137,2.981313825515609,-0.03308317326753718
1997-04-17,19.7687,2.984099878824235,0.0027860533086263572
1997-04-18,19.2431,2.957152554919821,-0.026947323904414233
1997-04-21,18.804,2.934069613161884,-0.023082941757937014
1997-04-22,19.2755,2.9588348594501728,0.0247652462882888
1997-04-23,18.911,2.939743763345136,-0.019091096105036787
1997-04-24,18.7764,2.9326007621138745,-0.007143001231261437
1997-04-25,18.7764,2.9326007621138745,0.0
1997-04-28,19.2991,2.9600584626991764,0.027457700585301836
1997-04-29,19.9062,2.991031240995342,0.030972778296165515
1997-04-30,20.2599,3.0086435629742,0.01761232197885798
1997-05-01,20.3994,3.01550548865293,0.006861925678730341
1997-05-02,20.9722,3.0431977511897044,0.027692262536774148
1997-05-05,21.3347,3.060334855139648,0.01713710394994372
1997-05-06,21.6079,3.0730589885640187,0.01272413342437062
1997-05-07,20.9722,3.0431977511897044,-0.029861237374314342
1997-05-08,21.0901,3.048803736063131,0.005605984873426451
1997-05-09,21.5302,3.0694566006968045,0.020652864633673662
1997-05-12,21.7768,3.080845182927171,0.011388582230366318
1997-05-13,21.3622,3.0616230050429256,-0.019222177884245184
1997-05-14,21.6383,3.0744648926669136,0.012841887623987969
1997-05-15,21.3622,3.0616230050429256,-0.012841887623987969
1997-05-16,20.593,3.024951212223211,-0.036671792819714444
1997-05-19,20.3768,3.014396998783146,-0.01055421344006513
1997-05-20,21.2276,3.0553022217506185,0.040905222967472454
1997-05-21,20.4839,3.0196392117293755,-0.03566301002124295
1997-05-22,20.816,3.035721921770149,0.016082710040773662
1997-05-23,20.9231,3.040853811775029,0.005131890004879569
1997-05-27,20.5134,3.021078331139257,-0.019775480635771725
1997-05-28,20.593,3.024951212223211,0.003872881083954116
1997-05-29,20.425,3.0167596407460664,-0.008191571477144777
1997-05-30,20.7845,3.034207516605777,0.01744787585971075
1997-06-02,20.7845,3.034207516605777,0.0
1997-06-03,21.3347,3.060334855139648,0.026127338533870947
1997-06-04,21.2541,3.0565498179361414,-0.003785037203506647
1997-06-05,21.4418,3.0653422879024395,0.008792469966298011
1997-06-06,22.0755,3.0944683962901403,0.0291261083877008
1997-06-09,21.4703,3.0666705847786297,-0.027797811511510506
1997-06-10,21.9674,3.089559536198144,0.022888951419514303
1997-06-11,21.8525,3.084315331472506,-0.005244204725638024
1997-06-12,22.1551,3.098067718295069,0.013752386822563079
1997-06-13,22.2897,3.104124688357003,0.006056970061933953
1997-06-16,22.4301,3.1104038068369357,0.006279118479932677
1997-06-17,22.5165,3.1142483737862037,0.0038445669492679357
1997-06-18,22.6551,3.120384992145996,0.006136618359792401
1997-06-19,22.6551,3.120384992145996,0.0
1997-06-20,22.5725,3.1167323511994973,-0.003652640946498753
1997-06-23,22.0205,3.0919738376670782,-0.02475851353241909
1997-06-24,22.1069,3.0958897769886313,0.003915939321553097
1997-06-25,21.9251,3.087632099251266,-0.008257677737365299
1997-06-26,21.6245,3.0738269311633566,-0.013805168087909436
1997-06-27,21.4703,3.0666705847786297,-0.007156346384726842
1997-06-30,21.3495,3.0610283201966526,-0.005642264581977141
1997-07-01,22.0273,3.092282593157887,0.031254272961234175
1997-07-02,22.6905,3.121946334688227,0.029663741530340015
1997-07-03,22.8545,3.129148034493428,0.007201699805201134
1997-07-07,22.7985,3.1266947443224886,-0.002453290170939315
1997-07-08,22.7985,3.1266947443224886,0.0
1997-07-09,22.5529,3.11586366078423,-0.010831083538258568
1997-07-10,22.4389,3.110796059845152,-0.0050676009390779875
1997-07-11,22.5893,3.117476342837339,0.0066802829921868145
1997-07-14,22.5725,3.1167323511994973,-0.0007439916378415568
1997-07-15,22.7033,3.122510288370855,0.00577793717135755
1997-07-16,22.7445,3.1243233579269667,0.0018130695561118237
1997-07-17,22.8545,3.129148034493428,0.004824676566461239
1997-07-18,22.5725,3.1167323511994973,-0.012415683293930613
1997-07-21,22.5725,3.1167323511994973,0.0
1997-07-22,23.3497,3.1505841360666316,0.03385178486713425
1997-07-23,23.4607,3.1553266808023497,0.004742544735718113
1997-07-24,23.7122,3.165989683626014,0.010663002823664502
1997-07-25,23.4735,3.1558721252891995,-0.010117558336814714
1997-07-28,23.5197,3.1578383678470385,0.0019662425578390597
1997-07-29,24.1032,3.1823446117651017,0.02450624391806322
1997-07-30,24.9039,3.2150244177120353,0.03267980594693354
1997-07-31,25.1328,3.2241737659614986,0.00914934824946334
1997-08-01,24.8568,3.2131313569606417,-0.011042409000856956
1997-08-04,24.5719,3.2016035136206016,-0.01152784334004009
1997-08-05,24.2535,3.188560936865842,-0.013042576754759505
1997-08-06,24.7674,3.2095282723076894,0.020967335441847368
1997-08-07,24.1249,3.1832445021387388,-0.02628377016895067
1997-08-08,23.781,3.1688869425231285,-0.01435755961561025
1997-08-11,24.0737,3.1811199583030922,0.012233015779963718
1997-08-12,24.1249,3.1832445021387388,0.0021245438356465307
1997-08-13,24.622,3.203640352225423,0.02039585008668432
1997-08-14,24.6377,3.204277790152638,0.0006374379272147124
1997-08-15,24.3213,3.1913525096167232,-0.012925280535914574
1997-08-18,24.3459,3.192363457528053,0.0010109479113298292
1997-08-19,24.677,3.205871635732947,0.013508178204893806
1997-08-20,25.3401,3.2323881212151195,0.02651648548217267
1997-08-21,25.2625,3.229321082729739,-0.003067038485380369
1997-08-22,25.233,3.22815266164841,-0.0011684210813291962
1997-08-25,25.1623,3.2253468425985043,-0.0028058190499056224
1997-08-26,24.9619,3.217350662398982,-0.007996180199522307
1997-08-27,25.1446,3.2246431617622626,0.00729249936328058
1997-08-28,24.844,3.212616274697057,-0.012026887065205827
1997-08-29,24.6151,3.2033600757653895,-0.009256198931667292
1997-09-02,25.1761,3.225895131791078,0.022535056025688505
1997-09-03,25.2792,3.229981923208305,0.004086791417226898
1997-09-04,25.3726,3.233669851608072,0.0036879283997670598
1997-09-05,25.3401,3.2323881212151195,-0.0012817303929524293
1997-09-08,25.625,3.2435684374585723,0.011180316243452726
1997-09-09,25.5936,3.2423423202303074,-0.0012261172282648225
1997-09-10,25.0238,3.219827372003596,-0.022514948226711518
1997-09-11,24.6505,3.2047971842586414,-0.01503018774495457
1997-09-12,25.009,3.2192357600837487,0.014438575825107325
1997-09-15,24.9039,3.2150244177120353,-0.004211342371713389
1997-09-16,25.5838,3.2419593386751764,0.026934920963141096
1997-09-17,26.0328,3.2593572814119804,0.017397942736804062
1997-09-18,26.0328,3.2593572814119804,0.0
1997-09-19,26.021,3.2589039043212735,-0.000453377090706919
1997-09-22,26.1703,3.2646251799841823,0.005721275662908809
1997-09-23,26.021,3.2589039043212735,-0.005721275662908809
1997-09-24,26.186,3.2652249168055616,0.006321012484288069
1997-09-25,25.5671,3.241306368714008,-0.023918548091553582
1997-09-26,25.9816,3.2573885951813817,0.016082226467373673
1997-09-29,26.2155,3.2663508388923885,0.008962243711006845
1997-09-30,26.1202,3.262708961346757,-0.003641877545631722
1997-10-01,26.468,3.275936456149813,0.013227494803056405
1997-10-02,26.799,3.2883645733878115,0.012428117237998304
1997-10-03,27.2814,3.306205151306547,0.01784057791873561
1997-10-06,27.8012,3.325079185232615,0.018874033926068012
1997-10-07,28.1165,3.3363565926240226,0.011277407391407479
1997-10-08,27.9672,3.331032394945026,-0.005324197678996612
1997-10-09,27.9387,3.3300128244714675,-0.0010195704735584954
1997-10-10,27.0742,3.2985812448974237,-0.031431579574043855
1997-10-13,27.1282,3.3005737772526635,0.0019925323552398844
1997-10-14,27.4112,3.31095168899886,0.0103779117461964
1997-10-15,27.4484,3.3123078784607474,0.0013561894618874248
1997-10-16,27.5496,3.3159880164372595,0.003680137976512121
1997-10-17,27.0742,3.2985812448974237,-0.01740677153983583
1997-10-20,27.0526,3.2977831189728684,-0.0007981259245553041
1997-10-21,27.5182,3.314847603949269,0.017064484976400784
1997-10-22,27.6842,3.32086185334306,0.006014249393790916
1997-10-23,27.2814,3.306205151306547,-0.014656702036512925
1997-10-24,27.5054,3.314382349032074,0.008177197725526941
1997-10-27,26.021,3.2589039043212735,-0.055478444710800545
1997-10-28,26.6606,3.2831868201237215,0.024282915802448013
1997-10-29,26.7578,3.2868260196233146,0.0036391994995930155
1997-10-30,25.7557,3.2486559618367084,-0.038170057786606204
1997-10-31,25.6869,3.2459811343194254,-0.002674827517282985
1997-11-03,26.41,3.273742726309041,0.027761591989615475
1997-11-04,26.468,3.275936456149813,0.0021937298407723738
1997-11-05,26.634,3.2821885950799534,0.006252138930140205
1997-11-06,26.7126,3.285135364204005,0.0029467691240516736
1997-11-07,26.127,3.262969262378712,-0.022166101825292994
1997-11-10,25.3814,3.2340166223094227,-0.028952640069289437
1997-11-11,25.0002,3.218883824836201,-0.015132797473221604
1997-11-12,23.7476,3.16748147274291,-0.051402352093290915
1997-11-13,23.8645,3.1723919990546388,0.0049105263117286135
1997-11-14,23.0589,3.138051812055278,-0.0343401869993607
1997-11-17,24.2221,3.1872654395685798,0.049213627513301716
1997-11-18,23.8645,3.1723919990546388,-0.014873440513941016
1997-11-19,24.7811,3.210081265853372,0.03768926679873319
1997-11-20,25.0002,3.218883824836201,0.008802558982829112
1997-11-21,25.2144,3.2274152598856696,0.008531435049468516
1997-11-24,24.4785,3.197795181256962,-0.029620078628707525
1997-11-25,24.3459,3.192363457528053,-0.005431723728908988
1997-11-26,24.0885,3.181734548187518,-0.010628909340534953
1997-11-28,24.1966,3.1862121274244033,0.0044775792368851874
1997-12-01,25.5887,3.2421508477871006,0.055938720362697314
1997-12-02,25.3637,3.233319017980421,-0.008831829806679625
1997-12-03,25.5288,3.239807226623428,0.006488208643006921
1997-12-04,25.9758,3.25716533535606,0.017358108732631994
1997-12-05,26.0799,3.2611649026952727,0.003999567339212806
1997-12-08,26.1152,3.2625175202927865,0.0013526175975138166
1997-12-09,25.7842,3.2497619012314245,-0.012755619061362022
1997-12-10,24.9737,3.21782327112781,-0.03193863010361442
1997-12-11,24.5404,3.200320739068424,-0.017502532059386233
1997-12-12,24.7094,3.207183738038373,0.006862998969949352
1997-12-15,24.9737,3.21782327112781,0.010639533089436881
1997-12-16,24.6691,3.205551448319251,-0.012271822808559207
1997-12-17,24.9196,3.215654642426062,0.010103194106811042
1997-12-18,24.283,3.189776517042926,-0.02587812538313594
1997-12-19,24.0581,3.1804717381847403,-0.009304778858185703
1997-12-22,23.7643,3.1681844545511617,-0.01228728363357856
1997-12-23,23.4607,3.1553266808023497,-0.01285777374881203
1997-12-24,23.221,3.145057041664554,-0.01026963913779566
1997-12-26,23.7339,3.166904405869278,0.021847364204723885
1997-12-29,24.1828,3.185641636662869,0.01873723079359113
1997-12-30,24.3901,3.194177312260424,0.00853567559755497
1997-12-31,24.3606,3.1929670730802413,-0.001210239180182704
1998-01-02,24.7526,3.2089305340023317,0.015963460922090444
1998-01-05,25.1623,3.2253468425985043,0.016416308596172602
1998-01-06,23.9893,3.1776078976013826,-0.047738944997121724
1998-01-07,24.2535,3.188560936865842,0.010953039264459452
1998-01-08,23.3183,3.1492384600257313,-0.03932247684011081
1998-01-09,22.7985,3.1266947443224886,-0.02254371570324265
1998-01-12,22.9645,3.1339495452785995,0.007254800956110863
1998-01-13,23.1867,3.1435788384247596,0.009629293146160123
1998-01-14,23.3497,3.1505841360666316,0.007005297641871966
1998-01-15,23.1071,3.1401399296099117,-0.01044420645671984
1998-01-16,23.6041,3.161420425756021,0.02128049614610905
1998-01-20,23.9893,3.1776078976013826,0.016187471845361845
1998-01-21,23.5255,3.1580849392307027,-0.019522958370679966
1998-01-22,23.333,3.1498686675649217,-0.008216271665780983
1998-01-23,23.1071,3.1401399296099117,-0.009728737955009947
1998-01-26,22.8545,3.129148034493428,-0.010991895116483796
1998-01-27,23.556,3.1593805650823246,0.030232530588896633
1998-01-28,23.7191,3.1662806307452653,0.006900065662940769
1998-01-29,23.8979,3.1737905889682256,0.0075099582229603
1998-01-30,23.9893,3.1776078976013826,0.0038173086331569905
1998-02-02,24.8794,3.214040151824562,0.03643225422317942
1998-02-03,25.5671,3.241306368714008,0.02726621688944597
1998-02-04,25.625,3.2435684374585723,0.0022620687445642496
1998-02-05,25.6378,3.2440678249390067,0.0004993874804344323
1998-02-06,26.1624,3.2643232655001215,0.020255440561114835
1998-02-09,27.0742,3.2985812448974237,0.03425797939730213
1998-02-10,26.8276,3.289431208330603,-0.009150036566820674
1998-02-11,26.8158,3.2889912660379697,-0.00043994229263333295
1998-02-12,26.7126,3.285135364204005,-0.003855901833964559
1998-02-13,26.4444,3.2750444156615743,-0.010090948542430755
1998-02-17,27.0202,3.296584734429159,0.021540318767584665
1998-02-18,27.2608,3.305449772866384,0.008865038437225081
1998-02-19,26.7696,3.287266915321262,-0.018182857545121944
1998-02-20,26.8158,3.2889912660379697,0.0017243507167075123
1998-02-23,27.1164,3.300138710898183,0.011147444860213351
1998-02-24,26.799,3.2883645733878115,-0.011774137510371485
1998-02-25,27.3846,3.3099808115925833,0.021616238204771765
1998-02-26,27.693,3.321179673676124,0.011198862083540817
1998-02-27,27.755,3.323416004142125,0.002236330466000691
1998-03-02,27.693,3.321179673676124,-0.002236330466000691
1998-03-03,28.0408,3.3336605924298683,0.012480918753744241
1998-03-04,27.3984,3.3104846175284353,-0.023175974901433083
1998-03-05,26.966,3.294576813211883,-0.015907804316552365
1998-03-06,27.2186,3.3039005631305876,0.00932374991870466
1998-03-09,26.5328,3.2783817034776974,-0.025518859652890136
1998-03-10,27.2018,3.303283147582974,0.024901444105276394
1998-03-11,27.9014,3.3286768667798547,0.025393719196880937
1998-03-12,28.0252,3.33310410541804,0.004427238638185393
1998-03-13,28.0252,3.33310410541804,0.0
1998-03-16,28.7089,3.3572071792227205,0.024103073804680353
1998-03-17,30.1501,3.4061882399172796,0.0489810606945591
1998-03-18,30.9086,3.4310344623327693,0.024846222415489727
1998-03-19,30.2641,3.4099621915811507,-0.02107227075161866
1998-03-20,30.1237,3.405312237352708,-0.00464995422844261
1998-03-23,29.6894,3.3907900797469472,-0.01452215760576081
1998-03-24,30.0264,3.4020769946891627,0.011286914942215454
1998-03-25,29.7621,3.3932357719914616,-0.008841222697701046
1998-03-26,30.0264,3.4020769946891627,0.008841222697701046
1998-03-27,30.0136,3.4016506122709775,-0.0004263824181851561
1998-03-30,29.9301,3.398864662988328,-0.0027859492826496357
1998-03-31,30.1797,3.407169512932444,0.008304849944116288
1998-04-01,30.4321,3.415497972372302,0.008328459439857827
1998-04-02,31.3409,3.444923953809734,0.029425981437432025
1998-04-03,31.5197,3.4506127471778867,0.005688793368152645
1998-04-06,33.0709,3.4986537416218684,0.04804099444398169
1998-04-07,32.3047,3.4752127304788494,-0.023441011143018997
1998-04-08,31.5481,3.451513365303765,-0.02369936517508453
1998-04-09,31.8606,3.461370136696289,0.009856771392524166
1998-04-13,32.9275,3.4943081748910645,0.032938038194775476
1998-04-14,32.1151,3.469326324514654,-0.02498185037641054
1998-04-15,31.5059,3.4501748298801367,-0.019151494634517263
1998-04-16,30.4233,3.4152087622098075,-0.03496606767032917
1998-04-17,30.8733,3.429891732703499,0.014682970493691272
1998-04-20,30.2965,3.4110321942921953,-0.0188595384113035
1998-04-21,31.2987,3.44357656313724,0.03254436884504486
1998-04-22,31.5197,3.4506127471778867,0.007036184040646543
1998-04-23,30.7063,3.4244678452664896,-0.026144901911397067
1998-04-24,30.1561,3.406387224433624,-0.018080620832865435
1998-04-27,29.8358,3.3957090147590137,-0.010678209674610528
1998-04-28,30.0559,3.403058981143429,0.0073499663844152074
1998-04-29,30.3967,3.4143340498883337,0.011275068744904804
1998-04-30,31.1641,3.4392667912941657,0.024932741405832015
1998-05-01,31.6926,3.456083215146426,0.016816423852260343
1998-05-04,31.2829,3.443071622377154,-0.013011592769271996
1998-05-05,30.8211,3.428199520364726,-0.014872102012427835
1998-05-06,30.382,3.413850327785471,-0.014349192579255377
1998-05-07,30.6483,3.422577195917394,0.008726868131923027
1998-05-08,30.7957,3.427375069843481,0.004797873926086993
1998-05-11,31.1641,3.4392667912941657,0.011891721450684845
1998-05-12,31.6111,3.4535083247362555,0.014241533442089782
1998-05-13,31.3851,3.446333257999882,-0.00717506673637347
1998-05-14,31.3409,3.444923953809734,-0.001409304190147953
1998-05-15,31.9481,3.464112711136634,0.019188757326900063
1998-05-18,31.9961,3.465614020372365,0.0015013092357309965
1998-05-19,32.5905,3.4840208348612682,0.018406814488903134
1998-05-20,32.4393,3.4793706507160005,-0.004650184145267744
1998-05-21,32.3371,3.4762151778956363,-0.0031554728203642135
1998-05-22,32.4933,3.481033914236913,0.004818736341276608
1998-05-26,31.3409,3.444923953809734,-0.036109960427178844
1998-05-27,30.606,3.4211960681688445,-0.023727885640889568
1998-05-28,30.6905,3.4239531604507083,0.0027570922818638266
1998-05-29,30.5785,3.420297147630087,-0.003656012820621335
1998-06-01,30.1561,3.406387224433624,-0.013909923196462781
1998-06-02,30.8084,3.427787380068934,0.021400155635309837
1998-06-03,30.5127,3.418142990388297,-0.009644389680636856
1998-06-04,30.9303,3.4317362859709877,0.013593295582690512
1998-06-05,31.5481,3.451513365303765,0.01977707933277717
1998-06-08,32.2437,3.4733226753215027,0.021809310017737893
1998-06-09,31.8469,3.4609400460409914,-0.01238262928051137
1998-06-10,31.9481,3.464112711136634,0.003172665095642735
1998-06-11,31.5059,3.4501748298801367,-0.01393788125649742
1998-06-12,31.2407,3.441721731890743,-0.008453097989393754
1998-06-15,30.6777,3.423536006283383,-0.01818572560735987
1998-06-16,30.4852,3.417241319941834,-0.00629468634154895
1998-06-17,31.3271,3.444483537641257,0.0272422176994227
1998-06-18,31.2407,3.441721731890743,-0.0027618057505138793
1998-06-19,31.6621,3.4551203820067777,0.013398650116034805
1998-06-22,31.1827,3.439863453851083,-0.015256928155694904
1998-06-23,31.5815,3.4525715061162012,0.012708052265118397
1998-06-24,32.9,3.493472657771326,0.04090115165512476
1998-06-25,32.5601,3.4830876123826946,-0.010385045388631386
1998-06-26,32.957,3.495203681481277,0.012116069098582205
1998-06-29,34.0239,3.527063218845203,0.031859537363926105
1998-06-30,33.967,3.5253894650551056,-0.0016737537900972654
1998-07-01,34.132,3.530235360674338,0.004845895619232543
1998-07-02,34.1025,3.529370695385138,-0.0008646652892001505
1998-07-06,34.8099,3.5499018290815023,0.02053113369636428
1998-07-07,33.907,3.523621482745862,-0.02628034633564047
1998-07-08,33.2783,3.5049055329175225,-0.01871594982833935
1998-07-09,33.2783,3.5049055329175225,0.0
1998-07-10,33.6801,3.5169071584908584,0.01200162557333595
1998-07-13,33.626,3.5152995772567364,-0.0016075812341220796
1998-07-14,34.132,3.530235360674338,0.014935783417601822
1998-07-15,33.9876,3.525995752212444,-0.004239608461894306
1998-07-16,33.907,3.523621482745862,-0.002374269466582035
1998-07-17,33.8795,3.5228101117056503,-0.0008113710402115615
1998-07-20,33.907,3.523621482745862,0.0008113710402115615
1998-07-21,32.3223,3.475757394487239,-0.04786408825862276
1998-07-22,32.9707,3.4956192882807615,0.019861893793522434
1998-07-23,33.0601,3.498327117191691,0.0027078289109296882
1998-07-24,33.2783,3.5049055329175225,0.006578415725831288
1998-07-27,33.3392,3.5067338818337985,0.0018283489162760347
1998-07-28,33.1741,3.5017694509881823,-0.004964430845616263
1998-07-29,32.8037,3.490541313906155,-0.011228137082027079
1998-07-30,33.7331,3.5184795511652855,0.02793823725913036
1998-07-31,34.19,3.5319332036512097,0.013453652485924117
1998-08-03,33.8215,3.5210966949410625,-0.010836508710147186
1998-08-04,31.4785,3.449304773112795,-0.07179192182826766
1998-08-05,32.2624,3.47390246546612,0.024597692353325318
1998-08-06,32.3223,3.475757394487239,0.001854929021118945
1998-08-07,31.2771,3.4428862003817375,-0.032871194105501544
1998-08-10,30.9675,3.432938267446218,-0.009947932935519432
1998-08-11,29.7257,3.392011991500577,-0.040926275945641244
1998-08-12,29.9213,3.3985706013602486,0.006558609859671716
1998-08-13,28.9909,3.3669819876396683,-0.031588613720580305
1998-08-14,29.097,3.3706350760795156,0.0036530884398473518
1998-08-17,30.0647,3.403351726061571,0.03271664998205548
1998-08-18,31.2771,3.4428862003817375,0.039534474320166435
1998-08-19,30.6837,3.4237315689667356,-0.019154631415001955
1998-08-20,29.5519,3.3861480395854304,-0.03758352938130516
1998-08-21,28.7905,3.360045471614646,-0.026102567970784474
1998-08-24,28.9634,3.366032963941203,0.005987492326557042
1998-08-25,28.9909,3.3669819876396683,0.0009490236984652789
1998-08-26,29.0469,3.3689117650391855,0.001929777399517274
1998-08-27,26.2774,3.2687092541710747,-0.10020251086811083
1998-08-28,25.5425,3.2403437314834416,-0.02836552268763315
1998-08-31,23.7339,3.166904405869278,-0.07343932561416366
1998-09-01,24.8116,3.2113112857492605,0.0444068798799826
1998-09-02,24.8116,3.2113112857492605,0.0
1998-09-03,22.2641,3.1029755157693777,-0.10833576997988281
1998-09-04,20.5134,3.021078331139257,-0.08189718463012063
1998-09-08,21.3043,3.058908930275044,0.03783059913578679
1998-09-09,20.1725,3.0043202907405244,-0.05458863953451942
1998-09-10,19.3266,2.9614823853541172,-0.042837905386407193
1998-09-11,20.7904,3.034491341704075,0.07300895634995763
1998-09-14,20.9083,3.040146209322444,0.005654867618368975
1998-09-15,22.2071,3.1004120575665968,0.06026584824415293
1998-09-16,22.5725,3.1167323511994973,0.01632029363290055
1998-09-17,21.6461,3.074825299653469,-0.04190705154602847
1998-09-18,21.4418,3.0653422879024395,-0.009483011751029391
1998-09-21,21.1589,3.0520606207617114,-0.013281667140728093
1998-09-22,20.8504,3.0373731327130655,-0.014687488048645836
1998-09-23,22.6629,3.120729226228569,0.08335609351550355
1998-09-24,20.9663,3.0429163868090554,-0.07781283941951367
1998-09-25,20.5694,3.023804534547181,-0.019111852261874507
1998-09-28,20.144,3.002906477301991,-0.020898057245189783
1998-09-29,20.3454,3.012854842110713,0.009948364808721966
1998-09-30,19.4956,2.9701887990832936,-0.0426660430274195
1998-10-01,18.405,2.9126223668309845,-0.05756643225230906
1998-10-02,19.9544,2.993449670396439,0.08082730356545431
1998-10-05,18.9268,2.9405789070859627,-0.05287076331047613
1998-10-06,18.7302,2.9301371944555807,-0.01044171263038196
1998-10-07,18.355,2.9099020169487977,-0.020235177506783053
1998-10-08,18.4718,2.916245244795659,0.006343227846861144
1998-10-09,19.525,2.9716956957257494,0.0554504509300906
1998-10-12,19.64,2.97756830292632,0.005872607200570368
1998-10-13,19.4661,2.9686744911533385,-0.00889381177298132
1998-10-14,19.0122,2.945080878368218,-0.0235936127851204
1998-10-15,21.4359,3.065067086572273,0.11998620820405481
1998-10-16,22.3928,3.10873947862033,0.04367239204805706
1998-10-19,23.3723,3.151551560481795,0.042812081861465234
1998-10-20,24.2035,3.186497250804179,0.034945690322383705
1998-10-21,24.6298,3.2039570919208336,0.017459841116654662
1998-10-22,25.5749,3.2416114017616198,0.037654309840786215
1998-10-23,25.402,3.2348279110821276,-0.006783490679492132
1998-10-26,24.8568,3.2131313569606417,-0.021696554121485967
1998-10-27,23.7191,3.1662806307452653,-0.04685072621537634
1998-10-28,23.8881,3.1733804269903496,0.007099796245084278
1998-10-29,24.6868,3.2062686878289663,0.032888260838616734
1998-10-30,25.9129,3.25474091420812,0.048472226379153494
1998-11-02,25.7694,3.249187741506145,-0.005553172701974862
1998-11-03,25.6526,3.2446449310021594,-0.004542810503985528
1998-11-04,26.4542,3.275414935868616,0.030770004866456535
1998-11-05,27.5358,3.3154869762237476,0.040072040355131566
1998-11-06,27.8248,3.3259277093550037,0.010440733131256152
1998-11-09,26.5976,3.2808209861531727,-0.045106723201830956
1998-11-10,26.0888,3.261506103456892,-0.019314882696280566
1998-11-11,25.8264,3.251397224572155,-0.010108878884737216
1998-11-12,25.1387,3.2244084914034326,-0.026988733168722412
1998-11-13,26.0888,3.261506103456892,0.03709761205345963
1998-11-16,26.3943,3.2731480777496382,0.011641974292746049
1998-11-17,27.9387,3.3300128244714675,0.056864746721829285
1998-11-18,28.1922,3.3390453439397287,0.009032519468261224
1998-11-19,28.0566,3.334223898409033,-0.004821445530695634
1998-11-20,28.2452,3.34092353165143,0.006699633242396974
1998-11-23,29.6481,3.3893980424461123,0.048474510794682235
1998-11-24,29.5587,3.3863781167638045,-0.0030199256823078002
1998-11-25,29.936,3.399061769531734,0.012683652767929487
1998-11-27,29.8485,3.396134587319693,-0.002927182212041135
1998-11-30,28.9339,3.3650139180598626,-0.031120669259830258
1998-12-01,28.3376,3.3441895447202308,-0.02082437333963183
1998-12-02,28.7286,3.357893142252883,0.013703597532652267
1998-12-03,27.9387,3.3300128244714675,-0.02788031778141553
1998-12-04,29.2512,3.3759205984773626,0.045907774005895075
1998-12-07,29.6481,3.3893980424461123,0.013477443968749725
1998-12-08,29.4752,3.3835492318117795,-0.005848810634332846
1998-12-09,29.1039,3.370872185816043,-0.012677045995736602
1998-12-10,28.6244,3.354259500956035,-0.016612684860007665
1998-12-11,27.7628,3.323696995105431,-0.03056250585060427
1998-12-14,26.8276,3.289431208330603,-0.034265786774827944
1998-12-15,27.7108,3.3218222289020267,0.032391020571423734
1998-12-16,28.9634,3.366032963941203,0.044210735039176274
1998-12-17,31.8695,3.4616494395706874,0.09561647562948439
1998-12-18,31.7015,3.456363998375732,-0.0052854411949554425
1998-12-21,32.957,3.495203681481277,0.038839683105544864
1998-12-22,32.7291,3.488264590426496,-0.006939091054780633
1998-12-23,32.4933,3.481033914236913,-0.007230676189583285
1998-12-24,32.2713,3.4741782903469627,-0.006855623889950202
1998-12-28,32.5513,3.4828173064131227,0.008639016066160021
1998-12-29,32.8411,3.491680779760164,0.008863473347041406
1998-12-30,32.8411,3.491680779760164,0.0
1998-12-31,32.3862,3.4777324061401464,-0.013948373620017662
1999-01-04,32.9501,3.4949942958452764,0.017261889705129985
1999-01-05,33.2105,3.5028660909814318,0.007871795136155324
1999-01-06,33.9218,3.5240578755534857,0.02119178457205395
1999-01-07,35.3256,3.5646079135643496,0.040550038010863876
1999-01-08,34.6114,3.5441831075659254,-0.020424805998424223
1999-01-11,34.9533,3.5540128848233334,0.009829777257408079
1999-01-12,33.8658,3.522405655597647,-0.031607229225686595
1999-01-13,32.8342,3.4914706551006534,-0.030935000496993492
1999-01-14,31.2898,3.4432921658418905,-0.04817848925876289
1999-01-15,32.4933,3.481033914236913,0.03774174839502242
1999-01-19,34.0956,3.5291683437060284,0.0481344294691155
1999-01-20,35.3571,3.565499220831485,0.036330877125456684
1999-01-21,34.5574,3.5426217096243438,-0.02287751120714132
1999-01-22,32.9501,3.4949942958452764,-0.04762741377906732
1999-01-25,34.1251,3.5300331839037606,0.03503888805848421
1999-01-26,34.0387,3.5274981126116254,-0.0025350712921352603
1999-01-27,33.5268,3.5123451190015853,-0.015152993610040077
1999-01-28,33.7498,3.5189744913750545,0.006629372373469167
1999-01-29,35.2706,3.563049755727875,0.04407526435282039
1999-02-01,35.2127,3.561406812987568,-0.001642942740307074
1999-02-02,35.2127,3.561406812987568,0.0
1999-02-03,36.3876,3.5942280572644614,0.03282124427689359
1999-02-04,35.7314,3.57602985402728,-0.018198203237181243
1999-02-05,35.0428,3.5565701715514617,-0.01945968247581842
1999-02-08,33.5268,3.5123451190015853,-0.04422505254987641
1999-02-09,33.0061,3.496692392868953,-0.015652726132632466
1999-02-10,33.4973,3.5114648385679814,0.01477244569902858
1999-02-11,34.8964,3.552383672025398,0.040918833457416426
1999-02-12,33.9522,3.5249536530834025,-0.02743001894199537
1999-02-16,35.6174,3.572834282496689,0.047880629413286524
1999-02-17,35.416,3.56716369542984,-0.0056705870668491976
1999-02-18,34.9533,3.5540128848233334,-0.013150810606506358
1999-02-19,34.8649,3.5514805924629234,-0.002532292360410082
1999-02-22,37.1304,3.6144360410908316,0.06295544862790825
1999-02-23,37.5352,3.6252791593709675,0.010843118280135844
1999-02-24,36.1264,3.587023900006926,-0.03825525936404128
1999-02-25,36.4466,3.595848175640312,0.008824275633385614
1999-02-26,36.5056,3.597465673477621,0.0016174978373091342
1999-03-01,37.0135,3.611282710962091,0.013817037484470163
1999-03-02,36.8239,3.6061470908910054,-0.0051356200710857
1999-03-03,36.984,3.6104853866859243,0.004338295794918956
1999-03-04,38.2199,3.6433563223775165,0.03287093569159216
1999-03-05,39.8282,3.684575204106079,0.04121888172856236
1999-03-08,39.337,3.6721655517917924,-0.012409652314286479
1999-03-09,40.3096,3.696589653983834,0.02442410219204172
1999-03-10,40.7703,3.7079538751558188,0.011364221171984656
1999-03-11,40.4245,3.699436036802882,-0.008517838352936735
1999-03-12,40.3411,3.6973708003744234,-0.0020652364284585722
1999-03-15,39.9991,3.6888569538608076,-0.008513846513615864
1999-03-16,38.8821,3.660533990479303,-0.02832296338150453
1999-03-17,37.7621,3.631305954137656,-0.02922803634164728
1999-03-18,38.4518,3.649405508900123,0.018099554762467385
1999-03-19,37.824,3.6329438217836327,-0.01646168711649043
1999-03-22,37.5352,3.6252791593709675,-0.00766466241266528
1999-03-23,36.477,3.596681924982391,-0.02859723438857653
1999-03-24,36.3876,3.5942280572644614,-0.0024538677179295476
1999-03-25,37.3622,3.6206594981365354,0.026431440872074052
1999-03-26,36.9084,3.608439167416333,-0.012220330720202455
1999-03-29,37.7081,3.629874925487532,0.021435758071199018
1999-03-30,37.5627,3.626011536740486,-0.0038633887470460593
1999-03-31,37.3033,3.6190817945862324,-0.006929742154253571
1999-04-01,36.5764,3.5994032236855844,-0.01967857090064795
1999-04-05,36.2874,3.591470573577058,-0.007932650108526396
1999-04-06,36.5164,3.5977614747451496,0.006290901168091612
1999-04-07,38.8772,3.660407960538023,0.06264648579287346
1999-04-08,40.4913,3.7010871362216715,0.04067917568364843
1999-04-09,39.4254,3.6744102786441775,-0.02667685757749405
1999-04-12,40.0296,3.689619180448936,0.015208901804758757
1999-04-13,40.2605,3.6953708394092413,0.0057516589603050505
1999-04-14,39.7977,3.683809121675823,-0.011561717733418408
1999-04-15,39.4254,3.6744102786441775,-0.009398843031645399
1999-04-16,39.6543,3.680199391128818,0.005789112484640757
1999-04-19,39.1631,3.6677349769397543,-0.012464414189063966
1999-04-20,38.2396,3.643871627877446,-0.02386334906230836
1999-04-21,38.4439,3.6492000357715138,0.005328407894067855
1999-04-22,39.5089,3.676525962982832,0.027325927211318213
1999-04-23,39.2221,3.6692403634449136,-0.007285599537918408
1999-04-26,38.0686,3.6393897953551972,-0.02985056808971631
1999-04-27,39.4254,3.6744102786441775,0.03502048328898022
1999-04-28,38.5294,3.651421586235478,-0.022988692408699496
1999-04-29,38.6444,3.6544018744970455,0.0029802882615674875
1999-04-30,38.0087,3.6378150808903578,-0.01658679360668769
1999-05-03,38.1256,3.6408859725086575,0.0030708916182997648
1999-05-04,37.8928,3.634761120426332,-0.006124852082325383
1999-05-05,36.9457,3.60944926714462,-0.02531185328171226
1999-05-06,35.7383,3.5762229428473375,-0.03322632429728234
1999-05-07,36.1166,3.5867525934426885,0.010529650595350937
1999-05-10,36.4014,3.5946072354415306,0.007854641998842116
1999-05-11,36.8612,3.6071595073275984,0.012552271886067778
1999-05-12,37.9223,3.63553932955588,0.028379822228281615
1999-05-13,38.7004,3.6558499358996337,0.0203106063437537
1999-05-14,36.4319,3.5954447644779153,-0.06040517142171842
1999-05-17,36.2296,3.5898764642719283,-0.005568300205986976
1999-05-18,36.2874,3.591470573577058,0.0015941093051297095
1999-05-19,36.9457,3.60944926714462,0.017978693567561876
1999-05-20,36.9457,3.60944926714462,0.0
1999-05-21,36.375,3.5938817254916566,-0.015567541652963257
1999-05-24,34.9612,3.554238875141039,-0.03964285035061765
1999-05-25,34.0082,3.52660167200838,-0.02763720313265905
1999-05-26,34.7274,3.547529000722955,0.020927328714575033
1999-05-27,33.5219,3.5121989565850513,-0.03533004413790364
1999-05-28,33.348,3.506997800548367,-0.005201156036684473
1999-06-01,33.2281,3.5033959034823483,-0.0036018970660185445
1999-06-02,32.7389,3.488563973333357,-0.014831930148991201
1999-06-03,32.9973,3.496425739937372,0.007861766604015052
1999-06-04,34.241,3.5334237564545425,0.036998016517170385
1999-06-07,35.365,3.5657226304879535,0.03229887403341092
1999-06-08,34.4975,3.5408868576435726,-0.024835772844380877
1999-06-09,34.0082,3.52660167200838,-0.014285185635192654
1999-06-10,33.6938,3.5173138441714804,-0.00928782783689952
1999-06-11,33.7498,3.5189744913750545,0.0016606472035740616
1999-06-14,33.9817,3.5258221444214315,0.0068476530463770224
1999-06-15,34.6114,3.5441831075659254,0.01836096314449387
1999-06-16,37.0302,3.611733795937131,0.06755068837120559
1999-06-17,36.6068,3.6002340154997863,-0.011499780437344675
1999-06-18,36.9162,3.608650479093715,0.008416463593928558
1999-06-21,38.4724,3.6499411010932805,0.04129062199956568
1999-06-22,37.6609,3.628622420978503,-0.021318680114777333
1999-06-23,36.9712,3.610139231172105,-0.018483189806398403
1999-06-24,36.8612,3.6071595073275984,-0.002979723844506399
1999-06-25,37.4055,3.621817752431927,0.014658245104328671
1999-06-28,38.0686,3.6393897953551972,0.017572042923270192
1999-06-29,38.0686,3.6393897953551972,0.0
1999-06-30,39.8567,3.6852905215932124,0.04590072623801511
1999-07-01,39.783,3.6834396853635716,-0.0018508362296407732
1999-07-02,39.3792,3.6732377581239795,-0.010201927239592123
1999-07-06,39.8419,3.6849191223422815,0.011681364218302015
1999-07-07,39.1778,3.668110259842364,-0.01680886249991742
1999-07-08,39.5835,3.6784123647640925,0.01030210492172845
1999-07-09,39.4401,3.6747830652281777,-0.0036292995359148428
1999-07-12,38.9499,3.6622762049193667,-0.012506860308810985
1999-07-13,38.3369,3.6464128788451253,-0.015863326074241346
1999-07-14,37.8446,3.6334883012773442,-0.012924577567781093
1999-07-15,38.0176,3.6380492103966118,0.004560909119267542
1999-07-16,37.8732,3.6342437379477213,-0.0038054724488905123
1999-07-19,38.0176,3.6380492103966118,0.0038054724488905123
1999-07-20,37.4418,3.62278772737681,-0.01526148301980168
1999-07-21,37.6442,3.6281788919141036,0.005391164537293491
1999-07-22,38.5707,3.6524929208757753,0.024314028961671674
1999-07-23,37.7572,3.6311761859854914,-0.02131673489028385
1999-07-26,38.3634,3.6471038800812208,0.01592769409572936
1999-07-27,38.777,3.657827287358467,0.010723407277246189
1999-07-28,38.3919,3.647846499843238,-0.009980787515229128
1999-07-29,37.152,3.6150176055154812,-0.0328288943277566
1999-07-30,35.6744,3.574433344721117,-0.04058426079436428
1999-08-02,36.2226,3.589683233423955,0.015249888702837833
1999-08-03,36.4908,3.5970601740227766,0.0073769405988217684
1999-08-04,36.314,3.5922033418484753,-0.004856832174301218
1999-08-05,36.4014,3.5946072354415306,0.002403893593055262
1999-08-06,35.0673,3.5572690723089067,-0.03733816313262395
1999-08-09,35.0093,3.5556137404793393,-0.0016553318295673414
1999-08-10,34.4042,3.538178649949862,-0.017435090529477115
1999-08-11,35.6174,3.572834282496689,0.0346556325468268
1999-08-12,35.0428,3.5565701715514617,-0.016264110945227284
1999-08-13,36.6333,3.6009576628229447,0.044387491271483004
1999-08-16,37.152,3.6150176055154812,0.01405994269253652
1999-08-17,38.4204,3.6485885685303576,0.03357096301487639
1999-08-18,39.3537,3.672589998397318,0.02400142986696041
1999-08-19,38.162,3.64184025610815,-0.030749742289168047
1999-08-20,38.777,3.657827287358467,0.015987031250316974
1999-08-23,39.6701,3.680597755319633,0.02277046796116622
1999-08-24,40.0719,3.6906753405441166,0.010077585224483432
1999-08-25,39.5835,3.6784123647640925,-0.01226297578002411
1999-08-26,38.889,3.6607114342860156,-0.01770093047807686
1999-08-27,38.4852,3.650273751802711,-0.010437682483304567
1999-08-30,37.7012,3.6296919241861207,-0.02058182761659033
1999-08-31,38.7455,3.6570146200236,0.02732269583747904
1999-09-01,38.2917,3.645233162518788,-0.011781457504811854
1999-09-02,37.3819,3.621186630056143,-0.024046532462644876
1999-09-03,39.3537,3.672589998397318,0.05140336834117498
1999-09-07,37.6688,3.6288321656085487,-0.043757832788769324
1999-09-08,37.8446,3.6334883012773442,0.004656135668795525
1999-09-09,35.8748,3.5800350991513534,-0.053453202125990806
1999-09-10,35.8494,3.5793268305039008,-0.0007082686474526589
1999-09-13,35.9642,3.582523999223736,0.0031971687198351084
1999-09-14,35.8188,3.578472895233879,-0.0040511039898567525
1999-09-15,35.8494,3.5793268305039008,0.000853935270021644
1999-09-16,36.1086,3.5865310641140686,0.007204233610167865
1999-09-17,35.9054,3.580887702009904,-0.0056433621041644955
1999-09-20,36.314,3.5922033418484753,0.011315639838571201
1999-09-21,35.1548,3.5597611665437743,-0.03244217530470106
1999-09-22,35.3571,3.565499220831485,0.005738054287710792
1999-09-23,34.8384,3.550720226704724,-0.014778994126761091
1999-09-24,34.8964,3.552383672025398,0.001663445320673862
1999-09-27,34.3206,3.5357457569844266,-0.01663791504097123
1999-09-28,34.1762,3.5315294953805316,-0.0042162616038949885
1999-09-29,33.794,3.520283271938458,-0.0112462234420736
1999-09-30,34.8964,3.552383672025398,0.03210040008693982
1999-10-01,34.2902,3.5348595990620773,-0.01752407296332059
1999-10-04,35.9908,3.583263350240669,0.04840375117859175
1999-10-05,35.2068,3.561239245765029,-0.022024104475640183
1999-10-06,35.3512,3.5653323380181887,0.004093092253159902
1999-10-07,34.7077,3.5469615643534937,-0.018370773664694973
1999-10-08,35.1773,3.5604009882117627,0.013439423858268906
1999-10-11,34.3619,3.53694839244405,-0.023452595767712747
1999-10-12,34.1025,3.529370695385138,-0.00757769705891187
1999-10-13,33.1339,3.500556927463865,-0.028813767921273215
1999-10-14,33.0209,3.497140694328897,-0.003416233134967861
1999-10-15,30.9617,3.432750956774775,-0.06438973755412203
1999-10-18,31.8017,3.4595197474767403,0.02676879070196536
1999-10-19,33.1073,3.4997538018734535,0.04023405439671324
1999-10-20,35.2952,3.5637469773563843,0.06399317548293082
1999-10-21,36.1342,3.5872397852896474,0.023492807933263027
1999-10-22,37.5352,3.6252791593709675,0.038039374081320076
1999-10-25,36.2796,3.591255599827832,-0.034023559543135296
1999-10-26,36.2226,3.589683233423955,-0.0015723664038773677
1999-10-27,38.5235,3.6512684446921604,0.0615852112682056
1999-10-28,41.2281,3.719120062707648,0.06785161801548778
1999-10-29,40.6211,3.7042876360416064,-0.014832426666041787
1999-11-01,38.8949,3.660863136630879,-0.043424499410727346
1999-11-02,38.9646,3.662653541619837,0.0017904049889581053
1999-11-03,38.3752,3.6474114176201646,-0.015242123999672508
1999-11-04,39.1631,3.6677349769397543,0.020323559319589624
1999-11-05,40.1485,3.692585079794499,0.024850102854744538
1999-11-08,39.28,3.670715483486265,-0.021869596308233596
1999-11-09,38.6679,3.655009798481295,-0.01570568500497016
1999-11-10,37.5057,3.6244929214255355,-0.03051687705575956
1999-11-11,37.7621,3.631305954137656,0.006813032712120304
1999-11-12,39.5669,3.677992910150006,0.0466869560123504
1999-11-15,38.4361,3.648997122139184,-0.028995788010822032
1999-11-17,38.1188,3.6407075987522104,-0.008289523386973752
1999-11-18,38.8104,3.6586882519497066,0.0179806531974962
1999-11-19,38.6385,3.65424918871503,-0.004439063234676688
1999-11-22,38.1188,3.6407075987522104,-0.013541589962819511
1999-11-23,37.21,3.6165775423585313,-0.024130056393679045
1999-11-24,37.039,3.6119714115733577,-0.00460613078517369
1999-11-26,36.8082,3.6057206464397966,-0.006250765133561043
1999-11-29,35.8188,3.578472895233879,-0.027247751205917492
1999-11-30,35.9642,3.582523999223736,0.0040511039898567525
1999-12-01,36.0291,3.5843269452640034,0.001802946040267539
1999-12-02,36.8082,3.6057206464397966,0.0213937011757932
1999-12-03,38.1748,3.642175612060193,0.03645496562039652
1999-12-06,36.7198,3.6033161191143632,-0.03885949294582991
1999-12-07,36.6068,3.6002340154997863,-0.0030821036145769476
1999-12-08,36.1814,3.5885451746303305,-0.011688840869455763
1999-12-09,36.2502,3.5904448985268433,0.0018997238965128282
1999-12-10,36.7472,3.604062032280013,0.013617133753169863
1999-12-13,36.5606,3.59897115782984,-0.0050908744501731995
1999-12-14,35.645,3.573608884569592,-0.02536227326024809
1999-12-15,35.1468,3.559533575705599,-0.014075308863993108
1999-12-16,34.917,3.552973816627949,-0.006559759077649829
1999-12-17,33.8658,3.522405655597647,-0.030568161030302132
1999-12-20,33.6339,3.515534486914239,-0.00687116868340798
1999-12-21,34.917,3.552973816627949,0.03743932971371011
1999-12-22,34.858,3.55128266609949,-0.00169115052845914
1999-12-23,36.0792,3.585716521999597,0.03443385590010717
1999-12-27,35.6106,3.572643346347403,-0.013073175652194013
1999-12-28,35.582,3.5718398920125836,-0.0008034543348194312
1999-12-29,36.1086,3.5865310641140686,0.014691172101485073
1999-12-30,36.3386,3.59288053718464,0.006349473070571321
1999-12-31,36.1656,3.5881083907899174,-0.004772146394722565
2000-01-03,33.9267,3.524202315003393,-0.06390607578652441
2000-01-04,33.1682,3.5015915855835895,-0.022610729419803466
2000-01-05,32.9825,3.495977117775795,-0.005614467807794732
2000-01-06,33.4374,3.5096750339975475,0.01369791622175276
2000-01-07,34.0672,3.5283350445562465,0.018660010558698925
2000-01-10,33.4807,3.5109691534074843,-0.01736589114876219
2000-01-11,32.6672,3.486371516399798,-0.024597637007686135
2000-01-12,32.8921,3.4932325073569763,0.006860990957178181
2000-01-13,33.3883,3.5082055392122897,0.014973031855313401
2000-01-14,34.6056,3.54401551867841,0.03580997946612019
2000-01-18,33.2527,3.504135966812596,-0.039879551865813934
2000-01-19,34.694,3.5465667613392173,0.04243079452662135
2000-01-20,34.6527,3.545375644678067,-0.0011911166611504598
2000-01-21,34.1605,3.5310700058155913,-0.0143056388624756
2000-01-24,34.1605,3.5310700058155913,0.0
2000-01-25,34.9248,3.553197178569721,0.022127172754129898
2000-01-26,36.7276,3.603528516014167,0.05033133744444562
2000-01-27,37.7621,3.631305954137656,0.027777438123488984
2000-01-28,35.9122,3.5810770706332034,-0.050228883504452426
2000-01-31,37.7621,3.631305954137656,0.050228883504452426
2000-02-01,39.2093,3.6689139635562555,0.037608009418599764
2000-02-02,38.5707,3.6524929208757753,-0.01642104268048028
2000-02-03,38.9342,3.661873041752233,0.009380120876457898
2000-02-04,38.2543,3.6442559722547347,-0.017617069497498417
2000-02-07,38.4852,3.650273751802711,0.006017779547976332
2000-02-08,39.8351,3.6847484331843936,0.034474681381682526
2000-02-09,38.7976,3.658358389045984,-0.026390044138409507
2000-02-10,38.9342,3.661873041752233,0.0035146527062490662
2000-02-11,38.6591,3.6547821936333635,-0.007090848118869619
2000-02-14,36.9919,3.6106989697590612,-0.0440832238743023
2000-02-15,37.938,3.6359532483045314,0.025254278545470132
2000-02-16,37.2178,3.6167871414607093,-0.01916610684382203
2000-02-17,36.6834,3.602324336658457,-0.014462804802252371
2000-02-18,35.0093,3.5556137404793393,-0.04671059617911766
2000-02-22,36.1882,3.588733098842155,0.03311935836281554
2000-02-23,36.2296,3.5898764642719283,0.0011433654297734464
2000-02-24,35.6018,3.572396198377533,-0.01748026589439533
2000-02-25,35.5094,3.5697974501634153,-0.002598748214117652
2000-02-28,36.4978,3.597251984799294,0.02745453463587877
2000-02-29,37.269,3.6181618818996495,0.0209098971003554
2000-03-01,38.3919,3.647846499843238,0.029684617943588343
2000-03-02,37.7169,3.630108269870427,-0.017738229972811048
2000-03-03,37.9891,3.6372992764740575,0.007191006603630701
2000-03-06,39.0707,3.6653728254665,0.028073548992442632
2000-03-07,38.2995,3.6454368412710982,-0.01993598419540188
2000-03-08,36.9919,3.6106989697590612,-0.034737871512037
2000-03-09,37.9891,3.6372992764740575,0.026600306714996247
2000-03-10,36.8534,3.6069478803221173,-0.030351396151940158
2000-03-13,37.492,3.624127576884239,0.017179696562121816
2000-03-14,36.9919,3.6106989697590612,-0.013428607125177905
2000-03-15,38.9342,3.661873041752233,0.05117407199317192
2000-03-16,42.1782,3.741903499886856,0.08003045813462295
2000-03-17,42.581,3.751408144393882,0.009504644507025706
2000-03-20,40.5091,3.7015266402311955,-0.04988150416268633
2000-03-21,43.0811,3.76308438585264,0.06155774562144467
2000-03-22,42.8571,3.7578713256003877,-0.005213060252252433
2000-03-23,46.1011,3.8308368108892963,0.07296548528890856
2000-03-24,45.0194,3.8070935079797352,-0.02374330290956106
2000-03-27,44.3406,3.791900735896341,-0.015192772083394424
2000-03-28,44.1176,3.7868587958069044,-0.00504194008943637
2000-03-29,42.3167,3.745181807193965,-0.041676988612939336
2000-03-30,40.7359,3.7071097675408753,-0.038072039653089806
2000-03-31,40.8225,3.7092333999943277,0.002123632453452373
2000-04-03,43.3031,3.7682242259792367,0.05899082598490901
2000-04-04,40.8225,3.7092333999943277,-0.05899082598490901
2000-04-05,40.6485,3.7049619349439804,-0.004271465050347256
2000-04-06,41.1369,3.7169055289306407,0.011943593986660339
2000-04-07,40.6485,3.7049619349439804,-0.011943593986660339
2000-04-10,41.4591,3.724707399101975,0.019745464157994608
2000-04-11,40.4639,3.700410218592013,-0.02429718050996188
2000-04-12,40.8725,3.7104574652674307,0.010047246675417565
2000-04-13,39.7407,3.6823758514627496,-0.028081613804681105
2000-04-14,37.1304,3.6144360410908316,-0.06793981037191799
2000-04-17,36.9919,3.6106989697590612,-0.0037370713317703697
2000-04-18,37.8928,3.634761120426332,0.02406215066727091
2000-04-19,36.7276,3.603528516014167,-0.031232604412165355
2000-04-20,36.367,3.5936617700317504,-0.009866745982416436
2000-04-24,35.193,3.560847199191693,-0.032814570840057566
2000-04-25,36.7276,3.603528516014167,0.042681316822474
2000-04-26,35.9642,3.582523999223736,-0.021004516790430916
2000-04-27,34.7892,3.5493069937859207,-0.03321700543781514
2000-04-28,33.9267,3.524202315003393,-0.025104678782527756
2000-05-01,34.694,3.5465667613392173,0.02236444633582435
2000-05-02,35.8258,3.5786683042395064,0.032101542900289104
2000-05-03,34.9248,3.553197178569721,-0.025471125669785266
2000-05-04,34.471,3.5401183908419425,-0.013078787727778707
2000-05-05,33.9758,3.525648506485521,-0.014469884356421492
2000-05-08,33.8864,3.5230137539512,-0.0026347525343211053
2000-05-09,33.348,3.506997800548367,-0.016015953402833016
2000-05-10,32.3567,3.4768211092398973,-0.03017669130846956
2000-05-11,32.9433,3.4947879018809602,0.017966792641062934
2000-05-12,33.7046,3.5176343265595618,0.02284642467860154
2000-05-15,35.1046,3.5583321760160316,0.040697849456469815
2000-05-16,34.9248,3.553197178569721,-0.0051349974463104076
2000-05-17,34.8325,3.5505508590056096,-0.0026463195641115433
2000-05-18,35.3718,3.5659148925077493,0.015364033502139662
2000-05-19,34.1104,3.5296023231281404,-0.03631256937960892
2000-05-22,33.9758,3.525648506485521,-0.003953816642619401
2000-05-23,34.4277,3.5388614729116883,0.013212966426167316
2000-05-24,33.7046,3.5176343265595618,-0.021227146352126525
2000-05-25,33.0779,3.4988653856736462,-0.01876894088591552
2000-05-26,33.1682,3.5015915855835895,0.002726199909943272
2000-05-30,34.6056,3.54401551867841,0.0424239330948204
2000-05-31,35.1468,3.559533575705599,0.015518057027188892
2000-06-01,36.2728,3.591068149102014,0.03153457339641541
2000-06-02,37.9891,3.6372992764740575,0.04623112737204327
2000-06-05,37.3554,3.6204774794416426,-0.01682179703241493
2000-06-06,36.2296,3.5898764642719283,-0.030601015169714252
2000-06-07,36.1882,3.588733098842155,-0.0011433654297734464
2000-06-08,36.0074,3.583724472888017,-0.00500862595413798
2000-06-09,34.5201,3.54154176308241,-0.04218270980560668
2000-06-12,34.2902,3.5348595990620773,-0.006682164020332948
2000-06-13,34.0239,3.527063218845203,-0.0077963802168743435
2000-06-14,35.3256,3.5646079135643496,0.037544694719146676
2000-06-15,34.471,3.5401183908419425,-0.02448952272240712
2000-06-16,32.0855,3.468404214687102,-0.07171417615484055
2000-06-19,33.0779,3.4988653856736462,0.030461170986544328
2000-06-20,33.8441,3.5217646857913723,0.022899300117726007
2000-06-21,33.1682,3.5015915855835895,-0.020173100207782735
2000-06-22,32.7212,3.4880231858786677,-0.013568399704921852
2000-06-23,33.0779,3.4988653856736462,0.01084219979497858
2000-06-26,33.5681,3.513576211237095,0.014710825563448715
2000-06-27,33.8441,3.5217646857913723,0.008188474554277292
2000-06-28,33.2105,3.5028660909814318,-0.018898594809940494
2000-06-29,33.6093,3.514802814385345,0.011936723403913163
2000-06-30,32.5297,3.482153518186356,-0.03264929619898904
2000-07-03,33.7999,3.520457843904715,0.03830432571835907
2000-07-05,33.9267,3.524202315003393,0.003744471098678037
2000-07-06,34.1104,3.5296023231281404,0.005400008124747391
2000-07-07,35.6018,3.572396198377533,0.0427938752493926
2000-07-10,35.3718,3.5659148925077493,-0.006481305869783682
2000-07-11,36.0468,3.58481809418773,0.018903201679980608
2000-07-12,35.9642,3.582523999223736,-0.00229409496399402
2000-07-13,36.094,3.5861266465391064,0.003602647315370522
2000-07-14,37.3092,3.6192399450305226,0.0331132984914162
2000-07-17,36.9919,3.6106989697590612,-0.00854097527146136
2000-07-18,36.2296,3.5898764642719283,-0.020822505487132936
2000-07-19,36.0468,3.58481809418773,-0.005058370084198405
2000-07-20,36.4545,3.5960649076246285,0.011246813436898595
2000-07-21,37.492,3.624127576884239,0.02806266925961065
2000-07-24,36.6333,3.6009576628229447,-0.023169914061294428
2000-07-25,36.4074,3.5947720506840173,-0.006185612138927432
2000-07-26,35.1046,3.5583321760160316,-0.036439874667985706
2000-07-27,35.4662,3.5685801302581317,0.010247954242100121
2000-07-28,34.3816,3.5375215375570943,-0.03105859270103739
2000-07-31,35.416,3.56716369542984,0.02964215787274549
2000-08-01,36.6834,3.602324336658457,0.03516064122861717
2000-08-02,36.5448,3.598538905212495,-0.0037854314459617733
2000-08-03,35.7314,3.57602985402728,-0.022509051185215068
2000-08-04,37.269,3.6181618818996495,0.04213202787236936
2000-08-07,38.0765,3.6395972939343135,0.021435412034664036
2000-08-08,38.0323,3.6384357986809635,-0.0011614952533500755
2000-08-09,37.1736,3.6155988319195216,-0.022836966761441868
2000-08-10,36.8534,3.6069478803221173,-0.008650951597404255
2000-08-11,36.9516,3.6096089482158504,0.0026610678937331045
2000-08-14,37.492,3.624127576884239,0.014518628668388711
2000-08-15,36.816,3.6059325332930103,-0.01819504359122881
2000-08-16,35.8258,3.5786683042395064,-0.027264229053503897
2000-08-17,36.0468,3.58481809418773,0.006149789948223461
2000-08-18,36.094,3.5861266465391064,0.0013085523513765018
2000-08-21,36.2296,3.5898764642719283,0.003749817732821903
2000-08-22,37.492,3.624127576884239,0.03425111261231084
2000-08-23,38.6178,3.6537133100748322,0.0295857331905931
2000-08-24,37.8535,3.633723445885756,-0.019989864189076112
2000-08-25,36.9919,3.6106989697590612,-0.023024476126694893
2000-08-28,37.4487,3.6229719964101195,0.012273026651058228
2000-08-29,36.8534,3.6069478803221173,-0.01602411608800214
2000-08-30,37.8535,3.633723445885756,0.026775565563638803
2000-08-31,39.6965,3.681263022597649,0.047539576711892906
2000-09-01,40.0139,3.689226893749795,0.00796387115214614
2000-09-05,40.5985,3.7037311201123657,0.014504226362570538
2000-09-06,39.7919,3.683663373989938,-0.0200677461224279
2000-09-07,40.6947,3.7060978628388206,0.022434488848882772
2000-09-08,41.0995,3.7159959559780678,0.009898093139247166
2000-09-11,40.8725,3.7104574652674307,-0.005538490710637056
2000-09-12,37.5352,3.6252791593709675,-0.08517830589646325
2000-09-13,36.0468,3.58481809418773,-0.040461065183237555
2000-09-14,35.5506,3.570957033743955,-0.013861060443774775
2000-09-15,34.9248,3.553197178569721,-0.01775985517423395
2000-09-18,33.1211,3.5001705415259203,-0.05302663704380084
2000-09-19,33.3028,3.5056414775356135,0.0054709360096931725
2000-09-20,33.0779,3.4988653856736462,-0.006776091861967259
2000-09-21,31.7251,3.457108165683742,-0.041757219989904115
2000-09-22,33.5681,3.513576211237095,0.05646804555335283
2000-09-25,33.3883,3.5082055392122897,-0.005370672024805234
2000-09-26,32.7605,3.48922352138366,-0.018982017828629516
2000-09-27,32.3567,3.4768211092398973,-0.01240241214376292
2000-09-28,33.3028,3.5056414775356135,0.028820368295716214
2000-09-29,32.8479,3.4918878159465665,-0.013753661589047006
2000-10-02,33.7498,3.5189744913750545,0.027086675428487972
2000-10-03,33.2105,3.5028660909814318,-0.016108400393622713
2000-10-04,32.6249,3.48507580050406,-0.017790290477371684
2000-10-05,31.8075,3.4597021110347184,-0.02537368946934171
2000-10-06,30.6837,3.4237315689667356,-0.03597054206798278
2000-10-09,30.103,3.404624834562414,-0.019106734404321646
2000-10-10,29.1992,3.3741413116386503,-0.030483522923763662
2000-10-11,29.1117,3.3711401552279074,-0.0030011564107428335
2000-10-12,27.082,3.298869300560632,-0.07227085466727523
2000-10-13,28.3906,3.3460581044637396,0.047188803903107424
2000-10-16,28.2992,3.342833535698392,-0.003224568765347602
2000-10-17,27.1724,3.302201752257063,-0.040631783441329006
2000-10-18,26.4022,3.2734473400135746,-0.028754412243488403
2000-10-19,27.8444,3.326631868955281,0.05318452894170633
2000-10-20,27.4838,3.3135967401812114,-0.013035128774069538
2000-10-23,27.4838,3.3135967401812114,0.0
2000-10-24,28.6598,3.3554954440086147,0.04189870382740324
2000-10-25,28.6166,3.353986969027932,-0.001508474980682628
2000-10-26,28.6166,3.353986969027932,0.0
2000-10-30,31.3193,3.444234520936696,0.09024755190876377
2000-10-31,32.5827,3.4837814726683045,0.039546951731608715
2000-11-01,32.7212,3.4880231858786677,0.004241713210363152
2000-11-02,32.5827,3.4837814726683045,-0.004241713210363152
2000-11-03,31.8075,3.4597021110347184,-0.02407936163358615
2000-11-06,32.5827,3.4837814726683045,0.02407936163358615
2000-11-07,32.1681,3.470975278269574,-0.01280619439873032
2000-11-08,31.1827,3.439863453851083,-0.031111824418491363
2000-11-09,31.5885,3.4527931303058055,0.01292967645472265
2000-11-10,30.6423,3.422381407329285,-0.030411722976520394
2000-11-13,30.1443,3.4059958505737287,-0.01638555675555642
2000-11-14,30.4635,3.416529245659137,0.010533395085408515
2000-11-15,29.1579,3.3727258880862423,-0.043803357572894885
2000-11-16,29.2434,3.375653907191458,0.0029280191052158955
2000-11-17,28.3444,3.344429479797773,-0.03122442739368525
2000-11-20,27.6204,3.3185546301355116,-0.02587484966226139
2000-11-21,27.6714,3.3203993888325813,0.0018447586970697927
2000-11-22,26.8158,3.2889912660379697,-0.03140812279461169
2000-11-24,27.98,3.331489969237335,0.04249870319936555
2000-11-27,28.1646,3.338065870222039,0.006575900984703953
2000-11-28,27.2186,3.3039005631305876,-0.0341653070914516
2000-11-29,27.1724,3.302201752257063,-0.0016988108735245255
2000-11-30,26.4022,3.2734473400135746,-0.028754412243488403
2000-12-01,26.7204,3.285427318616275,0.011979978602700392
2000-12-04,27.1724,3.302201752257063,0.01677443364078801
2000-12-05,29.5587,3.3863781167638045,0.08417636450674149
2000-12-06,28.6598,3.3554954440086147,-0.030882672755189855
2000-12-07,28.032,3.333346714753981,-0.022148729254633626
2000-12-08,28.6166,3.353986969027932,0.020640254273950998
2000-12-11,30.4183,3.415044400982908,0.06105743195497615
2000-12-12,30.7789,3.426829390280256,0.011784989297347614
2000-12-13,31.8606,3.461370136696289,0.03454074641603322
2000-12-14,30.6837,3.4237315689667356,-0.03763856772955343
2000-12-15,31.4509,3.4484275995891416,0.024696030622405996
2000-12-18,32.4855,3.480793835933298,0.03236623634415636
2000-12-19,32.0855,3.468404214687102,-0.012389621246196025
2000-12-20,31.1385,3.4384449956888217,-0.029959218998280246
2000-12-21,32.3567,3.4768211092398973,0.03837611355107562
2000-12-22,32.6672,3.486371516399798,0.009550407159900853
2000-12-26,32.7605,3.48922352138366,0.0028520049838620665
2000-12-27,33.2105,3.5028660909814318,0.013642569597771548
2000-12-28,33.6093,3.514802814385345,0.011936723403913163
2000-12-29,32.5297,3.482153518186356,-0.03264929619898904
2001-01-02,31.4981,3.4499272265520986,-0.032226291634257276
2001-01-03,36.4978,3.597251984799294,0.1473247582471955
2001-01-04,37.492,3.624127576884239,0.026875592084945055
2001-01-05,35.2864,3.5634976205822224,-0.06062995630201673
2001-01-08,35.5094,3.5697974501634153,0.006299829581192906
2001-01-09,35.1046,3.5583321760160316,-0.011465274147383742
2001-01-10,36.7276,3.603528516014167,0.045196339998135215
2001-01-11,39.0187,3.664041018391889,0.06051250237772221
2001-01-12,38.4361,3.648997122139184,-0.015043896252704858
2001-01-16,38.3496,3.6467440975111516,-0.0022530246280325628
2001-01-17,38.214,3.6432019406172835,-0.0035421568938680537
2001-01-18,37.0872,3.613271896605458,-0.02993004401182553
2001-01-19,36.4545,3.5960649076246285,-0.017206988980829507
2001-01-22,36.6834,3.602324336658457,0.006259429033828479
2001-01-23,37.269,3.6181618818996495,0.01583754524119252
2001-01-24,38.3919,3.647846499843238,0.029684617943588343
2001-01-25,38.2543,3.6442559722547347,-0.0035905275885030896
2001-01-26,39.0707,3.6653728254665,0.021116853211765374
2001-01-29,39.7407,3.6823758514627496,0.017003025996249477
2001-01-30,40.3745,3.6981983975652106,0.015822546102461033
2001-01-31,39.6543,3.680199391128818,-0.017999006436392406
2001-02-01,40.2879,3.6960511757301826,0.015851784601364383
2001-02-02,39.3792,3.6732377581239795,-0.022813417606203146
2001-02-05,39.3792,3.6732377581239795,0.0
2001-02-06,37.6688,3.6288321656085487,-0.04440559251543075
2001-02-07,37.7169,3.630108269870427,0.001276104261878075
2001-02-08,37.269,3.6181618818996495,-0.011946387970777295
2001-02-09,37.4487,3.6229719964101195,0.004810114510469976
2001-02-12,37.8928,3.634761120426332,0.011789124016212682
2001-02-13,36.8534,3.6069478803221173,-0.02781324010421482
2001-02-14,36.9084,3.608439167416333,0.001491287094215643
2001-02-15,36.8534,3.6069478803221173,-0.001491287094215643
2001-02-16,37.492,3.624127576884239,0.017179696562121816
2001-02-20,36.0074,3.583724472888017,-0.04040310399622227
2001-02-21,34.1605,3.5310700058155913,-0.052654467072425604
2001-02-22,34.8325,3.5505508590056096,0.019480853190018355
2001-02-23,33.9267,3.524202315003393,-0.026348544002216645
2001-02-26,35.0093,3.5556137404793393,0.03141142547594633
2001-02-27,34.3344,3.536147767040092,-0.019465973439247275
2001-02-28,33.6644,3.51644089917393,-0.019706867866161826
2001-03-01,33.2527,3.504135966812596,-0.012304932361334231
2001-03-02,33.0287,3.4973768804688965,-0.006759086343699483
2001-03-05,33.7046,3.5176343265595618,0.020257446090665265
2001-03-06,34.5652,3.5428473955804014,0.02521306902083964
2001-03-07,36.2296,3.5898764642719283,0.0470290686915269
2001-03-08,36.2296,3.5898764642719283,0.0
2001-03-09,35.2864,3.5634976205822224,-0.02637884368970589
2001-03-12,32.8037,3.490541313906155,-0.07295630667606723
2001-03-13,34.1605,3.5310700058155913,0.04052869190943609
2001-03-14,31.5423,3.4513295021481554,-0.0797405036674359
2001-03-15,32.6249,3.48507580050406,0.0337462983559047
2001-03-16,32.1288,3.4697528241576605,-0.015322976346399564
2001-03-19,32.5513,3.4828173064131227,0.013064482255462195
2001-03-20,30.7063,3.4244678452664896,-0.058349461146633086
2001-03-21,28.982,3.3666749476237325,-0.05779289764275708
2001-03-22,28.0566,3.334223898409033,-0.032451049214699434
2001-03-23,30.0735,3.403644385305207,0.06942048689617408
2001-03-26,30.3594,3.413106189486292,0.009461804181084776
2001-03-27,31.2633,3.4424448856404193,0.02933869615412732
2001-03-28,30.6777,3.423536006283383,-0.018908879357036223
2001-03-29,31.0049,3.434145256510396,0.010609250227012978
2001-03-30,32.3695,3.4772166214178677,0.043071364907471654
2001-04-02,32.1543,3.470546189796142,-0.006670431621725648
2001-04-03,29.9949,3.4010273672105176,-0.06951882258562447
2001-04-04,29.1942,3.3739700594076716,-0.027057307802845987
2001-04-05,30.6423,3.422381407329285,0.0484113479216135
2001-04-06,29.1206,3.3714458275118218,-0.05093557981746333
2001-04-09,29.1432,3.3722216094255817,0.000775781913759932
2001-04-10,31.2201,3.441062118157108,0.06884050873152647
2001-04-11,32.2575,3.473750574343864,0.032688456186755754
2001-04-12,32.7123,3.48775115396673,0.014000579622865938
2001-04-16,32.8037,3.490541313906155,0.0027901599394253296
2001-04-17,32.7123,3.48775115396673,-0.0027901599394253296
2001-04-18,35.4023,3.5667767897805684,0.07902563581383859
2001-04-19,35.1852,3.5606255396428006,-0.00615125013776785
2001-04-20,34.4631,3.5398891864268682,-0.020736353215932368
2001-04-23,34.1025,3.529370695385138,-0.010518491041730194
2001-04-24,34.1762,3.5315294953805316,0.00215879999539359
2001-04-25,34.2332,3.53319593341948,0.0016664380389483924
2001-04-26,34.968,3.5544333575610136,0.021237424141533623
2001-04-27,35.9416,3.581895399006669,0.027462041445655228
2001-04-30,34.5928,3.543645567923884,-0.03824983108278479
2001-05-01,35.1331,3.5591437060508744,0.015498138126990302
2001-05-02,35.7383,3.5762229428473375,0.01707923679646317
2001-05-03,35.3256,3.5646079135643496,-0.011615029282987965
2001-05-04,36.483,3.596846398666972,0.032238485102622505
2001-05-07,35.472,3.568743652873956,-0.028102745793016304
2001-05-08,34.4277,3.5388614729116883,-0.029882179962267497
2001-05-09,34.0672,3.5283350445562465,-0.01052642835544182
2001-05-10,34.2528,3.5337683131915534,0.005433268635306909
2001-05-11,33.4807,3.5109691534074843,-0.0227991597840691
2001-05-14,34.3491,3.536575817451747,0.025606664044262928
2001-05-15,34.0878,3.5289395490130673,-0.007636268438679927
2001-05-16,34.8502,3.551058876070984,0.02211932705791675
2001-05-17,34.7411,3.547923424099812,-0.003135451971171932
2001-05-18,34.7214,3.5473562115598614,-0.0005672125399507344
2001-05-21,35.639,3.573440543847574,0.026084332287712453
2001-05-22,36.0625,3.585253544268318,0.011813000420744402
2001-05-23,35.2706,3.563049755727875,-0.02220378854044336
2001-05-24,35.5732,3.5715925453662427,0.008542789638367854
2001-05-25,35.1115,3.558528712138722,-0.013063833227520583
2001-05-29,35.5674,3.5714294879837394,0.012900775845017254
2001-05-30,35.0565,3.5569610456450524,-0.014468442338686938
2001-05-31,35.4348,3.5676943881091385,0.010733342464086082
2001-06-01,35.247,3.5623804192535453,-0.00531396885559321
2001-06-04,35.6912,3.5749041598003806,0.01252374054683525
2001-06-05,34.968,3.5544333575610136,-0.020470802239366925
2001-06-06,33.7724,3.519643900868345,-0.03478945669266853
2001-06-07,32.9,3.493472657771326,-0.026171243097019126
2001-06-08,31.8695,3.4616494395706874,-0.0318232182006386
2001-06-11,31.8537,3.461153544815754,-0.0004958947549331683
2001-06-12,31.3547,3.4453641760971947,-0.015789368718559516
2001-06-13,31.6503,3.4547476272182487,0.009383451121053987
2001-06-14,31.4293,3.447740578846536,-0.007007048371712621
2001-06-15,32.3695,3.4772166214178677,0.02947604257133163
2001-06-18,31.9481,3.464112711136634,-0.013103910281233588
2001-06-19,32.1003,3.4688653758866907,0.0047526647500566455
2001-06-20,32.8755,3.4927276995077463,0.02386232362105556
2001-06-21,33.9758,3.525648506485521,0.032920806977774664
2001-06-22,33.0945,3.499367105434399,-0.02628140105112209
2001-06-25,33.0356,3.497585767871778,-0.0017813375626207772
2001-06-26,32.2153,3.4724414949793423,-0.025144272892435815
2001-06-27,31.7417,3.4576312738404016,-0.014810221138940705
2001-06-28,32.4471,3.479611070897658,0.02197979705725661
2001-06-29,32.0629,3.4676995984866963,-0.01191147241096191
2001-07-02,33.0209,3.497140694328897,0.02944109584220067
2001-07-03,32.9138,3.493892022713094,-0.0032486716158031115
2001-07-05,32.8273,3.49126048627949,-0.0026315364336038094
2001-07-06,32.0945,3.468684675891807,-0.02257581038768297
2001-07-09,31.7171,3.456855967618656,-0.01182870827315119
2001-07-10,30.2897,3.4108077207312673,-0.04604824688738862
2001-07-11,30.3191,3.411777876956302,0.0009701562250348239
2001-07-12,30.6699,3.423281717605683,0.011503840649381036
2001-07-13,30.6777,3.423536006283383,0.0002542886776999431
2001-07-16,29.7041,3.3912850834190715,-0.032250922864311526
2001-07-17,30.4969,3.4176250391034753,0.026339955684403726
2001-07-18,31.4215,3.4474923719807506,0.029867332877275388
2001-07-19,31.5059,3.4501748298801367,0.002682457899386037
2001-07-20,31.2898,3.4432921658418905,-0.006882664038246222
2001-07-23,31.0098,3.4343032835591503,-0.008988882282740196
2001-07-24,30.7721,3.426608435298934,-0.007694848260216158
2001-07-25,30.9303,3.4317362859709877,0.005127850672053569
2001-07-26,31.1739,3.4395812062603413,0.007844920289353574
2001-07-27,31.8763,3.4618627869606584,0.02228158070031716
2001-07-30,31.5885,3.4527931303058055,-0.009069656654852931
2001-07-31,31.2201,3.441062118157108,-0.011731012148697317
2001-08-01,31.3615,3.4455810259709643,0.00451890781385611
2001-08-02,31.3615,3.4455810259709643,0.0
2001-08-03,31.2338,3.4415008417666746,-0.004080184204289683
2001-08-06,30.8271,3.428394173250583,-0.013106668516091435
2001-08-07,30.8349,3.428647165370255,0.00025299211967189095
2001-08-08,30.3398,3.4124603819408477,-0.01618678342940738
2001-08-09,30.2121,3.4082425063887927,-0.004217875552054995
2001-08-10,30.4183,3.415044400982908,0.0068018945941155096
2001-08-13,30.3663,3.4133334408816545,-0.0017109601012537112
2001-08-14,30.4635,3.416529245659137,0.0031958047774827136
2001-08-15,30.3889,3.414077410156463,-0.00245183550267436
2001-08-16,30.4115,3.414820826352437,0.000743416195974067
2001-08-17,29.8849,3.397353336110338,-0.017467490242098815
2001-08-20,29.6255,3.3886354769500002,-0.008717859160337849
2001-08-21,29.1353,3.3719504974357952,-0.016684979514205
2001-08-22,29.7041,3.3912850834190715,0.01933458598327631
2001-08-23,29.3593,3.379609361500238,-0.011675721918833482
2001-08-24,29.5116,3.384783406393901,0.005174044893662799
2001-08-27,29.6324,3.3888683572927456,0.0040849508988447525
2001-08-28,29.1942,3.3739700594076716,-0.014898297885074019
2001-08-29,28.5301,3.350959670301635,-0.023010389106036477
2001-08-30,28.2934,3.342628561902514,-0.008331108399121323
2001-08-31,28.4063,3.3466109515522207,0.0039823896497068745
2001-09-04,28.7148,3.3574126692911337,0.01080171773891303
2001-09-05,27.6478,3.319546158799185,-0.03786651049194889
2001-09-06,26.634,3.2821885950799534,-0.03735756371923138
2001-09-07,26.6762,3.2837717821178734,0.0015831870379199309
2001-09-10,26.862,3.2907126484868834,0.006940866369010035
2001-09-17,25.4158,3.2353710278773935,-0.05534162060948988
2001-09-18,25.1191,3.2236285129326814,-0.011742514944712124
2001-09-19,24.5945,3.2025228407054285,-0.021105672227252903
2001-09-20,22.7513,3.1246222866215114,-0.07790055408391705
2001-09-21,22.2209,3.101033287441622,-0.023588999179889214
2001-09-24,23.4892,3.156540741045316,0.05550745360369369
2001-09-25,23.9745,3.176990765494681,0.020450024449365056
2001-09-26,23.4961,3.156834449930844,-0.020156315563836902
2001-09-27,23.8802,3.1730496636987096,0.0162152137678655
2001-09-28,24.622,3.203640352225423,0.03059068852671354
2001-10-01,24.5119,3.1991587139153945,-0.004481638310028568
2001-10-02,25.2272,3.2279227775010804,0.02876406358568584
2001-10-03,24.9933,3.2186077889497833,-0.009314988551297088
2001-10-04,24.6298,3.2039570919208336,-0.014650697028949722
2001-10-05,24.0885,3.181734548187518,-0.022222543733315447
2001-10-08,23.388,3.152223070313424,-0.029511477874093917
2001-10-09,23.7545,3.1677719862169895,0.01554891590356533
2001-10-10,24.0737,3.1811199583030922,0.013347972086102722
2001-10-11,24.0954,3.182020950909057,0.0009009926059646567
2001-10-12,23.7122,3.165989683626014,-0.016031267283042716
2001-10-15,24.1897,3.1859269227260993,0.019937239100085158
2001-10-16,24.4726,3.1975541243643253,0.011627201638225948
2001-10-17,24.9501,3.2168778302055276,0.019323705841202354
2001-10-18,24.6151,3.2033600757653895,-0.013517754440138141
2001-10-19,24.4206,3.1954270384052905,-0.007933037360098982
2001-10-22,25.46,3.2371085931292605,0.04168155472396995
2001-10-23,25.7842,3.2497619012314245,0.01265330810216403
2001-10-24,26.1152,3.2625175202927865,0.012755619061362022
2001-10-25,27.0202,3.296584734429159,0.03406721413637248
2001-10-26,27.0742,3.2985812448974237,0.001996510468264656
2001-10-29,25.7468,3.2483103475426995,-0.05027089735472412
2001-10-30,25.6024,3.2426860970912603,-0.005624250451439217
2001-10-31,25.4954,3.2384980437348956,-0.00418805335636474
2001-11-01,26.2008,3.2657899446520324,0.027291900917136847
2001-11-02,25.9816,3.2573885951813817,-0.008401349470650743
2001-11-05,26.2155,3.2663508388923885,0.008962243711006845
2001-11-06,27.0662,3.298285716971578,0.03193487807918949
2001-11-07,27.8248,3.3259277093550037,0.027641992383425684
2001-11-08,27.974,3.331275507357112,0.005347798002108384
2001-11-09,28.1568,3.3377888884691047,0.006513381111992622
2001-11-12,27.974,3.331275507357112,-0.006513381111992622
2001-11-13,28.371,3.345367496701485,0.014091989344372724
2001-11-14,28.5871,3.3529555671215814,0.007588070420096571
2001-11-15,28.536,3.3511664480565906,-0.0017891190649907962
2001-11-16,28.4132,3.3468538259187293,-0.004312622137861322
2001-11-19,28.9093,3.364163342660053,0.017309516741323527
2001-11-20,28.4063,3.3466109515522207,-0.017552391107832133
2001-11-21,28.0036,3.3323330733391776,-0.01427787821304305
2001-11-23,28.3965,3.3462658981359374,0.013932824796759835
2001-11-26,28.4722,3.348928172628289,0.0026622744923514574
2001-11-27,28.6971,3.3567960723639882,0.007867899735699346
2001-11-28,27.0378,3.2972358869180365,-0.05956018544595176
2001-11-29,27.4406,3.3120236685078424,0.01478778158980587
2001-11-30,27.194,3.3029963607334945,-0.009027307774347904
2001-12-03,26.352,3.2715441734352844,-0.03145218729821009
2001-12-04,26.8354,3.2897219114241656,0.018177737988881226
2001-12-05,28.1312,3.3368792806747223,0.04715736925055669
2001-12-06,29.1117,3.3711401552279074,0.03426087455318516
2001-12-07,28.6755,3.3560430996550457,-0.015097055572861784
2001-12-10,27.8906,3.3282897144951225,-0.027753385159923205
2001-12-11,27.755,3.323416004142125,-0.004873710352997662
2001-12-12,27.6646,3.3201536175432134,-0.0032623865989114265
2001-12-13,26.742,3.286235363192474,-0.033918254350739474
2001-12-14,25.9816,3.2573885951813817,-0.028846768011092205
2001-12-17,26.4611,3.2756757300071397,0.018287134825758056
2001-12-18,26.8158,3.2889912660379697,0.013315536030829911
2001-12-19,27.3984,3.3104846175284353,0.021493351490465606
2001-12-20,26.3304,3.270724165189254,-0.03976045233918146
2001-12-21,25.7764,3.2494593446258184,-0.02126482056343537
2001-12-24,25.9816,3.2573885951813817,0.00792925055556326
2001-12-26,26.1772,3.264888802890337,0.007500207708955209
2001-12-27,26.186,3.2652249168055616,0.0003361139152247006
2001-12-28,26.352,3.2715441734352844,0.006319256629722769
2001-12-31,26.2076,3.266049445038923,-0.005494728396361559
2002-01-02,26.2076,3.266049445038923,0.0
2002-01-03,26.91,3.2924979647388146,0.026448519699891815
2002-01-04,28.1165,3.3363565926240226,0.043858627885208
2002-01-07,28.0497,3.3339779367243456,-0.002378655899677007
2002-01-08,27.8336,3.3262439239811274,-0.007734012743218166
2002-01-09,27.9072,3.3288847200505294,0.0026407960694019295
2002-01-10,28.2196,3.340016771979774,0.011132051929244824
2002-01-11,27.641,3.319300177695081,-0.02071659428469319
2002-01-14,26.9012,3.2921708952782396,-0.027129282416841427
2002-01-15,27.303,3.3069965862633284,0.01482569098508879
2002-01-16,26.1035,3.262069404954956,-0.044927181308372255
2002-01-17,26.5702,3.2797902870298055,0.017720882074849342
2002-01-18,25.8922,3.253941765047066,-0.02584852198273957
2002-01-22,25.7842,3.2497619012314245,-0.004179863815641394
2002-01-23,25.7764,3.2494593446258184,-0.00030255660560607467
2002-01-24,25.8844,3.2536404706376607,0.004181126011842284
2002-01-25,25.2272,3.2279227775010804,-0.025717693136580344
2002-01-28,24.7359,3.208255629706025,-0.019667147795055406
2002-01-29,23.1071,3.1401399296099117,-0.06811570009611323
2002-01-30,23.836,3.1711970428847325,0.031057113274820747
2002-01-31,24.5483,3.2006426054070394,0.0294455625223069
2002-02-01,23.1867,3.1435788384247596,-0.05706376698227977
2002-02-04,22.0333,3.0925549453290824,-0.05102389309567723
2002-02-05,20.9231,3.040853811775029,-0.05170113355405359
2002-02-06,21.2276,3.0553022217506185,0.014448409975589716
2002-02-07,21.6776,3.076279469336615,0.020977247585996395
2002-02-08,22.4389,3.110796059845152,0.03451659050853717
2002-02-11,22.9577,3.133653392217566,0.02285733237241372
2002-02-12,22.7033,3.122510288370855,-0.011143103846710911
2002-02-13,21.8083,3.0822906312792204,-0.04021965709163444
2002-02-14,21.7827,3.081116076763697,-0.001174554515523507
2002-02-15,21.6658,3.075734980427506,-0.005381096336190883
2002-02-19,20.9309,3.0412265360111976,-0.034508444416308404
2002-02-20,21.205,3.0542370029265538,0.013010466915356123
2002-02-21,21.0085,3.044927117734183,-0.00930988519237097
2002-02-22,20.3238,3.011792613100504,-0.03313450463367884
2002-02-25,20.9083,3.040146209322444,0.028353596221939892
2002-02-26,20.8799,3.0387869737309385,-0.0013592355915053034
2002-02-27,20.8799,3.0387869737309385,0.0
2002-02-28,21.0901,3.048803736063131,0.010016762332192286
2002-03-01,21.3868,3.0627739092846804,0.013970173221549587
2002-03-04,23.4361,3.1542775686131894,0.09150365932850901
2002-03-05,23.4411,3.154490891935357,0.00021332332216772443
2002-03-06,24.5483,3.2006426054070394,0.04615171347168223
2002-03-07,24.5483,3.2006426054070394,0.0
2002-03-08,25.0474,3.220770029728899,0.020127424321859433
2002-03-11,26.1703,3.2646251799841823,0.043855150255283526
2002-03-12,26.135,3.263275412164885,-0.0013497678192972984
2002-03-13,25.5012,3.238725509880678,-0.024549902284206837
2002-03-14,25.3156,3.231420806503828,-0.007304703376850075
2002-03-15,25.963,3.2566724475627673,0.025251641058939178
2002-03-18,25.4777,3.2378035597536816,-0.018868887809085688
2002-03-19,26.021,3.2589039043212735,0.02110034456759191
2002-03-20,25.3726,3.233669851608072,-0.02523405271320156
2002-03-21,25.0847,3.222258098526453,-0.011411753081619125
2002-03-22,25.3814,3.2340166223094227,0.01175852378296982
2002-03-25,25.1996,3.2268281213755268,-0.007188500933895892
2002-03-26,25.3401,3.2323881212151195,0.005559999839592766
2002-03-27,25.5936,3.2423423202303074,0.009954199015187903
2002-03-28,25.7036,3.246631059912204,0.00428873968189647
2002-04-01,25.6732,3.245447646248922,-0.001183413663282007
2002-04-02,25.46,3.2371085931292605,-0.008339053119661433
2002-04-03,25.2409,3.2284656947235044,-0.00864289840575605
2002-04-04,24.8312,3.2121009269870004,-0.01636476773650397
2002-04-05,25.1328,3.2241737659614986,0.012072838974498179
2002-04-08,25.2212,3.227684910689515,0.00351114472801628
2002-04-09,25.3726,3.233669851608072,0.005984940918557058
2002-04-10,25.2625,3.229321082729739,-0.004348768878332798
2002-04-11,24.1249,3.1832445021387388,-0.04607658059100039
2002-04-12,24.7153,3.2074224850627564,0.024177982924017627
2002-04-15,24.8037,3.210992835591073,0.003570350528316446
2002-04-16,25.5091,3.239035251249114,0.028042415658040998
2002-04-17,26.8698,3.291002979354444,0.051967728105330124
2002-04-18,26.862,3.2907126484868834,-0.00029033086756058424
2002-04-19,27.2274,3.3042238192036373,0.013511170716753895
2002-04-22,26.3894,3.2729624143719636,-0.03126140483167372
2002-04-23,26.3894,3.2729624143719636,0.0
2002-04-24,25.8766,3.2533390854225743,-0.01962332894938923
2002-04-25,25.2537,3.2289726796396803,-0.024366405782894063
2002-04-26,25.2272,3.2279227775010804,-0.0010499021385999008
2002-04-29,24.7595,3.2092092537514305,-0.018713523749649852
2002-04-30,25.3077,3.2311086972551566,0.02189944350372608
2002-05-01,25.5936,3.2423423202303074,0.011233622975150848
2002-05-02,26.135,3.263275412164885,0.020933091934577597
2002-05-03,25.7233,3.2473971959602097,-0.015878216204675333
2002-05-06,24.8037,3.210992835591073,-0.03640436036913686
2002-05-07,24.9668,3.2175469422947427,0.006554106703669849
2002-05-08,26.6104,3.281302116819498,0.0637551745247551
2002-05-09,25.7891,3.2499519220373356,-0.031350194782162166
2002-05-10,25.294,3.2305672134577845,-0.019384708579551102
2002-05-13,26.2008,3.2657899446520324,0.0352227311942479
2002-05-14,27.1026,3.2996296642430254,0.03383971959099297
2002-05-15,26.6488,3.282744121455467,-0.016885542787558272
2002-05-16,27.2756,3.305992529643998,0.02324840818853069
2002-05-17,27.4672,3.3129925655345276,0.007000035890529777
2002-05-20,27.0074,3.2961109025269653,-0.01688166300756233
2002-05-21,27.0526,3.2977831189728684,0.0016722164459030964
2002-05-22,27.082,3.298869300560632,0.001086181587763857
2002-05-23,27.6646,3.3201536175432134,0.021284316982581153
2002-05-24,27.253,3.3051636067927213,-0.014990010750492111
2002-05-28,26.8216,3.2892075330465347,-0.015956073746186572
2002-05-29,26.6536,3.282924225916541,-0.006283307129993698
2002-05-30,25.963,3.2566724475627673,-0.02625177835377368
2002-05-31,25.9198,3.2550071554049222,-0.0016652921578450552
2002-06-03,24.9874,3.21837169781751,-0.03663545758741238
2002-06-04,24.9806,3.218099523624347,-0.000272174193162833
2002-06-05,25.0169,3.2195515964831203,0.0014520728587732457
2002-06-06,24.2909,3.190101794612553,-0.029449801870567338
2002-06-07,24.2909,3.190101794612553,0.0
2002-06-10,24.4284,3.1957463898788636,0.00564459526631067
2002-06-11,23.7407,3.167190874846226,-0.028555515032637757
2002-06-12,23.9127,3.174409698557845,0.007218823711619304
2002-06-13,23.5481,3.1590451378021482,-0.015364560755696921
2002-06-14,23.7937,3.1694208397542902,0.010375701952141991
2002-06-17,25.5838,3.2419593386751764,0.07253849892088615
2002-06-18,25.2488,3.2287786298395567,-0.013180708835619726
2002-06-19,24.957,3.2171543439698604,-0.011624285869696216
2002-06-20,24.0659,3.1807959007675803,-0.0363584432022801
2002-06-21,23.7879,3.1691770480352757,-0.011618852732304674
2002-06-24,23.9205,3.1747358318739995,0.00555878383872388
2002-06-25,23.7407,3.167190874846226,-0.007544957027773691
2002-06-26,22.7033,3.122510288370855,-0.04468058647537099
2002-06-27,23.5923,3.1609203876070997,0.03841009923624483
2002-06-28,24.4569,3.1969123846964846,0.03599199708938494
2002-07-01,22.6099,3.1183878634583375,-0.07852452123814713
2002-07-02,22.5165,3.1142483737862037,-0.004139489672133845
2002-07-03,22.3143,3.105227728554933,-0.009020645231270663
2002-07-05,23.4961,3.156834449930844,0.05160672137591105
2002-07-08,23.2741,3.147341154316682,-0.009493295614162012
2002-07-09,22.5481,3.115650805192641,-0.031690349124041006
2002-07-10,21.7395,3.0791308823485437,-0.03651992284409733
2002-07-11,22.0421,3.0929542610524536,0.013823378703909928
2002-07-12,21.7827,3.081116076763697,-0.011838184288756715
2002-07-15,21.6845,3.0765977196085452,-0.004518357155151698
2002-07-16,20.5468,3.022705211055417,-0.05389250855312833
2002-07-17,20.2874,3.010000003685,-0.012705207370416804
2002-07-18,19.6096,2.976019242243971,-0.03398076144102902
2002-07-19,18.8186,2.934845742442311,-0.041173499801660185
2002-07-22,17.679,2.872377494523886,-0.06246824791842487
2002-07-23,14.4773,2.6725819054825832,-0.1997955890413028
2002-07-24,16.8008,2.8214265043230813,0.14884459884049805
2002-07-25,16.113,2.779626399591432,-0.04180010473164941
2002-07-26,16.0403,2.7751043055053604,-0.004522094086071515
2002-07-29,18.0956,2.8956688147970113,0.12056450929165097
2002-07-30,17.9462,2.8873783933585115,-0.008290421438499784
2002-07-31,17.9924,2.8899494465130418,0.0025710531545302118
2002-08-01,18.0396,2.892569341439652,0.0026198949266103
2002-08-02,17.1957,2.844659352564198,-0.04790998887545417
2002-08-05,16.113,2.779626399591432,-0.06503295297276601
2002-08-06,17.0512,2.8362205824845548,0.0565941828931229
2002-08-07,17.3293,2.8523987105285697,0.016178128044014972
2002-08-08,19.0191,2.945443737385696,0.09304502685712635
2002-08-09,18.9965,2.9442547516712816,-0.0011889857144145033
2002-08-12,18.355,2.9099020169487977,-0.0343527347224839
2002-08-13,17.5916,2.8674215153859532,-0.04248050156284444
2002-08-14,18.126,2.89734737163259,0.029925856246636684
2002-08-15,17.8716,2.883212860697685,-0.01413451093490492
2002-08-16,17.9256,2.8862298587288295,0.0030169980311445244
2002-08-19,19.6174,2.9764169275170125,0.09018706878818294
2002-08-20,19.136,2.951571377768221,-0.024845549748791385
2002-08-21,19.3816,2.964324162394311,0.012752784626089753
2002-08-22,19.2431,2.957152554919821,-0.007171607474489861
2002-08-23,18.5328,2.9195421351959445,-0.037610419723876465
2002-08-26,19.0986,2.9496150339368037,0.030072898740859166
2002-08-27,19.2854,2.9593483329540335,0.009733299017229857
2002-08-28,18.9513,2.941872530758568,-0.01747580219546574
2002-08-29,19.1763,2.953675141565403,0.011802610806835201
2002-08-30,19.0348,2.9462688828184005,-0.007406258747002514
2002-09-03,17.8412,2.881510389463694,-0.06475849335470629
2002-09-04,18.3058,2.907217949523248,0.02570756005955399
2002-09-05,17.3754,2.855055412768597,-0.05216253675465099
2002-09-06,17.2408,2.847278667871225,-0.007776744897372012
2002-09-09,17.006,2.8335662229636007,-0.013712444907624466
2002-09-10,16.6878,2.8146779135269644,-0.01888830943663633
2002-09-11,16.5689,2.8075274442016953,-0.007150469325269082
2002-09-12,15.8674,2.7642666899886184,-0.04326075421307696
2002-09-13,15.89,2.7656899805486246,0.0014232905600062296
2002-09-16,15.6552,2.750803130167859,-0.014886850380765537
2002-09-17,15.5383,2.743307943846025,-0.007495186321833991
2002-09-18,14.7357,2.690273120999529,-0.05303482284649608
2002-09-19,14.3269,2.6621388890585798,-0.028134231940949217
2002-09-20,14.5509,2.6776528473746217,0.015513958316041965
2002-09-23,13.8799,2.630441750441754,-0.047211096932867846
2002-09-24,13.4399,2.5982278945911323,-0.03221385585062153
2002-09-25,13.6167,2.611296980615322,0.013069086024189769
2002-09-26,13.8957,2.6315794397592995,0.020282459143977416
2002-09-27,13.2227,2.581935049576258,-0.049644390183041676
2002-09-30,13.6923,2.616833631032638,0.03489858145638003
2002-10-01,14.2337,2.655612392358779,0.038778761326141
2002-10-02,13.1579,2.577022338695726,-0.07859005366305283
2002-10-03,12.702,2.5417594613807832,-0.03526287731494282
2002-10-04,11.9249,2.4786286509950095,-0.06313081038577373
2002-10-07,12.0919,2.4925358069524832,0.013907155957473716
2002-10-08,11.9681,2.4822447768121867,-0.010291030140296531
2002-10-09,11.1409,2.410623021181946,-0.07162175563024054
2002-10-10,11.4975,2.442129620431942,0.03150659924999566
2002-10-11,12.3925,2.517091450912592,0.07496183048065008
2002-10-14,12.1675,2.4987684627254723,-0.018322988187119638
2002-10-15,13.4201,2.5967535830806017,0.09798512035512941
2002-10-16,13.1883,2.579330072903438,-0.017423510177163593
2002-10-17,13.5489,2.6063053632185613,0.026975290315123246
2002-10-18,13.6785,2.6158252570596927,0.009519893841131388
2002-10-21,14.6148,2.6820347138989282,0.06620945683923551
2002-10-22,14.3565,2.6642028013219337,-0.01783191257699457
2002-10-23,14.2523,2.6569182971992866,-0.007284504122647029
2002-10-24,14.2061,2.6536714498300205,-0.0032468473692661703
2002-10-25,14.6865,2.6869287044800987,0.03325725465007823
2002-10-28,15.3212,2.729237490226614,0.0423087857465152
2002-10-29,14.7504,2.691270201062193,-0.037967289164420936
2002-10-30,15.1768,2.7197679460561988,0.028497744994005814
2002-10-31,14.9587,2.705293070374725,-0.014474875681473875
2002-11-01,15.5187,2.742045748360168,0.03675267798544324
2002-11-04,15.8674,2.7642666899886184,0.02222094162845023
2002-11-05,16.2014,2.785097658257453,0.02083096826883457
2002-11-06,15.9087,2.7668661293946895,-0.01823152886276347
2002-11-07,14.8535,2.698235527713819,-0.06863060168087065
2002-11-08,14.5637,2.6785321313644195,-0.019703396349399327
2002-11-11,14.7239,2.689472023861003,0.010939892496583337
2002-11-12,14.8093,2.6952553618014226,0.005783337940419742
2002-11-13,15.1031,2.7149000207633702,0.01964465896194767
2002-11-14,15.8036,2.7602377621807506,0.04533774141738034
2002-11-15,15.9264,2.767978109682098,0.007740347501347333
2002-11-18,15.7819,2.758863713746238,-0.009114395935859942
2002-11-19,15.8262,2.7616667945392237,0.002803080792985746
2002-11-20,17.1014,2.839160331502368,0.0774935369631442
2002-11-21,17.9462,2.8873783933585115,0.048218061856143635
2002-11-22,18.017,2.891315756633563,0.003937363275051453
2002-11-25,17.9856,2.8895714377253956,-0.001744318908167397
2002-11-26,17.4442,2.8590072151750556,-0.03056422255033997
2002-11-27,18.1624,2.8993535230312784,0.04034630785622273
2002-11-29,18.1466,2.89848321533912,-0.0008703076921583452
2002-12-02,18.183,2.900487091637258,0.0020038762981378078
2002-12-03,17.7429,2.875985435900085,-0.02450165573717289
2002-12-04,17.8106,2.8797937856729092,0.003808349772824293
2002-12-05,17.0218,2.834494875485097,-0.04529891018781207
2002-12-06,17.6152,2.868762165688439,0.03426729020334163
2002-12-09,16.7712,2.81966312962571,-0.04909903606272881
2002-12-10,17.4108,2.857090703327503,0.03742757370179284
2002-12-11,17.3696,2.8547215517783036,-0.0023691515491992554
2002-12-12,17.4108,2.857090703327503,0.0023691515491992554
2002-12-13,17.0296,2.834953006436331,-0.022137696891171732
2002-12-16,17.8804,2.883705140859786,0.04875213442345494
2002-12-17,18.0396,2.892569341439652,0.008864200579866033
2002-12-18,17.3028,2.8508683381184645,-0.041701003321187535
2002-12-19,16.8194,2.822532982089285,-0.028335356029179692
2002-12-20,17.9335,2.8866704721367404,0.06413749004745561
2002-12-23,17.8156,2.8800744779742393,-0.006595994162501118
2002-12-24,17.4482,2.859236491465453,-0.020837986508786432
2002-12-26,17.63,2.869601996409779,0.010365504944326087
2002-12-27,17.1603,2.842598576424481,-0.02700341998529776
2002-12-30,17.2959,2.850469479196512,0.007870902772030952
2002-12-31,17.3028,2.8508683381184645,0.00039885892195234973
2003-01-02,18.3442,2.9093134482436613,0.05844511012519682
2003-01-03,18.7018,2.9286197759126553,0.019306327668993983
2003-01-06,20.1725,3.0043202907405244,0.0757005148278691
2003-01-07,20.0733,2.999390573806218,-0.004929716934306327
2003-01-08,19.2991,2.9600584626991764,-0.03933211110704171
2003-01-09,19.6822,2.9797146739941116,0.019656211294935222
2003-01-10,19.53,2.9719517448885875,-0.007762929105524119
2003-01-13,19.6675,2.9789675272212603,0.00701578233267286
2003-01-14,19.8944,2.9904382850928815,0.011470757871621107
2003-01-15,19.525,2.9716956957257494,-0.018742589367132023
2003-01-16,19.308,2.9605195177982466,-0.011176177927502806
2003-01-17,18.8826,2.938240863100353,-0.022278654697893696
2003-01-21,18.3274,2.908397207819175,-0.029843655281177828
2003-01-22,17.8106,2.8797937856729092,-0.028603422146265878
2003-01-23,18.1172,2.8968617632882423,0.017067977615333074
2003-01-24,17.1642,2.842825819356893,-0.05403594393134936
2003-01-27,16.7938,2.8210097706753343,-0.02181604868155862
2003-01-28,16.953,2.830444809315816,0.009435038640481785
2003-01-29,16.9452,2.8299846078810695,-0.0004602014347465655
2003-01-30,16.6121,2.8101313454951513,-0.019853262385918224
2003-01-31,16.8272,2.822996624783627,0.012865279288475584
2003-02-03,16.9992,2.8331662841253853,0.010169659341758397
2003-02-04,16.62,2.810606789427302,-0.02255949469808316
2003-02-05,16.5384,2.805684949728971,-0.004921839698331265
2003-02-06,16.0885,2.7781047310525486,-0.02758021867642224
2003-02-07,15.8478,2.7630306894276733,-0.015074041624875356
2003-02-10,15.9342,2.768467742655478,0.0054370532278045225
2003-02-11,15.8596,2.763774995207697,-0.004692747447780921
2003-02-12,15.5108,2.741536555484312,-0.022238439723385017
2003-02-13,15.3497,2.7310959298682786,-0.010440625616033206
2003-02-14,15.7554,2.75718316365242,0.02608723378414135
2003-02-18,16.2211,2.7863128638970114,0.029129700244591383
2003-02-19,16.2211,2.7863128638970114,0.0
2003-02-20,16.3567,2.7946375993366592,0.008324735439647846
2003-02-21,16.4952,2.8030694294933682,0.008431830156709008
2003-02-24,16.0806,2.777613576487527,-0.025455853005841078
2003-02-25,16.2574,2.788548189735025,0.010934613247497893
2003-02-26,16.1071,2.779260168570054,-0.00928802116497085
2003-02-27,16.338,2.7934936829196775,0.014233514349623277
2003-02-28,16.3508,2.794276825809854,0.000783142890176336
2003-03-03,16.4736,2.801759099539561,0.007482273729707334
2003-03-04,16.1514,2.7820067332180396,-0.019752366321521553
2003-03-05,16.449,2.800264685090021,0.018257951871981426
2003-03-06,15.8596,2.763774995207697,-0.03648968988232415
2003-03-07,16.0718,2.777066183433215,0.013291188225518002
2003-03-10,15.4558,2.737984337427848,-0.039081846005367016
2003-03-11,14.9587,2.705293070374725,-0.032691267053122974
2003-03-12,14.9587,2.705293070374725,0.0
2003-03-13,15.6621,2.7512437811889656,0.045950710814240736
2003-03-14,15.3281,2.7296877452155743,-0.021556035973391285
2003-03-17,16.2653,2.7890340042679744,0.0593462590524001
2003-03-18,16.449,2.800264685090021,0.01123068082204659
2003-03-19,16.8194,2.822532982089285,0.022268296999263804
2003-03-20,16.9668,2.831258493403658,0.008725511314373158
2003-03-21,17.7744,2.877759219845321,0.04650072644166281
2003-03-24,17.0356,2.8353052720952467,-0.04245394775007405
2003-03-25,17.404,2.8567000648584338,0.02139479276318701
2003-03-26,17.4286,2.8581125350208616,0.001412470162427848
2003-03-27,17.3892,2.8558493238577416,-0.0022632111631200047
2003-03-28,17.63,2.869601996409779,0.013752672552037382
2003-03-31,17.0954,2.838809421472098,-0.03079257493768095
2003-04-01,17.4698,2.860473675883525,0.021664254411426942
2003-04-02,18.1024,2.8960445261666994,0.035570850283174416
2003-04-03,17.9786,2.889182161718233,-0.00686236444846644
2003-04-04,18.4434,2.914706582910959,0.02552442119272591
2003-04-07,18.4866,2.9170461453103513,0.002339562399392481
2003-04-08,18.7372,2.9305108526267616,0.013464707316410252
2003-04-09,18.5504,2.9204913521632765,-0.010019500463485098
2003-04-10,18.5416,2.9200168563062125,-0.00047449585706393904
2003-04-11,18.4512,2.9151294090218913,-0.0048874472843212224
2003-04-14,19.136,2.951571377768221,0.03644196874632977
2003-04-15,19.3757,2.964019703619031,0.012448325850809905
2003-04-16,19.1075,2.950080928134902,-0.013938775484128918
2003-04-17,19.6891,2.980065183124907,0.0299842549900049
2003-04-21,19.7893,2.985141387589195,0.0050762044642880255
2003-04-22,20.6735,3.028852686887207,0.04371129929801221
2003-04-23,21.2276,3.0553022217506185,0.026449534863411284
2003-04-24,20.593,3.024951212223211,-0.030351009527407324
2003-04-25,20.1568,3.003541700445473,-0.0214095117777382
2003-04-28,20.7718,3.0335962975898694,0.0300545971443964
2003-04-29,21.0085,3.044927117734183,0.011330820144313414
2003-04-30,21.1589,3.0520606207617114,0.007133503027528576
2003-05-01,21.1107,3.0497800209504415,-0.0022805998112698234
2003-05-02,21.5302,3.0694566006968045,0.019676579746362943
2003-05-05,21.8888,3.085975090479818,0.016518489783013734
2003-05-06,22.1423,3.09748980625706,0.011514715777241946
2003-05-07,22.2209,3.101033287441622,0.0035434811845620473
2003-05-08,21.599,3.0726470173221165,-0.028386270119505674
2003-05-09,21.6845,3.0765977196085452,0.003950702286428687
2003-05-12,22.3063,3.104869149778058,0.028271430169512612
2003-05-13,22.1481,3.0977517140308963,-0.007117435747161505
2003-05-14,21.9811,3.0901829932191465,-0.007568720811749863
2003-05-15,22.3781,3.108082802050136,0.017899808830989627
2003-05-16,22.5313,3.1149054536228435,0.00682265157270745
2003-05-19,21.9311,3.0879057207705696,-0.026999732852273972
2003-05-20,21.9389,3.0882613168536417,0.0003555960830721183
2003-05-21,22.0273,3.092282593157887,0.004021276304245092
2003-05-22,21.9811,3.0901829932191465,-0.0020995999387403153
2003-05-23,22.2769,3.103550267137886,0.013367273918739375
2003-05-27,23.1071,3.1401399296099117,0.036589662472025886
2003-05-28,23.4676,3.1556207464322457,0.015480816822333932
2003-05-29,23.2652,3.1469586818640027,-0.008662064568242922
2003-05-30,23.6916,3.1651205549360464,0.018161873072043644
2003-06-02,24.4569,3.1969123846964846,0.03179182976043826
2003-06-03,24.3813,3.1938164450269433,-0.003095939669541359
2003-06-04,25.009,3.2192357600837487,0.02541931505680539
2003-06-05,25.3077,3.2311086972551566,0.011872937171407916
2003-06-06,25.3284,3.231926295812435,0.0008175985572784761
2003-06-09,24.338,3.1920389149146082,-0.03988738089782684
2003-06-10,24.5719,3.2016035136206016,0.009564598705993355
2003-06-11,24.9039,3.2150244177120353,0.013420904091433705
2003-06-12,25.0169,3.2195515964831203,0.004527178771084994
2003-06-13,25.0169,3.2195515964831203,0.0
2003-06-16,25.9198,3.2550071554049222,0.035455558921801966
2003-06-17,26.021,3.2589039043212735,0.003896748916351278
2003-06-18,25.2871,3.2302943842768137,-0.028609520044459824
2003-06-19,24.8381,3.212378764606793,-0.017915619670020533
2003-06-20,25.0906,3.222493274002322,0.010114509395529048
2003-06-23,24.4039,3.194742955592307,-0.027750318410015407
2003-06-24,24.7281,3.207940248820344,0.01319729322803731
2003-06-25,24.5051,3.198881259153021,-0.009058989667323214
2003-06-26,24.8037,3.210992835591073,0.01211157643805194
2003-06-27,24.4432,3.1963520586293215,-0.014640776961751367
2003-06-30,24.6446,3.204557809552913,0.008205750923591548
2003-07-01,24.6642,3.205352799535727,0.0007949899828139095
2003-07-02,24.7811,3.210081265853372,0.004728466317645008
2003-07-03,24.6092,3.2031203567636664,-0.006960909089705591
2003-07-07,25.2871,3.2302943842768137,0.027174027513147347
2003-07-08,25.5228,3.2395721703263627,0.009277786049548986
2003-07-09,25.7125,3.2469772549790754,0.007405084652712723
2003-07-10,25.2409,3.2284656947235044,-0.01851156025557099
2003-07-11,25.7842,3.2497619012314245,0.02129620650792008
2003-07-14,26.8934,3.2918809033439316,0.042119002112507076
2003-07-15,26.8846,3.2915536319660985,-0.0003272713778330605
2003-07-16,26.135,3.263275412164885,-0.028278219801213478
2003-07-17,25.2625,3.229321082729739,-0.03395432943514587
2003-07-18,25.4698,3.237493436585192,0.008172353855453007
2003-07-21,24.8224,3.2117464713144153,-0.02574696527077691
2003-07-22,25.1918,3.2265185447389464,0.01477207342453113
2003-07-23,25.1328,3.2241737659614986,-0.0023447787774477646
2003-07-24,24.9354,3.216288480577861,-0.00788528538363753
2003-07-25,25.5749,3.2416114017616198,0.025322921183758673
2003-07-28,25.5887,3.2421508477871006,0.0005394460254808386
2003-07-29,25.4079,3.235060149288718,-0.007090698498382508
2003-07-30,25.2792,3.229981923208305,-0.005078226080413195
2003-07-31,25.2704,3.2296337503211245,-0.00034817288718036465
2003-08-01,24.0511,3.180180733551556,-0.04945301676956859
2003-08-04,24.3213,3.1913525096167232,0.011171776065167283
2003-08-05,23.6189,3.162047238981973,-0.02930527063475008
2003-08-06,23.7879,3.1691770480352757,0.007129809053302516
2003-08-07,23.7731,3.1685546893599867,-0.0006223586752889254
2003-08-08,23.7879,3.1691770480352757,0.0006223586752889254
2003-08-11,23.9539,3.176131149848487,0.006954101813211544
2003-08-12,24.2535,3.188560936865842,0.012429787017354865
2003-08-13,24.1032,3.1823446117651017,-0.0062163251007403275
2003-08-14,24.4432,3.1963520586293215,0.01400744686421973
2003-08-15,24.2683,3.189170971961777,-0.007181086667544356
2003-08-18,24.5483,3.2006426054070394,0.011471633445262253
2003-08-19,24.6505,3.2047971842586414,0.0041545788516019755
2003-08-20,25.1112,3.2233139617528104,0.018516777494169023
2003-08-21,24.9501,3.2168778302055276,-0.006436131547282731
2003-08-22,24.4569,3.1969123846964846,-0.019965445509043
2003-08-25,24.3263,3.1915580696039623,-0.005354315092522377
2003-08-26,24.0659,3.1807959007675803,-0.010762168836381925
2003-08-27,23.9814,3.1772785298801938,-0.0035173708873865728
2003-08-28,24.451,3.1966711148800084,0.019392584999814666
2003-08-29,24.6691,3.205551448319251,0.008880333439242438
2003-09-02,25.0169,3.2195515964831203,0.014000148163869408
2003-09-03,25.1328,3.2241737659614986,0.004622169478378346
2003-09-04,25.0002,3.218883824836201,-0.00528994112529757
2003-09-05,24.6505,3.2047971842586414,-0.014086640577559706
2003-09-08,24.9806,3.218099523624347,0.013302339365705684
2003-09-09,24.7006,3.2068275348368736,-0.011271988787473486
2003-09-10,24.0659,3.1807959007675803,-0.026031634069293208
2003-09-11,24.283,3.189776517042926,0.008980616275345632
2003-09-12,24.5119,3.1991587139153945,0.009382196872468551
2003-09-15,24.4923,3.19835878243829,-0.000799931477104554
2003-09-16,24.9501,3.2168778302055276,0.018519047767237673
2003-09-17,24.9874,3.21837169781751,0.0014938676119822247
2003-09-18,25.7694,3.249187741506145,0.03081604368863511
2003-09-19,25.5887,3.2421508477871006,-0.007036893719044368
2003-09-22,25.2272,3.2279227775010804,-0.014228070286020245
2003-09-23,25.5592,3.2409973301149746,0.01307455261389423
2003-09-24,25.1387,3.2244084914034326,-0.016588838711542042
2003-09-25,24.8568,3.2131313569606417,-0.011277134442790882
2003-09-26,24.6505,3.2047971842586414,-0.00833417270200032
2003-09-29,24.9806,3.218099523624347,0.013302339365705684
2003-09-30,24.7526,3.2089305340023317,-0.009168989622015289
2003-10-01,25.5091,3.239035251249114,0.030104717246782098
2003-10-02,25.2488,3.2287786298395567,-0.010256621409557187
2003-10-03,25.3549,3.2329720052439375,0.004193375404380806
2003-10-06,25.63,3.24376354037598,0.010791535132042451
2003-10-07,26.021,3.2589039043212735,0.015140363945293611
2003-10-08,25.6732,3.245447646248922,-0.013456258072351623
2003-10-09,25.739,3.248007351374448,0.0025597051255261682
2003-10-10,25.6103,3.242994614316974,-0.005012737057473959
2003-10-13,26.2744,3.268595081107421,0.02560046679044703
2003-10-14,26.5171,3.277789807905477,0.009194726798055886
2003-10-15,26.3894,3.2729624143719636,-0.004827393533513469
2003-10-16,26.5642,3.279564444636723,0.006602030264759584
2003-10-17,26.2008,3.2657899446520324,-0.013774499984690713
2003-10-20,26.3894,3.2729624143719636,0.007172469719931129
2003-10-21,26.4385,3.274821281150249,0.0018588667782855062
2003-10-22,25.2212,3.227684910689515,-0.047136370460734156
2003-10-23,25.233,3.22815266164841,0.00046775095889506346
2003-10-24,25.0719,3.2217476970926286,-0.006404964555781323
2003-10-27,25.1996,3.2268281213755268,0.005080424282898122
2003-10-28,25.63,3.24376354037598,0.016935419000453145
2003-10-29,25.906,3.2544746021080644,0.01071106173208447
2003-10-30,25.8382,3.251854017045345,-0.0026205850627194494
2003-10-31,25.8844,3.2536404706376607,0.0017864535923157732
2003-11-03,26.468,3.275936456149813,0.022295985512152505
2003-11-04,26.3894,3.2729624143719636,-0.0029740417778496564
2003-11-05,26.3392,3.2710583237961877,-0.0019040905757758964
2003-11-06,26.1772,3.264888802890337,-0.006169520905850767
2003-11-07,25.9816,3.2573885951813817,-0.007500207708955209
2003-11-10,25.8766,3.2533390854225743,-0.004049509758807357
2003-11-11,25.9816,3.2573885951813817,0.004049509758807357
2003-11-12,25.8766,3.2533390854225743,-0.004049509758807357
2003-11-13,25.852,3.252387967400649,-0.000951118021925268
2003-11-14,25.5671,3.241306368714008,-0.011081598686641048
2003-11-17,25.5288,3.239807226623428,-0.0014991420905801078
2003-11-18,25.1525,3.2249572951840686,-0.01484993143935931
2003-11-19,25.0631,3.221396644929853,-0.0035606502542155916
2003-11-20,24.9668,3.2175469422947427,-0.003849702635110308
2003-11-21,25.233,3.22815266164841,0.010605719353667276
2003-11-24,25.4305,3.2359492410574893,0.007796579409079296
2003-11-25,25.6192,3.243342070376063,0.007392829318573657
2003-11-26,25.6024,3.2426860970912603,-0.0006559732848026023
2003-11-28,25.5228,3.2395721703263627,-0.0031139267648976343
2003-12-01,25.7125,3.2469772549790754,0.007405084652712723
2003-12-02,25.8196,3.251133893431726,0.004156638452650796
2003-12-03,25.8264,3.251397224572155,0.0002633311404287575
2003-12-04,25.516,3.239305706379709,-0.012091518192446138
2003-12-05,25.2085,3.2271812392312875,-0.012124467148421303
2003-12-08,25.5671,3.241306368714008,0.014125129482720489
2003-12-09,25.1112,3.2233139617528104,-0.017992406961197638
2003-12-10,24.9933,3.2186077889497833,-0.004706172803027098
2003-12-11,25.2212,3.227684910689515,0.00907712173973163
2003-12-12,25.2989,3.230760916527398,0.0030760058378831445
2003-12-15,25.4226,3.2356385421988727,0.00487762567147465
2003-12-16,25.7557,3.2486559618367084,0.013017419637835648
2003-12-17,25.7125,3.2469772549790754,-0.001678706857632939
2003-12-18,25.7036,3.246631059912204,-0.0003461950668715019
2003-12-19,25.796,3.250219441148131,0.003588381235926974
2003-12-22,26.0278,3.259165197570635,0.008945756422503948
2003-12-23,26.0799,3.2611649026952727,0.001999705124637874
2003-12-24,26.0484,3.2599563459675798,-0.0012085567276929332
2003-12-26,26.1152,3.2625175202927865,0.00256117432520675
2003-12-29,26.3392,3.2710583237961877,0.00854080350340114
2003-12-30,26.3894,3.2729624143719636,0.0019040905757758964
2003-12-31,26.4798,3.2763821781701936,0.0034197637982300577
2004-01-02,26.4022,3.2734473400135746,-0.0029348381566189907
2004-01-05,26.352,3.2715441734352844,-0.0019031665782902607
2004-01-06,27.0142,3.296362653679686,0.024818480244401808
2004-01-07,27.4112,3.31095168899886,0.014589035319173771
2004-01-08,27.8817,3.327970559643142,0.017018870644282202
2004-01-09,27.9466,3.3302955464055937,0.0023249867624515197
2004-01-12,27.9672,3.331032394945026,0.0007368485394323443
2004-01-13,28.0497,3.3339779367243456,0.002945541779319605
2004-01-14,28.2776,3.3420699717976605,0.008092035073314907
2004-01-15,28.0624,3.3344306020217362,-0.007639369775924276
2004-01-16,28.315,3.3433916995657684,0.008961097544032182
2004-01-20,28.1853,3.3388005654364448,-0.00459113412932366
2004-01-21,28.9093,3.364163342660053,0.025362777223608024
2004-01-22,28.7974,3.3602851052888387,-0.003878237371214066
2004-01-23,28.5498,3.351649930823542,-0.008635174465296824
2004-01-26,29.0282,3.3682677712915625,0.016617840468020617
2004-01-27,28.8622,3.3625327805165903,-0.005734990774972193
2004-01-28,28.2059,3.3395311759188018,-0.02300160459778855
2004-01-29,28.1568,3.3377888884691047,-0.0017422874496970664
2004-01-30,28.0408,3.3336605924298683,-0.004128296039236368
2004-02-02,28.1244,3.3366375269636923,0.0029769345338239717
2004-02-03,28.2128,3.339775775671522,0.0031382487078297494
2004-02-04,28.0624,3.3344306020217362,-0.005345173649785817
2004-02-05,28.088,3.3353424388661312,0.0009118368443949976
2004-02-06,28.6441,3.3549474882711228,0.019605049404991526
2004-02-09,28.4888,3.3495110275806232,-0.005436460690499523
2004-02-10,28.4662,3.3487174185494175,-0.0007936090312057331
2004-02-11,29.0351,3.368505442937249,0.01978802438783145
2004-02-12,29.097,3.3706350760795156,0.0021296331422666626
2004-02-13,28.9594,3.365894849070846,-0.004740227008669606
2004-02-17,29.3161,3.378136853164349,0.012242004093502956
2004-02-18,29.1874,3.37373710929905,-0.004399743865298955
2004-02-19,29.4291,3.3819839807380165,0.008246871438966519
2004-02-20,29.2512,3.3759205984773626,-0.006063382260653949
2004-02-23,29.0646,3.3695209388016027,-0.006399659675759839
2004-02-24,28.982,3.3666749476237325,-0.0028459911778702107
2004-02-25,29.0911,3.3704322854738686,0.0037573378501361
2004-02-26,29.2434,3.375653907191458,0.005221621717589553
2004-02-27,29.5735,3.3868786900659664,0.011224782874508232
2004-03-01,29.9439,3.399325631029359,0.012446940963392716
2004-03-02,30.0421,3.4025997312435137,0.0032741002141545295
2004-03-03,30.3525,3.412878886435993,0.010279155192479461
2004-03-04,30.7141,3.424721832542441,0.011842946106447982
2004-03-05,31.0098,3.4343032835591503,0.009581451016709153
2004-03-08,30.9617,3.432750956774775,-0.0015523267843753352
2004-03-09,30.6227,3.421741564003775,-0.01100939277099977
2004-03-10,30.3034,3.4112599174412375,-0.010481646562537694
2004-03-11,29.7837,3.393961263997528,-0.017298653443709622
2004-03-12,29.936,3.399061769531734,0.005100505534206157
2004-03-15,29.5116,3.384783406393901,-0.01427836313783315
2004-03-16,29.7985,3.3944580566740115,0.009674650280110608
2004-03-17,30.4852,3.417241319941834,0.02278326326782265
2004-03-18,30.2965,3.4110321942921953,-0.006209125649638825
2004-03-19,29.7985,3.3944580566740115,-0.016574137618183826
2004-03-22,29.4153,3.3815149471425343,-0.012943109531477148
2004-03-23,29.544,3.385880677550262,0.004365730407727586
2004-03-24,29.374,3.3801099293316708,-0.005770748218591137
2004-03-25,29.9213,3.3985706013602486,0.018460672028577818
2004-03-26,29.7395,3.392476128516772,-0.006094472843476417
2004-03-29,30.3251,3.41197575243391,0.019499623917137665
2004-03-30,30.2641,3.4099621915811507,-0.0020135608527591664
2004-03-31,30.2455,3.4093474130803565,-0.0006147785007941664
2004-04-01,30.4714,3.4167885387750445,0.007441125694688022
2004-04-02,29.9439,3.399325631029359,-0.017462907745685374
2004-04-05,30.103,3.404624834562414,0.005299203533054797
2004-04-06,29.9213,3.3985706013602486,-0.00605423320216536
2004-04-07,29.8279,3.395444197121282,-0.003126404238966707
2004-04-08,29.6707,3.3901600268791587,-0.005284170242123132
2004-04-12,29.9655,3.4000467199047595,0.009886693025600746
2004-04-13,28.8681,3.362737179247258,-0.03730954065750147
2004-04-14,28.315,3.3433916995657684,-0.019345479681489586
2004-04-15,27.9544,3.3305746111826324,-0.012817088383136
2004-04-16,28.3071,3.3431126565754425,0.012538045392810115
2004-04-19,28.3788,3.3456423875398356,0.0025297309643930177
2004-04-20,27.7854,3.3245107028852328,-0.0211316846546028
2004-04-21,27.1674,3.30201772507941,-0.02249297780582271
2004-04-22,27.6714,3.3203993888325813,0.018381663753171296
2004-04-23,27.6135,3.3183047835725894,-0.002094605259991944
2004-04-26,27.7933,3.324794984455446,0.006490200882856456
2004-04-27,27.8444,3.326631868955281,0.0018368844998351008
2004-04-28,27.3472,3.308614147027514,-0.01801772192776685
2004-04-29,27.1448,3.3011854994908907,-0.007428647536623423
2004-04-30,27.1076,3.2998141313733504,-0.0013713681175402392
2004-05-03,27.2962,3.3067474983633165,0.00693336698996605
2004-05-04,27.6204,3.3185546301355116,0.011807131772195056
2004-05-05,27.4338,3.3117758298058315,-0.006778800329680035
2004-05-06,27.1076,3.2998141313733504,-0.011961698432481072
2004-05-07,26.299,3.2695309156471453,-0.03028321572620518
2004-05-10,25.5288,3.239807226623428,-0.02972368902371736
2004-05-11,25.3726,3.233669851608072,-0.006137375015355939
2004-05-12,25.7891,3.2499519220373356,0.016282070429263662
2004-05-13,25.7764,3.2494593446258184,-0.0004925774115172032
2004-05-14,25.7125,3.2469772549790754,-0.002482089646743013
2004-05-17,25.46,3.2371085931292605,-0.009868661849814941
2004-05-18,25.6466,3.244411009224535,0.007302416095274378
2004-05-19,25.7694,3.249187741506145,0.00477673228161013
2004-05-20,25.8922,3.253941765047066,0.004754023540920915
2004-05-21,26.0141,3.2586386987181153,0.004696933671049397
2004-05-24,26.0141,3.2586386987181153,0.0
2004-05-25,26.5642,3.279564444636723,0.020925745918607852
2004-05-26,26.5544,3.2791954590041503,-0.0003689856325728158
2004-05-27,26.6408,3.282443875251326,0.003248416247175534
2004-05-28,26.5642,3.279564444636723,-0.002879430614602718
2004-06-01,26.5702,3.2797902870298055,0.00022584239308232057
2004-06-02,26.8934,3.2918809033439316,0.012090616314126112
2004-06-03,26.6488,3.282744121455467,-0.009136781888464451
2004-06-04,26.8776,3.2912932259544565,0.00854910449898938
2004-06-07,27.4976,3.314098728136767,0.022805502182310367
2004-06-08,27.4406,3.3120236685078424,-0.002075059628924514
2004-06-09,27.1674,3.30201772507941,-0.010005943428432307
2004-06-10,27.253,3.3051636067927213,0.003145881713311205
2004-06-14,26.7912,3.288073475386495,-0.017090131406226394
2004-06-15,26.855,3.290452023357423,0.0023785479709279578
2004-06-16,26.91,3.2924979647388146,0.0020459413813918026
2004-06-17,26.91,3.2924979647388146,0.0
2004-06-18,26.8404,3.2899082151220878,-0.0025897496167268663
2004-06-21,26.6762,3.2837717821178734,-0.006136433004214403
2004-06-22,26.6488,3.282744121455467,-0.0010276606624062268
2004-06-23,27.1242,3.300426318338136,0.017682196882669032
2004-06-24,27.2342,3.304473536436893,0.004047218098756744
2004-06-25,27.3924,3.31026560265645,0.005792066219556968
2004-06-28,27.362,3.3091551894979223,-0.0011104131585275567
2004-06-29,27.6066,3.3180548745707616,0.008899685072839336
2004-06-30,27.9544,3.3305746111826324,0.01251973661187078
2004-07-01,27.5182,3.314847603949269,-0.015727007233363288
2004-07-02,27.4544,3.3125264465492195,-0.002321157400049678
2004-07-06,26.855,3.290452023357423,-0.022074423191796644
2004-07-07,26.577,3.280046180098005,-0.010405843259417846
2004-07-08,26.4954,3.276971133018913,-0.003075047079092119
2004-07-09,26.5544,3.2791954590041503,0.002224325985237474
2004-07-12,26.6026,3.281008955371887,0.0018134963677365334
2004-07-13,26.7774,3.287558248171101,0.006549292799214346
2004-07-14,26.2774,3.2687092541710747,-0.018848994000026487
2004-07-15,25.9552,3.2563719748938884,-0.012337279277186308
2004-07-16,25.8588,3.252650968554729,-0.003721006339159505
2004-07-19,25.9552,3.2563719748938884,0.003721006339159505
2004-07-20,26.247,3.2675516967922373,0.011179721898348927
2004-07-21,26.5466,3.2789016792238788,0.011349982431641426
2004-07-22,26.5171,3.277789807905477,-0.001111871318401736
2004-07-23,26.3392,3.2710583237961877,-0.006731484109289365
2004-07-26,26.2931,3.269306547347543,-0.0017517764486445486
2004-07-27,26.6104,3.281302116819498,0.011995569471954681
2004-07-28,26.7254,3.2856144240582212,0.004312307238723445
2004-07-29,26.7774,3.287558248171101,0.001943824112879966
2004-07-30,26.917,3.2927580572589052,0.0051998090878040415
2004-08-02,26.971,3.294762214699334,0.002004157440428589
2004-08-03,26.7254,3.2856144240582212,-0.009147790641112596
2004-08-04,26.8276,3.289431208330603,0.0038167842723817458
2004-08-05,26.1546,3.264025083262692,-0.025406125067910956
2004-08-06,26.021,3.2589039043212735,-0.005121178941418503
2004-08-09,26.0052,3.258296518024148,-0.0006073862971254229
2004-08-10,26.6674,3.283441845627654,0.02514532760350585
2004-08-11,26.6026,3.281008955371887,-0.002432890255767095
2004-08-12,26.577,3.280046180098005,-0.0009627752738818884
2004-08-13,26.5858,3.2803772386607735,0.00033105856276849366
2004-08-16,27.2107,3.303610278300341,0.023233039639567465
2004-08-17,27.3472,3.308614147027514,0.005003868727173177
2004-08-18,27.6272,3.3188007946760285,0.010186647648514402
2004-08-19,27.3984,3.3104846175284353,-0.008316177147593251
2004-08-20,27.865,3.3273714210214997,0.016886803493064484
2004-08-23,27.7933,3.324794984455446,-0.0025764365660538857
2004-08-24,27.8248,3.3259277093550037,0.0011327248995578465
2004-08-25,28.4338,3.3475785783560332,0.021650869001029527
2004-08-26,28.4427,3.3478915371376967,0.000312958781663486
2004-08-27,28.6372,3.3547065719499716,0.006815034812274856
2004-08-30,28.1922,3.3390453439397287,-0.015661228010242834
2004-08-31,28.536,3.3511664480565906,0.012121104116861847
2004-09-01,28.3071,3.3431126565754425,-0.008053791481148043
2004-09-02,28.7207,3.3576181171420534,0.01450546056661084
2004-09-03,28.7286,3.357893142252883,0.0002750251108296631
2004-09-07,28.7453,3.3584742756184625,0.0005811333655794115
2004-09-08,28.3847,3.3458502676043573,-0.012624008014105126
2004-09-09,28.652,3.3552232487522047,0.009372981147847348
2004-09-10,28.6971,3.3567960723639882,0.0015728236117835692
2004-09-13,28.2314,3.340434833667676,-0.01636123869631234
2004-09-14,28.4722,3.348928172628289,0.008493338960612995
2004-09-15,28.1774,3.3385202381969146,-0.010407934431374333
2004-09-16,28.536,3.3511664480565906,0.012646209859676016
2004-09-17,28.5871,3.3529555671215814,0.0017891190649907962
2004-09-20,28.3906,3.3460581044637396,-0.006897462657841746
2004-09-21,28.9093,3.364163342660053,0.018105238196313156
2004-09-22,28.7286,3.357893142252883,-0.006270200407169746
2004-09-23,28.4496,3.3481341007195464,-0.009759041533336621
2004-09-24,28.6598,3.3554954440086147,0.007361343289068234
2004-09-27,28.2128,3.339775775671522,-0.015719668337092596
2004-09-28,28.3906,3.3460581044637396,0.006282328792217573
2004-09-29,28.6087,3.3537108673718397,0.007652762908100019
2004-09-30,28.6441,3.3549474882711228,0.001236620899283114
2004-10-01,29.0862,3.37026383489223,0.015316346621107257
2004-10-04,28.6676,3.3557675651949284,-0.014496269697301667
2004-10-05,28.4496,3.3481341007195464,-0.007633464475381935
2004-10-06,28.4722,3.348928172628289,0.0007940719087424775
2004-10-07,28.5026,3.349995311183753,0.0010671385554639201
2004-10-08,28.5871,3.3529555671215814,0.0029602559378285598
2004-10-11,28.3906,3.3460581044637396,-0.006897462657841746
2004-10-12,28.4888,3.3495110275806232,0.0034529231168836105
2004-10-13,28.2934,3.342628561902514,-0.006882465678109462
2004-10-14,27.7776,3.324229940505547,-0.018398621396966686
2004-10-15,27.9308,3.3297300225830435,0.005500082077496415
2004-10-18,28.1165,3.3363565926240226,0.006626570040979107
2004-10-19,27.3846,3.3099808115925833,-0.026375781031439338
2004-10-20,26.855,3.290452023357423,-0.019528788235160466
2004-10-21,27.1782,3.302415181364452,0.011963158007028962
2004-10-22,27.0142,3.296362653679686,-0.006052527684765607
2004-10-25,26.692,3.28436389504136,-0.011998758638326112
2004-10-26,27.029,3.2969103636735424,0.01254646863218234
2004-10-27,27.4112,3.31095168899886,0.014041325325317544
2004-10-28,27.7422,3.3229547196006712,0.012003030601811293
2004-10-29,27.8336,3.3262439239811274,0.003289204380456212
2004-11-01,27.755,3.323416004142125,-0.002827919839002657
2004-11-02,27.7933,3.324794984455446,0.0013789803133210654
2004-11-03,28.0104,3.3325758697841166,0.007780885328670717
2004-11-04,28.5792,3.35267918050743,0.020103310723313506
2004-11-05,28.371,3.345367496701485,-0.007311683805945268
2004-11-08,28.3208,3.3435965170141055,-0.0017709796873792705
2004-11-09,28.198,3.3392510534431694,-0.0043454635709361256
2004-11-10,28.0802,3.335064701639368,-0.004186351803801447
2004-11-11,28.2452,3.34092353165143,0.005858830012062111
2004-11-12,28.2384,3.3406827537961643,-0.00024077785526577244
2004-11-15,28.2314,3.340434833667676,-0.00024792012848839917
2004-11-16,27.7373,3.322778077777557,-0.017656755890119058
2004-11-17,27.5938,3.317591109807122,-0.005186967970435052
2004-11-18,27.2686,3.305735857072453,-0.01185525273466892
2004-11-19,26.9758,3.2949401677943335,-0.010795689278119358
2004-11-22,27.0742,3.2985812448974237,0.00364107710309014
2004-11-23,27.082,3.298869300560632,0.0002880556632085529
2004-11-24,27.1782,3.302415181364452,0.0035458808038195677
2004-11-26,27.1724,3.302201752257063,-0.00021342910738875176
2004-11-29,26.9012,3.2921708952782396,-0.010030856978823444
2004-11-30,27.1448,3.3011854994908907,0.0090146042126511
2004-12-01,27.5998,3.3178085263200376,0.01662302682914696
2004-12-02,27.7196,3.3221397442031586,0.0043312178831209636
2004-12-03,27.4406,3.3120236685078424,-0.010116075695316251
2004-12-06,27.4838,3.3135967401812114,0.0015730716733690642
2004-12-07,27.2608,3.305449772866384,-0.008146967314827336
2004-12-08,27.0742,3.2985812448974237,-0.006868527968960425
2004-12-09,27.1724,3.302201752257063,0.003620507359639369
2004-12-10,27.1282,3.3005737772526635,-0.0016279750043994845
2004-12-13,27.5772,3.3169893443687237,0.01641556711606018
2004-12-14,27.9308,3.3297300225830435,0.01274067821431979
2004-12-15,28.1391,3.3371600682323472,0.007430045649303718
2004-12-16,28.0674,3.3346087605048673,-0.0025513077274799123
2004-12-17,27.7688,3.3239130882856505,-0.010695672219216856
2004-12-20,27.8336,3.3262439239811274,0.002330835695476985
2004-12-21,28.1735,3.338381819821832,0.012137895840704349
2004-12-22,28.1391,3.3371600682323472,-0.0012217515894845654
2004-12-23,28.2314,3.340434833667676,0.003274765435328675
2004-12-27,28.1244,3.3366375269636923,-0.003797306703983594
2004-12-28,28.2688,3.3417587229800154,0.005121196016323104
2004-12-29,28.2314,3.340434833667676,-0.0013238893123395101
2004-12-30,28.1774,3.3385202381969146,-0.0019145954707613377
2004-12-31,28.1244,3.3366375269636923,-0.0018827112332222562
2005-01-03,28.2246,3.3401939381018235,0.0035564111381312102
2005-01-04,27.693,3.321179673676124,-0.019014264425699423
2005-01-05,27.7481,3.3231673693799024,0.001987695703778325
2005-01-06,27.8974,3.3285334945207077,0.005366125140805256
2005-01-07,27.6842,3.32086185334306,-0.007671641177647626
2005-01-10,27.5938,3.317591109807122,-0.0032707435359382586
2005-01-11,27.3236,3.3077507976173757,-0.009840312189746125
2005-01-12,27.3924,3.31026560265645,0.002514805039074197
2005-01-13,27.2342,3.304473536436893,-0.005792066219556968
2005-01-14,27.2608,3.305449772866384,0.0009762364294911841
2005-01-18,27.6842,3.32086185334306,0.015412080476675971
2005-01-19,27.2814,3.306205151306547,-0.014656702036512925
2005-01-20,26.855,3.290452023357423,-0.015753127949124313
2005-01-21,26.5702,3.2797902870298055,-0.010661736327617355
2005-01-24,26.5908,3.2805652913010226,0.0007750042712171279
2005-01-25,26.577,3.280046180098005,-0.0005191112030176193
2005-01-26,26.5544,3.2791954590041503,-0.000850721093854645
2005-01-27,26.4954,3.276971133018913,-0.002224325985237474
2005-01-28,26.6762,3.2837717821178734,0.006800649098960498
2005-01-31,26.917,3.2927580572589052,0.008986275141031896
2005-02-01,27.0378,3.2972358869180365,0.004477829659131238
2005-02-02,27.0526,3.2977831189728684,0.0005472320548318699
2005-02-03,26.9592,3.294324612013332,-0.0034585069595363116
2005-02-04,27.1724,3.302201752257063,0.007877140243730985
2005-02-07,27.3758,3.3096594114539517,0.007457659196888677
2005-02-08,27.2274,3.3042238192036373,-0.005435592250314425
2005-02-09,27.0378,3.2972358869180365,-0.006987932285600795
2005-02-10,27.0004,3.2958516807094056,-0.0013842062086308893
2005-02-11,27.0202,3.296584734429159,0.000733053719753407
2005-02-14,27.0378,3.2972358869180365,0.0006511524888774822
2005-02-15,27.0742,3.2985812448974237,0.001345357979387174
2005-02-16,26.917,3.2927580572589052,-0.005823187638518412
2005-02-17,26.5171,3.277789807905477,-0.01496824935342822
2005-02-18,26.3216,3.270389894883019,-0.007399913022458016
2005-02-22,25.906,3.2544746021080644,-0.015915292774954626
2005-02-23,26.299,3.2695309156471453,0.015056313539080879
2005-02-24,26.4444,3.2750444156615743,0.0055135000144290736
2005-02-25,26.6536,3.282924225916541,0.007879810254966646
2005-02-28,26.352,3.2715441734352844,-0.01138005248125662
2005-03-01,26.742,3.286235363192474,0.014691189757189527
2005-03-02,26.6674,3.283441845627654,-0.002793517564819936
2005-03-03,26.6832,3.2840341538851776,0.0005923082575236549
2005-03-04,27.0456,3.297524330324112,0.013490176438934576
2005-03-07,26.9228,3.2929735112547385,-0.004550819069373713
2005-03-08,26.634,3.2821885950799534,-0.010784916174785053
2005-03-09,26.2931,3.269306547347543,-0.012882047732410307
2005-03-10,26.2155,3.2663508388923885,-0.002955708455154582
2005-03-11,26.0328,3.2593572814119804,-0.006993557480408086
2005-03-14,26.2774,3.2687092541710747,0.009351972759094274
2005-03-15,26.135,3.263275412164885,-0.005433842006189682
2005-03-16,26.135,3.263275412164885,0.0
2005-03-17,26.0632,3.2605243577115264,-0.002751054453358659
2005-03-18,25.963,3.2566724475627673,-0.0038519101487590746
2005-03-21,25.8038,3.250521767903638,-0.006150679659129299
2005-03-22,25.2792,3.229981923208305,-0.020539844695333098
2005-03-23,25.1849,3.2262446085723,-0.003737314636004907
2005-03-24,25.1849,3.2262446085723,0.0
2005-03-28,25.126,3.223903166582226,-0.0023414419900738004
2005-03-29,24.9354,3.216288480577861,-0.007614686004365101
2005-03-30,25.1996,3.2268281213755268,0.010539640797665673
2005-03-31,24.9501,3.2168778302055276,-0.009950291169999126
2005-04-01,24.6937,3.206548150371667,-0.010329679833860794
2005-04-04,24.3459,3.192363457528053,-0.014184692843613789
2005-04-05,24.9354,3.216288480577861,0.023925023049808036
2005-04-06,25.0002,3.218883824836201,0.00259534425833996
2005-04-07,25.0906,3.222493274002322,0.003609449166121159
2005-04-08,24.8715,3.2137225696274,-0.008770704374922111
2005-04-11,24.9619,3.217350662398982,0.0036280927715819367
2005-04-12,25.2625,3.229321082729739,0.011970420330757126
2005-04-13,24.9285,3.2160117272535507,-0.0133093554761885
2005-04-14,24.6505,3.2047971842586414,-0.011214542994909316
2005-04-15,24.4667,3.1973130093492523,-0.007484174909389019
2005-04-18,24.9737,3.21782327112781,0.020510261778557748
2005-04-19,25.1996,3.2268281213755268,0.00900485024771669
2005-04-20,25.0631,3.221396644929853,-0.005431476445673766
2005-04-21,25.2625,3.229321082729739,0.007924437799886164
2005-04-22,25.1387,3.2244084914034326,-0.0049125913263066145
2005-04-25,25.3549,3.2329720052439375,0.00856351384050491
2005-04-26,25.294,3.2305672134577845,-0.0024047917861529378
2005-04-27,25.5936,3.2423423202303074,0.011775106772522914
2005-04-28,25.2488,3.2287786298395567,-0.013563690390750782
2005-04-29,25.5887,3.2421508477871006,0.013372217947543952
2005-05-02,25.6466,3.244411009224535,0.0022601614374342383
2005-05-03,25.5936,3.2423423202303074,-0.002068688994227408
2005-05-04,26.0278,3.259165197570635,0.01682287734032739
2005-05-05,25.8844,3.2536404706376607,-0.005524726932974122
2005-05-06,25.6732,3.245447646248922,-0.008192824388738806
2005-05-09,25.9286,3.2553466065773597,0.009898960328437845
2005-05-10,25.3342,3.2321552615593703,-0.023191345017989473
2005-05-11,25.4521,3.2367982543271525,0.004642992767782239
2005-05-12,25.1112,3.2233139617528104,-0.013484292574342138
2005-05-13,24.844,3.212616274697057,-0.01069768705575358
2005-05-16,25.0474,3.220770029728899,0.008153755031842014
2005-05-17,25.3863,3.234209658433384,0.01343962870448534
2005-05-18,25.9895,3.2576926102998165,0.023482951866432344
2005-05-19,26.0956,3.261766717741563,0.0040741074417463
2005-05-20,25.9984,3.2580349976663747,-0.003731720075188072
2005-05-23,25.8922,3.253941765047066,-0.004093232619308829
2005-05-24,25.8766,3.2533390854225743,-0.0006026796244915644
2005-05-25,25.8922,3.253941765047066,0.0006026796244915644
2005-05-26,25.9129,3.25474091420812,0.000799149161053947
2005-05-27,25.8127,3.250866618875254,-0.0038742953328658736
2005-05-31,25.7764,3.2494593446258184,-0.0014072742494355417
2005-06-01,25.7764,3.2494593446258184,0.0
2005-06-02,25.7694,3.249187741506145,-0.00027160311967344697
2005-06-03,25.63,3.24376354037598,-0.005424201130165063
2005-06-06,25.6024,3.2426860970912603,-0.0010774432847195925
2005-06-07,25.5838,3.2419593386751764,-0.0007267584160839391
2005-06-08,25.7184,3.247206689036262,0.005247350361085701
2005-06-09,25.5936,3.2423423202303074,-0.004864368805954644
2005-06-10,25.5425,3.2403437314834416,-0.0019985887468658703
2005-06-13,25.5936,3.2423423202303074,0.0019985887468658703
2005-06-14,25.6663,3.2451788473692464,0.0028365271389390045
2005-06-15,25.7468,3.2483103475426995,0.0031315001734530945
2005-06-16,25.8844,3.2536404706376607,0.00533012309496117
2005-06-17,26.0141,3.2586386987181153,0.004998228080454581
2005-06-20,25.9895,3.2576926102998165,-0.0009460884182987961
2005-06-21,25.9816,3.2573885951813817,-0.00030401511843480833
2005-06-22,26.1418,3.2635355658100336,0.006146970628651882
2005-06-23,25.906,3.2544746021080644,-0.009060963701969182
2005-06-24,25.6466,3.244411009224535,-0.010063592883529537
2005-06-27,25.6594,3.2449099762173064,0.0004989669927715212
2005-06-28,25.9001,3.2542468297018994,0.00933685348459301
2005-06-29,25.9286,3.2553466065773597,0.0010997768754603676
2005-06-30,25.4629,3.2372224908060674,-0.01812411577129236
2005-07-01,25.2792,3.229981923208305,-0.007240567597762482
2005-07-05,25.2144,3.2274152598856696,-0.002566663322635332
2005-07-06,24.9501,3.2168778302055276,-0.01053742968014193
2005-07-07,24.844,3.212616274697057,-0.004261555508470849
2005-07-08,25.0984,3.2228040990860176,0.01018782438896082
2005-07-11,25.2085,3.2271812392312875,0.004377140145269909
2005-07-12,25.4158,3.2353710278773935,0.008189788646105978
2005-07-13,25.5887,3.2421508477871006,0.006779819909707108
2005-07-14,25.7312,3.247704263371693,0.005553415584592436
2005-07-15,25.852,3.252387967400649,0.004683704028956015
2005-07-18,25.6024,3.2426860970912603,-0.009701870309388738
2005-07-19,25.3863,3.234209658433384,-0.008476438657876173
2005-07-20,25.346,3.232620926659872,-0.001588731773511931
2005-07-21,25.5228,3.2395721703263627,0.00695124366649047
2005-07-22,25.6663,3.2451788473692464,0.0056066770428837565
2005-07-25,25.5504,3.2406529721044657,-0.004525875264780765
2005-07-26,25.5012,3.238725509880678,-0.0019274622237874794
2005-07-27,25.4865,3.238148900211786,-0.0005766096688923916
2005-07-28,25.5671,3.241306368714008,0.003157468502222205
2005-07-29,25.3342,3.2321552615593703,-0.009151107154637739
2005-08-01,25.4521,3.2367982543271525,0.004642992767782239
2005-08-02,25.63,3.24376354037598,0.0069652860488274015
2005-08-03,25.6732,3.245447646248922,0.0016841058729419878
2005-08-04,25.5671,3.241306368714008,-0.00414127753491389
2005-08-05,25.4158,3.2353710278773935,-0.005935340836614511
2005-08-08,25.2272,3.2279227775010804,-0.007448250376313137
2005-08-09,25.2537,3.2289726796396803,0.0010499021385999008
2005-08-10,25.0906,3.222493274002322,-0.006479405637358049
2005-08-11,25.0984,3.2228040990860176,0.0003108250836953985
2005-08-12,24.7359,3.208255629706025,-0.014548469379992657
2005-08-15,24.9806,3.218099523624347,0.009843893918322077
2005-08-16,24.9354,3.216288480577861,-0.0018110430464859384
2005-08-17,24.844,3.212616274697057,-0.0036722058808043023
2005-08-18,24.9874,3.21837169781751,0.005755423120453074
2005-08-19,24.9039,3.2150244177120353,-0.0033472801054745815
2005-08-22,24.8794,3.214040151824562,-0.0009842658874732457
2005-08-23,24.7674,3.2095282723076894,-0.004511879516872597
2005-08-24,24.4039,3.194742955592307,-0.014785316715382635
2005-08-25,24.6013,3.2027992870704964,0.008056331478189627
2005-08-26,24.2604,3.188845391426144,-0.013953895644352343
2005-08-29,24.451,3.1966711148800084,0.007825723453864342
2005-08-30,24.2103,3.186778162446922,-0.00989295243308641
2005-08-31,24.4353,3.1960288081175916,0.009250645670669577
2005-09-01,24.5561,3.200960295881441,0.004931487763849329
2005-09-02,24.5945,3.2025228407054285,0.001562544823987544
2005-09-06,24.9285,3.2160117272535507,0.013488886548122192
2005-09-07,25.1525,3.2249572951840686,0.008945567930517928
2005-09-08,24.9737,3.21782327112781,-0.0071340240562585144
2005-09-09,25.1053,3.2230789792260652,0.005255708098255152
2005-09-12,24.9285,3.2160117272535507,-0.0070672519725145655
2005-09-13,24.622,3.203640352225423,-0.012371375028127574
2005-09-14,24.6868,3.2062686878289663,0.0026283356035432526
2005-09-15,24.6092,3.2031203567636664,-0.003148331065299992
2005-09-16,25.2272,3.2279227775010804,0.02480242073741401
2005-09-19,24.9403,3.2164849690488304,-0.011437808452249953
2005-09-20,24.8951,3.214670996956936,-0.001813972091894378
2005-09-21,24.5188,3.199440170229318,-0.015230826727618219
2005-09-22,24.6937,3.206548150371667,0.007107980142349035
2005-09-23,24.564,3.201281956467153,-0.005266193904513994
2005-09-26,24.4569,3.1969123846964846,-0.0043695717706682125
2005-09-27,24.4284,3.1957463898788636,-0.00116599481762103
2005-09-28,24.4569,3.1969123846964846,0.00116599481762103
2005-09-29,24.7674,3.2095282723076894,0.012615887611204801
2005-09-30,24.4667,3.1973130093492523,-0.012215262958437112
2005-10-03,24.6013,3.2027992870704964,0.005486277721244104
2005-10-04,24.2221,3.1872654395685798,-0.015533847501916664
2005-10-05,24.116,3.1828755206271593,-0.00438991894142049
2005-10-06,24.2683,3.189170971961777,0.006295451334617841
2005-10-07,24.4432,3.1963520586293215,0.007181086667544356
2005-10-10,24.1671,3.1849922040662433,-0.011359854563078198
2005-10-11,24.0148,3.1786703069538556,-0.006321897112387731
2005-10-12,23.9893,3.1776078976013826,-0.0010624093524729261
2005-10-13,24.3321,3.19179646626425,0.014188568662867329
2005-10-14,24.5719,3.2016035136206016,0.009807047356351628
2005-10-17,24.5119,3.1991587139153945,-0.002444799705207057
2005-10-18,24.3459,3.192363457528053,-0.006795256387341464
2005-10-19,25.0405,3.2204945140836574,0.028131056555604328
2005-10-20,25.0562,3.221121301896587,0.0006267878129295745
2005-10-21,25.3284,3.231926295812435,0.010804993915848105
2005-10-24,25.7842,3.2497619012314245,0.01783560541898943
2005-10-25,25.7557,3.2486559618367084,-0.0011059393947161489
2005-10-26,26.0278,3.259165197570635,0.01050923573392648
2005-10-27,25.9758,3.25716533535606,-0.0019998622145749323
2005-10-28,26.2744,3.268595081107421,0.011429745751361242
2005-10-31,26.4022,3.2734473400135746,0.004852258906153484
2005-11-01,26.5702,3.2797902870298055,0.006342947016230838
2005-11-02,26.8216,3.2892075330465347,0.00941724601672922
2005-11-03,26.742,3.286235363192474,-0.002972169854060791
2005-11-04,26.9012,3.2921708952782396,0.0059355320857656935
2005-11-07,27.1674,3.30201772507941,0.009846829801170465
2005-11-08,26.9228,3.2929735112547385,-0.009044213824671576
2005-11-09,27.194,3.3029963607334945,0.01002284947875598
2005-11-10,27.6272,3.3188007946760285,0.015804433942534057
2005-11-11,27.586,3.317308397653328,-0.0014923970227003203
2005-11-14,27.4907,3.313847765657977,-0.003460631995351182
2005-11-15,27.2018,3.303283147582974,-0.010564618075003196
2005-11-16,27.2608,3.305449772866384,0.002166625283410273
2005-11-17,27.3472,3.308614147027514,0.0031643741611300236
2005-11-18,27.42,3.3112726741341683,0.0026585271066541516
2005-11-21,27.2686,3.305735857072453,-0.005536817061715382
2005-11-22,27.5438,3.3157774649003633,0.010041607827910415
2005-11-23,27.9613,3.330821411277598,0.015043946377234718
2005-11-25,28.0182,3.332854299016701,0.0020328877391029287
2005-11-28,28.0497,3.3339779367243456,0.0011236377076446757
2005-11-29,28.088,3.3353424388661312,0.0013645021417856285
2005-11-30,27.5772,3.3169893443687237,-0.01835309449740752
2005-12-01,27.809,3.3253597093109732,0.00837036494224952
2005-12-02,28.1086,3.3360755793380705,0.010715870027097285
2005-12-05,28.0104,3.3325758697841166,-0.0034997095539539558
2005-12-06,28.0104,3.3325758697841166,0.0
2005-12-07,27.7373,3.322778077777557,-0.009797792006559725
2005-12-08,27.865,3.3273714210214997,0.004593343243942893
2005-12-09,28.2059,3.3395311759188018,0.012159754897302033
2005-12-12,28.2246,3.3401939381018235,0.0006627621830217478
2005-12-13,28.4132,3.3468538259187293,0.006659887816905741
2005-12-14,28.5164,3.3504793603697944,0.003625534451065171
2005-12-15,28.536,3.3511664480565906,0.0006870876867961506
2005-12-16,28.6893,3.356524230950412,0.005357782893821383
2005-12-19,28.5498,3.351649930823542,-0.004874300126870068
2005-12-20,28.5498,3.351649930823542,0.0
2005-12-21,28.7148,3.3574126692911337,0.005762738467591788
2005-12-22,28.875,3.3629761688419575,0.005563499550823803
2005-12-23,29.0646,3.3695209388016027,0.006544769959645258
2005-12-27,28.9093,3.364163342660053,-0.0053575961415499584
2005-12-28,28.7748,3.3595000041059464,-0.004663338554106389
2005-12-29,28.7374,3.358199410309431,-0.0013005937965155923
2005-12-30,28.6166,3.353986969027932,-0.00421244128149878
2006-01-03,28.9771,3.3665058628721862,0.012518893844254197
2006-01-04,28.5626,3.3520981697423866,-0.014407693129799615
2006-01-05,28.652,3.3552232487522047,0.003125079009818066
2006-01-06,28.8543,3.3622590286414997,0.007035779889295046
2006-01-09,29.3229,3.378368780722134,0.016109752080634365
2006-01-10,29.3662,3.379844353114843,0.0014755723927089015
2006-01-11,29.3475,3.37920736377054,-0.0006369893443030072
2006-01-12,28.8032,3.360486492080629,-0.01872087168991099
2006-01-13,28.7846,3.3598405219047662,-0.0006459701758627645
2006-01-17,28.6323,3.3545354511959244,-0.005305070708841786
2006-01-18,28.3208,3.3435965170141055,-0.010938934181818905
2006-01-19,28.1646,3.338065870222039,-0.005530646792066385
2006-01-20,27.4338,3.3117758298058315,-0.02629004041620764
2006-01-23,27.5938,3.317591109807122,0.0058152800012902794
2006-01-24,27.476,3.313312896351635,-0.004278213455486846
2006-01-25,27.7422,3.3229547196006712,0.009641823249036285
2006-01-26,28.5409,3.3513381462396397,0.028383426638968423
2006-01-27,28.6598,3.3554954440086147,0.004157297768974999
2006-01-30,28.7286,3.357893142252883,0.002397698244268387
2006-01-31,28.6598,3.3554954440086147,-0.002397698244268387
2006-02-01,28.7522,3.358714286054851,0.0032188420462362366
2006-02-02,28.8347,3.361579522990365,0.002865236935514215
2006-02-03,28.5026,3.349995311183753,-0.011584211806612288
2006-02-06,28.4338,3.3475785783560332,-0.002416732827719592
2006-02-07,28.3071,3.3431126565754425,-0.004465921780590687
2006-02-08,28.5498,3.351649930823542,0.008537274248099358
2006-02-09,28.6755,3.3560430996550457,0.004393168831503758
2006-02-10,28.7846,3.3598405219047662,0.0037974222497205723
2006-02-13,28.6755,3.3560430996550457,-0.0037974222497205723
2006-02-14,28.9093,3.364163342660053,0.008120243005007133
2006-02-15,29.0705,3.3697239142852697,0.005560571625216948
2006-02-16,29.4291,3.3819839807380165,0.012260066452746798
2006-02-17,29.3996,3.3809810688099042,-0.0010029119281123045
2006-02-21,29.3475,3.37920736377054,-0.0017737050393642484
2006-02-22,29.8545,3.3963355822452477,0.01712821847470769
2006-02-23,29.6403,3.389134921834154,-0.0072006604110934624
2006-02-24,30.0352,3.402370027177907,0.013235105343752718
2006-02-27,29.9792,3.400503807862111,-0.0018662193157958917
2006-02-28,29.6639,3.3899308182882266,-0.010572989573884417
2006-03-01,30.0136,3.4016506122709775,0.011719793982750915
2006-03-02,30.0352,3.402370027177907,0.0007194149069293942
2006-03-03,29.9861,3.400733940956766,-0.0016360862211408644
2006-03-06,29.8682,3.3967943692806735,-0.003939571676092601
2006-03-07,29.9036,3.3979788744867743,0.0011845052061008055
2006-03-08,29.9949,3.4010273672105176,0.0030484927237433013
2006-03-09,29.599,3.387740576975546,-0.01328679023497159
2006-03-10,29.656,3.389664465848431,0.0019238888728851933
2006-03-13,29.6049,3.387939888170232,-0.001724577678199335
2006-03-14,29.8358,3.3957090147590137,0.007769126588781816
2006-03-15,29.7189,3.391783207051538,-0.003925807707475748
2006-03-16,29.7906,3.3941929075092725,0.002409700457734587
2006-03-17,29.8485,3.396134587319693,0.0019416798104203714
2006-03-20,29.8849,3.397353336110338,0.0012187487906452077
2006-03-21,29.7041,3.3912850834190715,-0.00606825269126654
2006-03-22,30.3191,3.411777876956302,0.020492793537230547
2006-03-23,30.3113,3.411520580285225,-0.0002572966710769897
2006-03-24,30.3525,3.412878886435993,0.0013583061507680405
2006-03-27,30.3594,3.413106189486292,0.0002273030502988327
2006-03-28,29.9655,3.4000467199047595,-0.013059469581532479
2006-03-29,30.048,3.4027961030258522,0.002749383121092741
2006-03-30,29.9439,3.399325631029359,-0.0034704719964930852
2006-03-31,30.0185,3.4018138582680653,0.00248822723870612
2006-04-03,30.2317,3.4088910427378303,0.007077184469765019
2006-04-04,30.4783,3.4170149549847872,0.008123912246956966
2006-04-05,30.6699,3.423281717605683,0.0062667626208958715
2006-04-06,30.4901,3.417402040758642,-0.005879676847041271
2006-04-07,30.0647,3.403351726061571,-0.014050314697070743
2006-04-10,30.1944,3.407656476722894,0.004304750661322743
2006-04-11,30.0018,3.401257379862227,-0.006399096860666642
2006-04-12,30.2121,3.4082425063887927,0.006985126526565466
2006-04-13,30.4183,3.415044400982908,0.0068018945941155096
2006-04-17,30.2818,3.410546871980789,-0.004497529002119194
2006-04-18,30.7141,3.424721832542441,0.014174960561652128
2006-04-19,30.7279,3.425171036677465,0.00044920413502369527
2006-04-20,30.7141,3.424721832542441,-0.00044920413502369527
2006-04-21,30.6423,3.422381407329285,-0.0023404252131560277
2006-04-24,30.7721,3.426608435298934,0.004227027969649022
2006-04-25,30.4409,3.4157870989164616,-0.010821336382472513
2006-04-26,30.7583,3.4261598765302157,0.010372777613754103
2006-04-27,31.6857,3.455865475004224,0.029705598474008443
2006-04-28,32.7212,3.4880231858786677,0.032157710874443524
2006-05-01,32.286,3.4746336997353375,-0.013389486143330132
2006-05-02,32.8037,3.490541313906155,0.015907614170817652
2006-05-03,32.7772,3.489733151729597,-0.0008081621765581026
2006-05-04,32.9433,3.4947879018809602,0.005054750151363141
2006-05-05,33.6339,3.515534486914239,0.02074658503327864
2006-05-08,33.235,3.5036035374935453,-0.011930949420693615
2006-05-09,33.181,3.501977422945872,-0.0016261145476730299
2006-05-10,33.1073,3.4997538018734535,-0.002223621072418691
2006-05-11,32.5513,3.4828173064131227,-0.016936495460330825
2006-05-12,31.9549,3.4643255336966288,-0.018491772716493937
2006-05-15,32.1151,3.469326324514654,0.00500079081802518
2006-05-16,31.9549,3.4643255336966288,-0.00500079081802518
2006-05-17,31.1827,3.439863453851083,-0.024462079845545937
2006-05-18,30.8153,3.428011319885233,-0.01185213396584972
2006-05-19,30.8211,3.428199520364726,0.0001882004794930836
2006-05-22,30.7435,3.425678589794358,-0.002520930570368396
2006-05-23,30.4046,3.41459391275457,-0.01108467703978766
2006-05-24,30.3889,3.414077410156463,-0.0005165025981073157
2006-05-25,30.8929,3.43052638403895,0.016448973882487117
2006-05-26,31.1641,3.4392667912941657,0.008740407255215743
2006-05-30,30.5981,3.42093791552731,-0.018328875766855823
2006-05-31,30.7435,3.425678589794358,0.00474067426704794
2006-06-01,31.4215,3.4474923719807506,0.02181378218639285
2006-06-02,31.5885,3.4527931303058055,0.005300758325054833
2006-06-05,30.9813,3.433383796664807,-0.019409333640998394
2006-06-06,30.5549,3.4195250655547453,-0.01385873111006175
2006-06-07,30.4635,3.416529245659137,-0.002995819895608154
2006-06-08,30.5323,3.418785139644535,0.0022558939853976057
2006-06-09,30.3525,3.412878886435993,-0.005906253208541656
2006-06-12,29.9949,3.4010273672105176,-0.01185151922547556
2006-06-13,29.2198,3.374846561672161,-0.026180805538356555
2006-06-14,28.8199,3.361066120752726,-0.013780440919434866
2006-06-15,29.2719,3.3766280114771265,0.015561890724400396
2006-06-16,28.9594,3.365894849070846,-0.010733162406280528
2006-06-19,28.8032,3.360486492080629,-0.0054083569902170225
2006-06-20,29.1942,3.3739700594076716,0.01348356732704259
2006-06-21,29.712,3.39155100461035,0.0175809452026785
2006-06-22,29.6098,3.3881053876158487,-0.0034456169945014103
2006-06-23,29.4703,3.3833829765416983,-0.00472241107415039
2006-06-26,29.9213,3.3985706013602486,0.015187624818550294
2006-06-27,29.4448,3.382517324048793,-0.01605327731145545
2006-06-28,29.7552,3.3930039066336275,0.01048658258483437
2006-06-29,30.7721,3.426608435298934,0.03360452866530661
2006-06-30,30.2818,3.410546871980789,-0.016061563318145122
2006-07-03,30.9086,3.4310344623327693,0.020487590351980334
2006-07-05,30.5785,3.420297147630087,-0.010737314702682355
2006-07-06,30.606,3.4211960681688445,0.0008989205387575083
2006-07-07,30.5785,3.420297147630087,-0.0008989205387575083
2006-07-10,30.6983,3.424207278467088,0.003910130837001091
2006-07-11,30.9086,3.4310344623327693,0.006827183865681263
2006-07-12,30.4635,3.416529245659137,-0.014505216673632138
2006-07-13,29.8437,3.39597376228693,-0.02055548337220703
2006-07-14,29.4831,3.383817217830619,-0.012156544456311202
2006-07-17,29.3662,3.379844353114843,-0.003972864715775959
2006-07-18,29.3524,3.379374314651594,-0.00047003846324900067
2006-07-19,31.0343,3.4350930444316083,0.05571872978001435
2006-07-20,30.9891,3.4336355297516095,-0.0014575146799988836
2006-07-21,31.1149,3.4376868041320376,0.0040512743804281826
2006-07-24,31.8695,3.4616494395706874,0.023962635438649738
2006-07-25,32.1769,3.4712488037977383,0.009599364227050877
2006-07-26,32.1907,3.4716775909580933,0.0004287871603549931
2006-07-27,32.2309,3.4729256197316065,0.0012480287735132656
2006-07-28,32.7909,3.4901510378723817,0.01722541814077516
2006-07-31,32.8921,3.4932325073569763,0.0030814694845946455
2006-08-01,32.8126,3.4908125879662464,-0.002419919390729941
2006-08-02,32.7989,3.4903949782423687,-0.000417609723877721
2006-08-03,32.9207,3.4941016392523023,0.003706661009933665
2006-08-04,32.5297,3.482153518186356,-0.011948121065946449
2006-08-07,32.6377,3.4854680619268086,0.0033145437404527023
2006-08-08,32.4393,3.4793706507160005,-0.00609741121080809
2006-08-09,31.9735,3.464907434714794,-0.01446321600120637
2006-08-10,31.7613,3.4582485675311685,-0.0066588671836256275
2006-08-11,31.6709,3.4553982782080195,-0.0028502893231490134
2006-08-14,31.6435,3.454532756250597,-0.0008655219574222883
2006-08-15,32.4727,3.4803997363379993,0.02586698008740207
2006-08-16,32.7831,3.4899131387039066,0.009513402365907364
2006-08-17,32.7772,3.489733151729597,-0.0001799869743095428
2006-08-18,32.957,3.495203681481277,0.00547052975167972
2006-08-21,32.7772,3.489733151729597,-0.00547052975167972
2006-08-22,32.6957,3.487243570785578,-0.0024895809440192984
2006-08-23,32.8195,3.4910228509328562,0.003779280147278463
2006-08-24,32.9354,3.4945480671532603,0.003525216220404026
2006-08-25,32.8195,3.4910228509328562,-0.003525216220404026
2006-08-28,33.181,3.501977422945872,0.010954572013015973
2006-08-29,33.1407,3.500762134285901,-0.0012152886599712254
2006-08-30,32.9707,3.4956192882807615,-0.005142846005139479
2006-08-31,32.9207,3.4941016392523023,-0.0015176490284591893
2006-09-01,32.9707,3.4956192882807615,0.0015176490284591893
2006-09-05,33.0209,3.497140694328897,0.001521406048135443
2006-09-06,33.0779,3.4988653856736462,0.001724691344749285
2006-09-07,32.5905,3.4840208348612682,-0.01484455081237801
2006-09-08,32.6328,3.485317917527449,0.0012970826661806711
2006-09-11,32.7291,3.488264590426496,0.0029466728990472646
2006-09-12,33.1741,3.5017694509881823,0.013504860561686094
2006-09-13,33.4521,3.5101145648726972,0.008345113884514976
2006-09-14,33.5268,3.5123451190015853,0.0022305541288880626
2006-09-15,33.852,3.5219980818078596,0.009652962806274257
2006-09-18,33.5838,3.514043807843775,-0.007954273964084546
2006-09-19,33.74,3.5186840771178223,0.0046402692740472595
2006-09-20,34.0436,3.5276420560450426,0.008957978927220278
2006-09-21,33.7498,3.5189744913750545,-0.008667564669988082
2006-09-22,33.7577,3.5192085394448562,0.00023404806980176218
2006-09-25,33.8215,3.5210966949410625,0.0018881554962062452
2006-09-26,33.8147,3.520895619185094,-0.00020107575596828298
2006-09-27,33.7724,3.519643900868345,-0.0012517183167490842
2006-09-28,33.9954,3.5262252213454395,0.006581320477094366
2006-09-29,33.8599,3.522231423363357,-0.0039937979820825475
2006-10-02,33.794,3.520283271938458,-0.001948151424898903
2006-10-03,34.4277,3.5388614729116883,0.018578200973230263
2006-10-04,34.241,3.5334237564545425,-0.005437716457145747
2006-10-05,34.1841,3.5317606236826355,-0.0016631327719069944
2006-10-06,33.7862,3.5200524350946893,-0.0117081885879462
2006-10-09,33.967,3.5253894650551056,0.005337029960416295
2006-10-10,34.2646,3.5341127512501096,0.008723286195003954
2006-10-11,34.3491,3.536575817451747,0.0024630662016376093
2006-10-12,34.7962,3.5495081854158776,0.012932367964130442
2006-10-13,34.7214,3.5473562115598614,-0.002151973856016287
2006-10-16,34.411,3.538376280706501,-0.00897993085336024
2006-10-17,34.5996,3.5438421213032116,0.005465840596710514
2006-10-18,34.0387,3.5274981126116254,-0.016344008691586254
2006-10-19,33.794,3.520283271938458,-0.007214840673167355
2006-10-20,33.9758,3.525648506485521,0.005365234547062947
2006-10-23,34.1674,3.5312719730946514,0.005623466609130379
2006-10-24,33.9876,3.525995752212444,-0.005276220882207472
2006-10-25,34.0819,3.528766451580785,0.0027706993683409564
2006-10-26,34.4434,3.5393173971025886,0.0105509455218038
2006-10-27,34.0956,3.5291683437060284,-0.010149053396560248
2006-10-30,34.2106,3.532535537567077,0.0033671938610484453
2006-10-31,34.2037,3.532333825351256,-0.00020171221582065968
2006-11-01,33.8363,3.5215341906987154,-0.010799634652540746
2006-11-02,33.8147,3.520895619185094,-0.0006385715136212333
2006-11-03,33.8068,3.5206619656862532,-0.00023365349884096887
2006-11-06,34.355,3.5367475684830394,0.01608560279678617
2006-11-07,34.241,3.5334237564545425,-0.003323812028496853
2006-11-08,34.3491,3.536575817451747,0.0031520609972046643
2006-11-09,34.0583,3.52807376206876,-0.008502055382987095
2006-11-10,34.3285,3.5359759129525274,0.007902150883767334
2006-11-13,34.3619,3.53694839244405,0.0009724794915224599
2006-11-14,34.4277,3.5388614729116883,0.001913080467638384
2006-11-15,34.2106,3.532535537567077,-0.006325935344611455
2006-11-16,34.4975,3.5408868576435726,0.00835132007649575
2006-11-17,34.3619,3.53694839244405,-0.003938465199522678
2006-11-20,34.5358,3.541996467177803,0.005048074733752905
2006-11-21,34.4277,3.5388614729116883,-0.0031349942661145214
2006-11-22,34.3138,3.5355476056194477,-0.003313867292240591
2006-11-24,34.0819,3.528766451580785,-0.006781154038662862
2006-11-27,33.6182,3.5150675869873904,-0.013698864593394422
2006-11-28,33.3097,3.505848645860618,-0.00921894112677224
2006-11-29,33.6506,3.5160308865409857,0.01018224068036755
2006-11-30,33.3677,3.5075883662045038,-0.008442520336481962
2006-12-01,33.1741,3.5017694509881823,-0.005818915216321496
2006-12-04,33.7724,3.519643900868345,0.017874449880162846
2006-12-05,34.0308,3.5272659969053115,0.007622096036966397
2006-12-06,33.7636,3.5193832991137315,-0.007882697791580018
2006-12-07,33.6182,3.5150675869873904,-0.004315712126341076
2006-12-08,33.7115,3.517839025437844,0.0027714384504538003
2006-12-11,34.2813,3.534600015997685,0.016760990559840927
2006-12-12,34.3422,3.536374918647293,0.001774902649607668
2006-12-13,34.3206,3.5357457569844266,-0.0006291616628661956
2006-12-14,34.5712,3.5430209655092684,0.007275208524841759
2006-12-15,34.8266,3.550381462616219,0.007360497106950525
2006-12-18,34.7736,3.5488584781924852,-0.0015229844237336643
2006-12-19,34.803,3.5497035899613794,0.0008451117688941245
2006-12-20,34.7657,3.5486312685417127,-0.001072321419666622
2006-12-21,35.0742,3.557465817460415,0.008834548918702279
2006-12-22,34.5279,3.541767692871345,-0.01569812458907016
2006-12-26,34.8325,3.5505508590056096,0.008783166134264775
2006-12-27,35.2952,3.5637469773563843,0.013196118350774722
2006-12-28,35.2706,3.563049755727875,-0.0006972216285094923
2006-12-29,34.8266,3.550381462616219,-0.01266829311165596
2007-01-03,34.6596,3.545574743539966,-0.004806719076253074
2007-01-04,34.7411,3.547923424099812,0.0023486805598462723
2007-01-05,34.4582,3.5397469952607623,-0.008176428839049787
2007-01-08,34.5712,3.5430209655092684,0.003273970248506064
2007-01-09,34.4277,3.5388614729116883,-0.004159492597580083
2007-01-10,34.6822,3.5462265870398526,0.007365114128164318
2007-01-11,34.8325,3.5505508590056096,0.0043242719657570206
2007-01-12,34.5996,3.5438421213032116,-0.006708737702397993
2007-01-16,34.8885,3.552157262013096,0.008315140709884261
2007-01-17,34.917,3.552973816627949,0.0008165546148530822
2007-01-18,34.7156,3.547189153650865,-0.005784662977084132
2007-01-19,35.1548,3.5597611665437743,0.012572012892909434
2007-01-22,35.8051,3.5780903413610217,0.018329174817247385
2007-01-23,35.927,3.5814891019534123,0.003398760592390637
2007-01-24,36.3062,3.5919885255844055,0.01049942363099321
2007-01-25,36.2,3.5890591188317256,-0.0029294067526799417
2007-01-26,35.8336,3.5788860007323824,-0.010173118099343181
2007-01-29,35.6656,3.5741866388045307,-0.004699361927851697
2007-01-30,36.1814,3.5885451746303305,0.014358535825799823
2007-01-31,36.7198,3.6033161191143632,0.014770944484032711
2007-02-01,36.9232,3.6088400797681777,0.0055239606538144415
2007-02-02,36.7198,3.6033161191143632,-0.0055239606538144415
2007-02-05,36.7424,3.603931401551126,0.0006152824367626764
2007-02-06,36.7688,3.604649659480121,0.0007182579289950475
2007-02-07,36.9232,3.6088400797681777,0.004190420288056718
2007-02-08,36.7198,3.6033161191143632,-0.0055239606538144415
2007-02-09,36.3542,3.5933097406336603,-0.01000637848070296
2007-02-12,36.367,3.5936617700317504,0.00035202939809009237
2007-02-13,36.7364,3.6037680891395643,0.0101063191078139
2007-02-14,37.0734,3.6128997313274183,0.009131642187854005
2007-02-15,36.9232,3.6088400797681777,-0.004059651559240596
2007-02-16,36.9516,3.6096089482158504,0.0007688684476727659
2007-02-20,37.2248,3.6169752058222615,0.007366257606411075
2007-02-21,37.2404,3.6173941934897416,0.000418987667480053
2007-02-22,37.2316,3.617157863055727,-0.00023633043401449783
2007-02-23,36.7924,3.605291302107204,-0.01186656094852312
2007-02-26,36.6333,3.6009576628229447,-0.0043336392842592275
2007-02-27,35.4878,3.5691889754442307,-0.03176868737871397
2007-02-28,35.6106,3.572643346347403,0.0034543709031722436
2007-03-01,35.472,3.568743652873956,-0.0038996934734472077
2007-03-02,34.7411,3.547923424099812,-0.02082022877414369
2007-03-05,34.2735,3.5343724608145717,-0.013550963285240414
2007-03-06,34.9818,3.554827926242526,0.02045546542795451
2007-03-07,34.8649,3.5514805924629234,-0.0033473337796028346
2007-03-08,35.14,3.559340082758951,0.007859490296027616
2007-03-09,35.199,3.5610176731095966,0.0016775903506456302
2007-03-12,35.2127,3.561406812987568,0.00038913987797117855
2007-03-13,33.6712,3.516642872573532,-0.04476394041403564
2007-03-14,34.1025,3.529370695385138,0.012727822811605893
2007-03-15,34.3894,3.5377483773597276,0.008377681974589546
2007-03-16,33.907,3.523621482745862,-0.014126894613865737
2007-03-19,34.3069,3.5353465001214492,0.011725017375587399
2007-03-20,34.4277,3.5388614729116883,0.003514972790239046
2007-03-21,35.365,3.5657226304879535,0.02686115757626517
2007-03-22,34.9484,3.5538726879466327,-0.011849942541320768
2007-03-23,34.9818,3.554827926242526,0.0009552382958935013
2007-03-26,35.1115,3.558528712138722,0.003700785896195935
2007-03-27,35.0172,3.5558393693493677,-0.0026893427893543986
2007-03-28,34.5996,3.5438421213032116,-0.011997248046156095
2007-03-29,34.968,3.5544333575610136,0.010591236257802006
2007-03-30,34.8806,3.5519308007276913,-0.0025025568333223447
2007-04-02,34.7824,3.5491115117207777,-0.002819289006913639
2007-04-03,35.0093,3.5556137404793393,0.006502228758561657
2007-04-04,35.0093,3.5556137404793393,0.0
2007-04-05,35.1636,3.560011456654071,0.004397716174731503
2007-04-09,35.3256,3.5646079135643496,0.004596456910278768
2007-04-10,35.5025,3.569603116537031,0.004995202972681412
2007-04-11,35.4348,3.5676943881091385,-0.0019087284278924699
2007-04-12,35.472,3.568743652873956,0.0010492647648172593
2007-04-13,35.3934,3.5665253620795387,-0.002218290794417044
2007-04-16,36.0291,3.5843269452640034,0.017801583184464675
2007-04-17,36.1814,3.5885451746303305,0.0042182293663270976
2007-04-18,37.5401,3.625409694980068,0.03686452034973753
2007-04-19,37.5548,3.6258011996012276,0.0003915046211595552
2007-04-20,37.88,3.6344232683178777,0.008622068716650055
2007-04-23,37.6953,3.6295354182471966,-0.0048878500706810435
2007-04-24,37.6069,3.6271875441981294,-0.0023478740490672223
2007-04-25,38.0844,3.639804749466702,0.012617205268572462
2007-04-26,38.1689,3.642021047898075,0.002216298431373165
2007-04-27,37.8859,3.634579011205164,-0.007442036692911103
2007-04-30,37.5627,3.626011536740486,-0.008567474464677982
2007-05-01,37.657,3.6285188599391356,0.002507323198649658
2007-05-02,37.8859,3.634579011205164,0.006060151266028324
2007-05-03,37.995,3.637454572121748,0.002875560916584252
2007-05-04,37.9468,3.6361851788107575,-0.0012693933109906297
2007-05-07,38.0176,3.6380492103966118,0.0018640315858542422
2007-05-08,37.8172,3.6327640255874245,-0.005285184809187271
2007-05-09,38.3555,3.646897933436315,0.014133907848890459
2007-05-10,37.492,3.624127576884239,-0.02277035655207582
2007-05-11,37.6,3.6270040503958487,0.0028764735116095785
2007-05-14,37.3692,3.6208468357220878,-0.006157214673760958
2007-05-15,37.5136,3.624703533895372,0.0038566981732843786
2007-05-16,38.1993,3.642817190837302,0.01811365694192979
2007-05-17,37.8928,3.634761120426332,-0.008056070410969784
2007-05-18,37.88,3.6344232683178777,-0.000337852108454495
2007-05-21,37.8928,3.634761120426332,0.000337852108454495
2007-05-22,37.7012,3.6296919241861207,-0.005069196240211404
2007-05-23,37.4851,3.623943520685227,-0.005748403500893673
2007-05-24,37.1933,3.616128637530911,-0.00781488315431611
2007-05-25,37.2316,3.617157863055727,0.001029225524816102
2007-05-29,37.3622,3.6206594981365354,0.003501635080808363
2007-05-30,37.5352,3.6252791593709675,0.0046196612344320265
2007-05-31,37.3692,3.6208468357220878,-0.004432323648879688
2007-06-01,37.4182,3.622157217070055,0.0013103813479671267
2007-06-04,37.1805,3.6157844302932443,-0.006372786776810635
2007-06-05,36.931,3.6090513067540226,-0.006733123539221619
2007-06-06,36.4545,3.5960649076246285,-0.012986399129394144
2007-06-07,35.92,3.581294243433999,-0.014770664190629557
2007-06-08,36.3474,3.593122674598805,0.01182843116480603
2007-06-11,36.3602,3.593474769844205,0.0003520952453999193
2007-06-12,35.582,3.5718398920125836,-0.021634877831621324
2007-06-13,36.259,3.5906876263474015,0.0188477343348179
2007-06-14,36.2796,3.591255599827832,0.0005679734804306946
2007-06-15,36.4545,3.5960649076246285,0.004809307796796336
2007-06-18,36.3602,3.593474769844205,-0.002590137780423607
2007-06-19,36.6608,3.601708064322941,0.00823329447873622
2007-06-20,35.6588,3.573995960719034,-0.027712103603906968
2007-06-21,35.9348,3.5817061853003542,0.007710224581320091
2007-06-22,35.1252,3.558918821587877,-0.022787363712477138
2007-06-25,34.8649,3.5514805924629234,-0.0074382291249537325
2007-06-26,35.0428,3.5565701715514617,0.005089579088538354
2007-06-27,35.5025,3.569603116537031,0.013032944985569284
2007-06-28,35.3021,3.5639424522547722,-0.005660664282258754
2007-06-29,34.9337,3.5534519793469537,-0.010490472907818571
2007-07-02,35.4348,3.5676943881091385,0.014242408762184855
2007-07-03,35.5732,3.5715925453662427,0.0038981572571041845
2007-07-05,35.1773,3.5604009882117627,-0.011191557154480059
2007-07-06,35.309,3.5641378889501913,0.0037369007384286945
2007-07-09,35.1773,3.5604009882117627,-0.0037369007384286945
2007-07-10,34.2528,3.5337683131915534,-0.026632675020209273
2007-07-11,34.7008,3.5467627414421,0.01299442825054653
2007-07-12,35.7118,3.5754811663847406,0.028718424942640652
2007-07-13,36.086,3.5859049784861066,0.010423812101366003
2007-07-16,35.927,3.5814891019534123,-0.004415876532694263
2007-07-17,35.9908,3.583263350240669,0.0017742482872566967
2007-07-18,35.2402,3.562187476420773,-0.021075873819896174
2007-07-19,35.0565,3.5569610456450524,-0.005226430775720381
2007-07-20,34.2902,3.5348595990620773,-0.022101446582975193
2007-07-23,33.9954,3.5262252213454395,-0.008634377716637776
2007-07-24,32.6888,3.4870325115888074,-0.03919270975663203
2007-07-25,32.6377,3.4854680619268086,-0.001564449661998868
2007-07-26,31.7791,3.4588088410096365,-0.0266592209171721
2007-07-27,31.8891,3.4622642586105474,0.0034554176009109483
2007-07-30,32.2624,3.47390246546612,0.011638206855572708
2007-07-31,31.7339,3.4573855101126303,-0.01651695535348985
2007-08-01,31.9961,3.465614020372365,0.008228510259734811
2007-08-02,32.1465,3.4703035800607034,0.004689559688338285
2007-08-03,31.4735,3.449145921924254,-0.02115765813644943
2007-08-06,32.5237,3.4819690543453574,0.03282313242110346
2007-08-07,32.6888,3.4870325115888074,0.005063457243450031
2007-08-08,33.5347,3.5125807236342443,0.02554821204543689
2007-08-09,31.8469,3.4609400460409914,-0.05164067759325297
2007-08-10,31.9039,3.462728259371306,0.0017882133303146475
2007-08-13,31.6023,3.453229902754307,-0.009498356616998826
2007-08-14,31.1965,3.440305909035668,-0.01292399371863917
2007-08-15,31.0049,3.434145256510396,-0.006160652525271981
2007-08-16,32.7831,3.4899131387039066,0.05576788219351059
2007-08-17,33.8903,3.523128837748561,0.03321569904465438
2007-08-20,33.5219,3.5121989565850513,-0.01092988116350968
2007-08-21,33.3097,3.505848645860618,-0.00635031072443315
2007-08-22,33.1682,3.5015915855835895,-0.004257060277028657
2007-08-23,32.9275,3.4943081748910645,-0.0072834106925250275
2007-08-24,33.1279,3.500375827644168,0.006067652753103392
2007-08-27,32.3773,3.4774575599673474,-0.02291826767682048
2007-08-28,31.4371,3.4479887241209597,-0.02946883584638771
2007-08-29,31.8163,3.4599787370789383,0.011990012957978635
2007-08-30,31.7015,3.456363998375732,-0.0036147387032063882
2007-08-31,32.1003,3.4688653758866907,0.012501377510958811
2007-09-04,32.6613,3.4861908907918004,0.017325514905109696
2007-09-05,31.8469,3.4609400460409914,-0.025250844750809076
2007-09-06,31.8763,3.4618627869606584,0.0009227409196670422
2007-09-07,31.3773,3.4460847015380462,-0.015778085422612165
2007-09-10,31.6709,3.4553982782080195,0.009313576669973234
2007-09-11,32.1151,3.469326324514654,0.013928046306634467
2007-09-12,32.0629,3.4676995984866963,-0.001626726027957659
2007-09-13,32.8755,3.4927276995077463,0.02502810102105002
2007-09-14,32.8342,3.4914706551006534,-0.0012570444070929554
2007-09-17,32.6535,3.4859520475269634,-0.005518607573689938
2007-09-18,34.4768,3.5402866340640227,0.05433458653705925
2007-09-19,34.298,3.5350870434339554,-0.005199590630067252
2007-09-20,33.8599,3.522231423363357,-0.012855620070598484
2007-09-21,33.9817,3.5258221444214315,0.003590721058074564
2007-09-24,33.4119,3.508912123952512,-0.01691002046891965
2007-09-25,33.235,3.5036035374935453,-0.005308586458966591
2007-09-26,33.2606,3.5043735132893805,0.0007699757958352649
2007-09-27,33.3175,3.506082784471745,0.0017092711823645246
2007-09-28,33.0356,3.497585767871778,-0.008497016599966933
2007-10-01,33.7498,3.5189744913750545,0.021388723503276363
2007-10-02,34.0023,3.526428169387026,0.0074536780119713875
2007-10-03,33.8864,3.5230137539512,-0.0034144154358259904
2007-10-04,34.0672,3.5283350445562465,0.0053212906050466025
2007-10-05,34.3069,3.5353465001214492,0.007011455565202773
2007-10-08,34.2037,3.532333825351256,-0.003012674770193069
2007-10-09,34.298,3.5350870434339554,0.002753218082699238
2007-10-10,33.8215,3.5210966949410625,-0.013990348492892934
2007-10-11,33.6427,3.515796093477299,-0.005300601463763321
2007-10-12,33.7577,3.5192085394448562,0.003412445967557076
2007-10-15,33.3598,3.5073515822687376,-0.011856957176118677
2007-10-16,32.5237,3.4819690543453574,-0.025382527923380138
2007-10-17,33.4315,3.50949856930274,0.027529514957382428
2007-10-18,33.0945,3.499367105434399,-0.010131463868340962
2007-10-19,32.4589,3.4799746736502546,-0.019392431784144293
2007-10-22,32.7123,3.48775115396673,0.007776480316475265
2007-10-23,33.1211,3.5001705415259203,0.012419387559190476
2007-10-24,33.3598,3.5073515822687376,0.007181040742817224
2007-10-25,33.2026,3.502628186109132,-0.004723396159605375
2007-10-26,34.1173,3.5298045870187167,0.02717640090958451
2007-10-29,33.6506,3.5160308865409857,-0.013773700477730966
2007-10-30,33.5681,3.513576211237095,-0.002454675303890763
2007-10-31,33.8864,3.5230137539512,0.009437542714104907
2007-11-01,31.9549,3.4643255336966288,-0.0586882202545711
2007-11-02,31.1149,3.4376868041320376,-0.026638729564591124
2007-11-05,30.8349,3.428647165370255,-0.009039638761782598
2007-11-06,31.8017,3.4595197474767403,0.030872582106485247
2007-11-07,30.4557,3.416273168755874,-0.043246578720866236
2007-11-08,30.7209,3.4249432047253263,0.008670035969452261
2007-11-09,30.5049,3.4178873264473197,-0.007055878278006578
2007-11-12,30.5628,3.4197835831378347,0.0018962566905149636
2007-11-13,32.4805,3.4806399092636595,0.06085632612582481
2007-11-14,32.5513,3.4828173064131227,0.0021773971494631894
2007-11-15,31.3851,3.446333257999882,-0.03648404841324071
2007-11-16,31.0677,3.4361686942728493,-0.010164563727032672
2007-11-19,29.8279,3.395444197121282,-0.04072449715156745
2007-11-20,30.0136,3.4016506122709775,0.0062064151496956654
2007-11-21,29.3318,3.3786722517165573,-0.022978360554420263
2007-11-23,30.2455,3.4093474130803565,0.03067516136379922
2007-11-26,29.1716,3.3731956332495616,-0.03615177983079487
2007-11-27,30.5323,3.418785139644535,0.04558950639497317
2007-11-28,31.6926,3.456083215146426,0.03729807550189124
2007-11-29,31.4735,3.449145921924254,-0.0069372932221720696
2007-11-30,32.8921,3.4932325073569763,0.04408658543272237
2007-12-03,32.5984,3.48426320741361,-0.008969299943366149
2007-12-04,31.8311,3.46044379928939,-0.02381940812422023
2007-12-05,32.3695,3.4772166214178677,0.01677282212847775
2007-12-06,33.3175,3.506082784471745,0.028866163053877347
2007-12-07,33.2233,3.5032514369998258,-0.0028313474719192655
2007-12-10,34.19,3.5319332036512097,0.02868176665138389
2007-12-11,33.1211,3.5001705415259203,-0.03176266212528933
2007-12-12,33.2724,3.5047282244890474,0.004557682963127085
2007-12-13,32.9904,3.4962166100533136,-0.008511614435733783
2007-12-14,32.5905,3.4840208348612682,-0.0121957751920454
2007-12-17,32.1081,3.4691083347530816,-0.014912500108186677
2007-12-18,31.6503,3.4547476272182487,-0.014360707534832873
2007-12-19,31.7093,3.4566100132514106,0.0018623860331619113
2007-12-20,31.2407,3.441721731890743,-0.014888281360667666
2007-12-21,31.8017,3.4595197474767403,0.017798015585997362
2007-12-24,32.3223,3.475757394487239,0.01623764701049879
2007-12-26,32.4019,3.478217063054219,0.002459668566979989
2007-12-27,31.4667,3.448929843804818,-0.02928721924940092
2007-12-28,31.1895,3.4400814997121216,-0.008848344092696525
2007-12-31,31.4735,3.449145921924254,0.009064422212132328
2008-01-02,30.4046,3.41459391275457,-0.03455200916968382
2008-01-03,30.1944,3.407656476722894,-0.006937436031676292
2008-01-04,29.5116,3.384783406393901,-0.022873070328992995
2008-01-07,29.8083,3.3947868782208253,0.010003471826924404
2008-01-08,28.6244,3.354259500956035,-0.040527377264790054
2008-01-09,29.0282,3.3682677712915625,0.014008270335527317
2008-01-10,29.7985,3.3944580566740115,0.02619028538244894
2008-01-11,29.4615,3.3830843262352284,-0.011373730438783092
2008-01-14,29.823,3.395279907898118,0.012195581662889587
2008-01-15,28.2384,3.3406827537961643,-0.05459715410195365
2008-01-16,29.8682,3.3967943692806735,0.05611161548450916
2008-01-17,28.8681,3.362737179247258,-0.03405719003341545
2008-01-18,28.5409,3.3513381462396397,-0.011399033007618353
2008-01-22,29.4615,3.3830843262352284,0.03174617999558871
2008-01-23,32.9649,3.4954433590402614,0.11235903280503301
2008-01-24,32.4147,3.4786120236095828,-0.016831335430678607
2008-01-25,31.4667,3.448929843804818,-0.02968217980476462
2008-01-28,32.8558,3.492128289467481,0.043198445662663065
2008-01-29,34.2106,3.532535537567077,0.040407248099595616
2008-01-30,34.1379,3.5304082040508393,-0.002127333516237506
2008-01-31,34.1762,3.5315294953805316,0.0011212913296922977
2008-02-01,34.7892,3.5493069937859207,0.017777498405389114
2008-02-04,33.3244,3.506289861401564,-0.04301713238435667
2008-02-05,31.6435,3.454532756250597,-0.051757105150966876
2008-02-06,31.5197,3.4506127471778867,-0.003920009072710506
2008-02-07,32.5237,3.4819690543453574,0.03135630716747073
2008-02-08,31.5963,3.4530400251298654,-0.028929029215492008
2008-02-11,31.2564,3.4422241552137534,-0.010815869916112053
2008-02-12,31.2269,3.4412799028393786,-0.0009442523743747877
2008-02-13,31.7957,3.4593310605172793,0.018051157677900775
2008-02-14,30.7209,3.4249432047253263,-0.034387855791953026
2008-02-15,31.1827,3.439863453851083,0.014920249125756513
2008-02-19,30.8811,3.4301443462837935,-0.009719107567289331
2008-02-20,31.1149,3.4376868041320376,0.007542457848244144
2008-02-21,31.0501,3.4356020289862177,-0.0020847751458199504
2008-02-22,31.6709,3.4553982782080195,0.019796249221801787
2008-02-25,31.7457,3.457757283095948,0.0023590048879285064
2008-02-26,31.5197,3.4506127471778867,-0.007144535918061301
2008-02-27,32.0177,3.4662888748824794,0.0156761277045927
2008-02-28,30.5981,3.42093791552731,-0.04535095935516953
2008-02-29,29.3092,3.377901459911543,-0.043036455615766744
2008-03-03,28.7089,3.3572071792227205,-0.02069428068882262
2008-03-04,28.253,3.3411996466444585,-0.01600753257826204
2008-03-05,27.9308,3.3297300225830435,-0.01146962406141494
2008-03-06,26.9444,3.293775483555422,-0.03595453902762147
2008-03-07,27.082,3.298869300560632,0.005093817005210166
2008-03-10,26.299,3.2695309156471453,-0.029338384913486948
2008-03-11,28.0036,3.3323330733391776,0.06280215769203235
2008-03-12,27.8394,3.3264522835098393,-0.005880789829338262
2008-03-13,27.476,3.313312896351635,-0.013139387158204396
2008-03-14,26.3452,3.2712860952057867,-0.042026801145848225
2008-03-17,29.0646,3.3695209388016027,0.09823484359581602
2008-03-18,30.7957,3.427375069843481,0.05785413104187809
2008-03-19,30.6227,3.421741564003775,-0.005633505839705677
2008-03-20,33.1407,3.500762134285901,0.07902057028212583
2008-03-24,33.5622,3.5134004336816482,0.012638299395747232
2008-03-25,33.2105,3.5028660909814318,-0.01053434270021647
2008-03-26,31.8017,3.4595197474767403,-0.043346343504691465
2008-03-27,30.9007,3.430778837368791,-0.028740910107949436
2008-03-28,30.7957,3.427375069843481,-0.0034037675253100197
2008-03-31,30.9675,3.432938267446218,0.005563197602737269
2008-04-01,33.8864,3.5230137539512,0.09007548650498176
2008-04-02,33.3392,3.5067338818337985,-0.01627987211740134
2008-04-03,33.3677,3.5075883662045038,0.000854484370705233
2008-04-04,32.8558,3.492128289467481,-0.015460076737022543
2008-04-07,32.8342,3.4914706551006534,-0.0006576343668278639
2008-04-08,32.3459,3.476487274120434,-0.01498338098021934
2008-04-09,31.9401,3.4638622736523472,-0.012625000468086789
2008-04-10,31.6249,3.4539447849873492,-0.009917488664997975
2008-04-11,30.664,3.423089328078254,-0.030855456909095302
2008-04-14,29.9213,3.3985706013602486,-0.024518726718005368
2008-04-15,30.3663,3.4133334408816545,0.01476283952140589
2008-04-16,32.4147,3.4786120236095828,0.0652785827279283
2008-04-17,32.5297,3.482153518186356,0.0035414945767731076
2008-04-18,32.9904,3.4962166100533136,0.014063091866957755
2008-04-21,32.6112,3.4846557876522373,-0.011560822401076365
2008-04-22,32.9138,3.493892022713094,0.009236235060856579
2008-04-23,32.5513,3.4828173064131227,-0.011074716299971143
2008-04-24,33.8658,3.522405655597647,0.03958834918452414
2008-04-25,34.4582,3.5397469952607623,0.017341339663115463
2008-04-28,34.1762,3.5315294953805316,-0.008217499880230683
2008-04-29,33.9444,3.5247238919456048,-0.006805603434926866
2008-04-30,34.355,3.5367475684830394,0.012023676537434635
2008-05-01,35.6656,3.5741866388045307,0.0374390703214913
2008-05-02,35.082,3.5576881784215884,-0.016498460382942337
2008-05-05,34.6056,3.54401551867841,-0.013672659743178439
2008-05-06,34.751,3.548208348575169,0.004192829896759065
2008-05-07,34.0239,3.527063218845203,-0.021145129729966072
2008-05-08,33.2026,3.502628186109132,-0.024435032736070728
2008-05-09,33.5769,3.5138383305326606,0.011210144423528412
2008-05-12,33.9218,3.5240578755534857,0.010219545020825116
2008-05-13,32.7909,3.4901510378723817,-0.03390683768110403
2008-05-14,33.1014,3.499575577561071,0.009424539688689393
2008-05-15,33.8982,3.523361915631558,0.023786338070487023
2008-05-16,33.5465,3.5129325360681816,-0.010429379563376528
2008-05-19,33.1584,3.5012960781982776,-0.011636457869903971
2008-05-20,31.5059,3.4501748298801367,-0.05112124831814091
2008-05-21,30.5854,3.420522770915367,-0.029652058964769523
2008-05-22,31.0343,3.4350930444316083,0.014570273516241183
2008-05-23,30.5127,3.418142990388297,-0.01695005404331118
2008-05-27,31.0098,3.4343032835591503,0.0161602931708531
2008-05-28,30.9007,3.430778837368791,-0.0035244461903594093
2008-05-29,31.4126,3.447209086310724,0.016430248941933012
2008-05-30,31.0049,3.434145256510396,-0.01306382980032783
2008-06-02,30.3889,3.414077410156463,-0.020067846353933216
2008-06-03,30.2023,3.4079180804212763,-0.006159329735186514
2008-06-04,30.0136,3.4016506122709775,-0.006267468150298772
2008-06-05,30.3525,3.412878886435993,0.011228274165015595
2008-06-06,28.9025,3.3639280965673395,-0.048950789868653644
2008-06-09,27.0456,3.297524330324112,-0.0664037662432273
2008-06-10,27.6066,3.3180548745707616,0.020530544246649463
2008-06-11,26.7696,3.287266915321262,-0.030787959249499508
2008-06-12,27.4052,3.3107327764097825,0.023465861088520334
2008-06-13,28.536,3.3511664480565906,0.04043367164680811
2008-06-16,28.7974,3.3602851052888387,0.00911865723224814
2008-06-17,28.147,3.33744077697045,-0.022844328318388563
2008-06-18,27.9308,3.3297300225830435,-0.007710754387406649
2008-06-19,27.865,3.3273714210214997,-0.0023586015615437717
2008-06-20,27.2962,3.3067474983633165,-0.020623922658183247
2008-06-23,26.5858,3.2803772386607735,-0.02637025970254303
2008-06-24,27.194,3.3029963607334945,0.022619122072720987
2008-06-25,27.3335,3.308113056138529,0.005116695405034566
2008-06-26,26.186,3.2652249168055616,-0.04288813933296742
2008-06-27,25.2704,3.2296337503211245,-0.03559116648443705
2008-06-30,24.7359,3.208255629706025,-0.021378120615099583
2008-07-01,24.5267,3.1997623200725585,-0.008493309633466506
2008-07-02,24.9501,3.2168778302055276,0.01711551013296919
2008-07-03,25.46,3.2371085931292605,0.020230762923732826
2008-07-07,24.5404,3.200320739068424,-0.03678785406083662
2008-07-08,25.7891,3.2499519220373356,0.04963118296891178
2008-07-09,24.7153,3.2074224850627564,-0.04252943697457923
2008-07-10,24.8794,3.214040151824562,0.006617666761805641
2008-07-11,23.9057,3.1741169242262073,-0.03992322759835476
2008-07-14,22.8487,3.128894222942765,-0.0452227012834423
2008-07-15,22.3673,3.1076000708549865,-0.021294152087778517
2008-07-16,25.9129,3.25474091420812,0.14714084335313338
2008-07-17,29.4153,3.3815149471425343,0.12677403293441447
2008-07-18,28.8543,3.3622590286414997,-0.019255918501034586
2008-07-21,27.865,3.3273714210214997,-0.03488760761999998
2008-07-22,29.4615,3.3830843262352284,0.055712905213728625
2008-07-23,30.2533,3.4096052694359607,0.026520943200732283
2008-07-24,28.2196,3.340016771979774,-0.06958849745618645
2008-07-25,28.4958,3.3497567079937594,0.009739936013985151
2008-07-28,27.1538,3.3015169997536016,-0.048239708240157775
2008-07-29,29.3789,3.3802767296091503,0.07875972985554869
2008-07-30,29.9713,3.400240257097873,0.019963527488722654
2008-07-31,29.2945,3.3773997850920927,-0.02284047200578021
2008-08-01,29.3848,3.3804775338478152,0.0030777487557225314
2008-08-04,28.9428,3.3653214684236583,-0.015156065424156928
2008-08-05,30.2023,3.4079180804212763,0.042596611997617995
2008-08-06,29.8437,3.39597376228693,-0.011944318134346155
2008-08-07,28.703,3.3570016469194606,-0.038972115367469584
2008-08-08,29.6098,3.3881053876158487,0.031103740696388105
2008-08-11,30.2023,3.4079180804212763,0.019812692805427634
2008-08-12,27.3404,3.3083654617666856,-0.09955261865459075
2008-08-13,26.6104,3.281302116819498,-0.027063344947187762
2008-08-14,27.2608,3.305449772866384,0.02414765604688629
2008-08-15,27.4484,3.3123078784607474,0.006858105594363284
2008-08-18,26.4886,3.2767144517552356,-0.0355934267055118
2008-08-19,25.6526,3.2446449310021594,-0.03206952075307612
2008-08-20,26.6762,3.2837717821178734,0.0391268511157139
2008-08-21,26.1418,3.2635355658100336,-0.020236216307839783
2008-08-22,27.1596,3.3017305750415433,0.03819500923150976
2008-08-25,26.0484,3.2599563459675798,-0.041774229073963554
2008-08-26,26.3943,3.2731480777496382,0.013191731782058458
2008-08-27,26.7774,3.287558248171101,0.014410170421462976
2008-08-28,28.032,3.333346714753981,0.04578846658287983
2008-08-29,27.7481,3.3231673693799024,-0.010179345374078608
2008-09-02,28.1086,3.3360755793380705,0.012908209958168104
2008-09-03,28.6323,3.3545354511959244,0.018459871857853916
2008-09-04,27.3335,3.308113056138529,-0.04642239505739543
2008-09-05,28.5498,3.351649930823542,0.04353687468501288
2008-09-08,29.9586,3.3998164285852237,0.048166497761681804
2008-09-09,28.4584,3.34844337182625,-0.051373056758973856
2008-09-10,28.4063,3.3466109515522207,-0.0018324202740291895
2008-09-11,30.0264,3.4020769946891627,0.055466043136942034
2008-09-12,29.6835,3.390591335874931,-0.01148565881423158
2008-09-15,26.6762,3.2837717821178734,-0.10681955375705776
2008-09-16,29.374,3.3801099293316708,0.09633814721379741
2008-09-17,25.7891,3.2499519220373356,-0.13015800729433513
2008-09-18,29.0547,3.369180260228539,0.11922833819120315
2008-09-19,33.9218,3.5240578755534857,0.15487761532494693
2008-09-22,29.4153,3.3815149471425343,-0.1425429284109514
2008-09-23,29.2434,3.375653907191458,-0.005861039951076119
2008-09-24,29.1992,3.3741413116386503,-0.001512595552807916
2008-09-25,31.3349,3.444732492351936,0.07059118071328552
2008-09-26,34.7824,3.5491115117207777,0.10437901936884186
2008-09-29,29.5587,3.3863781167638045,-0.16273339495697314
2008-09-30,33.6712,3.516642872573532,0.13026475580972763
2008-10-01,35.7825,3.577458947076235,0.060816074502702655
2008-10-02,35.9416,3.581895399006669,0.004436451930434071
2008-10-03,33.0945,3.499367105434399,-0.08252829357226998
2008-10-06,31.7251,3.457108165683742,-0.042258939750656754
2008-10-07,28.3513,3.344672884501624,-0.1124352811821181
2008-10-08,28.3376,3.3441895447202308,-0.00048333978139325495
2008-10-09,26.4444,3.2750444156615743,-0.06914512905865644
2008-10-10,30.0185,3.4018138582680653,0.12676944260649092
2008-10-13,30.272,3.4102231928694677,0.008409334601402474
2008-10-14,29.3524,3.379374314651594,-0.030848878217873743
2008-10-15,27.7481,3.3231673693799024,-0.056206945271691566
2008-10-16,29.1942,3.3739700594076716,0.05080269002776916
2008-10-17,28.3572,3.3448809661832515,-0.029089093224420104
2008-10-20,29.3161,3.378136853164349,0.03325588698109749
2008-10-21,28.652,3.3552232487522047,-0.022913604412144295
2008-10-22,26.799,3.2883645733878115,-0.06685867536439316
2008-10-23,27.2884,3.306461703466841,0.018097130079029355
2008-10-24,25.5425,3.2403437314834416,-0.0661179719833993
2008-10-27,24.5119,3.1991587139153945,-0.041185017568047044
2008-10-28,27.1076,3.2998141313733504,0.10065541745795592
2008-10-29,25.7468,3.2483103475426995,-0.05150378383065091
2008-10-30,27.1242,3.300426318338136,0.05211597079543662
2008-10-31,29.7395,3.392476128516772,0.092049810178636
2008-11-03,29.3662,3.379844353114843,-0.012631775401929168
2008-11-04,30.4046,3.41459391275457,0.034749559639727146
2008-11-05,28.2776,3.3420699717976605,-0.07252394095690962
2008-11-06,27.586,3.317308397653328,-0.024761574144332332
2008-11-07,27.2186,3.3039005631305876,-0.013407834522740636
2008-11-10,26.2538,3.2678107404654013,-0.03608982266518623
2008-11-11,26.2076,3.266049445038923,-0.0017612954264785152
2008-11-12,24.9285,3.2160117272535507,-0.05003771778537214
2008-11-13,26.8158,3.2889912660379697,0.07297953878441898
2008-11-14,24.8509,3.2128939691906298,-0.0760972968473399
2008-11-17,23.6248,3.1622970077355075,-0.05059696145512227
2008-11-18,23.1739,3.143026645384754,-0.019270362350753523
2008-11-19,20.5291,3.0218433917844805,-0.12118325360027349
2008-11-20,16.8568,2.8247541362204607,-0.1970892555640198
2008-11-21,16.3783,2.795957287935092,-0.02879684828536888
2008-11-24,19.8856,2.9899958517020546,0.19403856376696282
2008-11-25,21.4634,3.06634915894953,0.07635330724747558
2008-11-26,22.0755,3.0944683962901403,0.02811923734061006
2008-11-28,22.8271,3.12794842663005,0.03348003033990965
2008-12-01,18.8334,2.935631889301029,-0.19231653732902076
2008-12-02,20.5694,3.023804534547181,0.08817264524615176
2008-12-03,21.8083,3.0822906312792204,0.05848609673203953
2008-12-04,22.4065,3.109351095338764,0.027060464059543765
2008-12-05,24.0433,3.179856371460818,0.07050527612205393
2008-12-08,26.3068,3.2698274608971807,0.08997108943636256
2008-12-09,24.4854,3.198077021553412,-0.07175043934376868
2008-12-10,24.1671,3.1849922040662433,-0.01308481748716872
2008-12-11,21.5862,3.0720542216247555,-0.11293798244148778
2008-12-12,22.3063,3.104869149778058,0.032814928153302336
2008-12-15,20.6441,3.0274295642972247,-0.07743958548083318
2008-12-16,23.3271,3.1496157748350972,0.1221862105378726
2008-12-17,22.9725,3.134297848392903,-0.015317926442194096
2008-12-18,21.7827,3.081116076763697,-0.05318177162920623
2008-12-19,21.8603,3.084672206350472,0.003556129586775203
2008-12-22,21.4988,3.067997119622472,-0.01667508672800011
2008-12-23,20.9869,3.0438984335494985,-0.024098686072973496
2008-12-24,21.5223,3.0690896069060294,0.02519117335653087
2008-12-26,21.4851,3.06735967162618,-0.0017299352798492151
2008-12-29,21.4703,3.0666705847786297,-0.0006890868475504242
2008-12-30,22.3603,3.107287065012636,0.040616480234006325
2008-12-31,22.7307,3.1237164336946988,0.016429368682062684
2009-01-02,22.6021,3.118042822315394,-0.005673611379304777
2009-01-05,21.0901,3.048803736063131,-0.06923908625226316
2009-01-06,21.5439,3.070092713834953,0.02128897777182237
2009-01-07,20.2521,3.0082584918793946,-0.061834221955558544
2009-01-08,19.6252,2.976814454699346,-0.031444037180048845
2009-01-09,18.7224,2.9297206679600762,-0.04709378673926956
2009-01-12,17.959,2.8880913820365994,-0.04162928592347681
2009-01-13,18.9965,2.9442547516712816,0.05616336963468216
2009-01-14,18.6822,2.927571198885271,-0.016683552786010747
2009-01-15,17.5484,2.8649627776646436,-0.06260842122062726
2009-01-16,16.4549,2.8006233051966487,-0.06433947246799487
2009-01-20,13.0419,2.568167251405961,-0.2324560537906879
2009-01-21,16.3174,2.7922320231186912,0.22406477171273043
2009-01-22,16.6544,2.812674445779067,0.02044242266037566
2009-01-23,16.9992,2.8331662841253853,0.020491838346318403
2009-01-26,17.6634,2.8714947021264754,0.0383284180010901
2009-01-27,18.068,2.8941424177923576,0.022647715665882195
2009-01-28,19.9426,2.9928581472070226,0.098715729414665
2009-01-29,18.3354,2.9088336174838467,-0.08402452972317587
2009-01-30,18.3914,2.9118831640492298,0.0030495465653830323
2009-02-02,18.1702,2.899782889502152,-0.012100274547077738
2009-02-03,17.3372,2.8528544819584374,-0.046928407543714634
2009-02-04,17.3293,2.8523987105285697,-0.0004557714298676352
2009-02-05,17.6928,2.8731577771614765,0.02075906663290672
2009-02-06,19.921,2.991774451699647,0.11861667453817049
2009-02-09,19.6675,2.9789675272212603,-0.012806924478386605
2009-02-10,17.7498,2.876374248252311,-0.10259327896894943
2009-02-11,18.8108,2.934431172977386,0.05805692472507529
2009-02-12,18.8826,2.938240863100353,0.0038096901229667246
2009-02-13,17.8028,2.879355748297948,-0.05888511480240499
2009-02-17,15.6071,2.7477259389211928,-0.13162980937675517
2009-02-18,15.5108,2.741536555484312,-0.006189383436880913
2009-02-19,14.8535,2.698235527713819,-0.04330102777049305
2009-02-20,14.3485,2.6636454071253044,-0.034590120588514406
2009-02-23,14.0705,2.6440804070975883,-0.019565000027716106
2009-02-24,15.1532,2.71821173077345,0.07413132367586162
2009-02-25,15.666,2.7514927589450466,0.03328102817159673
2009-02-26,16.62,2.810606789427302,0.0591140304822555
2009-02-27,16.4736,2.801759099539561,-0.008847689887740984
2009-03-02,15.2553,2.7249269836586483,-0.07683211588091288
2009-03-03,15.1463,2.7177562777052953,-0.007170705953353007
2009-03-04,13.9143,2.6329170882866944,-0.08483918941860091
2009-03-05,11.9681,2.4822447768121867,-0.15067231147450766
2009-03-06,11.4828,2.4408502635910803,-0.04139451322110643
2009-03-09,11.4621,2.439045940572381,-0.001804323018699261
2009-03-10,14.0637,2.6435970096572907,0.20455106908490972
2009-03-11,14.7111,2.688602310879394,0.045005301222103444
2009-03-12,16.728,2.8170839621263326,0.12848165124693844
2009-03-13,17.125,2.840539384148289,0.023455422021956274
2009-03-16,16.6494,2.812374179741103,-0.02816520440718584
2009-03-17,18.126,2.89734737163259,0.08497319189148689
2009-03-18,19.5457,2.9727553133899742,0.0754079417573843
2009-03-19,17.9856,2.8895714377253956,-0.08318387566457863
2009-03-20,16.6878,2.8146779135269644,-0.0748935241984312
2009-03-23,20.8071,3.035294274615774,0.22061636108880966
2009-03-24,19.0348,2.9462688828184005,-0.08902539179737357
2009-03-25,20.593,3.024951212223211,0.07868232940481068
2009-03-26,20.9801,3.0435743694010244,0.018623157177813265
2009-03-27,19.7579,2.9835534113684576,-0.060020958032566796
2009-03-30,17.9178,2.8857946321530514,-0.09775877921540621
2009-03-31,19.1626,2.9529604627100827,0.06716583055703129
2009-04-01,20.2874,3.010000003685,0.05703954097491737
2009-04-02,20.3022,3.010729254559899,0.0007292508748988347
2009-04-03,21.1107,3.0497800209504415,0.03905076639054261
2009-04-06,20.3316,3.012176325969924,-0.03760369498051741
2009-04-07,19.6478,2.9779653727598294,-0.03421095321009471
2009-04-08,19.7756,2.9844488545335044,0.006483481773674971
2009-04-09,23.6101,3.1616745865818867,0.17722573204838232
2009-04-13,24.2997,3.190464004591282,0.028789418009395273
2009-04-14,22.1345,3.0971374772684843,-0.09332652732279767
2009-04-15,23.4735,3.1558721252891995,0.05873464802071515
2009-04-16,23.9677,3.176707090567556,0.0208349652783566
2009-04-17,23.9814,3.1772785298801938,0.0005714393126377004
2009-04-20,21.4055,3.063647898352356,-0.1136306315278377
2009-04-21,23.4539,3.155036792364737,0.09138889401238082
2009-04-22,22.9989,3.1354463886984894,-0.019590403666247536
2009-04-23,23.9461,3.17580547134874,0.04035908265025068
2009-04-24,24.0659,3.1807959007675803,0.004990429418840314
2009-04-27,23.6337,3.1626736595592098,-0.018122241208370582
2009-04-28,23.6415,3.1630036423015686,0.0003299827423588475
2009-04-29,24.8568,3.2131313569606417,0.050127714659073064
2009-04-30,23.7937,3.1694208397542902,-0.04371051720635144
2009-05-01,23.4273,3.153902009003625,-0.015518830750665291
2009-05-04,25.8038,3.250521767903638,0.09661975890001306
2009-05-05,25.1053,3.2230789792260652,-0.02744278867757277
2009-05-06,26.8354,3.2897219114241656,0.06664293219810036
2009-05-07,25.4079,3.235060149288718,-0.05466176213544749
2009-05-08,28.0752,3.334886624374734,0.09982647508601605
2009-05-11,25.8324,3.2516295180062644,-0.08325710636846972
2009-05-12,25.4954,3.2384980437348956,-0.013131474271368848
2009-05-13,24.5483,3.2006426054070394,-0.037855438327856206
2009-05-14,25.625,3.2435684374585723,0.042925832051532886
2009-05-15,25.1702,3.225660755083077,-0.017907682375495337
2009-05-18,26.862,3.2907126484868834,0.06505189340380646
2009-05-19,25.8196,3.251133893431726,-0.03957875505515718
2009-05-20,24.9118,3.2153415867999424,-0.03579230663178379
2009-05-21,25.1623,3.2253468425985043,0.01000525579856193
2009-05-22,24.8116,3.2113112857492605,-0.014035556849243847
2009-05-26,26.3452,3.2712860952057867,0.059974809456526224
2009-05-27,24.9874,3.21837169781751,-0.05291439738827686
2009-05-28,26.4248,3.2743029631373095,0.05593126531979964
2009-05-29,26.6026,3.281008955371887,0.0067059922345773515
2009-06-01,26.0328,3.2593572814119804,-0.021651673959906415
2009-06-02,24.8715,3.2137225696274,-0.04563471178458034
2009-06-03,24.4972,3.1985588253052857,-0.015163744322114425
2009-06-04,25.4865,3.238148900211786,0.03959007490650013
2009-06-05,24.9118,3.2153415867999424,-0.02280731341184339
2009-06-08,25.516,3.239305706379709,0.023964119579766407
2009-06-09,25.4226,3.2356385421988727,-0.0036671641808361244
2009-06-10,25.1191,3.2236285129326814,-0.012010029266191324
2009-06-11,25.1918,3.2265185447389464,0.0028900318062650143
2009-06-12,25.3284,3.231926295812435,0.005407751073488676
2009-06-15,24.5119,3.1991587139153945,-0.03276758189704054
2009-06-16,24.1543,3.1844624180791077,-0.014696295836286843
2009-06-17,23.5953,3.1610475396556907,-0.02341487842341694
2009-06-18,24.6377,3.204277790152638,0.043230250496947065
2009-06-19,25.233,3.22815266164841,0.023874871495772165
2009-06-22,23.6965,3.1653273579105257,-0.06282530373788431
2009-06-23,24.2035,3.186497250804179,0.02116989289365323
2009-06-24,24.1249,3.1832445021387388,-0.0032527486654401194
2009-06-25,24.6151,3.2033600757653895,0.02011557362665073
2009-06-26,24.8381,3.212378764606793,0.009018688841403666
2009-06-29,24.9501,3.2168778302055276,0.004499065598734475
2009-06-30,24.5945,3.2025228407054285,-0.014354989500099169
2009-07-01,24.3459,3.192363457528053,-0.010159383177375414
2009-07-02,23.2652,3.1469586818640027,-0.04540477566405032
2009-07-06,23.5059,3.1572514534686515,0.01029277160464881
2009-07-07,23.6582,3.163709777887795,0.006458324419143402
2009-07-08,23.5845,3.160589716596303,-0.0031200612914918935
2009-07-09,24.2388,3.1879546550252083,0.027364938428905194
2009-07-10,23.3183,3.1492384600257313,-0.03871619499947698
2009-07-13,25.0238,3.219827372003596,0.07058891197786465
2009-07-14,25.0169,3.2195515964831203,-0.0002757755204756407
2009-07-15,26.1418,3.2635355658100336,0.043983969326913286
2009-07-16,26.0484,3.2599563459675798,-0.0035792198424537958
2009-07-17,26.5976,3.2808209861531727,0.020864640185592975
2009-07-20,26.6606,3.2831868201237215,0.002365833970548792
2009-07-21,26.634,3.2821885950799534,-0.0009982250437681195
2009-07-22,26.5544,3.2791954590041503,-0.0029931360758030934
2009-07-23,27.5054,3.314382349032074,0.035186890027923745
2009-07-24,27.3404,3.3083654617666856,-0.006016887265388515
2009-07-27,27.4907,3.313847765657977,0.005482303891291451
2009-07-28,27.4544,3.3125264465492195,-0.001321319108757546
2009-07-29,27.2342,3.304473536436893,-0.008052910112326561
2009-07-30,27.7373,3.322778077777557,0.01830454134066395
2009-07-31,27.865,3.3273714210214997,0.004593343243942893
2009-08-03,28.5498,3.351649930823542,0.02427850980204216
2009-08-04,28.9909,3.3669819876396683,0.015332056816126372
2009-08-05,30.1237,3.405312237352708,0.03833024971303978
2009-08-06,29.3789,3.3802767296091503,-0.025035507743557783
2009-08-07,30.5402,3.4190438485575174,0.03876711894836715
2009-08-10,30.7789,3.426829390280256,0.007785541722738376
2009-08-11,29.7317,3.39221381667357,-0.03461557360668577
2009-08-12,30.4321,3.415497972372302,0.02328415569873199
2009-08-13,30.9303,3.4317362859709877,0.01623831359868566
2009-08-14,30.606,3.4211960681688445,-0.010540217802143204
2009-08-17,29.3662,3.379844353114843,-0.04135171505400148
2009-08-18,30.0647,3.403351726061571,0.02350737294672811
2009-08-19,29.8545,3.3963355822452477,-0.007016143816323428
2009-08-20,30.5854,3.420522770915367,0.024187188670119486
2009-08-21,31.4785,3.449304773112795,0.02878200219742766
2009-08-24,31.0098,3.4343032835591503,-0.015001489553644554
2009-08-25,31.4215,3.4474923719807506,0.013189088421600381
2009-08-26,31.2201,3.441062118157108,-0.0064302538236424844
2009-08-27,31.3271,3.444483537641257,0.0034214194841486467
2009-08-28,30.9459,3.4322405186268563,-0.012243019014400502
2009-08-31,31.3349,3.444732492351936,0.012491973725079486
2009-09-01,30.0421,3.4025997312435137,-0.04213276110842212
2009-09-02,29.4615,3.3830843262352284,-0.019515405008285303
2009-09-03,30.3594,3.413106189486292,0.030021863251063596
2009-09-04,30.5245,3.4185296398462346,0.005423450359942628
2009-09-08,30.6699,3.423281717605683,0.004752077759448525
2009-09-09,30.9007,3.430778837368791,0.00749711976310774
2009-09-10,31.0157,3.4344935278947153,0.0037146905259244356
2009-09-11,30.6423,3.422381407329285,-0.012112120565430207
2009-09-14,31.5423,3.4513295021481554,0.028948094818870285
2009-09-15,31.1385,3.4384449956888217,-0.0128845064593337
2009-09-16,32.1907,3.4716775909580933,0.03323259526927158
2009-09-17,32.4147,3.4786120236095828,0.006934432651489519
2009-09-18,32.4078,3.478399134565622,-0.0002128890439605513
2009-09-21,32.1209,3.46950690861129,-0.008892225954332034
2009-09-22,33.5062,3.5117304963336906,0.042223587722400424
2009-09-23,32.4855,3.480793835933298,-0.030936660400392668
2009-09-24,31.9903,3.4654327318480576,-0.015361104085240385
2009-09-25,31.4735,3.449145921924254,-0.016286809923803602
2009-09-28,32.3047,3.4752127304788494,0.026066808554595422
2009-09-29,32.3567,3.4768211092398973,0.0016083787610479128
2009-09-30,31.5963,3.4530400251298654,-0.02378108411003188
2009-10-01,29.8279,3.395444197121282,-0.05759582800858354
2009-10-02,30.1797,3.407169512932444,0.011725315811162318
2009-10-05,31.5815,3.4525715061162012,0.04540199318375704
2009-10-06,32.3773,3.4774575599673474,0.024886053851146173
2009-10-07,32.9501,3.4949942958452764,0.017536735877929033
2009-10-08,32.6613,3.4861908907918004,-0.008803405053475988
2009-10-09,33.0601,3.498327117191691,0.01213622639989076
2009-10-12,33.2233,3.5032514369998258,0.00492431980813457
2009-10-13,32.9207,3.4941016392523023,-0.009149797747523447
2009-10-14,34.0023,3.526428169387026,0.03232653013472353
2009-10-15,34.0023,3.526428169387026,0.0
2009-10-16,33.2105,3.5028660909814318,-0.0235620784055941
2009-10-19,33.1495,3.501027633561863,-0.0018384574195686731
2009-10-20,33.1869,3.5021552197426837,0.00112758618082065
2009-10-21,32.1907,3.4716775909580933,-0.030477628784590483
2009-10-22,32.957,3.495203681481277,0.02352609052318355
2009-10-23,32.6112,3.4846557876522373,-0.010547893829039534
2009-10-26,31.5963,3.4530400251298654,-0.03161576252237186
2009-10-27,31.6503,3.4547476272182487,0.0017076020883832754
2009-10-28,30.7721,3.426608435298934,-0.028139191919314577
2009-10-29,31.9735,3.464907434714794,0.03829899941586001
2009-10-30,30.1167,3.4050798351763776,-0.05982759953841654
2009-11-02,30.6983,3.424207278467088,0.019127443290710477
2009-11-03,30.7868,3.427086026687975,0.002878748220886962
2009-11-04,30.4321,3.415497972372302,-0.011588054315673002
2009-11-05,31.6317,3.4541597823165193,0.03866180994421731
2009-11-06,31.3477,3.4451408991563097,-0.009018883160209601
2009-11-09,31.9735,3.464907434714794,0.0197665355584844
2009-11-10,31.8469,3.4609400460409914,-0.003967388673802752
2009-11-11,31.9549,3.4643255336966288,0.003385487655637398
2009-11-12,31.2201,3.441062118157108,-0.023263415539520604
2009-11-13,30.9303,3.4317362859709877,-0.009325832186120486
2009-11-16,31.0295,3.4349383648918583,0.0032020789208706546
2009-11-17,31.1209,3.43787961920049,0.002941254308631791
2009-11-18,31.2771,3.4428862003817375,0.005006581181247416
2009-11-19,30.6777,3.423536006283383,-0.01935019409835448
2009-11-20,30.6139,3.421454154184792,-0.0020818520985912414
2009-11-23,31.2043,3.4405559058318826,0.019101751647090826
2009-11-24,30.6286,3.421934212976719,-0.018621692855163463
2009-11-25,30.3967,3.4143340498883337,-0.007600163088385514
2009-11-27,29.7985,3.3944580566740115,-0.019875993214322207
2009-11-30,30.6355,3.422159467245669,0.027701410571657537
2009-12-01,30.4409,3.4157870989164616,-0.006372368329207401
2009-12-02,30.2317,3.4088910427378303,-0.006896056178631316
2009-12-03,29.8485,3.396134587319693,-0.012756455418137413
2009-12-04,30.0981,3.404462046838906,0.00832745951921332
2009-12-07,29.7395,3.392476128516772,-0.011985918322134026
2009-12-08,29.712,3.39155100461035,-0.0009251239064220762
2009-12-09,29.6953,3.3909887841276856,-0.0005622204826645216
2009-12-10,29.7552,3.3930039066336275,0.0020151225059419353
2009-12-11,29.5293,3.3853829907677926,-0.00762091586583491
2009-12-14,30.1167,3.4050798351763776,0.01969684440858499
2009-12-15,29.4615,3.3830843262352284,-0.02199550894114921
2009-12-16,29.823,3.395279907898118,0.012195581662889587
2009-12-17,29.0351,3.368505442937249,-0.026774464960868993
2009-12-18,29.5234,3.3851831692517695,0.01667772631452058
2009-12-21,30.2121,3.4082425063887927,0.023059337137023128
2009-12-22,30.2395,3.409149016783103,0.0009065103943104447
2009-12-23,29.9655,3.4000467199047595,-0.00910229687834363
2009-12-24,30.2023,3.4079180804212763,0.007871360516516823
2009-12-28,30.0804,3.4038737968655637,-0.0040442835557126244
2009-12-29,29.9114,3.3982396786343694,-0.005634118231194307
2009-12-30,29.9439,3.399325631029359,0.0010859523949897643
2009-12-31,30.0421,3.4025997312435137,0.0032741002141545295
2010-01-04,30.8929,3.43052638403895,0.02792665279543627
2010-01-05,31.4903,3.449679561901469,0.019153177862519133
2010-01-06,31.6621,3.4551203820067777,0.0054408201053086636
2010-01-07,32.2909,3.4747854567880734,0.019665074781295644
2010-01-08,32.2153,3.4724414949793423,-0.0023439618087310876
2010-01-11,32.1081,3.4691083347530816,-0.003333160226260734
2010-01-12,31.3547,3.4453641760971947,-0.02374415865588686
2010-01-13,31.9039,3.462728259371306,0.01736408327411132
2010-01-14,32.2241,3.4727146198083974,0.009986360437091335
2010-01-15,31.4903,3.449679561901469,-0.02303505790692828
2010-01-19,31.2043,3.4405559058318826,-0.009123656069586428
2010-01-20,31.2898,3.4432921658418905,0.0027362600100078183
2010-01-21,29.2267,3.3750826750418943,-0.06820949079999616
2010-01-22,28.2314,3.340434833667676,-0.03464784137421839
2010-01-25,28.2688,3.3417587229800154,0.0013238893123395101
2010-01-26,27.7196,3.3221397442031586,-0.01961897877685681
2010-01-27,28.3572,3.3448809661832515,0.022741221980092874
2010-01-28,28.4662,3.3487174185494175,0.003836452366166032
2010-01-29,28.0752,3.334886624374734,-0.013830794174683358
2010-02-01,28.5714,3.3524062174922236,0.017519593117489407
2010-02-02,29.2345,3.3753495186936253,0.022943301201401756
2010-02-03,29.0469,3.3689117650391855,-0.006437753654439771
2010-02-04,27.6478,3.319546158799185,-0.04936560624000075
2010-02-05,27.6135,3.3183047835725894,-0.0012413752265953981
2010-02-08,27.1782,3.302415181364452,-0.01588960220813762
2010-02-09,27.6774,3.3206161957018723,0.018201014337420496
2010-02-10,28.0252,3.33310410541804,0.012487909716167866
2010-02-11,28.1312,3.3368792806747223,0.0037751752566821395
2010-02-12,28.0802,3.335064701639368,-0.0018145790353543134
2010-02-16,28.8887,3.3634505151963943,0.028385813557026296
2010-02-17,28.8681,3.362737179247258,-0.0007133359491362512
2010-02-18,29.1353,3.3719504974357952,0.009213318188537212
2010-02-19,28.8622,3.3625327805165903,-0.0094177169192049
2010-02-22,29.4526,3.3827821914298863,0.020249410913296018
2010-02-23,28.7522,3.358714286054851,-0.024067905375035448
2010-02-24,29.4526,3.3827821914298863,0.024067905375035448
2010-02-25,29.3004,3.3776011678069686,-0.005181023622917724
2010-02-26,30.2592,3.409800270469423,0.032199102662454404
2010-03-01,30.1561,3.406387224433624,-0.003413046035798839
2010-03-02,30.0087,3.4014873396202834,-0.004899884813340805
2010-03-03,29.9439,3.399325631029359,-0.0021617085909242384
2010-03-04,30.2248,3.4086627794400886,0.009337148410729412
2010-03-05,30.8644,3.4296034161623368,0.020940636722248218
2010-03-08,30.7063,3.4244678452664896,-0.005135570895847152
2010-03-09,30.5854,3.420522770915367,-0.003945074351122457
2010-03-10,30.9538,3.4324957702692034,0.011972999353836222
2010-03-11,31.1326,3.438255501685419,0.005759731416215441
2010-03-12,31.1149,3.4376868041320376,-0.0005686975533811811
2010-03-15,31.0501,3.4356020289862177,-0.0020847751458199504
2010-03-16,31.1739,3.4395812062603413,0.003979177274123558
2010-03-17,31.5727,3.4522928231447776,0.012711616884436339
2010-03-18,31.4667,3.448929843804818,-0.0033629793399594377
2010-03-19,31.3271,3.444483537641257,-0.004446306163561342
2010-03-22,31.5355,3.451113895388682,0.006630357747425375
2010-03-23,32.1396,3.4700889146812046,0.018975019292522433
2010-03-24,32.4019,3.478217063054219,0.008128148373014454
2010-03-25,32.4019,3.478217063054219,0.0
2010-03-26,32.4589,3.4799746736502546,0.0017576105960355193
2010-03-29,32.3459,3.476487274120434,-0.0034873995298205784
2010-03-30,32.1396,3.4700889146812046,-0.006398359439229395
2010-03-31,32.2624,3.47390246546612,0.0038135507849155204
2010-04-01,32.5758,3.4835696814200166,0.009667215953896413
2010-04-05,32.6888,3.4870325115888074,0.003462830168790898
2010-04-06,33.0533,3.4981214100272138,0.011088898438406325
2010-04-07,32.6741,3.4865827151370636,-0.011538694890150136
2010-04-08,32.9904,3.4962166100533136,0.009633894916249996
2010-04-09,33.1495,3.501027633561863,0.00481102350854945
2010-04-12,33.2655,3.5045208238940564,0.0034931903321933078
2010-04-13,33.0709,3.4986537416218684,-0.005867082272188018
2010-04-14,34.411,3.538376280706501,0.039722539084632746
2010-04-15,34.471,3.5401183908419425,0.0017421101354413437
2010-04-16,32.8411,3.491680779760164,-0.04843761108177835
2010-04-19,32.7291,3.488264590426496,-0.0034161893336679405
2010-04-20,33.0779,3.4988653856736462,0.010600795247150074
2010-04-21,32.6957,3.487243570785578,-0.01162181488806846
2010-04-22,32.2575,3.473750574343864,-0.013492996441713867
2010-04-23,32.4039,3.478278785924722,0.004528211580858255
2010-04-26,31.6435,3.454532756250597,-0.02374602967412498
2010-04-27,30.5785,3.420297147630087,-0.03423560862051023
2010-04-28,31.3349,3.444732492351936,0.02443534472184883
2010-04-29,31.7251,3.457108165683742,0.012375673331806336
2010-04-30,30.6983,3.424207278467088,-0.03290088721665407
2010-05-03,31.3851,3.446333257999882,0.022125979532793938
2010-05-04,30.6227,3.421741564003775,-0.024591693996106834
2010-05-05,30.7721,3.426608435298934,0.004866871295158948
2010-05-06,29.4232,3.381783478802841,-0.04482495649609319
2010-05-07,29.3848,3.3804775338478152,-0.001305944955025673
2010-05-10,30.2455,3.4093474130803565,0.02886987923254125
2010-05-11,29.9586,3.3998164285852237,-0.009530984495132788
2010-05-12,30.0559,3.403058981143429,0.0032425525582051584
2010-05-13,29.4232,3.381783478802841,-0.02127550234058795
2010-05-14,28.76,3.358985532852846,-0.022797945949994958
2010-05-17,28.7207,3.3576181171420534,-0.0013674157107925744
2010-05-18,28.1312,3.3368792806747223,-0.0207388364673311
2010-05-19,28.3906,3.3460581044637396,0.009178823789017354
2010-05-20,27.2756,3.305992529643998,-0.04006557481974182
2010-05-21,28.875,3.3629761688419575,0.05698363919795968
2010-05-24,27.8444,3.326631868955281,-0.036344299886676534
2010-05-25,28.0752,3.334886624374734,0.008254755419453197
2010-05-26,27.9613,3.330821411277598,-0.004065213097136144
2010-05-27,29.1432,3.3722216094255817,0.04140019814798368
2010-05-28,28.536,3.3511664480565906,-0.021055161368991104
2010-06-01,27.7854,3.3245107028852328,-0.026655745171357825
2010-06-02,28.5164,3.3504793603697944,0.025968657484561675
2010-06-03,28.1922,3.3390453439397287,-0.011434016430065697
2010-06-04,27.1242,3.300426318338136,-0.03861902560159258
2010-06-07,26.4738,3.276155564681189,-0.024270753656947086
2010-06-08,27.2412,3.3047305331744488,0.02857496849325969
2010-06-09,26.7636,3.2870427553597756,-0.017687777814673122
2010-06-10,27.6066,3.3180548745707616,0.03101211921098601
2010-06-11,27.4612,3.3127740993121777,-0.005280775258583947
2010-06-14,26.917,3.2927580572589052,-0.020016042053272454
2010-06-15,27.5772,3.3169893443687237,0.024231287109818478
2010-06-16,27.7688,3.3239130882856505,0.006923743916926739
2010-06-17,27.7196,3.3221397442031586,-0.0017733440824918567
2010-06-18,28.2452,3.34092353165143,0.01878378744827147
2010-06-21,28.0252,3.33310410541804,-0.007819426233389937
2010-06-22,27.6342,3.319054136069386,-0.014049969348654212
2010-06-23,28.0408,3.3336605924298683,0.014606456360482412
2010-06-24,27.42,3.3112726741341683,-0.022387918295700082
2010-06-25,28.4338,3.3475785783560332,0.03630590422186497
2010-06-28,27.7854,3.3245107028852328,-0.02306787547080047
2010-06-29,26.7204,3.285427318616275,-0.039083384268957744
2010-06-30,26.3943,3.2731480777496382,-0.012279240866636787
2010-07-01,26.0141,3.2586386987181153,-0.01450937903152294
2010-07-02,25.8324,3.2516295180062644,-0.00700918071185086
2010-07-06,26.1938,3.265522741541725,0.013893223535460741
2010-07-07,27.5054,3.314382349032074,0.0488596074903489
2010-07-08,27.5123,3.3146331774031683,0.00025082837109424716
2010-07-09,28.0104,3.3325758697841166,0.017942692380948255
2010-07-12,28.253,3.3411996466444585,0.00862377686034188
2010-07-13,29.1874,3.37373710929905,0.032537462654591565
2010-07-14,29.0911,3.3704322854738686,-0.00330482382518138
2010-07-15,29.1716,3.3731956332495616,0.0027633477756929814
2010-07-16,28.1165,3.3363565926240226,-0.036839040625539
2010-07-19,28.147,3.33744077697045,0.0010841843464275414
2010-07-20,28.5714,3.3524062174922236,0.014965440521773399
2010-07-21,27.7029,3.3215371008541426,-0.030869116638081007
2010-07-22,28.371,3.345367496701485,0.023830395847342256
2010-07-23,28.7148,3.3574126692911337,0.012045172589648878
2010-07-26,29.0783,3.369992191534217,0.012579522243083119
2010-07-27,29.3387,3.3789074636214096,0.008915272087192783
2010-07-28,29.0705,3.3697239142852697,-0.009183549336139851
2010-07-29,28.9909,3.3669819876396683,-0.002741926645601467
2010-07-30,29.04,3.3686741899565953,0.0016922023169270162
2010-08-02,30.0185,3.4018138582680653,0.03313966831146997
2010-08-03,29.6187,3.38840591861248,-0.013407939655585288
2010-08-04,29.769,3.393467583600214,0.0050616649877341935
2010-08-05,29.7552,3.3930039066336275,-0.000463676966586668
2010-08-06,29.1579,3.3727258880862423,-0.0202780185473852
2010-08-09,28.7089,3.3572071792227205,-0.015518708863521802
2010-08-10,28.2384,3.3406827537961643,-0.01652442542655619
2010-08-11,27.2342,3.304473536436893,-0.036209217359271406
2010-08-12,27.2608,3.305449772866384,0.0009762364294911841
2010-08-13,27.0378,3.2972358869180365,-0.008213885948347599
2010-08-16,27.1724,3.302201752257063,0.004965865339026543
2010-08-17,27.0202,3.296584734429159,-0.005617017827904025
2010-08-18,27.3158,3.3074652893558287,0.010880554926669728
2010-08-19,26.7254,3.2856144240582212,-0.02185086529760749
2010-08-20,26.7774,3.287558248171101,0.001943824112879966
2010-08-23,26.5908,3.2805652913010226,-0.006992956870078615
2010-08-24,26.1094,3.2622954027457363,-0.01826988855528633
2010-08-25,26.1202,3.262708961346757,0.0004135586010205472
2010-08-26,25.6869,3.2459811343194254,-0.016727827027331443
2010-08-27,26.3894,3.2729624143719636,0.026981280052538192
2010-08-30,25.8451,3.2521210278608694,-0.02084138651109413
2010-08-31,26.2126,3.2662402111945332,0.014119183333663798
2010-09-01,27.2107,3.303610278300341,0.0373700671058077
2010-09-02,27.5123,3.3146331774031683,0.011022899102827388
2010-09-03,28.2384,3.3406827537961643,0.026049576392995988
2010-09-07,27.5998,3.3178085263200376,-0.022874227476126663
2010-09-08,28.2059,3.3395311759188018,0.021722649598764132
2010-09-09,28.9093,3.364163342660053,0.024632166741251016
2010-09-10,28.6676,3.3557675651949284,-0.008395777465124432
2010-09-13,29.6481,3.3893980424461123,0.033630477251183954
2010-09-14,29.3593,3.379609361500238,-0.009788680945874262
2010-09-15,29.544,3.385880677550262,0.006271316050023845
2010-09-16,29.5519,3.3861480395854304,0.00026736203516852797
2010-09-17,28.8799,3.3631458514147523,-0.023002188170678117
2010-09-20,29.6953,3.3909887841276856,0.027842932712933255
2010-09-21,29.265,3.376392262743184,-0.014596521384501404
2010-09-22,28.7974,3.3602851052888387,-0.016107157454345433
2010-09-23,28.1922,3.3390453439397287,-0.021239761349109987
2010-09-24,28.6598,3.3554954440086147,0.01645010006888592
2010-09-27,28.1774,3.3385202381969146,-0.01697520581170009
2010-09-28,28.0802,3.335064701639368,-0.0034555365575466013
2010-09-29,27.693,3.321179673676124,-0.013885027963243868
2010-09-30,27.4376,3.3119143354756733,-0.009265338200450834
2010-10-01,27.98,3.331489969237335,0.019575633761661937
2010-10-04,28.0802,3.335064701639368,0.0035747324020327653
2010-10-05,28.5792,3.35267918050743,0.01761447886806211
2010-10-06,28.7659,3.3591906578494366,0.006511477342006522
2010-10-07,28.4958,3.3497567079937594,-0.009433949855677248
2010-10-08,28.3444,3.344429479797773,-0.005327228195986411
2010-10-11,28.6441,3.3549474882711228,0.010518008473349827
2010-10-12,29.1274,3.371679311924365,0.016731823653242106
2010-10-13,28.7207,3.3576181171420534,-0.014061194782311492
2010-10-14,27.9132,3.3290996952217253,-0.028518421920328052
2010-10-15,26.7844,3.2878196284846775,-0.04128006673704787
2010-10-18,27.5438,3.3157774649003633,0.027957836415685833
2010-10-19,27.1724,3.302201752257063,-0.013575712643300264
2010-10-20,27.4672,3.3129925655345276,0.010790813277464562
2010-10-21,27.1782,3.302415181364452,-0.01057738417007581
2010-10-22,27.1782,3.302415181364452,0.0
2010-10-25,26.7254,3.2856144240582212,-0.01680075730623054
2010-10-26,26.8216,3.2892075330465347,0.0035931089883134426
2010-10-27,27.0662,3.298285716971578,0.009078183925043337
2010-10-28,27.0456,3.297524330324112,-0.0007613866474658337
2010-10-29,27.1262,3.3005000505134166,0.002975720189304365
2010-11-01,26.9758,3.2949401677943335,-0.005559882719083031
2010-11-02,26.6488,3.282744121455467,-0.012196046338866395
2010-11-03,27.194,3.3029963607334945,0.02025223927802733
2010-11-04,28.6971,3.3567960723639882,0.053799711630493796
2010-11-05,29.5165,3.3849494290174054,0.028153356653417116
2010-11-08,29.2051,3.374343351557631,-0.010606077459774266
2010-11-09,28.7659,3.3591906578494366,-0.015152693708194498
2010-11-10,29.2846,3.377061780578734,0.017871122729297362
2010-11-11,28.8543,3.3622590286414997,-0.014802751937234238
2010-11-12,28.5556,3.3518530639780226,-0.010405964663477096
2010-11-15,28.8946,3.3636547264484515,0.011801662470428909
2010-11-16,28.5556,3.3518530639780226,-0.011801662470428909
2010-11-17,28.2452,3.34092353165143,-0.01092953232659255
2010-11-18,28.594,3.3531969056069726,0.01227337395554251
2010-11-19,28.4132,3.3468538259187293,-0.006343079688243325
2010-11-22,27.7628,3.323696995105431,-0.023156830813298335
2010-11-23,27.1282,3.3005737772526635,-0.023123217852767386
2010-11-24,27.5123,3.3146331774031683,0.014059400150504775
2010-11-26,27.0378,3.2972358869180365,-0.017397290485131833
2010-11-29,27.3335,3.308113056138529,0.010877169220492533
2010-11-30,26.966,3.294576813211883,-0.013536242926646125
2010-12-01,27.5054,3.314382349032074,0.019805535820191178
2010-12-02,28.3444,3.344429479797773,0.03004713076569887
2010-12-03,28.5556,3.3518530639780226,0.007423584180249687
2010-12-06,28.7748,3.3595000041059464,0.007646940127923774
2010-12-07,28.2992,3.342833535698392,-0.01666646840755437
2010-12-08,29.0282,3.3682677712915625,0.025434235593170484
2010-12-09,29.4232,3.381783478802841,0.013515707511278396
2010-12-10,29.8682,3.3967943692806735,0.01501089047783255
2010-12-13,29.9301,3.398864662988328,0.002070293707654436
2010-12-14,29.4065,3.3812157383435637,-0.017648924644764197
2010-12-15,28.9909,3.3669819876396683,-0.014233750703895431
2010-12-16,28.8474,3.362019867575781,-0.004962120063887188
2010-12-17,28.6028,3.3535046151316115,-0.008515252444169619
2010-12-20,28.8032,3.360486492080629,0.006981876949017529
2010-12-21,29.5587,3.3863781167638045,0.025891624683175518
2010-12-22,30.3967,3.4143340498883337,0.027955933124529153
2010-12-23,30.3398,3.4124603819408477,-0.0018736679474860019
2010-12-27,30.7642,3.426351676278863,0.013891294338015392
2010-12-28,30.7209,3.4249432047253263,-0.0014084715535367387
2010-12-29,30.5383,3.4189816335391194,-0.005961571186206882
2010-12-30,30.4517,3.4161418218257555,-0.0028398117133638934
2010-12-31,30.5863,3.4205521962869057,0.004410374461150113
2011-01-03,31.4215,3.4474923719807506,0.026940175693844992
2011-01-04,31.838,3.4606605449329444,0.013168172952193746
2011-01-05,32.2309,3.4729256197316065,0.012265074798662123
2011-01-06,32.0699,3.4679178955212184,-0.005007724210388087
2011-01-07,31.4667,3.448929843804818,-0.018988051716400278
2011-01-10,31.2898,3.4432921658418905,-0.00563767796292769
2011-01-11,31.4371,3.4479887241209597,0.0046965582790692295
2011-01-12,32.2369,3.4731117591691962,0.02512303504823654
2011-01-13,32.0473,3.467212936448272,-0.005898822720924013
2011-01-14,32.3773,3.4774575599673474,0.01024462351907518
2011-01-18,32.2624,3.47390246546612,-0.0035550945012272628
2011-01-19,31.5137,3.450422371915942,-0.023480093550177994
2011-01-20,32.2624,3.47390246546612,0.023480093550177994
2011-01-21,32.6535,3.4859520475269634,0.012049582060843278
2011-01-24,32.4589,3.4799746736502546,-0.005977373876708825
2011-01-25,32.3537,3.4767283884407014,-0.003246285209553168
2011-01-26,32.4304,3.479096254501563,0.002367866060861701
2011-01-27,32.5169,3.481759954182543,0.002663699680979903
2011-01-28,32.1151,3.469326324514654,-0.012433629667889079
2011-01-31,32.4039,3.478278785924722,0.008952461410068224
2011-02-01,33.1142,3.499962193408679,0.021683407483956696
2011-02-02,32.7683,3.489461584648571,-0.010500608760108054
2011-02-03,32.7772,3.489733151729597,0.00027156708102626936
2011-02-04,32.1465,3.4703035800607034,-0.019429571668893697
2011-02-07,32.8037,3.490541313906155,0.0202377338454518
2011-02-08,32.9767,3.4958012514822387,0.005259937576083562
2011-02-09,32.5237,3.4819690543453574,-0.01383219713688133
2011-02-10,32.8273,3.49126048627949,0.009291431934132621
2011-02-11,33.5769,3.5138383305326606,0.022577844253170554
2011-02-14,33.5533,3.5131352192363363,-0.0007031112963242769
2011-02-15,33.7577,3.5192085394448562,0.006073320208519917
2011-02-16,34.5652,3.5428473955804014,0.023638856135545172
2011-02-17,34.4768,3.5402866340640227,-0.00256076151637874
2011-02-18,34.6056,3.54401551867841,0.003728884614387251
2011-02-22,33.1741,3.5017694509881823,-0.04224606769022765
2011-02-23,33.1339,3.500556927463865,-0.0012125235243174437
2011-02-24,33.1014,3.499575577561071,-0.000981349902793749
2011-02-25,33.6585,3.51626562448983,0.01669004692875875
2011-02-28,33.6614,3.5163517802922537,8.615580242388177e-05
2011-03-01,32.8715,3.4926060209519205,-0.023745759340333183
2011-03-02,32.6003,3.4843214907843074,-0.008284530167613102
2011-03-03,33.2233,3.5032514369998258,0.018929946215518356
2011-03-04,32.8195,3.4910228509328562,-0.012228586066969527
2011-03-07,32.5827,3.4837814726683045,-0.007241378264551734
2011-03-08,33.4521,3.5101145648726972,0.026333092204392727
2011-03-09,33.5681,3.513576211237095,0.003461646364397719
2011-03-10,32.8243,3.4911690947520304,-0.02240711648506455
2011-03-11,32.9747,3.4957406007606284,0.004571506008598014
2011-03-14,32.6613,3.4861908907918004,-0.00954970996882798
2011-03-15,32.1622,3.470791849931247,-0.015399040860553548
2011-03-16,31.5885,3.4527931303058055,-0.017998719625441417
2011-03-17,32.1288,3.4697528241576605,0.01695969385185503
2011-03-18,32.9747,3.4957406007606284,0.025987776602967916
2011-03-21,32.8981,3.4934149053438084,-0.0023256954168200394
2011-03-22,32.7801,3.489821623951665,-0.0035932813921433215
2011-03-23,32.8755,3.4927276995077463,0.0029060755560812446
2011-03-24,32.9707,3.4956192882807615,0.002891588773015208
2011-03-25,33.0661,3.4985085883791016,0.0028893000983400974
2011-03-28,33.1319,3.500496564501353,0.0019879761222512116
2011-03-29,33.179,3.501917145670387,0.0014205811690342074
2011-03-30,33.4895,3.5112319568648624,0.009314811194475414
2011-03-31,33.235,3.5036035374935453,-0.007628419371317197
2011-04-01,33.4197,3.509145546466275,0.005542008972729828
2011-04-04,33.5917,3.514279012644228,0.005133466177952961
2011-04-05,33.7655,3.519439571150542,0.005160558506314139
2011-04-06,34.5338,3.5419385545794797,0.022498983428937525
2011-04-07,34.3609,3.5369192900209803,-0.005019264558499437
2011-04-08,33.9552,3.525042008697134,-0.011877281323846134
2011-04-11,33.9709,3.525504275786797,0.00046226708966301544
2011-04-12,33.8098,3.5207507012926564,-0.004753574494140711
2011-04-13,33.5278,3.5123749454415334,-0.008375755851123046
2011-04-14,32.6003,3.4843214907843074,-0.028053454657225974
2011-04-15,32.5405,3.48248546737659,-0.0018360234077174908
2011-04-18,31.8685,3.4616180611151326,-0.020867406261457333
2011-04-19,32.3646,3.477065232891284,0.015447171776151514
2011-04-20,32.2987,3.4750269817406325,-0.0020382511506515932
2011-04-21,32.3881,3.4777910713823963,0.0027640896417637784
2011-04-25,32.3391,3.4762770244481747,-0.0015140469342216356
2011-04-26,32.7085,3.487634982962882,0.011357958514707445
2011-04-27,32.9806,3.495919509810113,0.00828452684723091
2011-04-28,33.2341,3.503576457241216,0.00765694743110279
2011-04-29,33.0739,3.498744451700425,-0.004832005540790885
2011-05-02,32.7497,3.4888938017339615,-0.009850649966463454
2011-05-03,33.2861,3.5051398924260795,0.01624609069211802
2011-05-04,32.9806,3.495919509810113,-0.009220382615966471
2011-05-05,32.7429,3.488686144684938,-0.0072333651251748066
2011-05-06,32.6485,3.4857989128600386,-0.002887231824899583
2011-05-09,32.5935,3.484112881989463,-0.0016860308705757276
2011-05-10,32.7369,3.488502882059921,0.0043900000704582
2011-05-11,32.0629,3.4676995984866963,-0.020803283573224807
2011-05-12,31.9627,3.4645695979305398,-0.0031300005561565314
2011-05-13,31.2789,3.4429437488183545,-0.021625849112185236
2011-05-16,31.0865,3.4367736413423424,-0.006170107476012099
2011-05-17,31.7603,3.458217082178152,0.021443440835809735
2011-05-18,31.9539,3.4642942391018288,0.006077156923676608
2011-05-19,31.8949,3.462446122401341,-0.0018481167004877896
2011-05-20,31.2663,3.4425408401964153,-0.01990528220492571
2011-05-23,30.8447,3.4289649365647006,-0.01357590363171468
2011-05-24,30.6895,3.423920576547154,-0.005044360017546712
2011-05-25,30.6423,3.422381407329285,-0.0015391692178687855
2011-05-26,30.7721,3.426608435298934,0.004227027969649022
2011-05-27,31.0167,3.434525769110599,0.007917333811664928
2011-05-31,31.3439,3.4450196707938288,0.010493901683229723
2011-06-01,30.2691,3.4101273901832854,-0.03489228061054339
2011-06-02,30.161,3.4065496990887647,-0.003577691094520663
2011-06-03,30.1354,3.405700560449038,-0.0008491386397269096
2011-06-06,29.3789,3.3802767296091503,-0.02542383083988753
2011-06-07,29.5155,3.3849155490878724,0.004638819478722134
2011-06-08,29.2758,3.376761236181283,-0.0081543129065893
2011-06-09,29.7051,3.3913187482386653,0.014557512057382205
2011-06-10,29.7582,3.3931047242647003,0.00178597602603503
2011-06-13,30.2081,3.4081101003389667,0.01500537607426633
2011-06-14,30.1531,3.4062877371248064,-0.0018223632141602941
2011-06-15,29.4919,3.384115649371622,-0.022172087753184577
2011-06-16,29.2532,3.3759889694033367,-0.008126679968285089
2011-06-17,29.5745,3.3869125035507874,0.01092353414745073
2011-06-20,29.3475,3.37920736377054,-0.00770513978024745
2011-06-21,29.657,3.389698185269135,0.010490821498594816
2011-06-22,29.4959,3.3842512706358874,-0.005446914633247424
2011-06-23,29.0488,3.3689771743552166,-0.01527409628067078
2011-06-24,28.6274,3.3543643011545528,-0.014612873200663845
2011-06-27,28.9093,3.364163342660053,0.009799041505500039
2011-06-28,28.6657,3.3557012860866022,-0.00846205657345056
2011-06-29,29.32,3.3782698770184507,0.022568590931848487
2011-06-30,29.6815,3.3905239561056812,0.01225407908723053
2011-07-01,30.328,3.4120713782140335,0.021547422108352254
2011-07-05,29.9262,3.39873435089067,-0.013337027323363504
2011-07-06,29.5833,3.3872100129262175,-0.011524337964452513
2011-07-07,30.1384,3.405800106188728,0.01859009326251071
2011-07-08,29.713,3.3915846604790953,-0.014215445709632846
2011-07-11,28.758,3.358915989405549,-0.03266867107354621
2011-07-12,28.7256,3.3577887112451332,-0.0011272781604159121
2011-07-13,28.8946,3.3636547264484515,0.005866015203318309
2011-07-14,29.4281,3.3819500001884797,0.01829527374002815
2011-07-15,29.1599,3.372794477779296,-0.009155522409183714
2011-07-18,29.0488,3.3689771743552166,-0.003817303424079377
2011-07-19,29.4605,3.383050383056107,0.014073208700890572
2011-07-20,29.8731,3.396958409902856,0.013908026846748633
2011-07-21,30.8437,3.4289325155584796,0.03197410565562375
2011-07-22,30.7711,3.4265759378012386,-0.002356577757240963
2011-07-25,30.4066,3.414659690111397,-0.011916247689841786
2011-07-26,30.2258,3.408695864306081,-0.005963825805315626
2011-07-27,29.6648,3.3899611577360846,-0.01873470656999654
2011-07-28,29.6717,3.3901937295942526,0.00023257185816794035
2011-07-29,29.5047,3.384549572689265,-0.00564415690498743
2011-08-01,29.4959,3.3842512706358874,-0.0002983020533777747
2011-08-02,29.0547,3.369180260228539,-0.015071010407348595
2011-08-03,29.0999,3.3707347377454253,0.0015544775168865321
2011-08-04,27.6568,3.319871629016109,-0.05086310872931632
2011-08-05,27.4248,3.3114477135184766,-0.00842391549763244
2011-08-08,24.841,3.2124955139039137,-0.09895219961456281
2011-08-09,26.5476,3.278939348121804,0.06644383421789035
2011-08-10,25.0709,3.221707811007283,-0.057231537114521114
2011-08-11,26.7618,3.286975497571859,0.06526768656457582
2011-08-12,26.1919,3.265450202661808,-0.02152529491005062
2011-08-15,26.8992,3.292096546388606,0.02664634372679764
2011-08-16,26.2764,3.2686711979315595,-0.023425348457046358
2011-08-17,26.6714,3.283591830254511,0.014920632322951377
2011-08-18,25.6663,3.2451788473692464,-0.0384129828852644
2011-08-19,25.0552,3.2210813908184632,-0.024097456550783214
2011-08-22,24.3665,3.1932092381189503,-0.02787215269951293
2011-08-23,25.3666,3.233433348075183,0.04022410995623282
2011-08-24,26.131,3.26312234898776,0.02968900091257698
2011-08-25,26.0514,3.2600715095575867,-0.0030508394301733688
2011-08-26,26.41,3.273742726309041,0.013671216751454107
2011-08-29,27.4514,3.3124171684764847,0.03867444216744387
2011-08-30,27.029,3.2969103636735424,-0.015506804802942309
2011-08-31,27.3984,3.3104846175284353,0.01357425385489286
2011-09-01,26.4748,3.27619333716243,-0.03429128036600515
2011-09-02,25.2527,3.228933080697759,-0.04726025646467091
2011-09-06,24.3901,3.194177312260424,-0.03475576843733519
2011-09-07,25.4,3.2347491740244907,0.040571861764066686
2011-09-08,24.4441,3.1963888780077734,-0.03836029601671731
2011-09-09,23.3969,3.152603534955108,-0.04378534305266557
2011-09-12,23.6474,3.163253172319421,0.010649637364313236
2011-09-13,23.6955,3.1652851566951243,0.0020319843757032885
2011-09-14,23.9205,3.1747358318739995,0.009450675178875212
2011-09-15,24.6603,3.2051946631123216,0.03045883123832205
2011-09-16,24.3813,3.1938164450269433,-0.011378218085378311
2011-09-19,23.6955,3.1652851566951243,-0.02853128833181895
2011-09-20,23.5226,3.1579616611385517,-0.0073234955565726345
2011-09-21,22.1295,3.096911560043594,-0.061050101094957565
2011-09-22,21.3495,3.0610283201966526,-0.03588323984694153
2011-09-23,21.5813,3.07182719897943,0.010798878782777521
2011-09-26,23.0825,3.139074754664646,0.06724755568521568
2011-09-27,23.0205,3.136385123301122,-0.002689631363523848
2011-09-28,22.2199,3.100988283751312,-0.0353968395498101
2011-09-29,22.8987,3.1310801403898463,0.03009185663853442
2011-09-30,21.9674,3.089559536198144,-0.041520604191702226
2011-10-03,20.8985,3.039677386060223,-0.049882150137920966
2011-10-04,22.2641,3.1029755157693777,0.0632981297091546
2011-10-05,22.6925,3.1220344734186454,0.019058957649267683
2011-10-06,23.8252,3.1707438440485785,0.04870937062993308
2011-10-07,22.5883,3.117432073110741,-0.053311770937837455
2011-10-10,23.7663,3.1682686108631453,0.050836537752404265
2011-10-11,23.7663,3.1682686108631453,0.0
2011-10-12,24.4284,3.1957463898788636,0.02747777901571835
2011-10-13,23.2475,3.146197599370215,-0.049548790508648466
2011-10-14,23.4627,3.155411926117106,0.009214326746890933
2011-10-17,22.8379,3.128421436602736,-0.026990489514369997
2011-10-18,24.1867,3.1858028953076123,0.05738145870487621
2011-10-19,23.7279,3.1666515709564864,-0.019151324351125876
2011-10-20,24.3744,3.193533401196332,0.026881830239845694
2011-10-21,24.5905,3.202360189490269,0.008826788293936794
2011-10-24,25.4354,3.2361419045123836,0.03378171502211469
2011-10-25,24.6416,3.204436071622064,-0.031705832890319474
2011-10-26,25.1456,3.224682930941949,0.02024685931988479
2011-10-27,27.2402,3.304693823398264,0.08001089245631521
2011-10-28,26.9936,3.2955998008695735,-0.009094022528690626
2011-10-31,25.5798,3.2418029775118433,-0.05379682335773017
2011-11-01,24.0669,3.1808374524745306,-0.06096552503731267
2011-11-02,24.7526,3.2089305340023317,0.0280930815278011
2011-11-03,25.2969,3.2306818585818355,0.021751324579503795
2011-11-04,24.9933,3.2186077889497833,-0.012074069632052264
2011-11-07,25.1938,3.2265979325005705,0.007990143550787199
2011-11-08,25.7675,3.2491140079288106,0.02251607542824008
2011-11-09,23.9431,3.175680182139318,-0.07343382578949242
2011-11-10,24.0895,3.181776060911174,0.0060958787718559115
2011-11-11,24.4864,3.1981178613836874,0.016341800472513324
2011-11-14,23.9509,3.176005901438978,-0.02211195994470927
2011-11-15,24.0581,3.1804717381847403,0.004465836745762175
2011-11-16,23.1551,3.142215058645048,-0.03825667953969214
2011-11-17,22.4351,3.1106266967391627,-0.03158836190588543
2011-11-18,22.5303,3.1148610699347294,0.004234373195566743
2011-11-21,22.0077,3.0913923921226036,-0.023468677812125804
2011-11-22,21.6413,3.0746035261110674,-0.016788866011536285
2011-11-23,20.8818,3.038877966195389,-0.035725559915678495
2011-11-25,20.9545,3.042353420438583,0.003475454243194065
2011-11-28,21.4555,3.0659810227629447,0.023627602324361785
2011-11-29,21.0135,3.0451650883221415,-0.020815934440803208
2011-11-30,22.7897,3.1263086795026753,0.08114359118053383
2011-12-01,22.4105,3.109529599032033,-0.01677908047064225
2011-12-02,23.7899,3.1692611208592054,0.05973152182717234
2011-12-05,24.6554,3.2049959434341613,0.03573482257495586
2011-12-06,24.45,3.196630215920881,-0.008365727513280241
2011-12-07,25.0169,3.2195515964831203,0.022921380562239246
2011-12-08,23.7053,3.1656986518319,-0.05385294465122037
2011-12-09,24.4097,3.194980594284282,0.029281942452382026
2011-12-12,23.5747,3.1601741030939086,-0.03480649119037338
2011-12-13,23.0205,3.136385123301122,-0.023788979792786602
2011-12-14,23.1837,3.1434494455360125,0.007064322234890508
2011-12-15,23.3655,3.1512605754526333,0.007811129916620807
2011-12-16,23.4627,3.155411926117106,0.004151350664472808
2011-12-19,22.5883,3.117432073110741,-0.03797985300636508
2011-12-20,23.6965,3.1653273579105257,0.047895284799784665
2011-12-21,23.7839,3.169008881179726,0.0036815232692002375
2011-12-22,24.6121,3.2032381919286603,0.03422931074893443
2011-12-23,24.6996,3.206787049170818,0.003548857242157588
2011-12-27,24.3027,3.1905874552852316,-0.01619959388558634
2011-12-28,24.0247,3.179082467785677,-0.011504987499554531
2011-12-29,24.5905,3.202360189490269,0.02327772170459186
2011-12-30,24.4667,3.1973130093492523,-0.005047180141016572
2012-01-03,25.737,3.247929645258938,0.05061663590968557
2012-01-04,25.9021,3.25432404649968,0.006394401240742198
2012-01-05,26.4424,3.274968782422242,0.020644735922561885
2012-01-06,26.2037,3.2659006221702973,-0.009068160251944679
2012-01-09,26.1566,3.2641015487232807,-0.0017990734470165748
2012-01-10,26.7156,3.285247664450061,0.021146115726780046
2012-01-11,27.1674,3.30201772507941,0.01677006062934927
2012-01-12,27.307,3.307143079579833,0.005125354500422841
2012-01-13,26.6182,3.281595192348662,-0.02554788723117074
2012-01-17,25.8696,3.253068534153391,-0.028526658195271004
2012-01-18,27.08,3.298795448044074,0.04572691389068284
2012-01-19,27.3678,3.3093671398438658,0.010571691799791783
2012-01-20,27.6852,3.320897974377426,0.011530834533560075
2012-01-23,27.9062,3.3288488863618415,0.007950911984415665
2012-01-24,27.9062,3.3288488863618415,0.0
2012-01-25,27.863,3.3272996438179088,-0.0015492425439327384
2012-01-26,27.7805,3.3243343357243407,-0.0029653080935680975
2012-01-27,27.5752,3.3169168180597732,-0.007417517664567441
2012-01-30,27.4278,3.3115570975769533,-0.005359720482819963
2012-01-31,27.641,3.319300177695081,0.007743080118127743
2012-02-01,27.863,3.3272996438179088,0.007999466122827759
2012-02-02,27.8296,3.326100202455707,-0.0011994413622016253
2012-02-03,28.369,3.3452969996975783,0.019196797241871177
2012-02-06,28.2629,3.3415499905335677,-0.0037470091640106062
2012-02-07,28.0664,3.3345731313473865,-0.0069768591861811835
2012-02-08,28.3828,3.345783327894111,0.011210196546724394
2012-02-09,28.0596,3.334330819405211,-0.011452508488900115
2012-02-10,27.8718,3.3276154249841863,-0.006715394421024534
2012-02-13,28.3828,3.345783327894111,0.01816790290992465
2012-02-14,28.0998,3.3357624588766486,-0.010020869017462353
2012-02-15,27.7206,3.3221758191090975,-0.013586639767551034
2012-02-16,28.1636,3.33803036402798,0.015854544918882496
2012-02-17,28.5105,3.350272440476865,0.012242076448885086
2012-02-21,28.5036,3.350030395086911,-0.00024204538995409308
2012-02-22,28.2138,3.3398112199478067,-0.010219175139104308
2012-02-23,28.5242,3.3507528497807972,0.010941629832990518
2012-02-24,28.369,3.3452969996975783,-0.005455850083218916
2012-02-27,28.9486,3.3655218436095895,0.02022484391201118
2012-02-28,29.0567,3.369249093538381,0.003727249928791476
2012-02-29,29.0783,3.369992191534217,0.0007430979958358286
2012-03-01,29.9163,3.3984034823577605,0.028411290823543656
2012-03-02,30.1138,3.4049835384495615,0.006580056091801012
2012-03-05,29.9409,3.3992254386599265,-0.0057580997896349295
2012-03-06,29.1363,3.3719848194726056,-0.027240619187320902
2012-03-07,29.6059,3.3879736657918853,0.01598884631927966
2012-03-08,29.9713,3.400240257097873,0.012266591305987617
2012-03-09,30.4056,3.414626801973816,0.014386544875943041
2012-03-12,30.0421,3.4025997312435137,-0.012027070730302292
2012-03-13,32.1533,3.4705150892730288,0.0679153580295151
2012-03-14,32.2939,3.4748783579041924,0.004363268631163653
2012-03-15,33.124,3.500258095171454,0.025379737267261504
2012-03-16,33.0287,3.4973768804688965,-0.002881214702557422
2012-03-19,33.35,3.507057772361633,0.009680891892736465
2012-03-20,33.63,3.515418525752178,0.008360753390545206
2012-03-21,33.4355,3.5096182097832394,-0.005800315968938818
2012-03-22,33.0896,3.4992190336162747,-0.010399176166964619
2012-03-23,33.4689,3.510616649430696,0.011397615814421336
2012-03-26,34.2145,3.5326495308240604,0.022032881393364345
2012-03-27,34.0062,3.5265428609330614,-0.006106669890999061
2012-03-28,34.2902,3.5348595990620773,0.0083167381290159
2012-03-29,33.8432,3.5217380929150113,-0.013121506147065976
2012-03-30,34.076,3.5285933241805942,0.006855231265582962
2012-04-02,34.187,3.531845454846731,0.003252130666136832
2012-04-03,33.8805,3.522839627644259,-0.009005827202472005
2012-04-04,33.124,3.500258095171454,-0.022581532472805144
2012-04-05,33.0985,3.4994879641356174,-0.0007701310358365632
2012-04-09,32.7379,3.4885334281631573,-0.0109545359724601
2012-04-10,32.0443,3.467119320436121,-0.021414107727036225
2012-04-11,32.8283,3.4912909482659793,0.024171627829858267
2012-04-12,33.4463,3.509941167601177,0.018650219335197615
2012-04-13,32.2339,3.4730186937813876,-0.0369224738197893
2012-04-16,32.3203,3.4756955157880336,0.0026768220066459847
2012-04-17,32.7448,3.488744170848646,0.013048655060612369
2012-04-18,32.2889,3.474723517915527,-0.014020652933119049
2012-04-19,32.2417,3.473260645776811,-0.001462872138715987
2012-04-20,31.8675,3.461586681674939,-0.011673964101871714
2012-04-23,31.9657,3.4646634529308904,0.003076771255951183
2012-04-24,32.2841,3.474574848966931,0.009911396036040632
2012-04-25,32.1937,3.471770781234066,-0.002804067732864901
2012-04-26,32.6701,3.486460286520446,0.014689505286380022
2012-04-27,32.3302,3.4760017779229706,-0.010458508597475547
2012-04-30,32.0591,3.467581074423054,-0.008420703499916637
2012-05-01,32.6633,3.4862521234667994,0.01867104904374539
2012-05-02,32.2261,3.4727766832310287,-0.01347544023577063
2012-05-03,32.0836,3.4683449961535535,-0.00443168707747521
2012-05-04,31.1405,3.4385092227958944,-0.02983577335765908
2012-05-07,31.1601,3.4391384302400168,0.000629207444122315
2012-05-08,30.8653,3.4296325755459094,-0.009505854694107363
2012-05-09,30.3162,3.41168222310443,-0.017950352441479467
2012-05-10,30.3889,3.414077410156463,0.002395187052032899
2012-05-11,27.5702,3.316735479271272,-0.09734193088519083
2012-05-14,26.6968,3.2845437080363302,-0.03219177123494177
2012-05-15,27.0318,3.2970139507459684,0.012470242709638146
2012-05-16,26.4503,3.275267500394996,-0.021746450350972335
2012-05-17,25.3097,3.231187721464264,-0.044079778930731894
2012-05-18,24.9786,3.2180194582909922,-0.01316826317327191
2012-05-21,24.2496,3.18840012240209,-0.02961933588890231
2012-05-22,25.3696,3.233551606833368,0.04515148443127792
2012-05-23,25.5553,3.2408447315369755,0.007293124703607656
2012-05-24,25.3372,3.2322736715501543,-0.008571059986821172
2012-05-25,24.9855,3.218295656603135,-0.013978014947019446
2012-05-29,25.0857,3.222297962669459,0.004002306066324124
2012-05-30,24.5876,3.2022422508141766,-0.020055711855282432
2012-05-31,24.7251,3.20781892198998,0.005576671175803405
2012-06-01,23.8183,3.1704541927824774,-0.037364729207502556
2012-06-04,23.1237,3.140858065602082,-0.029596127180395282
2012-06-05,23.8655,3.1724339014221288,0.03157583582004664
2012-06-06,24.6672,3.205474425923938,0.033040524501809276
2012-06-07,24.4756,3.1976767029271227,-0.007797722996815359
2012-06-08,25.122,3.223743956265061,0.026067253337938467
2012-06-11,24.4825,3.1979585766128125,-0.025785379652248697
2012-06-12,25.1898,3.226439150674405,0.028480574061592545
2012-06-13,25.5867,3.242072685232396,0.01563353455799099
2012-06-14,25.8441,3.2520823350584998,0.01000964982610375
2012-06-15,26.128,3.2630075362281095,0.01092520116960971
2012-06-18,25.8235,3.251284930066143,-0.011722606161966631
2012-06-19,26.3914,3.2730381995059883,0.021753269439845457
2012-06-20,27.1872,3.302746274305264,0.029708074799275508
2012-06-21,26.4866,3.2766389447254953,-0.026107329579768468
2012-06-22,26.8413,3.289941746101922,0.013302801376426476
2012-06-25,26.3472,3.2713620074815974,-0.01857973862032436
2012-06-26,26.633,3.2821510483812424,0.010789040899644942
2012-06-27,27.4386,3.311950781147936,0.029799732766693676
2012-06-28,26.7618,3.286975497571859,-0.024975283576077256
2012-06-29,26.6516,3.2828491863331255,-0.0041263112387333045
2012-07-02,27.0624,3.298145310605766,0.015296124272640377
2012-07-03,26.9838,3.295236685932297,-0.0029086246734690846
2012-07-05,25.855,3.2525040058481847,-0.04273268008411213
2012-07-06,25.4983,3.2386117832753927,-0.01389222257279199
2012-07-09,25.5396,3.240230188774621,0.0016184054992285368
2012-07-10,25.7626,3.2489238278199126,0.008693639045291413
2012-07-11,26.017,3.258750170511062,0.00982634269114957
2012-07-12,25.6024,3.2426860970912603,-0.016064073419801872
2012-07-13,27.1272,3.300536914562494,0.05785081747123355
2012-07-16,26.3933,3.273110190063889,-0.027426724498604838
2012-07-17,26.3147,3.2701277183987476,-0.0029824716651414285
2012-07-18,26.294,3.2693407762744124,-0.000786942124335166
2012-07-19,25.9188,3.254968574116071,-0.014372202158341452
2012-07-20,25.4983,3.2386117832753927,-0.016356790840678315
2012-07-23,25.905,3.2544360002667516,0.01582421699135894
2012-07-24,26.1202,3.262708961346757,0.008272961080005192
2012-07-25,26.4532,3.2753771339732247,0.01266817262646791
2012-07-26,26.9356,3.2934488317336608,0.018071697760436045
2012-07-27,27.7442,3.3230268093380078,0.029577977604346994
2012-07-30,27.1802,3.302488767047654,-0.02053804229035361
2012-07-31,27.078,3.298721590072919,-0.0037671769747351647
2012-08-01,27.078,3.298721590072919,0.0
2012-08-02,26.4532,3.2753771339732247,-0.023344456099694266
2012-08-03,27.1448,3.3011854994908907,0.025808365517665965
2012-08-06,27.301,3.3069233315566806,0.005737832065789927
2012-08-07,27.8394,3.3264522835098393,0.019528951953158735
2012-08-08,27.9514,3.330467287792112,0.004015004282272638
2012-08-09,27.7668,3.3238410624139263,-0.006626225378185691
2012-08-10,27.807,3.3252877875618054,0.0014467251478791354
2012-08-13,27.8238,3.32589176954699,0.0006039819851846318
2012-08-14,27.9024,3.3287127066330586,0.0028209370860685645
2012-08-15,27.8836,3.328038702377091,-0.0006740042559676418
2012-08-16,27.9024,3.3287127066330586,0.0006740042559676418
2012-08-17,27.8158,3.3256042045732976,-0.003108502059760987
2012-08-20,28.1047,3.3359368221398182,0.010332617566520597
2012-08-21,28.6116,3.3538122300002247,0.017875407860406423
2012-08-22,28.4535,3.34827117585275,-0.005541054147474522
2012-08-23,28.0016,3.332261651399756,-0.016009524452994306
2012-08-24,27.9593,3.33074988128683,-0.0015117701129256922
2012-08-27,28.0016,3.332261651399756,0.0015117701129256922
2012-08-28,27.925,3.3295223449552642,-0.002739306444491607
2012-08-29,28.0576,3.3342595400113404,0.004737195056076171
2012-08-30,27.75,3.3232358401924436,-0.011023699818896837
2012-08-31,27.9338,3.329837425124291,0.00660158493184726
2012-09-04,27.8394,3.3264522835098393,-0.00338514161445147
2012-09-05,27.9092,3.3289563835759757,0.0025041000661363277
2012-09-06,29.099,3.3707038093258137,0.04174742574983803
2012-09-07,29.5577,3.3863442852043697,0.015640475878555993
2012-09-10,29.154,3.372592124651821,-0.013752160552548798
2012-09-11,29.7847,3.393994838845941,0.021402714194119987
2012-09-12,30.0215,3.4019137916458964,0.00791895279995547
2012-09-13,31.1375,3.4384128805882987,0.03649908894240239
2012-09-14,31.2681,3.4425984085108308,0.0041855279225320174
2012-09-17,30.9813,3.433383796664807,-0.00921461184602368
2012-09-18,31.0305,3.4349705917690767,0.0015867951042696227
2012-09-19,31.0973,3.4371209986961415,0.0021504069270648074
2012-09-20,31.0245,3.434777214925351,-0.0023437837707906972
2012-09-21,30.7485,3.425841212574915,-0.008936002350435679
2012-09-24,31.0098,3.4343032835591503,0.008462070984235126
2012-09-25,30.4989,3.417690617389217,-0.016612666169933288
2012-09-26,30.2631,3.409929148585602,-0.007761468803614946
2012-09-27,30.5962,3.420875818240451,0.010946669654849028
2012-09-28,30.4469,3.415984182733562,-0.0048916355068890915
2012-10-01,30.8153,3.428011319885233,0.012027137151671141
2012-10-02,30.7779,3.4267968999623677,-0.0012144199228654173
2012-10-03,30.9617,3.432750956774775,0.005954056812407238
2012-10-04,31.6847,3.455833914528037,0.02308295775326208
2012-10-05,31.6051,3.453318499975577,-0.0025154145524601823
2012-10-08,31.5659,3.4520774240061747,-0.00124107596940215
2012-10-09,31.3527,3.4453003877723503,-0.006777036233824418
2012-10-10,31.6465,3.454627557957099,0.009327170184748823
2012-10-11,31.8979,3.4625401769028588,0.007912618945759675
2012-10-12,31.5345,3.451082184591153,-0.011457992311705745
2012-10-15,32.1131,3.469264046574415,0.018181861983261882
2012-10-16,32.454,3.479823702117345,0.010559655542929924
2012-10-17,32.8243,3.4911690947520304,0.011345392634685592
2012-10-18,32.5905,3.4840208348612682,-0.007148259890762176
2012-10-19,32.0669,3.467824345484354,-0.016196489376914425
2012-10-22,31.8921,3.462358330217924,-0.005466015266429647
2012-10-23,31.3143,3.4440748622228226,-0.01828346799510161
2012-10-24,31.6051,3.453318499975577,0.009243637752754275
2012-10-25,31.5747,3.45235616700377,-0.0009623329718069229
2012-10-26,31.1857,3.4399596564152763,-0.012396510588493559
2012-10-31,31.5825,3.4526031697220554,0.012643513306779042
2012-11-01,32.4589,3.4799746736502546,0.027371503928199203
2012-11-02,32.1396,3.4700889146812046,-0.009885758969049974
2012-11-05,32.0267,3.4665699299024104,-0.0035189847787941986
2012-11-06,32.4874,3.480852321855907,0.014282391953496454
2012-11-07,30.6709,3.4233143223320672,-0.057537999523839645
2012-11-08,30.6119,3.4213888222495386,-0.001925500082528675
2012-11-09,30.7779,3.4267968999623677,0.00540807771282914
2012-11-12,30.7475,3.4258086901344287,-0.0009882098279390128
2012-11-13,30.3388,3.4124274213913264,-0.013381268743102304
2012-11-14,29.7699,3.3934978159357145,-0.018929605455611842
2012-11-15,29.8466,3.396070930503618,0.002573114567903545
2012-11-16,29.9537,3.3996528561631694,0.0035819256595512883
2012-11-19,30.7553,3.4260623371242183,0.026409480961048892
2012-11-20,30.8359,3.4286795956289864,0.0026172585047681274
2012-11-21,30.8585,3.429412239143176,0.0007326435141896681
2012-11-23,31.1335,3.4382844098714163,0.008872170728240203
2012-11-26,30.9735,3.433132000192501,-0.00515240967891506
2012-11-27,30.8781,3.4300471947662103,-0.0030848054262908597
2012-11-28,30.9371,3.4319561109523957,0.0019089161861853832
2012-11-29,31.2338,3.4415008417666746,0.009544730814278868
2012-11-30,31.1287,3.438130223221747,-0.003370618544927595
2012-12-03,30.9223,3.431477606463752,-0.006652616757994778
2012-12-04,30.7397,3.42555497879152,-0.0059226276722323945
2012-12-05,31.2181,3.4409980548112498,0.01544307601972994
2012-12-06,31.4235,3.4475560206401723,0.006557965828922541
2012-12-07,32.2497,3.473508740872933,0.02595272023276074
2012-12-10,32.0571,3.4675186876939383,-0.005990053178994703
2012-12-11,32.3057,3.4752436852477437,0.007724997553805402
2012-12-12,32.4069,3.4783713630878537,0.0031276778401099214
2012-12-13,32.4127,3.4785503213046733,0.00017895821681968016
2012-12-14,32.4383,3.479339823435087,0.0007895021304138439
2012-12-17,32.9452,3.4948455750712903,0.015505751636203158
2012-12-18,33.2389,3.503720876780227,0.00887530170893669
2012-12-19,32.9796,3.495889188495136,-0.007831688285091065
2012-12-20,33.738,3.5186247985381196,0.022735610042983634
2012-12-21,33.3392,3.5067338818337985,-0.011890916704321075
2012-12-24,33.2743,3.504785327245473,-0.0019485545883255462
2012-12-26,33.3077,3.5057886014878084,0.0010032742423353724
2012-12-27,33.0611,3.498357364676615,-0.007431236811193287
2012-12-28,32.7615,3.4892540454824386,-0.009103319194176507
2012-12-31,33.3156,3.506025755757772,0.01677171027533353
2013-01-02,34.0721,3.528478867577864,0.02245311182009191
2013-01-03,34.0023,3.526428169387026,-0.0020506981908381405
2013-01-04,34.6036,3.5439577228940182,0.017529553506992368
2013-01-07,34.6429,3.5450927984348612,0.0011350755408430224
2013-01-08,34.7126,3.5471027334353944,0.0020099350005331473
2013-01-09,34.69,3.5464514609816584,-0.0006512724537359738
2013-01-10,35.2078,3.561267648965503,0.014816187983844653
2013-01-11,35.2009,3.561071650459009,-0.00019599850649409944
2013-01-14,35.0005,3.5553623471016595,-0.005709303357349427
2013-01-15,35.36,3.5655812377694427,0.010218890667783143
2013-01-16,35.7196,3.575699557737311,0.010118319967868494
2013-01-17,35.4278,3.5674968226790593,-0.008202735058251864
2013-01-18,35.4436,3.5679427007134077,0.00044587803434836815
2013-01-22,35.5054,3.5696847975894666,0.0017420968760588629
2013-01-23,35.2677,3.562967530893944,-0.006717266695522639
2013-01-24,35.3768,3.566056238061112,0.0030887071671679145
2013-01-25,35.978,3.5829076405404945,0.01685140247938266
2013-01-28,35.582,3.5718398920125836,-0.011067748527910926
2013-01-29,35.9486,3.582090140432402,0.010250248419818586
2013-01-30,35.9554,3.582279281509958,0.00018914107755563236
2013-01-31,35.8916,3.580503284828965,-0.0017759966809927086
2013-02-01,36.5066,3.5974930661599416,0.016989781330976506
2013-02-04,36.3759,3.593906467453613,-0.003586598706328381
2013-02-05,37.2218,3.6168946111409297,0.022988143687316498
2013-02-06,37.0842,3.6131910028916643,-0.003703608249265411
2013-02-07,36.7954,3.605372837361734,-0.007818165529930088
2013-02-08,37.101,3.6136439234280298,0.008271086066295563
2013-02-11,37.1226,3.6142259485685444,0.0005820251405146415
2013-02-12,37.49,3.6240742307478206,0.009848282179276246
2013-02-13,37.1382,3.6146460894835215,-0.009428141264299139
2013-02-14,37.549,3.6256467466970728,0.011000657213551257
2013-02-15,37.2916,3.6187681002158145,-0.006878646481258244
2013-02-19,37.7278,3.63039722323828,0.01162912302246566
2013-02-20,37.0842,3.6131910028916643,-0.017206220346615897
2013-02-21,36.8121,3.6058265954784083,-0.007364407413255947
2013-02-22,37.3112,3.619293549674842,0.013466954196433623
2013-02-25,36.3896,3.594283019532878,-0.025010530141964082
2013-02-26,36.311,3.5921207256694263,-0.00216229386345157
2013-02-27,37.5951,3.6268737227546346,0.03475299708520829
2013-02-28,37.32,3.619529375979143,-0.0073443467754916725
2013-03-01,37.3112,3.619293549674842,-0.00023582630430096785
2013-03-04,37.4576,3.6232096266239164,0.003916076949074476
2013-03-05,37.7552,3.6311232145529724,0.007913587929055943
2013-03-06,38.1679,3.6419948482145656,0.010871633661593272
2013-03-07,38.6267,3.653943747194352,0.01194889897978646
2013-03-08,38.2976,3.645387231037802,-0.008556516156549954
2013-03-11,38.5107,3.650936124758474,0.005548893720671799
2013-03-12,38.3565,3.646924004976623,-0.004012119781851009
2013-03-13,38.2661,3.6445643867453423,-0.0023596182312806135
2013-03-14,38.9057,3.6611407694529747,0.016576382707632398
2013-03-15,38.16,3.6417878465800855,-0.019352922872889256
2013-03-18,37.768,3.6314621832439857,-0.010325663336099744
2013-03-19,37.5352,3.6252791593709675,-0.0061830238730182785
2013-03-20,37.4743,3.6236553646947915,-0.0016237946761759048
2013-03-21,36.8828,3.6077453177153647,-0.015910046979426884
2013-03-22,37.2149,3.6167092187197243,0.00896390100435962
2013-03-25,37.0135,3.611282710962091,-0.005426507757633203
2013-03-26,37.1078,3.6138271901031147,0.0025444791410236256
2013-03-27,36.4436,3.5957658600477718,-0.01806133005534294
2013-03-28,36.204,3.5891696099649244,-0.006596250082847366
2013-04-01,36.4908,3.5970601740227766,0.007890564057852156
2013-04-02,36.8347,3.606440335673757,0.009380161650980323
2013-04-03,35.9672,3.5826074120309865,-0.023832923642770343
2013-04-04,36.4574,3.596144455681983,0.013537043650996505
2013-04-05,36.7787,3.6049188732551585,0.00877441757317543
2013-04-08,37.2935,3.6188190487296708,0.013900175474512277
2013-04-09,37.3692,3.6208468357220878,0.0020277869924170133
2013-04-10,37.8103,3.632581552280251,0.01173471655816316
2013-04-11,37.8554,3.633773638135291,0.0011920858550400482
2013-04-12,37.6256,3.627684669785744,-0.006088968349546864
2013-04-15,36.7954,3.605372837361734,-0.022311832424009914
2013-04-16,37.2238,3.6169483416502,0.011575504288465766
2013-04-17,35.919,3.5812664034028163,-0.03568193824738364
2013-04-18,35.8051,3.5780903413610217,-0.0031760620417946583
2013-04-19,36.257,3.5906324661068885,0.0125421247458668
2013-04-22,36.3514,3.5932327176807823,0.0026002515738938747
2013-04-23,36.9762,3.610274462431287,0.017041744750504684
2013-04-24,37.4026,3.6217402207207496,0.011465758289462613
2013-04-25,37.6177,3.6274746843111827,0.005734463590433059
2013-04-26,37.5234,3.6249647383693175,-0.002509945941865155
2013-04-29,37.5528,3.62574794267382,0.0007832043045024051
2013-04-30,37.6256,3.627684669785744,0.0019367271119241636
2013-05-01,36.8524,3.6069207454155006,-0.020763924370243547
2013-05-02,36.9114,3.608520446422823,0.0015997010073225404
2013-05-03,36.5164,3.5977614747451496,-0.010758971677673479
2013-05-06,36.984,3.6104853866859243,0.012723911940774713
2013-05-07,37.7258,3.6303442105258195,0.019858823839895123
2013-05-08,38.2003,3.642843368984833,0.012499158459013504
2013-05-09,37.6462,3.6282320195372924,-0.014611349447540611
2013-05-10,37.5863,3.626639622297868,-0.0015923972394245034
2013-05-13,38.1286,3.640964656699208,0.014325034401340364
2013-05-14,38.5579,3.6521610076784006,0.01119635097919236
2013-05-15,39.2201,3.6691893704844807,0.01702836280608011
2013-05-16,39.1277,3.66683065606393,-0.0023587144205508004
2013-05-17,40.1465,3.6925352634921036,0.02570460742817371
2013-05-20,40.1387,3.692340956196997,-0.0001943072951067215
2013-05-21,40.7045,3.706338651447243,0.013997695250246078
2013-05-22,41.1683,3.7176685427262064,0.011329891278963444
2013-05-23,40.9541,3.7124519273873173,-0.0052166153388890635
2013-05-24,41.1947,3.7183096073038473,0.0058576799165299676
2013-05-28,41.9129,3.7355936554390223,0.017284048135175034
2013-05-29,41.9699,3.736952694688384,0.0013590392493618708
2013-05-30,42.6989,3.7541731587786336,0.017220464090249354
2013-05-31,41.9061,3.7354314010572014,-0.018741757721432162
2013-06-03,41.8314,3.733647253696334,-0.0017841473608672942
2013-06-04,41.4846,3.7253222740304723,-0.008324979665861765
2013-06-05,40.7115,3.7065106078198786,-0.018811666210593714
2013-06-06,41.07,3.7152779279684673,0.00876732014858872
2013-06-07,41.6595,3.729529433840495,0.014251505872027614
2013-06-10,41.7312,3.7312490504804456,0.001719616639950683
2013-06-11,41.0631,3.715109908010223,-0.016139142470222634
2013-06-12,40.8235,3.709257895989234,-0.005852012020989061
2013-06-13,41.5848,3.7277347158826095,0.018476819893375573
2013-06-14,40.7841,3.7082922995726917,-0.01944241630991783
2013-06-17,41.3401,3.7218329732153794,0.01354067364268774
2013-06-18,41.5387,3.726625522821046,0.004792549605666441
2013-06-19,41.1103,3.7162586983776875,-0.010366824443358347
2013-06-20,40.2861,3.6960064963050505,-0.020252202072637004
2013-06-21,39.8851,3.6860028205681736,-0.010003675736876882
2013-06-24,39.0904,3.66587691254862,-0.020125908019553496
2013-06-25,39.9795,3.6883668227409236,0.02248991019230351
2013-06-26,40.3027,3.696418464227014,0.0080516414860905
2013-06-27,40.8018,3.7087261980840203,0.01230773385700612
2013-06-28,40.5247,3.7019116647565844,-0.006814533327435868
2013-07-01,40.2939,3.6962000927315675,-0.005711572025016931
2013-07-02,40.8273,3.7093509752977707,0.013150882566203226
2013-07-03,40.8067,3.7088462836144704,-0.0005046916833002513
2013-07-05,41.7459,3.7316012428817618,0.02275495926729132
2013-07-08,42.2971,3.744718525782409,0.013117282900647176
2013-07-09,42.4464,3.7482421035074434,0.0035235777250344213
2013-07-10,42.3953,3.7470375070370974,-0.0012045964703459866
2013-07-11,42.6409,3.7528138865766794,0.005776379539581988
2013-07-12,42.5053,3.7496287740375918,-0.003185112539087598
2013-07-15,42.4464,3.7482421035074434,-0.001386670530148404
2013-07-16,42.5397,3.7504377575610466,0.0021956540536032243
2013-07-17,42.7392,3.7551165318870887,0.004678774326042134
2013-07-18,43.585,3.774713054463539,0.019596522576450504
2013-07-19,43.4249,3.7710330093035616,-0.003680045159977663
2013-07-22,43.7344,3.778134977788344,0.007101968484782617
2013-07-23,43.8228,3.7801542298895234,0.0020192521011792586
2013-07-24,43.7924,3.7794602863450257,-0.0006939435444976993
2013-07-25,43.6892,3.7771009319694233,-0.0023593543756024182
2013-07-26,43.3434,3.769154442500527,-0.007946489468896534
2013-07-29,43.0624,3.762650226565085,-0.006504215935441593
2013-07-30,42.7844,3.756173550165282,-0.006476676399802983
2013-07-31,43.0958,3.7634255445655334,0.007251994400251149
2013-08-01,43.7187,3.7777759281910477,0.014350383625514329
2013-08-02,43.6833,3.776965878033483,-0.0008100501575647456
2013-08-05,43.3807,3.7700146417369553,-0.0069512362965276075
2013-08-06,42.9062,3.7590163376361745,-0.010998304100780842
2013-08-07,42.7618,3.755645180687134,-0.0033711569490404436
2013-08-08,42.3953,3.7470375070370974,-0.008607673650036674
2013-08-09,42.1566,3.7413912558198206,-0.005646251217276799
2013-08-12,41.8265,3.733530109947672,-0.0078611458721487
2013-08-13,41.9817,3.7372338090466024,0.003703699098930535
2013-08-14,41.8746,3.7346794378608017,-0.002554371185800708
2013-08-15,41.2095,3.718668812299688,-0.016010625561113656
2013-08-16,41.2095,3.718668812299688,0.0
2013-08-19,40.0797,3.6908699717186564,-0.02779884058103166
2013-08-20,40.3027,3.696418464227014,0.005548492508357761
2013-08-21,39.9255,3.687015217504186,-0.009403246722828218
2013-08-22,40.3725,3.6981488601210852,0.011133642616899309
2013-08-23,40.4589,3.7002866440244904,0.0021377839034051327
2013-08-26,40.0541,3.690231040309665,-0.010055603714825168
2013-08-27,39.1267,3.666805098395606,-0.023425941914059223
2013-08-28,39.113,3.6664548925502354,-0.0003502058453705992
2013-08-29,39.2063,3.668837448168974,0.0023825556187384578
2013-08-30,39.0747,3.6654751987348817,-0.003362249434092135
2013-09-03,39.5403,3.677320404967102,0.011845206232220296
2013-09-04,40.1091,3.6916032412355295,0.014282836268427523
2013-09-05,40.2949,3.696224910075914,0.0046216688403846184
2013-09-06,40.6417,3.704794633104008,0.00856972302809389
2013-09-09,40.8745,3.7105063967266987,0.005711763622690658
2013-09-10,41.5013,3.7257247520472303,0.015218355320531618
2013-09-11,41.1839,3.71804740328334,-0.007677348763890368
2013-09-12,40.3961,3.6987332456538695,-0.01931415762947042
2013-09-13,40.6681,3.705444001345664,0.006710755691794468
2013-09-16,41.0935,3.7158499581434428,0.010405956797778781
2013-09-17,41.0513,3.7148225040937057,-0.001027454049737031
2013-09-18,41.2989,3.720835865229719,0.006013361136013362
2013-09-19,40.7891,3.708414888854619,-0.012420976375099979
2013-09-20,40.8244,3.709279941871615,0.0008650530169957982
2013-09-23,39.7929,3.683688504416855,-0.02559143745475989
2013-09-24,38.9067,3.661166472297253,-0.02252203211960202
2013-09-25,39.9765,3.6882917814681884,0.027125309170935363
2013-09-26,40.1229,3.691947243631982,0.0036554621637936435
2013-09-27,40.3981,3.698782754158203,0.006835510526221
2013-09-30,39.9697,3.6881216670658428,-0.010661087092360244
2013-10-01,40.1789,3.6933419822076563,0.005220315141813536
2013-10-02,40.5787,3.7032432983990606,0.00990131619140433
2013-10-03,40.4609,3.7003360756839956,-0.00290722271506505
2013-10-04,41.0267,3.7142230742650892,0.013886998581093657
2013-10-07,40.3735,3.698173629149893,-0.01604944511519646
2013-10-08,39.6229,3.6794072339476362,-0.018766395202256536
2013-10-09,39.5315,3.677097822452569,-0.0023094114950672484
2013-10-10,40.9119,3.711420974275214,0.03432315182264478
2013-10-11,40.9049,3.71124986027376,-0.00017111400145397582
2013-10-14,41.0583,3.714993007908533,0.0037431476347733472
2013-10-15,40.7477,3.7073993963761867,-0.0075936115323465
2013-10-16,42.0643,3.7391993999514423,0.0318000035752557
2013-10-17,42.2283,3.7430906123932046,0.0038912124417622707
2013-10-18,42.2971,3.744718525782409,0.0016279133892043163
2013-10-21,42.2715,3.744113100109477,-0.0006054256729317586
2013-10-22,41.7656,3.732073034200692,-0.012040065908785369
2013-10-23,41.0917,3.715806154636235,-0.016266879564456715
2013-10-24,40.8804,3.710650730583391,-0.005155424052844193
2013-10-25,41.1083,3.7162100475857645,0.005559317002373554
2013-10-28,41.0347,3.714418050222734,-0.0017919973630302621
2013-10-29,41.0749,3.7153972293494615,0.000979179126727292
2013-10-30,40.9747,3.7129548030655677,-0.002442426283893795
2013-10-31,40.1445,3.6924854447079203,-0.020469358357647405
2013-11-01,40.9049,3.71124986027376,0.01876441556583952
2013-11-04,40.5375,3.7022274716334365,-0.009022388640323342
2013-11-05,40.4697,3.7005535459618555,-0.001673925671580978
2013-11-06,40.5867,3.703440426732708,0.002886880770852418
2013-11-07,40.2349,3.6947347781967226,-0.008705648535985322
2013-11-08,42.0328,3.738450265879681,0.04371548768295863
2013-11-11,42.1389,3.7409713045707,0.0025210386910186067
2013-11-12,42.0397,3.7386144099223944,-0.002356894648305463
2013-11-13,42.1733,3.7417873193801547,0.0031729094577603867
2013-11-14,42.3747,3.746551486029536,0.004764166649381174
2013-11-15,42.7421,3.7551843829843725,0.0086328969548366
2013-11-18,43.4171,3.770853372721701,0.01566898973732833
2013-11-19,43.7364,3.7781807073346694,0.007327334612968528
2013-11-20,43.701,3.77737098513492,-0.0008097221997491744
2013-11-21,44.5724,3.7971148333884592,0.01974384825353903
2013-11-22,44.76,3.8013148834437245,0.0042000500552652476
2013-11-25,44.9074,3.804602591858842,0.0032877084151174962
2013-11-26,44.5341,3.796255187855112,-0.00834740400373013
2013-11-27,44.7758,3.801667814900505,0.005412627045393137
2013-11-29,44.5724,3.7971148333884592,-0.004552981512045751
2013-12-02,44.3838,3.792874537993934,-0.004240295394525084
2013-12-03,44.2914,3.790790527279735,-0.0020840107141992803
2013-12-04,44.5498,3.7966076645689184,0.005817137289183538
2013-12-05,43.4829,3.7723677573609473,-0.02423990720797109
2013-12-06,43.6705,3.7766728169395956,0.00430505957864824
2013-12-09,44.0183,3.784605456542958,0.007932639603362546
2013-12-10,44.1686,3.7880141293850373,0.003408672842079241
2013-12-11,43.6774,3.7768308058555133,-0.011183323529524003
2013-12-12,43.8631,3.781073419926633,0.00424261407111981
2013-12-13,43.7521,3.7785396116516603,-0.0025338082749728486
2013-12-16,43.9506,3.7830662759151332,0.004526664263472924
2013-12-17,43.4053,3.7705815534660094,-0.012484722449123797
2013-12-18,44.5872,3.797446822319229,0.026865268853219604
2013-12-19,44.5802,3.7972898142643934,-0.00015700805483565006
2013-12-20,44.9468,3.80547956817214,0.008189753907746677
2013-12-23,45.3672,3.814789376981928,0.009309808809788045
2013-12-24,45.375,3.8149612925850147,0.00017191560308660314
2013-12-26,45.3338,3.8140528911326053,-0.0009084014524094464
2013-12-27,45.2906,3.8130995054379757,-0.0009533856946295494
2013-12-30,45.1402,3.8097732020397426,-0.0033263033982331436
2013-12-31,45.5538,3.818894045034215,0.009120842994472245
2014-01-02,45.6384,3.8207494674117926,0.0018554223775777423
2014-01-03,45.991,3.8284457251727986,0.00769625776100602
2014-01-06,46.2583,3.834240907316971,0.005795182144172628
2014-01-07,45.7278,3.8227064280499987,-0.011534479266972486
2014-01-08,46.1571,3.8320507952696015,0.009344367219602745
2014-01-09,46.0736,3.830240117852792,-0.0018106774168096251
2014-01-10,45.8604,3.825601999589714,-0.004638118263077917
2014-01-13,45.2404,3.8119904929418116,-0.013611506647902338
2014-01-14,45.2728,3.8127064106506947,0.0007159177088831292
2014-01-15,46.6444,3.842552877215176,0.02984646656448131
2014-01-16,46.2504,3.8340701125696834,-0.00848276464549258
2014-01-17,45.5628,3.81909159410934,-0.01497851846034326
2014-01-21,45.6098,3.820122605710706,0.0010310116013658721
2014-01-22,45.153,3.8100567228383353,-0.010065882872370757
2014-01-23,44.2767,3.7904585793179972,-0.019598143520338063
2014-01-24,43.195,3.7657247478108475,-0.024733831507149695
2014-01-27,43.195,3.7657247478108475,0.0
2014-01-28,43.702,3.7773938676446748,0.011669119833827235
2014-01-29,43.5399,3.7736777590651327,-0.0037161085795420767
2014-01-30,43.9054,3.782037319350118,0.008359560284985523
2014-01-31,43.4072,3.770625325964217,-0.011411993385901376
2014-02-03,42.582,3.751431628770901,-0.019193697193315984
2014-02-04,43.086,3.7631981183562355,0.01176648958533466
2014-02-05,43.2854,3.767815395701624,0.004617277345388526
2014-02-06,44.2826,3.7905918233704847,0.022776427668860677
2014-02-07,44.3906,3.7930277353123794,0.0024359119418946307
2014-02-10,44.487,3.795197011661042,0.0021692763486624855
2014-02-11,45.0322,3.8073777894380596,0.01218077777701776
2014-02-12,45.099,3.8088600733138067,0.0014822838757471146
2014-02-13,45.4998,3.8177079303428485,0.008847857029041784
2014-02-14,45.5932,3.8197585825934115,0.002050652250563001
2014-02-18,45.8604,3.825601999589714,0.00584341699630242
2014-02-19,44.8956,3.8043397944006743,-0.02126220518903965
2014-02-20,45.1452,3.809883961919083,0.005544167518408916
2014-02-21,45.1698,3.810428721939199,0.0005447600201158309
2014-02-24,45.4998,3.8177079303428485,0.007279208403649484
2014-02-25,44.7138,3.800282178806033,-0.017425751536815692
2014-02-26,44.4938,3.795349853622751,-0.004932325183281794
2014-02-27,44.4496,3.794355963044283,-0.000993890578468104
2014-02-28,44.5518,3.7966525571410012,0.0022965940967183407
2014-03-03,44.0704,3.7857883552819582,-0.010864201859043021
2014-03-04,44.8956,3.8043397944006743,0.01855143911871604
2014-03-05,45.602,3.8199515752076567,0.015611780806982445
2014-03-06,46.1836,3.8326247567129843,0.012673181505327591
2014-03-07,46.5736,3.8410338569913183,0.00840910027833397
2014-03-10,46.4174,3.8376743889372826,-0.0033594680540356414
2014-03-11,45.6256,3.8204689625011174,-0.017205426436165183
2014-03-12,45.4134,3.815807215682897,-0.0046617468182206245
2014-03-13,45.0224,3.8071601436978377,-0.008647071985059096
2014-03-14,44.535,3.7962753968838325,-0.010884746814005197
2014-03-17,45.1452,3.809883961919083,0.013608565035250653
2014-03-18,45.5214,3.8181825450569034,0.00829858313782017
2014-03-19,45.712,3.8223608454884173,0.004178300431513904
2014-03-20,47.1297,3.852903375543006,0.030542530054588735
2014-03-21,47.1769,3.8539043660132624,0.0010009904702563688
2014-03-24,47.8813,3.8687250315325468,0.014820665519284404
2014-03-25,47.7703,3.8664041074742586,-0.0023209240582882096
2014-03-26,46.9676,3.849458002288897,-0.01694610518536166
2014-03-27,46.9824,3.8497730634942706,0.0003150612053737234
2014-03-28,47.0757,3.8517569443211364,0.001983880826865736
2014-03-31,47.6013,3.8628600717888077,0.011103127467671392
2014-04-01,47.5679,3.8621581639999163,-0.0007019077888914538
2014-04-02,47.7221,3.8653946029672324,0.0032364389673160687
2014-04-03,47.8607,3.8682947083657466,0.0029001053985142633
2014-04-04,47.1906,3.854194720215636,-0.014099988150110487
2014-04-07,46.5501,3.840529151948481,-0.013665568267155148
2014-04-08,46.4322,3.8379931840667254,-0.0025359678817555853
2014-04-09,46.7623,3.845077322733817,0.007084138667091455
2014-04-10,45.2906,3.8130995054379757,-0.03197781729584115
2014-04-11,43.6312,3.7757724907682912,-0.037327014669684466
2014-04-14,43.362,3.769583481528899,-0.006189009239392362
2014-04-15,43.2363,3.76668042019211,-0.002903061336788859
2014-04-16,43.5988,3.7750296270404458,0.008349206848335733
2014-04-17,43.5684,3.7743321169395703,-0.0006975101008754869
2014-04-21,43.4161,3.7708303400567744,-0.0035017768827958484
2014-04-22,44.035,3.7849847722574226,0.01415443220064816
2014-04-23,44.2236,3.7892585832417813,0.00427381098435875
2014-04-24,44.3346,3.79176541057406,0.002506827332278583
2014-04-25,43.9486,3.7830207692438473,-0.008744641330212577
2014-04-28,43.7826,3.7792364781796612,-0.003784291064186096
2014-04-29,44.264,3.790171705595809,0.010935227416147608
2014-04-30,44.1696,3.788036769647122,-0.0021349359486868558
2014-05-01,43.9652,3.783398411893745,-0.004638357753377065
2014-05-02,43.8523,3.7808271689819968,-0.0025712429117481506
2014-05-05,42.7785,3.75603563992593,-0.024791529056066963
2014-05-06,42.0869,3.739736528371319,-0.016299111554610946
2014-05-07,42.6468,3.7529522418145254,0.01321571344320649
2014-05-08,42.8895,3.758627040731763,0.005674798917237656
2014-05-09,42.6134,3.7521687578042004,-0.006458282927562564
2014-05-12,43.1174,3.7639266279368027,0.01175787013260221
2014-05-13,43.0958,3.7634255445655334,-0.0005010833712693064
2014-05-14,42.8895,3.758627040731763,-0.00479850383377034
2014-05-15,42.2214,3.742927201510387,-0.015699839221376077
2014-05-16,42.0613,3.739128078023248,-0.0037991234871390667
2014-05-19,42.4729,3.7488662254881993,0.009738147464951386
2014-05-20,42.3845,3.7467827293646234,-0.0020834961235758342
2014-05-21,42.7028,3.754264491855205,0.007481762490581634
2014-05-22,43.0378,3.7620787993054647,0.007814307450259683
2014-05-23,43.0251,3.761783666325001,-0.000295132980463908
2014-05-27,43.5084,3.7729540229008434,0.011170356575842533
2014-05-28,43.7472,3.778427610755536,0.005473587854692763
2014-05-29,43.9652,3.783398411893745,0.004970801138208802
2014-05-30,43.8444,3.780647002567038,-0.0027514093267071438
2014-06-02,43.6725,3.7767186133972475,-0.003928389169790325
2014-06-03,43.867,3.781162328978431,0.004443715581183394
2014-06-04,43.9309,3.7826179449164594,0.001455615938028565
2014-06-05,44.6834,3.7996020679933498,0.016984123076890345
2014-06-06,44.9506,3.805564108993171,0.005962040999821117
2014-06-09,45.3034,3.8133820848601268,0.007817975866955873
2014-06-10,45.6806,3.8216737001126315,0.00829161525250477
2014-06-11,45.1834,3.8107297627457823,-0.010943937366849177
2014-06-12,45.0028,3.80672471005682,-0.004005052688962341
2014-06-13,45.0028,3.80672471005682,0.0
2014-06-16,44.8701,3.8037716486459834,-0.0029530614108366215
2014-06-17,45.3034,3.8133820848601268,0.00961043621414337
2014-06-18,45.5872,3.819626975361843,0.0062448905017160605
2014-06-19,45.208,3.8112740623275423,-0.008352913034300524
2014-06-20,45.4084,3.81569710995927,0.004423047631727517
2014-06-23,45.9124,3.8267352330873288,0.011038123128058963
2014-06-24,45.3034,3.8133820848601268,-0.013353148227202016
2014-06-25,45.3957,3.815417386905293,0.0020353020451664428
2014-06-26,45.2828,3.812927269438901,-0.00249011746639205
2014-06-27,45.3957,3.815417386905293,0.00249011746639205
2014-06-30,45.4625,3.816887810313107,0.0014704234078140033
2014-07-01,45.7396,3.8229644434755046,0.006076633162397371
2014-07-02,45.265,3.8125341069274037,-0.010430336548100883
2014-07-03,45.325,3.813858756640915,0.0013246497135113167
2014-07-07,45.0282,3.8072889601634254,-0.0065697964774895645
2014-07-08,44.3042,3.7910794806834947,-0.01620947947993079
2014-07-09,44.5046,3.79559255461632,0.004513073932825407
2014-07-10,44.145,3.787479670353546,-0.008112884262774234
2014-07-11,44.3346,3.79176541057406,0.004285740220514089
2014-07-14,44.7228,3.8004834386936044,0.008718028119544474
2014-07-15,46.2976,3.8350901238955326,0.03460668520192822
2014-07-16,46.6464,3.8425957538975566,0.0075056300020239775
2014-07-17,45.9694,3.82797595774253,-0.01461979615502651
2014-07-18,46.2652,3.834390058613945,0.00641410087141514
2014-07-21,46.274,3.8345802482854903,0.00019018967154504907
2014-07-22,46.6149,3.8419202325141346,0.007339984228644347
2014-07-23,46.8752,3.8474887509481395,0.005568518434004854
2014-07-24,47.0089,3.8503369454855223,0.002848194537382831
2014-07-25,46.8821,3.8476359394873243,-0.002701005998198003
2014-07-28,47.0266,3.8507133990633524,0.0030774595760281187
2014-07-29,46.5913,3.841413828422897,-0.00929957064045528
2014-07-30,46.8065,3.846022082168321,0.004608253745423951
2014-07-31,45.8192,3.8247032172483104,-0.02131886492001067
2014-08-01,44.872,3.803813992206036,-0.02088922504227453
2014-08-04,45.0086,3.8068535826220287,0.0030395904159927767
2014-08-05,44.543,3.796455014747312,-0.010398567874716491
2014-08-06,44.6766,3.7994498746179444,0.002994859870632194
2014-08-07,44.4221,3.7937370933506074,-0.005712781267336986
2014-08-08,44.764,3.8014042449557808,0.0076671516051733946
2014-08-11,44.7454,3.800988646141182,-0.0004155988145986278
2014-08-12,44.7708,3.801556141202002,0.0005674950608196561
2014-08-13,45.0636,3.8080748252881507,0.006518684086148863
2014-08-14,45.2728,3.8127064106506947,0.004631585362544044
2014-08-15,45.0882,3.8086205714764816,-0.004085839174213124
2014-08-18,45.4704,3.8170615648072426,0.008440993330760982
2014-08-19,45.7336,3.8228332575104655,0.005771692703222975
2014-08-20,45.7956,3.824188016636138,0.0013547591256726221
2014-08-21,46.4803,3.8390285669118107,0.014840550275672548
2014-08-22,46.4734,3.838880105903531,-0.0001484610082798099
2014-08-25,47.1444,3.8532152321424142,0.014335126238883333
2014-08-26,47.4618,3.859925176963514,0.006709944821099878
2014-08-27,47.3449,3.857459105277778,-0.002466071685736093
2014-08-28,46.999,3.850126324887964,-0.007332780389813998
2014-08-29,47.2368,3.8551732498306936,0.005046924942729625
2014-09-02,47.4107,3.858847941622577,0.003674691791883511
2014-09-03,47.4303,3.8592612649801765,0.00041332335759936
2014-09-04,47.4382,3.8594278113052107,0.0001665463250342114
2014-09-05,47.6003,3.8628390637385217,0.003411252433310974
2014-09-08,47.5816,3.8624461318840284,-0.0003929318544932947
2014-09-09,46.9264,3.8485804168703566,-0.013865715013671842
2014-09-10,47.0531,3.851276751214791,0.0026963343444346144
2014-09-11,47.4814,3.8603380554061713,0.00906130419138007
2014-09-12,47.6966,3.8648601165278436,0.004522061121672305
2014-09-15,47.6229,3.8633137379864855,-0.0015463785413580844
2014-09-16,47.6602,3.8640966680528948,0.000782930066409282
2014-09-17,47.9147,3.8694223466887827,0.005325678635887954
2014-09-18,48.7183,3.8860547295252053,0.016632382836422543
2014-09-19,48.5562,3.8827218899825073,-0.0033328395426979185
2014-09-22,48.3931,3.8793572415761894,-0.003364648406317894
2014-09-23,48.4177,3.8798654493490714,0.0005082077728819634
2014-09-24,48.9679,3.891164981396708,0.011299532047636784
2014-09-25,47.787,3.866753635980611,-0.02441134541609724
2014-09-26,48.1151,3.873596057160148,0.006842421179537261
2014-09-29,47.9324,3.8697916849410867,-0.0038043722190614915
2014-09-30,47.8616,3.8683135127613792,-0.001478172179707471
2014-10-01,47.4883,3.8604833649104053,-0.007830147850973912
2014-10-02,47.0668,3.851567869248209,-0.008915495662196182
2014-10-03,48.232,3.8760227011871042,0.024454831938895083
2014-10-06,48.1367,3.8740448799429448,-0.001977821244159461
2014-10-07,47.4097,3.858826849115057,-0.015218030827887752
2014-10-08,48.3145,3.877731722644748,0.018904873529690835
2014-10-09,47.2574,3.8556092554337114,-0.0221224672110365
2014-10-10,46.8104,3.8461054004581228,-0.009503854975588588
2014-10-13,46.5196,3.839873729161218,-0.006231671296904828
2014-10-14,46.386,3.8369976895663926,-0.002876039594825297
2014-10-15,44.4172,3.793626781810445,-0.04337090775594765
2014-10-16,44.0576,3.785497868714919,-0.008128913095525991
2014-10-17,44.9526,3.8056086012915613,0.02011073257664231
2014-10-20,45.2974,3.813249635698336,0.0076410344067747715
2014-10-21,46.3359,3.835917038611751,0.022667402913414847
2014-10-22,45.9528,3.827614782744968,-0.008302255866782904
2014-10-23,46.44,3.8381611568296905,0.010546374084722476
2014-10-24,46.9853,3.849834786831139,0.011673630001448387
2014-10-27,46.9038,3.8480986956241687,-0.0017360912069701584
2014-10-28,47.6985,3.864899950858962,0.016801255234793366
2014-10-29,47.4225,3.859096799618741,-0.005803151240221016
2014-10-30,47.505,3.860834968658713,0.0017381690399718153
2014-10-31,48.3755,3.8789934872138434,0.01815851855513051
2014-11-03,48.6987,3.885652335687077,0.006658848473233725
2014-11-04,48.1917,3.8751868070584505,-0.010465528628626597
2014-11-05,48.9109,3.8900002755269267,0.014813468468476199
2014-11-06,48.9777,3.891365092479446,0.00136481695251911
2014-11-07,49.1663,3.895208429456838,0.003843336977392031
2014-11-10,49.5357,3.9026936217473724,0.00748519229053457
2014-11-11,49.0867,3.8935881223432616,-0.009105499404110873
2014-11-12,48.4433,3.8803940418805563,-0.013194080462705315
2014-11-13,48.176,3.8748609717393783,-0.005533070141177987
2014-11-14,48.2193,3.875759355849646,0.0008983841102678802
2014-11-17,48.2969,3.8773673764041447,0.0016080205544986015
2014-11-18,48.4157,3.879824141288004,0.0024567648838593747
2014-11-19,48.4707,3.88095949167584,0.001135350387835743
2014-11-20,48.0876,3.873024347618752,-0.00793514405708784
2014-11-21,48.3509,3.8784848359970012,0.005460488378249195
2014-11-24,48.7596,3.886902101133975,0.008417265136973828
2014-11-25,48.232,3.8760227011871042,-0.010879399946870816
2014-11-26,48.2635,3.876675581396418,0.0006528802093139774
2014-11-28,48.119,3.8736771095106586,-0.002998471885759635
2014-12-01,47.9943,3.8710822538565517,-0.002594855654106887
2014-12-02,48.8579,3.888916084963237,0.01783383110668524
2014-12-03,49.2253,3.896407718970813,0.007491634007576131
2014-12-04,49.0955,3.893767380905884,-0.0026403380649289154
2014-12-05,50.1517,3.9150524121384946,0.021285031232610496
2014-12-08,50.1271,3.9145617800109966,-0.000490632127498003
2014-12-09,49.9503,3.9110285110825327,-0.0035332689284639507
2014-12-10,48.5365,3.882316092218714,-0.02871241886381881
2014-12-11,48.9031,3.889840789154495,0.007524696935781172
2014-12-12,48.0218,3.871655074472093,-0.018185714682402043
2014-12-15,47.3193,3.856918246101362,-0.014736828370731203
2014-12-16,46.7367,3.8445297232805666,-0.012388522820795167
2014-12-17,47.8096,3.86722645615248,0.022696732871913206
2014-12-18,49.1741,3.8953670621249246,0.02814060597244472
2014-12-19,49.5357,3.9026936217473724,0.007326559622447881
2014-12-22,49.5445,3.902871255624235,0.00017763387686242638
2014-12-23,49.9759,3.9115408892288057,0.008669633604570848
2014-12-24,49.9759,3.9115408892288057,0.0
2014-12-26,50.0329,3.9126807890410626,0.0011398998122569282
2014-12-29,50.359,3.9191773519496045,0.006496562908541836
2014-12-30,50.5113,3.922197073626485,0.0030197216768805824
2014-12-31,50.0555,3.913132389833644,-0.009064683792840977
2015-01-02,50.3059,3.9181223664496936,0.004989976616049496
2015-01-05,48.7429,3.886559545811531,-0.0315628206381624
2015-01-06,47.4804,3.860316994305812,-0.02624255150571919
2015-01-07,47.5512,3.861807025266022,0.0014900309602099426
2015-01-08,48.6122,3.8838745282105736,0.02206750294455162
2015-01-09,47.7673,3.866341304975536,-0.017533223235037365
2015-01-12,47.3606,3.857790659414419,-0.008550645561117065
2015-01-13,47.3684,3.8579553397133273,0.00016468029890814861
2015-01-14,45.7336,3.8228332575104655,-0.035122082202861726
2015-01-15,44.2698,3.790302729001746,-0.0325305285087194
2015-01-16,45.0272,3.8072667516117997,0.016964022610053586
2015-01-20,44.8475,3.8032678455911086,-0.003998906020691084
2015-01-21,44.99,3.806440242853081,0.0031723972619723817
2015-01-22,46.3604,3.836445646562025,0.03000540370894411
2015-01-23,45.6286,3.820534712899479,-0.015910933662546256
2015-01-26,45.7012,3.8221245557611074,0.0015898428616285543
2015-01-27,45.2414,3.812012596834529,-0.010111958926578346
2015-01-28,44.0724,3.785833736186589,-0.026178860647940283
2015-01-29,44.816,3.8025652185177528,0.01673148233116395
2015-01-30,43.7776,3.779122271039763,-0.023442947477989584
2015-02-02,44.653,3.7989214943151315,0.019799223275368316
2015-02-03,45.66,3.821222641101649,0.022301146786517734
2015-02-04,45.3898,3.815287410201782,-0.00593523089986725
2015-02-05,45.7012,3.8221245557611074,0.006837145559325464
2015-02-06,46.6041,3.841688520093956,0.01956396433284846
2015-02-09,46.5442,3.8404023987528952,-0.0012861213410606531
2015-02-10,47.0639,3.8515062527936217,0.011103854040726446
2015-02-11,46.9863,3.849856069857075,-0.001650182936546507
2015-02-12,47.953,3.8702213645443826,0.02036529468730741
2015-02-13,48.0335,3.871898684143977,0.0016773195995942736
2015-02-17,48.3813,3.8791133754285623,0.007214691284585406
2015-02-18,47.7919,3.866856169071163,-0.01225720635739913
2015-02-19,47.6799,3.864509925439459,-0.0023462436317043256
2015-02-20,48.1407,3.8741279731715177,0.009618047732058876
2015-02-23,47.7752,3.8665066764074747,-0.007621296764042995
2015-02-24,48.9619,3.8910424446406338,0.02453576823315906
2015-02-25,49.2183,3.8962655055610678,0.005223060920434008
2015-02-26,49.5711,3.903408002627504,0.007142497066436437
2015-02-27,49.3333,3.8985993094201015,-0.004808693207402737
2015-03-02,49.7233,3.9064736361214236,0.007874326701322154
2015-03-03,49.8855,3.909730379368262,0.003256743246838223
2015-03-04,50.0171,3.9123649469594763,0.0026345675912144983
2015-03-05,49.911,3.9102414193457156,-0.0021235276137607784
2015-03-06,49.0179,3.8921855375250396,-0.018055881820675967
2015-03-09,49.5063,3.902099934203431,0.009914396678391224
2015-03-10,48.2674,3.876756384538254,-0.025343549665176823
2015-03-11,48.4933,3.8814256440707338,0.004669259532479764
2015-03-12,48.904,3.8898591927264246,0.008433548655690792
2015-03-13,49.1063,3.8939873361418074,0.004128143415382812
2015-03-16,49.7911,3.907836253199766,0.013848917057958765
2015-03-17,49.5967,3.9039242992594483,-0.003911953940317847
2015-03-18,49.7097,3.906200085085353,0.002275785825904819
2015-03-19,49.2665,3.897244336890337,-0.008955748195015989
2015-03-20,49.7097,3.906200085085353,0.008955748195015989
2015-03-23,49.2183,3.8962655055610678,-0.009934579524285336
2015-03-24,48.6731,3.885126516084485,-0.011138989476582761
2015-03-25,47.9903,3.8709989071529693,-0.014127608931515656
2015-03-26,47.9304,3.8697499586405764,-0.0012489485123929889
2015-03-27,47.9393,3.869935627314319,0.00018566867374270046
2015-03-30,49.072,3.893288607371896,0.02335298005757691
2015-03-31,48.7665,3.8870436017171324,-0.006245005654763602
2015-04-01,48.5808,3.8832283911206096,-0.003815210596522789
2015-04-02,49.0435,3.8927076593911676,0.009479268270558006
2015-04-06,49.0033,3.891887642781699,-0.0008200166094685102
2015-04-07,49.3107,3.8981410960387417,0.006253453257042629
2015-04-08,49.4739,3.9014452577902246,0.003304161751482848
2015-04-09,49.8127,3.9082699715988354,0.006824713808610827
2015-04-10,49.9975,3.9119730041781042,0.00370303257926885
2015-04-13,50.2991,3.917987184301483,0.006014180123378843
2015-04-14,51.087,3.9335300617125775,0.015542877411094391
2015-04-15,52.0311,3.9518416167277794,0.018311555015201986
2015-04-16,51.7138,3.9457246704611566,-0.006116946266622847
2015-04-17,50.9229,3.930312724149194,-0.01541194631196241
2015-04-20,51.2481,3.936678544160559,0.0063658200113647645
2015-04-21,50.4945,3.9218644194590033,-0.014814124701555631
2015-04-22,51.0035,3.9318942578205505,0.010029838361547139
2015-04-23,50.8915,3.9296959155053184,-0.0021983423152320825
2015-04-24,50.7284,3.926485911558253,-0.0032100039470654984
2015-04-27,50.5181,3.922331687907284,-0.004154223650969069
2015-04-28,50.8541,3.9289607485460696,0.0066290606387857665
2015-04-29,51.5389,3.9423368623499733,0.013376113803903689
2015-04-30,51.2629,3.9369672936626188,-0.005369568687354498
2015-05-01,51.5477,3.942507592590788,0.005540298928169207
2015-05-04,52.4506,3.9598717742430343,0.01736418165224629
2015-05-05,52.1854,3.954802762280485,-0.005069011962549386
2015-05-06,51.7993,3.9473766356606155,-0.007426126619869411
2015-05-07,52.2698,3.956418766430921,0.00904213077030569
2015-05-08,53.0725,3.9716589033240197,0.015240136893098555
2015-05-11,53.0381,3.971010523214867,-0.0006483801091525798
2015-05-12,52.9644,3.9696199897486673,-0.0013905334661998836
2015-05-13,53.097,3.9721204294767265,0.002500439728059245
2015-05-14,53.5224,3.9801002578638807,0.007979828387154164
2015-05-15,53.3869,3.97756539751862,-0.0025348603452606255
2015-05-18,53.823,3.985700885105357,0.008135487586736989
2015-05-19,54.3006,3.994535276602599,0.008834391497241967
2015-05-20,53.8732,3.986633137192909,-0.00790213940969009
2015-05-21,54.0108,3.9891840265669405,0.002550889374031584
2015-05-22,53.8644,3.9864697773256097,-0.0027142492413307906
2015-05-26,53.264,3.9752606808326694,-0.01120909649294033
2015-05-27,53.8644,3.9864697773256097,0.01120909649294033
2015-05-28,53.6452,3.982391996295014,-0.004077781030595862
2015-05-29,53.3064,3.9760563990102717,-0.006335597284742089
2015-06-01,53.551,3.9806344708557195,0.004578071845447784
2015-06-02,53.5008,3.97969660706119,-0.0009378637945296475
2015-06-03,54.052,3.9899465461758394,0.010249939114649553
2015-06-04,53.7534,3.984406920821161,-0.005539625354678446
2015-06-05,54.6356,4.000685684933671,0.01627876411251039
2015-06-08,54.2042,3.992758396218253,-0.007927288715418257
2015-06-09,54.4372,3.997047743690533,0.004289347472279825
2015-06-10,55.3134,4.0130151938222145,0.01596745013168155
2015-06-11,55.5286,4.016898203338363,0.0038830095161488387
2015-06-12,55.3056,4.012874169224037,-0.004024034114326724
2015-06-15,55.0954,4.009066228100335,-0.0038079411237017524
2015-06-16,55.4078,4.014720378066488,0.005654149966153099
2015-06-17,55.2192,4.0113107188925365,-0.003409659173951418
2015-06-18,55.7369,4.020642405150196,0.009331686257659122
2015-06-19,55.17,4.01041932728434,-0.010223077865855856
2015-06-22,55.8813,4.023229798255593,0.012810470971253096
2015-06-23,56.5238,4.034661788394234,0.011431990138641268
2015-06-24,55.9294,4.024090181080621,-0.010571607313613285
2015-06-25,55.6298,4.018719028898284,-0.005371152182337191
2015-06-26,55.8744,4.023106314621044,0.004387285722760481
2015-06-29,54.4548,3.9973709997635827,-0.0257353148574615
2015-06-30,54.9106,4.0057064082024905,0.008335408438907788
2015-07-01,55.5247,4.016827966794261,0.01112155859177033
2015-07-02,55.0728,4.008655946361738,-0.008172020432522409
2015-07-06,54.9204,4.005884864194441,-0.0027710821672970454
2015-07-07,54.4872,3.9979658116993884,-0.00791905249505298
2015-07-08,53.3662,3.97717758676166,-0.020788224937728472
2015-07-09,53.9252,3.9875979011232334,0.010420314361573535
2015-07-10,54.6886,4.001655278201258,0.014057377078024569
2015-07-13,55.5394,4.0170926787954535,0.015437400594195516
2015-07-14,56.3126,4.030918311171641,0.013825632376187613
2015-07-15,56.4354,4.033096621182596,0.002178310010954476
2015-07-16,56.737,4.038426555229984,0.005329934047388463
2015-07-17,56.4511,4.033374776676852,-0.0050517785531321024
2015-07-20,56.4934,4.034123817169798,0.0007490404929457739
2015-07-21,56.3627,4.031807592199545,-0.002316224970252634
2015-07-22,57.1634,4.045913833448027,0.014106241248481588
2015-07-23,56.8009,4.039552170671996,-0.006361662776030563
2015-07-24,56.2065,4.029032408574722,-0.010519762097274565
2015-07-27,55.4726,4.015889205151839,-0.013143203422882443
2015-07-28,55.507,4.016509138925284,0.0006199337734447141
2015-07-29,56.2291,4.029434416485105,0.012925277559821424
2015-07-30,56.3126,4.030918311171641,0.0014838946865358693
2015-07-31,55.897,4.023510711457945,-0.0074075997136962
2015-08-03,55.897,4.023510711457945,0.0
2015-08-04,55.843,4.0225441819393515,-0.0009665295185934397
2015-08-05,56.0591,4.0264064913801585,0.0038623094408070102
2015-08-06,55.6701,4.019443198493426,-0.006963292886732475
2015-08-07,55.507,4.016509138925284,-0.002934059568142189
2015-08-10,56.1927,4.028786855224354,0.01227771629906993
2015-08-11,55.6524,4.0191252034762615,-0.009661651748092304
2015-08-12,54.8468,4.0045438440895325,-0.014581359386728998
2015-08-13,55.0964,4.009084378271219,0.004540534181686873
2015-08-14,55.3793,4.0142058777207135,0.005121499449494138
2015-08-17,55.5247,4.016827966794261,0.002622089073547329
2015-08-18,55.6357,4.01882508153824,0.0019971147439790116
2015-08-19,55.1406,4.009886286929267,-0.008938794608972955
2015-08-20,53.7838,3.9849723065818057,-0.024913980347461173
2015-08-21,51.8749,3.948835050838161,-0.03613725574364457
2015-08-24,49.1447,3.8947690076149777,-0.054066043223183424
2015-08-25,48.8667,3.889096182912449,-0.005672824702528612
2015-08-26,51.3129,3.9379421825537615,0.04884599964131242
2015-08-27,52.594,3.9626020447963,0.024659862242538466
2015-08-28,52.3082,3.9571531465438667,-0.005448898252433221
2015-08-31,52.2866,3.956740124093285,-0.00041302245058183473
2015-09-01,50.1213,3.9144460674408914,-0.0422940566523935
2015-09-02,51.0339,3.9324901177875713,0.018044050346679885
2015-09-03,51.1253,3.9342794823164096,0.0017893645288382665
2015-09-04,50.1635,3.915287670604897,-0.01899181171151243
2015-09-08,51.5143,3.94185943902945,0.026571768424553
2015-09-09,50.7176,3.9262729903974223,-0.01558644863202785
2015-09-10,51.1086,3.9339527805051993,0.007679790107776974
2015-09-11,51.0261,3.9323372665233114,-0.0016155139818878617
2015-09-14,50.8797,3.9294640227880686,-0.002873243735242781
2015-09-15,51.8602,3.9485516366399116,0.01908761385184299
2015-09-16,52.316,3.957302251626906,0.008750614986994254
2015-09-17,51.1027,3.933837333387189,-0.02346491823971686
2015-09-18,49.7057,3.906119614655175,-0.027717718732013896
2015-09-21,50.1213,3.9144460674408914,0.00832645278571631
2015-09-22,49.6821,3.9056447072632503,-0.008801360177641104
2015-09-23,49.4639,3.9012431105818965,-0.004401596681353759
2015-09-24,49.1211,3.89428867772495,-0.006954432856946635
2015-09-25,50.1399,3.9148170983125223,0.020528420587572427
2015-09-28,48.9217,3.8902210608284293,-0.024596037484093003
2015-09-29,48.8087,3.8879085756578693,-0.0023124851705600413
2015-09-30,49.7293,3.906594296617123,0.018685720959253693
2015-10-01,50.0977,3.9139750988533737,0.007380802236250705
2015-10-02,49.9571,3.9111646371354674,-0.002810461717906332
2015-10-05,50.9534,3.9309114895325314,0.019746852397064085
2015-10-06,50.9789,3.931411821626126,0.0005003320935945688
2015-10-07,51.0418,3.932644904872368,0.0012330832462419394
2015-10-08,51.0418,3.932644904872368,0.0
2015-10-09,50.8767,3.9294050584378977,-0.0032398464344702838
2015-10-12,50.7039,3.9260028307156323,-0.003402227722265394
2015-10-13,50.5683,3.923324897758,-0.0026779329576323008
2015-10-14,49.2813,3.897544698747452,-0.025780199010548177
2015-10-15,50.8453,3.9287876895108744,0.03124299076342263
2015-10-16,51.2874,3.937445107973569,0.008657418462694633
2015-10-19,51.1165,3.934107341371674,-0.003337766601894998
2015-10-20,51.3631,3.9389200158156714,0.004812674443997356
2015-10-21,50.9858,3.9315471625825658,-0.007372853233105658
2015-10-22,51.9132,3.949573093094229,0.018025930511663457
2015-10-23,52.4703,3.960247295235163,0.01067420214093362
2015-10-26,52.4948,3.960714117072991,0.0004668218378283129
2015-10-27,52.2856,3.9567209985513143,-0.003993118521676831
2015-10-28,53.8113,3.9854834822877407,0.028762483736426425
2015-10-29,53.5736,3.9810564094269774,-0.004427072860763381
2015-10-30,52.7856,3.9662384262426427,-0.014817983184334693
2015-11-02,53.8456,3.986120691814684,0.019882265572041202
2015-11-03,54.0412,3.989746718618955,0.003626026804270932
2015-11-04,54.0962,3.990763943089722,0.0010172244707673528
2015-11-05,54.5816,3.9996968296178372,0.00893288652811508
2015-11-06,56.2428,4.02967803289183,0.029981203273993007
2015-11-09,55.3655,4.013956656085541,-0.015721376806289378
2015-11-10,55.6003,4.018188596925433,0.00423194083989209
2015-11-11,55.3302,4.013318871579068,-0.00486972534636454
2015-11-12,54.222,3.9930867301478736,-0.020232141431194783
2015-11-13,53.8614,3.986414080361637,-0.006672649786236828
2015-11-16,54.6424,4.00081013816321,0.014396057801573381
2015-11-17,54.329,3.995058154356858,-0.005751983806352001
2015-11-18,55.4146,4.014843096939361,0.019784942582503184
2015-11-19,55.5846,4.017906184473664,0.003063087534302511
2015-11-20,55.4883,4.016172187717856,-0.0017339967558083202
2015-11-23,54.946,4.006350884751469,-0.009821302966386725
2015-11-24,54.8616,4.004813650231811,-0.0015372345196578152
2015-11-25,54.9294,4.006048724301973,0.001235074070161879
2015-11-27,55.1838,4.010669431949007,0.004620707647034372
2015-11-30,54.78,4.0033251638349325,-0.007344268114074737
2015-12-01,55.5453,4.017198904045295,0.013873740210362584
2015-12-02,54.7632,4.003018435528078,-0.014180468517217548
2015-12-03,54.0588,3.9900723430436633,-0.012946092484414251
2015-12-04,55.7722,4.0212755373551765,0.031203194311513194
2015-12-07,55.0472,4.008190999023177,-0.013084538331999518
2015-12-08,54.1866,3.99243364540629,-0.015757353616887126
2015-12-09,53.776,3.9848272709827497,-0.007606374423540174
2015-12-10,53.8998,3.9871267673329283,0.002299496350178565
2015-12-11,52.6353,3.963386997316569,-0.023739770016359074
2015-12-14,52.7994,3.9664998270112855,0.003112829694716268
2015-12-15,54.3026,3.994572107929857,0.02807228091857139
2015-12-16,55.4795,4.016013583149351,0.021441475219494244
2015-12-17,54.4498,3.9972791762776416,-0.018734406871709464
2015-12-18,52.9094,3.968581016840402,-0.028698159437239745
2015-12-21,53.8456,3.986120691814684,0.017539674974281994
2015-12-22,53.9606,3.9882541506254006,0.002133458810716693
2015-12-23,54.8212,4.004076980456294,0.01582282983089378
2015-12-24,54.7162,4.002159826458474,-0.0019171539978204422
2015-12-28,54.5364,3.998868368638251,-0.0032914578202229983
2015-12-29,55.0983,4.00911886268835,0.010250494050099146
2015-12-30,54.7072,4.001995327822527,-0.007123534865822734
2015-12-31,54.2504,3.9936103656652757,-0.008384962157251596
2016-01-04,52.6186,3.963069669404917,-0.030540696260358935
2016-01-05,52.708,3.9647672466830057,0.0016975772780889464
2016-01-06,51.9486,3.9502547681926927,-0.014512478490313008
2016-01-07,49.8491,3.9090004420823816,-0.0412543261103111
2016-01-08,48.7281,3.8862558657402535,-0.02274457634212812
2016-01-11,48.6574,3.8848039039508544,-0.0014519617893991033
2016-01-12,48.7625,3.886961574832775,0.002157670881920648
2016-01-13,47.4225,3.859096799618741,-0.027864775214033966
2016-01-14,48.1357,3.874024105556931,0.014927305938190027
2016-01-15,47.1749,3.8538619714855415,-0.02016213407138956
2016-01-19,47.1484,3.8533000742513006,-0.0005618972342409378
2016-01-20,45.9114,3.826713452241839,-0.026586622009461713
2016-01-21,45.6944,3.8219757520985125,-0.004737700143326418
2016-01-22,47.1022,3.8523197090610464,0.03034395696253389
2016-01-25,46.0333,3.829365047633913,-0.022954661427133427
2016-01-26,47.2093,3.8545909070811857,0.025225859447272736
2016-01-27,47.1749,3.8538619714855415,-0.0007289355956441312
2016-01-28,47.3763,3.8581221036593485,0.004260132173806941
2016-01-29,49.2095,3.896086694289792,0.03796459063044333
2016-02-01,48.6829,3.885327839064745,-0.010758855225046826
2016-02-02,47.1651,3.853654212315831,-0.03167362674891416
2016-02-03,47.4814,3.8603380554061713,0.0066838430903404245
2016-02-04,48.3017,3.8774667567265086,0.01712870132033739
2016-02-05,47.7604,3.866196844258655,-0.011269912467853693
2016-02-08,46.7603,3.8450345523232357,-0.021162291935419297
2016-02-09,46.4803,3.8390285669118107,-0.006005985411424941
2016-02-10,45.9194,3.826887685723857,-0.012140881187953756
2016-02-11,43.8906,3.781700174146688,-0.04518751157716894
2016-02-12,47.5473,3.861725005044837,0.08002483089814882
2016-02-16,48.2585,3.8765719780727306,0.014846973027893728
2016-02-17,48.6043,3.883712004358812,0.007140026286081458
2016-02-18,47.8135,3.867308026400718,-0.016403977958094007
2016-02-19,47.8223,3.8674920579040846,0.00018403150336654406
2016-02-22,58.57,4.070222620101691,0.20273056219760655
2016-02-23,46.4155,3.837633455173493,-0.23258916492819814
2016-02-24,56.14,4.027848570933736,0.19021511576024341
2016-02-25,57.01,4.043226691043491,0.015378120109754256
2016-02-26,47.5875,3.862570121708616,-0.18065656933487473
2016-02-29,56.3,4.030694535145645,0.16812441343702877
2016-03-01,59.2,4.0809215418899605,0.050227006744315794
2016-03-02,59.76,4.090336540824562,0.009414998934601293
2016-03-03,59.96,4.093677673234397,0.0033411324098349127
2016-03-04,60.05,4.095177548525992,0.0014998752915955649
2016-03-07,59.94,4.0933440618885175,-0.001833486637474735
2016-03-08,48.6122,3.8838745282105736,-0.20946953367794396
2016-03-09,48.8961,3.889697638699032,0.005823110488458294
2016-03-10,48.4717,3.880980122483413,-0.008717516215619003
2016-03-11,59.34,4.083283614862676,0.20230349237926326
2016-03-14,59.12,4.079569276639947,-0.003714338222729374
2016-03-15,59.2,4.0809215418899605,0.001352265250013751
2016-03-16,48.7281,3.8862558657402535,-0.19466567614970698
2016-03-17,48.5887,3.883390993583675,-0.0028648721565787127
2016-03-18,60.48,4.102312731871278,0.21892173828760297
2016-03-21,60.46,4.101981989351312,-0.00033074251996545456
2016-03-22,49.8216,3.9084486249345574,-0.19353336441675495
2016-03-23,49.5721,3.9034281754684055,-0.005020449466151877
2016-03-24,49.1939,3.8957696320718056,-0.007658543396599882
2016-03-28,49.1289,3.8944474563512377,-0.0013221757205679197
2016-03-29,48.8215,3.888170789605466,-0.006276666745771653
2016-03-30,49.3815,3.899575860126389,0.011405070520922767
2016-03-31,59.22,4.0812593226734455,0.1816834625470567
2016-04-01,49.5151,3.9022776735612497,-0.17898164911219583
2016-04-04,49.3265,3.8984614619886093,-0.003816211572640338
2016-04-05,58.36,4.066630723654585,0.1681692616659758
2016-04-06,58.81,4.074311908471865,0.007681184817279529
2016-04-07,57.32,4.048649602959971,-0.025662305511893635
2016-04-08,48.1073,3.8734339327480134,-0.1752156702119576
2016-04-11,58.2,4.063885354737392,0.19045142198937892
2016-04-12,49.3893,3.899733801542601,-0.16415155319479124
2016-04-13,51.4849,3.9412885607935326,0.04155475925093155
2016-04-14,52.148,3.9540858298005324,0.012797269006999734
2016-04-15,61.87,4.125035409542898,0.17094957974236547
2016-04-18,51.8808,3.9489487795298155,-0.17608663001308233
2016-04-19,52.7572,3.965700255932864,0.016751476403048304
2016-04-20,53.5214,3.9800815739232878,0.01438131799042397
2016-04-21,52.9929,3.9701579423142253,-0.009923631609062511
2016-04-22,53.2975,3.9758894257565602,0.005731483442334984
2016-04-25,52.9929,3.9701579423142253,-0.005731483442334984
2016-04-26,53.264,3.9752606808326694,0.0051027385184441165
2016-04-27,53.4154,3.9780990939029954,0.0028384130703260624
2016-04-28,63.6,4.152613470346076,0.174514376443081
2016-04-29,52.655,3.9637612008325607,-0.18885226951351575
2016-05-02,63.79,4.1555964382538635,0.19183523742130282
2016-05-03,52.1254,3.953652353950433,-0.20194408430343058
2016-05-04,51.2982,3.9376556638418374,-0.0159966901085955
2016-05-05,51.0221,3.932258872195885,-0.005396791645952526
2016-05-06,51.3237,3.9381526337970776,0.005893761601192704
2016-05-09,61.21,4.114310574862978,0.17615794106590066
2016-05-10,62.04,4.127779338308338,0.013468763445359855
2016-05-11,51.4977,3.9415371464782196,-0.18624219183011848
2016-05-12,51.4672,3.940944711563174,-0.0005924349150454589
2016-05-13,50.9907,3.93164326315483,-0.009301448408344015
2016-05-16,51.3739,3.9391302613949617,0.007486998240131548
2016-05-17,61.66,4.121635422458004,0.18250516106304238
2016-05-18,64.04,4.159507888128514,0.03787246567051028
2016-05-19,63.39,4.149306120296075,-0.010201767832439756
2016-05-20,52.9163,3.9687114199468265,-0.18059470034924807
2016-05-23,63.46,4.150409786155049,0.18169836620822277
2016-05-24,64.54,4.167285186623816,0.016875400468766344
2016-05-25,65.52,4.182355439544814,0.015070252920998506
2016-05-26,54.1798,3.9923081452510956,-0.19004729429371858
2016-05-27,54.5158,3.9984905679108005,0.0061824226597049226
2016-05-31,54.384,3.9960699929537604,-0.002420574957040067
2016-06-01,54.7338,4.002481434501447,0.006411441547686358
2016-06-02,54.832,4.004273965132253,0.0017925306308059774
2016-06-03,53.8604,3.986395514017591,-0.017878451114661686
2016-06-06,54.3929,3.9962336306382293,0.00983811662063827
2016-06-07,54.2062,3.992795293047344,-0.0034383375908855207
2016-06-08,54.3674,3.9957647095251527,0.002969416477808906
2016-06-09,64.75,4.1705337005796475,0.17476899105449473
2016-06-10,53.1904,3.9738779289365156,-0.19665577164313186
2016-06-13,63.27,4.147411283158793,0.17353335422227767
2016-06-14,62.08,4.128423875874963,-0.01898740728382986
2016-06-15,61.97,4.126650396974016,-0.0017734789009473673
2016-06-16,62.22,4.130676491469491,0.0040260944954750855
2016-06-17,51.8887,3.9491010400690927,-0.18157545140039844
2016-06-20,51.9682,3.9506319930539746,0.001530952984881928
2016-06-21,52.4516,3.9598908396201193,0.00925884656614473
2016-06-22,52.2502,3.956043718588791,-0.0038471210313284487
2016-06-23,53.3643,3.9771419830682415,0.021098264479450624
2016-06-24,49.6585,3.9051695742271306,-0.07197240884111089
2016-06-27,57.61,4.053696163744291,0.1485265895171608
2016-06-28,59.52,4.086312390524837,0.03261622678054543
2016-06-29,61.2,4.11414718951828,0.02783479899344332
2016-06-30,62.14,4.129389903964901,0.015242714446620731
2016-07-01,51.4367,3.9403519254609347,-0.1890379785039662
2016-07-05,50.0013,3.912049005090152,-0.028302920370782747
2016-07-06,60.19,4.0975062255596795,0.1854572204695275
2016-07-07,60.58,4.103964805599091,0.006458580039411466
2016-07-08,61.83,4.124388683570477,0.02042387797138634
2016-07-11,52.2875,3.956757336768317,-0.1676313468021604
2016-07-12,53.0686,3.971585416239342,0.014828079471024935
2016-07-13,63.16,4.145671189387441,0.17408577314809914
2016-07-14,53.8398,3.98601297061932,-0.1596582187681208
2016-07-15,53.8908,3.9869597768899596,0.0009468062706394775
2016-07-18,63.96,4.158257887965753,0.17129811107579362
2016-07-19,63.86,4.156693187286636,-0.0015647006791175144
2016-07-20,63.93,4.157788734778635,0.0010955474919995822
2016-07-21,53.4802,3.979311491942531,-0.1784772428361041
2016-07-22,64.04,4.159507888128514,0.18019639618598315
2016-07-25,53.6286,3.9820825078620037,-0.17742538026651067
2016-07-26,53.8496,3.986194975533955,0.004112467671951503
2016-07-27,54.0166,3.989291406731706,0.0030964311977506043
2016-07-28,64.1,4.160444363926624,0.1711529571949182
2016-07-29,53.713,3.9836550578778938,-0.17678930604873022
2016-08-01,53.5716,3.9810190769099774,-0.002635980967916396
2016-08-02,53.4448,3.978649345554065,-0.0023697313559125632
2016-08-03,54.2898,3.9943363639908833,0.015687018436818523
2016-08-04,54.2092,3.9928506357385256,-0.0014857282523577098
2016-08-05,66.3,4.194189897191817,0.20133926145329095
2016-08-08,66.1,4.191168746857641,-0.003021150334175715
2016-08-09,65.87,4.187683102652602,-0.0034856442050390513
2016-08-10,65.28,4.178685710655851,-0.008997391996750537
2016-08-11,65.46,4.181439269073034,0.002753558417182944
2016-08-12,65.32,4.179298268102264,-0.0021410009707700794
2016-08-15,55.1838,4.010669431949007,-0.16862883615325686
2016-08-16,55.175,4.0105099521428,-0.00015947980620723
2016-08-17,65.89,4.187986684925728,0.17747673278292808
2016-08-18,65.95,4.188896879163323,0.0009101942375950856
2016-08-19,65.86,4.187531276948218,-0.0013656022151051772
2016-08-22,55.2506,4.011879200067402,-0.17565207688081586
2016-08-23,65.77,4.186163807313259,0.17428460724585726
2016-08-24,55.3793,4.0142058777207135,-0.17195792959254597
2016-08-25,66.07,4.190714786041794,0.17650890832108068
2016-08-26,66.22,4.1929825321191005,0.0022677460773063984
2016-08-29,56.2124,4.02913737313149,-0.16384515898761087
2016-08-30,56.6771,4.037370249081637,0.008232875950147545
2016-08-31,56.6771,4.037370249081637,0.0
2016-09-01,67.21,4.2078220459818745,0.17045179690023726
2016-09-02,56.6722,4.037283790673812,-0.17053825530806233
2016-09-06,56.627,4.036485903267759,-0.0007978874060530217
2016-09-07,56.3922,4.03233085106764,-0.004155052200118803
2016-09-08,56.4678,4.03367056418668,0.0013397131190400202
2016-09-09,66.65,4.199455046624718,0.16578448243803745
2016-09-12,67.06,4.205587741038083,0.0061326944133650585
2016-09-13,66.53,4.197652973753796,-0.007934767284286437
2016-09-14,55.7516,4.020906109479974,-0.1767468642738228
2016-09-15,55.955,4.0245477962699905,0.0036416867900168626
2016-09-16,65.82,4.186923743515194,0.1623759472452031
2016-09-19,55.5777,4.017782041666096,-0.16914170184909771
2016-09-20,55.8037,4.021840175432699,0.0040581337666028006
2016-09-21,56.123,4.027545710683611,0.005705535250911886
2016-09-22,56.5847,4.035738630645434,0.008192919961823364
2016-09-23,67.25,4.208417018481948,0.17267838783651435
2016-09-26,55.2338,4.0115750847329394,-0.19684193374900882
2016-09-27,66.36,4.195094465322244,0.1835193805893045
2016-09-28,66.71,4.200354866721424,0.005260401399180381
2016-09-29,55.1238,4.009581564822585,-0.19077330189883934
2016-09-30,55.9118,4.023775449118781,0.014193884296195947
2016-10-03,66.51,4.19735231229633,0.17357686317754872
2016-10-04,56.3293,4.031214826058595,-0.1661374862377345
2016-10-05,57.2508,4.047441616135843,0.0162267900772477
2016-10-06,67.87,4.217594110715667,0.17015249457982407
2016-10-07,57.6055,4.053618049254448,-0.16397606146121912
2016-10-10,68.64,4.228875455179707,0.17525740592525896
2016-10-11,57.7745,4.056547501860772,-0.17232795331893502
2016-10-12,57.6222,4.053907910114587,-0.0026395917461847773
2016-10-13,57.2931,4.048180197621595,-0.0057277124929919765
2016-10-14,57.1054,4.044898683118612,-0.003281514502982752
2016-10-17,56.8097,4.039707085794663,-0.00519159732394936
2016-10-18,57.2597,4.047597060396726,0.007889974602063532
2016-10-19,68.35,4.224641563169959,0.17704450277323236
2016-10-20,68.26,4.223323943478561,-0.0013176196913979865
2016-10-21,68.49,4.226687749209813,0.0033638057312526115
2016-10-24,68.87,4.232220669556607,0.005532920346793979
2016-10-25,68.8,4.231203744939298,-0.0010169246173097335
2016-10-26,58.4691,4.068498409560134,-0.16270533537916343
2016-10-27,58.5525,4.069923787680419,0.0014253781202846483
2016-10-28,58.4503,4.0681768204968645,-0.001746967183554382
2016-10-31,58.5781,4.070360906595674,0.002184086098809601
2016-11-01,58.3315,4.066142256190088,-0.004218650405586111
2016-11-02,58.0889,4.061974595691565,-0.00416766049852324
2016-11-03,57.8344,4.057583754352754,-0.004390841338810958
2016-11-04,67.76,4.215972050343799,0.15838829599104542
2016-11-07,59.1037,4.079293528205356,-0.13667852213844345
2016-11-08,59.2305,4.081436611921316,0.002143083715960614
2016-11-09,61.9538,4.126388945984097,0.04495233406278043
2016-11-10,76.65,4.339249605317823,0.21286065933372633
2016-11-11,64.8648,4.172305103691313,-0.1669445016265101
2016-11-14,67.2501,4.208418505469691,0.03611340177837796
2016-11-15,79.36,4.373994462976618,0.16557595750692666
2016-11-16,77.4,4.3489867805956814,-0.025007682380936203
2016-11-17,78.02,4.35696520407851,0.007978423482828845
2016-11-18,77.71,4.352983949221151,-0.003981254857359673
2016-11-21,78.05,4.357349646961441,0.004365697740290386
2016-11-22,78.53,4.363480717386783,0.006131070425341889
2016-11-23,78.86,4.367674128449481,0.004193411062698438
2016-11-25,78.83,4.367293635071817,-0.0003804933776647701
2016-11-28,78.32,4.360802998222255,-0.006490636849561859
2016-11-29,78.92,4.368434681154414,0.007631682932159656
2016-11-30,67.8071,4.21666690922763,-0.15176777192678426
2016-12-01,81.79,4.4041549867468825,0.18748807751925245
2016-12-02,69.0165,4.234345606444917,-0.1698093803019658
2016-12-05,83.26,4.421968241766829,0.1876226353219126
2016-12-06,70.782,4.2596047310877605,-0.16236351067906885
2016-12-07,71.1042,4.264146406794487,0.0045416757067267
2016-12-08,85.12,4.444062025593334,0.1799156187988471
2016-12-09,72.3068,4.280918177300837,-0.1631438482924974
2016-12-12,71.6642,4.271991320262568,-0.008926857038268565
2016-12-13,71.6878,4.272320579710824,0.00032925944825556996
2016-12-14,84.73,4.439469730210373,0.16714915049954904
2016-12-15,72.736,4.286836447670133,-0.1526332825402399
2016-12-16,84.94,4.441945124885125,0.15510867721499189
2016-12-19,72.2566,4.280223672301401,-0.16172145258372428
2016-12-20,86.53,4.460491174618648,0.18026750231724709
2016-12-21,86.75,4.4630304188269685,0.0025392442083207456
2016-12-22,86.89,4.464642950851115,0.0016125320241462404
2016-12-23,87.05,4.466482666214198,0.0018397153630829166
2016-12-27,87.13,4.467401256243195,0.0009185900289976345
2016-12-28,73.1605,4.292655657835014,-0.17474559840818138
2016-12-29,85.89,4.453067407778134,0.1604117499431199
2016-12-30,72.9817,4.290208724790165,-0.16285868298796924
2017-01-03,87.23,4.468548308445127,0.17833958365496283
2017-01-04,73.9121,4.302876549327806,-0.16567175911732157
2017-01-05,73.2302,4.293607904190374,-0.009268645137431974
2017-01-06,86.12,4.4557416724961625,0.16213376830578863
2017-01-09,73.2941,4.294480114520688,-0.16126155797547437
2017-01-10,73.5034,4.297331663652301,0.002851549131612785
2017-01-11,74.0584,4.304853971147315,0.007522307495014147
2017-01-12,86.24,4.457134107160687,0.1522801360133723
2017-01-13,86.7,4.462453883786496,0.0053197766258090695
2017-01-17,71.0551,4.26345563240333,-0.1989982513831663
2017-01-18,83.94,4.430102257905445,0.16664662550211506
2017-01-19,70.8518,4.260590371600841,-0.1695118863046039
2017-01-20,83.67,4.426880490307507,0.16629011870666588
2017-01-23,71.1917,4.265376238589058,-0.1615042517184495
2017-01-24,84.72,4.439351701293151,0.17397546270409325
2017-01-25,73.1654,4.292722631624367,-0.14662906966878353
2017-01-26,73.7745,4.3010131434424315,0.008290511818064061
2017-01-27,73.9298,4.3031159943036155,0.0021028508611840024
2017-01-30,86.03,4.454696072633257,0.1515800783296415
2017-01-31,71.9756,4.27632717269135,-0.17836889994190663
2017-02-01,84.95,4.442062848117941,0.16573567542659084
2017-02-02,84.59,4.437816056315923,-0.004246791802017924
2017-02-03,74.142,4.305982173350109,-0.13183388296581455
2017-02-06,86.77,4.463260939805398,0.15727876645528927
2017-02-07,86.72,4.462684537691336,-0.0005764021140617359
2017-02-08,73.1045,4.291889924368548,-0.170794613322788
2017-02-09,87.2,4.468204330914934,0.17631440654638553
2017-02-10,73.9887,4.303912378841222,-0.16429195207371183
2017-02-13,88.15,4.4790399088438795,0.17512753000265757
2017-02-14,76.1667,4.332924359302815,-0.1461155495410642
2017-02-15,77.0391,4.344313085178642,0.011388725875826289
2017-02-16,90.53,4.505681287487349,0.16136820230870708
2017-02-17,76.7357,4.340367049889483,-0.16531423759786534
2017-02-21,77.3987,4.348969984588996,0.00860293469951312
2017-02-22,91.06,4.511518629906636,0.16254864531763946
2017-02-23,77.5019,4.350302452187818,-0.1612161777188179
2017-02-24,76.8221,4.341492359175206,-0.008810093012612263
2017-02-27,76.9045,4.342564392354779,0.001072033179573495
2017-02-28,77.0657,4.34465830479885,0.0020939124440708667
2017-03-01,93.6,4.539030383483547,0.19437207868469653
2017-03-02,78.3596,4.361308488418084,-0.17772189506546265
2017-03-03,78.9215,4.368453687562742,0.007145199144658498
2017-03-06,91.92,4.5209186335405,0.15246494597775762
2017-03-07,91.41,4.515354881665727,-0.005563751874772649
2017-03-08,91.21,4.513164540192067,-0.0021903414736605953
2017-03-09,91.57,4.517103707119641,0.0039391669275739005
2017-03-10,91.28,4.51393170555382,-0.003172001565820537
2017-03-13,91.36,4.5148077459077,0.0008760403538801143
2017-03-14,77.8261,4.354476850503402,-0.16033089540429835
2017-03-15,91.73,4.518849479521564,0.1643726290181622
2017-03-16,77.9361,4.355889260167449,-0.1629602193541153
2017-03-17,77.1207,4.345371727024582,-0.010517533142866853
2017-03-20,90.03,4.500142948120385,0.1547712210958032
2017-03-21,74.3217,4.308402968302103,-0.1917399798182826
2017-03-22,87.53,4.471981591744346,0.16357862344224383
2017-03-23,87.39,4.4703808596394525,-0.001600732104893865
2017-03-24,87.29,4.469235908747258,-0.0011449508921943519
2017-03-27,74.194,4.3066832843700915,-0.16255262437716667
2017-03-28,75.3513,4.3221611777438484,0.015477893373756935
2017-03-29,75.0694,4.318413019012675,-0.003748158731173845
2017-03-30,89.03,4.48897339158558,0.17056037257290502
2017-03-31,87.84,4.47551697776122,-0.013456413824359359
2017-04-03,87.52,4.471867338673671,-0.003649639087549339
2017-04-04,87.31,4.469465003822716,-0.002402334850954979
2017-04-05,73.7224,4.300306687887543,-0.1691583159351726
2017-04-06,73.972,4.30368664322263,0.003379955335086393
2017-04-07,86.18,4.456438132187692,0.15275148896506252
2017-04-10,73.4572,4.296702923683602,-0.15973520850408995
2017-04-11,73.3285,4.294949346421244,-0.0017535772623586965
2017-04-12,73.0446,4.291070213493092,-0.003879132928151563
2017-04-13,84.4,4.4355674016019115,0.1444971881088195
2017-04-17,85.86,4.452718062796414,0.017150661194502703
2017-04-18,85.16,4.444531840025279,-0.008186222771135121
2017-04-19,84.46,4.436278049505797,-0.008253790519481718
2017-04-20,85.55,4.449101000338202,0.0128229508324047
2017-04-21,72.296,4.280768802599654,-0.16833219773854768
2017-04-24,74.8434,4.315397930625169,0.03462912802551443
2017-04-25,75.4928,4.32403728746911,0.00863935684394157
2017-04-26,75.6353,4.32592310542396,0.0018858179548493226
2017-04-27,74.9367,4.31664375716778,-0.00927934825617971
2017-04-28,87.0,4.465908118654584,0.14926436148680367
2017-05-01,74.4652,4.3103319021597795,-0.15557621649480424
2017-05-02,86.5,4.460144413937834,0.14981251177805444
2017-05-03,74.4161,4.309672316277871,-0.1504720976599625
2017-05-04,74.5005,4.3108058367723885,0.001133520494517093
2017-05-05,87.0,4.465908118654584,0.15510228188219521
2017-05-08,87.1,4.467056883858457,0.0011487652038733032
2017-05-09,86.75,4.4630304188269685,-0.004026465031488513
2017-05-10,87.43,4.470838473192799,0.007808054365830763
2017-05-11,74.5507,4.311479430838026,-0.15935904235477327
2017-05-12,74.3463,4.308733907041098,-0.002745523796927607
2017-05-15,87.34,4.469808548057415,0.16107464101631663
2017-05-16,87.61,4.4728951466782725,0.0030865986208574725
2017-05-17,84.27,4.434025929784262,-0.03886921689401035
2017-05-18,71.8166,4.27411564710368,-0.15991028268058205
2017-05-19,72.515,4.283793437012213,0.009677789908533185
2017-05-22,84.7,4.439115601658009,0.15532216464579562
2017-05-23,73.352,4.295269770747599,-0.1438458309104096
2017-05-24,73.3138,4.294748858566794,-0.0005209121808054107
2017-05-25,85.35,4.4467604492404496,0.15201159067365566
2017-05-26,85.36,4.446877606993498,0.00011715775304832476
2017-05-30,83.9,4.429625613473161,-0.017251993520337017
2017-05-31,70.2652,4.252276654915981,-0.1773489585571797
2017-06-01,83.06,4.419563238202607,0.16728658328662593
2017-06-02,82.64,4.414493824811383,-0.005069413391224131
2017-06-05,82.79,4.416307281150715,0.0018134563393319425
2017-06-06,82.96,4.418358563921272,0.0020512827705569947
2017-06-07,83.91,4.4297447958819784,0.011386231960706539
2017-06-08,72.6594,4.285782769120646,-0.14396202676133285
2017-06-09,86.96,4.465448242812954,0.17966547369230845
2017-06-12,86.98,4.465678207169493,0.00022996435653865888
2017-06-13,87.27,4.46900676117522,0.003328554005727291
2017-06-14,74.4917,4.3106877097830525,-0.1583190513921675
2017-06-15,86.57,4.460953335227682,0.1502656254446295
2017-06-16,86.18,4.456438132187692,-0.004515203039989757
2017-06-19,75.3307,4.321887754240997,-0.13455037794669522
2017-06-20,87.52,4.471867338673671,0.1499795844326739
2017-06-21,87.12,4.467286478624705,-0.004580860048966073
2017-06-22,87.02,4.466137977292534,-0.001148501332171037
2017-06-23,74.2952,4.308046346675884,-0.15809163061665021
2017-06-26,74.6194,4.3124005270209365,0.0043541803450528604
2017-06-27,75.314,4.321666040499081,0.009265513478144527
2017-06-28,76.8279,4.34156785543297,0.019901814933889206
2017-06-29,77.9647,4.356256160148987,0.014688304716016454
2017-06-30,78.1778,4.358985719779559,0.002729559630572531
2017-07-03,92.75,4.529907701487544,0.170921981707985
2017-07-05,80.57,4.3891263717891045,-0.1407813296984397
2017-07-06,80.3107,4.385902862387014,-0.0032235094020904853
2017-07-07,93.85,4.541697763032518,0.15579490064550416
2017-07-10,80.1456,4.383844980480665,-0.15785278255185275
2017-07-11,79.8392,4.3800146119129275,-0.003830368567737885
2017-07-12,79.5621,4.376537848810879,-0.0034767631020482526
2017-07-13,80.068,4.38287627362846,0.0063384248175806235
2017-07-14,92.25,4.524502282920636,0.1416260092921764
2017-07-17,78.6003,4.36437551622177,-0.16012676669886616
2017-07-18,78.3242,4.360856622933556,-0.0035188932882137536
2017-07-19,78.4352,4.36227280618702,0.0014161832534638208
2017-07-20,91.2,4.513054897080286,0.15078209089326577
2017-07-21,90.89,4.509649984130679,-0.0034049129496072084
2017-07-24,91.28,4.51393170555382,0.004281721423141427
2017-07-25,92.8,4.530446639792155,0.01651493423833461
2017-07-26,79.063,4.370245003012514,-0.1602016367796404
2017-07-27,91.55,4.51688527112052,0.14664026810800568
2017-07-28,91.28,4.51393170555382,-0.0029535655666999006
2017-07-31,78.953,4.368852738713093,-0.1450789668407273
2017-08-01,80.011,4.382164125221623,0.013311386508529921
2017-08-02,80.0778,4.382998662102116,0.0008345368804931752
2017-08-03,92.5,4.52720864451838,0.14420998241626393
2017-08-04,93.66,4.539671203755396,0.012462559237016002
2017-08-07,94.02,4.5435075255959845,0.0038363218405885746
2017-08-08,93.68,4.539884719289462,-0.0036228063065228966
2017-08-09,93.53,4.53828224044646,-0.0016024788430017978
2017-08-10,79.288,4.373086793104408,-0.16519544734205205
2017-08-11,91.42,4.515464272903598,0.14237747979919035
2017-08-14,79.5454,4.376327927844723,-0.1391363450588754
2017-08-15,92.73,4.529692044812134,0.1533641169674116
2017-08-16,92.09,4.522766359733276,-0.006925685078858379
2017-08-17,77.9637,4.356243333749177,-0.16652302598409907
2017-08-18,90.74,4.507998274235818,0.15175494048664095
2017-08-21,90.63,4.50678528406669,-0.0012129901691277922
2017-08-22,91.56,4.516994495084366,0.010209211017675912
2017-08-23,91.67,4.518195171973685,0.0012006768893186859
2017-08-24,91.52,4.5165575276314875,-0.0016376443421970421
2017-08-25,79.0296,4.369822465834975,-0.1467350617965124
2017-08-28,78.7811,4.3666731203800335,-0.00314934545494161
2017-08-29,91.1,4.511957804265912,0.14528468388587878
2017-08-30,78.5305,4.3634870843600195,-0.14847071990589278
2017-08-31,90.89,4.509649984130679,0.14616289977065922
2017-09-01,91.7,4.51852237926242,0.008872395131740873
2017-09-05,76.9831,4.3435859172448295,-0.17493646201759017
2017-09-06,77.4989,4.350263742710185,0.006677825465355447
2017-09-07,88.53,4.483341477622957,0.13307773491277253
2017-09-08,76.0439,4.331310805100374,-0.1520306725225833
2017-09-11,77.2209,4.346670145779826,0.015359340679451883
2017-09-12,78.1709,4.358897455534261,0.012227309754434756
2017-09-13,78.393,4.36173463765587,0.0028371821216088833
2017-09-14,90.97,4.510529781833971,0.14879514417810125
2017-09-15,91.62,4.517649588458596,0.007119806624625191
2017-09-18,79.9148,4.38096106715841,-0.1366885213001865
2017-09-19,93.94,4.542656280598849,0.16169521344043947
2017-09-20,81.36,4.398883751740304,-0.14377252885854475
2017-09-21,95.03,4.5541926312232235,0.15530887948291916
2017-09-22,94.83,4.552085814895636,-0.0021068163275872465
2017-09-25,80.9454,4.39377485330829,-0.15831096158734592
2017-09-26,93.7,4.540098189244376,0.14632333593608582
2017-09-27,95.18,4.555769835692964,0.015671646448588206
2017-09-28,95.38,4.557868912870078,0.002099077177113884
2017-09-29,82.143,4.40846163087096,-0.14940728199911835
2017-10-02,96.84,4.573060132069858,0.16459850119889818
2017-10-03,97.35,4.578312731818208,0.0052525997483501286
2017-10-04,96.36,4.568091177746671,-0.010221554071537575
2017-10-05,83.9909,4.430708459641501,-0.13738271810516967
2017-10-06,96.92,4.573885895948325,0.1431774363068241
2017-10-09,96.41,4.568609930676289,-0.005275965272035776
2017-10-10,84.0253,4.431117943970758,-0.1374919867055313
2017-10-11,96.84,4.573060132069858,0.1419421880991001
2017-10-12,95.99,4.564244019375446,-0.008816112694412404
2017-10-13,95.86,4.562888793731485,-0.0013552256439606225
2017-10-16,97.84,4.583333491378917,0.02044469764743173
2017-10-17,97.62,4.5810823904590015,-0.0022511009199153165
2017-10-18,97.99,4.584865432647727,0.003783042188725716
2017-10-19,98.11,4.5860892981753,0.0012238655275726984
2017-10-20,99.51,4.600258141627071,0.014168843451771274
2017-10-23,85.9371,4.4536156333046035,-0.1466425083224676
2017-10-24,87.3008,4.469359626606547,0.015743993301943426
2017-10-25,87.3892,4.470371705232063,0.0010120786255161107
2017-10-26,88.015,4.477507254497936,0.007135549265872676
2017-10-27,88.0406,4.477798071719091,0.00029081722115531505
2017-10-30,101.41,4.619171705623905,0.14137363390481372
2017-10-31,87.0316,4.466271271097557,-0.15290043452634805
2017-11-01,100.92,4.614328123772857,0.14805685267530055
2017-11-02,101.59,4.620945105103454,0.006616981330596516
2017-11-03,101.41,4.619171705623905,-0.0017733994795490204
2017-11-06,100.78,4.612939923252452,-0.00623178237145261
2017-11-07,85.4253,4.447642309847691,-0.16529761340476146
2017-11-08,84.4674,4.43636566110705,-0.011276648740640383
2017-11-09,84.4586,4.436261473474501,-0.00010418763254893548
2017-11-10,97.51,4.579954936847027,0.14369346337252598
2017-11-13,84.6561,4.43859716741226,-0.14135776943476763
2017-11-14,97.27,4.577490616881349,0.138893449469089
2017-11-15,98.19,4.586904377181199,0.009413760299850082
2017-11-16,98.47,4.589751933259711,0.00284755607851217
2017-11-17,98.14,4.586395030661757,-0.003356902597953848
2017-11-20,99.01,4.595220855134423,0.008825824472666
2017-11-21,98.93,4.5944125293351314,-0.000808325799291687
2017-11-22,98.64,4.591476858856089,-0.0029356704790428623
2017-11-24,98.32,4.58822746525778,-0.0032493935983088917
2017-11-27,97.93,4.584252937732703,-0.003974527525076432
2017-11-28,101.36,4.618678536012884,0.03442559828018066
2017-11-29,103.73,4.6417913694437365,0.023112833430852575
2017-11-30,104.52,4.649378440652412,0.007587071208675411
2017-12-01,104.79,4.65195834748685,0.002579906834438539
2017-12-04,106.95,4.672361435528415,0.02040308804156421
2017-12-05,105.72,4.660794089736088,-0.011567345792326655
2017-12-06,104.93,4.653293461169819,-0.007500628566268652
2017-12-07,104.62,4.650334737942465,-0.002958723227354021
2017-12-08,105.93,4.662778498608405,0.01244376066593933
2017-12-11,105.62,4.659847747278787,-0.002930751329617287
2017-12-12,92.4301,4.526452683175917,-0.13339506410287072
2017-12-13,91.2796,4.513927323423272,-0.012525359752644682
2017-12-14,90.535,4.505736516272606,-0.008190807150666224
2017-12-15,106.14,4.664758977399749,0.1590224611271429
2017-12-18,106.96,4.672454932793688,0.00769595539393908
2017-12-19,92.16,4.523526196947581,-0.14892873584610644
2017-12-20,91.8102,4.519723402565173,-0.003802794382408159
2017-12-21,107.83,4.680555912893981,0.16083251032880774
2017-12-22,92.94,4.531954123656832,-0.14860178923714873
2017-12-26,107.02,4.673015732883159,0.14106160922632682
2017-12-27,107.22,4.674882798399391,0.0018670655162322802
2017-12-28,107.79,4.680184889793537,0.005302091394145947
2017-12-29,106.94,4.672267929520586,-0.007916960272951634
2018-01-02,107.95,4.681668156960816,0.009400227440230502
2018-01-03,108.06,4.68268662841592,0.0010184714551035867
2018-01-04,109.04,4.691714787388277,0.009028158972357758
2018-01-05,108.34,4.685274430229753,-0.0064403571585245345
2018-01-08,108.5,4.686750172980514,0.0014757427507614551
2018-01-09,109.05,4.691806492647638,0.00505631966712361
2018-01-10,110.25,4.702750514326955,0.010944021679317295
2018-01-11,110.84,4.7080877199947775,0.0053372056678222535
2018-01-12,112.67,4.724463192176074,0.016375472181296757
2018-01-16,112.27,4.720906684470688,-0.0035565077053858474
2018-01-17,112.99,4.727299319221155,0.006392634750466364
2018-01-18,113.26,4.729686060685659,0.0023867414645044605
2018-01-19,113.01,4.72747631037206,-0.002209750313599379
2018-01-22,114.33,4.739089003553879,0.011612693181819012
2018-01-23,114.21,4.738038859062516,-0.001050144491363092
2018-01-24,115.67,4.75074130930731,0.012702450244794328
2018-01-25,115.7,4.751000634199631,0.00025932489232083356
2018-01-26,116.32,4.756345013785209,0.005344379585578096
2018-01-29,116.2,4.755312844417811,-0.001032169367397806
2018-01-30,115.11,4.74588819292697,-0.00942465149084093
2018-01-31,115.67,4.75074130930731,0.004853116380339806
2018-02-01,116.87,4.761062205945065,0.010320896637755261
2018-02-02,114.28,4.738651577362572,-0.02241062858249343
2018-02-05,108.8,4.689511334421843,-0.04914024294072927
2018-02-06,112.11,4.719480532165502,0.029969197743659137
2018-02-07,112.87,4.726236713967535,0.00675618180203319
2018-02-08,107.88,4.681019498271529,-0.04521721569600601
2018-02-09,110.04,4.700843936056374,0.019824437784844662
2018-02-12,111.74,4.716174744031003,0.015330807974629046
2018-02-13,112.43,4.722330805761668,0.006156061730665741
2018-02-14,115.03,4.745192963907919,0.0228621581462507
2018-02-15,115.51,4.749357106300589,0.00416414239266949
2018-02-16,114.68,4.742145641015169,-0.007211465285419827
2018-02-20,114.71,4.742407204293176,0.0002615632780074151
2018-02-21,115.19,4.746582938938415,0.004175734645238904
2018-02-22,114.98,4.744758200195145,-0.00182473874327016
2018-02-23,117.31,4.764820003517629,0.020061803322484195
2018-02-26,118.77,4.777188849786149,0.01236884626851964
2018-02-27,117.36,4.765246133834726,-0.011942715951422933
2018-02-28,115.5,4.749270529961848,-0.015975603872877997
2018-03-01,113.43,4.731185906570952,-0.018084623390896226
2018-03-02,113.32,4.730215674962316,-0.000970231608635963
2018-03-05,115.06,4.7454537314351475,0.015238056472831829
2018-03-06,115.16,4.746322465743975,0.0008687343088276123
2018-03-07,114.73,4.7425815418110515,-0.003740923932923579
2018-03-08,114.74,4.742668699173725,8.715736267372876e-05
2018-03-09,118.04,4.771023550074739,0.02835485090101386
2018-03-12,117.66,4.76779910943631,-0.0032244406384291935
2018-03-13,116.25,4.755743044467466,-0.012056064968843927
2018-03-14,114.95,4.74449725120919,-0.011245793258275683
2018-03-15,115.24,4.7470169102163275,0.0025196590071372427
2018-03-16,100.396,4.6091223658265195,-0.13789454438980808
2018-03-19,99.5702,4.600862923035115,-0.008259442791404226
2018-03-20,99.6683,4.601847672548161,0.000984749513046168
2018-03-21,99.7674,4.602841476647993,0.000993804099831408
2018-03-22,109.95,4.70002571700077,0.09718424035277717
2018-03-23,107.01,4.67292228803891,-0.027103428961860132
2018-03-26,110.31,4.7032945839812905,0.030372295942380667
2018-03-27,108.17,4.683704063642198,-0.0195905203390927
2018-03-28,108.0,4.68213122712422,-0.0015728365179779047
2018-03-29,109.97,4.700207601322843,0.018076374198622958
2018-04-02,107.85,4.680741372835166,-0.019466228487677206
2018-04-03,95.0847,4.554768073327485,-0.125973299507681
2018-04-04,96.5239,4.569790646073969,0.015022572746484109
2018-04-05,97.7923,4.582845841834897,0.013055195760927951
2018-04-06,95.3283,4.557326723555124,-0.025519118279772712
2018-04-09,96.4945,4.569486011902021,0.012159288346897057
2018-04-10,98.3424,4.588455266811069,0.018969254909047883
2018-04-11,96.6693,4.571295875320681,-0.017159391490388032
2018-04-12,99.099,4.596119350467673,0.024823475146992457
2018-04-13,96.3982,4.5684875292430025,-0.027631821224670894
2018-04-16,96.3107,4.567579423742808,-0.0009081055001942673
2018-04-17,96.3107,4.567579423742808,0.0
2018-04-18,95.5395,4.559539774538031,-0.008039649204777177
2018-04-19,97.6479,4.5813681517151,0.021828377177069314
2018-04-20,97.414,4.578969937485617,-0.0023982142294833864
2018-04-23,96.9405,4.574097388233514,-0.00487254925210312
2018-04-24,96.5043,4.569587566937684,-0.004509821295830108
2018-04-25,96.1379,4.565783619081837,-0.003803947855846701
2018-04-26,96.2253,4.566692316857857,0.0009086977760199844
2018-04-27,95.6161,4.560341215919817,-0.0063511009380397
2018-04-30,95.0847,4.554768073327485,-0.005573142592332658
2018-05-01,95.0847,4.554768073327485,0.0
2018-05-02,94.3095,4.546581926877017,-0.008186146450468001
2018-05-03,93.7329,4.540449248213617,-0.0061326786633992825
2018-05-04,94.7635,4.5513843140242765,0.010935065810659061
2018-05-07,95.5867,4.560033689040172,0.0086493750158958
2018-05-08,96.9985,4.574695514466289,0.014661825426117048
2018-05-09,99.1281,4.5964129531103906,0.02171743864410125
2018-05-10,99.8853,4.604022527680157,0.0076095745697664086
2018-05-11,99.5018,4.600175734453178,-0.003846793226978562
2018-05-14,99.5315,4.600474176977323,0.0002984425241443489
2018-05-15,98.7748,4.592842511491558,-0.0076316654857651045
2018-05-16,99.0694,4.595820614642788,0.0029781031512303713
2018-05-17,98.7158,4.592245014681529,-0.0035755999612590017
2018-05-18,97.1311,4.576061612378425,-0.016183402303104444
2018-05-21,98.0084,4.585053189283027,0.008991576904602283
2018-05-22,98.755,4.592642035410821,0.007588846127793758
2018-05-23,98.3326,4.588355610016783,-0.004286425394037785
2018-05-24,97.2185,4.576961022574193,-0.01139458744258981
2018-05-25,96.7077,4.571693027003712,-0.005267995570481077
2018-05-29,92.5863,4.528141182542577,-0.04355184446113469
2018-05-30,94.6985,4.55069816057345,0.022556978030872976
2018-05-31,93.5275,4.538255510697584,-0.012442649875866074
2018-06-01,94.7359,4.551093020223925,0.01283750952634044
2018-06-04,108.45,4.6862892372728835,0.1351962170489589
2018-06-05,107.84,4.680648647163997,-0.005640590108886734
2018-06-06,96.4552,4.5690786518434825,-0.11156999532051426
2018-06-07,110.8,4.707726774313183,0.13864812246970093
2018-06-08,111.11,4.710520701595917,0.0027939272827337547
2018-06-11,110.83,4.707997495787562,-0.0025232058083553
2018-06-12,110.19,4.702206148499686,-0.005791347287876114
2018-06-13,96.128,4.5656806367016145,-0.13652551179807126
2018-06-14,108.03,4.682408966328894,0.11672832962727941
2018-06-15,94.2909,4.546384684452713,-0.13602428187618099
2018-06-18,108.18,4.683796506443281,0.13741182199056823
2018-06-19,107.55,4.677955855713739,-0.005840650729542318
2018-06-20,107.54,4.6778628713815325,-9.298433220639168e-05
2018-06-21,107.51,4.6775838664971365,-0.000279004884395917
2018-06-22,105.75,4.661077817926388,-0.016506048570748888
2018-06-25,104.79,4.65195834748685,-0.009119470439537203
2018-06-26,91.6461,4.517934420188812,-0.13402392729803836
2018-06-27,103.24,4.637056374850413,0.11912195466160114
2018-06-28,104.93,4.653293461169819,0.016237086319406124
2018-06-29,91.0674,4.511599891704741,-0.14169356946507872
2018-07-02,91.8288,4.51992597391509,0.008326082210349028
2018-07-03,103.61,4.640633850263661,0.12070787634857094
2018-07-05,91.1422,4.512420924232136,-0.1282129260315248
2018-07-06,91.4438,4.515724575928411,0.0033036516962754447
2018-07-09,94.2633,4.546091930430824,0.030367354502412347
2018-07-10,106.62,4.669271111394615,0.12317918096379099
2018-07-11,106.39,4.667111587528274,-0.0021595238663403293
2018-07-12,93.9028,4.542260204725977,-0.12485138280229702
2018-07-13,93.4617,4.53755172670668,-0.004708478019296969
2018-07-16,110.58,4.705739240909787,0.1681875142031064
2018-07-17,97.1016,4.575757853019399,-0.12998138789038727
2018-07-18,97.9986,4.584953192854244,0.009195339834844773
2018-07-19,96.5613,4.57017803983038,-0.014775153023864007
2018-07-20,111.28,4.712049547615187,0.14187150778480717
2018-07-23,113.35,4.730480376953538,0.018430829338350385
2018-07-24,114.15,4.737513372975805,0.007032996022267035
2018-07-25,101.221,4.61730624520759,-0.1202071277682144
2018-07-26,114.85,4.743626929135107,0.12632068392751705
2018-07-27,101.958,4.624560963780024,-0.11906596535508385
2018-07-30,102.577,4.630613736066513,0.006052772286489372
2018-07-31,114.95,4.74449725120919,0.11388351514267736
2018-08-01,101.634,4.6213781248323,-0.12311912637689026
2018-08-02,116.15,4.754882459216418,0.13350433438411802
2018-08-03,117.09,4.762942869860633,0.008060410644215033
2018-08-06,117.12,4.763199050213001,0.0002561803523679629
2018-08-07,117.55,4.766863774986079,0.0036647247730776655
2018-08-08,117.79,4.768903377970693,0.0020396029846141417
2018-08-09,116.88,4.761147767442444,-0.007755610528248802
2018-08-10,115.73,4.751259891859986,-0.009887875582458072
2018-08-13,113.89,4.7352330702862595,-0.01602682157372648
2018-08-14,114.65,4.741884009303914,0.006650939017654345
2018-08-15,113.7,4.73356340075649,-0.008320608547423447
2018-08-16,114.77,4.742930125692577,0.009366724936086257
2018-08-17,114.77,4.742930125692577,0.0
2018-08-20,114.62,4.741622309123591,-0.001307816568985487
2018-08-21,115.32,4.7477108727702015,0.006088563646610368
2018-08-22,114.97,4.744671224765649,-0.0030396480045524754
2018-08-23,114.73,4.7425815418110515,-0.0020896829545975493
2018-08-24,114.68,4.742145641015169,-0.00043590079588273767
2018-08-27,116.71,4.759692225424263,0.017546584409093846
2018-08-28,116.14,4.754796359943904,-0.0048958654803588075
2018-08-29,115.76,4.751519082323228,-0.003277277620675534
2018-08-30,101.231,4.617405034056386,-0.13411404826684237
2018-08-31,100.671,4.611857774137908,-0.00554725991847782
2018-09-04,101.192,4.617019702345241,0.005161928207332522
2018-09-05,100.68,4.611947170267115,-0.005072532078125747
2018-09-06,100.278,4.607946328934843,-0.004000841332271854
2018-09-07,100.454,4.609699911274488,0.0017535823396448436
2018-09-10,99.924,4.604409897041682,-0.005290014232805618
2018-09-11,114.43,4.739963282329623,0.13555338528794092
2018-09-12,113.08,4.72809553282539,-0.011867749504233416
2018-09-13,113.52,4.731979032851787,0.0038835000263972574
2018-09-14,113.5,4.7318028369214575,-0.00017619593032947023
2018-09-17,113.84,4.734793953781597,0.002991116860139087
2018-09-18,114.3,4.738826570800765,0.004032617019168683
2018-09-19,117.62,4.76745908903181,0.028632518231044735
2018-09-20,118.63,4.776009405673012,0.00855031664120176
2018-09-21,103.559,4.640141498598785,-0.13586790707422658
2018-09-24,102.567,4.630516243573357,-0.009625255025428103
2018-09-25,116.39,4.756946620953885,0.12643037738052776
2018-09-26,101.084,4.615951854352768,-0.14099476660111687
2018-09-27,100.612,4.611271534846067,-0.00468031950670067
2018-09-28,112.84,4.725970886133796,0.11469935128772857
2018-10-01,99.7277,4.602443471879714,-0.12352741425408187
2018-10-02,100.15,4.606669062111827,0.004225590232112886
2018-10-03,115.04,4.745279893972737,0.13861083186090983
2018-10-04,115.27,4.7472772026129215,0.0019973086401847695
2018-10-05,114.62,4.741622309123591,-0.005654893489330348
2018-10-08,115.32,4.7477108727702015,0.006088563646610368
2018-10-09,114.52,4.740749480229915,-0.006961392540286937
2018-10-10,111.47,4.713755496401532,-0.026993983828382362
2018-10-11,95.6829,4.56103959910755,-0.15271589729398194
2018-10-12,106.95,4.672361435528415,0.11132183642086435
2018-10-15,94.0905,4.54425708506556,-0.12810435046285473
2018-10-16,96.128,4.5656806367016145,0.021423551636054583
2018-10-17,97.1999,4.57676968265928,0.011089045957665356
2018-10-18,95.6535,4.5607322869575215,-0.016037395701758328
2018-10-19,107.91,4.681297546375642,0.1205652594181208
2018-10-22,106.36,4.666829566374819,-0.014467980000823388
2018-10-23,105.25,4.656338472562491,-0.010491093812327712
2018-10-24,91.4044,4.515293617345173,-0.14104485521731824
2018-10-25,92.7917,4.530357196137018,0.015063578791845167
2018-10-26,91.5164,4.516518191193485,-0.013839004943533517
2018-10-29,92.7828,4.530261277786093,0.013743086592608478
2018-10-30,106.7,4.670021158307708,0.13975988052161448
2018-10-31,109.02,4.691531351636135,0.021510193328427185
2018-11-01,96.4365,4.568884760659377,-0.12264659097675779
2018-11-02,95.907,4.5633789719262845,-0.005505788733092487
2018-11-05,109.09,4.692173229609665,0.1287942576833805
2018-11-06,109.6,4.696837374513915,0.004664144904250378
2018-11-07,111.48,4.713845202613747,0.017007828099831812
2018-11-08,99.4423,4.599577576460314,-0.114267626153433
2018-11-09,98.48,4.589853481876198,-0.009724094584115939
2018-11-12,108.95,4.690889061390629,0.10103557951443065
2018-11-13,109.59,4.696746129475301,0.005857068084671901
2018-11-14,94.9893,4.553764253678181,-0.14298187579711996
2018-11-15,97.3846,4.578668087264689,0.024903833586508384
2018-11-16,97.3266,4.578072333125067,-0.0005957541396224286
2018-11-19,110.83,4.707997495787562,0.1299251626624951
2018-11-20,108.45,4.6862892372728835,-0.02170825851467839
2018-11-21,107.64,4.678792325858705,-0.00749691141417852
2018-11-23,106.65,4.669552444917359,-0.009239880941345646
2018-11-26,96.6792,4.571398281080318,-0.0981541638370409
2018-11-27,97.0918,4.575656922709633,0.004258641629314219
2018-11-28,98.1754,4.586755674812789,0.01109875210315625
2018-11-29,97.3846,4.578668087264689,-0.008087587548099684
2018-11-30,98.4014,4.589055031599272,0.010386944334582537
2018-12-03,99.3343,4.598490929333567,0.00943589773429565
2018-12-04,107.23,4.674976060232054,0.07648513089848663
2018-12-06,105.19,4.6557682387511825,-0.019207821480871523
2018-12-07,103.29,4.637540566018542,-0.0182276727326407
2018-12-10,101.36,4.618678536012884,-0.018862030005657893
2018-12-11,100.37,4.608863357825709,-0.009815178187174922
2018-12-12,89.3944,4.493058040396484,-0.11580531742922506
2018-12-13,89.4848,4.49406877845542,0.0010107380589357007
2018-12-14,88.745,4.48576708874031,-0.008301689715109362
2018-12-17,99.01,4.595220855134423,0.10945376639411286
2018-12-18,98.54,4.590462557115817,-0.004758298018606055
2018-12-19,86.0905,4.455399068528477,-0.13506348858734007
2018-12-20,85.3467,4.446721784169591,-0.008677284358886261
2018-12-21,83.3288,4.4227942277144034,-0.023927556455187293
2018-12-24,81.5338,4.401017658199,-0.021776569515403743
2018-12-26,95.96,4.563931437971494,0.16291377977249422
2018-12-27,85.8674,4.452804245898291,-0.11112719207320332
2018-12-28,85.6837,4.4506626091473365,-0.0021416367509541345
2018-12-31,97.62,4.5810823904590015,0.13041978131166498
2019-01-02,99.31,4.598246270915268,0.017163880456266156
2019-01-03,86.6297,4.461642712892474,-0.13660355802279334
2019-01-04,89.8286,4.49790341012579,0.03626069723331593
2019-01-07,89.8797,4.498472109527847,0.0005686994020566161
2019-01-08,89.7186,4.496678105428613,-0.0017940040992341366
2019-01-09,100.4,4.609162207257629,0.11248410182901658
2019-01-10,89.5574,4.4948797604918225,-0.11428244676580679
2019-01-11,99.91,4.604269780744927,0.1093900202531044
2019-01-14,90.0448,4.500307324257783,-0.1039624564871442
2019-01-15,90.7079,4.5076444536588385,0.0073371294010557975
2019-01-16,91.4339,4.515616306850118,0.007971853191279799
2019-01-17,102.92,4.6339519874135435,0.11833568056342525
2019-01-18,93.3104,4.535931570022725,-0.09802041739081879
2019-01-22,91.8288,4.51992597391509,-0.01600559610763508
2019-01-23,91.598,4.517409437380582,-0.002516536534507452
2019-01-24,102.74,4.632201525039122,0.11479208765853954
2019-01-25,103.39,4.638508245598602,0.006306720559480006
2019-01-28,92.6708,4.529053428344331,-0.10945481725427086
2019-01-29,92.9213,4.5317528983338295,0.0026994699894986596
2019-01-30,104.41,4.648325456302019,0.11657255796818955
2019-01-31,92.324,4.525304129377504,-0.1230213269245155
2019-02-01,92.6708,4.529053428344331,0.003749298966827297
2019-02-04,92.995,4.53254572826709,0.0034922999227591234
2019-02-05,103.79,4.642369626977198,0.10982389871010767
2019-02-06,92.5421,4.527663676110935,-0.1147059508662629
2019-02-07,102.38,4.628691381029437,0.10102770491850244
2019-02-08,90.417,4.504432302815709,-0.12425907821372828
2019-02-11,100.88,4.613931691656664,0.10949938884095545
2019-02-12,102.6,4.630837932736669,0.01690624108000449
2019-02-13,91.9674,4.5214341664269275,-0.10940376630974136
2019-02-14,91.37,4.514917197010529,-0.006516969416398233
2019-02-15,105.55,4.65918477429433,0.14426757728380046
2019-02-19,105.18,4.655673168161198,-0.0035116061331317283
2019-02-20,94.2722,4.546186342358621,-0.10948682580257696
2019-02-21,105.47,4.658426552288523,0.1122402099299018
2019-02-22,105.0,4.653960350157523,-0.004466202130999797
2019-02-25,106.1,4.664382045619937,0.010421695462413894
2019-02-26,105.29,4.656718447868668,-0.007663597751268902
2019-02-27,105.16,4.655482999861681,-0.001235448006987383
2019-02-28,104.36,4.647846460268528,-0.0076365395931530244
2019-03-01,104.43,4.648516990491458,0.0006705302229299548
2019-03-04,104.19,4.646216155424092,-0.0023008350673654476
2019-03-05,92.8663,4.531160824356808,-0.1150553310672846
2019-03-06,92.5225,4.527451858182782,-0.0037089661740257185
2019-03-07,91.8554,4.520215601440875,-0.007236256741906644
2019-03-08,91.8917,4.520610709722554,0.0003951082816788798
2019-03-11,93.0893,4.533559247495442,0.01294853777288818
2019-03-12,92.8103,4.530557625012378,-0.003001622483064459
2019-03-13,93.1257,4.533950193449996,0.0033925684376185927
2019-03-14,93.9765,4.543044751014794,0.009094557564798045
2019-03-15,106.55,4.668614358544626,0.12556960752983137
2019-03-18,95.626,4.560444749608361,-0.10816960893626515
2019-03-19,106.8,4.6709579265260945,0.11051317691773388
2019-03-20,104.52,4.649378440652412,-0.021579485873682636
2019-03-21,102.87,4.6334660551429385,-0.01591238550947338
2019-03-22,88.9936,4.4885644570341245,-0.14490159810881398
2019-03-25,88.2528,4.480205423355408,-0.008359033678716266
2019-03-26,99.92,4.604369865817322,0.12416444246191372
2019-03-27,88.8324,4.486751448315991,-0.11761841750133062
2019-03-28,100.71,4.612245099660053,0.12549365134406187
2019-03-29,90.3012,4.503150749371186,-0.10909435028886705
2019-04-01,93.3497,4.53635265627073,0.03320190689954394
2019-04-02,105.14,4.655292795391302,0.11894013912057222
2019-04-03,93.9765,4.543044751014794,-0.11224804437650793
2019-04-04,105.56,4.659279511635123,0.11623476062032889
2019-04-05,94.6701,4.550398216441076,-0.10888129519404721
2019-04-08,105.65,4.660131744062066,0.10973352762098987
2019-04-09,104.87,4.652721487846314,-0.007410256215751865
2019-04-10,105.34,4.657193214055243,0.0044717262089291054
2019-04-11,106.23,4.665606554791922,0.008413340736678876
2019-04-12,111.21,4.71142030583075,0.04581375103882834
2019-04-15,98.814,4.593239295120126,-0.11818101071062426
2019-04-16,111.1,4.7104306966455844,0.11719140152545826
2019-04-17,114.3,4.738826570800765,0.028395874155180856
2019-04-18,113.46,4.731450351898421,-0.007376218902344078
2019-04-22,113.6,4.732683506287051,0.00123315438862992
2019-04-23,102.252,4.627440354633819,-0.10524315165323195
2019-04-24,102.076,4.625717633875752,-0.001722720758067453
2019-04-25,102.134,4.6262856765921665,0.0005680427164147517
2019-04-26,102.901,4.633767360965766,0.007481684373599862
2019-04-29,104.374,4.6479806022867995,0.014213241321033188
2019-04-30,104.316,4.647424753884928,-0.000555848401871728
2019-05-01,115.16,4.746322465743975,0.09889771185904728
2019-05-02,103.746,4.641945604150707,-0.10437686159326809
2019-05-03,104.374,4.6479806022867995,0.00603499813609254
2019-05-06,103.442,4.639011069156809,-0.008969533129990381
2019-05-07,101.752,4.622538480149183,-0.01647258900762605
2019-05-08,101.231,4.617405034056386,-0.0051334460927972
2019-05-09,101.162,4.616723192266668,-0.0006818417897180851
2019-05-10,112.51,4.72304210658298,0.10631891431631235
2019-05-13,109.45,4.695467823968872,-0.027574282614108547
2019-05-14,99.1678,4.5968133648236975,-0.09865445914517412
2019-05-15,98.7748,4.592842511491558,-0.003970853332139868
2019-05-16,100.062,4.605789993867497,0.012947482375939678
2019-05-17,110.77,4.7074559795288415,0.10166598566134422
2019-05-20,111.35,4.712678393703377,0.005222414174535395
2019-05-21,111.73,4.716085246559246,0.003406852855869502
2019-05-22,99.6098,4.601260553324519,-0.114824693234727
2019-05-23,97.6577,4.581468507260545,-0.019792046063974666
2019-05-24,109.71,4.697840520829399,0.11637201356885463
2019-05-28,108.52,4.686934487790731,-0.010906033038668106
2019-05-29,108.22,4.684166192214589,-0.002768295576141888
2019-05-30,96.2439,4.566885594536134,-0.11728059767845522
2019-05-31,105.96,4.663061664403869,0.09617606986773453
2019-06-03,106.46,4.667769327744611,0.00470766334074213
2019-06-04,109.74,4.69811393163083,0.030344603886218735
2019-06-05,98.9908,4.595026916523467,-0.10308701510736284
2019-06-06,99.2173,4.597312394247049,0.002285477723582119
2019-06-07,109.16,4.692814695840138,0.09550230159308892
2019-06-10,110.34,4.703566507844284,0.010751812004146544
2019-06-11,99.4919,4.6000762338156385,-0.10349027402864586
2019-06-12,98.2344,4.587356459516756,-0.012719774298882491
2019-06-13,98.4702,4.589753964333102,0.002397504816346263
2019-06-14,98.706,4.592145734865339,0.0023917705322364924
2019-06-17,109.22,4.693364196724008,0.1012184618586689
2019-06-18,110.71,4.706914169871375,0.013549973147367389
2019-06-19,109.91,4.699661849080809,-0.007252320790565925
2019-06-20,110.19,4.702206148499686,0.002544299418876683
2019-06-21,109.44,4.69537645387424,-0.0068296946254458035
2019-06-24,108.66,4.688223741123377,-0.007152712750863266
2019-06-25,107.76,4.679906532102109,-0.008317209021267757
2019-06-26,97.5113,4.57996826872411,-0.09993826337799927
2019-06-27,108.84,4.689878913915045,0.10991064519093552
2019-06-28,111.8,4.716711560720999,0.02683264680595343
2019-07-01,113.68,4.733387483788845,0.016675923067846377
2019-07-02,102.292,4.627831468531171,-0.10555601525767422
2019-07-03,102.144,4.626383582387289,-0.0014478861438815827
2019-07-05,102.734,4.632143123489517,0.005759541102228205
2019-07-08,102.184,4.626775109740476,-0.005368013749041722
2019-07-09,102.606,4.630896410558972,0.004121300818495932
2019-07-10,102.312,4.628026968131019,-0.0028694424279525066
2019-07-11,103.304,4.63767609754435,0.009649129413331181
2019-07-12,104.374,4.6479806022867995,0.01030450474244926
2019-07-15,103.117,4.635864265888115,-0.012116336398684702
2019-07-16,104.218,4.646484859122304,0.01062059323418918
2019-07-17,103.196,4.636630092606364,-0.009854766515940305
2019-07-18,103.805,4.6425141391285125,0.0058840465221488
2019-07-19,102.783,4.632619969696191,-0.009894169432321576
2019-07-22,114.27,4.738564069158622,0.10594409946243122
2019-07-23,116.36,4.756688833627001,0.01812476446837863
2019-07-24,105.76,4.6611723761033765,-0.09551645752362425
2019-07-25,115.71,4.7510870608882465,0.08991468478486997
2019-07-26,105.21,4.655958352820196,-0.0951287080680503
2019-07-29,115.85,4.752296250878385,0.09633789805818882
2019-07-30,104.64,4.650525887708889,-0.10177036316949639
2019-07-31,116.0,4.7535901911063645,0.10306430339747585
2019-08-01,112.94,4.726856704244691,-0.02673348686167376
2019-08-02,112.93,4.726768157735579,-8.854650911160888e-05
2019-08-05,99.1975,4.597112812360358,-0.1296553453752214
2019-08-06,110.43,4.7043818360590395,0.10726902369868174
2019-08-07,108.03,4.682408966328894,-0.02197286973014556
2019-08-08,99.4621,4.59977666707938,-0.08263229924951432
2019-08-09,109.74,4.69811393163083,0.09833726455144998
2019-08-12,107.68,4.679163865896418,-0.018950065734411936
2019-08-13,109.34,4.694462293466853,0.015298427570435535
2019-08-14,104.8,4.6520537718869415,-0.04240852157991171
2019-08-15,95.2291,4.556285567357977,-0.09576820452896406
2019-08-16,107.72,4.679535267943399,0.12324970058542117
2019-08-19,108.69,4.688499793575096,0.008964525631697029
2019-08-20,107.31,4.675721841939036,-0.012777951636059548
2019-08-21,107.61,4.678513580212301,0.0027917382732649543
2019-08-22,108.72,4.688775769842889,0.01026218963058767
2019-08-23,95.9836,4.564177343540827,-0.12459842630206186
2019-08-26,96.746,4.572088987385968,0.007911643845140759
2019-08-27,105.74,4.660983250807304,0.0888942634213361
2019-08-28,106.8,4.6709579265260945,0.009974675718790849
2019-08-29,98.8632,4.5937370763616245,-0.07722085016447
2019-08-30,99.4621,4.59977666707938,0.006039590717755061
2019-09-03,98.2934,4.5879568834951705,-0.011819783584209098
2019-09-04,109.87,4.699297848712789,0.11134096521761894
2019-09-05,101.712,4.622145290194053,-0.07715255851873604
2019-09-06,101.948,4.6244628793685,0.002317589174446688
2019-09-09,104.463,4.648832941722705,0.02437006235420469
2019-09-10,105.799,4.6615410675836895,0.012708125860984687
2019-09-11,106.104,4.664419745192052,0.0028786776083622456
2019-09-12,117.91,4.769921621588582,0.10550187639652986
2019-09-13,108.835,4.6898329738668005,-0.08008864772178104
2019-09-16,119.16,4.780467127845082,0.09063415397828134
2019-09-17,118.57,4.775503503469979,-0.004963624375102782
2019-09-18,119.76,4.785489740111373,0.009986236641394086
2019-09-19,108.069,4.682769912010488,-0.1027198281008852
2019-09-20,107.646,4.678848065665302,-0.0039218463451859975
2019-09-23,107.626,4.678662254226215,-0.00018581143908669162
2019-09-24,117.33,4.764990477435532,0.08632822320931677
2019-09-25,106.801,4.670967289778139,-0.0940231876573927
2019-09-26,117.03,4.762430312186675,0.09146302240853554
2019-09-27,106.566,4.668764511513245,-0.09366580067343033
2019-09-30,106.546,4.668576816779408,-0.00018769473383617452
2019-10-01,104.6,4.650143551630823,-0.018433265148585676
2019-10-02,113.25,4.7295977643631435,0.07945421273232078
2019-10-03,102.38,4.628691381029437,-0.10090638333370627
2019-10-04,104.591,4.650057505863982,0.02136612483454492
2019-10-07,104.365,4.64789437019787,-0.002163135666112481
2019-10-08,102.046,4.625423692015334,-0.02247067818253523
2019-10-09,102.773,4.6325226726091895,0.007098980593855053
2019-10-10,104.218,4.646484859122304,0.013962186513114538
2019-10-11,105.986,4.663307009917636,0.016822150795332114
2019-10-14,106.271,4.665992435333743,0.002685425416107279
2019-10-15,109.464,4.695595728077509,0.02960329274376594
2019-10-16,109.218,4.693345884891817,-0.002249843185692768
2019-10-17,120.35,4.790404164229081,0.09705827933726408
2019-10-18,120.56,4.79214755431824,0.001743390089159469
2019-10-21,123.55,4.816645932434619,0.02449837811637856
2019-10-22,124.79,4.826632324519763,0.009986392085144402
2019-10-23,125.12,4.829273276797001,0.002640952277237929
2019-10-24,125.03,4.828553708506909,-0.0007195682900924538
2019-10-25,126.03,4.8365199738494,0.007966265342491674
2019-10-28,126.51,4.840321356426578,0.003801382577178103
2019-10-29,126.43,4.839688795323807,-0.000632561102771767
2019-10-30,125.73,4.83413675060509,-0.005552044718716509
2019-10-31,124.92,4.827673532414877,-0.006463218190212672
2019-11-01,127.8,4.850466541943434,0.022793009528556674
2019-11-04,128.82,4.858416081118745,0.007949539175310605
2019-11-05,129.1,4.860587297852597,0.0021712167338518995
2019-11-06,129.3,4.8621352857778115,0.0015479879252149331
2019-11-07,130.0,4.867534450455582,0.005399164677770685
2019-11-08,130.38,4.870453263496393,0.0029188130408108748
2019-11-11,129.92,4.866918876413368,-0.0035343870830253366
2019-11-12,129.16,4.8610519458900745,-0.0058669305232932345
2019-11-13,128.48,4.855773250198451,-0.005278695691623092
2019-11-14,128.6,4.856706811803519,0.0009335616050671902
2019-11-15,118.197,4.7723527239392425,-0.08435408786427612
2019-11-18,119.209,4.780878255136719,0.008525531197476788
2019-11-19,119.17,4.7805510451027144,-0.0003272100340048212
2019-11-20,118.286,4.773105420785966,-0.007445624316748223
2019-11-21,118.561,4.775427596060115,0.0023221752741484636
2019-11-22,119.367,4.7822027808484355,0.006775184788320843
2019-11-25,119.966,4.78720836930224,0.005005588453804499
2019-11-26,120.133,4.78859946236744,0.001391093065199911
2019-11-27,120.516,4.791782524199203,0.003183061831762757
2019-11-29,120.221,4.789331715659935,-0.0024508085392680456
2019-12-02,119.947,4.787049978551929,-0.0022817371080057214
2019-12-03,129.78,4.865840709193022,0.0787907306410931
2019-12-04,132.34,4.885374368583913,0.019533659390891245
2019-12-05,133.06,4.890800154313742,0.005425785729828547
2019-12-06,135.04,4.905571030847647,0.014770876533905408
2019-12-09,134.41,4.900894830083057,-0.004676200764590632
2019-12-10,122.747,4.810125326457436,-0.0907695036256202
2019-12-11,134.18,4.899182182134742,0.08905685567730526
2019-12-12,138.02,4.927398602192456,0.02821642005771441
2019-12-13,136.81,4.918593101932022,-0.008805500260433696
2019-12-16,137.34,4.9224596031925305,0.0038665012605081372
2019-12-17,138.18,4.928557183060649,0.00609757986811843
2019-12-18,125.979,4.836115226394379,-0.09244195666626975
2019-12-19,137.35,4.922532412541283,0.08641718614690408
2019-12-20,125.232,4.8301680170624826,-0.09236439547880071
2019-12-23,125.193,4.829856546559815,-0.00031147050266788767
2019-12-24,125.537,4.832600535837883,0.002743989278068071
2019-12-26,139.04,4.934761661517082,0.10216112567919922
2019-12-27,126.961,4.843879952683668,-0.09088170883341373
2019-12-30,138.63,4.931808513550284,0.08792856086661605
2019-12-31,127.217,4.845894289774693,-0.08591422377559166
2020-01-02,141.09,4.949397984625066,0.10350369485037358
2020-01-03,127.049,4.844572838818236,-0.10482514580683056
2020-01-06,126.941,4.8437224115848085,-0.0008504272334270979
2020-01-07,135.88,4.911772143292383,0.06804973170757478
2020-01-08,136.94,4.919542873692917,0.007770730400533665
2020-01-09,137.44,4.923187458235946,0.0036445845430286283
2020-01-10,124.957,4.827969678120728,-0.09521778011521764
2020-01-13,137.2,4.921439715291784,0.0934700371710564
2020-01-14,127.481,4.847967333886113,-0.07347238140567125
2020-01-15,125.556,4.83275187418691,-0.015215459699202682
2020-01-16,126.067,4.8368135116564,0.004061637469489732
2020-01-17,126.912,4.8434939328973305,0.006680421240930379
2020-01-21,136.84,4.918812360109404,0.07531842721207305
2020-01-22,136.68,4.917642427247091,-0.0011699328623127059
2020-01-23,136.54,4.916617611990135,-0.0010248152569563018
2020-01-24,122.295,4.806436158782984,-0.11018145320715078
2020-01-27,132.03,4.88302916949111,0.07659301070812585
2020-01-28,123.463,4.815941516038741,-0.06708765345236856
2020-01-29,134.23,4.899554746499545,0.08361323046080393
2020-01-30,135.89,4.911845734932406,0.012290988432861027
2020-01-31,121.548,4.80030924649266,-0.11153648843974562
2020-02-03,122.501,4.808119193216768,0.007809946724107952
2020-02-04,135.29,4.907420622615269,0.0993014293985004
2020-02-05,126.342,4.838992515644449,-0.06842810697081969
2020-02-06,126.361,4.839142889799373,0.00015037415492358264
2020-02-07,125.989,4.836194601553171,-0.002948288246201969
2020-02-10,137.74,4.925367850116552,0.08917324856338116
2020-02-11,138.0,4.927253685157205,0.0018858350406532054
2020-02-12,138.0,4.927253685157205,0.0
2020-02-13,126.607,4.841087800440599,-0.08616588471660602
2020-02-14,137.46,4.923332965693459,0.08224516525285974
2020-02-18,135.64,4.910004317257438,-0.013328648436020885
2020-02-19,137.49,4.923551187189142,0.013546869931704286
2020-02-20,126.273,4.838446229780854,-0.08510495740828805
2020-02-21,135.81,4.911256850115977,0.07281062033512242
2020-02-24,132.16,4.884013309772668,-0.027243540343308226
2020-02-25,126.26,4.83834327293948,-0.04567003683318838
2020-02-26,116.311,4.756267638026996,-0.08207563491248404
2020-02-27,111.458,4.713647838323483,-0.042619799703512484
2020-02-28,116.11,4.7545380176389145,0.04089017931543104
2020-03-02,111.596,4.714885207010953,-0.03965281062796144
2020-03-03,107.42,4.676746384477314,-0.03813882253363943
2020-03-04,110.073,4.701143782046818,0.024397397569503987
2020-03-05,104.67,4.650812543866793,-0.05033123818002494
2020-03-06,99.2659,4.597802108247743,-0.05301043561904972
2020-03-09,85.8143,4.452185659273238,-0.1456164489745051
2020-03-10,92.4773,4.526963208996141,0.07477754972290285
2020-03-11,95.96,4.563931437971494,0.036968228975353234
2020-03-12,80.8628,4.392753891364768,-0.17117754660672624
2020-03-13,95.4236,4.558325927315916,0.1655720359511479
2020-03-16,81.1478,4.396272183303522,-0.16205374401239325
2020-03-17,86.1071,4.455591870287054,0.05931968698353174
2020-03-18,77.0411,4.344339045684925,-0.11125282460212915
2020-03-19,78.338,4.361032798169646,0.016693752484720825
2020-03-20,76.6835,4.339686561371562,-0.021346236798083673
2020-03-23,72.5788,4.284672868167947,-0.055013693203615155
2020-03-24,81.2116,4.397058094107379,0.11238522593943223
2020-03-25,84.2415,4.433687673934997,0.0366295798276175
2020-03-26,98.12,4.5861912193902885,0.15250354545529188
2020-03-27,83.6933,4.427158926501709,-0.1590322928885799
2020-03-30,93.5,4.537961436294641,0.11080250979293282
2020-03-31,90.03,4.500142948120385,-0.03781848817425626
2020-04-01,84.36,4.435093355610574,-0.06504959250981113
2020-04-02,87.51,4.47175307254774,0.036659716937165854
2020-04-03,84.05,4.431411859854625,-0.0403412126931153
2020-04-06,89.46,4.493791598004702,0.062379738150077024
2020-04-07,90.64,4.506895616719751,0.013104018715049293
2020-04-08,94.3,4.546481189639412,0.039585572919660805
2020-04-09,102.76,4.632396172241683,0.08591498260227137
2020-04-13,98.19,4.586904377181199,-0.045491795060484286
2020-04-14,95.5,4.5591262474866845,-0.02777812969451432
2020-04-15,90.79,4.508549147383666,-0.05057710010301886
2020-04-16,87.33,4.469694046425642,-0.038855100958024025
2020-04-17,95.18,4.555769835692964,0.08607578926732273
2020-04-20,91.71,4.518631424570852,-0.037138411122112025
2020-04-21,89.05,4.489198009735671,-0.02943341483518136
2020-04-22,89.34,4.492449315923973,0.003251306188301939
2020-04-23,89.39,4.493008819099761,0.000559503175788123
2020-04-24,90.71,4.507667604626853,0.0146587855270921
2020-04-27,94.62,4.549868870203002,0.042201265576149005
2020-04-28,95.29,4.556924873360097,0.007056003157094537
2020-04-29,97.86,4.583537885860977,0.02661301250088055
2020-04-30,95.76,4.561845061249718,-0.0216928246112591
2020-05-01,93.25,4.535284058523925,-0.02656100272579298
2020-05-04,92.14,4.523309159507771,-0.011974899016154339
2020-05-05,92.0,4.5217885770490405,-0.001520582458730324
2020-05-06,90.27,4.502805179310063,-0.01898339773897728
2020-05-07,91.21,4.513164540192067,0.010359360882003621
2020-05-08,92.7,4.529368472571809,0.01620393237974227
2020-05-11,89.97,4.499476281429027,-0.029892191142781854
2020-05-12,87.03,4.466252886801422,-0.03322339462760482
2020-05-13,84.03,4.431173877940127,-0.035079008861295335
2020-05-14,87.52,4.471867338673671,0.04069346073354385
2020-05-15,79.7085,4.378376230046734,-0.09349110862693699
2020-05-18,83.9291,4.429972394815509,0.05159616476877549
2020-05-19,82.2786,4.410111049569507,-0.019861345246002138
2020-05-20,84.7465,4.439664447472673,0.029553397903165468
2020-05-21,83.6716,4.426899612868784,-0.012764834603888886
2020-05-22,83.0222,4.419108041912425,-0.00779157095635874
2020-05-26,88.913,4.487658363550078,0.06855032163765262
2020-05-27,94.0609,4.543942444831746,0.056284081281668286
2020-05-28,92.661,4.5289476720735875,-0.014994772758158526
2020-05-29,90.2962,4.503095377588411,-0.02585229448517623
2020-06-01,91.4928,4.516260280660781,0.013164903072369505
2020-06-02,91.7984,4.519594868280655,0.003334587619874263
2020-06-03,96.7558,4.572190278433476,0.05259541015282121
2020-06-04,98.755,4.592642035410821,0.02045175697734436
2020-06-05,103.225,4.636911071772154,0.04426903636133339
2020-06-08,105.278,4.6566044704360765,0.0196933986639225
2020-06-09,102.567,4.630516243573357,-0.026088226862719388
2020-06-10,98.421,4.589254195922691,-0.04126204765066621
2020-06-11,90.203,4.502062685938999,-0.08719150998369152
2020-06-12,92.6708,4.529053428344331,0.026990742405331503
2020-06-15,93.9489,4.542751017435423,0.013697589091091977
2020-06-16,94.7075,4.55079319452176,0.008042177086337254
2020-06-17,92.3103,4.525155727915531,-0.025637466606228898
2020-06-18,91.8082,4.519701618255975,-0.005454109659556394
2020-06-19,90.759,4.508207641781308,-0.0114939764746671
2020-06-22,89.7756,4.497313223464917,-0.01089441831639082
2020-06-23,90.87,4.5094299137072555,0.012116690242338635
2020-06-24,87.8362,4.475473716351871,-0.033956197355384354
2020-06-25,90.8985,4.509743499397114,0.034269783045242974
2020-06-26,85.9155,4.453364255087297,-0.056379244309817445
2020-06-29,86.2977,4.457802946517546,0.004438691430249442
2020-06-30,94.06,4.543932876516902,0.08612992999935543
2020-07-01,93.26,4.535391291380175,-0.00854158513672676
2020-07-02,92.66,4.528936879988502,-0.0064544113916724655
2020-07-06,95.0,4.553876891600541,0.024940011612038404
2020-07-07,92.32,4.52526080275979,-0.028616088840751175
2020-07-08,87.4187,4.470709218585637,-0.05455158417415262
2020-07-09,85.5255,4.448814577090367,-0.021894641495269873
2020-07-10,90.201,4.502040513481624,0.05322593639125728
2020-07-13,91.4948,4.516282140065463,0.014241626583838318
2020-07-14,92.0185,4.52198964379029,0.005707503724827312
2020-07-15,99.73,4.602466534413777,0.08047689062348695
2020-07-16,100.01,4.605270180988425,0.0028036465746481554
2020-07-17,98.16,4.586598800402656,-0.018671380585769448
2020-07-20,97.3,4.577798989191959,-0.008799811210696618
2020-07-21,99.41,4.599252712224054,0.021453723032094807
2020-07-22,98.69,4.591983624183916,-0.007269088040137817
2020-07-23,98.98,4.59491780952374,0.002934185339824147
2020-07-24,98.28,4.587820547652979,-0.007097261870761429
2020-07-27,96.9,4.5736795188967205,-0.014141028756258223
2020-07-28,97.32,4.578004517915322,0.004324999018601616
2020-07-29,99.68,4.601965055039143,0.023960537123820735
2020-07-30,97.02,4.57491714281707,-0.02704791222207259
2020-07-31,96.64,4.570992734186505,-0.0039244086305654236
2020-08-03,96.1,4.565389315976247,-0.005603418210258226
2020-08-04,95.55,4.559649670686282,-0.005739645289964734
2020-08-05,97.21,4.576873586832978,0.017223916146695828
2020-08-06,97.24,4.577182149447922,0.0003085626149443854
2020-08-07,99.38,4.598950886174174,0.021768736726252236
2020-08-10,100.64,4.611549792952131,0.012598906777956387
2020-08-11,103.82,4.642658630399083,0.031108837446952364
2020-08-12,102.94,4.6341462942246086,-0.008512336174474555
2020-08-13,102.37,4.628593700931679,-0.005552593292929231
2020-08-14,102.41,4.628984364087346,0.00039066315566671506
2020-08-17,99.71,4.602265972840701,-0.026718391246644657
2020-08-18,98.32,4.58822746525778,-0.014038507582921689
2020-08-19,98.55,4.590564033598729,0.0023365683409490856
2020-08-20,97.37,4.578518154990665,-0.012045878608064164
2020-08-21,91.1854,4.512894796545581,-0.06562335844508382
2020-08-24,100.06,4.605770006060059,0.09287520951447803
2020-08-25,94.1691,4.545092102292485,-0.06067790376757376
2020-08-26,92.8437,4.530917434123523,-0.014174668168961624
2020-08-27,95.8971,4.563275741599,0.03235830747547652
2020-08-28,102.77,4.632493481636982,0.06921774003798209
2020-08-31,93.8743,4.54195665333213,-0.09053682830485243
2020-09-01,100.14,4.606569206901798,0.06461255356966866
2020-09-02,101.65,4.621535540074356,0.014966333172557356
2020-09-03,94.9413,4.553258805888073,-0.06827673418628244
2020-09-04,103.52,4.639764830752591,0.08650602486451753
2020-09-08,93.6209,4.539253649156202,-0.10051118159638861
2020-09-09,100.87,4.613832559066744,0.07457890991054228
2020-09-10,99.83,4.603468739348334,-0.010363819718410383
2020-09-11,94.6985,4.55069816057345,-0.05277057877488378
2020-09-14,96.0131,4.564484640491578,0.01378647991812798
2020-09-15,93.0215,4.5328306492303305,-0.03165399126124768
2020-09-16,93.4145,4.537046579438021,0.004215930207690732
2020-09-17,92.3466,4.525548889508384,-0.01149768992963729
2020-09-18,92.1511,4.523429621103729,-0.0021192684046553723
2020-09-21,89.302,4.492023884048231,-0.03140573705549787
2020-09-22,88.3274,4.481050365250799,-0.01097351879743158
2020-09-23,86.8931,4.4646786275078245,-0.016371737742974624
2020-09-24,92.66,4.528936879988502,0.06425825248067785
2020-09-25,93.47,4.537640529194492,0.008703649205989983
2020-09-28,96.16,4.566013470786897,0.028372941592405
2020-09-29,95.35,4.557554332046428,-0.008459138740469108
2020-09-30,96.27,4.567156743789875,0.00960241174344656
2020-10-01,96.97,4.574401652316455,0.007244908526580218
2020-10-02,91.7178,4.518716471657551,-0.055685180658904265
2020-10-05,93.6572,4.539641307942302,0.020924836284751613
2020-10-06,92.6934,4.52929727262615,-0.010344035316152578
2020-10-07,94.3095,4.546581926877017,0.017284654250866893
2020-10-08,96.2439,4.566885594536134,0.020303667659117508
2020-10-09,95.7027,4.561246511227069,-0.0056390833090649295
2020-10-12,102.44,4.629277261331325,0.06803075010425541
2020-10-13,100.78,4.612939923252452,-0.0163373380788725
2020-10-14,100.22,4.607367769531579,-0.005572153720873274
2020-10-15,101.72,4.622223940553919,0.01485617102234027
2020-10-16,101.51,4.62015731579634,-0.0020666247575791274
2020-10-19,94.3763,4.547289982308754,-0.07286733348758645
2020-10-20,94.9137,4.552968057683449,0.005678075374695446
2020-10-21,93.9687,4.542961748096875,-0.010006309586573892
2020-10-22,97.2873,4.577668456520834,0.03470670842395851
2020-10-23,103.81,4.642562305205154,0.06489384868432069
2020-10-26,95.7409,4.5616455843797565,-0.0809167208253978
2020-10-27,93.9323,4.542574310026239,-0.019071274353517964
2020-10-28,96.54,4.569957430232347,0.027383120206108558
2020-10-29,97.17,4.576462021851348,0.0065045916190005215
2020-10-30,98.04,4.585375558659912,0.008913536808564437
2020-11-02,94.7987,4.551755696086782,-0.0336198625731301
2020-11-03,103.41,4.638701669196884,0.08694597311010188
2020-11-04,100.25,4.6076670661866785,-0.03103460301020533
2020-11-05,104.35,4.647750633523209,0.040083567336530734
2020-11-06,97.3551,4.578365118735666,-0.06938551478754285
2020-11-09,110.544,4.705413631746439,0.1270485130107728
2020-11-10,116.52,4.758062932091234,0.05264930034479498
2020-11-11,108.54,4.6871187686352584,-0.07094416345597576
2020-11-12,113.37,4.730656806029507,0.04353803739424844
2020-11-13,114.08,4.736899956665986,0.006243150636478845
2020-11-16,117.3,4.76473475565943,0.02783479899344421
2020-11-17,109.808,4.698733386166279,-0.06600136949315072
2020-11-18,115.25,4.747103681876758,0.04837029571047857
2020-11-19,115.56,4.749789875598035,0.002686193721276986
2020-11-20,114.57,4.741185989905534,-0.00860388569250059
2020-11-23,117.87,4.769582322238478,0.02839633233294414
2020-11-24,116.616,4.758886485771711,-0.010695836466767084
2020-11-25,115.398,4.748387022901285,-0.01049946287042669
2020-11-27,121.22,4.797607076523139,0.049220053621854554
2020-11-30,117.88,4.769667157869494,-0.027939918653645535
2020-12-01,113.226,4.729385821375014,-0.040281336494479625
2020-12-02,122.04,4.804348859848469,0.07496303847345498
2020-12-03,121.24,4.797772052189602,-0.006576807658866812
2020-12-04,122.34,4.806804053814419,0.009032001624817099
2020-12-07,115.25,4.747103681876758,-0.05970037193766142
2020-12-08,122.0,4.804021044733257,0.056917362856498954
2020-12-09,121.05,4.796203683384068,-0.007817361349188978
2020-12-10,120.27,4.789739215322525,-0.006464468061542661
2020-12-11,119.56,4.783818337415737,-0.005920877906787858
2020-12-14,118.3,4.773223770984341,-0.010594566431396224
2020-12-15,120.32,4.79015486020153,0.016931089217188777
2020-12-16,120.67,4.79305954708551,0.0029046868839799345
2020-12-17,113.158,4.728785072187393,-0.06427447489811655
2020-12-18,119.08,4.779795536147575,0.05101046396018205
2020-12-21,123.55,4.816645932434619,0.03685039628704345
2020-12-22,121.67,4.801312461799358,-0.015333470635260582
2020-12-23,125.07,4.828873580560815,0.02756111876145706
2020-12-24,124.52,4.824466345573407,-0.004407234987407804
2020-12-28,118.522,4.775098597352052,-0.04936774822135526
2020-12-29,125.01,4.828393734102471,0.0532951367504193
2020-12-30,125.36,4.831189598047765,0.0027958639452938527
2020-12-31,127.07,4.844738115716443,0.013548517668677817
2021-01-04,119.033,4.779400765592332,-0.06533735012411146
2021-01-05,125.65,4.833500263989602,0.05409949839727002
2021-01-06,131.55,4.879387007486302,0.04588674349670008
2021-01-07,135.87,4.911698546236233,0.03231153874993087
2021-01-08,129.545,4.864028311126295,-0.04767023510993784
2021-01-11,138.05,4.927615938376164,0.063587627249869
2021-01-12,140.22,4.943212617778822,0.015596679402658076
2021-01-13,140.35,4.9441393028078915,0.0009266850290696738
2021-01-14,141.17,4.9499648378961085,0.005825535088217038
2021-01-15,138.64,4.93188064540735,-0.018084192488758255
2021-01-19,138.04,4.927543498229802,-0.004337147177547962
2021-01-20,129.495,4.863642270355596,-0.06390122787420616
2021-01-21,134.83,4.904014725645983,0.040372455290387244
2021-01-22,133.79,4.8962714064855275,-0.007743319160455897
2021-01-25,132.12,4.883710600522589,-0.012560805962938737
2021-01-26,131.58,4.879615031657852,-0.004095568864737054
2021-01-27,127.86,4.850935915338581,-0.028679116319271003
2021-01-28,123.925,4.819676543906637,-0.03125937143194335
2021-01-29,122.569,4.8086741367165455,-0.011002407190091823
2021-02-01,123.453,4.8158605168324895,0.007186380115943969
2021-02-02,127.265,4.8462715266760785,0.03041100984358902
2021-02-03,128.719,4.857631733853453,0.011360207177374626
2021-02-04,131.677,4.880351954166197,0.022720220312743677
2021-02-05,137.98,4.927108747117963,0.046756792951765824
2021-02-08,140.14,4.9426419229423875,0.015533175824424816
2021-02-09,139.58,4.938637913589005,-0.0040040093533821874
2021-02-10,139.66,4.939210897417889,0.0005729838288841549
2021-02-11,132.649,4.887706541919826,-0.051504355498063426
2021-02-12,141.25,4.9505313700265505,0.06282482810672452
2021-02-16,137.767,4.925563852396613,-0.02496751762993732
2021-02-17,145.1,4.977423159890142,0.05185930749352874
2021-02-18,145.59,4.9807944520852345,0.003371292195092579
2021-02-19,148.02,4.99734739976932,0.016552947684085773
2021-02-22,149.41,5.006694204862994,0.00934680509367336
2021-02-23,150.61,5.014693714223758,0.007999509360764101
2021-02-24,153.26,5.032135825542258,0.017442111318500153
2021-02-25,143.977,4.969653564596826,-0.062482260945431634
2021-02-26,147.17,4.9915883811760215,0.02193481657919527
2021-03-01,150.5,5.01396308418893,0.022374703012908448
2021-03-02,142.877,4.961984120267219,-0.05197896392171142
2021-03-03,145.627,4.981048558131235,0.019064437864016348
2021-03-04,150.56,5.01436167583707,0.033313117705835005
2021-03-05,143.751,4.968082636175002,-0.04627903966206759
2021-03-08,145.627,4.981048558131235,0.012965921956232584
2021-03-09,144.615,4.974075038784454,-0.006973519346781032
2021-03-10,155.13,5.04426347507624,0.07018843629178573
2021-03-11,154.32,5.0390283685974735,-0.005235106478766127
2021-03-12,156.15,5.050817083729088,0.011788715131614502
2021-03-15,155.37,5.045809369103909,-0.005007714625178572
2021-03-16,153.51,5.03376571148511,-0.012043657618799664
2021-03-17,155.09,5.044005593571361,0.010239882086251484
2021-03-18,150.166,5.0117413488587745,-0.03226424471258671
2021-03-19,147.769,4.9956502436191785,-0.016091105239596004
2021-03-22,143.81,4.9684929838982885,-0.027157259720890004
2021-03-23,149.46,5.007028798502144,0.03853581460385591
2021-03-24,143.466,4.96609807332852,-0.040930725173624616
2021-03-25,145.303,4.978821217300463,0.012723143971943074
2021-03-26,147.72,4.995318589984363,0.016497372683899947
2021-03-29,145.431,4.97970174732633,-0.015616842658032759
2021-03-30,147.15,4.991452474679482,0.01175072735315208
2021-03-31,144.999,4.976726845845069,-0.014725628834413307
2021-04-01,146.403,4.986363093120536,0.009636247275467191
2021-04-05,147.189,4.991717475241611,0.005354382121074863
2021-04-06,152.54,5.027426856736093,0.035709381494481995
2021-04-07,154.93,5.042973402008201,0.01554654527210797
2021-04-08,155.12,5.044199010934396,0.0012256089261954983
2021-04-09,156.28,5.05164927018687,0.007450259252473224
2021-04-12,149.41,5.006694204862994,-0.04495506532387594
2021-04-13,154.09,5.037536847293762,0.030842642430767953
2021-04-14,151.21,5.0186695991245776,-0.01886724816918406
2021-04-15,145.785,4.982132933623544,-0.03653666550103374
2021-04-16,153.3,5.0323967858777685,0.050263852254224695
2021-04-19,152.65,5.028147719180887,-0.0042490666968815205
2021-04-20,143.005,4.96287959468361,-0.06526812449727704
2021-04-21,144.223,4.9713607128254464,0.008481118141836497
2021-04-22,141.187,4.950085252831956,-0.021275459993490564
2021-04-23,150.19,5.01190115921749,0.061815906385533914
2021-04-26,150.56,5.01436167583707,0.002460516619580133
2021-04-27,151.25,5.018934096910951,0.004572421073881117
2021-04-28,152.23,5.025392535071163,0.0064584381602115215
2021-04-29,148.693,5.001883777711123,-0.023508757360039212
2021-04-30,147.357,4.992858213993575,-0.00902556371754848
2021-05-03,153.36,5.032788098737389,0.03992988474381409
2021-05-04,148.958,5.003664387015421,-0.029123711721967815
2021-05-05,157.52,5.05955243433087,0.05588804731544883
2021-05-06,153.949,5.036621378733953,-0.022931055596917105
2021-05-07,161.24,5.082893938248965,0.04627255951501219
2021-05-10,154.459,5.039928688952091,-0.0429652492968744
2021-05-11,158.54,5.06600692740901,0.026078238456919145
2021-05-12,157.45,5.059107947547034,-0.006898979861976073
2021-05-13,161.5,5.084505142662711,0.025397195115677285
2021-05-14,164.01,5.099927401575018,0.015422258912306752
2021-05-17,157.77,5.061138276269363,-0.03878912530565515
2021-05-18,162.35,5.089754498548855,0.02861622227949212
2021-05-19,154.361,5.039294015010704,-0.050460483538151024
2021-05-20,160.83,5.080347906507556,0.041053891496852124
2021-05-21,155.835,5.048797755190605,-0.03155015131695116
2021-05-24,156.69,5.054269331116317,0.005471575925712457
2021-05-25,155.069,5.043870179154678,-0.010399151961639319
2021-05-26,161.83,5.0865464015287944,0.04267622237411661
2021-05-27,157.456,5.0591460541566295,-0.0274003473721649
2021-05-28,157.348,5.058459912911683,-0.00068614124494637
2021-06-01,159.087,5.069451222388735,0.010991309477051736
2021-06-02,159.097,5.069514079100596,6.285671186123665e-05
2021-06-03,166.17,5.113011360713122,0.04349728161252564
2021-06-04,166.44,5.11463488411474,0.0016235234016184208
2021-06-07,165.66,5.109937495170118,-0.00469738894462246
2021-06-08,165.0,5.10594547390058,-0.00399202126953746
2021-06-09,162.94,5.093382034882496,-0.01256343901808421
2021-06-10,160.4,5.077670695432414,-0.01571133945008185
2021-06-11,153.575,5.034189047049991,-0.04348164838242319
2021-06-14,150.962,5.017028149515194,-0.017160897534797215
2021-06-15,148.683,5.001816522788038,-0.015211626727156258
2021-06-16,149.715,5.008733486806659,0.006916964018621741
2021-06-17,145.401,4.979495442654861,-0.029238044151798093
2021-06-18,141.717,4.953832111271946,-0.025663331382915544
2021-06-21,150.43,5.013497859709733,0.05966574843778716
2021-06-22,143.918,4.969243692936492,-0.04425416677324101
2021-06-23,151.12,5.0180742231932545,0.04883053025676265
2021-06-24,146.119,4.984421358213546,-0.03365286497970832
2021-06-25,147.592,4.994451710155464,0.010030351941917814
2021-06-28,147.857,4.996245590460115,0.0017938803046506635
2021-06-29,154.14,5.037861280349847,0.04161568988973219
2021-06-30,149.017,5.00406039339697,-0.03380088695287675
2021-07-01,150.491,5.013903281736348,0.009842888339377964
2021-07-02,156.03,5.050048296453091,0.03614501471674281
2021-07-06,147.818,4.995981787296329,-0.05406650915676181
2021-07-07,147.995,4.997178489409646,0.0011967021133170164
2021-07-08,145.451,4.979839260132427,-0.017339229277219204
2021-07-09,155.77,5.048380560338514,0.06854130020608729
2021-07-12,152.239,5.025451654390388,-0.02292890594812569
2021-07-13,149.989,5.010561958073902,-0.0148896963164864
2021-07-14,149.469,5.007089013469596,-0.0034729446043062495
2021-07-15,149.803,5.009321097584857,0.0022320841152616566
2021-07-16,146.384,4.986233305937179,-0.02308779164767838
2021-07-19,146.97,4.990228484318593,0.003995178381414277
2021-07-20,149.71,5.008700089461746,0.01847160514315238
2021-07-21,152.86,5.029522469814738,0.020822380352992553
2021-07-22,150.93,5.016816153171337,-0.012706316643400939
2021-07-23,150.64,5.014892884348897,-0.001923268822440427
2021-07-26,151.65,5.02157523413459,0.0066823497856933756
2021-07-27,151.45,5.020255537473246,-0.0013196966613442385
2021-07-28,151.7,5.021904886354487,0.0016493488812407975
2021-07-29,153.0,5.030437921392435,0.008533035037948444
2021-07-30,151.78,5.022432103975767,-0.008005817416668393
2021-08-02,151.17,5.018405031360617,-0.004027072615150118
2021-08-03,152.89,5.029718708572522,0.01131367721190557
2021-08-04,145.725,4.981721283931614,-0.047997424640908726
2021-08-05,147.573,4.994322968603951,0.012601684672337576
2021-08-06,157.5,5.059425458265688,0.06510248966173648
2021-08-09,151.611,5.021318029942722,-0.03810742832296565
2021-08-10,159.26,5.070538086829298,0.04922005688657638
2021-08-11,161.16,5.082397660323147,0.011859573493848252
2021-08-12,161.79,5.086299198017246,0.0039015376940989555
2021-08-13,159.98,5.075048807420676,-0.011250390596569737
2021-08-16,158.93,5.068463853708728,-0.006584953711947783
2021-08-17,151.296,5.019238182903524,-0.049225670805204125
2021-08-18,155.58,5.047160068778628,0.027921885875104024
2021-08-19,154.28,5.038769133340027,-0.0083909354386007
2021-08-20,149.085,5.004516613088079,-0.03425252025194858
2021-08-23,156.7,5.054333149361975,0.04981653627389626
2021-08-24,157.67,5.06050424124939,0.006171091887415159
2021-08-25,160.92,5.080907347081587,0.020403105832197177
2021-08-26,161.75,5.08605193338101,0.005144586299422826
2021-08-27,157.102,5.056895275925289,-0.02915665745572138
2021-08-30,160.44,5.077920040901852,0.02102476497656358
2021-08-31,159.95,5.074861266395527,-0.0030587745063250793
2021-09-01,159.72,5.073422282195021,-0.0014389842005062548
2021-09-02,154.617,5.040951091298202,-0.03247119089681938
2021-09-03,153.683,5.0348920393525365,-0.006059051945665139
2021-09-07,153.418,5.033166222336154,-0.0017258170163820807
2021-09-08,152.731,5.0286782040630476,-0.004488018273106853
2021-09-09,153.399,5.033042370007084,0.0043641659440361025
2021-09-10,151.64,5.021509290648134,-0.01153307935894965
2021-09-13,154.037,5.03719283329614,0.015683542648005755
2021-09-14,151.355,5.019628070931301,-0.01756476236483895
2021-09-15,152.397,5.0264889580194225,0.006860887088121714
2021-09-16,158.09,5.063164491108096,0.03667553308867344
2021-09-17,151.945,5.023518613260363,-0.039645877847733324
2021-09-20,152.96,5.030176449303092,0.00665783604272896
2021-09-21,152.98,5.03030719389372,0.00013074459062867305
2021-09-22,155.91,5.0492789176884605,0.018971723794740214
2021-09-23,155.314,5.0454488741919965,-0.0038300434964639862
2021-09-24,157.093,5.056837986662236,0.01138911247023966
2021-09-27,160.904,5.0808079138509195,0.023969927188683293
2021-09-28,166.08,5.112469599977524,0.03166168612660414
2021-09-29,165.95,5.1116865381659835,-0.0007830618115400867
2021-09-30,163.69,5.097974395156263,-0.013712143009720457
2021-10-01,167.13,5.1187719527008335,0.020797557544570466
2021-10-04,166.95,5.117694366389664,-0.0010775863111698314
2021-10-05,168.66,5.127884854146496,0.010190487756831956
2021-10-06,169.02,5.1300170511163365,0.002132196969840905
2021-10-07,164.893,5.105296778694849,-0.024720272421487444
2021-10-08,165.011,5.106012138345124,0.0007153596502744719
2021-10-11,161.543,5.084771361093409,-0.02124077725171425
2021-10-12,165.36,5.108124915373513,0.023353554280103772
2021-10-13,161.0,5.081404364984463,-0.02672055038904997
2021-10-14,163.47,5.096629487263117,0.015225122278653913
2021-10-15,161.514,5.084591826212085,-0.01203766105103199
2021-10-18,166.55,5.1152955646396885,0.030703738427603433
2021-10-19,168.57,5.127351093792217,0.012055529152528166
2021-10-20,165.61,5.1096356266014,-0.017715467190816625
2021-10-21,169.5,5.1328529268205045,0.02321730021910451
2021-10-22,166.524,5.115139443176874,-0.017713483643630568
2021-10-25,170.94,5.141312617737872,0.02617317456099766
2021-10-26,166.16,5.112951179567857,-0.028361438170014353
2021-10-27,167.83,5.122951562320088,0.010000382752230585
2021-10-28,170.36,5.137913845055013,0.014962282734924948
2021-10-29,164.696,5.104101350307007,-0.033812494748005406
2021-11-01,164.608,5.103566889735045,-0.0005344605719628248
2021-11-02,165.247,5.107441324255356,0.0038744345203109987
2021-11-03,165.306,5.107798301808889,0.00035697755353325533
2021-11-04,163.144,5.094633246390046,-0.01316505541884272
2021-11-05,168.05,5.124261554171115,0.02962830778106884
2021-11-08,163.881,5.099140554685926,-0.02512099948518909
2021-11-09,162.643,5.0915576147968,-0.007582939889125839
2021-11-10,167.62,5.1216995126707605,0.030141897873960488
2021-11-11,167.61,5.121639852139167,-5.9660531593230814e-05
2021-11-12,166.86,5.117155137473929,-0.004484714665238698
2021-11-15,161.464,5.084282207597818,-0.03287292987611057
2021-11-16,165.36,5.108124915373513,0.023842707775695082
2021-11-17,159.44,5.071667675904539,-0.036457239468973945
2021-11-18,163.05,5.094056902235328,0.022389226330789214
2021-11-19,160.92,5.080907347081587,-0.013149555153741055
2021-11-22,159.323,5.070933588163778,-0.00997375891780905
2021-11-23,168.28,5.12562925872232,0.05469567055854174
2021-11-24,161.857,5.086713229359771,-0.03891602936254923
2021-11-26,161.93,5.08716414308538,0.0004509137256087925
2021-11-29,161.23,5.082831916975648,-0.004332226109731607
2021-11-30,153.968,5.036744788614045,-0.046087128361603114
2021-12-01,157.89,5.061898588033797,0.025153799419752154
2021-12-02,156.277,5.051630073688311,-0.010268514345486146
2021-12-03,158.29,5.064428793697647,0.012798720009335796
2021-12-06,160.16,5.07617331556691,0.011744521869263558
2021-12-07,162.57,5.091108678246132,0.01493536267922213
2021-12-08,155.786,5.04848327060578,-0.04262540764035272
2021-12-09,160.46,5.07804469032551,0.029561419719730253
2021-12-10,159.82,5.074048181946317,-0.0039965083791928535
2021-12-13,157.92,5.062088575685172,-0.011959606261145339
2021-12-14,159.13,5.0697214782220925,0.007632902536920838
2021-12-15,157.94,5.062215214069435,-0.007506264152657316
2021-12-16,160.41,5.07773303762875,0.01551782355931497
2021-12-17,156.76,5.05471597333143,-0.023017064297319756
2021-12-20,153.94,5.036562916106171,-0.01815305722525906
2021-12-21,151.316,5.01937036536839,-0.017192550737781254
2021-12-22,156.7,5.054333149361975,0.03496278399358488
2021-12-23,157.26,5.05790048656337,0.0035673372013951266
2021-12-27,158.16,5.063607178862362,0.005706692298991456
2021-12-28,153.782,5.035536015111868,-0.02807116375049379
2021-12-29,153.713,5.035087227319168,-0.00044878779269996727
2021-12-30,153.634,5.034573150385019,-0.0005140769341487328
2021-12-31,153.507,5.033746168593348,-0.0008269817916710664
2022-01-03,161.7,5.085742766583061,0.05199659798971279
2022-01-04,162.692,5.091858842764098,0.0061160761810370445
2022-01-05,159.716,5.073397238054722,-0.01846160470937619
2022-01-06,161.415,5.083978688320466,0.010581450265743975
2022-01-07,167.16,5.118951437579715,0.03497274925924909
2022-01-10,163.174,5.094817116112737,-0.024134321466977582
2022-01-11,167.49,5.120923647990379,0.026106531877641892
2022-01-12,164.264,5.101474889653198,-0.019448758337181182
2022-01-13,168.23,5.125332090731069,0.02385720107787126
2022-01-14,157.89,5.061898588033797,-0.0634335026972721
2022-01-18,147.523,4.993984095827102,-0.06791449220669499
2022-01-19,145.235,4.978353120175532,-0.01563097565157001
2022-01-20,143.997,4.96979246602565,-0.008560654149881941
2022-01-21,141.481,4.9521654324491395,-0.01762703357651052
2022-01-24,141.353,4.95126030782665,-0.0009051246224895948
2022-01-25,142.897,4.962124091013561,0.010863783186911391
2022-01-26,144.252,4.971561770110117,0.009437679096556018
2022-01-27,145.31,4.978869391332604,0.007307621222486738
2022-01-28,146.61,4.987775999950173,0.008906608617569312
2022-01-31,148.6,5.001258132283659,0.013482132333485275
2022-02-01,147.405,4.9931839004825,-0.008074231801158405
2022-02-02,149.94,5.010235214074916,0.017051313592415518
2022-02-03,148.7,5.001930853466109,-0.008304360608806682
2022-02-04,148.781,5.0024754260741195,0.0005445726080104407
2022-02-07,149.272,5.005770145094948,0.0032947190208281185
2022-02-08,152.082,5.024419849066873,0.018649703971925113
2022-02-09,156.6,5.053694783556702,0.02927493448982954
2022-02-10,152.082,5.024419849066873,-0.02927493448982954
2022-02-11,150.107,5.011348373128294,-0.01307147593857838
2022-02-14,152.49,5.027099020126921,0.015750646998626827
2022-02-15,150.883,5.016504702038484,-0.010594318088437582
2022-02-16,151.159,5.018332262952658,0.0018275609141742422
2022-02-17,151.43,5.020123471968565,0.0017912090159066807
2022-02-18,152.14,5.024801149569155,0.0046776776005907905
2022-02-22,148.103,4.997907977651981,-0.026893171917174108
2022-02-23,148.69,5.001863601709132,0.003955624057150331
2022-02-24,144.55,4.973625468462355,-0.028238133246776265
2022-02-25,144.301,4.9719013957627425,-0.001724072699612833
2022-02-28,141.8,4.954417614098027,-0.017483781664715536
2022-03-01,133.071,4.890882820369227,-0.06353479372879978
2022-03-02,139.28,4.936486295459933,0.04560347509070617
2022-03-03,138.29,4.929352929476567,-0.0071333659833667795
2022-03-04,134.4,4.900820428089049,-0.028532501387517506
2022-03-07,129.21,4.861438987734129,-0.039381440354920194
2022-03-08,128.3,4.8543712716215905,-0.007067716112538314
2022-03-09,133.44,4.893651938610437,0.039280666988846136
2022-03-10,128.591,4.856636824906593,-0.037015113703843916
2022-03-11,125.693,4.833842425899179,-0.02279439900741398
2022-03-14,126.941,4.8437224115848085,0.009879985685629755
2022-03-15,132.48,4.886431690636949,0.042709279052140836
2022-03-16,134.967,4.9050303041125725,0.018598613475623083
2022-03-17,140.15,4.942713277610797,0.03768297349822447
2022-03-18,140.1,4.942356453342962,-0.0003568242678353428
2022-03-21,136.187,4.914028941289196,-0.028327512053765602
2022-03-22,139.085,4.9350852570255235,0.02105631573632749
2022-03-23,139.78,4.940069758048983,0.004984501023459487
2022-03-24,140.69,4.946558888389122,0.006489130340138871
2022-03-25,138.407,4.930198619939226,-0.0163602684498958
2022-03-28,137.375,4.922714412723786,-0.007484207215440186
2022-03-29,141.18,4.950035671967326,0.02732125924354012
2022-03-30,137.061,4.920426082205773,-0.029609589761553146
2022-03-31,132.945,4.889935508858471,-0.03049057334730154
2022-04-01,135.31,4.907568442275553,0.017632933417081276
2022-04-04,132.541,4.886892031523726,-0.020676410751826246
2022-04-05,133.34,4.892902257189914,0.006010225666187807
2022-04-06,131.49,4.878930803098828,-0.013971454091086244
2022-04-07,131.09,4.875884110209718,-0.00304669288910997
2022-04-08,133.49,4.894026568667641,0.018142458457923283
2022-04-11,130.665,4.872636795938965,-0.021389772728675815
2022-04-12,129.231,4.861601500648459,-0.011035295290506397
2022-04-13,125.065,4.828833602149152,-0.032767898499306725
2022-04-14,123.905,4.819515142945951,-0.00931845920320118
2022-04-18,128.46,4.855617571829646,0.0361024288836953
2022-04-19,131.12,4.876112934435574,0.02049536260592788
2022-04-20,131.58,4.879615031657852,0.003502097222277456
2022-04-21,130.56,4.871832891215797,-0.007782140442055052
2022-04-22,126.81,4.842689903246808,-0.02914298796898862
2022-04-25,126.77,4.842374420950636,-0.000315482296172398
2022-04-26,120.86,4.794632850933413,-0.04774157001722301
2022-04-27,119.288,4.781540737288606,-0.01309211364480678
2022-04-28,121.175,4.797235781731439,0.015695044442833428
2022-04-29,117.264,4.764427803183494,-0.03280797854794493
2022-05-02,120.45,4.79123472906088,0.02680692587738598
2022-05-03,123.03,4.812428228072077,0.021193499011197048
2022-05-04,124.869,4.827265187766325,0.014836959694247476
2022-05-05,121.744,4.801920479434167,-0.02534470833215785
2022-05-06,121.548,4.80030924649266,-0.0016112329415065574
2022-05-09,119.721,4.785164035772868,-0.015145210719792246
2022-05-10,116.803,4.760488754995781,-0.02467528077708714
2022-05-11,118.14,4.771870361879089,0.011381606883308137
2022-05-12,118.04,4.771023550074739,-0.0008468118043500894
2022-05-13,116.999,4.762165387752683,-0.008858162322056273
2022-05-16,118.26,4.772885590392684,0.010720202640000842
2022-05-17,120.035,4.787783366922259,0.014897776529575246
2022-05-18,120.09,4.788241461672592,0.0004580947503329824
2022-05-19,118.31,4.7733082982655715,-0.014933163407020444
2022-05-20,117.34,4.765075703497714,-0.008232594767857648
2022-05-23,124.6,4.825108606353353,0.06003290285563878
2022-05-24,126.36,4.839134975933884,0.014026369580531828
2022-05-25,125.006,4.828361736150338,-0.010773239783546273
2022-05-26,127.167,4.845501183284946,0.0171394471346078
2022-05-27,131.27,4.877256270815316,0.03175508753037004
2022-05-31,132.23,4.884542830568732,0.0072865597534157445
2022-06-01,129.91,4.866841903007641,-0.01770092756109065
2022-06-02,129.683,4.865093011027819,-0.001748891979821643
2022-06-03,130.16,4.868764462910782,0.0036714518829628062
2022-06-06,129.73,4.865455367582921,-0.0033090953278609447
2022-06-07,130.07,4.868072767075649,0.0026173994927276567
2022-06-08,125.753,4.834319665554125,-0.033753101521523554
2022-06-09,123.11,4.813078264659524,-0.021241400894601803
2022-06-10,119.55,4.783734693904334,-0.029343570755189674
2022-06-13,113.953,4.735786082681686,-0.047948611222647486
2022-06-14,112.057,4.7190076704063,-0.016778412275386678
2022-06-15,113.384,4.730780287864604,0.011772617458304602
2022-06-16,113.43,4.731185906570952,0.00040561870634725494
2022-06-17,111.045,4.709935524563171,-0.02125038200778029
2022-06-21,113.796,4.734407371689591,0.02447184712641981
2022-06-22,115.18,4.7464961220785264,0.01208875038893531
2022-06-23,111.92,4.717784330357226,-0.02871179172130045
2022-06-24,115.26,4.747190446008521,0.029406115651294584
2022-06-27,116.38,4.756860699228524,0.009670253220003033
2022-06-28,115.82,4.752037261797644,-0.004823437430879984
2022-06-29,113.276,4.729827318587508,-0.02220994321013592
2022-06-30,110.633,4.7062184170975705,-0.023608901489937217
2022-07-01,112.048,4.7189273509131615,0.012708933815591017
2022-07-05,111.621,4.715109204288083,-0.003818146625078178
2022-07-06,110.898,4.708610859928599,-0.006498344359484598
2022-07-07,113.703,4.733589785632681,0.024978925704082222
2022-07-08,114.36,4.739351367454111,0.005761581821429829
2022-07-11,112.86,4.726148112540994,-0.013203254913117135
2022-07-12,112.97,4.7271222967388375,0.000974184197843897
2022-07-13,111.91,4.717694976829936,-0.009427319908901666
2022-07-14,108.0,4.68213122712422,-0.035563749705715964
2022-07-15,112.95,4.726945242914012,0.04481401578979227
2022-07-18,111.79,4.716622111282234,-0.010323131631778004
2022-07-19,114.56,4.7410987032123355,0.02447659193010132
2022-07-20,114.54,4.7409241069657115,-0.00017459624662397033
2022-07-21,115.32,4.7477108727702015,0.0067867658044900026
2022-07-22,113.742,4.733932725687483,-0.013778147082718739
2022-07-25,114.198,4.737933783933702,0.0040010582462191024
2022-07-26,113.42,4.731097742585882,-0.006836041347820121
2022-07-27,115.24,4.7470169102163275,0.015919167630445763
2022-07-28,113.792,4.734372220451385,-0.012644689764942818
2022-07-29,114.337,4.739150227954445,0.004778007503060344
2022-08-01,113.197,4.72912966365112,-0.010020564303324875
2022-08-02,111.433,4.713423513428312,-0.01570615022280819
2022-08-03,112.603,4.723868358334686,0.010444844906373874
2022-08-04,111.364,4.712804115481248,-0.011064242853437989
2022-08-05,114.733,4.742607689817485,0.02980357433623748
2022-08-08,113.336,4.73035685807705,-0.012250831740435508
2022-08-09,114.357,4.7393251341614375,0.00896827608438766
2022-08-10,117.34,4.765075703497714,0.025750569336276286
2022-08-11,119.075,4.7797535466869245,0.014677843189210726
2022-08-12,122.13,4.805086051182997,0.02533250449607216
2022-08-15,122.46,4.8077844460498085,0.002698394866811782
2022-08-16,122.534,4.808388542495031,0.0006040964452225239
2022-08-17,122.59,4.808845454106903,0.0004569116118720018
2022-08-18,120.561,4.792155848908923,-0.01668960519798013
2022-08-19,117.578,4.767101943133916,-0.02505390577500677
2022-08-22,115.635,4.750438678579335,-0.016663264554581225
2022-08-23,114.496,4.740539887886254,-0.009898790693080528
2022-08-24,114.773,4.742956264585945,0.0024163766996903036
2022-08-25,117.499,4.7664298229097,0.023473558323755306
2022-08-26,114.67,4.742058438050213,-0.024371384859486867
2022-08-29,114.39,4.739613662537582,-0.0024447755126306703
2022-08-30,113.395,4.730877298610825,-0.00873636392675703
2022-08-31,113.73,4.733827218196353,0.002949919585527816
2022-09-01,113.495,4.731758783087665,-0.002068435108688149
2022-09-02,112.702,4.724747167117195,-0.007011615970470508
2022-09-06,112.731,4.725004449770222,0.0002572826530276018
2022-09-07,114.872,4.743818464992076,0.018814015221853886
2022-09-08,117.548,4.766846760804758,0.023028295812681954
2022-09-09,118.113,4.77164179335198,0.004795032547222355
2022-09-12,119.511,4.78340841734441,0.011766623992429892
2022-09-13,116.39,4.756946620953885,-0.02646179639052537
2022-09-14,116.12,4.754624139156429,-0.0023224817974556444
2022-09-15,117.87,4.769582322238478,0.014958183082049104
2022-09-16,117.08,4.762857461823685,-0.006724860414792921
2022-09-19,117.112,4.7631307418691105,0.0002732800454250395
2022-09-20,115.83,4.752123598944254,-0.011007142924856161
2022-09-21,112.49,4.722864328804734,-0.029259270139520233
2022-09-22,110.224,4.70251465885084,-0.020349669953893645
2022-09-23,109.14,4.6926314617580855,-0.00988319709275487
2022-09-26,106.79,4.670864289183454,-0.021767172574631566
2022-09-27,105.85,4.662022997580874,-0.008841291602579737
2022-09-28,107.032,4.673127855171318,0.011104857590443551
2022-09-29,106.16,4.664947390023952,-0.008180465147365368
2022-09-30,104.5,4.6491870714048655,-0.015760318619086888
2022-10-03,106.775,4.670723816727531,0.02153674532266514
2022-10-04,112.77,4.725350346244197,0.05462652951666591
2022-10-05,110.39,4.70401955003026,-0.02133079621393641
2022-10-06,108.14,4.683426683953859,-0.020592866076401428
2022-10-07,105.98,4.663250397064616,-0.020176286889242334
2022-10-10,104.99,4.65386510752685,-0.009385289537766184
2022-10-11,101.96,4.6245805795079145,-0.029284528018935774
2022-10-12,103.61,4.640633850263661,0.01605327075574614
2022-10-13,109.37,4.694736629347134,0.05410277908347361
2022-10-14,111.19,4.711240449715158,0.016503820368023447
2022-10-17,115.86,4.752382565668478,0.04114211595332051
2022-10-18,118.84,4.7777780505944065,0.025395484925928358
2022-10-19,116.51,4.757977106231849,-0.019800944362557082
2022-10-20,116.13,4.754710253257667,-0.0032668529741828323
2022-10-21,122.23,4.805904515789171,0.05119426253150472
2022-10-24,122.38,4.807130958034395,0.0012264422452235024
2022-10-25,122.7,4.809742351716865,0.002611393682470542
2022-10-26,124.11,4.82116826914143,0.01142591742456478
2022-10-27,124.6,4.825108606353353,0.00394033721192244
2022-10-28,126.08,4.836916626109569,0.011808019756216481
2022-10-31,125.88,4.835329072196206,-0.0015875539133629601
2022-11-01,128.15,4.85320145281008,0.017872380613874306
2022-11-02,126.97,4.8439508380817005,-0.009250614728379958
2022-11-03,127.2,4.845760650906022,0.0018098128243213552
2022-11-04,130.68,4.8727515867328695,0.02699093582684764
2022-11-07,131.37,4.878017769481417,0.005266182748547621
2022-11-08,131.45,4.87862655117589,0.0006087816944733149
2022-11-09,129.74,4.86553244778491,-0.013094103390980827
2022-11-10,135.08,4.905867195517367,0.04033474773245782
2022-11-11,135.3,4.907494535176743,0.0016273396593753375
2022-11-14,133.91,4.897167932507474,-0.010326602669268325
2022-11-15,132.94,4.889897898613436,-0.0072700338940387965
2022-11-16,133.12,4.8912509770728985,0.0013530784594628642
2022-11-17,132.54,4.8868844866600805,-0.004366490412818003
2022-11-18,133.84,4.896645056678569,0.009760570018488401
2022-11-21,133.05,4.890724997423698,-0.005920059254870935
2022-11-22,135.04,4.905571030847647,0.0148460334239493
2022-11-23,136.48,4.916178083743369,0.010607052895721836
2022-11-25,136.74,4.918081312485648,0.001903228742278884
2022-11-28,134.35,4.9004483350615,-0.01763297742414771
2022-11-29,136.56,4.916764078486185,0.016315743424685003
2022-11-30,138.18,4.928557183060649,0.011793104574463698
2022-12-01,136.24,4.914418036354433,-0.014139146706216188
2022-12-02,135.16,4.90645926184609,-0.007958774508343147
2022-12-05,131.37,4.878017769481417,-0.028441492364672527
2022-12-06,131.59,4.879691028162049,0.0016732586806318395
2022-12-07,131.5,4.879006851617819,-0.0006841765442295866
2022-12-08,132.88,4.889446465305039,0.010439613687220017
2022-12-09,132.16,4.884013309772668,-0.0054331555323710035
2022-12-12,134.21,4.899405737409714,0.015392427637046069
2022-12-13,134.08,4.898436636733773,-0.000969100675941803
2022-12-14,133.41,4.893427093190715,-0.005009543543057937
2022-12-15,130.1,4.86830338551846,-0.025123707672254803
2022-12-16,129.29,4.8620579432664615,-0.006245442251998412
2022-12-19,130.06,4.867995882441006,0.00593793917454466
2022-12-20,130.69,4.872828106608945,0.004832224167938826
2022-12-21,132.16,4.884013309772668,0.0111852031637234
2022-12-22,130.66,4.872598529412604,-0.011414780360063936
2022-12-23,131.28,4.8773324467818355,0.004733917369231122
2022-12-27,131.74,4.880830283212547,0.003497836430711665
2022-12-28,132.46,4.886280713056833,0.00545042984428612
2022-12-29,133.22,4.892001896985033,0.005721183928200091
2022-12-30,134.1,4.898585790287632,0.006583893302599009
2023-01-03,135.12,4.906163272499545,0.007577482211912567
2023-01-04,136.38,4.9154451070925065,0.009281834592961502
2023-01-05,135.35,4.90786401606031,-0.007581091032196063
2023-01-06,137.94,4.926818808003145,0.01895479194283478
2023-01-09,137.37,4.922678015337114,-0.004140792666031068
2023-01-10,138.6,4.931592086755803,0.008914071418688607
2023-01-11,139.63,4.938996066954103,0.007403980198300353
2023-01-12,139.49,4.937992914104144,-0.0010031528499592213
2023-01-13,143.01,4.962914557884844,0.02492164378069983
2023-01-17,140.8,4.9473404437239425,-0.015574114160901154
2023-01-18,136.57,4.9168373036903334,-0.0305031400336091
2023-01-19,134.75,4.903421209789107,-0.013416093901226667
2023-01-20,135.08,4.905867195517367,0.0024459857282606023
2023-01-23,137.27,4.921949789263568,0.01608259374620058
2023-01-24,138.45,4.9305092496169705,0.008559460353402493
2023-01-25,139.12,4.935336870046028,0.004827620429057156
2023-01-26,139.98,4.941499555261394,0.006162685215366004
2023-01-27,140.32,4.943925528623873,0.0024259733624791835
2023-01-30,139.13,4.935408747853786,-0.008516780770086996
2023-01-31,139.96,4.9413566674994875,0.005947919645701738
2023-02-01,139.59,4.938709554524666,-0.0026471129748211197
2023-02-02,138.94,4.934042185264735,-0.0046673692599314975
2023-02-03,141.09,4.949397984625066,0.015355799360331268
2023-02-06,141.92,4.955263518561269,0.005865533936202816
2023-02-07,143.65,4.967379785425298,0.012116266864029335
2023-02-08,142.64,4.9603239735548845,-0.0070558118704138195
2023-02-09,140.42,4.944637931589103,-0.015686041965781605
2023-02-10,141.04,4.949043538089615,0.004405606500512249
2023-02-13,142.57,4.95983310716587,0.010789569076254502
2023-02-14,143.2,4.964242254526545,0.004409147360675547
2023-02-15,143.8,4.9684234452869465,0.004181190760401243
2023-02-16,141.82,4.95455864787585,-0.013864797411096141
2023-02-17,142.24,4.957515771765594,0.0029571238897441177
2023-02-21,139.63,4.938996066954103,-0.018519704811491344
2023-02-22,138.56,4.931303444814125,-0.0076926221399782335
2023-02-23,139.67,4.93928249731768,0.007979052503555017
2023-02-24,140.93,4.9482633132034195,0.008980815885739624
2023-02-27,142.16,4.956953183846396,0.008689870642976771
2023-02-28,143.35,4.9652891923293785,0.008336008482982216
2023-03-01,142.55,4.9596928153586815,-0.005596376970697037
2023-03-02,141.07,4.949256221086411,-0.010436594272270838
2023-03-03,143.66,4.967449396646655,0.01819317556024469
2023-03-06,142.82,4.961585096120964,-0.005864300525691313
2023-03-07,138.62,4.931736376489838,-0.029848719631125675
2023-03-08,137.8,4.925803358579558,-0.005933017910280114
2023-03-09,130.34,4.870146420904234,-0.05565693767532398
2023-03-10,133.65,4.895224442584928,0.025078021680693396
2023-03-13,131.25,4.877103901471733,-0.018120541113194832
2023-03-14,134.62,4.902455994582567,0.025352093110834417
2023-03-15,128.26,4.8540594537207165,-0.048396540861850745
2023-03-16,130.75,4.873287102945032,0.019227649224315968
2023-03-17,125.81,4.83477283236304,-0.03851427058199253
2023-03-20,127.14,4.845288841508263,0.010516009145223215
2023-03-21,130.55,4.871756295145138,0.02646745363687497
2023-03-22,127.18,4.845603405839261,-0.02615288930587667
2023-03-23,126.84,4.842926449670147,-0.002676956169114675
2023-03-24,124.91,4.827593477977818,-0.015332971692329167
2023-03-27,128.49,4.855851080295389,0.028257602317571795
2023-03-28,128.88,4.858881738868719,0.0030306585733299585
2023-03-29,129.14,4.860897087198321,0.002015348329601707
2023-03-30,128.75,4.857872539543846,-0.0030245476544754624
2023-03-31,130.31,4.869916227156815,0.012043687612969478
2023-04-03,130.16,4.868764462910782,-0.0011517642460328048
2023-04-04,128.42,4.855306142365902,-0.013458320544880387
2023-04-05,127.61,4.848978737745885,-0.006327404620017241
2023-04-06,127.47,4.84788104279483,-0.0010976949510546063
2023-04-10,127.89,4.851170519445229,0.0032894766503988038
2023-04-11,128.52,4.856084534247658,0.004914014802428923
2023-04-12,128.5,4.855928904335275,-0.00015562991238304846
2023-04-13,128.99,4.859734881977045,0.003805977641770042
2023-04-14,138.73,4.932529598092634,0.07279471611558908
2023-04-17,139.83,4.940427399052759,0.0078978009601256
2023-04-18,141.4,4.951592753462473,0.011165354409713224
2023-04-19,141.22,4.950318958088201,-0.0012737953742716357
2023-04-20,140.81,4.94741146392922,-0.002907494158980839
2023-04-21,140.54,4.945492145764051,-0.0019193181651688818
2023-04-24,140.73,4.946843161008476,0.0013510152444249357
2023-04-25,137.67,4.924859517074852,-0.021983643933624286
2023-04-26,135.23,4.906977032485268,-0.017882484589583747
2023-04-27,137.05,4.920345822748795,0.013368790263526442
2023-04-28,138.24,4.928991305055746,0.00864548230695128
2023-05-01,141.2,4.950177325059141,0.021186020003395534
2023-05-02,138.92,4.933898227875873,-0.016279097183268476
2023-05-03,135.98,4.912507816098313,-0.021390411777559848
2023-05-04,134.12,4.898734921598028,-0.013772894500284849
2023-05-05,136.74,4.918081312485648,0.01934639088761969
2023-05-08,137.07,4.920491744243289,0.0024104317576414402
2023-05-09,136.41,4.915665056505029,-0.00482668773826056
2023-05-10,136.48,4.916178083743369,0.0005130272383402357
2023-05-11,136.05,4.913022465229256,-0.0031556185141132786
2023-05-12,134.1,4.898585790287632,-0.014436674941623373
2023-05-15,135.23,4.906977032485268,0.008391242197635762
2023-05-16,134.32,4.900225012769285,-0.00675201971598316
2023-05-17,138.45,4.9305092496169705,0.030284236847685442
2023-05-18,139.5,4.93806460126142,0.007555351644449537
2023-05-19,139.18,4.935768059416704,-0.00229654184471606
2023-05-22,138.03,4.927471052835487,-0.008297006581217126
2023-05-23,136.59,4.9169837380148005,-0.010487314820686322
2023-05-24,135.34,4.90779013080408,-0.0091936072107206
2023-05-25,135.67,4.910225466497217,0.0024353356931374748
2023-05-26,136.94,4.919542873692917,0.009317407195699623
2023-05-30,137.46,4.923332965693459,0.0037900920005418115
2023-05-31,135.71,4.910520256093279,-0.012812709600179772
2023-06-01,137.58,4.924205566097868,0.013685310004588835
2023-06-02,140.47,4.944993942842818,0.020788376744950376
2023-06-05,139.09,4.935121205619039,-0.00987273722377946
2023-06-06,139.34,4.936916989601973,0.0017957839829341182
2023-06-07,140.69,4.946558888389122,0.00964189878714894
2023-06-08,140.73,4.946843161008476,0.0002842726193543754
2023-06-09,141.01,4.948830809849139,0.0019876488406627146
2023-06-12,141.0,4.948759890378168,-7.091947097048745e-05
2023-06-13,142.02,4.9559678927539474,0.00720800237577901
2023-06-14,141.49,4.952229043207861,-0.003738849546086165
2023-06-15,143.09,4.963473802918644,0.011244759710782759
2023-06-16,143.26,4.964661161186305,0.0011873582676606986
2023-06-20,142.53,4.95955250386694,-0.005108657319365051
2023-06-21,142.32,4.958078043357579,-0.001474460509360398
2023-06-22,139.58,4.938637913589005,-0.01944012976857401
2023-06-23,138.85,4.933394213752808,-0.005243699836197102
2023-06-26,139.19,4.935839906239309,0.002445692486500839
2023-06-27,139.2,4.935911747900319,7.184166101037448e-05
2023-06-28,138.59,4.931519934080711,-0.004391813819608181
2023-06-29,143.43,4.965847111306122,0.034327177225410566
2023-06-30,145.44,4.979763630429169,0.013916519123046811
2023-07-03,146.61,4.987775999950173,0.008012369521004814
2023-07-05,144.64,4.974247896643866,-0.013528103306307493
2023-07-06,143.21,4.9643120844906115,-0.009935812153254453
2023-07-07,144.34,4.972171627644127,0.00785954315351578
2023-07-10,145.15,4.977767690470639,0.005596062826511705
2023-07-11,147.42,4.9932856557611425,0.015517965290503533
2023-07-12,148.15,4.998225274019575,0.0049396182584322545
2023-07-13,148.87,5.003073441888966,0.00484816786939124
2023-07-14,149.77,5.009100784004304,0.006027342115338286
2023-07-17,153.38,5.032918502336713,0.023817718332408866
2023-07-18,153.66,5.034742369439489,0.0018238671027761555
2023-07-19,154.25,5.038574662785497,0.0038322933460079867
2023-07-20,156.15,5.050817083729088,0.012242420943590737
2023-07-21,154.95,5.043102484233757,-0.0077145994953307095
2023-07-24,158.0,5.062595033026967,0.019492548793209608
2023-07-25,156.82,5.055098650802776,-0.00749638222419069
2023-07-26,157.76,5.061074890854325,0.005976240051548842
2023-07-27,156.02,5.049984204160167,-0.011090686694157803
2023-07-28,156.91,5.055672392570977,0.005688188410809758
2023-07-31,157.96,5.062341836418449,0.006669443847472145
2023-08-01,157.18,5.057391645438029,-0.004950190980419933
2023-08-02,155.4,5.046002437933547,-0.011389207504482357
2023-08-03,156.35,5.05209708390385,0.00609464597030307
2023-08-04,156.02,5.049984204160167,-0.002112879743682683
2023-08-07,156.76,5.05471597333143,0.004731769171263167
2023-08-08,155.88,5.049086480470509,-0.0056294928609217365
2023-08-09,153.79,5.035588035451832,-0.013498445018676364
2023-08-10,153.56,5.034091370132597,-0.001496665319235646
2023-08-11,154.45,5.039870419364591,0.005779049231994016
2023-08-14,154.77,5.041940143924668,0.0020697245600773684
2023-08-15,150.83,5.016153374780161,-0.025786769144507282
2023-08-16,150.19,5.01190115921749,-0.004252215562670969
2023-08-17,148.63,5.001459996160803,-0.01044116305668652
2023-08-18,148.97,5.003744943391502,0.0022849472306987195
2023-08-21,149.48,5.0071626046172835,0.0034176612257814654
2023-08-22,146.38,4.986205980173081,-0.0209566244442021
2023-08-23,147.37,4.992946431225172,0.006740451052090535
2023-08-24,147.23,4.991995989877317,-0.0009504413478547136
2023-08-25,147.05,4.990772665000004,-0.0012233248773130256
2023-08-28,147.56,4.994234872728475,0.003462207728470723
2023-08-29,148.76,5.0023342690568695,0.008099396328394626
2023-08-30,148.16,4.998292770897869,-0.004041498159000234
2023-08-31,146.33,4.985864345104336,-0.012428425793533648
2023-09-01,146.82,4.989207346682635,0.003343001578299365
2023-09-05,145.2,4.978112102390695,-0.011095244291939643
2023-09-06,144.96,4.9764578422946695,-0.0016542600960258724
2023-09-07,143.72,4.967866962245318,-0.00859088004935149
2023-09-08,143.83,4.968632046615798,0.0007650843704798405
2023-09-11,144.46,4.973002652622701,0.004370606006903088
2023-09-12,146.34,4.985932681455884,0.012930028833182838
2023-09-13,146.41,4.986410905205391,0.0004782237495071229
2023-09-14,149.25,5.0056227522727115,0.019211847067320598
2023-09-15,148.81,5.002670324441959,-0.0029524278307526686
2023-09-18,149.12,5.004751350937281,0.002081026495321936
2023-09-19,148.93,5.003476396897776,-0.0012749540395047276
2023-09-20,148.3,4.999237249143887,-0.0042391477538892275
2023-09-21,147.14,4.9913845145041185,-0.007852734639768322
2023-09-22,145.73,4.981755594545605,-0.009628919958513116
2023-09-25,146.45,4.986684073273742,0.0049284787281367315
2023-09-26,144.93,4.976250867234425,-0.010433206039317078
2023-09-27,145.78,4.982098635954067,0.005847768719641877
2023-09-28,147.59,4.994438159193685,0.012339523239617733
2023-09-29,145.02,4.976871663943447,-0.01756649525023768
2023-10-02,143.77,4.9682148004345015,-0.008656863508945456
2023-10-03,142.71,4.9608145991123,-0.007400201322201205
2023-10-04,143.35,4.9652891923293785,0.0044745932170782154
2023-10-05,142.9,4.9621450849358215,-0.003144107393556972
2023-10-06,145.1,4.977423159890142,0.01527807495432043
2023-10-09,144.77,4.975146276165952,-0.002276883724189993
2023-10-10,145.65,4.981206483405444,0.006060207239491966
2023-10-11,146.15,4.984633491557255,0.003427008151811073
2023-10-12,145.81,4.982304404328194,-0.002329087229060889
2023-10-13,148.0,4.997212273764115,0.014907869435920595
2023-10-16,147.85,4.996198246298486,-0.0010140274656285087
2023-10-17,147.53,4.994031544929475,-0.0021667013690107595
2023-10-18,145.91,4.982989993275931,-0.011041551653544701
2023-10-19,145.29,4.978731745083247,-0.004258248192683389
2023-10-20,142.95,4.9624949187683205,-0.016236826314926844
2023-10-23,141.0,4.948759890378168,-0.01373502839015206
2023-10-24,141.17,4.9499648378961085,0.0012049475179400915
2023-10-25,140.4,4.944495491591711,-0.005469346304397327
2023-10-26,140.76,4.947056312453384,0.0025608208616727524
2023-10-27,135.69,4.910372872157861,-0.03668344029552273
2023-10-30,137.42,4.92304192960293,0.012669057445068965
2023-10-31,139.06,4.934905494670872,0.011863565067941728
2023-11-01,138.94,4.934042185264735,-0.0008633094061369917
2023-11-02,141.42,4.951734186176095,0.01769200091136014
2023-11-03,143.0,4.962844630259907,0.011110444083811899
2023-11-06,144.08,4.9703687008677,0.007524070607793476
2023-11-07,144.01,4.969882741609291,-0.0004859592584089967
2023-11-08,144.72,4.97480084108704,0.004918099477748683
2023-11-09,144.29,4.971825163309164,-0.0029756777778757737
2023-11-10,146.43,4.986547498567166,0.014722335258001706
2023-11-13,145.78,4.982098635954067,-0.00444886261309918
2023-11-14,148.44,5.0001808361923965,0.018082200238329627
2023-11-15,149.74,5.0089004568025395,0.008719620610142975
2023-11-16,151.45,5.020255537473246,0.011355080670706563
2023-11-17,152.82,5.02926075821942,0.00900522074617438
2023-11-20,153.29,5.032331552178016,0.0030707939585958854
2023-11-21,152.97,5.0302418237351745,-0.0020897284428418317
2023-11-22,153.33,5.0325924614482975,0.0023506377131230494
2023-11-24,153.54,5.033961119399752,0.0013686579514544661
2023-11-27,153.19,5.031678981024605,-0.0022821383751470137
2023-11-28,153.54,5.033961119399752,0.0022821383751470137
2023-11-29,154.32,5.0390283685974735,0.005067249197721502
2023-11-30,156.08,5.050368696314856,0.011340327717382692
2023-12-01,156.84,5.055226177424131,0.004857481109274531
2023-12-04,157.99,5.062531739884758,0.00730556246062708
2023-12-05,157.97,5.062405141581006,-0.00012659830375216785
2023-12-06,156.31,5.0518412149073795,-0.010563926673626156
2023-12-07,156.79,5.054907330372359,0.0030661154649793687
2023-12-08,158.52,5.065880768322234,0.010973437949875375
2023-12-11,159.1,5.069532935343741,0.0036521670215066138
2023-12-12,160.52,5.078418545398716,0.00888561005497479
2023-12-13,161.06,5.081776966367399,0.00335842096868344
2023-12-14,163.99,5.099805450355355,0.018028483987955646
2023-12-15,165.23,5.1073384426629,0.007532992307544895
2023-12-18,166.23,5.113372371547368,0.006033928884468409
2023-12-19,168.45,5.126638969852562,0.013266598305193611
2023-12-20,166.55,5.1152955646396885,-0.011343405212873137
2023-12-21,167.5,5.120983351265121,0.005687786625432345
2023-12-22,167.4,5.120386158055375,-0.0005971932097459387
2023-12-26,168.39,5.126282717622217,0.005896559566842541
2023-12-27,169.4,5.132262782217954,0.005980064595736856
2023-12-28,170.3,5.1375615876686425,0.005298805450688171
2023-12-29,170.1,5.136386499401816,-0.0011750882668266627
2024-01-02,172.08,5.1479594849594745,0.011572985557658733
2024-01-03,171.33,5.143591521344882,-0.004367963614592796
2024-01-04,171.41,5.144058347518966,0.00046682617408411176
2024-01-05,172.27,5.149063013458278,0.005004665939312147
2024-01-08,172.02,5.147610749123333,-0.0014522643349446085
2024-01-09,170.66,5.139673273108439,-0.007937476014894251
2024-01-10,171.02,5.141780508727809,0.002107235619369874
2024-01-11,170.3,5.1375615876686425,-0.004218921059166547
2024-01-12,169.05,5.130194529153895,-0.007367058514747171
2024-01-16,167.99,5.123904453822123,-0.0062900753317727265
2024-01-17,167.09,5.118532589406052,-0.005371864416070515
2024-01-18,167.42,5.12050562523191,0.0019730358258582825
2024-01-19,170.31,5.137620305850745,0.017114680618834477
2024-01-22,170.11,5.136445286621491,-0.001175019229253671
2024-01-23,168.99,5.129839541574732,-0.006605745046758926
2024-01-24,170.5,5.1387352967235715,0.008895755148839335
2024-01-25,172.94,5.152944713532285,0.014209416808713016
2024-01-26,172.28,5.14912106018591,-0.003823653346374911
2024-01-29,172.73,5.151729681705193,0.0026086215192835382
2024-01-30,176.27,5.1720169104318625,0.020287228726669326
2024-01-31,174.36,5.1611221273701915,-0.01089478306167102
2024-02-01,173.73,5.157502369905808,-0.0036197574643832553
2024-02-02,174.73,5.163241925350947,0.005739555445138933
2024-02-05,174.5,5.161924741642482,-0.0013171837084655635
2024-02-06,175.1,5.165357239291806,0.0034324976493245174
2024-02-07,175.43,5.1672401029410935,0.0018828636492873585
2024-02-08,174.8,5.163642463221435,-0.003597639719658652
2024-02-09,175.01,5.164843115148066,0.0012006519266307691
2024-02-12,175.79,5.1692901008118,0.00444698566373436
2024-02-13,174.26,5.160548436803141,-0.008741664008659278
2024-02-14,176.03,5.170654435057881,0.010105998254740456
2024-02-15,179.87,5.1922343677398795,0.021579932681998315
2024-02-16,179.03,5.187553389563182,-0.004680978176697437
2024-02-20,179.73,5.1914557247639435,0.003902335200761442
2024-02-21,180.9,5.19794439240125,0.006488667637306378
2024-02-22,183.07,5.209868593362923,0.01192420096167357
2024-02-23,183.99,5.214881408306002,0.005012814943079036
2024-02-26,183.36,5.211451433526375,-0.003429974779627365
2024-02-27,183.45,5.211942150801291,0.0004907172749160083
2024-02-28,184.38,5.216998845370449,0.005056694569157472
2024-02-29,186.06,5.226069202340413,0.009070356969964166
2024-03-01,185.29,5.221922165294323,-0.00414703704608943
2024-03-04,186.68,5.229395921081615,0.007473755787291481
2024-03-05,188.55,5.239363223704366,0.009967302622751362
2024-03-06,189.53,5.2445473233382085,0.005184099633842365
2024-03-07,187.87,5.235750234279208,-0.008797089059000562
2024-03-08,188.22,5.237611491430642,0.001861257151434259
2024-03-11,188.29,5.237983327508337,0.00037183607769453175
2024-03-12,189.84,5.246181612127508,0.008198284619171048
2024-03-13,191.38,5.254260980351117,0.008079368223609329
2024-03-14,187.97,5.236282375628504,-0.0179786047226127
2024-03-15,190.3,5.248601774302104,0.012319398673599657
2024-03-18,192.66,5.260926977329477,0.012325203027373277
2024-03-19,193.79,5.266775098538158,0.005848121208680723
2024-03-20,196.33,5.279796916910658,0.013021818372499716
2024-03-21,199.06,5.2936062868179175,0.013809369907259672
2024-03-22,196.62,5.281272931938778,-0.012333354879139335
2024-03-25,194.82,5.27207605534281,-0.009196876595968462
2024-03-26,195.73,5.276736158514432,0.004660103171622687
2024-03-27,199.52,5.295914481931726,0.019178323417293974
2024-03-28,200.3,5.299816242671772,0.003901760740046001
2024-04-01,198.94,5.293003271724268,-0.00681297094750466
2024-04-02,198.86,5.292601059551927,-0.0004022121723403771
2024-04-03,198.3,5.28978103552575,-0.0028200240261773146
2024-04-04,195.65,5.276327348656421,-0.013453686869328685
2024-04-05,197.45,5.285485387732658,0.00915803907623669
2024-04-08,198.48,5.2906883393835455,0.005202951650887577
2024-04-09,197.15,5.283964860323636,-0.00672347905990911
2024-04-10,195.47,5.275406914964931,-0.008557945358705688
2024-04-11,195.43,5.275202259041985,-0.00020465592294538482
2024-04-12,182.79,5.208337952928512,-0.06686430611347305
2024-04-15,182.89,5.208884879216484,0.0005469262879715941
2024-04-16,180.8,5.1973914479580765,-0.011493431258407405
2024-04-17,180.08,5.193401196598477,-0.003990251359599739
2024-04-18,181.25,5.199877293734784,0.006476097136307146
2024-04-19,185.8,5.224670826379739,0.024793532644954652
2024-04-22,189.41,5.24391397766865,0.01924315128891152
2024-04-23,192.14,5.258224272981592,0.014310295312942145
2024-04-24,193.08,5.2631046107922925,0.004880337810700297
2024-04-25,193.37,5.264605452062501,0.0015008412702082197
2024-04-26,193.49,5.265225831547838,0.000620379485336997
2024-04-29,193.28,5.26413991474645,-0.0010859168013874765
2024-04-30,191.74,5.256140287648851,-0.007999627097599493
2024-05-01,191.86,5.256765939389801,0.000625651740950417
2024-05-02,191.66,5.255722968915616,-0.001042970474185445
2024-05-03,190.51,5.249704686627344,-0.006018282288271948
2024-05-06,192.0,5.2574953720277815,0.007790685400437702
2024-05-07,191.75,5.256192440247365,-0.0013029317804162943
2024-05-08,195.65,5.276327348656421,0.020134908409056074
2024-05-09,197.5,5.285738584341177,0.009411235684755326
2024-05-10,198.77,5.2921483774025075,0.006409793061330937
2024-05-13,198.73,5.291947119540193,-0.00020125786231428577
2024-05-14,201.51,5.305839007946883,0.013891888406689645
2024-05-15,202.11,5.308812103640678,0.0029730956937950026
2024-05-16,202.47,5.310591727423425,0.0017796237827472083
2024-05-17,204.79,5.321985063848221,0.011393336424795564
2024-05-20,195.58,5.275969502884129,-0.04601556096409176
2024-05-21,199.52,5.295914481931726,0.0199449790475974
2024-05-22,198.31,5.289831462897738,-0.006083019033988002
2024-05-23,196.92,5.28279755489,-0.007033908007738177
2024-05-24,200.71,5.301861080171402,0.01906352528140154
2024-05-28,199.5,5.295814236329918,-0.006046843841483351
2024-05-29,198.11,5.288822431986235,-0.006991804343683405
2024-05-30,199.33,5.2949617427346745,0.0061393107484395415
2024-05-31,202.63,5.311381655877238,0.016419913142563303
2024-06-03,201.82,5.307376211036383,-0.004005444840855077
2024-06-04,199.16,5.294108521773982,-0.01326768926240085
2024-06-05,197.26,5.284522655525848,-0.009585866248134067
2024-06-06,196.91,5.282746771557079,-0.00177588396876871
2024-06-07,199.95,5.298067335292827,0.01532056373574786
2024-06-10,199.61,5.296365462822791,-0.0017018724700355037
2024-06-11,194.36,5.269712109537703,-0.026653353285088777
2024-06-12,191.53,5.25504445431457,-0.014667655223132847
2024-06-13,193.66,5.266104044183385,0.0110595898688155
2024-06-14,193.78,5.266723494956858,0.0006194507734731403
2024-06-17,194.98,5.272896989201126,0.006173494244267275
2024-06-18,197.0,5.2832037287379885,0.010306739536862786
2024-06-20,198.67,5.291645156779972,0.008441428041983556
2024-06-21,196.3,5.279644101282416,-0.012001055497556479
2024-06-24,198.88,5.292701627762401,0.013057526479985704
2024-06-25,198.07,5.288620503569173,-0.004081124193228369
2024-06-26,197.43,5.285384091136137,-0.003236412433035518
2024-06-27,199.17,5.294158731399178,0.008774640263040645
2024-06-28,202.26,5.3095539984740245,0.015395267074846508
2024-07-01,205.45,5.325202695329419,0.015648696855394384
2024-07-02,208.83,5.3415205238486845,0.016317828519265554
2024-07-03,208.69,5.3408498972667395,-0.0006706265819449442
2024-07-05,204.79,5.321985063848221,-0.018864833418518856
2024-07-08,205.17,5.323838903778114,0.0018538399298932973
2024-07-09,207.63,5.335757649521882,0.011918745743767722
2024-07-10,207.8,5.336576078665127,0.0008184291432451474
2024-07-11,207.45,5.334890346778876,-0.00168573188625043
2024-07-12,204.94,5.322717253371572,-0.01217309340730477
2024-07-15,210.05,5.347345597615391,0.0246283442438191
2024-07-16,213.62,5.3641987356615495,0.016853138046158733
2024-07-17,216.87,5.379298095680316,0.015099360018766106
2024-07-18,209.98,5.347012288086795,-0.03228580759352084
2024-07-19,209.78,5.346059362533458,-0.0009529255533369252
2024-07-22,210.28,5.348439975951247,0.002380613417789057
2024-07-23,210.33,5.348677725886986,0.00023774993573955072
2024-07-24,208.59,5.3403706027790365,-0.008307123107949899
2024-07-25,208.67,5.340754056745293,0.00038345396625683037
2024-07-26,212.24,5.357717709829484,0.01696365308419079
2024-07-29,210.85,5.351146980192569,-0.006570729636915296
2024-07-30,215.19,5.3715213588064525,0.020374378613883692
2024-07-31,212.8,5.360352757467489,-0.011168601338963136
2024-08-01,207.96,5.337345753515515,-0.023007003951974525
2024-08-02,199.14,5.294008094959938,-0.043337658555576475
2024-08-05,194.9,5.272486606513515,-0.021521488446423653
2024-08-06,200.34,5.300015923183619,0.02752931667010383
2024-08-07,200.4,5.3003153692107094,0.0002994460270908661
2024-08-08,204.06,5.318414068247159,0.01809869903644934
2024-08-09,205.8,5.326904823399949,0.008490755152790186
2024-08-12,206.19,5.328798073801623,0.001893250401674429
2024-08-13,207.94,5.337249576549824,0.00845150274820039
2024-08-14,210.24,5.348249735296246,0.01100015874642235
2024-08-15,211.55,5.354461377166077,0.006211641869830586
2024-08-16,213.97,5.3658358182788595,0.01137444111278274
2024-08-19,215.45,5.372728864061847,0.006893045782987883
2024-08-20,214.52,5.368402974114725,-0.004325889947122796
2024-08-21,214.6,5.368775830196598,0.00037285608187342945
2024-08-22,216.63,5.3781908291312,0.009414998934602181
2024-08-23,218.31,5.385916071027105,0.007725241895904844
2024-08-26,219.17,5.389847684393628,0.0039316133665225905
2024-08-27,220.18,5.394445393642257,0.004597709248629123
2024-08-28,221.29,5.399474058507774,0.0050286648655175625
2024-08-29,222.21,5.403622880693308,0.004148822185533696
2024-08-30,224.8,5.415211118019536,0.011588237326227713
2024-09-03,220.3,5.394990253808298,-0.02022086421123781
2024-09-04,219.33,5.390577444973334,-0.004412808834963755
2024-09-05,217.63,5.382796373125975,-0.007781071847358767
2024-09-06,212.46,5.3587537353518675,-0.024042637774107867
2024-09-09,216.81,5.379021393963,0.020267658611132333
2024-09-10,205.56,5.325737962124029,-0.05328343183897122
2024-09-11,207.23,5.3338292875493964,0.008091325425367835
2024-09-12,206.6,5.330784556685538,-0.0030447308638583692
2024-09-13,204.32,5.319687392284229,-0.011097164401308923
2024-09-16,207.86,5.336864776160276,0.017177383876046726
2024-09-17,209.25,5.343529709369585,0.006664933209308721
2024-09-18,207.53,5.3352759075335685,-0.008253801836016095
2024-09-19,210.48,5.349390636732037,0.0141147291984689
2024-09-20,211.09,5.352284582817979,0.0028939460859414012
2024-09-23,211.44,5.353941270296033,0.001656687478054586
2024-09-24,211.59,5.354650439888197,0.0007091695921639385
2024-09-25,210.19,5.348011883571888,-0.006638556316309163
2024-09-26,209.78,5.346059362533458,-0.0019525210384303548
2024-09-27,210.5,5.349485653122436,0.0034262905889779205
2024-09-30,210.86,5.351194406148804,0.0017087530263681927
2024-10-01,207.04,5.332912011312536,-0.018282394836267812
2024-10-02,207.29,5.33411877901142,0.0012067676988838372
2024-10-03,205.23,5.3241313014410165,-0.009987477570403414
2024-10-04,211.22,5.352900244318328,0.028768942877311687
2024-10-07,210.93,5.351526324879179,-0.0013739194391488851
2024-10-08,210.75,5.350672596881965,-0.000853727997214726
2024-10-09,213.42,5.363262055188419,0.012589458306454304
2024-10-10,212.84,5.360540709728169,-0.0027213454602499354
2024-10-11,222.29,5.403982835702818,0.04344212597464914
2024-10-14,221.48,5.400332291954767,-0.0036505437480514047
2024-10-15,222.39,5.404432597336738,0.004100305381971481
2024-10-16,223.64,5.410037616158444,0.005605018821706054
2024-10-17,224.42,5.4135192962367205,0.003481680078276206
2024-10-18,225.37,5.417743496030575,0.004224199793854133
2024-10-21,223.0,5.407171771460119,-0.010571724570455743
2024-10-22,224.12,5.412181622697084,0.005009851236964735
2024-10-23,223.41,5.409008648390664,-0.003172974306419718
2024-10-24,224.98,5.4160115093646795,0.00700286097401559
2024-10-25,222.31,5.4040728042139,-0.011938705150779327
2024-10-28,225.5,5.418320158942733,0.014247354728833095
2024-10-29,222.9,5.406723240391823,-0.01159691855090994
2024-10-30,224.41,5.413474735935485,0.006751495543661612
2024-10-31,221.92,5.402316956566521,-0.011157779368963894
2024-11-01,222.94,5.406902676961478,0.004585720394956638
2024-11-04,219.78,5.392627046018778,-0.014275630942699458
2024-11-05,221.49,5.400377441739184,0.0077503957204054785
2024-11-06,247.06,5.509631222108668,0.10925378036948441
2024-11-07,236.38,5.465440679584095,-0.04419054252457322
2024-11-08,236.98,5.467975749388594,0.002535069804499024
2024-11-11,239.29,5.477676205491225,0.009700456102630817
2024-11-12,239.56,5.478803907396261,0.0011277019050366377
2024-11-13,241.16,5.485460613621205,0.0066567062249438536
2024-11-14,241.87,5.488400391735755,0.002939778114550151
2024-11-15,245.31,5.5025227168419955,0.014122325106240119
2024-11-18,245.03,5.501380652028055,-0.0011420648139406353
2024-11-19,243.09,5.493431745140744,-0.00794890688731087
2024-11-20,240.78,5.48388365350688,-0.00954809163386372
2024-11-21,244.76,5.500278138594339,0.01639448508745911
2024-11-22,248.55,5.515644032540681,0.015365893946341913
2024-11-25,250.29,5.522620245582093,0.006976213041411938
2024-11-26,249.97,5.52134091066167,-0.001279334920423203
2024-11-27,249.79,5.520620564864553,-0.0007203457971165506
2024-11-29,249.72,5.520340290193543,-0.0002802746710104387
2024-12-02,246.25,5.506347280052198,-0.013993010141344797
2024-12-03,244.82,5.500523246647367,-0.005824033404831397
2024-12-04,243.4,5.494706180553427,-0.005817066093939616
2024-12-05,245.48,5.503215477520897,0.008509296967469382
2024-12-06,247.36,5.5108447653990575,0.007629287878160973
2024-12-09,243.81,5.496389233433223,-0.014455531965834822
2024-12-10,242.86,5.492485145625673,-0.0039040878075500274
2024-12-11,243.53,5.495240138219164,0.0027549925934913233
2024-12-12,241.53,5.486993688979999,-0.008246449239164733
2024-12-13,239.94,5.480388892086782,-0.006604796893217468
2024-12-16,239.58,5.478887390303185,-0.0015015017835970923
2024-12-17,238.36,5.473782135878778,-0.005105254424406347
2024-12-18,230.37,5.439686712010562,-0.034095423868216734
2024-12-19,232.96,5.450866765008321,0.011180052997759482
2024-12-20,237.6,5.47058858748849,0.01972182248016896
2024-12-23,238.39,5.473907988002699,0.003319400514208759
2024-12-24,242.31,5.490217898122315,0.0163099101196158
2024-12-26,243.14,5.493637409127648,0.00341951100533322
2024-12-27,241.17,5.485502079007979,-0.008135330119668716
2024-12-30,239.32,5.477801568521831,-0.007700510486148282
2024-12-31,239.71,5.479429859385319,0.0016282908634881466
2025-01-02,240.0,5.480638923341991,0.0012090639566721961
2025-01-03,243.28,5.494213043369109,0.01357412002711822
2025-01-06,240.85,5.48417433307623,-0.010038710292879394
2025-01-07,243.17,5.493760787219967,0.009586454143737377
2025-01-08,243.13,5.493596279713942,-0.0001645075060254797
2025-01-10,239.87,5.480097109920939,-0.01349916979300314
2025-01-13,244.21,5.4980285108791245,0.017931400958185684
2025-01-14,247.47,5.51128936254075,0.013260851661625495
2025-01-15,252.35,5.5308170127862715,0.0195276502455215
2025-01-16,254.27,5.538396694568449,0.007579681782177161
2025-01-17,259.16,5.557445631581756,0.019048937013307565
2025-01-21,263.03,5.572268094113519,0.014822462531762781
2025-01-22,262.84,5.571545482029667,-0.0007226120838517147
2025-01-23,265.95,5.583308321188326,0.011762839158659055
2025-01-24,264.84,5.579125870056645,-0.004182451131681475
2025-01-27,265.85,5.582932239950347,0.0038063698937023105
2025-01-28,267.14,5.587772865548959,0.0048406255986117586
2025-01-29,266.58,5.585674386175872,-0.0020984793730871587
2025-01-30,268.23,5.591844821415337,0.006170435239464922
2025-01-31,267.3,5.588371623144873,-0.003473198270463662
2025-02-03,266.81,5.586536794598434,-0.0018348285464391267
2025-02-04,267.94,5.59076307484884,0.004226280250406056
2025-02-05,270.43,5.600013284760236,0.009250209911396468
2025-02-06,276.9,5.623656430176916,0.023643145416679445
2025-02-07,275.8,5.619675965359201,-0.003980464817714413
2025-02-10,271.04,5.60226641146369,-0.017409553895511465
2025-02-11,274.99,5.616734733369035,0.014468321905344972
2025-02-12,275.45,5.618406123918725,0.0016713905496903436
2025-02-13,276.32,5.621559614398368,0.003153490479642862
2025-02-14,276.59,5.622536265287162,0.0009766508887940617
2025-02-18,279.95,5.634611015794902,0.012074750507739651
2025-02-19,279.25,5.63210743794931,-0.0025035778455917423
2025-02-20,266.8,5.586499314041468,-0.04560812390784186
2025-02-21,264.24,5.576857781082534,-0.009641532958934107
2025-02-24,261.34,5.565822241561,-0.0110355395215338
2025-02-25,257.4,5.5506312951620265,-0.015190946398973892
2025-02-26,258.79,5.556016922003854,0.005385626841827751
2025-02-27,259.05,5.557021093260797,0.001004171256942854
2025-02-28,264.65,5.578408198303997,0.02138710504319974
2025-03-03,260.62,5.56306340771676,-0.015344790587237256
2025-03-04,250.25,5.52246041819533,-0.04060298952142993
2025-03-05,251.53,5.527562266720222,0.005101848524892816
2025-03-06,246.54,5.507524252123373,-0.020038014596849507
2025-03-07,242.28,5.490094082112747,-0.017430170010626078
2025-03-10,232.22,5.44768519819886,-0.042408883913886974
2025-03-11,229.14,5.43433317046548,-0.01335202773338029
2025-03-12,227.9,5.4289069362516384,-0.005426234213841141
2025-03-13,225.19,5.416944490306248,-0.01196244594539042
2025-03-14,232.44,5.4486321272069045,0.03168763690065646
2025-03-17,233.93,5.455021925305676,0.006389798098771493
2025-03-18,234.97,5.459457846420514,0.004435921114837704
2025-03-19,239.11,5.47692369709451,0.01746585067399664
2025-03-20,239.01,5.476505392060385,-0.0004183050341257655
2025-03-21,241.63,5.487407630537363,0.010902238476978354
2025-03-24,248.06,5.513670652387184,0.026263021849820767
2025-03-25,251.13,5.525970733340075,0.012300080952891257
2025-03-26,251.03,5.52557245390196,-0.0003982794381149901
2025-03-27,248.12,5.513912500104917,-0.011659953797042988
2025-03-28,242.85,5.492443968791754,-0.021468531313162842
2025-03-31,245.3,5.502481951264444,0.0100379824726895
2025-04-01,243.66,5.495773810926261,-0.006708140338182567
2025-04-02,245.82,5.5045995607868345,0.008825749860573495
2025-04-03,228.69,5.432367374668292,-0.07223218611854243
2025-04-04,210.28,5.348439975951247,-0.08392739871704524
2025-04-07,214.44,5.368029978959337,0.019590003008089774
2025-04-08,216.87,5.379298095680316,0.011268116720978938
2025-04-09,234.34,5.45677305224001,0.07747495655969416
2025-04-10,227.11,5.425434481607502,-0.031338570632507334
2025-04-11,236.2,5.464678903763262,0.039244422155759295
2025-04-14,234.72,5.458393314394671,-0.006285589368590472
2025-04-15,233.13,5.451596237889261,-0.006797076505410615
2025-04-16,229.61,5.436382217503932,-0.015214020385328375
2025-04-17,231.96,5.44656494300824,0.010182725504307655
2025-04-21,228.99,5.433678334478489,-0.012886608529750987
2025-04-22,235.59,5.462093006054893,0.028414671576403983
2025-04-23,240.88,5.484298884173478,0.02220587811858543
2025-04-24,244.64,5.499787742180752,0.01548885800727362
2025-04-25,243.55,5.495322260252552,-0.004465481928200177
2025-04-28,243.22,5.493966383552854,-0.0013558766996979443
2025-04-29,244.62,5.499705986059217,0.005739602506363184
2025-04-30,244.62,5.499705986059217,0.0
2025-05-01,246.89,5.508942893303274,0.009236907244057235
2025-05-02,252.51,5.531450851891594,0.022507958588319887
2025-05-05,252.56,5.5316488442497365,0.0001979923581423293
2025-05-06,249.25,5.518456408841947,-0.013192435407789027
2025-05-07,249.39,5.519017936211107,0.0005615273691592648
2025-05-08,253.47,5.535245472832863,0.016227536621756578
2025-05-09,253.08,5.533705644278683,-0.0015398285541801116
2025-05-12,260.05,5.560873920219081,0.027168275940398168
2025-05-13,263.01,5.572192054268604,0.011318134049522754
2025-05-14,265.64,5.582142008672513,0.009949954403908556
2025-05-15,267.49,5.589082182459723,0.0069401737872105684
2025-05-16,267.56,5.589343840250208,0.0002616577904843709
2025-05-19,264.88,5.5792768932389905,-0.010066947011217131
2025-05-20,265.68,5.5822925770684915,0.0030156838295010147
2025-05-21,261.04,5.564673652285065,-0.017618924783426415
2025-05-22,260.67,5.563255239519225,-0.0014184127658403156
2025-05-23,260.71,5.563408678470003,0.0001534389507780176
2025-05-27,265.29,5.580823567255753,0.01741488878575037
2025-05-28,263.49,5.574015416597136,-0.006808150658617507
2025-05-29,264.37,5.577349637092148,0.0033342204950121967
2025-05-30,264.0,5.575949103146316,-0.0014005339458318389
2025-06-02,264.66,5.578445983344904,0.0024968801985876254
2025-06-03,266.27,5.5845108315733585,0.006064848228454878
2025-06-04,264.22,5.576782089450208,-0.007728742123150667
2025-06-05,261.95,5.5681536458542285,-0.008628443595979363
2025-06-06,265.73,5.5824807556881915,0.014327109833963014
2025-06-09,266.74,5.586274401194249,0.0037936455060574303
2025-06-10,268.6,5.593223284089137,0.006948882894888264
2025-06-11,268.15,5.591546525428934,-0.0016767586602028928
2025-06-12,268.24,5.591882102157973,0.00033557672903850033
2025-06-13,264.95,5.579541128938771,-0.012340973219202134
2025-06-16,270.36,5.599754404232153,0.020213275293382793
2025-06-17,269.52,5.596642599098297,-0.003111805133856116
2025-06-18,273.96,5.612982110329704,0.016339511231406867
2025-06-20,275.0,5.616771097666572,0.0037889873368674998
2025-06-23,278.27,5.6285918653802955,0.011820767713723868
2025-06-24,281.26,5.639279508442102,0.010687643061806362
2025-06-25,284.06,5.649185483452982,0.009905975010879864
2025-06-26,288.75,5.665561261836003,0.016375778383021178
2025-06-27,287.11,5.659865417589745,-0.0056958442462580194
2025-06-30,289.91,5.669570529986012,0.009705112396266813
2025-07-01,290.41,5.671293717619469,0.001723187633457357
2025-07-02,292.0,5.676753802268282,0.0054600846488126464
2025-07-03,296.0,5.69035945432406,0.01360565205577835
2025-07-07,291.97,5.676651057264167,-0.013708397059892796
2025-07-08,282.78,5.644669210163695,-0.03198184710047247
2025-07-09,283.16,5.646012108905989,0.0013428987422940963
2025-07-10,288.19,5.663619984837126,0.01760787593113733
2025-07-11,286.86,5.658994291866067,-0.004625692971059081
2025-07-14,288.7,5.665388086668889,0.006393794802821873
2025-07-15,286.55,5.657913040997746,-0.007475045671142766
2025-07-16,285.82,5.6553622420536485,-0.0025507989440978207
2025-07-17,289.9,5.66953603592761,0.014173793873961671
2025-07-18,291.27,5.674250672050163,0.00471463612255274
2025-07-21,290.97,5.673220169073561,-0.0010305029766017881
2025-07-22,291.43,5.674799839731719,0.0015796706581578945
2025-07-23,296.76,5.692923731321325,0.01812389158960581
2025-07-24,296.55,5.692215838284736,-0.0007078930365889136
2025-07-25,298.62,5.699171862098518,0.006956023813781798
2025-07-28,298.28,5.698032642675594,-0.0011392194229236097
2025-07-29,297.04,5.693866809868824,-0.0041658328067697425
2025-07-30,299.63,5.702548380141388,0.008681570272563555
2025-07-31,296.24,5.691169936605357,-0.01137844353603068
2025-08-01,289.37,5.6677061460735105,-0.023463790531846662
2025-08-04,294.26,5.684463730269801,0.016757584196290587
2025-08-05,291.37,5.674593937191527,-0.009869793078274292
2025-08-06,291.35,5.674525293589083,-6.864360244396295e-05
2025-08-07,286.94,5.659273134670244,-0.015252158918839243
2025-08-08,288.76,5.66559589327096,0.006322758600716405
2025-08-11,289.56,5.6683625294249405,0.0027666361539804285
2025-08-12,292.85,5.679660532535792,0.011298003110851162
2025-08-13,290.53,5.671706841183716,-0.007953691352075687
2025-08-14,294.16,5.684123836993017,0.01241699580930078
2025-08-15,290.49,5.67156915229155,-0.012554684701466812
2025-08-18,291.53,5.675142916447037,0.003573764155486714
2025-08-19,290.66,5.672154199198024,-0.002988717249012396
2025-08-20,292.24,5.677575382487027,0.005421183289002762
2025-08-21,291.47,5.674937084542365,-0.0026382979446619714
2025-08-22,296.24,5.691169936605357,0.016232852062992187
2025-08-25,294.9,5.6866363158212305,-0.0045336207841266685
2025-08-26,298.57,5.699004411203101,0.01236809538187078
2025-08-27,299.28,5.701379590039891,0.0023751788367896154
2025-08-28,301.07,5.707342795850958,0.00596320581106724
2025-08-29,301.42,5.7085046409915305,0.0011618451405723818
2025-09-02,299.7,5.702781974322617,-0.005722666668913412
2025-09-03,299.51,5.702147805979741,-0.000634168342876329
2025-09-04,303.82,5.716435420779517,0.014287614799775916
2025-09-05,294.38,5.684871449764441,-0.03156397101507569
2025-09-08,292.91,5.679865394596054,-0.005006055168387036
2025-09-09,297.85,5.696590004074697,0.016724609478642627
2025-09-10,300.54,5.705580856597581,0.008990852522884119
2025-09-11,305.56,5.722146158673159,0.016565302075577826
2025-09-12,306.91,5.7265545449983986,0.004408386325239988
2025-09-15,308.9,5.733017599924536,0.006463054926137524
2025-09-16,309.19,5.733955974663749,0.0009383747392126551
2025-09-17,311.75,5.742201584560146,0.008245609896397
2025-09-18,313.23,5.746937744970129,0.00473616040998337
2025-09-19,314.78,5.751873982123454,0.004936237153325251
2025-09-22,312.44,5.744412450742097,-0.007461531381357744
2025-09-23,312.74,5.7453721744153645,0.0009597236732679093
2025-09-24,313.42,5.74754414409507,0.0021719696797051213
2025-09-25,313.45,5.747639857719977,9.571362490756741e-05
2025-09-26,316.06,5.755932068980957,0.008292211260980231
2025-09-29,315.69,5.754760719420831,-0.0011713495601268775
2025-09-30,315.43,5.753936787316924,-0.0008239321039065217
2025-10-01,310.71,5.738860001268897,-0.015076786048027202
2025-10-02,307.55,5.728637675654378,-0.010222325614519079
2025-10-03,310.03,5.73666906699042,0.008031391336042581
2025-10-06,309.18,5.733923631568188,-0.0027454354222324895
2025-10-07,307.69,5.729092782612366,-0.004830848955822198
2025-10-08,304.03,5.717126380747781,-0.01196640186458442
2025-10-09,305.53,5.722047973463045,0.004921592715263934
2025-10-10,300.89,5.706744749451314,-0.015303224011731231
2025-10-13,307.97,5.730002375632231,0.02325762618091698
2025-10-14,302.08,5.710691882957136,-0.019310492675095325
2025-10-15,305.69,5.722571516552783,0.011879633595647476
2025-10-16,298.54,5.698903927205094,-0.02366758934768942
2025-10-17,297.56,5.69561588532314,-0.0032880418819534185
2025-10-20,302.36,5.711618360423976,0.01600247510083541
2025-10-21,297.09,5.694035123201321,-0.01758323722265498
2025-10-22,294.11,5.683953847022016,-0.010081276179304766
2025-10-23,294.54,5.685414817298017,0.0014609702760006726
2025-10-24,300.44,5.705248066817811,0.01983324951979437
2025-10-27,304.15,5.717521000766714,0.012272933948903386
2025-10-28,305.36,5.721491408436974,0.003970407670260023
2025-10-29,305.51,5.721982511300152,0.0004911028631777725
2025-10-30,309.44,5.734764212264929,0.012781700964777265
2025-10-31,311.12,5.740178689847492,0.00541447758256286
2025-11-03,309.35,5.734473321976997,-0.005705367870494804
2025-11-04,309.25,5.734150011272598,-0.00032331070439983733
2025-11-05,311.68,5.74197702045417,0.007827009181572642
2025-11-06,313.42,5.74754414409507,0.005567123640899396
2025-11-07,314.21,5.750061552176929,0.002517408081859074
2025-11-10,316.89,5.758554710503181,0.008493158326252193
2025-11-11,315.62,5.754538958319987,-0.0040157521831938325
2025-11-12,320.41,5.769601425693419,0.015062467373431865
2025-11-13,309.48,5.7348934696812535,-0.034707956012165475
2025-11-14,303.61,5.715743983055445,-0.01914948662580862
2025-11-17,300.37,5.705015048058747,-0.010728934996698136
2025-11-18,299.41,5.701813871561357,-0.003201176497389824
2025-11-19,303.27,5.714623497834076,0.012809626272718866
2025-11-20,298.38,5.698367841954703,-0.016255655879373165
2025-11-21,298.02,5.697160598347314,-0.0012072436073884418
2025-11-24,298.0,5.697093486505405,-6.711184190955066e-05
2025-11-25,303.0,5.713732805509369,0.016639319003964204
2025-11-26,307.64,5.728930268188853,0.01519746267948463
2025-11-28,313.08,5.746458748936638,0.017528480747784236
2025-12-01,308.92,5.733082343701063,-0.013376405235574929
2025-12-02,307.88,5.729710096666117,-0.0033722470349459854
2025-12-03,312.13,5.743419767694698,0.01370967102858156
2025-12-04,316.1,5.756058619221572,0.012638851526873829
2025-12-05,315.04,5.752699614890815,-0.003359004330756754
2025-12-08,315.21,5.753239083368793,0.0005394684779780334
2025-12-09,300.51,5.705481031291782,-0.047758052077011115
2025-12-10,310.11,5.736927073248503,0.03144604195672063
2025-12-11,317.38,5.760099794134696,0.023172720886193154
2025-12-12,318.52,5.763685267389244,0.003585473254547722
2025-12-15,320.02,5.768383493840728,0.004698226451484544
2025-12-16,315.55,5.754317148030249,-0.014066345810479497
2025-12-17,314.98,5.752509144746434,-0.0018080032838145854
2025-12-18,313.0,5.746203190540153,-0.006305954206281328
2025-12-19,317.21,5.759564015114962,0.013360824574808916
2025-12-22,323.09,5.77793092218126,0.018366907066297955
2025-12-23,325.93,5.786682634383844,0.008751712202584194
2025-12-24,329.17,5.796574334638172,0.00989170025432795
2025-12-26,327.91,5.792739180488351,-0.003835154149821385
2025-12-29,323.75,5.779971613013747,-0.012767567474603503
2025-12-30,323.42,5.778951788149798,-0.001019824863949026
2025-12-31,322.22,5.775234542062841,-0.0037172460869570045
2026-01-02,325.48,5.785301015828456,0.010066473765615314
2026-01-05,334.04,5.811260746285028,0.02595973045657196
2026-01-06,334.61,5.812965674537693,0.0017049282526651055
2026-01-07,326.99,5.789929589389889,-0.02303608514780464
2026-01-08,329.79,5.798456088258882,0.008526498868993038
2026-01-09,329.19,5.796635091670818,-0.0018209965880640056
2026-01-12,324.49,5.782254719028316,-0.014380372642501804
2026-01-13,310.9,5.739471317064708,-0.04278340196360819
2026-01-14,307.87,5.729677615951538,-0.009793701113169462
2026-01-15,309.26,5.734182347047285,0.00450473109574645
2026-01-16,312.47,5.744508464568161,0.010326117520876643
2026-01-20,302.74,5.71287435133442,-0.03163411323374188
2026-01-21,302.04,5.710559458935225,-0.00231489239919469
2026-01-22,303.63,5.71580985486892,0.005250395933694918
2026-01-23,297.72,5.69615344749171,-0.01965640737720964
2026-01-26,301.04,5.707243146285182,0.011089698793472103
2026-01-27,300.31,5.70481527446815,-0.002427871817031857
2026-01-28,300.77,5.706345853059362,0.0015305785912111958
2026-01-29,306.4200134277344,5.724956753708945,0.01861090064958315
2026-01-30,305.89,5.723225560200808,-0.0017311935081369967
2026-02-02,308.1400146484375,5.730554272691881,0.007328712491073475
2026-02-03,314.85,5.752096334934752,0.021542062242870585
2026-02-04,317.27,5.759753146372618,0.007656811437866118
2026-02-05,310.1600036621094,5.737088305169836,-0.022664841202781894
2026-02-06,322.3999938964844,5.775792991700973,0.0387046865311369
2026-02-09,322.1000061035156,5.774862075286285,-0.0009309164146875659
2026-02-10,318.28,5.762931498509334,-0.011930576776951085
2026-02-11,310.82,5.7392139664874655,-0.02371753202186877
2026-02-12,302.64,5.7125439803247735,-0.026669986162692005
2026-02-13,302.55,5.71224655306833,-0.0002974272564433278
2026-02-17,307.13,5.7272711107251055,0.01502455765677535
2026-02-18,308.78,5.732629049213781,0.0053579384886752734
2026-02-19,308.04998779296875,5.730262067833793,-0.002366981379987365
2026-02-20,310.7900085449219,5.739117470437888,0.008855402604094564
2026-02-23,297.67,5.695985490353976,-0.043131980083911614
2026-02-24,297.3,5.694741730004052,-0.0012437603499240169
2026-02-25,303.3,5.714722414694536,0.019980684690483308
2026-02-26,306.13,5.72400984833617,0.009287433641634202
2026-02-27,300.29998779296875,5.704781934339829,-0.019227913996340718
2026-03-02,297.5599975585937,5.695615877118388,-0.00916605722144137
2026-03-03,300.260009765625,5.704648798508054,0.00903292138966627
2026-03-04,299.3900146484375,5.70174712022174,-0.0029016782863138246
2026-03-05,293.55,5.682047982510195,-0.01969913771154541
2026-03-06,289.48,5.668086209997927,-0.0139617725122676
2026-03-09,289.92,5.669605022854615,0.0015188128566876458
2026-03-10,288.73,5.665491995367873,-0.004113027486742027
2026-03-11,287.52,5.661292423035249,-0.004199572332623802
2026-03-12,282.8900146484375,5.64505818128458,-0.01623424175066912
2026-03-13,283.5,5.647212123167807,0.0021539418832272617
