date,price,log_price,r
2005-02-28,6.23192,1.8296844715155776,-0.019972767790858326
2005-03-01,5.93474,1.7808232191829125,-0.04886125233266503
2005-03-02,6.08708,1.806168492188688,0.025345273005775493
2005-03-03,6.12791,1.8128537456463667,0.006685253457678675
2005-03-04,6.32705,1.8448340927730031,0.031980347126636444
2005-03-07,6.28108,1.8375419402164774,-0.007292152556525711
2005-03-08,6.18476,1.822088201534581,-0.015453738681896478
2005-03-09,6.00038,1.7918228005559174,-0.030265400978663592
2005-03-10,5.85273,1.7669082190554077,-0.024914581500509625
2005-03-11,5.79118,1.7563360704751523,-0.010572148580255458
2005-03-14,5.67799,1.7365972968657133,-0.019738773609438987
2005-03-15,5.54092,1.7121605519538792,-0.02443674491183412
2005-03-16,5.56599,1.716674866479735,0.004514314525855934
2005-03-17,5.77007,1.7526842121621906,0.03600934568245551
2005-03-18,5.71873,1.7437467527678194,-0.008937459394371183
2005-03-21,5.69373,1.7393655693964716,-0.004381183371347852
2005-03-22,5.52541,1.7093574527953248,-0.030008116601146773
2005-03-23,5.39207,1.6849293557215836,-0.024428097073741162
2005-03-24,5.44318,1.6943634489034254,0.00943409318184174
2005-03-28,5.3814,1.6829485633698753,-0.011414885533550079
2005-03-29,5.32015,1.6715014984447896,-0.011447064925085737
2005-03-30,5.48958,1.7028517498627156,0.03135025141792602
2005-03-31,5.6418,1.7302031635289492,0.027351413666233615
2005-04-01,5.72403,1.7446731027706168,0.014469939241667618
2005-04-04,5.69896,1.740283702053007,-0.004389400717609737
2005-04-05,5.64702,1.7311279723879873,-0.009155729665019763
2005-04-06,5.69373,1.7393655693964716,0.008237597008484254
2005-04-07,5.71873,1.7437467527678194,0.004381183371347852
2005-04-08,5.66277,1.7339131717916016,-0.009833580976217782
2005-04-11,5.65232,1.7320660803462726,-0.0018470914453290188
2005-04-12,5.64702,1.7311279723879873,-0.0009381079582853058
2005-04-13,5.55085,1.7139510691847493,-0.01717690320323806
2005-04-14,5.42319,1.6906842032031355,-0.02326686598161376
2005-04-15,5.25426,1.6590391761447754,-0.03164502705836014
2005-04-18,5.23381,1.655139502340914,-0.0038996738038614698
2005-04-19,5.43915,1.6936227986595482,0.03848329631863434
2005-04-20,5.39774,1.6859803474483916,-0.007642451211156587
2005-04-21,5.54622,1.7131166146361774,0.027136267187785723
2005-04-22,5.44318,1.6943634489034254,-0.018753165732751986
2005-04-25,5.58643,1.7203404427200035,0.025976993816578142
2005-04-26,5.60211,1.7231433124894773,0.002802869769473748
2005-04-27,5.42319,1.6906842032031355,-0.03245910928634177
2005-04-28,5.29007,1.6658314782968369,-0.02485272490629864
2005-04-29,5.35625,1.678264103363953,0.012432625067116065
2005-05-02,5.46922,1.6991360102880546,0.02087190692410168
2005-05-03,5.45959,1.6973736953622087,-0.001762314925845887
2005-05-04,5.60211,1.7231433124894773,0.02576961712726855
2005-05-05,5.70418,1.7411992394163334,0.018055926926856092
2005-05-06,5.80147,1.7581113337156473,0.01691209429931395
2005-05-09,5.87318,1.7703962248022027,0.012284891086555394
2005-05-10,5.7088,1.7420088439634984,-0.02838738083870429
2005-05-11,5.76043,1.7510121246991979,0.009003280735699448
2005-05-12,5.54092,1.7121605519538792,-0.0388515727453187
2005-05-13,5.39774,1.6859803474483916,-0.026180204505487525
2005-05-16,5.44878,1.6953917304052737,0.009411382956882042
2005-05-17,5.58643,1.7203404427200035,0.024948712314729837
2005-05-18,5.68321,1.7375162139461833,0.017175771226179748
2005-05-19,5.80147,1.7581113337156473,0.020595119769464043
2005-05-20,5.82199,1.7616421276991465,0.003530793983499203
2005-05-23,5.76043,1.7510121246991979,-0.010630002999948651
2005-05-24,5.82736,1.7625640676151695,0.011551942915971614
2005-05-25,5.92018,1.7783668538390849,0.0158027862239154
2005-05-26,6.00038,1.7918228005559174,0.013455946716832479
2005-05-27,6.04195,1.798726807524744,0.006904006968826648
2005-05-31,6.02568,1.796030336078701,-0.002696471446042903
2005-06-01,6.10813,1.8096206706924352,0.013590334613734045
2005-06-02,6.21096,1.8263154733696625,0.01669480267722734
2005-06-03,6.17394,1.8203372078597624,-0.005978265509900105
2005-06-06,6.06605,1.8027076518964478,-0.017629555963314614
2005-06-07,5.90936,1.7765375345219607,-0.026170117374487045
2005-06-08,5.92376,1.7789713824180926,0.00243384789613188
2005-06-09,5.94854,1.7831458112961338,0.004174428878041203
2005-06-10,6.03113,1.7969343895341665,0.0137885782380327
2005-06-13,6.05165,1.8003309621321553,0.003396572597988756
2005-06-14,6.1541,1.817118526361587,0.01678756422943173
2005-06-15,6.17394,1.8203372078597624,0.003218681498175391
2005-06-16,6.33787,1.8465427498560993,0.026205541996336956
2005-06-17,6.53186,1.8766917419330307,0.030148992076931336
2005-06-20,6.65318,1.8950949358574585,0.018403193924427796
2005-06-21,6.61871,1.889900486912113,-0.005194448945345487
2005-06-22,6.66423,1.896754418074476,0.006853931162362992
2005-06-23,6.55738,1.8805911329345695,-0.016163285139906503
2005-06-24,6.4706,1.8672688399163655,-0.013322293018203979
2005-06-27,6.76145,1.9112373640950915,0.04396852417872599
2005-06-28,6.73175,1.906835139572451,-0.004402224522640497
2005-06-29,6.69526,1.901399813340535,-0.0054353262319160045
2005-06-30,6.65318,1.8950949358574585,-0.00630487748307651
2005-07-01,6.6587,1.895924270304041,0.0008293344465826191
2005-07-05,6.74623,1.9089838303363524,0.013059560032311346
2005-07-06,6.66974,1.8975808786580275,-0.011402951678324946
2005-07-07,6.63945,1.8930291287323375,-0.004551749925689963
2005-07-08,6.75726,1.9106174824445243,0.01758835371218681
2005-07-11,6.75726,1.9106174824445243,0.0
2005-07-12,6.81934,1.919762692978898,0.009145210534373671
2005-07-13,6.78212,1.9142897374425178,-0.005472955536380164
2005-07-14,6.65318,1.8950949358574585,-0.019194801585059373
2005-07-15,6.51142,1.873557558394531,-0.0215373774629275
2005-07-18,6.50701,1.8728800573181823,-0.0006775010763486744
2005-07-19,6.43994,1.8625192233026746,-0.010360834015507692
2005-07-20,6.52231,1.8752286076696207,0.01270938436694613
2005-07-21,6.54208,1.8782551577176683,0.003026550048047527
2005-07-22,6.62424,1.8907356483106577,0.01248049059298939
2005-07-25,6.32705,1.8448340927730031,-0.045901555537654515
2005-07-26,6.40427,1.8569649553949938,0.012130862621990701
2005-07-27,6.52679,1.8759152450892154,0.018950289694221523
2005-07-28,6.73175,1.906835139572451,0.03091989448323562
2005-07-29,6.71175,1.9038597217489404,-0.0029754178235106288
2005-08-01,6.92059,1.934501026110748,0.030641304361807675
2005-08-02,7.13525,1.965047288857361,0.030546262746612873
2005-08-03,7.28449,1.9857474303331553,0.020700141475794354
2005-08-04,7.20166,1.9743115550037176,-0.011435875329437684
2005-08-05,7.23748,1.9792730795101485,0.004961524506430948
2005-08-08,7.32552,1.9913641421445694,0.012091062634420835
2005-08-09,7.53368,2.0193836342504636,0.028019492105894273
2005-08-10,7.65606,2.0354974911105397,0.016113856860076048
2005-08-11,7.56428,2.0234371675621663,-0.012060323548373386
2005-08-12,7.62099,2.0309062825193616,0.007469114957195266
2005-08-15,7.70381,2.0417150116787193,0.01080872915935771
2005-08-16,7.46132,2.009732342262711,-0.031982669416008136
2005-08-17,7.34418,1.9939081628217505,-0.015824179440960595
2005-08-18,7.26284,1.9827709369169702,-0.01113722590478039
2005-08-19,7.22181,1.9771056140073913,-0.005665322909578885
2005-08-22,7.47251,2.0112309534152746,0.034125339407883315
2005-08-23,7.28971,1.986463764708039,-0.0247671887072356
2005-08-24,7.3964,2.000993395350694,0.014529630642655222
2005-08-25,7.52474,2.018196258543006,0.017202863192312012
2005-08-26,7.33821,1.993094943675684,-0.025101314867322255
2005-08-29,7.52027,2.017602041572525,0.024507097896841135
2005-08-30,7.68218,2.0389033610472755,0.021301319474750446
2005-08-31,7.98808,2.0779504305259526,0.03904706947867709
2005-09-01,7.96346,2.074863578780025,-0.00308685174592771
2005-09-02,7.98286,2.0772967432431906,0.00243316446316566
2005-09-06,8.15746,2.098932846010246,0.0216361027670553
2005-09-07,8.03435,2.08372609983756,-0.015206746172685914
2005-09-08,8.15224,2.098292736115124,0.014566636277563827
2005-09-09,8.48049,2.1377682311533053,0.039475495038181485
2005-09-12,8.48427,2.138213860807076,0.0004456296537709292
2005-09-13,8.35148,2.1224387686656168,-0.015775092141459446
2005-09-14,8.48049,2.1377682311533053,0.015329462487688517
2005-09-15,8.6529,2.15789452487228,0.020126293718974786
2005-09-16,8.77223,2.1715910500021507,0.01369652512987063
2005-09-19,8.93938,2.19046623555009,0.01887518554793921
2005-09-20,8.92972,2.189385039413627,-0.0010811961364627365
2005-09-21,9.35879,2.2363160086286875,0.04693096921506035
2005-09-22,9.12444,2.210956527722334,-0.025359480906353316
2005-09-23,9.04166,2.201842785865053,-0.009113741857281088
2005-09-26,9.06249,2.2041439167319083,0.002301130866855239
2005-09-27,9.0991,2.208175507532867,0.004031590800958718
2005-09-28,9.36845,2.2373476610085112,0.02917215347564417
2005-09-29,9.25571,2.2252406583720266,-0.012107002636484676
2005-09-30,9.12817,2.2113652364003724,-0.013875421971654145
2005-10-03,9.21476,2.220806546289948,0.009441309889575589
2005-10-04,8.69391,2.162622780546145,-0.05818376574380313
2005-10-05,8.21788,2.1063122682616395,-0.05631051228450534
2005-10-06,7.83513,2.0586174678847575,-0.04769480037688201
2005-10-07,8.15746,2.098932846010246,0.040315378125488355
2005-10-10,8.05971,2.0868775757223528,-0.012055270287893105
2005-10-11,8.2328,2.108126175539745,0.021248599817392133
2005-10-12,8.15746,2.098932846010246,-0.009193329529499028
2005-10-13,7.99405,2.0786975149605893,-0.02023533104965658
2005-10-14,7.94182,2.0721424681359273,-0.006555046824662014
2005-10-17,8.09553,2.0913120575002644,0.019169589364337103
2005-10-18,7.79408,2.0533644711697163,-0.037947586330548067
2005-10-19,8.02092,2.0820531285163226,0.028688657346606306
2005-10-20,7.52773,2.018593535539981,-0.06345959297634174
2005-10-21,7.74932,2.047605097580223,0.029011562040242023
2005-10-24,8.05971,2.0868775757223528,0.03927247814212986
2005-10-25,8.07613,2.0889127973987955,0.0020352216764427666
2005-10-26,8.07613,2.0889127973987955,0.0
2005-10-27,7.75306,2.048087604146642,-0.040825193252153724
2005-10-28,7.95226,2.073456164996827,0.02536856085018524
2005-10-31,8.15746,2.098932846010246,0.025476681013418823
2005-11-01,8.19924,2.10404146704805,0.005108621037804184
2005-11-02,8.23879,2.1088534884784536,0.00481202143040349
2005-11-03,8.55587,2.146617597088834,0.037764108610380376
2005-11-04,8.30071,2.1163410533127043,-0.03027654377612965
2005-11-07,8.14701,2.097650988773437,-0.018690064539267137
2005-11-08,8.34623,2.1218099399013135,0.02415895112787636
2005-11-09,8.37305,2.1250182147797667,0.00320827487845321
2005-11-10,8.09553,2.0913120575002644,-0.033706157279502325
2005-11-11,7.96869,2.0755201129185887,-0.015791944581675654
2005-11-14,7.92243,2.06969797694908,-0.005822135969508757
2005-11-15,7.9478,2.0728951608098023,0.003197183860722319
2005-11-16,8.2082,2.105133654603291,0.032238493793488754
2005-11-17,8.32983,2.1198430478072368,0.014709393203945709
2005-11-18,8.29473,2.1156203733839014,-0.004222674423335349
2005-11-21,8.35148,2.1224387686656168,0.00681839528171535
2005-11-22,8.58204,2.1496716474766715,0.02723287881105474
2005-11-23,8.65889,2.1585865388395296,0.008914891362858057
2005-11-25,8.64322,2.1567751985712755,-0.0018113402682540247
2005-11-28,8.3664,2.1242236844517293,-0.032551514119546265
2005-11-29,8.5872,2.150272722440427,0.026049037988697954
2005-11-30,8.63198,2.1554739109930012,0.00520118855257401
2005-12-01,8.96101,2.192882943848341,0.037409032855339586
2005-12-02,9.19535,2.21869792149717,0.025814977648829007
2005-12-05,9.20944,2.220229044944125,0.0015311234469552737
2005-12-06,9.37518,2.238065771672157,0.017836726728031937
2005-12-07,9.16247,2.215115792991857,-0.02294997868030002
2005-12-08,9.15281,2.2140609359658394,-0.0010548570260175971
2005-12-09,9.0827,2.2063715052396167,-0.007689430726222746
2005-12-12,9.08864,2.2070252820344565,0.0006537767948397999
2005-12-13,9.08864,2.2070252820344565,0.0
2005-12-14,9.13933,2.2125870786216284,0.00556179658717193
2005-12-15,8.97076,2.193970399348922,-0.01861667927270627
2005-12-16,8.83194,2.1783746960334027,-0.015595703315519405
2005-12-19,8.57604,2.1489722684966734,-0.02940242753672928
2005-12-20,8.72007,2.1656272654116036,0.01665499691493011
2005-12-21,9.00585,2.1978743661777167,0.032247100766113146
2005-12-22,8.90951,2.187119245582143,-0.010755120595573597
2005-12-23,8.96101,2.192882943848341,0.005763698266197714
2005-12-27,8.78125,2.1726187665340193,-0.020264177314321508
2005-12-28,8.81628,2.1766000123417784,0.0039812458077590485
2005-12-29,9.04166,2.201842785865053,0.025242773523274753
2005-12-30,9.10432,2.2087490261511356,0.0069062402860824434
2006-01-03,9.54154,2.2556548980090088,0.046905871857873205
2006-01-04,9.71686,2.2738625210144954,0.018207623005486617
2006-01-05,9.70046,2.2721733070653296,-0.0016892139491657687
2006-01-06,9.99667,2.302252037537234,0.030078730471904347
2006-01-09,10.2899,2.331162831625753,0.028910794088519154
2006-01-10,10.2183,2.324180230430635,-0.0069826011951179545
2006-01-11,10.5293,2.3541618472030645,0.029981616772429387
2006-01-12,10.7093,2.3711125228465098,0.016950675643445212
2006-01-13,10.6929,2.369579969818324,-0.001532553028185557
2006-01-17,10.5943,2.360316120637192,-0.009263849181132322
2006-01-18,10.5137,2.3526791686061124,-0.0076369520310795025
2006-01-19,10.8204,2.3814332413117243,0.02875407270561192
2006-01-20,10.9741,2.395537951042869,0.014104709731144638
2006-01-23,11.3159,2.4262088163553814,0.030670865312512507
2006-01-24,11.5158,2.4437200054577506,0.01751118910236915
2006-01-25,11.1024,2.407161301163147,-0.036558704294603395
2006-01-26,11.5472,2.4464429833358716,0.03928168217272443
2006-01-27,11.5001,2.4423557309835715,-0.004087252352300119
2006-01-30,11.812,2.469115963881676,0.026760232898104697
2006-01-31,12.0664,2.4904247304719056,0.0213087665902294
2006-02-01,11.7053,2.4600417306870477,-0.030382999784857923
2006-02-02,11.3673,2.4307408125442183,-0.029300918142829424
2006-02-03,11.3323,2.4276570553206365,-0.0030837572235817845
2006-02-06,11.6903,2.4587594381144835,0.031102382793847028
2006-02-07,11.1121,2.408034604691607,-0.0507248334228767
2006-02-08,11.0196,2.39967550542534,-0.008359099266266767
2006-02-09,10.983,2.396348622806209,-0.003326882619131055
2006-02-10,10.7391,2.373891286686715,-0.022457336119494187
2006-02-13,10.6093,2.3617309749545967,-0.012160311732118068
2006-02-14,10.7495,2.3748592418640655,0.013128266909468778
2006-02-15,10.8107,2.380536384411226,0.005677142547160674
2006-02-16,11.4897,2.4414509818592265,0.06091459744800032
2006-02-17,11.6486,2.4551860011166955,0.013735019257469006
2006-02-21,11.5001,2.4423557309835715,-0.012830270133123989
2006-02-22,11.3262,2.427118626020606,-0.015237104962965375
2006-02-23,11.4486,2.437867451782214,0.01074882576160796
2006-02-24,11.6903,2.4587594381144835,0.020891986332269408
2006-02-27,11.3113,2.4258022260513785,-0.03295721206310498
2006-02-28,11.1771,2.4138670423080693,-0.011935183743309263
2006-03-01,11.7695,2.465511439486245,0.051644397178175705
2006-03-02,11.8433,2.4717623068379266,0.006250867351681677
2006-03-03,11.8531,2.472589436744471,0.0008271299065443216
2006-03-06,11.4322,2.4364339352261095,-0.036155501518361444
2006-03-07,10.9876,2.396767364221301,-0.039666571004808304
2006-03-08,10.9331,2.3917948850308415,-0.004972479190459733
2006-03-09,10.6414,2.3647520542051166,-0.027042830825724895
2006-03-10,10.8047,2.3799812246497503,0.015229170444633677
2006-03-13,10.8912,2.3879551237115497,0.007973899061799461
2006-03-14,11.2808,2.4231021655408833,0.03514704182933359
2006-03-15,11.5621,2.4477325076455423,0.024630342104658975
2006-03-16,11.5419,2.4459838922415384,-0.0017486154040038393
2006-03-17,11.286,2.423563019546948,-0.022420872694590255
2006-03-20,11.2039,2.416261931974239,-0.007301087572709086
2006-03-21,11.03,2.400618833265411,-0.015643098708828074
2006-03-22,10.8659,2.385629445068393,-0.014989388197018005
2006-03-23,10.8912,2.3879551237115497,0.0023256786431566923
2006-03-24,10.948,2.393156791178433,0.005201667466883109
2006-03-27,10.8876,2.3876245269814467,-0.005532264196986159
2006-03-28,10.5607,2.357139563959959,-0.030484963021487843
2006-03-29,10.8726,2.38624586296403,0.029106299004071357
2006-03-30,11.03,2.400618833265411,0.01437297030138085
2006-03-31,11.0658,2.403859270934678,0.00324043766926696
2006-04-03,11.4181,2.435199815604959,0.03134054467028102
2006-04-04,11.3002,2.4248204246767115,-0.010379390928247467
2006-04-05,11.5098,2.44319884638821,0.018378421711498394
2006-04-06,11.6553,2.4557610121821916,0.012562165793981617
2006-04-07,11.465,2.439298916309868,-0.016462095872323612
2006-04-10,11.3628,2.4303448617953176,-0.008954054514550336
2006-04-11,11.3673,2.4307408125442183,0.00039595074890064197
2006-04-12,11.3628,2.4303448617953176,-0.00039595074890064197
2006-04-13,11.3532,2.429499642516262,-0.0008452192790557866
2006-04-17,11.577,2.4490203712235914,0.01952072870732957
2006-04-18,12.2709,2.507230605666119,0.058210234442527486
2006-04-19,12.5679,2.531145944206197,0.023915338540078324
2006-04-20,12.3783,2.5159449395721847,-0.015201004634012527
2006-04-21,12.7178,2.543002586978524,0.027057647406339314
2006-04-24,12.4036,2.5179867530561912,-0.025015833922332753
2006-04-25,12.1947,2.50100143111929,-0.016985321936901165
2006-04-26,12.394,2.517212484539916,0.0162110534206259
2006-04-27,12.2709,2.507230605666119,-0.00998187887379709
2006-04-28,12.6231,2.5355284687864024,0.028297863120283484
2006-05-01,12.7574,2.546111495398911,0.01058302661250865
2006-05-02,13.0551,2.5691788620221767,0.023067366623265695
2006-05-03,12.9774,2.563209383045174,-0.00596947897700284
2006-05-04,12.9476,2.560910442784828,-0.0022989402603457165
2006-05-05,13.4431,2.598465963260188,0.03755552047535993
2006-05-08,13.3916,2.594627644722789,-0.0038383185373991324
2006-05-09,13.6624,2.6146475341712048,0.020019889448415817
2006-05-10,13.6512,2.61382742985484,-0.0008201043163649224
2006-05-11,13.2849,2.5866280518970335,-0.02719937795780636
2006-05-12,12.8604,2.5541528225248147,-0.032475229372218806
2006-05-15,12.4306,2.5201611746714025,-0.03399164785341213
2006-05-16,12.6148,2.5348707278254485,0.014709553154045985
2006-05-17,11.9358,2.4795422872888495,-0.05532844053659902
2006-05-18,11.6382,2.4542927911701637,-0.025249496118685766
2006-05-19,11.465,2.439298916309868,-0.014993874860295797
2006-05-22,10.8466,2.383851666822394,-0.055447249487473815
2006-05-23,10.8466,2.383851666822394,0.0
2006-05-24,10.5242,2.353677367178389,-0.03017429964400531
2006-05-25,10.9876,2.396767364221301,0.04308999704291239
2006-05-26,11.5829,2.4495298725709747,0.05276250834967344
2006-05-30,10.9517,2.393494695353851,-0.0560351772171237
2006-05-31,11.0957,2.4065576458770233,0.013062950523172301
2006-06-01,11.2763,2.4227031780770965,0.016145532200073198
2006-06-02,11.412,2.434665433351254,0.011962255274157396
2006-06-05,10.9786,2.395947923398254,-0.03871750995299994
2006-06-06,10.9025,2.3889921207347844,-0.0069558026634695125
2006-06-07,10.4518,2.346774212381526,-0.04221790835325834
2006-06-08,10.304,2.332532169361998,-0.01424204301952825
2006-06-09,10.0541,2.3079805115109533,-0.024551657851044517
2006-06-12,9.46541,2.247644101208584,-0.06033641030236936
2006-06-13,8.96553,2.1933872241049643,-0.054256877103619594
2006-06-14,9.33858,2.2341542064211293,0.040766982316164935
2006-06-15,10.022,2.304782676537533,0.07062847011640372
2006-06-16,10.1004,2.3125750270233936,0.0077923504858605774
2006-06-19,9.77881,2.280217799751877,-0.032357227271516464
2006-06-20,9.80717,2.2831137508168906,0.0028959510650135023
2006-06-21,10.1914,2.321544227395192,0.03843047657830123
2006-06-22,10.1959,2.3219856786980206,0.0004414513028287992
2006-06-23,10.4682,2.348342090331774,0.026356411633753574
2006-06-26,10.4682,2.348342090331774,0.0
2006-06-27,10.3309,2.3351394042153886,-0.013202686116385642
2006-06-28,10.5995,2.36080683019417,0.025667425978781466
2006-06-29,11.2301,2.4185976734302064,0.05779084323603634
2006-06-30,11.4069,2.4342184354604774,0.015620762030271074
2006-07-03,11.4486,2.437867451782214,0.0036490163217366423
2006-07-05,11.2039,2.416261931974239,-0.021605519807974982
2006-07-06,11.3113,2.4258022260513785,0.00954029407713941
2006-07-07,11.142,2.410721751598624,-0.015080474452754622
2006-07-10,11.1524,2.4116547213806654,0.0009329697820414928
2006-07-11,11.4427,2.4373519720907466,0.02569725071008122
2006-07-12,11.3471,2.4289622046721075,-0.00838976741863906
2006-07-13,11.142,2.410721751598624,-0.018240453073483653
2006-07-14,11.4427,2.4373519720907466,0.026630220492122714
2006-07-17,10.9876,2.396767364221301,-0.0405846078694454
2006-07-18,10.983,2.396348622806209,-0.0004187414150922386
2006-07-19,11.2502,2.4203859062701842,0.024037283463975267
2006-07-20,10.942,2.3926085956416343,-0.027777310628549934
2006-07-21,10.8107,2.380536384411226,-0.012072211230408136
2006-07-24,11.2949,2.4243512964057854,0.043814911994559225
2006-07-25,11.3814,2.431980443978595,0.007629147572809636
2006-07-26,11.5001,2.4423557309835715,0.010375287004976474
2006-07-27,11.5717,2.4485624621321427,0.006206731148571176
2006-07-28,11.8471,2.4720831118925135,0.023520649760370826
2006-07-31,11.7396,2.4629677422692464,-0.009115369623267089
2006-08-01,11.7396,2.4629677422692464,0.0
2006-08-02,12.0112,2.485839547836601,0.022871805567354464
2006-08-03,12.0664,2.4904247304719056,0.004585182635304719
2006-08-04,11.9649,2.481977363615423,-0.008447366856482397
2006-08-07,12.062,2.490060015028795,0.008082651413371611
2006-08-08,12.0986,2.4930897434293082,0.0030297284005134095
2006-08-09,12.0866,2.492097400923582,-0.000992342505726107
2006-08-10,12.1291,2.4956075239955346,0.003510123071952531
2006-08-11,12.0418,2.488383930367545,-0.007223593627989633
2006-08-14,11.7359,2.4626525200136493,-0.0257314103538957
2006-08-15,11.9201,2.478226050863759,0.015573530850109485
2006-08-16,11.9358,2.4795422872888495,0.001316236425090711
2006-08-17,11.7254,2.461757428889028,-0.01778485839982169
2006-08-18,11.8276,2.470435783359544,0.008678354470516236
2006-08-21,11.8367,2.47120487439106,0.0007690910315161226
2006-08-22,11.8329,2.4708837874244325,-0.00032108696662769276
2006-08-23,11.412,2.434665433351254,-0.03621835407317864
2006-08-24,11.5098,2.44319884638821,0.008533413036956095
2006-08-25,11.5919,2.45030657834211,0.007107731953900132
2006-08-28,11.5001,2.4423557309835715,-0.00795084735853857
2006-08-29,11.4747,2.4401446118140044,-0.0022111191695670662
2006-08-30,11.4322,2.4364339352261095,-0.0037106765878949233
2006-08-31,11.4547,2.4384001261255825,0.0019661908994730304
2006-09-01,11.5867,2.449857888594909,0.011457762469326394
2006-09-05,11.5561,2.447213436079874,-0.0026444525150348674
2006-09-06,11.0353,2.4010992255648067,-0.046114210515067366
2006-09-07,10.9741,2.395537951042869,-0.005561274521937776
2006-09-08,10.6973,2.369991373177064,-0.02554657786580483
2006-09-11,10.2011,2.3224955576128274,-0.047495815564236654
2006-09-12,10.1765,2.320081140610797,-0.0024144170020306
2006-09-13,10.5242,2.353677367178389,0.03359622656759198
2006-09-14,10.2474,2.3270240148710637,-0.02665335230732513
2006-09-15,10.125,2.315007612992603,-0.012016401878460758
2006-09-18,10.5293,2.3541618472030645,0.0391542342104616
2006-09-19,10.2429,2.3265847826419264,-0.027577064561138176
2006-09-20,9.84901,2.2873709425185558,-0.03921384012337059
2006-09-21,9.83917,2.286371357913039,-0.0009995846055166346
2006-09-22,9.7937,2.2817393218124162,-0.004632036100622905
2006-09-25,9.81382,2.283791596354208,0.0020522745417919097
2006-09-26,10.1004,2.3125750270233936,0.028783430669185428
2006-09-27,10.4369,2.345347603494706,0.03277257647131249
2006-09-28,10.657,2.366216953238819,0.02086934974411303
2006-09-29,10.7093,2.3711125228465098,0.004895569607690664
2006-10-02,10.5801,2.3589748781813267,-0.012137644665183078
2006-10-03,10.028,2.305381180296047,-0.05359369788527957
2006-10-04,10.3258,2.3346456176857275,0.02926443738968043
2006-10-05,10.381,2.3399772122111084,0.0053315945253809005
2006-10-06,10.4108,2.342843728857608,0.002866516646499395
2006-10-09,10.4824,2.3496976603082387,0.006853931450630846
2006-10-10,10.5846,2.3594001145482784,0.009702454240039682
2006-10-11,10.5801,2.3589748781813267,-0.00042523636695168676
2006-10-12,10.8107,2.380536384411226,0.021561506229899496
2006-10-13,10.9876,2.396767364221301,0.01623097981007504
2006-10-16,11.1524,2.4116547213806654,0.014887357159364178
2006-10-17,10.8823,2.3871376161454103,-0.024517105235255077
2006-10-18,10.8301,2.3823292945806114,-0.004808321564798934
2006-10-19,11.0353,2.4010992255648067,0.018769930984195327
2006-10-20,10.9391,2.3923435266993067,-0.008755698865499983
2006-10-23,10.8466,2.383851666822394,-0.008491859876912589
2006-10-24,11.1121,2.408034604691607,0.024182937869212662
2006-10-25,11.5098,2.44319884638821,0.03516424169660315
2006-10-26,11.4792,2.44053670205206,-0.002662144336150085
2006-10-27,11.3725,2.431198160462022,-0.009338541590037774
2006-10-30,11.1316,2.409787910571059,-0.021410249890962962
2006-10-31,11.3412,2.4284421128068736,0.018654202235814488
2006-11-01,11.148,2.4112601096197017,-0.01718200318717189
2006-11-02,11.1121,2.408034604691607,-0.0032255049280949244
2006-11-03,11.3628,2.4303448617953176,0.022310257103710818
2006-11-06,11.5419,2.4459838922415384,0.015639030446220836
2006-11-07,11.5098,2.44319884638821,-0.002785045853328505
2006-11-08,11.7494,2.463802175456579,0.020603329068368925
2006-11-09,11.7852,2.4668445069695917,0.003042331513012808
2006-11-10,11.868,2.4738457024285756,0.007001195458983922
2006-11-13,11.4285,2.436110235599037,-0.037735466829538655
2006-11-14,11.6128,2.452107938036614,0.015997702437577033
2006-11-15,11.6903,2.4587594381144835,0.006651500077869521
2006-11-16,11.4024,2.433823859558684,-0.02493557855579942
2006-11-17,11.4069,2.4342184354604774,0.0003945759017933703
2006-11-20,11.3412,2.4284421128068736,-0.005776322653603838
2006-11-21,11.6486,2.4551860011166955,0.026743888309821884
2006-11-22,11.6486,2.4551860011166955,0.0
2006-11-24,11.5621,2.4477325076455423,-0.007453493471153205
2006-11-27,11.3814,2.431980443978595,-0.015752063666947258
2006-11-28,11.577,2.4490203712235914,0.017039927244996367
2006-11-29,12.0008,2.4849733142325436,0.03595294300895224
2006-11-30,12.0262,2.4870876031127165,0.0021142888801728432
2006-12-01,11.9963,2.4845982689101715,-0.002489334202544935
2006-12-04,12.2089,2.502165193974167,0.017566925063995598
2006-12-05,12.4201,2.51931612800271,0.017150934028542952
2006-12-06,12.3037,2.50990003015134,-0.009416097851369987
2006-12-07,12.4358,2.5205794097255962,0.010679379574256131
2006-12-08,12.5485,2.5296011365221296,0.009021726796533347
2006-12-11,12.5432,2.5291786860641037,-0.00042245045802591363
2006-12-12,12.3634,2.514740495107878,-0.014438190956225672
2006-12-13,12.3396,2.512813603041008,-0.0019268920668698009
2006-12-14,12.4455,2.5213591117903125,0.008545508749304265
2006-12-15,12.4768,2.523870919806141,0.0025118080158286205
2006-12-18,12.2776,2.507776463878748,-0.016094455927393003
2006-12-19,12.4238,2.5196139878417334,0.011837523962985319
2006-12-20,12.5596,2.530485313399164,0.010871325557430644
2006-12-21,12.5485,2.5296011365221296,-0.0008841768770344594
2006-12-22,12.5387,2.528819861569286,-0.0007812749528435248
2006-12-26,12.6804,2.5400574942528484,0.01123763268356237
2006-12-27,12.9879,2.5640181547961145,0.023960660543266066
2006-12-28,12.9976,2.5647647250334034,0.0007465702372888572
2006-12-29,13.1551,2.5768095161357314,0.012044791102328034
2007-01-03,12.7312,2.5440556736411333,-0.03275384249459812
2007-01-04,12.3731,2.51552476131346,-0.028530912327673352
2007-01-05,12.1895,2.5005749254247154,-0.014949835888744545
2007-01-08,12.2671,2.5069208819697804,0.006345956545064979
2007-01-09,11.9449,2.480304409039088,-0.026616472930692137
2007-01-10,11.8993,2.4764795748579003,-0.0038248341811879527
2007-01-11,11.9201,2.478226050863759,0.0017464760058585327
2007-01-12,12.062,2.490060015028795,0.011833964165036015
2007-01-16,11.7852,2.4668445069695917,-0.023215508059203138
2007-01-17,11.8009,2.468175799749561,0.0013312927799691288
2007-01-18,11.618,2.4525556195703406,-0.015620180179220178
2007-01-19,12.0829,2.4917912299205494,0.03923561035020873
2007-01-22,12.0567,2.4896205220142202,-0.002170707906329117
2007-01-23,12.5432,2.5291786860641037,0.03955816404988344
2007-01-24,12.6298,2.5360591009242723,0.00688041486016866
2007-01-25,12.3396,2.512813603041008,-0.023245497883264132
2007-01-26,12.4402,2.5209331643522153,0.008119561311207057
2007-01-29,12.1037,2.49351119098392,-0.027421973368295216
2007-01-30,12.3783,2.5159449395721847,0.022433748588264635
2007-01-31,12.5596,2.530485313399164,0.01454037382697937
2007-02-01,12.6857,2.540475374816051,0.009990061416886853
2007-02-02,12.7067,2.542129413409309,0.0016540385932581891
2007-02-05,12.6961,2.5412948596896228,-0.0008345537196863262
2007-02-06,12.5992,2.5336333198782337,-0.007661539811389062
2007-02-07,12.2925,2.5089893203039573,-0.02464399957427643
2007-02-08,12.3396,2.512813603041008,0.0038242827370509325
2007-02-09,12.1798,2.4997788417856874,-0.01303476125532077
2007-02-12,12.062,2.490060015028795,-0.009718826756892618
2007-02-13,12.2969,2.5093471980925135,0.019287183063718683
2007-02-14,12.0567,2.4896205220142202,-0.01972667607829326
2007-02-15,11.9507,2.480789854067788,-0.008830667946432058
2007-02-16,12.0172,2.4863389568796253,0.00554910281183707
2007-02-20,11.9247,2.478611879225252,-0.007727077654373193
2007-02-21,12.0172,2.4863389568796253,0.007727077654373193
2007-02-22,12.221,2.5031557834558633,0.016816826576238064
2007-02-23,12.2156,2.5027138234378663,-0.0004419600179970118
2007-02-26,12.3529,2.513890853322364,0.011177029884497536
2007-02-27,11.4591,2.4387841741712215,-0.07510667915114233
2007-02-28,11.5717,2.4485624621321427,0.009778287960921173
2007-03-01,11.392,2.4329113546696197,-0.015651107462522962
2007-03-02,11.0449,2.4019687829605645,-0.030942571709055233
2007-03-05,10.7995,2.379499836762171,-0.022468946198393347
2007-03-06,11.2188,2.4175909425031334,0.038091105740962306
2007-03-07,11.1928,2.415270714436939,-0.002320228066194474
2007-03-08,11.4069,2.4342184354604774,0.018947721023538477
2007-03-09,11.5307,2.445013043626323,0.010794608165845432
2007-03-12,11.4703,2.439761085986684,-0.005251957639639038
2007-03-13,11.142,2.410721751598624,-0.029039334388059945
2007-03-14,11.2658,2.4217715877852086,0.011049836186584727
2007-03-15,11.1882,2.4148596514759655,-0.0069119363092431385
2007-03-16,11.0099,2.3987948680412066,-0.016064783434758922
2007-03-19,11.2248,2.418125616097649,0.019330748056442637
2007-03-20,11.3814,2.431980443978595,0.01385482788094583
2007-03-21,11.9247,2.478611879225252,0.04663143524665703
2007-03-22,12.0829,2.4917912299205494,0.013179350695297298
2007-03-23,12.1448,2.4969010946363683,0.005109864715818979
2007-03-26,12.2359,2.5043742536498343,0.007473159013466013
2007-03-27,12.1351,2.4961020797708984,-0.008272173878935973
2007-03-28,12.062,2.490060015028795,-0.006042064742103559
2007-03-29,12.9476,2.560910442784828,0.07085042775603334
2007-03-30,12.7119,2.5425385626207166,-0.01837188016411151
2007-04-02,12.8849,2.556056083111853,0.013517520491136192
2007-04-03,12.7574,2.546111495398911,-0.009944587712941821
2007-04-04,12.9424,2.560508743281551,0.014397247882639963
2007-04-05,13.0483,2.5686578570838297,0.008149113802278674
2007-04-09,13.1102,2.5733905531893737,0.004732696105544054
2007-04-10,13.2648,2.585113910205026,0.01172335701565208
2007-04-11,13.0551,2.5691788620221767,-0.015935048182849076
2007-04-12,13.3453,2.5911642629335203,0.0219854009113436
2007-04-13,13.5289,2.6048281380645983,0.01366387513107803
2007-04-16,13.7445,2.6206387440912406,0.015810606026642304
2007-04-17,13.4371,2.598019538002962,-0.02261920608827861
2007-04-18,13.3819,2.593903047608149,-0.004116490394812988
2007-04-19,13.1551,2.5768095161357314,-0.017093531472417656
2007-04-20,13.2998,2.587748997520657,0.010939481384925731
2007-04-23,13.1513,2.576520613053103,-0.011228384467554253
2007-04-24,13.1102,2.5733905531893737,-0.003130059863729162
2007-04-25,13.4938,2.602230320693291,0.02883976750391737
2007-04-26,13.2386,2.5831368047367063,-0.019093515956584817
2007-04-27,13.0841,2.571397752569584,-0.011739052167122122
2007-04-30,12.932,2.559704859863187,-0.011692892706397284
2007-05-01,12.973,2.5628702745888754,0.0031654147256885423
2007-05-02,13.0387,2.5679218582772707,0.005051583688395311
2007-05-03,13.1155,2.5737947368772947,0.005872878600023945
2007-05-04,13.0387,2.5679218582772707,-0.005872878600023945
2007-05-07,12.8178,2.5508348299021066,-0.01708702837516407
2007-05-08,12.8797,2.5556524284794806,0.0048175985773739605
2007-05-09,12.9879,2.5640181547961145,0.008365726316633904
2007-05-10,12.6857,2.540475374816051,-0.0235427799800636
2007-05-11,13.0596,2.5695234955078794,0.029048120691828494
2007-05-14,13.008,2.565564552805455,-0.003958942702424473
2007-05-15,13.1707,2.577994665443707,0.012430112638252222
2007-05-16,13.6057,2.610488822583797,0.032494157140090074
2007-05-17,13.6267,2.6120311034083006,0.0015422808245033615
2007-05-18,13.7191,2.6187890224784796,0.006757919070178975
2007-05-21,13.9079,2.6324570240133522,0.013668001534872687
2007-05-22,13.8818,2.6305786296676636,-0.0018783943456885943
2007-05-23,13.9526,2.635665870829109,0.005087241161445544
2007-05-24,13.5445,2.605980560865318,-0.029685309963791262
2007-05-25,13.7684,2.6223761113634465,0.016395550498128575
2007-05-29,13.6512,2.61382742985484,-0.00854868150860666
2007-05-30,13.8206,2.6261602327371922,0.01233280288235239
2007-05-31,13.8206,2.6261602327371922,0.0
2007-06-01,14.2085,2.6538403770720516,0.027680144334859325
2007-06-04,14.3011,2.6603364573843566,0.006496080312305086
2007-06-05,14.2713,2.6582505275496042,-0.0020859298347524202
2007-06-06,13.9877,2.6381783720166077,-0.020072155532996572
2007-06-07,13.6221,2.6116934738581037,-0.026484898158503967
2007-06-08,13.9937,2.6386072283348736,0.026913754476769913
2007-06-11,14.2959,2.659972782869036,0.021365554534162445
2007-06-12,14.26,2.65745841498615,-0.0025143678828860594
2007-06-13,14.7151,2.688874177448957,0.031415762462807084
2007-06-14,15.1189,2.71594561678213,0.027071439333172798
2007-06-15,15.5188,2.7420521921781305,0.026106575396000586
2007-06-18,15.63,2.749192144433385,0.007139952255254656
2007-06-19,15.768,2.757982569850419,0.008790425417033898
2007-06-20,15.4352,2.736650615434152,-0.021331954416266896
2007-06-21,15.7366,2.755989209490517,0.019338594056364844
2007-06-22,15.5233,2.742342121018739,-0.01364708847177809
2007-06-25,15.3285,2.729713840738236,-0.012628280280502668
2007-06-26,15.2218,2.722728610880944,-0.006985229857292108
2007-06-27,15.3995,2.7343350413600342,0.011606430479090157
2007-06-28,15.483,2.7397426478347,0.005407606474665538
2007-06-29,15.492,2.740323761652506,0.0005811138178062336
2007-07-02,16.0755,2.7772963738390244,0.03697261218651837
2007-07-03,16.4477,2.8001856498068056,0.02288927596778123
2007-07-05,16.6209,2.8106609395857047,0.01047528977889911
2007-07-06,16.8059,2.821730015232463,0.011069075646758186
2007-07-09,17.1021,2.8392012629859935,0.017471247753530594
2007-07-10,16.5761,2.807961898877408,-0.0312393641085853
2007-07-11,16.8103,2.821991793781206,0.01402989490379758
2007-07-12,17.4655,2.8602275065349456,0.038235712753739826
2007-07-13,17.6595,2.8712738822042243,0.011046375669278685
2007-07-16,17.52,2.8633430855082453,-0.007930796695978959
2007-07-17,17.6945,2.87325385682855,0.009910771320304601
2007-07-18,17.7624,2.8770838635692293,0.003830006740679348
2007-07-19,17.9505,2.887617969699544,0.01053410613031458
2007-07-20,17.8527,2.8821547572911332,-0.005463212408410634
2007-07-23,18.2884,2.906266979079227,0.0241122217880938
2007-07-24,17.2147,2.845763669975847,-0.060503309103379976
2007-07-25,17.6124,2.8686031994230166,0.022839529447169493
2007-07-26,16.4791,2.8020929113395696,-0.06651028808344694
2007-07-27,16.2381,2.7873603328151826,-0.01473257852438703
2007-07-30,16.8312,2.8232343069086734,0.0358739740934908
2007-07-31,16.5857,2.8085408783217187,-0.01469342858695466
2007-08-01,16.3,2.791165107812717,-0.017375770509001853
2007-08-02,16.6634,2.813214697549526,0.02204958973680915
2007-08-03,15.7845,2.7590284458668393,-0.05418625168268676
2007-08-06,15.9717,2.770818406154552,0.01178996028771273
2007-08-07,15.9828,2.771513144012848,0.0006947378582959907
2007-08-08,16.4537,2.800550375931926,0.02903723191907792
2007-08-09,15.8195,2.7612433562774625,-0.03930701965446337
2007-08-10,15.4113,2.735101006578524,-0.02614234969893836
2007-08-13,15.3689,2.7323459869998037,-0.0027550195787204856
2007-08-14,14.9443,2.7043299562314544,-0.028016030768349243
2007-08-15,14.1586,2.65032221332111,-0.05400774291034427
2007-08-16,13.6878,2.616504925144747,-0.0338172881763632
2007-08-17,13.8206,2.6261602327371922,0.009655307592445261
2007-08-20,13.7296,2.6195540860707194,-0.006606146666472856
2007-08-21,13.7743,2.6228045370508513,0.0032504509801318804
2007-08-22,14.6077,2.6815487869495085,0.05874424989865723
2007-08-23,14.6592,2.685068124710286,0.003519337760777397
2007-08-24,15.1502,2.7180137331883736,0.032945608478087696
2007-08-27,15.2457,2.724297496080077,0.006283762891703404
2007-08-28,14.5116,2.674948329597093,-0.04934916648298415
2007-08-29,15.0465,2.7111454060095124,0.03619707641241954
2007-08-30,15.1502,2.7180137331883736,0.006868327178861211
2007-08-31,15.8038,2.7602504174450244,0.042236684256650836
2007-09-04,16.4903,2.8027723292501676,0.0425219118051432
2007-09-05,16.2746,2.7896056102196347,-0.013166719030532903
2007-09-06,16.6924,2.8149535260175496,0.025347915797914844
2007-09-07,16.3918,2.7967812097884703,-0.01817231622907922
2007-09-10,16.3,2.791165107812717,-0.0056161019757534625
2007-09-11,16.9491,2.8302147350716127,0.039049627258895825
2007-09-12,17.082,2.8380252775239554,0.007810542452342695
2007-09-13,17.455,2.8596261405569994,0.021600863033043982
2007-09-14,17.1491,2.8419456941008128,-0.017680446456186605
2007-09-17,16.97,2.831447079246135,-0.010498614854677957
2007-09-18,18.0437,2.892796593382664,0.061349514136529226
2007-09-19,18.1705,2.899799399916096,0.007002806533431993
2007-09-20,18.0489,2.8930847410936065,-0.006714658822489561
2007-09-21,18.6809,2.9275016115116044,0.0344168704179979
2007-09-24,19.0943,2.9493898611943217,0.021888249682717298
2007-09-25,18.9973,2.944296863805373,-0.005092997388948639
2007-09-26,19.2793,2.9590319814693404,0.0147351176639674
2007-09-27,19.6524,2.978199468261685,0.01916748679234459
2007-09-28,19.289,2.959534985242103,-0.0186644830195819
2007-10-01,19.9643,2.9939456785431457,0.03441069330104263
2007-10-02,19.8315,2.987271582636124,-0.0066740959070217265
2007-10-03,19.0995,2.9496621566994627,-0.03760942593666128
2007-10-04,19.4576,2.968237739244598,0.01857558254513547
2007-10-05,20.1389,3.0026532681225504,0.034415528877952184
2007-10-08,20.1582,3.0036111535026757,0.0009578853801253118
2007-10-09,20.7306,3.0316108695888895,0.027999716086213766
2007-10-10,21.3044,3.0589136241521158,0.027302754563226284
2007-10-11,21.0626,3.0474989558757906,-0.011414668276325202
2007-10-12,21.4819,3.06721072010497,0.01971176422917953
2007-10-15,21.7378,3.079052680620246,0.011841960515275751
2007-10-16,21.4714,3.0667218170307406,-0.012330863589505192
2007-10-17,21.7631,3.0802158750761133,0.013494058045372626
2007-10-18,22.0907,3.0951567054768083,0.014940830400695049
2007-10-19,20.6224,3.026377863668378,-0.06877884180843052
2007-10-22,20.3821,3.0146570646843296,-0.011720798984048209
2007-10-23,21.2006,3.0540294831642685,0.03937241847993889
2007-10-24,21.9124,3.0870526866316914,0.033023203467422935
2007-10-25,22.4168,3.10981067775154,0.022757991119848775
2007-10-26,23.3986,3.152676191513997,0.04286551376245695
2007-10-29,24.1396,3.1838536455238162,0.031177454009819083
2007-10-30,23.3688,3.151401799350519,-0.032451846173297216
2007-10-31,24.4365,3.1960779161921966,0.044676116841677604
2007-11-01,23.9419,3.175630062059951,-0.020447854132245702
2007-11-02,23.8382,3.1712893359909224,-0.004340726069028467
2007-11-05,23.0621,3.1381905774768923,-0.0330987585140301
2007-11-06,24.282,3.1897353351217834,0.05154475764489108
2007-11-07,23.6949,3.165259835111005,-0.02447550001077836
2007-11-08,29.8393,3.3958263166153664,0.23056648150436132
2007-11-09,27.5338,3.3154143408677297,-0.0804119757476367
2007-11-12,24.2463,3.188264028422801,-0.12715031244492847
2007-11-13,26.9615,3.2944099224785672,0.10614589405576602
2007-11-14,26.3736,3.2723635098186867,-0.0220464126598805
2007-11-15,25.4945,3.238462742626241,-0.03390076719244561
2007-11-16,27.0271,3.296840066334268,0.05837732370802673
2007-11-19,25.796,3.250219441148131,-0.046620625186136966
2007-11-20,26.8279,3.28944239078161,0.039222949633479054
2007-11-21,25.3042,3.2309703898608255,-0.05847200092078442
2007-11-23,25.7513,3.2484851112722914,0.017514721411465928
2007-11-26,24.1447,3.184064894315617,-0.06442021695667455
2007-11-27,24.197,3.1862286585359554,0.002163764220338482
2007-11-28,25.2283,3.2279663802797733,0.04173772174381796
2007-11-29,24.6716,3.2056527845387266,-0.022313595741046743
2007-11-30,24.6044,3.202925288733072,-0.0027274958056544563
2007-12-03,24.7843,3.2102103881848554,0.007285099451783239
2007-12-04,24.594,3.2025025107502554,-0.007707877434599997
2007-12-05,26.225,3.266713154282361,0.06421064353210548
2007-12-06,27.2562,3.305281018165615,0.03856786388325428
2007-12-07,27.2673,3.3056881820547033,0.0004071638890881246
2007-12-10,26.8429,3.2900013539567645,-0.015686828097938754
2007-12-11,26.3885,3.2729283091877828,-0.01707304476898175
2007-12-12,28.6112,3.353798249558862,0.08086994037107909
2007-12-13,28.2582,3.3413836809602993,-0.012414568598562603
2007-12-14,27.427,3.3115279296645714,-0.029855751295727817
2007-12-17,25.5043,3.23884706539935,-0.07268086426522125
2007-12-18,26.6593,3.283138057841712,0.04429099244236179
2007-12-19,26.8838,3.2915238747109057,0.008385816869193707
2007-12-20,27.5949,3.317630973039999,0.026107098329093414
2007-12-21,28.9231,3.36464058380038,0.047009610760381015
2007-12-24,29.7423,3.3925702749616367,0.027929691161256542
2007-12-26,29.8744,3.3970019263679867,0.004431651406350046
2007-12-27,29.6333,3.388898728991724,-0.008103197376262639
2007-12-28,30.0527,3.4029525071945086,0.014053778202784528
2007-12-31,29.4461,3.3825614734844516,-0.020391033710057016
2008-01-02,30.3593,3.413102895608129,0.030541422123677275
2008-01-03,29.8333,3.39562521929364,-0.01747767631448882
2008-01-04,28.0807,3.3350825076218222,-0.060542711671817795
2008-01-07,27.4987,3.3141387308278625,-0.020943776793959756
2008-01-08,28.1971,3.3392191357765606,0.02508040494869812
2008-01-09,29.185,3.3736548786557545,0.03443574287919393
2008-01-10,29.1499,3.3724514822588847,-0.001203396396869838
2008-01-11,28.4179,3.347019228313218,-0.025432253945666616
2008-01-14,28.4283,3.347385127884906,0.00036589957168775555
2008-01-15,26.957,3.294243003888085,-0.05314212399682061
2008-01-16,25.0647,3.2214604817629295,-0.07278252212515568
2008-01-17,23.6501,3.163367343258812,-0.05809313850411746
2008-01-18,24.115,3.182834053520935,0.019466710262122877
2008-01-22,24.6754,3.2058067959277676,0.02297274240683267
2008-01-23,25.126,3.223903166582226,0.01809637065445857
2008-01-24,26.1736,3.264751269175258,0.04084810259303184
2008-01-25,26.7323,3.2858725720907147,0.021121302915456663
2008-01-28,28.112,3.3361965314447413,0.05032395935402656
2008-01-29,27.7337,3.3226482802255006,-0.013548251219240637
2008-01-30,27.9173,3.329246568346894,0.006598288121393292
2008-01-31,28.3522,3.344704628573862,0.015458060226968051
2008-02-01,28.8887,3.3634505151963943,0.018745886622532293
2008-02-04,29.1029,3.3708378255694704,0.007387310373076161
2008-02-05,27.2069,3.3034706176021045,-0.06736720796736595
2008-02-06,27.0898,3.2991572732716703,-0.004313344330434177
2008-02-07,28.5149,3.350426757676174,0.05126948440450363
2008-02-08,28.5097,3.3502443802455764,-0.00018237743059756895
2008-02-11,29.4088,3.3812939492853142,0.03104956903973788
2008-02-12,29.0663,3.3695794274883593,-0.01171452179695498
2008-02-13,29.9378,3.399121895997752,0.029542468509392794
2008-02-14,29.4461,3.3825614734844516,-0.016560422513300477
2008-02-15,29.2461,3.375746231454853,-0.0068152420295986005
2008-02-19,30.0631,3.4032985060867715,0.02755227463191856
2008-02-20,30.8003,3.427524430191833,0.024225924105061303
2008-02-21,30.2019,3.407904836309112,-0.01961959388272083
2008-02-22,30.2945,3.4109661778870946,0.003061341577982546
2008-02-25,30.6369,3.4222051648191356,0.011238986932041062
2008-02-26,31.1122,3.4376000252205445,0.015394860401408916
2008-02-27,31.9464,3.464059498418782,0.026459473198237493
2008-02-28,31.9038,3.4627251249533595,-0.0013343734654225337
2008-02-29,29.9818,3.400590530898806,-0.06213459405455346
2008-03-03,30.0333,3.402306766067653,0.0017162351688471134
2008-03-04,28.7611,3.35902377968749,-0.043282986380162924
2008-03-05,29.8333,3.39562521929364,0.03660143960614981
2008-03-06,29.0104,3.3676543863870996,-0.027970832906540455
2008-03-07,28.5365,3.351183969630028,-0.016470416757071504
2008-03-10,27.7479,3.3231601616532194,-0.0280238079768087
2008-03-11,29.276,3.376768067738981,0.05360790608576149
2008-03-12,29.2252,3.375031350790661,-0.0017367169483200051
2008-03-13,28.5858,3.3529100910306284,-0.02212125976003243
2008-03-14,27.6523,3.3197089071490047,-0.03320118388162374
2008-03-17,26.4653,3.275834440972133,-0.04387446617687152
2008-03-18,27.2517,3.3051159044844707,0.029281463512337513
2008-03-19,24.9021,3.2149521372638654,-0.09016376722060526
2008-03-20,24.4887,3.198211786664154,-0.016740350599711462
2008-03-24,24.938,3.2163927445743945,0.018180957910240547
2008-03-25,26.1736,3.264751269175258,0.04835852460086354
2008-03-26,26.7771,3.287547044630782,0.022795775455524137
2008-03-27,26.0266,3.259119091958037,-0.028427952672745338
2008-03-28,25.7803,3.2496106343711837,-0.009508457586853147
2008-03-31,26.0923,3.261640251644847,0.012029617273663362
2008-04-01,26.7152,3.2852326918125554,0.02359244016770834
2008-04-02,27.7188,3.3221108833413715,0.03687819152881611
2008-04-03,28.0963,3.335637895072238,0.013527011730866345
2008-04-04,28.3119,3.343282210965718,0.007644315893480247
2008-04-07,28.3866,3.345917202833979,0.002634991868260883
2008-04-08,29.1029,3.3708378255694704,0.02492062273549145
2008-04-09,29.2924,3.3773280967112127,0.0064902711417422765
2008-04-10,29.4297,3.382004368513507,0.004676271802294352
2008-04-11,28.8381,3.361697429525298,-0.020306938988209122
2008-04-14,31.2189,3.441023680642089,0.07932625111679092
2008-04-15,31.4554,3.4485706695203784,0.007546988878289529
2008-04-16,31.3875,3.4464097244837033,-0.002160945036675077
2008-04-17,32.0673,3.4678368193282627,0.021427094844559402
2008-04-18,32.0673,3.4678368193282627,0.0
2008-04-21,32.9164,3.4939710138144835,0.026134194486220785
2008-04-22,32.6141,3.484744710202288,-0.009226303612195341
2008-04-23,32.2404,3.4732203245093527,-0.011524385692935457
2008-04-24,31.1891,3.4400686748010143,-0.03315164970833839
2008-04-25,31.5167,3.450517564077257,0.010448889276242657
2008-04-28,31.3673,3.4457659490052492,-0.00475161507200772
2008-04-29,29.8438,3.3959771130722705,-0.04978883593297878
2008-04-30,31.0242,3.4347675451014865,0.03879043202921606
2008-05-01,31.1637,3.4392539559301705,0.004486410828683951
2008-05-02,31.7919,3.459211540359119,0.01995758442894857
2008-05-05,32.3336,3.4761069372239435,0.01689539686482444
2008-05-06,33.2939,3.5053741970231265,0.029267259799182987
2008-05-07,32.3903,3.4778589952582823,-0.02751520176484412
2008-05-08,32.5933,3.4841067457778374,0.006247750519555062
2008-05-09,33.0133,3.4969105105746134,0.01280376479677603
2008-05-12,33.5744,3.513763871810308,0.016853361235694475
2008-05-13,34.4183,3.5385883996740737,0.024824527863765766
2008-05-14,33.8661,3.522414514052821,-0.01617388562125255
2008-05-15,34.8891,3.552174459509141,0.02975994545631977
2008-05-16,36.1046,3.586420281043824,0.03424582153468325
2008-05-19,36.8917,3.6079865934961064,0.021566312452282244
2008-05-20,37.8721,3.634214693241315,0.026228099745208677
2008-05-21,38.4272,3.6487655421773617,0.014550848936046634
2008-05-22,36.8051,3.605636422529122,-0.04312911964823973
2008-05-23,36.9902,3.610653012696466,0.005016590167344237
2008-05-27,35.9366,3.581756274765715,-0.028896737930751204
2008-05-28,37.4953,3.624215591788153,0.0424593170224381
2008-05-29,36.171,3.588257692803283,-0.035957898984869896
2008-05-30,36.0292,3.584329720794373,-0.003927972008910263
2008-06-02,36.4635,3.596311760254862,0.011982039460489258
2008-06-03,34.7868,3.549238004479236,-0.047073755775626225
2008-06-04,33.4223,3.509223341864417,-0.040014662614818786
2008-06-05,35.0212,3.5559535924042733,0.04673025053985613
2008-06-06,34.7868,3.549238004479236,-0.006715587925037347
2008-06-09,35.2615,3.5627917171879617,0.01355371270872574
2008-06-10,33.8774,3.5227481253987007,-0.04004359178926098
2008-06-11,33.8215,3.5210966949410625,-0.00165143045763827
2008-06-12,33.9885,3.526022232107585,0.004925537166522442
2008-06-13,34.719,3.5472870875340505,0.021264855426465612
2008-06-16,35.0175,3.5558479365310647,0.008560848997014148
2008-06-17,35.5801,3.571786492801474,0.01593855627040952
2008-06-18,35.0838,3.5577394854686224,-0.014047007332851802
2008-06-19,34.0609,3.5281500988431573,-0.029589386625465064
2008-06-20,33.3544,3.507189697692087,-0.02096040115107023
2008-06-23,33.8923,3.523187849943448,0.01599815225136103
2008-06-24,33.8005,3.5204755952789677,-0.00271225466448044
2008-06-25,35.1749,3.5603327600681958,0.03985716478922807
2008-06-26,34.9145,3.5529022157028343,-0.007430544365361502
2008-06-27,35.3793,3.5661269033465373,0.013224687643702993
2008-06-30,36.1956,3.588937564482969,0.022810661136431598
2008-07-01,35.8964,3.580637011914471,-0.008300552568497821
2008-07-02,34.2908,3.5348770966197103,-0.045759915294760756
2008-07-03,33.5834,3.514031897268375,-0.02084519935133544
2008-07-07,32.9566,3.495191544380587,-0.018840352887787848
2008-07-08,31.8427,3.4608081563759256,-0.03438338800466134
2008-07-09,31.0182,3.434574128985453,-0.026234027390472647
2008-07-10,31.5509,3.451602114729329,0.017027985743875984
2008-07-11,31.536,3.4511297504103644,-0.00047236431896457987
2008-07-14,31.8687,3.461624336885013,0.010494586474648404
2008-07-15,31.2913,3.4433401036378157,-0.01828423324719708
2008-07-16,30.7548,3.4260460796315457,-0.017294024006270003
2008-07-17,29.6505,3.389478988707957,-0.036567090923588896
2008-07-18,29.6707,3.3901600268791587,0.0006810381712019087
2008-07-21,30.4878,3.4173266035920262,0.027166576712867485
2008-07-22,29.502,3.384458057657857,-0.0328685459341691
2008-07-23,28.5208,3.3506336456435712,-0.033824412014285876
2008-07-24,27.2562,3.305281018165615,-0.0453526274779561
2008-07-25,27.1338,3.3007801832096826,-0.0045008349559325644
2008-07-28,27.3965,3.310415268008653,0.00963508479897035
2008-07-29,27.5949,3.317630973039999,0.007215705031346165
2008-07-30,29.1185,3.3713737110127378,0.05374273797273865
2008-07-31,28.5723,3.3524377170276076,-0.01893599398513013
2008-08-01,27.8292,3.3260858291670266,-0.02635188786058107
2008-08-04,26.4138,3.273886600850689,-0.05219922831633772
2008-08-05,25.6677,3.2452333921154324,-0.028653208735256452
2008-08-06,26.4653,3.275834440972133,0.030601048856700785
2008-08-07,26.6302,3.2820459101243378,0.006211469152204607
2008-08-08,26.0923,3.261640251644847,-0.020405658479490718
2008-08-11,25.264,3.2293804575132863,-0.03225979413156077
2008-08-12,25.2596,3.2292062814842177,-0.00017417602906855123
2008-08-13,26.3623,3.2719349592422127,0.04272867775799494
2008-08-14,25.8989,3.2542004967611007,-0.01773446248111199
2008-08-15,24.8969,3.214743297728176,-0.03945719903292488
2008-08-18,24.4097,3.194980594284282,-0.01976270344389386
2008-08-19,25.3976,3.2346546813712242,0.03967408708694231
2008-08-20,26.3996,3.2733488585223336,0.038694177151109344
2008-08-21,27.6263,3.3187682175542146,0.04541935903188099
2008-08-22,26.9981,3.295766493157848,-0.02300172439636672
2008-08-25,26.3071,3.2698388647277277,-0.025927628430120198
2008-08-26,26.3385,3.271031747085358,0.001192882357630154
2008-08-27,27.1869,3.3027352396398624,0.03170349255450455
2008-08-28,27.1136,3.300035447022008,-0.0026997926178542464
2008-08-29,26.951,3.2940204024179964,-0.006015044604011699
2008-09-02,25.1155,3.2234851854251003,-0.07053521699289611
2008-09-03,24.55,3.2007118542405295,-0.02277333118457081
2008-09-04,23.21,3.1445832202863455,-0.05612863395418399
2008-09-05,22.8981,3.1310539376857256,-0.013529282600619918
2008-09-08,22.0691,3.0941784400986765,-0.03687549758704911
2008-09-09,19.6419,2.9776650395913733,-0.11651340050730319
2008-09-10,20.2404,3.0076806070698323,0.030015567478459015
2008-09-11,21.5542,3.070570693151726,0.0628900860818935
2008-09-12,23.3532,3.1507340196929827,0.08016332654125691
2008-09-15,20.6185,3.0261887310349183,-0.12454528865806447
2008-09-16,21.5699,3.0712988243217048,0.0451100932867865
2008-09-17,20.0777,2.9996097464304423,-0.07168907789126244
2008-09-18,20.1843,3.0049050744863255,0.005295328055883175
2008-09-19,24.1806,3.1855506587745688,0.1806455842882433
2008-09-22,24.55,3.2007118542405295,0.01516119546596073
2008-09-23,22.7085,3.122739303737906,-0.07797255050262342
2008-09-24,23.1495,3.1419731820268586,0.01923387828895251
2008-09-25,24.6918,3.2064712047094406,0.06449802268258198
2008-09-26,23.7927,3.1693788109393286,-0.037092393770111975
2008-09-29,20.0866,3.0000529260773265,-0.16932588486200206
2008-09-30,22.4578,3.1116379925981805,0.11158506652085398
2008-10-01,22.2183,3.1009162736338594,-0.01072171896432117
2008-10-02,19.4576,2.968237739244598,-0.13267853438926114
2008-10-03,18.7675,2.9321266504650203,-0.036111088779577916
2008-10-06,17.4805,2.8610859739372927,-0.07104067652772761
2008-10-07,15.2778,2.726400794314803,-0.1346851796224895
2008-10-08,15.2218,2.722728610880944,-0.003672183433859111
2008-10-09,14.1019,2.646309540078968,-0.0764190708019763
2008-10-10,13.3408,2.590827008704341,-0.055482531374627
2008-10-13,17.3782,2.8552165471550235,0.2643895384506827
2008-10-14,16.6573,2.8128485587788434,-0.042367988376180055
2008-10-15,12.8134,2.5504914983340785,-0.2623570604447649
2008-10-16,13.0596,2.5695234955078794,0.019031997173800885
2008-10-17,13.3968,2.5950158724680303,0.025492376960150942
2008-10-20,14.8742,2.699628168472811,0.10461229600478061
2008-10-21,13.7191,2.6187890224784796,-0.0808391459943314
2008-10-22,11.8329,2.4708837874244325,-0.14790523505404707
2008-10-23,12.3134,2.5106881002734927,0.039804312849060164
2008-10-24,10.7592,2.3757612025272024,-0.1349268977462903
2008-10-27,10.0377,2.3063480043545734,-0.06941319817262892
2008-10-28,11.5001,2.4423557309835715,0.13600772662899807
2008-10-29,12.3731,2.51552476131346,0.07316903032988842
2008-10-30,13.8102,2.625407449575566,0.10988268826210623
2008-10-31,13.7445,2.6206387440912406,-0.004768705484325508
2008-11-03,13.4781,2.6010661459949427,-0.019572598096297966
2008-11-04,15.63,2.749192144433385,0.14812599843844243
2008-11-05,13.8318,2.626970289051468,-0.12222185538191699
2008-11-06,12.6961,2.5412948596896228,-0.08567542936184536
2008-11-07,13.6826,2.616124952615112,0.07483009292548903
2008-11-10,13.9079,2.6324570240133522,0.016332071398240444
2008-11-11,13.1036,2.57288700161429,-0.05957002239906206
2008-11-12,11.1987,2.415797700135668,-0.1570893014786221
2008-11-13,12.247,2.5052810090391504,0.08948330890348233
2008-11-14,10.9622,2.3944529913033206,-0.11082801773582984
2008-11-17,10.8965,2.3884416367537287,-0.006011354549591896
2008-11-18,10.4518,2.346774212381526,-0.04166742437220261
2008-11-19,9.12817,2.2113652364003724,-0.13540897598115365
2008-11-20,7.6359,2.032860809916042,-0.1785044264843303
2008-11-21,8.89382,2.185356653520765,0.152495843604723
2008-11-24,9.87054,2.289554563194985,0.10419790967422005
2008-11-25,9.96609,2.2991883305228313,0.009633767327846154
2008-11-26,11.3061,2.425342403075119,0.12615407255228783
2008-11-28,10.7032,2.3705427621772728,-0.05479964089784639
2008-12-01,9.13933,2.2125870786216284,-0.15795568355564438
2008-12-02,9.41994,2.2428287191412353,0.03024164051960687
2008-12-03,9.53702,2.255181067690099,0.012352348548863912
2008-12-04,8.77223,2.1715910500021507,-0.08359001768794849
2008-12-05,9.1692,2.2158500414593845,0.044258991457233776
2008-12-08,9.88402,2.290919311596595,0.07506927013721043
2008-12-09,9.94074,2.2966414645775464,0.005722152980951467
2008-12-10,11.286,2.423563019546948,0.12692155496940183
2008-12-11,11.7001,2.459597388775732,0.03603436922878389
2008-12-12,11.7852,2.4668445069695917,0.007247118193859592
2008-12-15,11.9404,2.4799276082408364,0.01308310127124468
2008-12-16,13.2177,2.5815568404675,0.10162923222666365
2008-12-17,12.6298,2.5360591009242723,-0.04549773954322767
2008-12-18,11.7912,2.467353490540411,-0.06870561038386125
2008-12-19,11.9613,2.4816764382677152,0.014322947727304136
2008-12-22,11.1771,2.4138670423080693,-0.06780939595964597
2008-12-23,11.0957,2.4065576458770233,-0.007309396431046
2008-12-24,11.392,2.4329113546696197,0.026353708792596464
2008-12-26,11.527,2.4446921096188756,0.0117807549492559
2008-12-29,11.4486,2.437867451782214,-0.00682465783666153
2008-12-30,12.1291,2.4956075239955346,0.05774007221332056
2008-12-31,12.5171,2.52709570944875,0.03148818545321541
2009-01-02,13.2692,2.5854455601666095,0.058349850717859475
2009-01-05,13.7684,2.6223761113634465,0.03693055119683697
2009-01-06,14.4094,2.667880771392994,0.04550466002954767
2009-01-07,13.2535,2.5842616684939097,-0.08361910289908447
2009-01-08,13.8415,2.6276713258195628,0.04340965732565305
2009-01-09,13.7743,2.6228045370508513,-0.004866788768711494
2009-01-12,12.6499,2.5376493100039434,-0.08515522704690781
2009-01-13,12.8536,2.553623927746988,0.01597461774304465
2009-01-14,11.8941,2.476042478849529,-0.0775814488974591
2009-01-15,12.4821,2.524295618016372,0.04825313916684282
2009-01-16,12.7723,2.547278763458605,0.022983145442233344
2009-01-20,11.7605,2.4647464585734613,-0.08253230488514385
2009-01-21,12.8536,2.553623927746988,0.08887746917352679
2009-01-22,12.4149,2.5188973641552375,-0.03472656359175064
2009-01-23,12.5626,2.530724145986617,0.011826781831379751
2009-01-26,12.4978,2.525552628818438,-0.005171517168179207
2009-01-27,12.4821,2.524295618016372,-0.001257010802066194
2009-01-28,13.6356,2.612684019729827,0.08838840171345508
2009-01-29,13.4065,2.5957396639730663,-0.016944355756760565
2009-01-30,13.3916,2.594627644722789,-0.001112019250277374
2009-02-02,13.2476,2.583816403950364,-0.010811240772425013
2009-02-03,13.7392,2.6202530609360832,0.036436656985719296
2009-02-04,13.9295,2.6340088933930312,0.013755832456948003
2009-02-05,14.3564,2.664195835811658,0.03018694241862674
2009-02-06,15.2263,2.7230241958292836,0.05882836001762559
2009-02-09,15.4516,2.7377125578523516,0.014688362023068002
2009-02-10,14.663,2.685327313994942,-0.0523852438574095
2009-02-11,14.9338,2.703627100264559,0.018299786269616813
2009-02-12,15.0629,2.7122347669148668,0.008607666650307877
2009-02-13,15.3173,2.7289829085714374,0.01674814165657068
2009-02-17,14.184,2.6521145687719065,-0.0768683397995309
2009-02-18,13.7079,2.6179723089755407,-0.03414225979636587
2009-02-19,13.9526,2.635665870829109,0.017693561853568518
2009-02-20,13.5752,2.6082445986764795,-0.027421272152629683
2009-02-23,12.7611,2.5464014810975946,-0.06184311757888494
2009-02-24,13.7079,2.6179723089755407,0.07157082787794611
2009-02-25,13.9191,2.6332619976436242,0.015289688668083556
2009-02-26,14.2085,2.6538403770720516,0.02057837942842733
2009-02-27,14.172,2.6512681870032258,-0.002572190068825808
2009-03-02,12.9379,2.5601609884220364,-0.09110719858118932
2009-03-03,13.0133,2.5659719113980914,0.005810922976055011
2009-03-04,14.0818,2.6448831834680346,0.0789112720699432
2009-03-05,13.749,2.6209660941950967,-0.023917089272937897
2009-03-06,13.6564,2.6142082762172336,-0.006757817977863123
2009-03-09,13.5908,2.6093930932443032,-0.004815182972930376
2009-03-10,14.6846,2.68679932560068,0.07740623235637667
2009-03-11,14.6801,2.686492835152269,-0.0003064904484109121
2009-03-12,15.2673,2.7257132863077196,0.039220451155450586
2009-03-13,15.3636,2.7320010752579966,0.00628778895027704
2009-03-16,15.0204,2.7094092771398413,-0.02259179811815537
2009-03-17,15.5733,2.745557909438612,0.036148632298770966
2009-03-18,15.8501,2.763175809451652,0.017617900013039645
2009-03-19,16.5097,2.803948086961373,0.04077227750972101
2009-03-20,16.4947,2.8030391171856595,-0.0009089697757134196
2009-03-23,17.884,2.8839064583717344,0.08086734118607497
2009-03-24,17.3275,2.8522948348100026,-0.03161162356173186
2009-03-25,17.5818,2.8668642760941254,0.014569441284122853
2009-03-26,17.4805,2.8610859739372927,-0.005778302156832726
2009-03-27,16.5597,2.806972032850989,-0.05411394108630363
2009-03-30,15.7628,2.7576527336237997,-0.04931929922718936
2009-03-31,15.5733,2.745557909438612,-0.01209482418518748
2009-04-01,16.4537,2.800550375931926,0.054992466493313685
2009-04-02,17.6184,2.8689438104825444,0.06839343455061853
2009-04-03,17.9399,2.8870272824791057,0.01808347199656124
2009-04-06,17.5311,2.863976446536633,-0.02305083594247259
2009-04-07,17.44,2.8587664184808337,-0.005210028055799398
2009-04-08,17.5311,2.863976446536633,0.005210028055799398
2009-04-09,18.3944,2.9120462704656545,0.04806982392902137
2009-04-13,18.3497,2.9096132255930947,-0.0024330448725597975
2009-04-14,17.9303,2.8864920192115906,-0.023121206381504056
2009-04-15,17.5818,2.8668642760941254,-0.01962774311746518
2009-04-16,17.7154,2.874434317797205,0.007570041703079511
2009-04-17,17.44,2.8587664184808337,-0.015667899316371248
2009-04-20,16.4381,2.7996018111729457,-0.05916460730788797
2009-04-21,16.6679,2.8134847140221715,0.013882902849225776
2009-04-22,16.5,2.803360380906535,-0.010124333115636652
2009-04-23,16.8618,2.8250507084409353,0.021690327534400478
2009-04-24,17.1266,2.840632810440851,0.015582101999915832
2009-04-27,16.4835,2.8023598805729515,-0.03827292986789965
2009-04-28,16.5761,2.807961898877408,0.005602018304456724
2009-04-29,17.261,2.8484496214045523,0.040487722527144054
2009-04-30,17.1588,2.8425111615446648,-0.005938459859887502
2009-05-01,17.9004,2.884823058965748,0.04231189742108343
2009-05-04,19.2479,2.9574019638738562,0.07257890490810803
2009-05-05,19.3352,2.96192726894163,0.004525305067773822
2009-05-06,19.9501,2.9932341558546383,0.0313068869130082
2009-05-07,19.5815,2.9745852429525352,-0.01864891290210302
2009-05-08,20.4388,3.0174350551972244,0.0428498122446892
2009-05-11,20.4298,3.0169946192564048,-0.0004404359408196612
2009-05-12,20.0105,2.9962571357897065,-0.020737483466698237
2009-05-13,19.0845,2.948876487268728,-0.047380648520978674
2009-05-14,19.3755,2.964009381358043,0.015132894089314952
2009-05-15,18.9167,2.9400451298063874,-0.02396425155165538
2009-05-18,20.1336,3.0023900612180574,0.06234493141166997
2009-05-19,20.5366,3.0222086601268385,0.019818598908781127
2009-05-20,20.9252,3.040954174274904,0.018745514148065467
2009-05-21,20.3731,3.0142154032449895,-0.02673877102991451
2009-05-22,20.7357,3.031856852472615,0.01764144922762556
2009-05-26,21.4266,3.064633140808683,0.03277628833606805
2009-05-27,21.3998,3.063381576189741,-0.001251564618942158
2009-05-28,22.234,3.101622648811423,0.03824107262168219
2009-05-29,22.4996,3.1134975312745703,0.011874882463147163
2009-06-01,23.3218,3.149388545467511,0.035891014192940496
2009-06-02,22.9383,3.1328080025907834,-0.01658054287672739
2009-06-03,21.4475,3.0656080884649834,-0.06719991412579995
2009-06-04,22.3048,3.104801901940611,0.03919381347562734
2009-06-05,22.1057,3.0958354938204713,-0.00896640812013949
2009-06-08,22.0862,3.094952979094216,-0.0008825147262552235
2009-06-09,22.0743,3.0944140359079735,-0.0005389431862425909
2009-06-10,22.1929,3.0997724179051485,0.005358381997174977
2009-06-11,23.0719,3.1386154268351705,0.038843008930022016
2009-06-12,22.4578,3.1116379925981805,-0.02697743423698995
2009-06-15,21.5378,3.0698095309503053,-0.04182846164787524
2009-06-16,21.0013,3.044584340569307,-0.025225190380998352
2009-06-17,20.5828,3.024455775573109,-0.020128564996197973
2009-06-18,20.3321,3.012200917927863,-0.01225485764524592
2009-06-19,20.588,3.024708381790508,0.012507463862645007
2009-06-22,19.0845,2.948876487268728,-0.07583189452178019
2009-06-23,19.739,2.9825963741608503,0.033719886892122464
2009-06-24,19.8665,2.989034896106259,0.006438521945408837
2009-06-25,20.6224,3.026377863668378,0.037342967562118634
2009-06-26,20.8746,3.038533108876685,0.012155245208307353
2009-06-29,21.1394,3.051138597825496,0.012605488948810972
2009-06-30,20.9409,3.041704184461473,-0.009434413364023175
2009-07-01,20.6843,3.0293749583932104,-0.012329226068262589
2009-07-02,19.9284,2.9921458500185705,-0.037229108374639885
2009-07-06,19.1256,2.951027751769511,-0.04111809824905954
2009-07-07,18.4667,2.915969110137651,-0.0350586416318599
2009-07-08,18.1138,2.8966740787081875,-0.01929503142946354
2009-07-09,18.5324,2.919520551608104,0.02284647289991648
2009-07-10,18.528,2.919283101390585,-0.00023745021751908624
2009-07-13,18.9055,2.939452885022775,0.020169783632189908
2009-07-14,18.8592,2.937000858490168,-0.002452026532606677
2009-07-15,19.9083,2.9911367302016334,0.05413587171146528
2009-07-16,20.1389,3.0026532681225504,0.011516537920917003
2009-07-17,20.45,3.017982882488811,0.015329614366260458
2009-07-20,21.2073,3.0543454620293264,0.03636257954051558
2009-07-21,21.2476,3.05624394781562,0.001898485786293591
2009-07-22,21.0327,3.0460783694906906,-0.01016557832492948
2009-07-23,21.7528,3.0797424848811565,0.03366411539046599
2009-07-24,21.6975,3.077197046536263,-0.0025454383448937357
2009-07-27,21.8296,3.083266846985823,0.00606980044956007
2009-07-28,21.2729,3.0574339621844864,-0.025832884801336498
2009-07-29,20.368,3.0139650418150508,-0.043468920369435615
2009-07-30,20.8999,3.0397443742703234,0.02577933245527264
2009-07-31,21.073,3.0479926002150757,0.008248225944752274
2009-08-03,22.1012,3.095631905692123,0.04763930547704742
2009-08-04,21.9281,3.08776891936951,-0.007862986322613175
2009-08-05,22.0952,3.095360390363415,0.007591470993904892
2009-08-06,21.6557,3.075268699242275,-0.020091691121139732
2009-08-07,21.7378,3.079052680620246,0.0037839813779707576
2009-08-10,21.5587,3.0707794473768573,-0.008273233243388578
2009-08-11,21.1707,3.052618150259068,-0.018161297117789132
2009-08-12,21.4363,3.065085746683021,0.012467596423952898
2009-08-13,21.9019,3.086573391050066,0.02148764436704509
2009-08-14,21.5699,3.0712988243217048,-0.01527456672836136
2009-08-17,20.8843,3.0389976805092935,-0.032301143812411226
2009-08-18,21.4154,3.0641102893892747,0.025112608879981124
2009-08-19,21.7631,3.0802158750761133,0.01610558568683862
2009-08-20,21.9826,3.0902512313337995,0.010035356257686256
2009-08-21,22.6525,3.1202702211140787,0.03001898978027917
2009-08-24,22.4481,3.111205978090026,-0.009064243024052843
2009-08-25,22.1363,3.0972187949768153,-0.013987183113210566
2009-08-26,21.805,3.08213930129473,-0.015079493682085499
2009-08-27,21.5378,3.0698095309503053,-0.012329770344424507
2009-08-28,21.1909,3.05357184424282,-0.016237686707485377
2009-08-31,20.2567,3.0084856030265907,-0.04508624121622917
2009-09-01,19.9016,2.9908001305084286,-0.017685472518162104
2009-09-02,20.4754,3.019224165567844,0.028424035059415154
2009-09-03,20.5731,3.023984397220085,0.004760231652241043
2009-09-04,21.3902,3.06293287321423,0.03894847599414497
2009-09-08,21.937,3.0881747089435505,0.025241835729320705
2009-09-09,22.0907,3.0951567054768083,0.006981996533257817
2009-09-10,22.5728,3.1167456416195414,0.02158893614273305
2009-09-11,22.3466,3.1066741842077117,-0.010071457411829687
2009-09-14,22.5249,3.1146213639728932,0.007947179765181556
2009-09-15,22.7301,3.1236900373268375,0.009068673353944234
2009-09-16,23.21,3.1445832202863455,0.02089318295950804
2009-09-17,23.1025,3.1399408367800583,-0.0046423835062872065
2009-09-18,23.0621,3.1381905774768923,-0.0017502593031659686
2009-09-21,23.0928,3.139520880631162,0.0013303031542695187
2009-09-22,23.5867,3.1606829938502887,0.021162113219126866
2009-09-23,23.0315,3.136862844147522,-0.023820149702766802
2009-09-24,22.4526,3.1114064204000598,-0.025456423747462154
2009-09-25,22.6212,3.11888751967873,0.0074810992786700226
2009-09-28,23.189,3.1436780283022987,0.024790508623568908
2009-09-29,23.2457,3.146120168692142,0.0024421403898431393
2009-09-30,23.4547,3.155070901248825,0.008950732556683327
2009-10-01,22.7033,3.122510288370855,-0.032560612877970296
2009-10-02,22.8518,3.1290298888547246,0.006519600483869681
2009-10-05,23.1495,3.1419731820268586,0.012943293172134052
2009-10-06,23.4658,3.155544041995709,0.013570859968850435
2009-10-07,23.6031,3.161378059337333,0.0058340173416238095
2009-10-08,24.2418,3.18807841586991,0.026700356532577185
2009-10-09,24.5089,3.199036316891937,0.010957901022027094
2009-10-12,24.6716,3.2056527845387266,0.00661646764678947
2009-10-13,24.7745,3.2098148983776875,0.004162113838960924
2009-10-14,25.4781,3.2378192596347555,0.028004361257067956
2009-10-15,25.8207,3.2511764958178535,0.013357236183098031
2009-10-16,25.7407,3.2480733968253976,-0.003103098992455866
2009-10-19,26.2713,3.2684770885788756,0.020403691753478004
2009-10-20,25.367,3.233449116717661,-0.035027971861214535
2009-10-21,25.6564,3.2447930531642344,0.011343936446573277
2009-10-22,25.7258,3.247494379390123,0.0027013262258885895
2009-10-23,25.3416,3.2324473141782772,-0.015047065211845734
2009-10-26,25.0708,3.2217038223112473,-0.010743491867029942
2009-10-27,24.6567,3.2050486688301714,-0.016655153481075935
2009-10-28,23.2159,3.1448373887583307,-0.06021128007184062
2009-10-29,24.7536,3.208970932982667,0.06413354422433626
2009-10-30,23.6181,3.162013367228895,-0.04695756575377219
2009-11-02,23.8695,3.172601493336211,0.010588126107316409
2009-11-03,24.1724,3.185211486434544,0.012609993098332772
2009-11-04,24.3291,3.191673164742553,0.0064616783080091444
2009-11-05,25.173,3.225771991556042,0.03409882681348897
2009-11-06,25.0447,3.220662228299028,-0.005109763257014066
2009-11-09,26.0057,3.258315744763159,0.037653516464131176
2009-11-10,26.1228,3.2628084962127537,0.00449275144959449
2009-11-11,26.0146,3.258657918879296,-0.0041505773334575835
2009-11-12,25.1834,3.2261850473006093,-0.032472871578686835
2009-11-13,25.6416,3.2442160326016145,0.01803098530100522
2009-11-16,26.0363,3.2594917181510548,0.015275685549440254
2009-11-17,26.5324,3.2783666276841448,0.018874909533090012
2009-11-18,26.1341,3.2632409749926325,-0.015125652691512226
2009-11-19,26.0818,3.2612377530816996,-0.0020032219109329397
2009-11-20,25.5819,3.2418850701710467,-0.019352682910652952
2009-11-23,26.1296,3.263068771340342,0.021183701169295244
2009-11-24,26.2817,3.2688728794998796,0.005804108159537691
2009-11-25,27.0898,3.2991572732716703,0.030284393771790707
2009-11-27,26.2295,3.2668847315545126,-0.032272541717157655
2009-11-30,26.2056,3.2659731283858293,-0.0009116031686833281
2009-12-01,27.0122,3.296288615801874,0.03031548741604473
2009-12-02,26.9824,3.2951848016046874,-0.0011038141971866366
2009-12-03,26.634,3.2821885950799534,-0.012996206524733989
2009-12-04,25.9594,3.256533779088052,-0.025654815991901447
2009-12-07,25.6132,3.243107843596625,-0.013425935491426788
2009-12-08,24.7342,3.2081869013225903,-0.03492094227403486
2009-12-09,24.7745,3.2098148983776875,0.0016279970550971967
2009-12-10,24.8753,3.2138753432734393,0.004060444895751747
2009-12-11,24.6156,3.2033803882939544,-0.010494954979484827
2009-12-14,24.6805,3.2060134581512565,0.0026330698573020506
2009-12-15,24.7074,3.207102793905969,0.0010893357547123728
2009-12-16,24.7985,3.210783167470746,0.0036803735647770175
2009-12-17,24.1038,3.182369504415548,-0.02841366305519788
2009-12-18,23.7927,3.1693788109393286,-0.012990693476219395
2009-12-21,23.6546,3.1635575991959,-0.005821211743428645
2009-12-22,23.5577,3.159452730927959,-0.0041048682679409865
2009-12-23,24.0434,3.1798605306150125,0.02040779968705353
2009-12-24,24.1866,3.1857987607953917,0.0059382301803792
2009-12-28,24.5134,3.1992199068096947,0.013421146014302998
2009-12-29,24.3851,3.193972290035297,-0.005247616774397557
2009-12-30,24.3656,3.1931723014796467,-0.0007999885556504438
2009-12-31,24.3656,3.1931723014796467,0.0
2010-01-04,24.8865,3.2143254877693828,0.02115318628973606
2010-01-05,24.6298,3.2039570919208336,-0.010368395848549206
2010-01-06,24.9939,3.218631795095358,0.01467470317452424
2010-01-07,24.6298,3.2039570919208336,-0.01467470317452424
2010-01-08,24.7634,3.209366756644357,0.005409664723523555
2010-01-11,24.5798,3.2019249674082846,-0.007441789236072527
2010-01-12,24.0538,3.180292988228432,-0.02163197917985249
2010-01-13,23.712,3.1659812491136763,-0.014311739114755806
2010-01-14,23.0666,3.138385683777927,-0.02759556533574914
2010-01-15,23.1838,3.1434537589020555,0.005068075124128324
2010-01-19,23.5725,3.1600807783576954,0.016627019455639935
2010-01-20,22.8062,3.127032428818743,-0.033048349538952415
2010-01-21,21.7587,3.0800136775560203,-0.0470187512627227
2010-01-22,21.4819,3.06721072010497,-0.012802957451050201
2010-01-25,21.0626,3.0474989558757906,-0.01971176422917953
2010-01-26,20.8118,3.0355201335414055,-0.011978822334385075
2010-01-27,21.0886,3.048732610115644,0.013212476574238519
2010-01-28,21.1969,3.0538549445707477,0.005122334455103683
2010-01-29,20.7306,3.0316108695888895,-0.02224407498185821
2010-02-01,21.3282,3.060030140736722,0.028419271147832603
2010-02-02,21.4475,3.0656080884649834,0.005577947728261368
2010-02-03,21.155,3.051876284172031,-0.01373180429295262
2010-02-04,19.8426,2.987831141657734,-0.06404514251429694
2010-02-05,19.8158,2.986479599281866,-0.0013515423758678757
2010-02-08,19.5195,2.9714139659027845,-0.015065633379081511
2010-02-09,20.2045,3.0059053518743277,0.03449138597154322
2010-02-10,20.3172,3.0114678179400496,0.0055624660657218605
2010-02-11,20.7715,3.033581854827739,0.022114036887689537
2010-02-12,20.8894,3.0392418532794974,0.005659998451758241
2010-02-16,21.2678,3.0571941917987413,0.017952338519243938
2010-02-17,21.3147,3.05939697552277,0.002202783724028823
2010-02-18,21.7378,3.079052680620246,0.019655705097475717
2010-02-19,21.7684,3.0804593769093227,0.0014066962890768586
2010-02-22,21.7528,3.0797424848811565,-0.0007168920281661606
2010-02-23,21.3745,3.0621986227363656,-0.017543862144790978
2010-02-24,21.2476,3.05624394781562,-0.0059546749207455285
2010-02-25,21.3902,3.06293287321423,0.0066889253986097685
2010-02-26,21.7937,3.0816209372034598,0.018688063989229953
2010-03-01,22.1519,3.0979232715933938,0.016302334389934003
2010-03-02,22.5041,3.113697514832144,0.01577424323875043
2010-03-03,22.5041,3.113697514832144,0.0
2010-03-04,22.4116,3.1095786819621156,-0.004118832870028566
2010-03-05,22.9689,3.134141127004031,0.024562445041915293
2010-03-08,22.8727,3.1299440596583645,-0.004197067345666383
2010-03-09,23.3935,3.152458205998485,0.02251414634012061
2010-03-10,23.7927,3.1693788109393286,0.016920604940843464
2010-03-11,23.8941,3.1736315665373582,0.004252755598029623
2010-03-12,24.0679,3.180879002455008,0.00724743591764998
2010-03-15,23.8284,3.17087814659885,-0.010000855856158175
2010-03-16,24.0225,3.1789908911692857,0.008112744570435648
2010-03-17,23.9419,3.175630062059951,-0.003360829109334773
2010-03-18,23.6233,3.162233513118771,-0.013396548941179809
2010-03-19,23.2159,3.1448373887583307,-0.017396124360440357
2010-03-22,22.9808,3.134659084695421,-0.01017830406290976
2010-03-23,23.0353,3.1370278219627217,0.0023687372673006912
2010-03-24,22.9383,3.1328080025907834,-0.0042198193719382715
2010-03-25,22.2803,3.1037028799594544,-0.029105122631329028
2010-03-26,22.0288,3.092350688154974,-0.011352191804480327
2010-03-29,22.4779,3.1125326042918027,0.020181916136828626
2010-03-30,22.4735,3.1123368373072795,-0.00019576698452317132
2010-03-31,22.7398,3.124116693208955,0.011779855901675518
2010-04-01,23.189,3.1436780283022987,0.01956133509334368
2010-04-05,23.4606,3.1553224183458535,0.011644390043554775
2010-04-06,23.6852,3.1648503805030357,0.009527962157182213
2010-04-07,23.2755,3.1474013052095113,-0.017449075293524352
2010-04-08,23.2047,3.144354844361346,-0.003046460848165289
2010-04-09,23.1077,3.1401658953178684,-0.004188949043477663
2010-04-12,22.519,3.1143593973122026,-0.025806498005665812
2010-04-13,22.3563,3.1071081605337327,-0.007251236778469838
2010-04-14,22.5824,3.117170841824374,0.010062681290641251
2010-04-15,22.178,3.099100806531024,-0.01807003529334983
2010-04-16,21.605,3.0729247693838966,-0.026176037147127573
2010-04-19,21.9124,3.0870526866316914,0.01412791724779483
2010-04-20,22.4892,3.1130351939734973,0.02598250734180585
2010-04-21,22.2235,3.1011502875587555,-0.011884906414741714
2010-04-22,22.2035,3.100249934109229,-0.0009003534495266585
2010-04-23,22.2772,3.1035637339119875,0.003313799802758588
2010-04-26,22.0594,3.0937388149060583,-0.009824919005929189
2010-04-27,21.0775,3.0482061208146938,-0.04553269409136451
2010-04-28,21.32,3.0596455992976437,0.011439478482949905
2010-04-29,21.805,3.08213930129473,0.022493701997086113
2010-04-30,21.6721,3.0760257190209486,-0.006113582273781226
2010-05-03,20.9566,3.0424536325543117,-0.0335720864666369
2010-05-04,19.9337,2.9924117667681265,-0.05004186578618519
2010-05-05,19.633,2.977211823916612,-0.015199942851514603
2010-05-06,18.9421,2.9413869580635463,-0.035824865853065546
2010-05-07,18.6518,2.9259426561778845,-0.015444301885661815
2010-05-10,19.7635,2.9838368021409245,0.05789414596303999
2010-05-11,19.3569,2.9630489450602777,-0.020787857080646788
2010-05-12,19.5143,2.97114753014553,0.008098585085252186
2010-05-13,19.4217,2.9663909976518767,-0.004756532493653154
2010-05-14,19.2442,2.957209716632921,-0.009181281018955545
2010-05-17,18.9376,2.941149363783699,-0.016060352849222248
2010-05-18,18.5638,2.9212134477807092,-0.019935916002989718
2010-05-19,18.0221,2.891598782571172,-0.02961466520953726
2010-05-20,17.0715,2.8374104064079173,-0.05418837616325467
2010-05-21,17.5311,2.863976446536633,0.026566040128715773
2010-05-24,16.9386,2.829595041180554,-0.03438140535607914
2010-05-25,16.8059,2.821730015232463,-0.00786502594809102
2010-05-26,17.1536,2.842208064119838,0.020478048887375255
2010-05-27,18.1497,2.8986540316486358,0.0564459675287976
2010-05-28,18.2056,2.9017292390628717,0.0030752074142359476
2010-06-01,18.2102,2.901981876655591,0.00025263759271920705
2010-06-02,18.8093,2.934351428372731,0.032369551717140066
2010-06-03,18.8548,2.936767523388086,0.002416095015354891
2010-06-04,18.4309,2.914028603913185,-0.02273891947490103
2010-06-07,18.4519,2.9151673462141643,0.001138742300979434
2010-06-08,18.9622,2.9424475238507544,0.027280177636590075
2010-06-09,19.1972,2.954764435065688,0.012316911214933501
2010-06-10,19.7135,2.981303680235193,0.026539245169505232
2010-06-11,19.586,2.9748150252986028,-0.006488654936590343
2010-06-14,19.0182,2.945396415414885,-0.029418609883717917
2010-06-15,19.3822,2.964355119111663,0.018958703696778212
2010-06-16,19.6934,2.9802835542296915,0.01592843511802844
2010-06-17,19.5457,2.9727553133899742,-0.0075282408397172595
2010-06-18,19.5711,2.974053988310718,0.0012986749207439807
2010-06-21,19.759,2.98360908375168,0.009555095440962003
2010-06-22,19.0457,2.946841354308937,-0.03676772944274331
2010-06-23,18.6406,2.925341997580597,-0.02149935672833969
2010-06-24,18.0996,2.8958898385800698,-0.029452159000527445
2010-06-25,18.4571,2.915449120309068,0.019559281728998457
2010-06-28,18.0639,2.89391547151953,-0.02153364878953834
2010-06-29,17.4805,2.8610859739372927,-0.03282949758223719
2010-06-30,17.5431,2.864660710210115,0.003574736272822232
2010-07-01,17.1879,2.844205647883257,-0.02045506232685801
2010-07-02,17.44,2.8587664184808337,0.014560770597576767
2010-07-06,17.6124,2.8686031994230166,0.009836780942182877
2010-07-07,18.2825,2.905944318162969,0.037341118739952606
2010-07-08,18.4615,2.9156874825449512,0.009743164381982083
2010-07-09,18.5891,2.9225753874360634,0.006887904891112129
2010-07-12,18.2728,2.905413615352287,-0.017161772083776228
2010-07-13,18.1952,2.901157823034489,-0.004255792317798157
2010-07-14,18.2056,2.9017292390628717,0.0005714160283827319
2010-07-15,18.037,2.892425203688062,-0.009304035374809505
2010-07-16,17.6393,2.87012936725159,-0.02229583643647226
2010-07-19,17.6848,2.872705513574554,0.0025761463229638792
2010-07-20,18.4145,2.9131383977499707,0.040432884175416905
2010-07-21,18.1228,2.897170814063329,-0.01596758368664153
2010-07-22,18.5429,2.9200869664600795,0.022916152396750267
2010-07-23,18.5481,2.920367357931545,0.00028039147146552423
2010-07-26,18.5481,2.920367357931545,0.0
2010-07-27,18.4966,2.9175869314101863,-0.002780426521358681
2010-07-28,18.2056,2.9017292390628717,-0.0158576923473146
2010-07-29,18.2056,2.9017292390628717,0.0
2010-07-30,18.604,2.9233766113618507,0.02164737229897895
2010-08-02,19.1413,2.951848304303472,0.028471692941621107
2010-08-03,19.5143,2.97114753014553,0.01929922584205812
2010-08-04,19.7546,2.9833863756198884,0.012238845474358495
2010-08-05,19.7702,2.9841757534692412,0.0007893778493528458
2010-08-06,19.5911,2.9750753814775344,-0.00910037199170688
2010-08-09,19.4732,2.969039161297829,-0.006036220179705509
2010-08-10,19.2121,2.95554028886919,-0.013498872428638897
2010-08-11,18.3138,2.9076548740187245,-0.04788541485046549
2010-08-12,18.2631,2.9048826307465756,-0.0027722432721488666
2010-08-13,18.3347,2.9087954392405324,0.00391280849395681
2010-08-16,18.4764,2.9164942420417366,0.007698802801204163
2010-08-17,18.7489,2.931135084028797,0.014640841987060504
2010-08-18,18.3697,2.9107025681192678,-0.020432515909529325
2010-08-19,17.6542,2.870973715411178,-0.03972885270808968
2010-08-20,17.5923,2.8674613063130585,-0.003512409098119562
2010-08-23,17.3924,2.8560333291944158,-0.01142797711864274
2010-08-24,17.1327,2.840988918129243,-0.015044411065172625
2010-08-25,17.0774,2.8377559519486932,-0.003232966180549912
2010-08-26,16.9177,2.8283604111320937,-0.009395540816599546
2010-08-27,17.2707,2.849011424052851,0.020651012920757328
2010-08-30,16.7693,2.8195498337593974,-0.029461590293453632
2010-08-31,17.0462,2.835927304989154,0.016377471229756413
2010-09-01,17.925,2.886196386485684,0.05026908149653009
2010-09-02,18.3944,2.9120462704656545,0.025849883979970567
2010-09-03,19.1569,2.9526629640453277,0.040616693579673235
2010-09-07,18.625,2.924504764265623,-0.028158199779704685
2010-09-08,18.6772,2.927303528632009,0.0027987643663860418
2010-09-09,18.4309,2.914028603913185,-0.013274924718824188
2010-09-10,18.3176,2.9078623462973505,-0.006166257615834336
2010-09-13,18.6152,2.9239784512906004,0.01611610499324989
2010-09-14,18.0221,2.891598782571172,-0.032379668719428434
2010-09-15,17.9004,2.884823058965748,-0.006775723605423778
2010-09-16,18.0324,2.892170139837544,0.007347080871795697
2010-09-17,18.1347,2.8978272300008476,0.005657090163303735
2010-09-20,18.3697,2.9107025681192678,0.012875338118420121
2010-09-21,18.0773,2.8946570075290716,-0.01604556059019613
2010-09-22,17.7416,2.875912164471682,-0.01874484305738955
2010-09-23,18.1899,2.900866494988806,0.024954330517124035
2010-09-24,17.8475,2.8818634423944784,-0.019003052594327663
2010-09-27,18.3287,2.9084681373507153,0.026604694956236852
2010-09-28,18.1839,2.9005365871950417,-0.007931550155673595
2010-09-29,18.2578,2.904592385980581,0.004055798785539189
2010-09-30,18.5354,2.9196824171629276,0.015090031182346753
2010-10-01,18.6354,2.925062997686095,0.0053805805231674775
2010-10-04,18.7026,2.928662551628888,0.003599553942792877
2010-10-05,18.7637,2.9319241522761543,0.0032616006472663273
2010-10-06,17.9355,2.8867819890456072,-0.045142163230547094
2010-10-07,17.3222,2.8519889158530516,-0.034793073192555646
2010-10-08,17.7267,2.8750719775511637,0.02308306169811214
2010-10-11,17.6848,2.872705513574554,-0.0023664639766098894
2010-10-12,17.6751,2.8721568694752597,-0.0005486440992941155
2010-10-13,17.7564,2.8767460143143517,0.0045891448390920075
2010-10-14,17.8274,2.880736599593132,0.00399058527878049
2010-10-15,17.5251,2.863634139038468,-0.017102460554664134
2010-10-18,17.6124,2.8686031994230166,0.004969060384548474
2010-10-19,16.9596,2.830834045179968,-0.0377691542430485
2010-10-20,16.8924,2.826863816639783,-0.00397022854018525
2010-10-21,16.3604,2.794863780753458,-0.03200003588632461
2010-10-22,16.3044,2.791435010036141,-0.0034287707173170645
2010-10-25,16.5156,2.80430538879135,0.012870378755208911
2010-10-26,17.2035,2.84511285149055,0.04080746269919988
2010-10-27,17.2147,2.845763669975847,0.0006508184852971333
2010-10-28,17.5467,2.8648658980431962,0.01910222806734918
2010-10-29,17.4378,2.8586402637346673,-0.00622563430852896
2010-11-01,17.5147,2.8630405283269122,0.004400264592244962
2010-11-02,17.7923,2.87876577943681,0.01572525110989753
2010-11-03,17.8176,2.8801867328377995,0.0014209534009896885
2010-11-04,18.5675,2.9214127405613146,0.041226007723515146
2010-11-05,18.4667,2.915969110137651,-0.005443630423663581
2010-11-08,18.4519,2.9151673462141643,-0.0008017639234867424
2010-11-09,18.2266,2.902882065536473,-0.01228528067769119
2010-11-10,18.1497,2.8986540316486358,-0.004228033887837324
2010-11-11,17.9206,2.885950889129127,-0.01270314251950877
2010-11-12,17.3118,2.8513883499171166,-0.03456253921201036
2010-11-15,17.2193,2.8460308477668304,-0.005357502150286297
2010-11-16,16.6111,2.810071146597977,-0.035959701168853275
2010-11-17,16.7693,2.8195498337593974,0.009478687161420307
2010-11-18,17.1722,2.843291797161483,0.023741963402085453
2010-11-19,17.1671,2.8429947614014353,-0.0002970357600475815
2010-11-22,16.7387,2.8177234037423022,-0.02527135765913302
2010-11-23,16.3709,2.7955053684912,-0.02221803525110211
2010-11-24,16.8618,2.8250507084409353,0.029545339949735183
2010-11-26,16.4791,2.8020929113395696,-0.022957797101365696
2010-11-29,16.6573,2.8128485587788434,0.010755647439273819
2010-11-30,16.5805,2.8082273060678817,-0.0046212527109616985
2010-12-01,17.032,2.835093927591178,0.02686662152329644
2010-12-02,17.2662,2.848750833205064,0.013656905613885773
2010-12-03,17.5759,2.866528645489428,0.017777812284363925
2010-12-06,17.6945,2.87325385682855,0.0067252113391220725
2010-12-07,17.1722,2.843291797161483,-0.02996205966706711
2010-12-08,16.9999,2.8332074616859737,-0.010084335475509132
2010-12-09,16.9999,2.8332074616859737,0.0
2010-12-10,17.1722,2.843291797161483,0.010084335475509132
2010-12-13,17.3431,2.8531947327669323,0.009902935605449414
2010-12-14,17.4133,2.8572342820562735,0.004039549289341249
2010-12-15,17.0364,2.8353522314753916,-0.021882050580881884
2010-12-16,17.0498,2.836138473455448,0.0007862419800561682
2010-12-17,17.4192,2.8575730461447786,0.0214345726893308
2010-12-20,17.3431,2.8531947327669323,-0.004378313377846332
2010-12-21,17.3886,2.855814819087454,0.0026200863205216862
2010-12-22,17.4333,2.8583821703550503,0.0025673512675963295
2010-12-23,17.52,2.8633430855082453,0.004960915153195078
2010-12-27,17.7654,2.8772527454030117,0.013909659894766335
2010-12-28,18.2266,2.902882065536473,0.02562932013346142
2010-12-29,18.7474,2.931055076134642,0.02817301059816879
2010-12-30,19.1972,2.954764435065688,0.023709358931045976
2010-12-31,19.342,2.9622788972947713,0.007514462229083474
2011-01-03,19.0592,2.9475499246274435,-0.014728972667327866
2011-01-04,18.901,2.9392148307188193,-0.008335093908624192
2011-01-05,19.0039,2.9446442212607358,0.00542939054191649
2011-01-06,18.7936,2.933516386346063,-0.011127834914672619
2011-01-07,18.5123,2.9184353760244175,-0.01508101032164566
2011-01-10,18.4615,2.9156874825449512,-0.0027478934794662457
2011-01-11,18.9316,2.9408324835723287,0.02514500102737749
2011-01-12,19.6419,2.9776650395913733,0.03683255601904456
2011-01-13,19.0039,2.9446442212607358,-0.033020818330637525
2011-01-14,19.1256,2.951027751769511,0.006383530508775159
2011-01-18,19.1316,2.9513414182191826,0.000313666449671679
2011-01-19,18.8249,2.935180461586855,-0.01616095663232775
2011-01-20,18.6555,2.9261410087797683,-0.009039452807086512
2011-01-21,18.4519,2.9151673462141643,-0.010973662565604059
2011-01-24,18.7727,2.932403686817158,0.017236340602993838
2011-01-25,18.4101,2.912899427060761,-0.019504259756397246
2011-01-26,18.4309,2.914028603913185,0.0011291768524239743
2011-01-27,18.3176,2.9078623462973505,-0.006166257615834336
2011-01-28,18.0996,2.8958898385800698,-0.011972507717280756
2011-01-31,18.7749,2.9325208714043227,0.03663103282425295
2011-02-01,19.2845,2.959301664437903,0.026780793033580164
2011-02-02,19.3755,2.964009381358043,0.004707716920139937
2011-02-03,19.659,2.9785352487254695,0.01452586736742667
2011-02-04,19.4427,2.967471678277013,-0.011063570448456517
2011-02-07,18.8331,2.9356159600270058,-0.031855718250007214
2011-02-08,18.8689,2.937515064093616,0.0018991040666103132
2011-02-09,18.3742,2.9109475067361537,-0.026567557357462412
2011-02-10,18.4205,2.91346417486701,0.002516668130856381
2011-02-11,18.5235,2.9190401962438495,0.005576021376839435
2011-02-14,18.7779,2.932680646441411,0.013640450197561549
2011-02-15,19.177,2.9537116442913787,0.021030997849967648
2011-02-16,19.3204,2.961161532503796,0.0074498882124172106
2011-02-18,19.4217,2.9663909976518767,0.00522946514808087
2011-02-22,19.5747,2.9742379160889296,0.007846918437052874
2011-02-23,20.6089,3.0257230213285817,0.05148510523965211
2011-02-24,20.3119,3.011206921192149,-0.014516100136432897
2011-02-25,20.6387,3.027167954133631,0.015961032941482323
2011-02-28,20.3597,3.013557456799697,-0.013610497333933935
2011-03-01,20.0359,2.9975256644667443,-0.016031792332952932
2011-03-02,20.8917,3.0393519509074833,0.04182628644073905
2011-03-03,20.9238,3.0408872670608478,0.001535316153364441
2011-03-04,21.1999,3.0539964646857096,0.013109197624861846
2011-03-07,21.2476,3.05624394781562,0.0022474831299104103
2011-03-08,20.7261,3.031393775608053,-0.024850172207567134
2011-03-09,20.6663,3.028504354284108,-0.002889421323944763
2011-03-10,20.0299,2.997226157154031,-0.03127819713007707
2011-03-11,20.1523,3.0033184257993657,0.006092268645334631
2011-03-14,20.3433,3.0127516193485278,0.009433193549162056
2011-03-15,20.0411,2.997785164929812,-0.014966454418715802
2011-03-16,19.7464,2.982971196251377,-0.014813968678434986
2011-03-17,19.9859,2.9950270249246285,0.0120558286732515
2011-03-18,19.8657,2.9889946265012486,-0.006032398423379881
2011-03-21,20.209,3.006128049736111,0.017133423234862555
2011-03-22,20.4246,3.0167400567109715,0.01061200697486031
2011-03-23,20.691,3.029698823117264,0.012958766406292455
2011-03-24,20.5947,3.0250337611395604,-0.004665061977703555
2011-03-25,20.8402,3.0368838137680987,0.011850052628538332
2011-03-28,20.4552,3.0182371288940604,-0.01864668487403831
2011-03-29,20.5992,3.0252522400899826,0.007015111195922241
2011-03-30,20.7328,3.031716987273501,0.006464747183518416
2011-03-31,20.7448,3.032295612861038,0.0005786255875368518
2011-04-01,21.2453,3.056135694436715,0.023840081575677186
2011-04-04,21.217,3.0548027471309793,-0.0013329473057357433
2011-04-05,20.8984,3.0396726010163566,-0.015130146114622711
2011-04-06,20.7693,3.033475934864616,-0.006196666151740526
2011-04-07,20.7626,3.033153291303492,-0.000322643561124103
2011-04-08,20.8506,3.0373827248091785,0.004229433505686497
2011-04-11,20.4343,3.0172148614747916,-0.020167863334386915
2011-04-12,19.6024,2.9756520077197988,-0.0415628537549928
2011-04-13,19.0853,2.9489184052248145,-0.026733602494984243
2011-04-14,18.9524,2.9419305725856355,-0.006987832639179015
2011-04-15,19.3972,2.9651287257558137,0.02319815317017815
2011-04-18,18.639,2.9252561597496665,-0.03987256600614719
2011-04-19,19.0316,2.9461007555456593,0.02084459579599285
2011-04-20,19.4128,2.9659326423154715,0.01983188676981218
2011-04-21,19.6091,2.9759937442034943,0.010061101888022783
2011-04-25,19.4606,2.9683919087594237,-0.007601835444070559
2011-04-26,19.5255,2.9717213035924877,0.0033293948330639367
2011-04-27,19.1763,2.953675141565403,-0.018046162027084645
2011-04-28,18.9547,2.9420519218844645,-0.01162321968093849
2011-04-29,19.1524,2.952428034144719,0.010376112260254367
2011-05-02,19.0935,2.9493479629964616,-0.0030800711482572574
2011-05-03,18.8093,2.934351428372731,-0.014996534623730629
2011-05-04,18.3996,2.912328925248207,-0.02202250312452403
2011-05-05,17.7624,2.8770838635692293,-0.035245061678977674
2011-05-06,17.7004,2.873587238194489,-0.0034966253747401588
2011-05-09,17.8915,2.88432573972964,0.010738501535150657
2011-05-10,18.1295,2.897540445787456,0.013214706057816272
2011-05-11,17.6945,2.87325385682855,-0.02428658895890612
2011-05-12,17.4564,2.8597063435852794,-0.013547513243270526
2011-05-13,17.1289,2.8407670954463806,-0.0189392481388988
2011-05-16,17.4304,2.858215808207218,0.01744871276083737
2011-05-17,17.7654,2.8772527454030117,0.01903693719579369
2011-05-18,17.7624,2.8770838635692293,-0.00016888183378238608
2011-05-19,17.467,2.8603133864462555,-0.016770477122973748
2011-05-20,17.5595,2.865595113997484,0.0052817275512282436
2011-05-23,17.2902,2.850139867008286,-0.015455246989197757
2011-05-24,17.4251,2.8579116955110386,0.007771828502752598
2011-05-25,17.4468,2.859156250743243,0.0012445552322044584
2011-05-26,17.705,2.873847085563867,0.014690834820624055
2011-05-27,17.9071,2.8851972822473617,0.011350196683494573
2011-05-31,17.9542,2.887824070851376,0.0026267886040143296
2011-06-01,17.5952,2.8676261375745327,-0.020197933276843383
2011-06-02,17.6169,2.868858668593535,0.0012325310190024474
2011-06-03,17.6535,2.8709340640036896,0.002075395410154446
2011-06-06,17.0977,2.838943951538308,-0.031990112465381415
2011-06-07,16.9223,2.828632278746061,-0.010311672792246984
2011-06-08,17.0259,2.834735714074477,0.0061034353284159515
2011-06-09,17.3319,2.852548734186428,0.017813020111951072
2011-06-10,17.2162,2.8458508010122676,-0.006697933174160564
2011-06-13,17.0565,2.8365313627507502,-0.009319438261517377
2011-06-14,17.2953,2.8504347882924637,0.013903425541713421
2011-06-15,17.0163,2.8341717082079656,-0.01626308008449806
2011-06-16,16.8476,2.824208213419373,-0.009963494788592708
2011-06-17,16.9528,2.830433011924219,0.006224798504846252
2011-06-20,16.7447,2.8180817902899182,-0.012351221634300913
2011-06-21,16.8961,2.8270828260669423,0.009001035777024047
2011-06-22,17.0259,2.834735714074477,0.0076528880075348305
2011-06-23,16.6581,2.8128965846167535,-0.021839129457723594
2011-06-24,16.5216,2.804668615703193,-0.008227968913560701
2011-06-27,16.7193,2.816563740751441,0.01189512504824819
2011-06-28,17.0835,2.8381130854003787,0.02154934464893765
2011-06-29,17.2379,2.847110448071358,0.008997362670979392
2011-06-30,17.5513,2.8651280212426,0.018017573171241974
2011-07-01,17.6781,2.872326585371258,0.007198564128657825
2011-07-05,17.4991,2.8621494510355454,-0.010177134335712434
2011-07-06,17.3796,2.855297104612674,-0.00685234642287158
2011-07-07,17.6982,2.8734629394932507,0.01816583488057688
2011-07-08,17.4893,2.861589265359363,-0.011873674133887846
2011-07-11,16.9954,2.8329427192053203,-0.028646546154042607
2011-07-12,16.9469,2.83008492624443,-0.002857792960890393
2011-07-13,16.9954,2.8329427192053203,0.002857792960890393
2011-07-14,16.7715,2.8196810172733953,-0.013261701931924996
2011-07-15,16.9827,2.8321951788430626,0.012514161569667337
2011-07-18,16.7559,2.818750435055521,-0.013444743787541569
2011-07-19,16.8059,2.821730015232463,0.0029795801769418873
2011-07-20,16.7036,2.8156242650533563,-0.006105750179106639
2011-07-21,17.223,2.8462456998536094,0.030621434800253144
2011-07-22,17.2662,2.848750833205064,0.002505133351454525
2011-07-25,17.737,2.8756528532234493,0.026902020018385375
2011-07-26,18.0161,2.891265802563545,0.015612949340095827
2011-07-27,17.7654,2.8772527454030117,-0.01401305716053347
2011-07-28,17.5094,2.862737879577025,-0.0145148658259866
2011-07-29,17.6117,2.8685634539078664,0.005825574330841299
2011-08-01,17.7087,2.8740560442444605,0.005492590336594105
2011-08-02,17.2066,2.845293031147592,-0.028763013096868573
2011-08-03,16.9208,2.8285436343842276,-0.016749396763364288
2011-08-04,15.5956,2.746988823189496,-0.08155481119473151
2011-08-05,15.1726,2.7194911695777964,-0.027497653611699757
2011-08-08,13.6467,2.6134977341609757,-0.1059934354168206
2011-08-09,14.1027,2.646366268414077,0.032868534253101434
2011-08-10,14.0713,2.6441372620251493,-0.0022290063889278677
2011-08-11,14.6503,2.6844608130691086,0.04032355104395924
2011-08-12,14.7705,2.6926319483738292,0.00817113530472069
2011-08-15,15.2546,2.7248810969136823,0.032249148539853056
2011-08-16,15.1413,2.717426109580688,-0.007454987332994101
2011-08-17,15.3285,2.729713840738236,0.012287731157547999
2011-08-18,14.4309,2.6693717409032183,-0.060342099835017926
2011-08-19,14.1803,2.651853677438718,-0.017518063464500244
2011-08-22,14.034,2.641482956830097,-0.010370720608621209
2011-08-23,14.4944,2.6737623679328864,0.032279411102789535
2011-08-24,14.4772,2.6725749980934035,-0.0011873698394828658
2011-08-25,14.1639,2.650696474072235,-0.0218785240211683
2011-08-26,14.4101,2.6679293496126117,0.017232875540376558
2011-08-29,14.9115,2.7021327273381726,0.03420337772556081
2011-08-30,15.0204,2.7094092771398413,0.007276549801668697
2011-08-31,15.1629,2.7188516547960657,0.009442377656224465
2011-09-01,15.1837,2.7202224840327665,0.0013708292367007324
2011-09-02,14.5332,2.676435687332868,-0.04378679669989838
2011-09-06,14.3123,2.6611193074176973,-0.015316379915170764
2011-09-07,14.6973,2.6876638034452656,0.026544496027568254
2011-09-08,14.5048,2.674479629129462,-0.013184174315803432
2011-09-09,13.852,2.6284296265401754,-0.04605000258928671
2011-09-12,13.7527,2.6212351684721287,-0.00719445806804675
2011-09-13,13.7729,2.622702893326538,0.0014677248544092691
2011-09-14,13.8572,2.6288049531509072,0.006102059824369288
2011-09-15,13.9967,2.638821587544566,0.010016634393658741
2011-09-16,13.7676,2.6223180056109605,-0.01650358193360546
2011-09-19,13.5631,2.607352869953471,-0.014965135657489359
2011-09-20,13.3871,2.5942915567093783,-0.013061313244092876
2011-09-21,12.8604,2.5541528225248147,-0.040138734184563596
2011-09-22,12.041,2.488317492910082,-0.06583532961473271
2011-09-23,12.0516,2.489197431205157,0.0008799382950748225
2011-09-26,12.5111,2.5266162502695093,0.037418819064352515
2011-09-27,12.526,2.527806484103221,0.0011902338337117513
2011-09-28,12.1962,2.501124427810834,-0.026682056292386847
2011-09-29,12.1619,2.498308114332261,-0.0028163134785730293
2011-09-30,11.7165,2.4609981047363245,-0.037310009595936666
2011-10-03,11.2218,2.4178583150348723,-0.04313978970145227
2011-10-04,11.3673,2.4307408125442183,0.012882497509346003
2011-10-05,11.4665,2.4394297407218897,0.008688928177671418
2011-10-06,12.1747,2.4993600280079833,0.05993028728609362
2011-10-07,11.7791,2.4663267746256428,-0.03303325338234053
2011-10-10,12.2969,2.5093471980925135,0.04302042346687074
2011-10-11,12.4566,2.5222506029284215,0.012903404835908017
2011-10-12,12.7857,2.5483273589064366,0.026076755978015065
2011-10-13,12.6768,2.5397735512288406,-0.008553807677595948
2011-10-14,12.9641,2.5621839989181714,0.02241044768933076
2011-10-17,12.3597,2.5144411798903183,-0.047742819027853045
2011-10-18,12.635,2.5364707408401577,0.022029560949839322
2011-10-19,12.3634,2.514740495107878,-0.021730245732279663
2011-10-20,12.062,2.490060015028795,-0.02468048007908319
2011-10-21,12.497,2.5254886155036465,0.035428600474851635
2011-10-24,12.9752,2.563039843191343,0.037551227687696365
2011-10-25,12.844,2.5528767762272673,-0.01016306696407554
2011-10-26,13.1155,2.5737947368772947,0.02091796065002738
2011-10-27,14.0497,2.6426010432386238,0.06880630636132912
2011-10-28,14.4272,2.669115313763505,0.02651427052488131
2011-10-31,14.0996,2.6461464281873943,-0.022968885576110765
2011-11-01,13.6579,2.6143181087958833,-0.031828319391510984
2011-11-02,13.987,2.6381283267971667,0.023810218001283356
2011-11-03,14.2213,2.654740840730951,0.016612513933784268
2011-11-04,14.3675,2.6649687113997595,0.010227870668808592
2011-11-07,14.763,2.692124050551951,0.02715533915219126
2011-11-08,14.8414,2.6974205729121734,0.0052965223602226
2011-11-09,13.7475,2.6208569893998326,-0.07656358351234083
2011-11-10,14.0102,2.639785635764509,0.018928646364676283
2011-11-11,14.3481,2.663617529258238,0.02383189349372916
2011-11-14,14.1951,2.652896834634182,-0.010720694624056115
2011-11-15,14.2213,2.654740840730951,0.0018440060967690464
2011-11-16,14.2847,2.659189034412159,0.004448193681207968
2011-11-17,13.8848,2.6307947166218946,-0.028394317790264356
2011-11-18,14.0102,2.639785635764509,0.008990919142614295
2011-11-21,13.7736,2.6227537164801253,-0.017031919284383523
2011-11-22,13.6169,2.611311668353998,-0.011442048126127258
2011-11-23,13.1387,2.5755620736111298,-0.03574959474286832
2011-11-25,12.8334,2.552051147417331,-0.02351092619379891
2011-11-28,13.4378,2.5980716312200647,0.046020483802733825
2011-11-29,13.3804,2.593790949619443,-0.004280681600621783
2011-11-30,14.187,2.6523260523298484,0.05853510271040552
2011-12-01,14.3511,2.6638265943200468,0.011500541990198343
2011-12-02,14.4787,2.6726786039216694,0.00885200960162269
2011-12-05,14.863,2.698874903166758,0.026196299245088372
2011-12-06,14.7712,2.6926793390114794,-0.0061955641552784435
2011-12-07,14.804,2.6948974145239095,0.00221807551243014
2011-12-08,13.9922,2.638500031496363,-0.0563973830275466
2011-12-09,14.3944,2.666839242056172,0.028339210559809036
2011-12-12,13.7736,2.6227537164801253,-0.044085525576046614
2011-12-13,13.4968,2.602452620309628,-0.020301096170497246
2011-12-14,13.0551,2.5691788620221767,-0.03327375828745138
2011-12-15,12.97,2.5626389983283526,-0.006539863693824088
2011-12-16,12.8745,2.5552486108442474,-0.007390387484105254
2011-12-19,12.6327,2.5362886902375026,-0.018959920606744785
2011-12-20,13.2805,2.5862967939419312,0.05000810370442865
2011-12-21,13.2535,2.5842616684939097,-0.0020351254480215353
2011-12-22,13.4692,2.600405597418751,0.01614392892484151
2011-12-23,13.5318,2.6050424710279807,0.004636873609229486
2011-12-27,13.3998,2.595239781472347,-0.00980268955563357
2011-12-28,12.8745,2.5552486108442474,-0.03999117062809976
2011-12-29,12.9357,2.5599909309112685,0.004742320067021133
2011-12-30,13.0662,2.5700287432048228,0.010037812293554271
2012-01-03,13.8288,2.6267533740162365,0.05672463081141377
2012-01-04,14.0138,2.6400425584036613,0.013289184387424768
2012-01-05,13.8288,2.6267533740162365,-0.013289184387424768
2012-01-06,13.6057,2.610488822583797,-0.016264551432439323
2012-01-09,14.2362,2.655788016439399,0.04529919385560177
2012-01-10,14.5391,2.6768415719777705,0.021053555538371516
2012-01-11,14.6226,2.6825682770875185,0.005726705109748043
2012-01-12,14.9405,2.7040756463467988,0.021507369259280207
2012-01-13,15.0196,2.7093560148229177,0.005280368476118902
2012-01-17,15.3427,2.7306397908813396,0.02128377605842191
2012-01-18,15.8837,2.7652934261604005,0.03465363527906096
2012-01-19,15.8688,2.764354917312678,-0.0009385088477227299
2012-01-20,15.7933,2.7595857994651145,-0.004769117847563287
2012-01-23,16.4724,2.801686253063477,0.04210045359836245
2012-01-24,16.7088,2.815935526743147,0.014249273679669994
2012-01-25,16.8476,2.824208213419373,0.008272686676225938
2012-01-26,16.5291,2.8051224638896906,-0.01908574952968234
2012-01-27,16.4769,2.8019593999909067,-0.0031630638987838466
2012-01-30,16.2761,2.7896977741362976,-0.012261625854609104
2012-01-31,16.1784,2.783677019225202,-0.006020754911095771
2012-02-01,16.5029,2.8035361230387394,0.019859103813537615
2012-02-02,16.4769,2.8019593999909067,-0.0015767230478327399
2012-02-03,16.5291,2.8051224638896906,0.0031630638987838466
2012-02-06,16.6522,2.812542339829904,0.007419875940213316
2012-02-07,16.9596,2.830834045179968,0.01829170535006419
2012-02-08,17.0126,2.8339542459911686,0.0031202008112005686
2012-02-09,16.9432,2.8298665733912545,-0.0040876725999141605
2012-02-10,15.6621,2.7512437811889656,-0.07862279220228885
2012-02-13,15.9627,2.770254750645867,0.019010969456901172
2012-02-14,15.374,2.7326777709269403,-0.037576979718926484
2012-02-15,15.1584,2.718554833747296,-0.014122937179644524
2012-02-16,15.5397,2.743398039733852,0.024843205986556427
2012-02-17,15.5284,2.7426706054524965,-0.0007274342813556878
2012-02-21,15.4703,2.7389220567692787,-0.003748548683217834
2012-02-22,15.618,2.7484240952404835,0.009502038471204788
2012-02-23,15.6822,2.752526311202727,0.004102215962243694
2012-02-24,15.9306,2.7682417879960846,0.015715476793357386
2012-02-27,15.8582,2.763686716701564,-0.004555071294520374
2012-02-28,16.0903,2.778216605951667,0.014529889250102901
2012-02-29,15.8038,2.7602504174450244,-0.017966188506642666
2012-03-01,16.1276,2.780532089994092,0.020281672549067764
2012-03-02,16.1635,2.7827556138004024,0.0022235238063101903
2012-03-05,15.6866,2.7528068447283234,-0.029948769072078996
2012-03-06,14.9987,2.7079635306797707,-0.044843314048552685
2012-03-07,14.9876,2.7072231925582293,-0.0007403381215413951
2012-03-08,15.1069,2.715151593091741,0.007928400533511848
2012-03-09,14.7906,2.69399184385117,-0.02115974924057129
2012-03-12,14.5152,2.6751963762311317,-0.018795467620038142
2012-03-13,15.036,2.7104473257019315,0.035250949470799764
2012-03-14,15.0137,2.7089631176004416,-0.001484208101489859
2012-03-15,14.7965,2.6943906663162442,-0.014572451284197374
2012-03-16,14.7271,2.6896893339701737,-0.004701332346070508
2012-03-19,14.754,2.6915142324621106,0.0018248984919368993
2012-03-20,14.5511,2.677666592134432,-0.013847640327678601
2012-03-21,14.4824,2.672934119079597,-0.00473247305483504
2012-03-22,14.1892,2.6524811118518707,-0.02045300722772625
2012-03-23,14.3444,2.6633596221382234,0.010878510286352672
2012-03-26,14.6152,2.682062083040223,0.01870246090199945
2012-03-27,14.4018,2.667353198770106,-0.014708884270116851
2012-03-28,14.1049,2.6465222547443186,-0.020830944025787446
2012-03-29,14.0511,2.642700684530057,-0.0038215702142614383
2012-03-30,14.1295,2.6482648103661717,0.005564125836114542
2012-04-02,14.1586,2.65032221332111,0.002057402954938503
2012-04-03,13.8116,2.625508818784032,-0.024813394537078093
2012-04-04,13.3886,2.5944035985982232,-0.031105220185808857
2012-04-05,13.4631,2.5999526097344976,0.005549011136274373
2012-04-09,13.2535,2.5842616684939097,-0.015690941240587897
2012-04-10,12.9193,2.5587223173201266,-0.025539351173783142
2012-04-11,12.9871,2.563956557106008,0.005234239785881556
2012-04-12,13.3699,2.5930059116543176,0.02904935454830948
2012-04-13,13.0357,2.567691747516276,-0.02531416413804166
2012-04-16,12.897,2.5569947261822543,-0.010697021334021617
2012-04-17,12.9014,2.5573358326107662,0.00034110642851192807
2012-04-18,12.9298,2.559534724760038,0.002198892149271714
2012-04-19,12.679,2.539947081545811,-0.01958764321422679
2012-04-20,12.7618,2.546456333798516,0.0065092522527048224
2012-04-23,12.5081,2.526376434446911,-0.020079899351605146
2012-04-24,12.5193,2.5272714535657688,0.0008950191188579204
2012-04-25,12.4395,2.520876893577231,-0.0063945599885375515
2012-04-26,12.5716,2.5314403016935554,0.010563408116324169
2012-04-27,12.5947,2.533276090545113,0.0018357888515576626
2012-04-30,12.5306,2.5281736528373413,-0.005102437707771745
2012-05-01,12.664,2.538763322578711,0.010589669741369878
2012-05-02,12.6947,2.5411845835264915,0.0024212609477802793
2012-05-03,12.3947,2.517268961886464,-0.023915621640027585
2012-05-04,11.7829,2.4666493278921693,-0.05061963399429459
2012-05-07,11.9299,2.4790478538450205,0.01239852595285118
2012-05-08,11.5531,2.446953799223829,-0.032094054621191415
2012-05-09,11.3711,2.431075048905209,-0.01587875031861996
2012-05-10,11.4017,2.4337624670897666,0.002687418184557533
2012-05-11,11.1196,2.408709316952435,-0.02505315013733167
2012-05-14,10.7382,2.3738074772692808,-0.03490183968315419
2012-05-15,10.3832,2.340189115391412,-0.03361836187786871
2012-05-16,10.6845,2.368794093104381,0.028604977712968882
2012-05-17,10.3309,2.3351394042153886,-0.03365468888899237
2012-05-18,10.5347,2.354674570343807,0.019535166128418435
2012-05-21,11.0921,2.4062331432195636,0.0515585728757566
2012-05-22,10.6623,2.3667141553147957,-0.03951898790476793
2012-05-23,10.5556,2.356656524781773,-0.010057630533022888
2012-05-24,10.3309,2.3351394042153886,-0.021517120566384218
2012-05-25,10.4093,2.3426996373304205,0.007560233115031956
2012-05-29,10.6129,2.362070242328812,0.019370604998391272
2012-05-30,10.2645,2.328691340078525,-0.033378902250286835
2012-05-31,10.4958,2.350975177142138,0.02228383706361292
2012-06-01,10.2817,2.330365616004771,-0.020609561137366672
2012-06-04,10.3936,2.341190232105112,0.010824616100340911
2012-06-05,10.507,2.352041701706638,0.010851469601525832
2012-06-06,10.6787,2.36825110327678,0.016209401570141946
2012-06-07,10.7809,2.377776049936558,0.009524946659777989
2012-06-08,10.4698,2.3484949225032437,-0.029281127433314236
2012-06-11,10.0011,2.3026950869444893,-0.04579983555875433
2012-06-12,10.0183,2.304413420584075,0.001718333639585623
2012-06-13,10.1056,2.313089725639131,0.008676305055056233
2012-06-14,9.84741,2.2872084764456835,-0.025881249193447697
2012-06-15,9.9333,2.2958927491329204,0.008684272687236927
2012-06-18,10.1952,2.3219170212935376,0.0260242721606172
2012-06-19,10.8771,2.3866596617809526,0.06474264048741496
2012-06-20,10.9838,2.3964214599969105,0.009761798215957906
2012-06-21,10.4958,2.350975177142138,-0.04544628285477259
2012-06-22,10.5175,2.353040536482539,0.002065359340400974
2012-06-25,9.57363,2.259012443889708,-0.09402809259283096
2012-06-26,9.59898,2.2616568428288595,0.002644398939151582
2012-06-27,9.46541,2.247644101208584,-0.014012741620275548
2012-06-28,9.48189,2.249383663484561,0.0017395622759770468
2012-06-29,10.0721,2.309769225207453,0.06038556172289189
2012-07-02,10.2325,2.325568929384421,0.015799704176968188
2012-07-03,10.5556,2.356656524781773,0.03108759539735173
2012-07-05,10.7063,2.3708323532486815,0.01417582846690868
2012-07-06,10.463,2.34784522439891,-0.022987128849771388
2012-07-09,10.2444,2.326731214822124,-0.021114009576785886
2012-07-10,10.0227,2.304852520436447,-0.021878694385677022
2012-07-11,10.0391,2.306487468811287,0.0016349483748396842
2012-07-12,10.0512,2.3076920303621904,0.001204561550903538
2012-07-13,10.6353,2.3641786569990524,0.05648662663686199
2012-07-16,10.5347,2.354674570343807,-0.00950408665524538
2012-07-17,10.507,2.352041701706638,-0.00263286863716905
2012-07-18,10.5175,2.353040536482539,0.000998834775900903
2012-07-19,10.7965,2.379222007532749,0.02618147105021018
2012-07-20,10.507,2.352041701706638,-0.027180305826111084
2012-07-23,10.2175,2.3241019364562954,-0.027939765250342585
2012-07-24,10.1056,2.313089725639131,-0.011012210817164192
2012-07-25,10.2071,2.3230835565713703,0.009993830932239156
2012-07-26,10.4898,2.350403356449521,0.027319799878150697
2012-07-27,10.9838,2.3964214599969105,0.046018103547389444
2012-07-30,10.9786,2.395947923398254,-0.0004735365986565654
2012-07-31,10.5347,2.354674570343807,-0.041273353054446904
2012-08-01,10.7272,2.3727825719832953,0.018108001639488336
2012-08-02,10.5779,2.358766919016195,-0.0140156529671005
2012-08-03,10.9085,2.389542301849942,0.030775382833747145
2012-08-06,10.9681,2.3949910596509807,0.005448757801038706
2012-08-07,11.1987,2.415797700135668,0.02080664048468739
2012-08-08,11.7359,2.4626525200136493,0.046854819877981235
2012-08-09,11.7038,2.4599135753968357,-0.0027389446168135656
2012-08-10,11.7934,2.467540052958801,0.007626477561965217
2012-08-13,11.7404,2.463035885369784,-0.004504167589017172
2012-08-14,11.6285,2.4534589814281738,-0.009576903941610038
2012-08-15,11.6658,2.456661484347698,0.003202502919524175
2012-08-16,11.9299,2.4790478538450205,0.022386369497322534
2012-08-17,11.9568,2.4813001541938884,0.0022523003488679194
2012-08-20,12.009,2.4856563686785464,0.004356214484658061
2012-08-21,11.7508,2.4639213233788655,-0.021735045299680955
2012-08-22,11.8695,2.473972084735221,0.010050761356355409
2012-08-23,11.6605,2.45620706164961,-0.01776502308561101
2012-08-24,11.6605,2.45620706164961,0.0
2012-08-27,11.6285,2.4534589814281738,-0.0027480802214361333
2012-08-28,11.5911,2.450237562252707,-0.0032214191754667
2012-08-29,11.4569,2.4385921685850143,-0.011645393667692794
2012-08-30,11.3658,2.430608846380151,-0.007983322204863086
2012-08-31,11.3441,2.42869778498364,-0.0019110613965112044
2012-09-04,11.0921,2.4062331432195636,-0.022464641764076365
2012-09-05,11.1771,2.4138670423080693,0.007633899088505647
2012-09-06,11.5046,2.442746955390531,0.02887991308246196
2012-09-07,11.8747,2.474410086443691,0.031663131053159876
2012-09-10,11.6658,2.456661484347698,-0.01774860209599316
2012-09-11,11.9716,2.4825371781392658,0.025875693791567844
2012-09-12,12.0574,2.4896785793333986,0.007141401194132868
2012-09-13,12.6312,2.536169943725542,0.046491364392143186
2012-09-14,12.9752,2.563039843191343,0.026869899465800984
2012-09-17,12.7977,2.5492654672798385,-0.013774375911504322
2012-09-18,12.8134,2.5504914983340785,0.0012260310542400177
2012-09-19,12.4559,2.522194406239997,-0.02829709209408149
2012-09-20,12.5672,2.531090245203593,0.008895838963595804
2012-09-21,12.4708,2.523389911603694,-0.007700333599898634
2012-09-24,12.4813,2.524231524182978,0.0008416125792836127
2012-09-25,12.347,2.5134131185856066,-0.010818405597371239
2012-09-26,12.4,2.517696472610991,0.0042833540253846
2012-09-27,12.4985,2.5256086371076796,0.007912164496688412
2012-09-28,12.3104,2.510444433575839,-0.01516420353184067
2012-10-01,12.3836,2.5163730165841214,0.005928583008282473
2012-10-02,12.4223,2.519493244545858,0.00312022796173661
2012-10-03,12.2574,2.5061298362395257,-0.013363408306332314
2012-10-04,12.3693,2.5152175962825916,0.009087760043065884
2012-10-05,12.2126,2.5024682056670042,-0.01274939061558733
2012-10-08,12.2821,2.508142917870479,0.005674712203474819
2012-10-09,12.1545,2.4976994715867527,-0.010443446283726399
2012-10-10,12.0627,2.4901180468385333,-0.007581424748219323
2012-10-11,12.2455,2.5051585225635455,0.015040475725012215
2012-10-12,12.1858,2.500271339415237,-0.004887183148308605
2012-10-15,12.4223,2.519493244545858,0.019221905130621053
2012-10-16,12.4164,2.519018179416768,-0.00047506512908990217
2012-10-17,12.3887,2.5167847668109515,-0.0022334126058165538
2012-10-18,12.347,2.5134131185856066,-0.0033716482253449698
2012-10-19,12.2343,2.5042434823441417,-0.00916963624146483
2012-10-22,12.2612,2.5064398050004195,0.0021963226562777827
2012-10-23,11.7993,2.4680402076780994,-0.03839959732232012
2012-10-24,11.7627,2.464933507955043,-0.0031066997230562166
2012-10-25,11.9135,2.4776722108925666,0.012738702937523438
2012-10-26,12.0201,2.486580248540009,0.008908037647442413
2012-10-31,11.3807,2.431918938229985,-0.05466131031002419
2012-11-01,11.4778,2.4404147348959215,0.008495796665936695
2012-11-02,11.5098,2.44319884638821,0.0027841114922884103
2012-11-05,11.656,2.4558210688929036,0.012622222504693692
2012-11-06,11.7881,2.467090548042724,0.011269479149820238
2012-11-07,11.474,2.4400836061796793,-0.02700694186304453
2012-11-08,11.1352,2.410111261931054,-0.029972344248625493
2012-11-09,11.1673,2.412989864972506,0.0028786030414522656
2012-11-12,10.9465,2.393019770465254,-0.019970094507252067
2012-11-13,10.7809,2.377776049936558,-0.015243720528696159
2012-11-14,10.5011,2.3514800135810945,-0.026296036355463404
2012-11-15,10.3563,2.337595030183495,-0.01388498339759936
2012-11-16,10.2003,2.322417131622414,-0.015177898561081093
2012-11-19,10.2489,2.3271703827523575,0.004753251129943514
2012-11-20,10.2003,2.322417131622414,-0.004753251129943514
2012-11-21,9.87799,2.2903090497672425,-0.032108081855171555
2012-11-23,10.0772,2.3102754462780517,0.019966396510809226
2012-11-26,10.0011,2.3026950869444893,-0.007580359333562381
2012-11-27,9.72882,2.275092614434534,-0.02760247250995551
2012-11-28,9.86904,2.289402584277208,0.014309969842674075
2012-11-29,9.91681,2.2942312970005867,0.004828712723378814
2012-11-30,9.64232,2.266161743567958,-0.028069553432628513
2012-12-03,9.72359,2.274554891846328,0.0083931482783699
2012-12-04,9.67582,2.2696299898463477,-0.004924901999980413
2012-12-05,9.85716,2.2881980946708684,0.01856810482452076
2012-12-06,9.86319,2.2888096457019538,0.0006115510310853445
2012-12-07,10.0623,2.3087957667707584,0.019986121068804596
2012-12-10,10.2541,2.327677625605744,0.01888185883498572
2012-12-11,10.378,2.339688180945548,0.012010555339803997
2012-12-12,10.3525,2.337228036437585,-0.002460144507963058
2012-12-13,10.1153,2.314049129102284,-0.023178907335300813
2012-12-14,10.4698,2.3484949225032437,0.034445793400959435
2012-12-17,10.4257,2.344273911713628,-0.004221010789615676
2012-12-18,10.4802,2.349487762680265,0.005213850966637068
2012-12-19,10.8294,2.3822646578161204,0.032776895135855355
2012-12-20,11.0435,2.4018420195913865,0.019577361775266144
2012-12-21,10.7151,2.3716539615931436,-0.03018805799824298
2012-12-24,10.6189,2.3626354322947796,-0.009018529298363998
2012-12-26,10.5383,2.3550162397819525,-0.0076191925128270555
2012-12-27,10.3361,2.335642621916045,-0.019373617865907633
2012-12-28,10.2325,2.325568929384421,-0.010073692531623823
2012-12-31,10.4474,2.3463531436262617,0.020784214241840626
2013-01-02,10.5175,2.353040536482539,0.0066873928562771745
2013-01-03,10.7151,2.3716539615931436,0.01861342511060471
2013-01-04,10.9316,2.3916576775683698,0.02000371597522621
2013-01-07,10.8331,2.3826062619740878,-0.00905141559428202
2013-01-08,10.5503,2.356154295536737,-0.026451966437350816
2013-01-09,10.5443,2.3555854295556986,-0.0005688659810383356
2013-01-10,10.7382,2.3738074772692808,0.018222047713582157
2013-01-11,10.6623,2.3667141553147957,-0.007093321954485088
2013-01-14,10.5712,2.358133322293484,-0.00858083302131174
2013-01-15,10.6466,2.365240592358388,0.007107270064904192
2013-01-16,10.598,2.3606653040705705,-0.004575288287817614
2013-01-17,10.5347,2.354674570343807,-0.005990733726763509
2013-01-18,10.4802,2.349487762680265,-0.005186807663541959
2013-01-22,10.4742,2.348915090576652,-0.0005726721036132254
2013-01-23,10.4152,2.3432662776010504,-0.0056488129756013805
2013-01-24,10.5383,2.3550162397819525,0.011749962180902074
2013-01-25,10.6301,2.3636895996473313,0.00867335986537876
2013-01-28,10.4698,2.3484949225032437,-0.01519467714408762
2013-01-29,10.46,2.347558458636777,-0.0009364638664668412
2013-01-30,9.96458,2.2990368052602195,-0.04852165337655734
2013-01-31,9.80859,2.283258532360148,-0.0157782729000715
2013-02-01,10.0183,2.304413420584075,0.02115488822392697
2013-02-04,9.67582,2.2696299898463477,-0.03478343073772727
2013-02-05,8.90809,2.186959852622036,-0.08267013722431171
2013-02-06,8.85433,2.1809066049052044,-0.006053247716831578
2013-02-07,8.73573,2.167421511931524,-0.013485092973680501
2013-02-08,8.68201,2.1612530686850775,-0.006168443246446387
2013-02-11,8.48427,2.138213860807076,-0.02303920787800129
2013-02-12,8.61853,2.153914536490395,0.0157006756833189
2013-02-13,8.66561,2.1593623188432267,0.005447782352831609
2013-02-14,8.6447,2.1569464163931555,-0.0024159024500711723
2013-02-15,8.56407,2.1475755444446154,-0.009370871948540138
2013-02-19,8.7409,2.1680131591942757,0.020437614749660327
2013-02-20,8.45072,2.1342516448397553,-0.03376151435452046
2013-02-21,8.14999,2.0980167002581536,-0.0362349445816017
2013-02-22,8.18954,2.10285773023144,0.004841029973286393
2013-02-25,8.00152,2.0796315236321217,-0.02322620659931829
2013-02-26,7.98435,2.077483375723671,-0.0021481479084508592
2013-02-27,7.99554,2.0788838862189287,0.0014005104952579117
2013-02-28,7.87095,2.0631787667071544,-0.015705119511774335
2013-03-01,7.92615,2.0701674196459416,0.006988652938787254
2013-03-04,7.75306,2.048087604146642,-0.022079815499299826
2013-03-05,7.77544,2.0509700481039226,0.002882443957280767
2013-03-06,8.95064,2.19172503811005,0.14075499000612757
2013-03-07,9.42287,2.243139713098465,0.05141467498841479
2013-03-08,9.22442,2.221854315321298,-0.02128539777716698
2013-03-11,9.17594,2.2165848410088302,-0.005269474312467715
2013-03-12,9.3267,2.232881254544254,0.01629641353542377
2013-03-13,9.22894,2.2223441990162343,-0.010537055528019756
2013-03-14,9.33707,2.2339924985284147,0.011648299512180493
2013-03-15,9.55652,2.2572236440567335,0.02323114552831873
2013-03-18,9.54527,2.256045743838928,-0.0011779002178053943
2013-03-19,9.41843,2.242668408031173,-0.01337733580775513
2013-03-20,9.22894,2.2223441990162343,-0.0203242090149387
2013-03-21,9.05806,2.203654969090887,-0.018689229925347384
2013-03-22,9.04166,2.201842785865053,-0.0018121832258337633
2013-03-25,8.98866,2.1959637828687963,-0.005879002996256766
2013-03-26,8.9946,2.196624397264187,0.0006606143953904464
2013-03-27,8.98866,2.1959637828687963,-0.0006606143953904464
2013-03-28,8.89161,2.1851081354909647,-0.010855647377831623
2013-04-01,8.81102,2.1760032107719267,-0.00910492471903801
2013-04-02,8.67077,2.159957598844285,-0.016045611927641534
2013-04-03,8.70359,2.16373558422471,0.003777985380424731
2013-04-04,8.6611,2.158841735293106,-0.004893848931603717
2013-04-05,8.78495,2.173040030103228,0.014198294810122025
2013-04-08,8.63797,2.156167601506315,-0.01687242859691329
2013-04-09,9.09085,2.207268413168596,0.051100811662280865
2013-04-10,9.22442,2.221854315321298,0.014585902152702168
2013-04-11,9.01472,2.198858796827394,-0.022995518493904132
2013-04-12,8.90207,2.186283833964229,-0.012574962863164618
2013-04-15,8.48951,2.1388312836989085,-0.04745255026532069
2013-04-16,8.60738,2.152619974803125,0.013788691104216433
2013-04-17,8.29103,2.115174207508913,-0.03744576729421212
2013-04-18,8.48951,2.1388312836989085,0.023657076189995685
2013-04-19,8.86404,2.182002642630125,0.043171358931216375
2013-04-22,9.064,2.204310523725705,0.02230788109558013
2013-04-23,9.3961,2.2402947095667667,0.03598418584106167
2013-04-24,9.67582,2.2696299898463477,0.02933528027958099
2013-04-25,9.6378,2.2656928668096383,-0.003937123036709345
2013-04-26,9.67582,2.2696299898463477,0.003937123036709345
2013-04-29,10.325,2.3345681388470965,0.06493814900074879
2013-04-30,10.3898,2.340824555647714,0.006256416800617615
2013-05-01,10.1444,2.3169218290940985,-0.023902726553615583
2013-05-02,10.3734,2.3392448373566483,0.02232300826254985
2013-05-03,10.3026,2.3323962905656748,-0.006848546790973575
2013-05-06,10.4062,2.3424017823643695,0.010005491798694699
2013-05-07,10.569,2.3579251880272105,0.01552340566284105
2013-05-08,10.4712,2.3486286314953726,-0.009296556531837918
2013-05-09,10.3996,2.3417673438692015,-0.006861287626171109
2013-05-10,10.2361,2.32592068769101,-0.015846656178191587
2013-05-13,10.2198,2.3243270151124493,-0.0015936725785605788
2013-05-14,10.0646,2.3090243166229474,-0.015302698489501942
2013-05-15,10.0646,2.3090243166229474,0.0
2013-05-16,10.081,2.3106524640718042,0.0016281474488568648
2013-05-17,10.1615,2.318606069048225,0.007953604976420614
2013-05-20,10.2586,2.328116378190454,0.009510309142229278
2013-05-21,10.2921,2.331376610656788,0.003260232466333779
2013-05-22,9.96086,2.2986634132504853,-0.03271319740630263
2013-05-23,9.82428,2.2848568726272873,-0.013806540623197971
2013-05-24,9.87506,2.290012386718094,0.005155514090806612
2013-05-28,9.91761,2.2943119648497534,0.004299578131659487
2013-05-29,9.72209,2.2744006159348684,-0.019911348914884996
2013-05-30,9.87506,2.290012386718094,0.01561177078322551
2013-05-31,9.64081,2.2660051299888258,-0.024007256729268178
2013-06-03,9.77651,2.2799825696446114,0.013977439655785684
2013-06-04,9.64081,2.2660051299888258,-0.013977439655785684
2013-06-05,9.26696,2.226455386203742,-0.0395497437850838
2013-06-06,9.34159,2.2344764732983635,0.00802108709462157
2013-06-07,9.03342,2.200931033267463,-0.03354544003090032
2013-06-10,9.03342,2.200931033267463,0.0
2013-06-11,8.78347,2.1728715459705055,-0.02805948729695773
2013-06-12,8.50666,2.140849386109113,-0.03202215986139256
2013-06-13,8.87672,2.183432119401041,0.042582733291927966
2013-06-14,8.485,2.1382998986861894,-0.045132220714851456
2013-06-17,8.485,2.1382998986861894,0.0
2013-06-18,8.34328,2.1214564244259373,-0.016843474260252123
2013-06-19,8.00376,2.0799114312644313,-0.04154499316150595
2013-06-20,7.63293,2.032471782068138,-0.0474396491962934
2013-06-21,7.48817,2.013324441909035,-0.01914734015910291
2013-06-24,7.22628,1.9777243809368081,-0.0356000609722269
2013-06-25,7.28672,1.986053513358163,0.008329132421354801
2013-06-26,7.41655,2.003713989483338,0.01766047612517485
2013-06-27,7.45311,2.008631394948028,0.0049174054646901055
2013-06-28,7.27478,1.9844135720504734,-0.024217822897554475
2013-07-01,7.21062,1.9755549392780098,-0.00885863277246357
2013-07-02,6.94955,1.9386769092790066,-0.03687802999900325
2013-07-03,7.07848,1.9570591953910523,0.01838228611204573
2013-07-05,6.64632,1.8940633180359785,-0.06299587735507384
2013-07-08,6.58014,1.884056021706627,-0.0100072963293516
2013-07-09,6.66699,1.8971684837097944,0.013112462003167513
2013-07-10,6.66699,1.8971684837097944,0.0
2013-07-11,7.16211,1.9688046302966085,0.07163614658681405
2013-07-12,7.07848,1.9570591953910523,-0.011745434905556129
2013-07-15,7.2636,1.9828755737035049,0.025816378312452537
2013-07-16,7.28076,1.9852352523641483,0.0023596786606434605
2013-07-17,7.54563,2.0209685877399286,0.03573333537578027
2013-07-18,7.68218,2.0389033610472755,0.01793477330734694
2013-07-19,7.57324,2.0246209811652385,-0.014282379882037066
2013-07-22,7.76872,2.0501054146443276,0.02548443347908913
2013-07-23,7.94182,2.0721424681359273,0.02203705349159968
2013-07-24,7.76275,2.0493366528601538,-0.022805815275773522
2013-07-25,7.87765,2.0640296360421075,0.014692983181953778
2013-07-26,7.84408,2.059759107160215,-0.004270528881892499
2013-07-29,7.65457,2.0353028550956007,-0.024456252064614326
2013-07-30,7.44789,2.0079307708001815,-0.027372084295419263
2013-07-31,7.39938,2.001396212916283,-0.006534557883898451
2013-08-01,7.6486,2.034522624554757,0.033126411638474185
2013-08-02,7.66053,2.036081171959463,0.0015585474047057346
2013-08-05,7.43222,2.005824602795697,-0.030256569163765956
2013-08-06,7.30239,1.9882016918318313,-0.0176229109638657
2013-08-07,7.2636,1.9828755737035049,-0.005326118128326396
2013-08-08,7.56204,2.0231409950606754,0.04026542135717048
2013-08-09,7.74783,2.0474128041579367,0.024271809097261343
2013-08-12,7.57324,2.0246209811652385,-0.02279182299269822
2013-08-13,7.52549,2.018295924794036,-0.006325056371202287
2013-08-14,7.57324,2.0246209811652385,0.006325056371202287
2013-08-15,7.98137,2.077110075924525,0.05248909475928665
2013-08-16,7.82916,2.057855224554347,-0.019254851370178017
2013-08-19,7.6665,2.036860187894307,-0.02099503666003999
2013-08-20,7.45907,2.009430741565001,-0.027429446329306106
2013-08-21,7.39938,2.001396212916283,-0.008034528648718009
2013-08-22,7.79111,2.05298334010414,0.051587127187857185
2013-08-23,8.12761,2.095266907401475,0.042283567297334734
2013-08-26,7.89855,2.0666791983228614,-0.02858770907861352
2013-08-27,7.6874,2.0395826249179487,-0.02709657340491267
2013-08-28,7.57324,2.0246209811652385,-0.014961643752710252
2013-08-29,7.42102,2.0043165140389396,-0.020304467126298853
2013-08-30,7.33522,1.9926874043285259,-0.011629109710413754
2013-09-03,7.37849,1.9985690106314333,0.0058816063029074606
2013-09-04,7.45907,2.009430741565001,0.010861730933567681
2013-09-05,7.89855,2.0666791983228614,0.05724845675786039
2013-09-06,7.95898,2.074300850942053,0.007621652619191455
2013-09-09,8.28431,2.1143633643686597,0.04006251342660683
2013-09-10,8.33204,2.120108324155325,0.005744959786665227
2013-09-11,8.34918,2.1221633304476613,0.0020550062923363477
2013-09-12,8.06718,2.08780397883346,-0.03435935161420112
2013-09-13,8.19252,2.1032215428451004,0.015417564011640295
2013-09-16,8.33803,2.1208269774372606,0.01760543459216013
2013-09-17,8.45737,2.135038250582082,0.014211273144821401
2013-09-18,8.85959,2.1815004881512166,0.04646223756913459
2013-09-19,8.88053,2.1838612399077033,0.0023607517564867564
2013-09-20,8.64765,2.1572876077325187,-0.026573632175184603
2013-09-23,8.68571,2.1616791464956338,0.004391538763115044
2013-09-24,8.61558,2.1535721921478315,-0.008106954347802287
2013-09-25,8.46861,2.136366386578016,-0.017205805569815436
2013-09-26,8.46861,2.136366386578016,0.0
2013-09-27,8.35517,2.122880508937904,-0.013485877640111887
2013-09-30,8.40365,2.12866613528066,0.005785626342755812
2013-10-01,8.48049,2.1377682311533053,0.009102095872645322
2013-10-02,8.57678,2.149058551685147,0.011290320531841758
2013-10-03,8.52831,2.1433912176070904,-0.005667334078056641
2013-10-04,8.51781,2.142159265546681,-0.0012319520604093803
2013-10-07,8.50215,2.1403190726885155,-0.0018401928581655014
2013-10-08,8.36042,2.123508665069112,-0.016810407619403556
2013-10-09,8.31187,2.117684613636121,-0.005824051432990807
2013-10-10,8.47385,2.1369849508440177,0.01930033720789659
2013-10-11,8.46861,2.136366386578016,-0.0006185642660017088
2013-10-14,8.52831,2.1433912176070904,0.007024831029074363
2013-10-15,8.51265,2.1415532924657548,-0.001837925141335628
2013-10-16,8.52306,2.1427754312901084,0.0012221388243536246
2013-10-17,8.59319,2.150970029107239,0.0081945978171305
2013-10-18,8.42604,2.13132691075657,-0.019643118350668676
2013-10-21,8.81029,2.1759203565459453,0.044593445789375075
2013-10-22,8.76781,2.171087060262839,-0.004833296283106137
2013-10-23,8.51265,2.1415532924657548,-0.029533767797084387
2013-10-24,8.45146,2.1343392075092424,-0.007214084956512323
2013-10-25,8.63051,2.155303599525356,0.020964392016113553
2013-10-28,9.4125,2.242038593126012,0.08673499360065584
2013-10-29,9.40124,2.2408415954695706,-0.0011969976564412121
2013-10-30,9.46692,2.2478036167043736,0.00696202123480294
2013-10-31,9.45726,2.2467827005178833,-0.0010209161864902505
2013-11-01,9.20581,2.219834806468186,-0.02694789404969722
2013-11-04,9.38041,2.2386234720842,0.01878866561601411
2013-11-05,9.17301,2.2162654766828167,-0.0223579954013835
2013-11-06,9.255,2.225163946025461,0.008898469342644155
2013-11-07,8.97962,2.194957565160398,-0.030206380865062776
2013-11-08,8.83194,2.1783746960334027,-0.01658286912699536
2013-11-11,8.93495,2.1899705526248328,0.011595856591430032
2013-11-12,8.70285,2.163650558222788,-0.02631999440204469
2013-11-13,8.9088,2.187039552277854,0.023388994055066004
2013-11-14,9.23789,2.22331350459827,0.03627395232041586
2013-11-15,9.36916,2.237423444419559,0.014109939821289164
2013-11-18,9.71163,2.273324136392085,0.03590069197252577
2013-11-19,9.55874,2.2574559192138572,-0.015868217178227617
2013-11-20,9.16176,2.2150382999675546,-0.04241761924630261
2013-11-21,9.35276,2.2356714869072114,0.020633186939656767
2013-11-22,9.49528,2.2507948330342957,0.015123346127084325
2013-11-25,9.22743,2.222180569873194,-0.028614263161101938
2013-11-26,8.66331,2.1590968666380683,-0.06308370323512547
2013-11-27,8.56038,2.1471445816916965,-0.011952284946371794
2013-11-29,8.64765,2.1572876077325187,0.010143026040822178
2013-12-02,7.7053,2.0419084037701047,-0.11537920396241397
2013-12-03,7.6665,2.036860187894307,-0.005048215875797624
2013-12-04,7.60681,2.0290438987083608,-0.007816289185946346
2013-12-05,7.55682,2.0224504667791225,-0.006593431929238225
2013-12-06,7.54116,2.020376016340605,-0.0020744504385175055
2013-12-09,7.52549,2.018295924794036,-0.002080091546568852
2013-12-10,7.58965,2.0267854770373046,0.008489552243268417
2013-12-11,7.29269,1.9868724765855739,-0.03991300045173074
2013-12-12,7.29269,1.9868724765855739,0.0
2013-12-13,7.42625,2.0050210206878143,0.018148544102240427
2013-12-16,7.43669,2.0064258573778635,0.0014048366900492049
2013-12-17,7.35089,1.9948213943295066,-0.011604463048356939
2013-12-18,7.43669,2.0064258573778635,0.011604463048356939
2013-12-19,7.36208,1.9963425015101217,-0.010083355867741783
2013-12-20,7.23748,1.9792730795101485,-0.01706942199997319
2013-12-23,7.36208,1.9963425015101217,0.01706942199997319
2013-12-24,7.41207,2.003109752523148,0.006767251013026332
2013-12-26,7.32477,1.991261755092756,-0.011847997430391999
2013-12-27,7.41655,2.003713989483338,0.01245223439058174
2013-12-30,7.41207,2.003109752523148,-0.0006042369601897413
2013-12-31,7.47624,2.011729991806767,0.008620239283618769
2014-01-02,7.22628,1.9777243809368081,-0.03400561086995868
2014-01-03,7.11809,1.9626394310091901,-0.015084949927617997
2014-01-06,7.13973,1.9656749605104327,0.0030355295012425287
2014-01-07,6.99849,1.9456944114999262,-0.0199805490105065
2014-01-08,6.87993,1.928608477474888,-0.01708593402503822
2014-01-09,6.79308,1.9159044469689073,-0.012704030505980679
2014-01-10,6.96543,1.94095934258382,0.02505489561491281
2014-01-13,6.75935,1.9109267315856415,-0.030032610998178555
2014-01-14,6.73794,1.9077542402252126,-0.003172491360428964
2014-01-15,6.89516,1.930819716197203,0.02306547597199038
2014-01-16,6.80345,1.9174298364632496,-0.013389879733953336
2014-01-17,6.77107,1.912659124657129,-0.004770711806120653
2014-01-21,6.64013,1.8931315416099428,-0.01952758304718616
2014-01-22,6.78137,1.9141791464366977,0.02104760482675494
2014-01-23,6.5967,1.8865695239906977,-0.02760962244600007
2014-01-24,6.38002,1.8531712321480234,-0.03339829184267429
2014-01-27,6.40173,1.8565682663377847,0.0033970341897613388
2014-01-28,6.3251,1.8445258447652826,-0.012042421572502127
2014-01-29,6.15282,1.816910513308018,-0.02761533145726469
2014-01-30,6.15282,1.816910513308018,0.0
2014-01-31,6.08194,1.8053237240305828,-0.011586789277435061
2014-02-03,5.89787,1.7745912687802141,-0.030732455250368718
2014-02-04,5.98354,1.7890123660596446,0.014421097279430528
2014-02-05,5.84907,1.766282674247028,-0.022729691812616748
2014-02-06,6.08642,1.806060059938202,0.03977738569117406
2014-02-07,6.15282,1.816910513308018,0.010850453369815938
2014-02-10,6.12984,1.8131686484655543,-0.003741864842463638
2014-02-11,6.3251,1.8445258447652826,0.03135719629972833
2014-02-12,6.21789,1.827430620904334,-0.017095223860948527
2014-02-13,6.27213,1.836116009874121,0.008685388969786878
2014-02-14,6.24468,1.8317299012718822,-0.0043861086022387585
2014-02-18,6.0756,1.8042807497817266,-0.027449151490155588
2014-02-19,6.03837,1.7981341079762547,-0.006146641805471864
2014-02-20,6.1197,1.8115130757148914,0.013378967738636671
2014-02-21,6.20132,1.824762172616177,0.013249096901285506
2014-02-24,6.33086,1.8454360879072806,0.02067391529110374
2014-02-25,6.14775,1.8160861612191128,-0.029349926688167827
2014-02-26,6.00524,1.7926324214277212,-0.023453739791391648
2014-02-27,6.25049,1.8326598606751907,0.04002743924746954
2014-02-28,6.0756,1.8042807497817266,-0.02837911089346412
2014-03-03,5.94011,1.7817276517216063,-0.02255309806012029
2014-03-04,6.01606,1.79443256000206,0.012704908280453786
2014-03-05,5.97749,1.7880007474087511,-0.006431812593308939
2014-03-06,6.06411,1.8023877880172343,0.01438704060848317
2014-03-07,5.91481,1.777459375190007,-0.024928412827227353
2014-03-10,5.79483,1.7569661407272494,-0.020493234462757526
2014-03-11,5.71753,1.7435368939495686,-0.01342924677768087
2014-03-12,5.79968,1.757802743616527,0.014265849666958541
2014-03-13,5.71753,1.7435368939495686,-0.014265849666958541
2014-03-14,5.62606,1.7274093747815042,-0.01612751916806432
2014-03-17,5.57129,1.717626624970153,-0.009782749811351188
2014-03-18,5.72843,1.745441496673148,0.027814871702994903
2014-03-19,5.91481,1.777459375190007,0.032017878516859
2014-03-20,6.2766,1.8368284325956332,0.05936905740562626
2014-03-21,6.2875,1.8385635354258576,0.0017351028302243776
2014-03-24,6.49419,1.8709079310290628,0.032344395603205234
2014-03-25,6.60289,1.887507431979319,0.016599500950256196
2014-03-26,6.50956,1.873271865610631,-0.014235566368687946
2014-03-27,7.00886,1.9471750629999653,0.07390319738933426
2014-03-28,7.15018,1.9671375312142105,0.019962468214245188
2014-03-31,7.13377,1.9648398464394083,-0.002297684774802189
2014-04-01,7.17256,1.9702626341224652,0.005422787683056818
2014-04-02,7.43669,2.0064258573778635,0.036163223255398336
2014-04-03,7.31881,1.99044774645155,-0.015978110926313516
2014-04-04,7.41506,2.0035130672631594,0.013065320811609382
2014-04-07,7.92169,2.069604566901625,0.06609149963846583
2014-04-08,7.7538,2.048183045777064,-0.021421521124561416
2014-04-09,7.7053,2.0419084037701047,-0.006274642006959041
2014-04-10,7.63218,2.032373518773526,-0.009534884996578619
2014-04-11,7.81498,2.0560424046891033,0.023668885915577142
2014-04-14,7.73217,2.045389547653789,-0.010652857035314156
2014-04-15,7.4255,2.004920022488863,-0.04046952516492608
2014-04-16,7.51578,2.0170048102340474,0.0120847877451844
2014-04-17,7.80453,2.0547043343451334,0.037699524111086014
2014-04-21,7.78215,2.051832649627175,-0.0028716847179586225
2014-04-22,7.57622,2.025014394532901,-0.026818255094273713
2014-04-23,7.59861,2.0279653358281613,0.00295094129526019
2014-04-24,7.64785,2.034424562586052,0.006459226757890679
2014-04-25,7.52175,2.0177988236542905,-0.016625738931761447
2014-04-28,7.78215,2.051832649627175,0.03403382597288429
2014-04-29,7.87617,2.0638417451046265,0.012009095477451659
2014-04-30,7.73217,2.045389547653789,-0.01845219745083737
2014-05-01,7.66575,2.036762354895158,-0.008627192758630997
2014-05-02,8.13805,2.0965505935763527,0.05978823868119454
2014-05-05,8.11119,2.093244589792272,-0.0033060037840808576
2014-05-06,8.52233,2.142689777632381,0.049445187840109206
2014-05-07,8.72376,2.1660503376445983,0.023360560012217313
2014-05-08,8.45515,2.134775723174842,-0.03127461446975621
2014-05-09,8.41193,2.129650936360276,-0.005124786814566296
2014-05-12,8.55587,2.146617597088834,0.016966660728558125
2014-05-13,8.59023,2.1506255109578514,0.004007913869017443
2014-05-14,8.68349,2.161423521594995,0.010798010637143474
2014-05-15,8.50666,2.140849386109113,-0.02057413548588194
2014-05-16,8.51191,2.14146635923512,0.0006169731260072808
2014-05-19,8.47303,2.1368881778686215,-0.004578181366498679
2014-05-20,8.20525,2.1047741933039585,-0.03211398456466297
2014-05-21,8.34328,2.1214564244259373,0.016682231121978752
2014-05-22,8.3067,2.1170624180841826,-0.004394006341754686
2014-05-23,8.3067,2.1170624180841826,0.0
2014-05-27,8.14477,2.097376003472369,-0.01968641461181342
2014-05-28,8.23207,2.1080375018969555,0.010661498424586302
2014-05-29,8.12239,2.094624445840915,-0.013413056056040595
2014-05-30,7.85378,2.060994944559015,-0.0336295012818999
2014-06-02,7.71574,2.043262398260097,-0.017732546298918184
2014-06-03,7.7926,2.0531745654291162,0.009912167169019437
2014-06-04,7.64262,2.033740476327885,-0.019434089101231233
2014-06-05,7.6374,2.033057231122307,-0.0006832452055780536
2014-06-06,8.22091,2.1066809085367835,0.07362367741447651
2014-06-09,8.4335,2.1322118697159325,0.025530961179148992
2014-06-10,8.52233,2.142689777632381,0.010477907916448537
2014-06-11,8.72376,2.1660503376445983,0.023360560012217313
2014-06-12,8.62305,2.154438850399393,-0.011611487245205332
2014-06-13,8.84014,2.179302713628219,0.024863863228826055
2014-06-16,8.80135,2.1749051188090984,-0.004397594819120609
2014-06-17,8.64543,2.1570308576322246,-0.01787426117687385
2014-06-18,8.87893,2.1836810542484177,0.026650196616193167
2014-06-19,8.74016,2.167928496136035,-0.01575255811238252
2014-06-20,8.77896,2.1723579496060914,0.004429453470056188
2014-06-23,8.70662,2.164083655848268,-0.008274293757823514
2014-06-24,8.34328,2.1214564244259373,-0.0426272314223306
2014-06-25,8.21041,2.105402861316082,-0.016053563109855506
2014-06-26,8.24404,2.109490515030027,0.004087653713945372
2014-06-27,8.1485,2.0978338612339065,-0.011656653796120686
2014-06-30,8.1485,2.0978338612339065,0.0
2014-07-01,8.11642,2.093889170254962,-0.003944690978944454
2014-07-02,8.0433,2.084839446741429,-0.00904972351353317
2014-07-03,8.07165,2.0883579223491053,0.0035184756076764856
2014-07-07,8.04927,2.0855814040886855,-0.0027765182604198024
2014-07-08,8.05971,2.0868775757223528,0.0012961716336672424
2014-07-09,8.34328,2.1214564244259373,0.03457884870358452
2014-07-10,8.46713,2.136191608268504,0.01473518384256689
2014-07-11,8.46188,2.1355713711526536,-0.0006202371158505748
2014-07-14,8.84465,2.1798127564500756,0.04424138529742194
2014-07-15,8.823,2.1773619482399678,-0.002450808210107791
2014-07-16,8.91253,2.1874581517936553,0.010096203553687566
2014-07-17,8.92972,2.189385039413627,0.0019268876199718399
2014-07-18,9.51389,2.2527528360344844,0.06336779662085723
2014-07-21,9.70347,2.2724835534972785,0.01973071746279409
2014-07-22,9.81462,2.2838731107282944,0.011389557231015868
2014-07-23,9.55342,2.2568992055679473,-0.026973905160347034
2014-07-24,9.50866,2.2522029623181026,-0.004696243249844745
2014-07-25,9.57584,2.2592432596783234,0.007040297360220826
2014-07-28,9.48712,2.2499350892186953,-0.009308170459628062
2014-07-29,9.24011,2.2235537903446363,-0.026381298874059045
2014-07-30,9.23417,2.2229107341384196,-0.0006430562062167411
2014-07-31,8.87893,2.1836810542484177,-0.03922967989000181
2014-08-01,8.81185,2.17609740655282,-0.007583647695597939
2014-08-04,8.96322,2.1931295374271107,0.017032130874290896
2014-08-05,8.95737,2.192476657113706,-0.0006528803134044914
2014-08-06,9.24011,2.2235537903446363,0.031077133230930087
2014-08-07,9.11328,2.2097326903794063,-0.013821099965229955
2014-08-08,8.87893,2.1836810542484177,-0.026051636130988598
2014-08-11,9.16849,2.215772605315535,0.03209155106711714
2014-08-12,9.0125,2.198612502611067,-0.01716010270446766
2014-08-13,8.61189,2.1531438065454847,-0.04546869606558257
2014-08-14,8.61189,2.1531438065454847,0.0
2014-08-15,9.19686,2.2188621214495834,0.06571831490409874
2014-08-18,9.393,2.2399647310123783,0.02110260956279486
2014-08-19,9.72732,2.2749384214648107,0.03497369045243248
2014-08-20,9.84821,2.2872897127815226,0.012351291316711865
2014-08-21,9.87577,2.290084282430862,0.00279456964933944
2014-08-22,9.58036,2.2597151695648234,-0.030369112866038606
2014-08-25,10.0713,2.3096897947239774,0.04997462515915396
2014-08-26,10.1548,2.317946500106745,0.00825670538276757
2014-08-27,10.701,2.3703371950448644,0.05239069493811943
2014-08-28,10.651,2.3656537844610286,-0.004683410583835812
2014-08-29,10.9018,2.388927913216062,0.02327412875503354
2014-09-02,11.5023,2.4425470153718707,0.05361910215580856
2014-09-03,11.3024,2.4250150925473943,-0.017531922824476354
2014-09-04,10.7681,2.376588059634882,-0.04842703291251249
2014-09-05,10.7958,2.379157169604391,0.00256910996950932
2014-09-08,10.2206,2.3244052914671594,-0.05475187813723181
2014-09-09,9.9325,2.295812208706617,-0.028593082760542288
2014-09-10,9.68185,2.270252998730686,-0.025559209975931196
2014-09-11,9.82056,2.2844781472170053,0.014225148486319394
2014-09-12,9.12444,2.210956527722334,-0.07352161949467106
2014-09-15,9.21325,2.2206426653279365,0.00968613760560233
2014-09-16,9.75417,2.2776948858831627,0.057052220555226185
2014-09-17,9.80859,2.283258532360148,0.005563646476985262
2014-09-18,9.51992,2.2533864454066213,-0.029872086953526722
2014-09-19,9.34673,2.235026549509559,-0.018359895897062106
2014-09-22,8.97448,2.194384993977167,-0.040641555532392015
2014-09-23,8.86777,2.182423355468241,-0.011961638508926065
2014-09-24,8.92972,2.189385039413627,0.006961683945386099
2014-09-25,8.66709,2.159533094314284,-0.02985194509934308
2014-09-26,9.16849,2.215772605315535,0.0562395110012508
2014-09-29,8.1888,2.1027673669833327,-0.11300523833220222
2014-09-30,7.90452,2.067434747755218,-0.03533261922811448
2014-10-01,7.40909,2.0027076247490525,-0.06472712300616568
2014-10-02,7.45833,2.009331528565335,0.006623903816282528
2014-10-03,7.78215,2.051832649627175,0.042501121061839786
2014-10-06,8.80135,2.1749051188090984,0.1230724691819236
2014-10-07,9.16849,2.215772605315535,0.04086748650643646
2014-10-08,9.19686,2.2188621214495834,0.003089516134048509
2014-10-09,9.34159,2.2344764732983635,0.015614351848780128
2014-10-10,8.70137,2.1634804845276077,-0.07099598877075586
2014-10-13,9.61919,2.2637600615484317,0.10027957702082402
2014-10-14,9.52435,2.2538516772143935,-0.009908384334038178
2014-10-15,8.66184,2.158927171137189,-0.09492450607720437
2014-10-16,8.07688,2.0890056593484307,-0.06992151178875838
2014-10-17,8.31785,2.118403807977067,0.0293981486286361
2014-10-20,7.79782,2.0538442074522383,-0.06455960052482856
2014-10-21,7.35238,1.9950240703335658,-0.05882013711867251
2014-10-22,7.14644,1.9666143306136048,-0.02840973971996097
2014-10-23,6.74555,1.9088830282182367,-0.057731302395368056
2014-10-24,7.20316,1.974519818627341,0.0656367904091042
2014-10-27,6.21729,1.82733412049172,-0.147185698135621
2014-10-28,6.50701,1.8728800573181823,0.04554593682646235
2014-10-29,6.24468,1.8317299012718822,-0.041150156046300124
2014-10-30,6.30534,1.841396893418945,0.009666992147062903
2014-10-31,6.51783,1.8745414984551096,0.033144605036164565
2014-11-03,6.2728,1.8362228259345752,-0.03831867252053445
2014-11-04,6.30534,1.841396893418945,0.005174067484369882
2014-11-05,6.21729,1.82733412049172,-0.014062772927225131
2014-11-06,5.97621,1.78778658777535,-0.039547532716369904
2014-11-07,6.07113,1.8035447491952674,0.01575816141991737
2014-11-10,5.91727,1.7778751938855273,-0.025669555309740133
2014-11-11,5.93353,1.7806193141480269,0.002744120262499594
2014-11-12,5.88287,1.7720447380688966,-0.008574576079130258
2014-11-13,5.68149,1.7372135222758123,-0.03483121579308435
2014-11-14,5.54271,1.7124835508298002,-0.024729971446012078
2014-11-17,5.19718,1.648116170793072,-0.06436738003672815
2014-11-18,5.24733,1.6577193758086488,0.009603205015576766
2014-11-19,5.28642,1.6651412681902886,0.007421892381639816
2014-11-20,5.40901,1.6880660816581485,0.022924813467859906
2014-11-21,6.03837,1.7981341079762547,0.1100680263181062
2014-11-24,5.8496,1.766373282837639,-0.03176082513861567
2014-11-25,5.78759,1.7557159700473801,-0.010657312790258944
2014-11-26,5.90518,1.7758299318265682,0.020113961779188116
2014-11-28,5.41468,1.6891137836005827,-0.0867161482259855
2014-12-01,5.08026,1.6253624413830448,-0.06375134221753798
2014-12-02,5.01341,1.6121163222898458,-0.01324611909319895
2014-12-03,5.16376,1.641664996304062,0.029548674014216125
2014-12-04,4.96327,1.6020647977046223,-0.03960019859943964
2014-12-05,4.91313,1.5919112132475948,-0.01015358445702752
2014-12-08,4.58445,1.522670142133588,-0.06924107111400679
2014-12-09,4.53976,1.5128741472198126,-0.009795994913775363
2014-12-10,4.31727,1.462623258050521,-0.05025088916929166
2014-12-11,4.1332,1.419051925358063,-0.043571332692458054
2014-12-12,3.96062,1.3764005786678315,-0.042651346690231406
2014-12-15,3.48704,1.2490532388063842,-0.1273473398614473
2014-12-16,3.49832,1.2522828532584906,0.003229614452106455
2014-12-17,3.73223,1.317005910239368,0.06472305698087744
2014-12-18,3.84362,1.346414630862532,0.02940872062316391
2014-12-19,3.96062,1.3764005786678315,0.029985947805299507
2014-12-22,4.14999,1.4231059246011495,0.04670534593331799
2014-12-23,4.29473,1.457388689665097,0.03428276506394745
2014-12-24,4.23347,1.4430219877399029,-0.01436670192519407
2014-12-26,4.11648,1.4149984292482458,-0.028023558491657052
2014-12-29,4.0497,1.398642804300754,-0.016355624947491876
2014-12-30,4.0497,1.398642804300754,0.0
2014-12-31,4.0665,1.4027826786246929,0.004139874323938919
2015-01-02,3.76557,1.3258992442151887,-0.07688343440950418
2015-01-05,3.38124,1.2182425061221445,-0.10765673809304421
2015-01-06,3.35326,1.2099330069770817,-0.008309499145062738
2015-01-07,3.45362,1.239422956300968,0.029489949323886266
2015-01-08,3.76557,1.3258992442151887,0.08647628791422068
2015-01-09,3.93272,1.3693312984414296,0.04343205422624097
2015-01-12,3.65978,1.2974030363170217,-0.07192826212440795
2015-01-13,3.7767,1.3288506124581863,0.03144757614116456
2015-01-14,3.79901,1.3347405064736746,0.0058898940154883395
2015-01-15,3.84915,1.3478523447035937,0.013111838229919126
2015-01-16,3.93272,1.3693312984414296,0.021478953737835926
2015-01-20,3.79348,1.333283803606004,-0.036047494835425686
2015-01-21,4.09418,1.4095664530532417,0.07628264944723773
2015-01-22,4.26138,1.4495930514848316,0.040026598431589955
2015-01-23,4.03851,1.3958758120640418,-0.053717239420789875
2015-01-26,4.02732,1.393101142332812,-0.002774669731229862
2015-01-27,4.14999,1.4231059246011495,0.030004782268337582
2015-01-28,3.6541,1.2958498248500847,-0.12725609975106478
2015-01-29,3.56509,1.2711892989893938,-0.024660525860690896
2015-01-30,3.34782,1.2083093877410631,-0.0628799112483307
2015-02-02,3.57061,1.2727364495425533,0.06442706180149016
2015-02-03,4.06082,1.4013849236637068,0.12864847412115354
2015-02-04,4.04419,1.3972812832395152,-0.004103640424191646
2015-02-05,3.96062,1.3764005786678315,-0.020880704571683673
2015-02-06,3.64306,1.292823987833154,-0.0835765908346775
2015-02-09,3.74342,1.3199996320849359,0.027175644251781872
2015-02-10,3.47041,1.244272742598539,-0.07572688948639694
2015-02-11,3.47041,1.244272742598539,0.0
2015-02-12,3.64306,1.292823987833154,0.04855124523461507
2015-02-13,3.88817,1.3579386099221495,0.06511462208899554
2015-02-17,3.95502,1.3749856580968438,0.017047048174694268
2015-02-18,3.88264,1.3565153346307666,-0.018470323466077243
2015-02-19,3.6988,1.3080084427213465,-0.048506891909420036
2015-02-20,3.70983,1.3109860534670534,0.0029776107457069045
2015-02-23,3.60957,1.2835886516767974,-0.02739740179025607
2015-02-24,3.82124,1.340574977274766,0.05698632559796857
2015-02-25,3.61516,1.2851361146589444,-0.05543886261582154
2015-02-26,3.50376,1.2538366775776972,-0.03129943708124716
2015-02-27,3.69321,1.3064959985916476,0.05265932101395032
2015-03-02,3.54837,1.2664883431138443,-0.04000765547780327
2015-03-03,3.57061,1.2727364495425533,0.006248106428708988
2015-03-04,3.44242,1.2361747124254452,-0.036561737117108084
2015-03-05,3.38677,1.219876664827774,-0.016298047597671284
2015-03-06,3.32006,1.199982855054252,-0.019893809773521953
2015-03-09,3.1139,1.1358759598582786,-0.06410689519597335
2015-03-10,2.95229,1.0825811403955272,-0.053294819462751386
2015-03-11,3.01362,1.1031420139545058,0.02056087355897862
2015-03-12,2.76844,1.0182839846602667,-0.08485802929423913
2015-03-13,2.79075,1.0263103769127044,0.00802639225243773
2015-03-16,2.83545,1.0422006547421467,0.0158902778294423
2015-03-17,3.00236,1.0993986460747331,0.057197991332586406
2015-03-18,3.153,1.1483543805629237,0.04895573448819057
2015-03-19,2.92998,1.0749955970671126,-0.07335878349581115
2015-03-20,3.1139,1.1358759598582786,0.06088036279116604
2015-03-23,3.24753,1.1778947073952373,0.04201874753695867
2015-03-24,3.27537,1.18643083980502,0.008536132409782793
2015-03-25,3.35893,1.2116224708774335,0.0251916310724134
2015-03-26,3.22522,1.171001164975322,-0.04062130590211144
2015-03-27,3.17508,1.1553328288776132,-0.01566833609770879
2015-03-30,3.3032,1.1948916955897435,0.03955886671213027
2015-03-31,3.34782,1.2083093877410631,0.013417692151319605
2015-04-01,3.53726,1.263352416144844,0.055043028403780836
2015-04-02,3.76557,1.3258992442151887,0.06254682807034473
2015-04-06,3.78774,1.3317695351645598,0.005870290949371082
2015-04-07,3.84362,1.346414630862532,0.014645095697972232
2015-04-08,3.85474,1.3493035598640015,0.0028889290014695312
2015-04-09,4.20013,1.43511547719126,0.08581191732725846
2015-04-10,4.31727,1.462623258050521,0.027507780859260977
2015-04-13,4.45635,1.494330045321394,0.03170678727087295
2015-04-14,4.57893,1.5214653463775012,0.027135301056107286
2015-04-15,4.95768,1.6009378893759698,0.07947254299846862
2015-04-16,4.83515,1.5759121522089317,-0.025025737167038153
2015-04-17,4.89627,1.5884736907483055,0.012561538539373807
2015-04-20,4.88529,1.586228649136989,-0.002245041611316445
2015-04-21,4.77941,1.5643171079227935,-0.021911541214195474
2015-04-22,4.97439,1.604302750027633,0.03998564210483946
2015-04-23,5.2362,1.6555960444151836,0.05129329438755059
2015-04-24,5.56428,1.7163675963032787,0.06077155188809513
2015-04-27,5.19718,1.648116170793072,-0.06825142551020669
2015-04-28,5.19159,1.6470400086411534,-0.001076162151918636
2015-04-29,5.20278,1.6491930981161054,0.0021530894749519636
2015-04-30,5.29186,1.6661697908763138,0.01697669276020841
2015-05-01,5.30828,1.6692678656438835,0.003098074767569736
2015-05-04,5.44817,1.6952797724719737,0.02601190682809018
2015-05-05,5.67567,1.7361886180727444,0.04090884560077068
2015-05-06,5.40901,1.6880660816581485,-0.04812253641459585
2015-05-07,5.38081,1.68283892046185,-0.005227161196298624
2015-05-08,5.4261,1.6912206438494422,0.008381723387592244
2015-05-11,5.36409,1.6797267438021641,-0.011493900047278016
2015-05-12,5.43736,1.6932936489569028,0.013566905154738684
2015-05-13,5.48727,1.7024308640832613,0.009137215126358456
2015-05-14,5.53182,1.7105168753121864,0.00808601122892516
2015-05-15,5.6418,1.7302031635289492,0.01968628821676277
2015-05-18,5.39774,1.6859803474483916,-0.04422281608055756
2015-05-19,5.06363,1.6220836174015825,-0.06389673004680918
2015-05-20,5.09131,1.6275351648361602,0.005451547434577764
2015-05-21,5.28642,1.6651412681902886,0.037606103354128395
2015-05-22,5.0969,1.6286325117814906,-0.036508756408798027
2015-05-26,4.7404,1.5561215203321566,-0.07251099144933404
2015-05-27,4.79062,1.5666598393723439,0.010538319040187316
2015-05-28,4.81277,1.5712728019362419,0.004612962563897982
2015-05-29,4.65131,1.5371489003536234,-0.034123901582618466
2015-06-01,4.6625,1.5395517849699338,0.002402884616310441
2015-06-02,4.96879,1.6031763497025668,0.063624564732633
2015-06-03,4.91313,1.5919112132475948,-0.011265136454972069
2015-06-04,4.75159,1.5584792988767775,-0.03343191437081727
2015-06-05,4.79062,1.5666598393723439,0.00818054049556638
2015-06-08,4.90194,1.5896310451289317,0.022971205756587842
2015-06-09,5.04123,1.617650099927549,0.028019054798617216
2015-06-10,5.08026,1.6253624413830448,0.007712341455495819
2015-06-11,5.09131,1.6275351648361602,0.002172723453115477
2015-06-12,5.06915,1.6231731506878195,-0.004362014148340698
2015-06-15,5.06915,1.6231731506878195,0.0
2015-06-16,5.29186,1.6661697908763138,0.04299664018849425
2015-06-17,5.29186,1.6661697908763138,0.0
2015-06-18,5.39774,1.6859803474483916,0.019810556572077864
2015-06-19,5.2362,1.6555960444151836,-0.03038430303320805
2015-06-22,5.28074,1.6640662394130155,0.00847019499783186
2015-06-23,5.25292,1.658784112463128,-0.0052821269498875
2015-06-24,5.27523,1.6630222803073298,0.0042381678442018345
2015-06-25,5.03005,1.6154299244200958,-0.047592355887233984
2015-06-26,5.24195,1.656693566511581,0.04126364209148514
2015-06-29,5.03005,1.6154299244200958,-0.04126364209148514
2015-06-30,5.04123,1.617650099927549,0.002220175507453126
2015-07-01,4.81837,1.5724356965948356,-0.045214403332713315
2015-07-02,4.91872,1.5930483340544304,0.02061263745959474
2015-07-06,4.56774,1.5190185530455698,-0.0740297810088606
2015-07-07,4.61788,1.5299357253196697,0.01091717227409994
2015-07-08,4.47858,1.499306031897383,-0.03062969342228672
2015-07-09,4.61229,1.5287244798749093,0.029418447977526352
2015-07-10,4.66802,1.540734998905277,0.01201051903036765
2015-07-13,4.7404,1.5561215203321566,0.015386521426879574
2015-07-14,4.80172,1.5689741870611227,0.012852666728966122
2015-07-15,4.69033,1.545502942456213,-0.02347124460490968
2015-07-16,4.68467,1.5442954756428413,-0.0012074668133716937
2015-07-17,4.42844,1.4880473775700949,-0.056248098072746444
2015-07-20,4.1723,1.4284674425110868,-0.05957993505900805
2015-07-21,4.16662,1.4271051555774252,-0.0013622869336615828
2015-07-22,3.93272,1.3693312984414296,-0.05777385713599559
2015-07-23,3.84915,1.3478523447035937,-0.021478953737835926
2015-07-24,3.70424,1.3094781095012542,-0.03837423520233951
2015-07-27,3.48145,1.2474488736715992,-0.06202923582965503
2015-07-28,3.67097,1.3004559323211307,0.05300705864953148
2015-07-29,3.93831,1.3707516972811835,0.07029576496005285
2015-07-30,3.81578,1.3391450999324859,-0.03160659734869764
2015-07-31,3.78774,1.3317695351645598,-0.007375564767926113
2015-08-03,3.53726,1.263352416144844,-0.06841711901971581
2015-08-04,3.59292,1.2789652423672198,0.015612826222375809
2015-08-05,3.52062,1.2586371104634542,-0.02032813190376559
2015-08-06,3.61516,1.2851361146589444,0.026499004195490228
2015-08-07,3.37013,1.2149513192879042,-0.07018479537104017
2015-08-10,3.59292,1.2789652423672198,0.06401392307931553
2015-08-11,3.48145,1.2474488736715992,-0.03151636869562058
2015-08-12,3.55957,1.2696397510518063,0.022190877380207086
2015-08-13,3.37565,1.2165878983735132,-0.05305185267829304
2015-08-14,3.3367,1.2049822946191098,-0.011605603754403448
2015-08-17,3.29768,1.193219190927715,-0.011763103691394772
2015-08-18,3.24753,1.1778947073952373,-0.015324483532477728
2015-08-19,3.14166,1.144751322647798,-0.033143384747439164
2015-08-20,3.13047,1.1411831530236247,-0.0035681696241733896
2015-08-21,2.93573,1.0769561446706577,-0.06422700835296702
2015-08-24,2.7295,1.0041184422396752,-0.07283770243098253
2015-08-25,2.77404,1.0203047413993487,0.016186299159673512
2015-08-26,2.82985,1.0402237067168405,0.01991896531749182
2015-08-27,3.19188,1.1606100848959282,0.1203863781790877
2015-08-28,3.21971,1.16929129338868,0.00868120849275189
2015-08-31,3.26433,1.1830545349324793,0.013763241543799154
2015-09-01,3.01922,1.1049985198815384,-0.07805601505094084
2015-09-02,3.05824,1.1178395870956779,0.012841067214139468
2015-09-03,3.06369,1.11962007182509,0.0017804847294120574
2015-09-04,2.87432,1.0558161245345055,-0.06380394729058447
2015-09-08,2.94678,1.0807130487802779,0.02489692424577239
2015-09-09,2.83545,1.0422006547421467,-0.038512394038131115
2015-09-10,2.70167,0.9938701003250611,-0.04833055441708567
2015-09-11,2.54013,0.9322152608230995,-0.0616548395019616
2015-09-14,2.58467,0.9495978402367473,0.017382579413647847
2015-09-15,2.52894,0.9278002426139826,-0.021797597622764675
2015-09-16,2.74613,1.0101926478129657,0.08239240519898305
2015-09-17,2.69047,0.9897158995413694,-0.02047674827159629
2015-09-18,2.48448,0.910063382118399,-0.07965251742297041
2015-09-21,2.41762,0.8827835851692276,-0.027279796949171375
2015-09-22,2.28383,0.8258538582005353,-0.05692972696869236
2015-09-23,2.25041,0.8111124218380985,-0.014741436362436744
2015-09-24,2.30621,0.8356054844828467,0.024493062644748154
2015-09-25,2.27279,0.8210081516889572,-0.014597332793889417
2015-09-28,2.07216,0.7285915414931399,-0.09241661019581737
2015-09-29,2.16692,0.7733068044754348,0.04471526298229489
2015-09-30,2.42306,0.8850312042186774,0.11172439974324266
2015-10-01,2.32293,0.8428293198861232,-0.04220188433255423
2015-10-02,2.58467,0.9495978402367473,0.10676852035062412
2015-10-05,2.72383,1.0020389781165906,0.05244113787984328
2015-10-06,2.87432,1.0558161245345055,0.05377714641791487
2015-10-07,2.9914,1.0957415052430892,0.03992538070858376
2015-10-08,3.16405,1.1518528525618343,0.05611134731874512
2015-10-09,3.15852,1.1501035634562473,-0.0017492891055870263
2015-10-12,3.01922,1.1049985198815384,-0.0451050435747089
2015-10-13,2.8018,1.0302620677798766,-0.0747364521016618
2015-10-14,2.8018,1.0302620677798766,0.0
2015-10-15,2.83545,1.0422006547421467,0.011938586962270126
2015-10-16,2.82985,1.0402237067168405,-0.0019769480253062355
2015-10-19,2.77957,1.0222962394799466,-0.017927467236893868
2015-10-20,2.75181,1.012258876990004,-0.01003736248994258
2015-10-21,2.66272,0.9793481567299281,-0.03291072026007591
2015-10-22,2.77957,1.0222962394799466,0.04294808275001849
2015-10-23,2.77404,1.0203047413993487,-0.001991498080597953
2015-10-26,2.74061,1.008180523359328,-0.012124218040020729
2015-10-27,2.61818,0.9624794198988442,-0.04570110346048373
2015-10-28,2.66824,0.9814190790301556,0.018939659131311348
2015-10-29,2.68488,0.9876360342246477,0.006216955194492169
2015-10-30,2.71845,1.0000618649388324,0.012425830714184682
2015-11-02,2.79635,1.0283149953642439,0.028253130425411443
2015-11-03,3.09166,1.1287081634888325,0.10039316812458865
2015-11-04,2.91894,1.0712205366761374,-0.05748762681269515
2015-11-05,2.87999,1.057786821919604,-0.013433714756533321
2015-11-06,2.81873,1.0362864288999987,-0.02150039301960538
2015-11-09,2.72383,1.0020389781165906,-0.03424745078340807
2015-11-10,2.74613,1.0101926478129657,0.008153669696375099
2015-11-11,2.70727,0.9959407470694766,-0.014251900743489143
2015-11-12,2.62363,0.9645588550419872,-0.03138189202748931
2015-11-13,2.5458,0.9344449424541971,-0.03011391258779017
2015-11-16,2.76844,1.0182839846602667,0.08383904220606964
2015-11-17,2.70727,0.9959407470694766,-0.022343237590790155
2015-11-18,2.82418,1.0382180569764985,0.04227730990702194
2015-11-19,2.83545,1.0422006547421467,0.003982597765648244
2015-11-20,2.86306,1.0518909829344543,0.009690328192307529
2015-11-23,2.91894,1.0712205366761374,0.019329553741683103
2015-11-24,3.10265,1.132256585034259,0.0610360483581216
2015-11-25,2.85208,1.0480485526495253,-0.08420803238473362
2015-11-27,2.74613,1.0101926478129657,-0.03785590483655965
2015-11-30,2.65705,0.9772164848166491,-0.03297616299631656
2015-12-01,2.64041,0.9709342081302607,-0.006282276686388477
2015-12-02,2.7574,1.0142882067553916,0.043353998625130896
2015-12-03,2.83545,1.0422006547421467,0.027912447986755184
2015-12-04,2.66824,0.9814190790301556,-0.060781575711991165
2015-12-07,2.5458,0.9344449424541971,-0.0469741365759585
2015-12-08,2.65153,0.9751368318814086,0.04069188942721158
2015-12-09,2.78516,1.0243053223573895,0.04916849047598082
2015-12-10,2.63481,0.9688110731316846,-0.055494249225704895
2015-12-11,2.49566,0.9145532232799559,-0.05425784985172866
2015-12-14,2.50663,0.918939221527079,0.004385998247123046
2015-12-15,2.57923,0.9474909047761741,0.028551683249095183
2015-12-16,2.5958,0.9538947542715216,0.006403849495347447
2015-12-17,2.48448,0.910063382118399,-0.043831372153122605
2015-12-18,2.42306,0.8850312042186774,-0.025032177899721564
2015-12-21,2.28943,0.8283028782863935,-0.05672832593228394
2015-12-22,2.38404,0.8687965275858355,0.04049364929944199
2015-12-23,2.52894,0.9278002426139826,0.05900371502814716
2015-12-24,2.52341,0.9256111614108403,-0.002189081203142318
2015-12-28,2.47887,0.9078028111778007,-0.017808350233039616
2015-12-29,2.46201,0.9009780894924369,-0.006824721685363855
2015-12-30,2.36747,0.8618218744033019,-0.039156215089134916
2015-12-31,2.3953,0.8735084839787136,0.011686609575411677
2016-01-04,2.373,0.8641549774536266,-0.00935350652508704
2016-01-05,2.32838,0.8451727467891351,-0.01898223066449145
2016-01-06,2.20035,0.7886164386197444,-0.05655630816939072
2016-01-07,2.1223,0.7525004062594585,-0.03611603236028593
2016-01-08,2.08894,0.7366567602854518,-0.01584364597400667
2016-01-11,2.06663,0.7259192612900623,-0.01073749899538945
2016-01-12,1.94405,0.6647734258720986,-0.0611458354179637
2016-01-13,1.86608,0.6238399739606026,-0.040933451911496
2016-01-14,2.00531,0.6957986622734367,0.07195868831283403
2016-01-15,1.82153,0.5996768072732087,-0.09612185500022796
2016-01-19,1.67671,0.5168335400399812,-0.08284326723322755
2016-01-20,1.63761,0.4932378618436113,-0.023595678196369874
2016-01-21,1.66,0.5068176023684519,0.013579740524840567
2016-01-22,1.6879,0.523485152712745,0.016667550344293125
2016-01-25,1.62657,0.48647350320162963,-0.03701164951111535
2016-01-26,1.63201,0.4898123839741229,0.00333888077249328
2016-01-27,1.74356,0.5559290000774275,0.0661166161033046
2016-01-28,1.78258,0.5780617530846154,0.022132753007187866
2016-01-29,1.93292,0.6590318129238123,0.08097005983919692
2016-02-01,1.83272,0.6058012021429555,-0.05323061078085678
2016-02-02,1.66,0.5068176023684519,-0.09898359977450366
2016-02-03,1.74356,0.5559290000774275,0.04911139770897566
2016-02-04,1.91061,0.6474225627979928,0.0914935627205653
2016-02-05,1.80489,0.5904996480995608,-0.056922914698432026
2016-02-08,1.73796,0.5527120116186282,-0.03778763648093264
2016-02-09,1.66559,0.5101794150180851,-0.04253259660054309
2016-02-10,1.71013,0.5365693910167497,0.02638997599866466
2016-02-11,1.61552,0.4796568862738739,-0.05691250474287585
2016-02-12,1.73796,0.5527120116186282,0.07305512534475428
2016-02-16,1.70454,0.5332952796129292,-0.019416732005698933
2016-02-17,1.89399,0.6386857149189028,0.10539043530597358
2016-02-18,1.79915,0.5873143311478699,-0.0513713837710329
2016-02-19,1.75467,0.5622808050491506,-0.02503352609871934
2016-02-22,2.04992,0.7178007679986017,0.15551996294945114
2016-02-23,1.97195,0.679022900889427,-0.038777867109174746
2016-02-24,1.94957,0.6676088354386158,-0.01141406545081114
2016-02-25,1.94957,0.6676088354386158,0.0
2016-02-26,1.88279,0.6327547192921646,-0.034854116146451175
2016-02-29,2.00531,0.6957986622734367,0.06304394298127203
2016-03-01,2.1111,0.7472091386584758,0.05141047638503915
2016-03-02,2.28943,0.8283028782863935,0.08109373962791766
2016-03-03,2.62363,0.9645588550419872,0.13625597675559376
2016-03-04,2.92998,1.0749955970671126,0.11043674202512532
2016-03-07,2.90767,1.0673520731769037,-0.0076435238902088365
2016-03-08,2.82418,1.0382180569764985,-0.029134016200405233
2016-03-09,2.85762,1.04998911055573,0.011771053579231472
2016-03-10,2.98027,1.0920139004398617,0.04202478988413172
2016-03-11,3.08041,1.125062705009334,0.033048804569472345
2016-03-14,2.90767,1.0673520731769037,-0.057710631832430304
2016-03-15,2.66824,0.9814190790301556,-0.08593299414674815
2016-03-16,2.85762,1.04998911055573,0.0685700315255744
2016-03-17,3.13614,1.1429927443488417,0.09300363379311172
2016-03-18,3.10265,1.132256585034259,-0.010736159314582716
2016-03-21,3.14166,1.144751322647798,0.012494737613539142
2016-03-22,3.21411,1.1675504919941178,0.022799169346319648
2016-03-23,2.98579,1.0938643684455964,-0.07368612354852133
2016-03-24,3.00802,1.1012820550016595,0.007417686556063119
2016-03-28,3.22522,1.171001164975322,0.06971910997366249
2016-03-29,3.24753,1.1778947073952373,0.006893542419915244
2016-03-30,3.26433,1.1830545349324793,0.005159827537241979
2016-03-31,3.25328,1.1796637181798946,-0.00339081675258468
2016-04-01,3.26984,1.1847410540484584,0.005077335868563848
2016-04-04,2.95229,1.0825811403955272,-0.1021599136529312
2016-04-05,2.96333,1.0863136359976784,0.0037324956021511646
2016-04-06,2.96333,1.0863136359976784,0.0
2016-04-07,2.96333,1.0863136359976784,0.0
2016-04-08,3.20291,1.1640597715747378,0.07774613557705945
2016-04-11,3.28096,1.1881360624995894,0.02407629092485153
2016-04-12,3.58181,1.2758682592389492,0.08773219673935984
2016-04-13,3.74886,1.3214517937649526,0.04558353452600339
2016-04-14,3.67656,1.3019775323904133,-0.019474261374539337
2016-04-15,3.74342,1.3199996320849359,0.01802209969452262
2016-04-18,3.62068,1.2866618535008272,-0.03333777858410869
2016-04-19,3.88264,1.3565153346307666,0.06985348112993939
2016-04-20,3.87705,1.3550745551751446,-0.0014407794556219322
2016-04-21,3.81012,1.3376606847056112,-0.017413870469533466
2016-04-22,4.01068,1.3889608030019334,0.051300118296322195
2016-04-25,3.86026,1.3507345387212775,-0.0382262642806559
2016-04-26,4.02187,1.3917469686003383,0.04101242987906084
2016-04-27,4.22244,1.4404131600073866,0.04866619140704831
2016-04-28,4.28914,1.4560862466434248,0.01567308663603817
2016-04-29,4.29473,1.457388689665097,0.0013024430216721505
2016-05-02,4.22244,1.4404131600073866,-0.01697552965771032
2016-05-03,3.99396,1.384783219920939,-0.05562994008644773
2016-05-04,4.0776,1.405508580043695,0.020725360122756165
2016-05-05,3.93831,1.3707516972811835,-0.03475688276251154
2016-05-06,4.08313,1.406863851164401,0.036112153883217424
2016-05-09,3.8046,1.336210860951904,-0.07065299021249705
2016-05-10,4.09418,1.4095664530532417,0.0733555921013378
2016-05-11,4.1332,1.419051925358063,0.009485472304821219
2016-05-12,4.09418,1.4095664530532417,-0.009485472304821219
2016-05-13,3.83236,1.3434808014162418,-0.06608565163699986
2016-05-16,3.98293,1.3820177293526277,0.038536927936385856
2016-05-17,3.9495,1.3735889886223367,-0.008428740730290984
2016-05-18,3.76005,1.3244322551857277,-0.04915673343660898
2016-05-19,3.5762,1.2743007841589655,-0.05013147102676219
2016-05-20,3.59292,1.2789652423672198,0.00466445820825423
2016-05-23,3.4258,1.2313350210817475,-0.04763022128547223
2016-05-24,3.44242,1.2361747124254452,0.004839691343697661
2016-05-25,3.44802,1.237800153248661,0.0016254408232159179
2016-05-26,3.37565,1.2165878983735132,-0.021212254875147885
2016-05-27,3.25328,1.1796637181798946,-0.03692418019361865
2016-05-31,3.13614,1.1429927443488417,-0.03667097383105289
2016-06-01,3.23642,1.1744677806382993,0.03147503628945758
2016-06-02,3.29768,1.193219190927715,0.018751410289415738
2016-06-03,3.39236,1.2215258443735182,0.028306653445803187
2016-06-06,3.46473,1.2426347075278616,0.02110886315434346
2016-06-07,3.5874,1.2774277061327768,0.03479299860491514
2016-06-08,3.98293,1.3820177293526277,0.10459002321985089
2016-06-09,3.83802,1.3449566086193514,-0.037061120733276276
2016-06-10,3.60411,1.2820748609229349,-0.06288174769641652
2016-06-13,3.45362,1.239422956300968,-0.042651904621966885
2016-06-14,3.35326,1.2099330069770817,-0.029489949323886266
2016-06-15,3.4369,1.2345699023033136,0.024636895326231922
2016-06-16,3.46473,1.2426347075278616,0.008064805224548
2016-06-17,3.68769,1.305000245762278,0.06236553823441637
2016-06-20,3.84362,1.346414630862532,0.04141438510025397
2016-06-21,3.90481,1.3622091265381464,0.015794495675614417
2016-06-22,3.85474,1.3493035598640015,-0.012905566674144886
2016-06-23,4.01636,1.3903760198061377,0.04107245994213615
2016-06-24,3.75438,1.3229231584009924,-0.06745286140514528
2016-06-27,3.52062,1.2586371104634542,-0.06428604793753823
2016-06-28,3.7767,1.3288506124581863,0.07021350199473209
2016-06-29,3.99956,1.3861843550694468,0.05733374261126056
2016-06-30,3.98837,1.3833826261309534,-0.0028017289384933974
2016-07-01,4.1611,1.4257794623964748,0.042396836265521376
2016-07-05,3.83236,1.3434808014162418,-0.08229866098023297
2016-07-06,3.89936,1.3608124371051993,0.01733163568895746
2016-07-07,3.96599,1.377755508662252,0.016943071557052658
2016-07-08,4.1611,1.4257794623964748,0.04802395373422286
2016-07-11,4.32823,1.465158682461197,0.039379220064722276
2016-07-12,4.50089,1.5042751549986055,0.039116472537408464
2016-07-13,4.41173,1.4842669027824853,-0.020008252216120237
2016-07-14,4.57334,1.5202437913545146,0.0359768885720293
2016-07-15,4.5288,1.510457003740313,-0.009786787614201486
2016-07-18,4.67354,1.5419168144997764,0.03145981075946325
2016-07-19,4.71801,1.5513871005254158,0.009470286025639485
2016-07-20,4.66802,1.540734998905277,-0.010652101620138854
2016-07-21,4.6625,1.5395517849699338,-0.0011832139353431526
2016-07-22,4.71257,1.550233406775214,0.010681621805280095
2016-07-25,4.61788,1.5299357253196697,-0.020297681455544225
2016-07-26,4.68467,1.5442954756428413,0.014359750323171605
2016-07-27,4.64004,1.5347229868906611,-0.009572488752180197
2016-07-28,4.48985,1.5018192936237345,-0.03290369326692666
2016-07-29,4.83515,1.5759121522089317,0.07409285858519721
2016-08-01,4.50089,1.5042751549986055,-0.07163699721032613
2016-08-02,4.40627,1.4830285265752328,-0.02124662842337277
2016-08-03,4.61788,1.5299357253196697,0.04690719874443694
2016-08-04,4.68467,1.5442954756428413,0.014359750323171605
2016-08-05,4.65691,1.5383521380673069,-0.005943337575534446
2016-08-08,4.81837,1.5724356965948356,0.03408355852752876
2016-08-09,4.84635,1.5782258443013333,0.005790147706497661
2016-08-10,4.69593,1.5466961761114584,-0.031529668189874904
2016-08-11,4.82949,1.5747408720273464,0.028044695915887985
2016-08-12,4.86291,1.5816370241560043,0.006896152128657906
2016-08-15,5.05781,1.620933583287573,0.03929655913156882
2016-08-16,5.10825,1.6308568798074004,0.009923296519827263
2016-08-17,5.18054,1.644909297942287,0.014052418134886668
2016-08-18,5.25829,1.6598058788377306,0.014896580895443545
2016-08-19,5.25292,1.658784112463128,-0.0010217663746026062
2016-08-22,5.04123,1.617650099927549,-0.04113401253557902
2016-08-23,5.15823,1.6405934973917229,0.022943397464173954
2016-08-24,5.04123,1.617650099927549,-0.022943397464173954
2016-08-25,5.11914,1.632986456193086,0.015336356265537088
2016-08-26,5.07466,1.6242595276096892,-0.008726928583396854
2016-08-29,5.21949,1.652399695972054,0.02814016836236477
2016-08-30,5.23068,1.6545412887455373,0.0021415927734833584
2016-08-31,5.09131,1.6275351648361602,-0.027006123909377067
2016-09-01,5.13593,1.6362609370112915,0.008725772175131263
2016-09-02,5.33603,1.6744819307864236,0.038220993775132106
2016-09-06,5.53697,1.71144741972971,0.03696548894328644
2016-09-07,5.50407,1.7054878185734248,-0.0059596011562852436
2016-09-08,5.66971,1.73513797004716,0.029650151473735287
2016-09-09,5.29739,1.6672142464331696,-0.06792372361399046
2016-09-12,5.46534,1.6984263337829473,0.03121208734977765
2016-09-13,4.96879,1.6031763497025668,-0.09524998408038043
2016-09-14,4.9855,1.6065336992867105,0.0033573495841436873
2016-09-15,5.16376,1.641664996304062,0.035131297017351404
2016-09-16,5.06915,1.6231731506878195,-0.018491845616242397
2016-09-19,5.06915,1.6231731506878195,0.0
2016-09-20,5.13593,1.6362609370112915,0.013087786323471962
2016-09-21,5.29739,1.6672142464331696,0.030953309421878128
2016-09-22,5.32492,1.6723976880084568,0.005183441575287162
2016-09-23,5.11369,1.6319212571200399,-0.0404764308884169
2016-09-26,5.019,1.6132307106727966,-0.018690546447243328
2016-09-27,5.04683,1.6187603234145644,0.005529612741767886
2016-09-28,5.29186,1.6661697908763138,0.047409467461749344
2016-09-29,5.16376,1.641664996304062,-0.024504794572251853
2016-09-30,5.19718,1.648116170793072,0.006451174489010114
2016-10-03,5.40349,1.6870450411070157,0.03892887031394365
2016-10-04,5.34163,1.675530849840494,-0.011514191266521756
2016-10-05,5.53182,1.7105168753121864,0.034986025471692495
2016-10-06,5.799,1.7576854888943036,0.047168613582117214
2016-10-07,5.86593,1.769161037309834,0.011475548415530445
2016-10-10,6.05523,1.8009223614198895,0.03176132411005539
2016-10-11,5.95451,1.7841489156266361,-0.01677344579325335
2016-10-12,5.93771,1.7813235371563645,-0.0028253784702716445
2016-10-13,6.1273,1.8127541961485607,0.031430658992196214
2016-10-14,6.2058,1.825484338629676,0.012730142481115259
2016-10-17,6.3551,1.849257640158841,0.023773301529165014
2016-10-18,6.55603,1.8803852368320653,0.03112759667322429
2016-10-19,6.61804,1.889799253603246,0.0094140167711807
2016-10-20,6.69041,1.9006751577630048,0.010875904159758809
2016-10-21,6.77868,1.9137823927322075,0.013107234969202741
2016-10-24,6.91306,1.9334123762253328,0.01962998349312528
2016-10-25,6.78487,1.9146951331917093,-0.018717243033623543
2016-10-26,6.77316,1.9129677431635466,-0.0017273900281626897
2016-10-27,6.72899,1.9064250581001576,-0.006542685063388953
2016-10-28,6.61326,1.8890767244174596,-0.01734833368269806
2016-10-31,6.5012,1.8719867752468837,-0.017089949170575824
2016-11-01,6.17708,1.8208456679007385,-0.05114110734614519
2016-11-02,5.97621,1.78778658777535,-0.033059080125388496
2016-11-03,5.91115,1.7768403979371066,-0.01094618983824347
2016-11-04,5.92145,1.7785813513372957,0.0017409534001890936
2016-11-07,6.35063,1.8485540205817812,0.06997266924448553
2016-11-08,6.36659,1.8510640044271538,0.0025099838453725987
2016-11-09,6.30534,1.841396893418945,-0.009667111008208717
2016-11-10,5.75991,1.7509218495857282,-0.09047504383321692
2016-11-11,5.42034,1.6901585441113776,-0.060763305474350604
2016-11-14,5.33052,1.6734487943946004,-0.01670974971677719
2016-11-15,5.56428,1.7163675963032787,0.04291880190867836
2016-11-16,5.47608,1.7003895165232874,-0.015978079779991328
2016-11-17,5.34723,1.6765786698161256,-0.023810846707161826
2016-11-18,5.37535,1.6818236881728235,0.005245018356697884
2016-11-21,5.71992,1.7439548192799152,0.062131131107091786
2016-11-22,5.83758,1.764316327397898,0.020361508117982652
2016-11-23,5.82736,1.7625640676151695,-0.0017522597827284159
2016-11-25,5.68149,1.7372135222758123,-0.02535054533935721
2016-11-28,5.70941,1.7421156908336437,0.004902168557831432
2016-11-29,5.48727,1.7024308640832613,-0.03968482675038243
2016-11-30,6.05523,1.8009223614198895,0.09849149733662821
2016-12-01,5.86593,1.769161037309834,-0.03176132411005539
2016-12-02,5.94854,1.7831458112961338,0.013984773986299714
2016-12-05,5.82131,1.7615253223259664,-0.02162048897016744
2016-12-06,5.99859,1.7915244416112284,0.029999119285262
2016-12-07,6.02151,1.7953380584327872,0.003813616821558785
2016-12-08,6.05523,1.8009223614198895,0.00558430298710233
2016-12-09,6.03837,1.7981341079762547,-0.0027882534436347584
2016-12-12,6.08776,1.8062801979689211,0.008146089992666417
2016-12-13,6.09411,1.8073227309421245,0.0010425329732033362
2016-12-14,5.79356,1.756746955835287,-0.05057577510683742
2016-12-15,5.71529,1.7431450396164012,-0.013601916218885846
2016-12-16,5.68724,1.7382250689464247,-0.0049199706699765144
2016-12-19,5.50407,1.7054878185734248,-0.032737250372999904
2016-12-20,5.52018,1.7084104684530041,0.002922649879579353
2016-12-21,5.53182,1.7105168753121864,0.002106406859182286
2016-12-22,5.50407,1.7054878185734248,-0.005029056738761639
2016-12-23,5.63136,1.7283509760350042,0.02286315746157941
2016-12-27,5.65337,1.732251827523671,0.003900851488666701
2016-12-28,5.75447,1.7499769441014978,0.017725116577826938
2016-12-29,5.75447,1.7499769441014978,0.0
2016-12-30,5.63136,1.7283509760350042,-0.02162596806649364
2017-01-03,6.03292,1.7972311389695776,0.06888016293457344
2017-01-04,6.01546,1.7943328219805137,-0.0028983169890639537
2017-01-05,6.18281,1.8217728606848977,0.02744003870438405
2017-01-06,6.05523,1.8009223614198895,-0.02085049926500826
2017-01-09,6.03292,1.7972311389695776,-0.0036912224503118374
2017-01-10,6.13813,1.8145201355105698,0.01728899654099214
2017-01-11,6.42785,1.8606401121953995,0.0461199766848297
2017-01-12,6.40039,1.856358926009012,-0.004281186186387398
2017-01-13,6.30534,1.841396893418945,-0.01496203259006701
2017-01-17,6.27788,1.837032343869447,-0.0043645495494981645
2017-01-18,6.22363,1.8283533378082584,-0.008679006061188543
2017-01-19,6.2058,1.825484338629676,-0.00286899917858241
2017-01-20,6.239,1.8308199131286493,0.005335574498973372
2017-01-23,6.31168,1.8424018851735149,0.011581972044865552
2017-01-24,6.18281,1.8217728606848977,-0.020629024488617143
2017-01-25,6.11134,1.8101460617403022,-0.011626798944595507
2017-01-26,6.07686,1.8044881152047794,-0.005657946535522873
2017-01-27,6.01061,1.7935262409007526,-0.01096187430402673
2017-01-30,5.78759,1.7557159700473801,-0.03781027085337252
2017-01-31,5.71529,1.7431450396164012,-0.0125709304309789
2017-02-01,5.69896,1.740283702053007,-0.0028613375633941285
2017-02-02,5.65337,1.732251827523671,-0.00803187452933618
2017-02-03,5.75447,1.7499769441014978,0.017725116577826938
2017-02-06,5.67567,1.7361886180727444,-0.013788326028753461
2017-02-07,5.61442,1.7253382881089212,-0.01085032996382318
2017-02-08,5.70418,1.7411992394163334,0.015860951307412163
2017-02-09,5.64769,1.7312466119990593,-0.009952627417274096
2017-02-10,5.80505,1.7587282283771881,0.027481616378128848
2017-02-13,5.88833,1.772972426051698,0.014244197674509795
2017-02-14,6.07686,1.8044881152047794,0.03151568915308145
2017-02-15,6.1056,1.8092063828317757,0.004718267626996342
2017-02-16,6.0647,1.802485077034123,-0.006721305797652732
2017-02-17,5.99859,1.7915244416112284,-0.010960635422894605
2017-02-21,6.15029,1.816499235178234,0.024974793567005715
2017-02-22,5.99315,1.790617150363557,-0.02588208481467702
2017-02-23,5.9654,1.7859761111389878,-0.0046410392245692655
2017-02-24,5.69305,1.7392461326459927,-0.046729978492995095
2017-02-27,5.69305,1.7392461326459927,0.0
2017-02-28,5.61442,1.7253382881089212,-0.013907844537071501
2017-03-01,5.89428,1.7739823891253739,0.04864410101645267
2017-03-02,5.55435,1.71458140454402,-0.0594009845813539
2017-03-03,5.68724,1.7382250689464247,0.02364366440240473
2017-03-06,5.63709,1.729367974911313,-0.00885709403511159
2017-03-07,5.63709,1.729367974911313,0.0
2017-03-08,5.21381,1.651310874494448,-0.07805710041686509
2017-03-09,5.15823,1.6405934973917229,-0.010717377102725134
2017-03-10,5.22494,1.6534433145313532,0.012849817139630293
2017-03-13,5.25292,1.658784112463128,0.005340797931774777
2017-03-14,5.03557,1.6165267273102046,-0.04225738515292332
2017-03-15,5.21949,1.652399695972054,0.0358729686618493
2017-03-16,5.11914,1.632986456193086,-0.019413239778967917
2017-03-17,4.96327,1.6020647977046223,-0.030921658488463732
2017-03-20,5.10825,1.6308568798074004,0.02879208210277806
2017-03-21,4.9076,1.5907850239348909,-0.0400718558725095
2017-03-22,5.07466,1.6242595276096892,0.03347450367479832
2017-03-23,5.04123,1.617650099927549,-0.006609427682140234
2017-03-24,5.04683,1.6187603234145644,0.0011102234870155048
2017-03-27,5.10256,1.6297423745744224,0.010982051159857953
2017-03-28,5.18599,1.6459607588461986,0.016218384271776243
2017-03-29,5.38081,1.68283892046185,0.03687816161565127
2017-03-30,5.33603,1.6744819307864236,-0.008356989675426307
2017-03-31,5.39774,1.6859803474483916,0.011498416661968047
2017-04-03,5.43176,1.692263206658812,0.006282859210420266
2017-04-04,5.54271,1.7124835508298002,0.02022034417098828
2017-04-05,5.45386,1.6963236148603462,-0.016159935969453976
2017-04-06,5.38648,1.6838921103590478,-0.012431504501298374
2017-04-07,5.43736,1.6932936489569028,0.009401538597854975
2017-04-10,5.50981,1.7065301398116584,0.013236490854755534
2017-04-11,5.42034,1.6901585441113776,-0.016371595700280794
2017-04-12,5.38081,1.68283892046185,-0.007319623649527651
2017-04-13,5.15823,1.6405934973917229,-0.04224542307012702
2017-04-17,5.25829,1.6598058788377306,0.019212381446007676
2017-04-18,5.15823,1.6405934973917229,-0.019212381446007676
2017-04-19,4.96327,1.6020647977046223,-0.0385286996871006
2017-04-20,5.01341,1.6121163222898458,0.010051524585223515
2017-04-21,5.019,1.6132307106727966,0.0011143883829507484
2017-04-24,5.13032,1.6351680354048825,0.021937324732085983
2017-04-25,5.16376,1.641664996304062,0.006496960899179394
2017-04-26,5.07466,1.6242595276096892,-0.01740546869437276
2017-04-27,4.94096,1.5975596443036226,-0.02669988330606654
2017-04-28,5.019,1.6132307106727966,0.015671066369173925
2017-05-01,5.0246,1.6143458487866833,0.0011151381138867489
2017-05-02,5.05781,1.620933583287573,0.006587734500889786
2017-05-03,5.10825,1.6308568798074004,0.009923296519827263
2017-05-04,4.92977,1.5952923338222909,-0.0355645459851095
2017-05-05,5.19159,1.6470400086411534,0.051747674818862555
2017-05-08,5.14152,1.6373487555949369,-0.009691253046216541
2017-05-09,5.21381,1.651310874494448,0.013962118899511156
2017-05-10,5.40901,1.6880660816581485,0.03675520716370051
2017-05-11,5.40349,1.6870450411070157,-0.0010210405511328347
2017-05-12,5.70418,1.7411992394163334,0.05415419830931767
2017-05-15,5.799,1.7576854888943036,0.016486249477970283
2017-05-16,5.82131,1.7615253223259664,0.0038398334316627203
2017-05-17,5.73156,1.7459877449818861,-0.015537577344080233
2017-05-18,4.76271,1.560816833968875,-0.18517091101301109
2017-05-19,4.99102,1.6076402976924267,0.04682346372355162
2017-05-22,4.85187,1.5793641976478423,-0.028276100044584362
2017-05-23,4.91872,1.5930483340544304,0.013684136406588054
2017-05-24,5.05781,1.620933583287573,0.027885249233142728
2017-05-25,4.95208,1.599807690340656,-0.021125892946917135
2017-05-26,4.9855,1.6065336992867105,0.0067260089460545736
2017-05-30,4.84635,1.5782258443013333,-0.028307854985377245
2017-05-31,4.72368,1.552588156836648,-0.02563768746468531
2017-06-01,4.69593,1.5466961761114584,-0.005891980725189594
2017-06-02,4.72368,1.552588156836648,0.005891980725189594
2017-06-05,4.7404,1.5561215203321566,0.00353336349550859
2017-06-06,4.77382,1.5631468229745633,0.00702530264240675
2017-06-07,4.69033,1.545502942456213,-0.017643880518350308
2017-06-08,4.68467,1.5442954756428413,-0.0012074668133716937
2017-06-09,4.68467,1.5442954756428413,0.0
2017-06-12,4.65691,1.5383521380673069,-0.005943337575534446
2017-06-13,4.69033,1.545502942456213,0.00715080438890614
2017-06-14,4.61788,1.5299357253196697,-0.015567217136543299
2017-06-15,4.53976,1.5128741472198126,-0.01706157809985709
2017-06-16,4.50089,1.5042751549986055,-0.00859899222120708
2017-06-19,4.5232,1.509219707957189,0.004944552958583426
2017-06-20,4.37822,1.4766422490944004,-0.03257745886278851
2017-06-21,4.28914,1.4560862466434248,-0.020556002450975663
2017-06-22,4.34495,1.4690142511712818,0.012928004527857029
2017-06-23,4.31727,1.462623258050521,-0.006390993120760857
2017-06-26,4.4174,1.4855512877172312,0.02292802966671026
2017-06-27,4.36166,1.4728527188451201,-0.012698568872111071
2017-06-28,4.38397,1.477954706556607,0.005101987711486844
2017-06-29,4.38397,1.477954706556607,0.0
2017-06-30,4.45067,1.4930546466426116,0.01509994008600457
2017-07-03,4.47858,1.499306031897383,0.006251385254771424
2017-07-05,4.42844,1.4880473775700949,-0.01125865432728812
2017-07-06,4.37285,1.4754149704475539,-0.01263240712254099
2017-07-07,4.31152,1.4612905101562963,-0.014124460291257579
2017-07-10,4.34495,1.4690142511712818,0.007723741014985519
2017-07-11,4.47858,1.499306031897383,0.03029178072610117
2017-07-12,4.70152,1.5478858606874482,0.04857982879006517
2017-07-13,4.70697,1.5490443889123975,0.001158528224949329
2017-07-14,4.75726,1.5596718722525282,0.01062748334013075
2017-07-17,4.71257,1.550233406775214,-0.009438465477314306
2017-07-18,4.77941,1.5643171079227935,0.01408370114757962
2017-07-19,4.86851,1.5827879354553098,0.018470827532516276
2017-07-20,4.84075,1.5770696674013704,-0.005718268053939379
2017-07-21,4.72368,1.552588156836648,-0.024481510564722475
2017-07-24,4.76271,1.560816833968875,0.00822867713222708
2017-07-25,4.84075,1.5770696674013704,0.016252833432495395
2017-07-26,4.80725,1.5701251950485595,-0.0069444723528109265
2017-07-27,4.84075,1.5770696674013704,0.0069444723528109265
2017-07-28,4.83515,1.5759121522089317,-0.001157515192438785
2017-07-31,4.9076,1.5907850239348909,0.014872871725959191
2017-08-01,4.86851,1.5827879354553098,-0.007997088479581027
2017-08-02,5.019,1.6132307106727966,0.03044277521748673
2017-08-03,4.94096,1.5975596443036226,-0.015671066369173925
2017-08-04,4.93544,1.596441827978894,-0.0011178163247287376
2017-08-07,4.9799,1.605409810513664,0.008967982534770158
2017-08-08,4.95768,1.6009378893759698,-0.004471921137694235
2017-08-09,4.92977,1.5952923338222909,-0.00564555555367896
2017-08-10,4.80172,1.5689741870611227,-0.02631814676116817
2017-08-11,4.72368,1.552588156836648,-0.016386030224474712
2017-08-14,4.71801,1.5513871005254158,-0.0012010563112321293
2017-08-15,4.78502,1.5654902046245003,0.01410310409908444
2017-08-16,4.81837,1.5724356965948356,0.006945491970335338
2017-08-17,4.75726,1.5596718722525282,-0.012763824342307384
2017-08-18,4.95208,1.599807690340656,0.04013581808812772
2017-08-21,4.84635,1.5782258443013333,-0.021581846039322672
2017-08-22,5.00222,1.6098818138952669,0.031655969593933575
2017-08-23,5.08578,1.626448410067506,0.016566596172239212
2017-08-24,5.08578,1.626448410067506,0.0
2017-08-25,5.10825,1.6308568798074004,0.004408469739894283
2017-08-28,5.05781,1.620933583287573,-0.009923296519827263
2017-08-29,5.04123,1.617650099927549,-0.003283483360024153
2017-08-30,4.89627,1.5884736907483055,-0.029176409179243468
2017-08-31,5.00222,1.6098818138952669,0.02140812314696139
2017-09-01,5.17494,1.643827744881321,0.03394593098605414
2017-09-05,5.31395,1.6703354381853392,0.026507693304018254
2017-09-06,5.57585,1.7184447720920801,0.04810933390674088
2017-09-07,5.63709,1.729367974911313,0.01092320281923298
2017-09-08,5.45959,1.6973736953622087,-0.03199427954910439
2017-09-11,5.55898,1.7154146381954773,0.018040942833268625
2017-09-12,5.50981,1.7065301398116584,-0.008884498383818995
2017-09-13,5.5701,1.7174130070993983,0.010882867287739906
2017-09-14,5.61442,1.7253382881089212,0.007925281009522944
2017-09-15,5.61442,1.7253382881089212,0.0
2017-09-18,5.60337,1.7233682024549783,-0.0019700856539428546
2017-09-19,5.58106,1.7193787225100197,-0.003989479944958685
2017-09-20,5.80505,1.7587282283771881,0.039349505867168455
2017-09-21,5.72574,1.7449717987291755,-0.013756429648012602
2017-09-22,5.75991,1.7509218495857282,0.005950050856552647
2017-09-25,5.75991,1.7509218495857282,0.0
2017-09-26,5.69305,1.7392461326459927,-0.011675716939735459
2017-09-27,5.5701,1.7174130070993983,-0.021833125546594445
2017-09-28,5.58106,1.7193787225100197,0.0019657154106214048
2017-09-29,5.59279,1.72147826820088,0.0020995456908603494
2017-10-02,5.60912,1.7243938444852598,0.002915576284379773
2017-10-03,5.85989,1.7681308320816795,0.04373698759641975
2017-10-04,5.79356,1.756746955835287,-0.011383876246392477
2017-10-05,5.8496,1.766373282837639,0.009626327002351998
2017-10-06,5.74834,1.748911117476473,-0.01746216536116596
2017-10-09,5.73156,1.7459877449818861,-0.002923372494586962
2017-10-10,5.83221,1.7633960022885289,0.01740825730664275
2017-10-11,5.84362,1.7653504678181096,0.0019544655295806734
2017-10-12,5.79356,1.756746955835287,-0.008603511982822498
2017-10-13,5.84362,1.7653504678181096,0.008603511982822498
2017-10-16,5.83758,1.764316327397898,-0.00103414042021166
2017-10-17,5.84362,1.7653504678181096,0.00103414042021166
2017-10-18,5.82131,1.7615253223259664,-0.0038251454921431893
2017-10-19,5.78759,1.7557159700473801,-0.005809352278586255
2017-10-20,5.76461,1.7517375018229706,-0.003978468224409504
2017-10-23,5.68724,1.7382250689464247,-0.01351243287654591
2017-10-24,5.78215,1.7547755858380734,0.01655051689164866
2017-10-25,5.85505,1.7673045367228675,0.01252895088479411
2017-10-26,5.78759,1.7557159700473801,-0.011588566675487355
2017-10-27,5.97621,1.78778658777535,0.03207061772796993
2017-10-30,5.90518,1.7758299318265682,-0.011956655948781814
2017-10-31,5.93353,1.7806193141480269,0.004789382321458646
2017-11-01,6.03292,1.7972311389695776,0.01661182482155077
2017-11-02,6.01546,1.7943328219805137,-0.0028983169890639537
2017-11-03,5.95451,1.7841489156266361,-0.010183906353877559
2017-11-06,6.22363,1.8283533378082584,0.04420442218162224
2017-11-07,5.91115,1.7768403979371066,-0.0515129398711518
2017-11-08,6.07686,1.8044881152047794,0.02764771726767279
2017-11-09,6.03837,1.7981341079762547,-0.0063540072285246385
2017-11-10,5.9654,1.7859761111389878,-0.012157996837266927
2017-11-13,5.91727,1.7778751938855273,-0.008100917253460516
2017-11-14,5.39207,1.6849293557215836,-0.09294583816394364
2017-11-15,5.47608,1.7003895165232874,0.01546016080170376
2017-11-16,5.55435,1.71458140454402,0.014191888020732568
2017-11-17,5.64769,1.7312466119990593,0.0166652074550393
2017-11-20,5.66448,1.7342150985634113,0.002968486564352002
2017-11-21,5.58703,1.720447840070614,-0.013767258492797252
2017-11-22,5.71529,1.7431450396164012,0.022697199545787194
2017-11-24,5.74834,1.748911117476473,0.005766077860071883
2017-11-27,5.63709,1.729367974911313,-0.019543142565159988
2017-11-28,5.65933,1.7333055106499666,0.003937535738653519
2017-11-29,5.46534,1.6984263337829473,-0.03487917686701936
2017-11-30,5.41468,1.6891137836005827,-0.009312550182364543
2017-12-01,5.4925,1.703383525276628,0.014269741676045333
2017-12-04,5.53697,1.71144741972971,0.008063894453081977
2017-12-05,5.48727,1.7024308640832613,-0.009016555646448765
2017-12-06,5.53182,1.7105168753121864,0.00808601122892516
2017-12-07,5.37535,1.6818236881728235,-0.028693187139362974
2017-12-08,5.40349,1.6870450411070157,0.005221352934192236
2017-12-11,5.4261,1.6912206438494422,0.004175602742426454
2017-12-12,5.53697,1.71144741972971,0.02022677588026789
2017-12-13,5.36409,1.6797267438021641,-0.031720675927545905
2017-12-14,5.28074,1.6640662394130155,-0.015660504389148677
2017-12-15,5.25292,1.658784112463128,-0.0052821269498875
2017-12-18,5.35282,1.6776235248417677,0.01883941237863973
2017-12-19,5.35857,1.6786971484428728,0.0010736236011050782
2017-12-20,5.43176,1.692263206658812,0.013566058215939147
2017-12-21,5.63709,1.729367974911313,0.0371047682525012
2017-12-22,5.56428,1.7163675963032787,-0.01300037860803438
2017-12-26,5.65933,1.7333055106499666,0.0169379143466879
2017-12-27,5.62606,1.7274093747815042,-0.005896135868462382
2017-12-28,5.69305,1.7392461326459927,0.011836757864488456
2017-12-29,5.73156,1.7459877449818861,0.006741612335893432
2018-01-02,5.95943,1.7849748389198006,0.03898709393791444
2018-01-03,6.11134,1.8101460617403022,0.02517122282050166
2018-01-04,6.1273,1.8127541961485607,0.0026081344082584668
2018-01-05,6.17133,1.819914373844972,0.007160177696411196
2018-01-08,6.25049,1.8326598606751907,0.01274548683021881
2018-01-09,6.2058,1.825484338629676,-0.007175522045514748
2018-01-10,6.15536,1.8173232469593064,-0.008161091670369602
2018-01-11,6.33921,1.8467541550069686,0.02943090804766224
2018-01-12,6.38957,1.8546669734804344,0.00791281847346581
2018-01-16,6.51783,1.8745414984551096,0.019874524974675234
2018-01-17,6.75108,1.9097024920858037,0.035160993630694026
2018-01-18,6.75726,1.9106174824445243,0.0009149903587206687
2018-01-19,6.77316,1.9129677431635466,0.0023502607190222236
2018-01-22,6.82554,1.9206714588202527,0.007703715656706134
2018-01-23,6.71317,1.9040712686341799,-0.01660019018607284
2018-01-24,7.29269,1.9868724765855739,0.082801207951394
2018-01-25,7.38595,1.9995795468434179,0.012707070257844011
2018-01-26,7.7053,2.0419084037701047,0.042328856926686864
2018-01-29,7.59338,2.02727681507392,-0.01463158869618475
2018-01-30,7.40909,2.0027076247490525,-0.024569190324867485
2018-01-31,7.44117,2.0070280945457633,0.004320469796710746
2018-02-01,7.77022,2.0502984780070355,0.04327038346127221
2018-02-02,7.41879,2.004015971105198,-0.04628250690183755
2018-02-05,7.0743,1.956468498705095,-0.04754747240010282
2018-02-06,7.4255,2.004920022488863,0.048451523783767936
2018-02-07,7.10914,1.9613812800998969,-0.043538742388966156
2018-02-08,6.80278,1.9173313521659032,-0.04404992793399365
2018-02-09,6.87374,1.9277083540288638,0.010377001862960533
2018-02-12,6.94059,1.9373867853144149,0.009678431285551126
2018-02-13,6.94611,1.9381817906491217,0.0007950053347067776
2018-02-14,7.06333,1.9549166116912693,0.01673482104214763
2018-02-15,7.14122,1.9658836301024984,0.010967018411229157
2018-02-16,7.10243,1.9604369790130203,-0.005446651089478172
2018-02-20,7.40387,2.002002836480391,0.041565857467370515
2018-02-21,7.33,1.9919755158985601,-0.010027320581830645
2018-02-22,7.53518,2.0195827203133714,0.027607204414811237
2018-02-23,7.76425,2.0495298646853186,0.029947144371947232
2018-02-26,8.01569,2.081400870940012,0.03187100625469341
2018-02-27,7.91571,2.0688493924052818,-0.012551478534730265
2018-02-28,7.82095,2.056806030554671,-0.012043361850610612
2018-03-01,7.78663,2.05240816037672,-0.004397870177951013
2018-03-02,7.90974,2.0680949114542573,0.015686751077537142
2018-03-05,8.14477,2.097376003472369,0.02928109201811191
2018-03-06,8.16641,2.1000293998172554,0.0026533963448862607
2018-03-07,7.98212,2.077204040339644,-0.02282535947761133
2018-03-08,7.94929,2.073082616501927,-0.004121423837716964
2018-03-09,8.19402,2.1034046199320495,0.03032200343012237
2018-03-12,8.17163,2.1006683993762745,-0.0027362205557750485
2018-03-13,8.0433,2.084839446741429,-0.015828952634845628
2018-03-14,8.06718,2.08780397883346,0.002964532092031291
2018-03-15,7.83737,2.0589033188996244,-0.028900659933835726
2018-03-16,7.85378,2.060994944559015,0.0020916256593905835
2018-03-19,7.64785,2.034424562586052,-0.02657038197296302
2018-03-20,7.65979,2.035984568233095,0.0015600056470428392
2018-03-21,8.06718,2.08780397883346,0.05181941060036532
2018-03-22,7.90452,2.067434747755218,-0.020369231078241956
2018-03-23,7.97167,2.0758940066116693,0.008459258856451157
2018-03-26,8.05971,2.0868775757223528,0.010983569110683433
2018-03-27,7.77544,2.0509700481039226,-0.03590752761843019
2018-03-28,7.66575,2.036762354895158,-0.014207693208764471
2018-03-29,7.87617,2.0638417451046265,0.027079390209468368
2018-04-02,7.64262,2.033740476327885,-0.030101268776741463
2018-04-03,7.61502,2.030122612738949,-0.003617863588936121
2018-04-04,7.59338,2.02727681507392,-0.002845797665028904
2018-04-05,7.78663,2.05240816037672,0.025131345302800145
2018-04-06,7.7538,2.048183045777064,-0.004225114599656354
2018-04-09,7.45236,2.0085307607512353,-0.039652285025828515
2018-04-10,7.80453,2.0547043343451334,0.046173573593898176
2018-04-11,7.98212,2.077204040339644,0.022499705994510677
2018-04-12,7.94929,2.073082616501927,-0.004121423837716964
2018-04-13,7.72097,2.0439400038120716,-0.029142612689855518
2018-04-16,7.4755,2.0116310066718457,-0.03230899714022595
2018-04-17,7.62622,2.0315923096948403,0.019961303022994592
2018-04-18,7.93137,2.070825782389744,0.039233472694903515
2018-04-19,8.01121,2.080841810845211,0.010016028455467119
2018-04-20,7.96645,2.0752389732468,-0.005602837598410737
2018-04-23,7.84856,2.06033007547679,-0.014908897770010032
2018-04-24,7.77544,2.0509700481039226,-0.009360027372867563
2018-04-25,7.52175,2.0177988236542905,-0.03317122444963205
2018-04-26,7.82692,2.057569073740697,0.039770250086406556
2018-04-27,7.87617,2.0638417451046265,0.006272671363929394
2018-04-30,7.84856,2.06033007547679,-0.0035116696278363335
2018-05-01,7.67023,2.0373466018917554,-0.02298347358503472
2018-05-02,7.69858,2.041035896268578,0.0036892943768225273
2018-05-03,7.64785,2.034424562586052,-0.006611333682525977
2018-05-04,7.62622,2.0315923096948403,-0.002832252891211695
2018-05-07,7.7926,2.0531745654291162,0.021582255734275968
2018-05-08,7.72694,2.0447129239413586,-0.008461641487757632
2018-05-09,8.42907,2.131686445643336,0.08697352170197759
2018-05-10,9.03041,2.200597770606349,0.06891132496301289
2018-05-11,9.01853,2.199281349618121,-0.0013164209882279287
2018-05-14,9.27441,2.2272589946103403,0.02797764499221911
2018-05-15,9.38715,2.2393417327733642,0.012082738163023965
2018-05-16,9.54748,2.256277245326128,0.01693551255276393
2018-05-17,9.17957,2.2169803625767215,-0.03929688274940668
2018-05-18,9.0125,2.198612502611067,-0.018367859965654265
2018-05-21,8.85655,2.181157298265628,-0.017455204345439235
2018-05-22,8.75657,2.169804275760184,-0.0113530225054439
2018-05-23,8.42833,2.1315986503723603,-0.038205625387823794
2018-05-24,7.12854,1.9641064448748056,-0.16749220549755472
2018-05-25,7.03296,1.9506076698363675,-0.013498775038438104
2018-05-29,6.64765,1.8942634087544676,-0.05634426108189983
2018-05-30,6.64765,1.8942634087544676,0.0
2018-05-31,6.61595,1.889483400256315,-0.0047800084981526325
2018-06-01,5.6494,1.7315493448290287,-0.15793405542728634
2018-06-04,5.96726,1.7862878605754193,0.05473851574639066
2018-06-05,5.71649,1.7433549806762199,-0.04293287989919947
2018-06-06,5.59987,1.7227433831859336,-0.020611597490286293
2018-06-07,5.38759,1.6840981606267607,-0.03864522255917291
2018-06-08,5.45504,1.6965399519804232,0.012441791353662524
2018-06-11,5.51093,1.7067333929514397,0.010193440971016487
2018-06-12,5.45504,1.6965399519804232,-0.010193440971016487
2018-06-13,5.39334,1.6851648590554151,-0.011375092925008046
2018-06-14,5.30947,1.6694920185962479,-0.01567284045916728
2018-06-15,5.26515,1.6611096352085957,-0.008382383387652181
2018-06-18,5.17039,1.6429481208783407,-0.018161514330254924
2018-06-19,5.30947,1.6694920185962479,0.026543897717907106
2018-06-20,5.4884,1.7026367740648831,0.03314475546863527
2018-06-21,5.24836,1.6579156468500584,-0.044721127214824685
2018-06-22,5.25949,1.660034063873966,0.0021184170239074707
2018-06-25,5.3485,1.6768161477640484,0.01678208389008251
2018-06-26,5.43281,1.6924564954872274,0.015640347723179016
2018-06-27,5.45504,1.6965399519804232,0.004083456493195747
2018-06-28,5.4884,1.7026367740648831,0.006096822084459941
2018-06-29,5.59397,1.7216892318765782,0.019052457811695067
2018-07-02,5.61613,1.725642814603744,0.0039535827271657276
2018-07-03,5.70007,1.7404784554668518,0.014835640863107846
2018-07-05,5.72172,1.7442694594914323,0.0037910040245805465
2018-07-06,5.81288,1.7600761451206206,0.0158066856291883
2018-07-09,5.96122,1.7852751581160613,0.025199012995440695
2018-07-10,5.95033,1.7834466802044422,-0.0018284779116191086
2018-07-11,5.77252,1.7531087269438461,-0.030337953260596073
2018-07-12,5.92921,1.7798909832243164,0.026782256280470262
2018-07-13,5.96122,1.7852751581160613,0.0053841748917449195
2018-07-16,5.91839,1.7780644524487748,-0.007210705667286543
2018-07-17,6.11388,1.8105615961906512,0.0324971437418764
2018-07-18,5.98412,1.7891092939470437,-0.0214523022436075
2018-07-19,6.00703,1.792930450029018,0.0038211560819743084
2018-07-20,6.32384,1.8443266185844063,0.05139616855538831
2018-07-23,6.34749,1.8480594591720603,0.003732840587653996
2018-07-24,6.5147,1.8740611619340841,0.02600170276202385
2018-07-25,6.66423,1.896754418074476,0.02269325614039186
2018-07-26,6.46486,1.8663813569236078,-0.03037306115086813
2018-07-27,6.64214,1.8934342007209748,0.027052843797366943
2018-07-30,6.61595,1.889483400256315,-0.003950800464659787
2018-07-31,6.54208,1.8782551577176683,-0.011228242538646738
2018-08-01,6.537,1.8774783446305925,-0.0007768130870757783
2018-08-02,6.64765,1.8942634087544676,0.01678506412387515
2018-08-03,6.98954,1.94441474578269,0.050151337028222276
2018-08-06,6.97163,1.9418490568290037,-0.0025656889536862515
2018-08-07,6.90477,1.9322124771102573,-0.009636579718746319
2018-08-08,6.75935,1.9109267315856415,-0.021285745524615818
2018-08-09,6.66974,1.8975808786580275,-0.013345852927614033
2018-08-10,6.43613,1.861927427807435,-0.03565345085059257
2018-08-13,6.41442,1.8585485808857793,-0.003378846921655576
2018-08-14,6.45336,1.8646009254031886,0.006052344517409214
2018-08-15,6.17901,1.8211580644623848,-0.04344286094080374
2018-08-16,6.10687,1.809414366966775,-0.011743697495609773
2018-08-17,5.98354,1.7890123660596446,-0.020402000907130402
2018-08-20,5.94369,1.7823301526233883,-0.006682213436256301
2018-08-21,5.73208,1.7460784666026552,-0.03625168602073314
2018-08-22,5.86049,1.7682332178405926,0.02215475123793742
2018-08-23,5.71007,1.7422312827871713,-0.0260019350534213
2018-08-24,5.76043,1.7510121246991979,0.008780841912026549
2018-08-27,5.8666,1.769275249675066,0.01826312497586824
2018-08-28,5.78274,1.7548776188017268,-0.01439763087333934
2018-08-29,6.00643,1.7928305620699287,0.03795294326820198
2018-08-30,5.8666,1.769275249675066,-0.023555312394862638
2018-08-31,6.07306,1.8038625966624509,0.03458734698738475
2018-09-04,5.81163,1.759861082291337,-0.04400151437111388
2018-09-05,5.90026,1.7749964177373272,0.015135335445990217
2018-09-06,5.93891,1.781525614852558,0.0065291971152308115
2018-09-07,6.16879,1.8195027084744777,0.0379770936219197
2018-09-10,6.07881,1.8048089531374851,-0.014693755336992576
2018-09-11,5.83281,1.7634988739510773,-0.04131007918640783
2018-09-12,6.00038,1.7918228005559174,0.028323926604840066
2018-09-13,5.83281,1.7634988739510773,-0.028323926604840066
2018-09-14,5.91727,1.7778751938855273,0.014376319934449988
2018-09-17,6.10112,1.8084723608830215,0.030597166997494263
2018-09-18,6.26892,1.8356040910044726,0.027131730121451092
2018-09-19,6.28496,1.8381594776623718,0.002555386657899117
2018-09-20,6.34749,1.8480594591720603,0.009899981509688516
2018-09-21,6.42524,1.8602339841692401,0.012174524997179859
2018-09-24,6.36338,1.8505596827252115,-0.009674301444028588
2018-09-25,6.38637,1.8541660318562694,0.00360634913105784
2018-09-26,6.50956,1.873271865610631,0.0191058337543617
2018-09-27,6.83308,1.921775523618294,0.048503658007662986
2018-09-28,6.74279,1.9084737858595002,-0.013301737758793841
2018-10-01,6.74898,1.9093913823548931,0.0009175964953929139
2018-10-02,7.35238,1.9950240703335658,0.08563268797867263
2018-10-03,7.57025,2.024226092003116,0.029202021669550104
2018-10-04,7.6486,2.034522624554757,0.010296532551641313
2018-10-05,7.7717,2.050488930667257,0.01596630611249994
2018-10-08,8.59245,2.150883910696699,0.1003949800294417
2018-10-09,8.98494,2.1955498424168987,0.044665931720199836
2018-10-10,8.43653,2.132571086626937,-0.06297875578996148
2018-10-11,8.30293,2.116608464556652,-0.015962622070285093
2018-10-12,8.57531,2.1488871440020487,0.03227867944539664
2018-10-15,8.60959,2.1528766982581975,0.003989554256148775
2018-10-16,8.92821,2.189215926867705,0.03633922860950767
2018-10-17,8.97297,2.1942167249469082,0.0050007980792030615
2018-10-18,8.56407,2.1475755444446154,-0.04664118050229282
2018-10-19,8.65438,2.1580655511691456,0.010490006724530154
2018-10-22,8.96251,2.1930503216852277,0.034984770516082175
2018-10-23,8.78946,2.1735532763628753,-0.019497045322352413
2018-10-24,8.44096,2.133096046215328,-0.04045723014754721
2018-10-25,8.69989,2.1633103819024453,0.030214335687117178
2018-10-26,9.07375,2.2053856296169134,0.042075247714468134
2018-10-29,8.69391,2.162622780546145,-0.04276284907076855
2018-10-30,9.16849,2.215772605315535,0.05314982476939001
2018-10-31,9.0796,2.20603013877941,-0.009742466536124983
2018-11-01,9.02296,2.1997724398871656,-0.006257698892244257
2018-11-02,9.01108,2.1984549312514443,-0.0013175086357213317
2018-11-05,9.17372,2.2163428746714886,0.017887943420044294
2018-11-06,8.86635,2.1822632121960592,-0.03407966247542937
2018-11-07,8.68792,2.161933555046054,-0.020329657150005342
2018-11-08,8.34697,2.121898598756474,-0.04003495628957987
2018-11-09,8.34697,2.121898598756474,0.0
2018-11-12,8.22239,2.1068609210651683,-0.015037677691305706
2018-11-13,7.76574,2.049721751480426,-0.05713916958474252
2018-11-14,7.956,2.073926360991726,0.024204609511300212
2018-11-15,8.13433,2.09609337710712,0.022167016115393956
2018-11-16,8.30293,2.116608464556652,0.02051508744953212
2018-11-19,8.29776,2.1159855988604495,-0.0006228656962026236
2018-11-20,7.81051,2.0554702626158705,-0.06051533624457894
2018-11-21,8.02764,2.0828905868792846,0.02742032426341412
2018-11-23,7.77096,2.050393708871173,-0.03249687800811163
2018-11-26,7.6874,2.0395826249179487,-0.010811083953224276
2018-11-27,8.03359,2.0836315015255713,0.04404887660762258
2018-11-28,8.06195,2.0871554627407383,0.0035239612151669597
2018-11-29,8.02764,2.0828905868792846,-0.004264875861453632
2018-11-30,8.15746,2.098932846010246,0.016042259130961245
2018-12-03,8.4276,2.131512033970838,0.032579187960592115
2018-12-04,8.21935,2.1064911305156717,-0.025020903455166277
2018-12-06,7.92243,2.06969797694908,-0.03679315356659174
2018-12-07,7.97913,2.0768293829619355,0.007131406012855557
2018-12-10,7.57996,2.025507922595502,-0.05132146036643359
2018-12-11,7.52995,2.018888401683515,-0.006619520911987031
2018-12-12,7.62546,2.031492648542675,0.012604246859160284
2018-12-13,7.63666,2.0329603348156824,0.001467686273007196
2018-12-14,7.50757,2.015911844841204,-0.017048489974478276
2018-12-17,7.3964,2.000993395350694,-0.01491844949050991
2018-12-18,7.21733,1.9764850784154158,-0.02450831693527844
2018-12-19,7.0987,1.9599116686911269,-0.01657340972428889
2018-12-20,7.05363,1.9535423779289647,-0.006369290762162194
2018-12-21,6.93649,1.9367958828883574,-0.016746495040607323
2018-12-24,6.77868,1.9137823927322075,-0.02301349015614984
2018-12-26,7.12705,1.9638974040697001,0.05011501133749263
2018-12-27,7.17256,1.9702626341224652,0.006365230052765014
2018-12-28,7.3106,1.9893253497367274,0.019062715614262205
2018-12-31,7.30089,1.9879962585311926,-0.0013290912055348159
2019-01-02,7.86199,2.0620397550578775,0.07404349652668496
2019-01-03,8.00302,2.079818970444638,0.017779215386760416
2019-01-04,8.28283,2.1141846974407605,0.034365726996122614
2019-01-07,8.45072,2.1342516448397553,0.020066947398994728
2019-01-08,8.52905,2.1434779836717643,0.009226338832009073
2019-01-09,8.76559,2.170833829285178,0.027355845613413532
2019-01-10,8.68644,2.16176318905806,-0.009070640227117899
2019-01-11,8.58048,2.1494898559910047,-0.012273333067055248
2019-01-14,8.60286,2.1520947061137954,0.0026048501227906584
2019-01-15,8.55144,2.1460996898200673,-0.005995016293728117
2019-01-16,8.58572,2.1501003580430313,0.004000668222964077
2019-01-17,8.6529,2.15789452487228,0.0077941668292487165
2019-01-18,8.64166,2.1565946939910603,-0.0012998308812197656
2019-01-22,8.51855,2.1422461385642113,-0.014348555426848986
2019-01-23,8.68644,2.16176318905806,0.019517050493848664
2019-01-24,8.70883,2.164337453483341,0.002574264425280859
2019-01-25,8.87672,2.183432119401041,0.019094665917700038
2019-01-28,8.46786,2.1362778203064745,-0.047154299094566365
2019-01-29,8.73721,2.167590916737302,0.03131309643082769
2019-01-30,8.97962,2.194957565160398,0.027366648423095885
2019-01-31,9.14678,2.213401904783365,0.018444339622966766
2019-02-01,9.21919,2.221287181214669,0.00788527643130399
2019-02-04,9.25278,2.224924046911613,0.0036368656969441027
2019-02-05,9.33255,2.233508289413466,0.00858424250185319
2019-02-06,9.10202,2.2084963669113065,-0.025011922502159667
2019-02-07,8.91111,2.1872988128479625,-0.021197554063344004
2019-02-08,8.80439,2.1752504607294285,-0.012048352118533945
2019-02-11,8.59696,2.1514086523956273,-0.02384180833380123
2019-02-12,9.00054,2.1972845755362913,0.04587592314066402
2019-02-13,9.12444,2.210956527722334,0.01367195218604289
2019-02-14,9.38334,2.238935776396911,0.027979248674576684
2019-02-15,9.39902,2.240605428521846,0.0016696521249350837
2019-02-19,9.42739,2.2436192820897287,0.0030138535678827516
2019-02-20,9.38334,2.238935776396911,-0.004683505692817835
2019-02-21,9.3423,2.234552474602197,-0.004383301794713912
2019-02-22,9.33255,2.233508289413466,-0.0010441851887308395
2019-02-25,9.11257,2.209654779061102,-0.02385351035236427
2019-02-26,9.12896,2.2114517779324196,0.0017969988713177898
2019-02-27,9.21476,2.220806546289948,0.009354768357528354
2019-02-28,8.82079,2.17711143516862,-0.04369511112132818
2019-03-01,8.69169,2.1623673967788815,-0.014744038389738368
2019-03-04,8.73197,2.166991003042767,0.00462360626388536
2019-03-05,8.78872,2.1734690810707074,0.006478078027940537
2019-03-06,8.58048,2.1494898559910047,-0.023979225079702626
2019-03-07,8.43875,2.1328341933739434,-0.016655662617061306
2019-03-08,8.40668,2.1290266279102292,-0.003807565463714191
2019-03-11,8.90588,2.186711732746305,0.057685104836075585
2019-03-12,8.87672,2.183432119401041,-0.003279613345263943
2019-03-13,9.11771,2.21021867606501,0.02678655666396912
2019-03-14,9.11771,2.21021867606501,0.0
2019-03-15,9.30942,2.2310267907446852,0.02080811467967525
2019-03-18,9.60119,2.2618870491249248,0.030860258380239536
2019-03-19,9.74823,2.277085730068116,0.015198680943191434
2019-03-20,9.89297,2.291824403889303,0.014738673821186765
2019-03-21,9.5676,2.258382390314313,-0.03344201357498999
2019-03-22,8.87672,2.183432119401041,-0.07495027091327211
2019-03-25,8.91111,2.1872988128479625,0.0038666934469215875
2019-03-26,9.19756,2.2189382314873383,0.031639418639375805
2019-03-27,8.69169,2.1623673967788815,-0.05657083470845681
2019-03-28,8.86635,2.1822632121960592,0.019895815417177776
2019-03-29,8.93265,2.1897131033856847,0.007449891189625468
2019-04-01,8.94461,2.191051116233773,0.0013380128480884323
2019-04-02,8.98946,2.196052779938627,0.005001663704853776
2019-04-03,8.82079,2.17711143516862,-0.018941344770007085
2019-04-04,9.07375,2.2053856296169134,0.0282741944482936
2019-04-05,9.25952,2.225652211461432,0.020266581844518683
2019-04-08,9.5341,2.2548748455046357,0.029222634043203577
2019-04-09,9.47135,2.248271452476152,-0.006603393028483673
2019-04-10,9.5341,2.2548748455046357,0.006603393028483673
2019-04-11,9.24161,2.223716112899387,-0.031158732605248485
2019-04-12,8.38429,2.1263597166751333,-0.09735639622425385
2019-04-15,8.42907,2.131686445643336,0.005326728968202854
2019-04-16,8.62525,2.154693948004598,0.0230075023612617
2019-04-17,8.58572,2.1501003580430313,-0.004593589961566558
2019-04-18,8.76559,2.170833829285178,0.02073347124214653
2019-04-22,8.80439,2.1752504607294285,0.0044166314442506405
2019-04-23,8.86635,2.1822632121960592,0.007012751466630718
2019-04-24,8.60886,2.1527919054922475,-0.029471306703811706
2019-04-25,8.68128,2.161168983238088,0.008377077745840289
2019-04-26,8.62903,2.155132100168638,-0.006036883069449939
2019-04-29,8.62525,2.154693948004598,-0.00043815216403997326
2019-04-30,8.54693,2.1455721541421524,-0.009121793862445493
2019-05-01,8.3783,2.125645029952501,-0.01992712418965148
2019-05-02,8.3664,2.1242236844517293,-0.0014213455007716647
2019-05-03,8.42235,2.130888886700978,0.006665202249248825
2019-05-06,8.33803,2.1208269774372606,-0.010061909263717528
2019-05-07,8.25519,2.110842093460944,-0.009984883976316361
2019-05-08,8.56333,2.147489133197087,0.036647039736142695
2019-05-09,8.29325,2.115441930920874,-0.03204720227621305
2019-05-10,8.31112,2.117594377162357,0.0021524462414830303
2019-05-13,8.05226,2.085952797370488,-0.03164157979186877
2019-05-14,8.05897,2.086785756789224,0.0008329594187359568
2019-05-15,7.94631,2.072707669971452,-0.014078086817772117
2019-05-16,7.77245,2.0505854299934447,-0.02212223997800722
2019-05-17,7.55235,2.0218587731082707,-0.028726656885174062
2019-05-20,7.67695,2.03822233286376,0.0163635597554892
2019-05-21,7.91273,2.06847285497832,0.03025052211456014
2019-05-22,8.00302,2.079818970444638,0.011346115466317919
2019-05-23,7.82841,2.057759424248096,-0.022059546196541824
2019-05-24,7.93436,2.071202695401045,0.013443271152949077
2019-05-28,8.05897,2.086785756789224,0.015583061388178887
2019-05-29,8.18805,2.102675774277712,0.01589001748848773
2019-05-30,8.1597,2.099207403594295,-0.003468370683416655
2019-05-31,8.1209,2.0944409854699955,-0.004766418124299676
2019-06-03,8.31187,2.117684613636121,0.023243628166125685
2019-06-04,8.45737,2.135038250582082,0.017353636945960815
2019-06-05,8.27759,2.1135518632282375,-0.02148638735384445
2019-06-06,8.41341,2.1298268614831937,0.016274998254956152
2019-06-07,8.65511,2.158149897963931,0.028323036480737418
2019-06-10,8.48049,2.1377682311533053,-0.02038166681062581
2019-06-11,8.735,2.16733794358602,0.029569712432714557
2019-06-12,8.5589,2.1469716772233207,-0.020366266362699115
2019-06-13,8.70515,2.163914804547855,0.0169431273245344
2019-06-14,8.66561,2.1593623188432267,-0.004552485704628406
2019-06-17,8.69989,2.1633103819024453,0.003948063059218576
2019-06-18,8.88638,2.184519767497634,0.021209385595188923
2019-06-19,8.97076,2.193970399348922,0.009450631851287916
2019-06-20,9.21254,2.220565599432759,0.02659520008383698
2019-06-21,9.35205,2.2355955706054322,0.015029971172673129
2019-06-24,9.33636,2.2339164546521326,-0.0016791159532996147
2019-06-25,8.99309,2.196456504666133,-0.037459949985999774
2019-06-26,8.9252,2.188878736378211,-0.007577768287921671
2019-06-27,8.74541,2.1685289913052244,-0.020349745072986813
2019-06-28,8.76255,2.1704869584785227,0.001957967173298325
2019-07-01,8.71703,2.165278583574509,-0.005208374904013713
2019-07-02,8.5708,2.148361077144434,-0.016917506430075058
2019-07-03,8.62756,2.154961730471779,0.006600653327345274
2019-07-05,8.82374,2.177445816421902,0.022484085950122967
2019-07-08,9.00435,2.1977077939016207,0.020261977479718585
2019-07-09,9.03191,2.200763862227298,0.0030560683256770638
2019-07-10,9.16096,2.214950976687986,0.01418711446068821
2019-07-11,9.393,2.2399647310123783,0.025013754324392234
2019-07-12,9.46984,2.2481120115959117,0.008147280583533423
2019-07-15,9.27964,2.2278227529421892,-0.020289258653722442
2019-07-16,9.11026,2.2094012509304686,-0.01842150201172066
2019-07-17,9.09457,2.2076775321278372,-0.0017237188026313355
2019-07-18,9.07738,2.205785604720215,-0.0018919274076223402
2019-07-19,8.99832,2.197037893245162,-0.00874771147505271
2019-07-22,8.99832,2.197037893245162,0.0
2019-07-23,9.04317,2.2020097766527473,0.004971883407585143
2019-07-24,8.9252,2.188878736378211,-0.013131040274536154
2019-07-25,8.71186,2.1646853157127417,-0.02419342066546948
2019-07-26,8.48049,2.1377682311533053,-0.02691708455943642
2019-07-29,8.5708,2.148361077144434,0.010592845991128641
2019-07-30,8.51486,2.141812872405794,-0.006548204738639818
2019-07-31,8.46934,2.1364525835499584,-0.0053602888558357265
2019-08-01,8.28431,2.1143633643686597,-0.02208921918129869
2019-08-02,8.41341,2.1298268614831937,0.015463497114533986
2019-08-05,7.98062,2.0770161026792655,-0.05281075880392816
2019-08-06,8.05897,2.086785756789224,0.009769654109958559
2019-08-07,7.9851,2.0775773050700854,-0.009208451719138644
2019-08-08,8.2328,2.108126175539745,0.030548870469659484
2019-08-09,8.16566,2.099937555978657,-0.008188619561087851
2019-08-12,7.87765,2.0640296360421075,-0.035907919936549515
2019-08-13,7.97466,2.076269014533246,0.012239378491138542
2019-08-14,7.57846,2.0253100127863135,-0.050959001746932575
2019-08-15,7.55608,2.022352537195708,-0.0029574755906054406
2019-08-16,7.48893,2.013425930181217,-0.008926607014490884
2019-08-19,7.4255,2.004920022488863,-0.008505907692354153
2019-08-20,7.40387,2.002002836480391,-0.002917186008472239
2019-08-21,7.81648,2.0562343253420177,0.054231488861626875
2019-08-22,7.69709,2.0408423353511704,-0.015391989990847232
2019-08-23,7.34045,1.9934001486490789,-0.04744218670209155
2019-08-26,7.23971,1.9795811503467733,-0.013818998302305596
2019-08-27,7.31134,1.98942656749588,0.009845417149106694
2019-08-28,7.40387,2.002002836480391,0.012576268984510808
2019-08-29,7.58443,2.0260974616576686,0.024094625177277784
2019-08-30,7.66874,2.0371523254827544,0.011054863825085803
2019-09-03,7.58443,2.0260974616576686,-0.011054863825085803
2019-09-04,7.91273,2.06847285497832,0.04237539332065143
2019-09-05,8.00376,2.0799114312644313,0.011438576286111335
2019-09-06,8.09403,2.0911267528960265,0.01121532163159511
2019-09-09,8.21788,2.1063122682616395,0.015185515365613078
2019-09-10,8.26864,2.1124700456936245,0.006157777431984979
2019-09-11,8.24699,2.1098482852883396,-0.0026217604052849453
2019-09-12,8.32531,2.119300272410456,0.009451987122116368
2019-09-13,8.22985,2.107767788520453,-0.011532483890003054
2019-09-16,8.53578,2.1442667404714415,0.03649895195098862
2019-09-17,8.45515,2.134775723174842,-0.009491017296599402
2019-09-18,8.27463,2.1131942072725343,-0.021581515902307835
2019-09-19,8.22239,2.1068609210651683,-0.006333286207365951
2019-09-20,8.22985,2.107767788520453,0.0009068674552845657
2019-09-23,8.24026,2.1090318968216404,0.0012641083011875054
2019-09-24,8.14925,2.097925898478376,-0.0111059983432642
2019-09-25,8.18432,2.1022201285691753,0.0042942300907991005
2019-09-26,8.24699,2.1098482852883396,0.007628156719164281
2019-09-27,8.26413,2.111924462574538,0.002076177286198355
2019-09-30,8.18954,2.10285773023144,-0.00906673234309796
2019-10-01,8.12164,2.094532104223652,-0.008325626007787967
2019-10-02,7.93511,2.0712972165161876,-0.023234887707464402
2019-10-03,8.00823,2.0804697628791926,0.009172546363005019
2019-10-04,8.03061,2.0832604902042253,0.002790727325032716
2019-10-07,7.82244,2.0569965263493173,-0.026263963854908035
2019-10-08,7.7926,2.0531745654291162,-0.0038219609202010396
2019-10-09,7.98585,2.0776712255946066,0.024496660165490347
2019-10-10,7.97466,2.076269014533246,-0.0014022110613605143
2019-10-11,8.14925,2.097925898478376,0.0216568839451301
2019-10-14,8.13359,2.096002400510172,-0.0019234979682041242
2019-10-15,8.14925,2.097925898478376,0.0019234979682041242
2019-10-16,8.29177,2.1152634566104505,0.01733755813207427
2019-10-17,8.16715,2.1001200108047566,-0.015143445805693823
2019-10-18,8.22239,2.1068609210651683,0.006740910260411681
2019-10-21,8.28579,2.11454199938039,0.00768107831522169
2019-10-22,8.63649,2.155996250274077,0.04145425089368704
2019-10-23,8.81702,2.1766839444475594,0.020687694173482374
2019-10-24,8.63051,2.155303599525356,-0.02138034492220342
2019-10-25,8.97076,2.193970399348922,0.038666799823566134
2019-10-28,9.05575,2.203399915072707,0.00942951572378492
2019-10-29,9.07889,2.2059519384444304,0.002552023371723333
2019-10-30,9.19234,2.2183705285482036,0.01241859010377322
2019-10-31,9.19234,2.2183705285482036,0.0
2019-11-01,9.30499,2.2305508154026104,0.012180286854406752
2019-11-04,9.27662,2.2274972563144564,-0.0030535590881539676
2019-11-05,9.25952,2.225652211461432,-0.0018450448530242802
2019-11-06,9.02748,2.2002732587142386,-0.025378952747193484
2019-11-07,9.24232,2.223792936388802,0.02351967767456342
2019-11-08,8.95356,2.192051218562222,-0.031741717826580196
2019-11-11,9.05575,2.203399915072707,0.011348696510485201
2019-11-12,8.89613,2.1856163507108057,-0.017783564361901316
2019-11-13,8.7596,2.170150241805298,-0.015466108905507703
2019-11-14,8.60065,2.1518377817986813,-0.018312460006616682
2019-11-15,8.782,2.1727041721395257,0.020866390340844365
2019-11-18,8.5895,2.150540527084363,-0.02216364505516255
2019-11-19,8.44695,2.1338054294665643,-0.0167350976177989
2019-11-20,8.45818,2.1351340204507085,0.0013285909841442844
2019-11-21,8.64543,2.1570308576322246,0.021896837181516027
2019-11-22,8.67455,2.160393451288615,0.003362593656390356
2019-11-25,8.65814,2.1584999189052256,-0.0018935323833892959
2019-11-26,8.39618,2.1277768405089508,-0.03072307839627486
2019-11-27,8.41931,2.1305278771528675,0.0027510366439167377
2019-11-29,8.3783,2.125645029952501,-0.00488284720036658
2019-12-02,8.3783,2.125645029952501,0.0
2019-12-03,8.35074,2.122350157690491,-0.0032948722620100845
2019-12-04,8.44096,2.133096046215328,0.010745888524837266
2019-12-05,8.65814,2.1584999189052256,0.025403872689897522
2019-12-06,8.823,2.1773619482399678,0.018862029334742125
2019-12-09,8.85138,2.1805733790670656,0.0032114308270978498
2019-12-10,8.86777,2.182423355468241,0.0018499764011754571
2019-12-11,8.93566,2.190050012699265,0.007626657231023959
2019-12-12,9.1349,2.2121022428625534,0.02205223016328839
2019-12-13,8.70883,2.164337453483341,-0.04776478937921258
2019-12-16,8.75435,2.169550719692097,0.005213266208756284
2019-12-17,8.80586,2.1754174089559912,0.005866689263894109
2019-12-18,9.03342,2.200931033267463,0.025513624311471972
2019-12-19,9.02145,2.199605075035278,-0.001325958232185176
2019-12-20,8.85138,2.1805733790670656,-0.019031695968212414
2019-12-23,9.03342,2.200931033267463,0.02035765420039759
2019-12-24,9.02748,2.2002732587142386,-0.0006577745532245771
2019-12-26,9.17523,2.216507461746325,0.016234203032086558
2019-12-27,9.05575,2.203399915072707,-0.013107546673618131
2019-12-30,9.04317,2.2020097766527473,-0.0013901384199597189
2019-12-31,9.06701,2.2046425515639396,0.0026327749111922927
2020-01-02,9.255,2.225163946025461,0.020521394461521236
2020-01-03,9.09537,2.207765492835846,-0.01739845318961475
2020-01-06,9.22672,2.2221036224114736,0.014338129575627523
2020-01-07,9.1349,2.2121022428625534,-0.01000137954892022
2020-01-08,8.93043,2.1894645460247557,-0.022637696837797705
2020-01-09,8.95959,2.192724467011296,0.0032599209865402656
2020-01-10,8.89613,2.1856163507108057,-0.0071081163004902415
2020-01-13,8.80586,2.1754174089559912,-0.010198941754814506
2020-01-14,8.74246,2.1681916145946265,-0.0072257943613647235
2020-01-15,8.45818,2.1351340204507085,-0.03305759414391796
2020-01-16,8.47008,2.1365399537197125,0.001405933269003956
2020-01-17,8.62378,2.154523503637169,0.017983549917456543
2020-01-21,8.40143,2.128401929455646,-0.026121574181523055
2020-01-22,8.40143,2.128401929455646,0.0
2020-01-23,8.48132,2.137866098067351,0.00946416861170496
2020-01-24,8.40143,2.128401929455646,-0.00946416861170496
2020-01-27,8.08359,2.0898360807885994,-0.0385658486670466
2020-01-28,8.24773,2.109938010970315,0.020101930181715577
2020-01-29,8.17387,2.1009424809294877,-0.008995530040827315
2020-01-30,8.24248,2.109301269512519,0.008358788583031185
2020-01-31,8.02614,2.0827037150018373,-0.026597554510681576
2020-02-03,8.07688,2.0890056593484307,0.00630194434659348
2020-02-04,8.17387,2.1009424809294877,0.011936821581056911
2020-02-05,8.2082,2.105133654603291,0.0041911736738033945
2020-02-06,8.32236,2.118945868457125,0.01381221385383391
2020-02-07,8.29325,2.115441930920874,-0.0035039375362511116
2020-02-10,8.19103,2.103039653083222,-0.012402277837651798
2020-02-11,8.42981,2.1317742332069796,0.028734580123757514
2020-02-12,8.48648,2.1384743089325267,0.006700075725547094
2020-02-13,8.32236,2.118945868457125,-0.019528440475401698
2020-02-14,8.3268,2.1194792287113664,0.000533360254241444
2020-02-18,8.28283,2.1141846974407605,-0.005294531270605862
2020-02-19,8.47008,2.1365399537197125,0.022355256278951963
2020-02-20,8.19103,2.103039653083222,-0.033500300636490454
2020-02-21,7.98137,2.077110075924525,-0.025929577158696926
2020-02-24,7.43968,2.0068278371673234,-0.07028223875720174
2020-02-25,7.29269,1.9868724765855739,-0.019955360581749515
2020-02-26,7.13824,1.96546624736628,-0.021406229219293804
2020-02-27,6.87172,1.9274144387994656,-0.03805180856681445
2020-02-28,6.88269,1.9290095639013096,0.0015951251018440082
2020-03-02,7.10467,1.9607523143057346,0.03174275040442498
2020-03-03,6.91716,1.934005280766274,-0.02674703353946062
2020-03-04,7.01296,1.9477598658453659,0.013754585079091886
2020-03-05,6.67803,1.898823033874355,-0.04893683197101084
2020-03-06,5.98412,1.7891092939470437,-0.10971373992731137
2020-03-09,4.12969,1.418202343623071,-0.3709069503239726
2020-03-10,4.55626,1.5165021115598027,0.09829976793673167
2020-03-11,3.89637,1.3600453504701784,-0.15645676108962436
2020-03-12,3.10002,1.1314085630831923,-0.22863678738698612
2020-03-13,3.74289,1.3198580402991602,0.18844947721596794
2020-03-16,2.98632,1.0940418601533484,-0.22581618014581184
2020-03-17,3.07167,1.122221387640283,0.02817952748693453
2020-03-18,2.45157,0.8967286356480579,-0.22549275199222496
2020-03-19,2.87828,1.0571928935174046,0.1604642578693467
2020-03-20,2.75883,1.0148066768090453,-0.04238621670835929
2020-03-23,2.53692,0.930950746812904,-0.08385592999614133
2020-03-24,3.08877,1.1277729534110101,0.19682220659810612
2020-03-25,3.29918,1.1936739527464746,0.06590099933546445
2020-03-26,3.30484,1.1953880606340446,0.0017141078875699822
2020-03-27,2.95215,1.082533718455419,-0.11285434217862567
2020-03-30,2.96931,1.0883296025910625,0.005795884135643581
2020-03-31,3.12853,1.1405632456703332,0.0522336430792707
2020-04-01,3.07727,1.124042840296596,-0.016520405373737113
2020-04-02,3.30484,1.1953880606340446,0.0713452203374485
2020-04-03,3.27649,1.1867727274555222,-0.008615333178522366
2020-04-06,3.49256,1.250634991672134,0.06386226421661179
2020-04-07,3.59501,1.2795467728103096,0.028911781138175607
2020-04-08,3.8737,1.3542101226470393,0.07466334983672973
2020-04-09,3.8225,1.3409046588210802,-0.013305463825959096
2020-04-13,3.81677,1.3394045152014462,-0.00150014361963402
2020-04-14,3.79967,1.334914220856083,-0.004490294345363299
2020-04-15,3.59501,1.2795467728103096,-0.055367448045773315
2020-04-16,3.49256,1.250634991672134,-0.028911781138175607
2020-04-17,3.66895,1.2999055175888181,0.04927052591668413
2020-04-20,3.56651,1.2715875266013645,-0.02831799098745358
2020-04-21,3.44139,1.2358754595385448,-0.03571206706281971
2020-04-22,3.60636,1.2826989534087312,0.04682349387018636
2020-04-23,3.58935,1.2779711276112975,-0.0047278257974336935
2020-04-24,3.21956,1.1692447042566738,-0.10872642335462368
2020-04-27,3.41295,1.2275770199491085,0.05833231569243469
2020-04-28,3.78834,1.3319279284236738,0.1043509084745653
2020-04-29,4.12327,1.4166465378770152,0.08471860945334142
2020-04-30,3.99039,1.3838889704860056,-0.03275756739100966
2020-05-01,3.79408,1.3334419572156624,-0.05044701327034318
2020-05-04,3.77677,1.3288691469860263,-0.004572810229636071
2020-05-05,3.88653,1.3575167286857484,0.028647581699722036
2020-05-06,3.65545,1.296219204638266,-0.061297524047482455
2020-05-07,3.65545,1.296219204638266,0.0
2020-05-08,3.96151,1.376625265716326,0.08040606107806014
2020-05-11,3.78834,1.3319279284236738,-0.04469733729265224
2020-05-12,3.73058,1.3165637175460299,-0.015364210877643947
2020-05-13,3.5342,1.262486965391818,-0.054076752154211816
2020-05-14,3.48802,1.2493342399752483,-0.013152725416569755
2020-05-15,3.52272,1.2592334184827254,0.009899178507477124
2020-05-18,3.95002,1.3737206421913513,0.11448722370862585
2020-05-19,3.88078,1.356036164359008,-0.01768447783234328
2020-05-20,4.03665,1.3954151400692099,0.03937897571020188
2020-05-21,4.14641,1.4222428996211096,0.026827759551899755
2020-05-22,4.07709,1.4053834986486535,-0.016859400972456084
2020-05-26,4.39471,1.4804015448872856,0.07501804623863206
2020-05-27,4.52752,1.5101743282145978,0.029772783327312258
2020-05-28,4.40046,1.4817090809142657,-0.028465247300332175
2020-05-29,4.40627,1.4830285265752328,0.001319445660967089
2020-06-01,4.51014,1.5063281951613932,0.023299668586160394
2020-06-02,4.83933,1.576776281394192,0.07044808623279875
2020-06-03,5.06459,1.6222731867440485,0.04549690534985662
2020-06-04,5.03564,1.6165406283211061,-0.005732558422942402
2020-06-05,5.36491,1.6798796005458676,0.06333897222476148
2020-06-08,5.61322,1.7251245299184967,0.04524492937262914
2020-06-09,5.36491,1.6798796005458676,-0.04524492937262914
2020-06-10,5.13383,1.6358519693179334,-0.04402763122793418
2020-06-11,4.6719,1.5415658411872657,-0.09428612813066772
2020-06-12,4.89702,1.588626856844983,0.047061015657717364
2020-06-15,4.83933,1.576776281394192,-0.011850575450791156
2020-06-16,4.93186,1.5957161988489226,0.01893991745473067
2020-06-17,4.91439,1.5921676360291113,-0.0035485628198113073
2020-06-18,4.86821,1.5827263130608908,-0.009441322968220422
2020-06-19,4.85665,1.5803488998241244,-0.0023774132367664347
2020-06-22,4.81053,1.5708072651577032,-0.009541634666421217
2020-06-23,5.05303,1.619988063359236,0.04918079820153287
2020-06-24,4.74697,1.557506519768297,-0.06248154359093916
2020-06-25,4.85089,1.5791621932690196,0.021655673500722727
2020-06-26,4.6372,1.5341107358141093,-0.04505145745491035
2020-06-29,4.78159,1.5647731271755447,0.030662391361435448
2020-06-30,4.77577,1.563555217476757,-0.0012179096987876559
2020-07-01,4.8797,1.5850837425655293,0.021528525088772232
2020-07-02,4.89702,1.588626856844983,0.003543114279453752
2020-07-06,5.00692,1.6108209555888477,0.022194098743864688
2020-07-07,4.88559,1.5862900560931883,-0.024530899495659453
2020-07-08,5.0587,1.6211095332945016,0.03481947720131329
2020-07-09,4.92604,1.5945354198440218,-0.026574113450479775
2020-07-10,5.02422,1.614270218016069,0.019734798172047263
2020-07-13,4.92014,1.5933369853839257,-0.020933232632143417
2020-07-14,5.11652,1.632474520459148,0.03913753507522233
2020-07-15,5.19159,1.6470400086411534,0.014565488182005426
2020-07-16,5.09921,1.629085625770948,-0.017954382870205343
2020-07-17,5.07034,1.623407876498578,-0.005677749272370081
2020-07-20,5.09339,1.6279436206628255,0.004535744164247513
2020-07-21,5.30134,1.6679596187905894,0.04001599812776391
2020-07-22,5.37058,1.6809359101371784,0.012976291346588953
2020-07-23,5.22486,1.653428003233529,-0.02750790690364946
2020-07-24,5.24821,1.657887066085102,0.004459062851573048
2020-07-27,5.42311,1.6906694516288658,0.03278238554376389
2020-07-28,5.32976,1.6733062090213668,-0.017363242607498997
2020-07-29,5.40565,1.6874447028800619,0.014138493858695034
2020-07-30,5.29485,1.6667346500402092,-0.02071005283985272
2020-07-31,5.05578,1.6205321432396254,-0.0462025068005838
2020-08-03,4.89253,1.587709552103735,-0.03282259113589037
2020-08-04,4.90999,1.5912719051444773,0.003562353040742261
2020-08-05,5.20741,1.6500826112383988,0.05881070609392158
2020-08-06,5.18404,1.6455846750695877,-0.004497936168811112
2020-08-07,5.02662,1.6147477900489768,-0.030836885020610882
2020-08-10,5.14906,1.6388141737442181,0.024066383695241278
2020-08-11,5.11988,1.633131001276754,-0.005683172467464193
2020-08-12,5.12577,1.6342807576414262,0.0011497563646722941
2020-08-13,5.06742,1.6228318123422456,-0.011448945299180613
2020-08-14,5.02079,1.613587291840125,-0.009244520502120546
2020-08-17,4.92753,1.5948378483062655,-0.018749443533859544
2020-08-18,5.0499,1.6193684411110087,0.024530592804743234
2020-08-19,4.96826,1.6030696782053915,-0.01629876290561727
2020-08-20,4.88664,1.5865049507495852,-0.016564727455806283
2020-08-21,4.8109,1.5708841768018522,-0.01562077394773298
2020-08-24,4.92753,1.5948378483062655,0.0239536715044133
2020-08-25,4.95081,1.5995511995572658,0.004713351251000253
2020-08-26,4.73503,1.554988062415225,-0.04456313714204074
2020-08-27,4.77009,1.562365172646781,0.007377110231556072
2020-08-28,4.95662,1.6007240568302452,0.038358884183464115
2020-08-31,4.7642,1.5611296321399815,-0.03959442469026375
2020-09-01,5.06161,1.6216846145084562,0.060554982368474786
2020-09-02,5.07324,1.623979666749951,0.0022950522414948438
2020-09-03,5.13159,1.6354155526811953,0.011435885931244227
2020-09-04,5.13734,1.636535435785071,0.001119883103875674
2020-09-08,4.89828,1.5888841230863333,-0.04765131269873768
2020-09-09,5.0499,1.6193684411110087,0.03048431802467544
2020-09-10,4.86337,1.5817316132487185,-0.03763682786229028
2020-09-11,4.82829,1.5744923677114115,-0.0072392455373069264
2020-09-14,4.82829,1.5744923677114115,0.0
2020-09-15,4.82255,1.5733028338103545,-0.0011895339010570272
2020-09-16,4.90999,1.5912719051444773,0.017969071334122733
2020-09-17,5.00333,1.6101036907545208,0.018831785610043505
2020-09-18,4.78755,1.5660187983164575,-0.04408489243806324
2020-09-21,4.60087,1.5262454160469259,-0.03977338226953164
2020-09-22,4.5717,1.5198851269817877,-0.006360289065138192
2020-09-23,4.35017,1.4702149247967415,-0.04967020218504614
2020-09-24,4.44933,1.4927535230448308,0.022538598248089237
2020-09-25,4.35017,1.4702149247967415,-0.022538598248089237
2020-09-28,4.19856,1.4347416093575174,-0.03547331543922416
2020-09-29,4.07604,1.4051259288550149,-0.029615680502502517
2020-09-30,4.15192,1.4235708778552245,0.018444949000209654
2020-10-01,4.12275,1.4165204164267424,-0.007050461428482091
2020-10-02,3.98859,1.383437784988477,-0.03308263143826551
2020-10-05,4.20437,1.4361244605596246,0.0526866755711477
2020-10-06,4.18103,1.4305576276655954,-0.005566832894029261
2020-10-07,4.14611,1.422170545258351,-0.008387082407244284
2020-10-08,4.30347,1.4594216740130348,0.03725112875468373
2020-10-09,4.22774,1.4416675713205145,-0.017754102692520313
2020-10-12,4.25683,1.448524751822642,0.00685718050212758
2020-10-13,4.2161,1.4389105301228515,-0.009614221699790537
2020-10-14,4.16938,1.4277673437014304,-0.011143186421421092
2020-10-15,4.08783,1.4080142669095164,-0.01975307679191407
2020-10-16,4.00024,1.3863543593199625,-0.02165990758955383
2020-10-19,4.05866,1.4008528698743128,0.014498510554350252
2020-10-20,4.2161,1.4389105301228515,0.03805766024853874
2020-10-21,4.19273,1.4333520730792926,-0.005558457043558951
2020-10-22,4.34443,1.4688945648413894,0.035542491762096784
2020-10-23,4.26854,1.4512718483977265,-0.017622716443662867
2020-10-26,4.19273,1.4333520730792926,-0.017919775318433917
2020-10-27,4.07023,1.403699508914325,-0.029652564164967643
2020-10-28,3.7729,1.3278439365227965,-0.0758555723915284
2020-10-29,3.90115,1.3612713814643291,0.0334274449415326
2020-10-30,3.86615,1.3522591798265144,-0.009012201637814687
2020-11-02,3.91868,1.365754862400636,0.013495682574121481
2020-11-03,4.01195,1.3892774074098666,0.023522545009230678
2020-11-04,4.0644,1.4022661306295894,0.012988723219722775
2020-11-05,4.19273,1.4333520730792926,0.031085942449703197
2020-11-06,4.29772,1.4580846495183835,0.02473257643909088
2020-11-09,4.77577,1.563555217476757,0.10547056795837362
2020-11-10,5.12577,1.6342807576414262,0.07072554016466914
2020-11-11,5.11988,1.633131001276754,-0.0011497563646722941
2020-11-12,4.82829,1.5744923677114115,-0.05863863356534238
2020-11-13,4.97416,1.6042565121336605,0.02976414442224895
2020-11-16,5.15487,1.6399418989162147,0.035685386782554174
2020-11-17,5.31813,1.6711217378022276,0.031179838886012945
2020-11-18,5.28903,1.6656348642175012,-0.005486873584726437
2020-11-19,5.36491,1.6798796005458676,0.014244736328366425
2020-11-20,5.28903,1.6656348642175012,-0.014244736328366425
2020-11-23,5.45229,1.6960357039090308,0.030400839691529624
2020-11-24,5.83154,1.7632811164240794,0.06724541251504856
2020-11-25,5.84907,1.766282674247028,0.0030015578229485307
2020-11-27,5.79662,1.7572749890618804,-0.009007685185147496
2020-11-30,5.58055,1.7192873378441238,-0.0379876512177566
2020-12-01,5.88944,1.7731609167427687,0.05387357889864486
2020-12-02,5.94189,1.7820272645836357,0.00886634784086704
2020-12-03,6.15223,1.8168146177203606,0.034787353136724875
2020-12-04,6.36726,1.8511692357594873,0.03435461803912676
2020-12-07,6.27974,1.8373285783491655,-0.01384065741032181
2020-12-08,6.19879,1.8243541117142805,-0.012974466634884996
2020-12-09,6.1579,1.817735810331805,-0.006618301382475433
2020-12-10,6.56566,1.8818530358318792,0.06411722550007415
2020-12-11,6.49038,1.8703210806197932,-0.011531955212086054
2020-12-14,6.35644,1.8494684722067223,-0.020852608413070906
2020-12-15,6.49612,1.8712050755951588,0.021736603388436526
2020-12-16,6.58357,1.8845771513999467,0.013372075804787942
2020-12-17,6.63042,1.8916681506076345,0.007090999207687743
2020-12-18,6.58357,1.8845771513999467,-0.007090999207687743
2020-12-21,6.27467,1.8365208939935298,-0.04805625740641695
2020-12-22,6.31496,1.842921421657295,0.006400527663765088
2020-12-23,6.37935,1.8530662112887464,0.01014478963145149
2020-12-24,6.39718,1.8558572682619054,0.0027910569731590673
2020-12-28,6.40875,1.8576642441157734,0.0018069758538679093
2020-12-29,6.44382,1.8631215319637016,0.005457287847928205
2020-12-30,6.537,1.8774783446305925,0.014356812666890928
2020-12-31,6.54842,1.8792237991745595,0.0017454545439670177
2021-01-04,6.52552,1.87572064351999,-0.0035031556545694897
2021-01-05,6.71727,1.9046818219931712,0.028961178473181137
2021-01-06,6.77658,1.9134725499085656,0.00879072791539448
2021-01-07,6.81658,1.919357879803448,0.005885329894882441
2021-01-08,6.81658,1.919357879803448,0.0
2021-01-11,6.64765,1.8942634087544676,-0.025094471048980438
2021-01-12,6.8345,1.9219833146105707,0.027719905856103066
2021-01-13,6.537,1.8774783446305925,-0.044504969979978215
2021-01-14,6.72354,1.9056148015464585,0.02813645691586597
2021-01-15,6.35644,1.8494684722067223,-0.05614632933973618
2021-01-19,6.34488,1.847648188457956,-0.0018202837487661938
2021-01-20,6.31496,1.842921421657295,-0.004726766800661197
2021-01-21,6.14006,1.8148345140982762,-0.02808690755901866
2021-01-22,5.94189,1.7820272645836357,-0.032807249514640535
2021-01-25,5.88399,1.7722351032136137,-0.009792161370022034
2021-01-26,6.03539,1.797640475493828,0.025405372280214333
2021-01-27,6.02934,1.7966375520123878,-0.0010029234814401544
2021-01-28,6.15223,1.8168146177203606,0.02017706570797273
2021-01-29,5.86049,1.7682332178405926,-0.04858139987976795
2021-02-01,5.99435,1.7908173589147993,0.0225841410742067
2021-02-02,6.31496,1.842921421657295,0.05210406274249557
2021-02-03,6.3851,1.8539671510689855,0.011045729411690575
2021-02-04,6.33279,1.8457408973445193,-0.00822625372446617
2021-02-05,6.4553,1.8649014988189585,0.01916060147443921
2021-02-08,6.1873,1.8224988041400785,-0.042402694678880026
2021-02-09,5.99435,1.7908173589147993,-0.03168144522527916
2021-02-10,6.07627,1.804391020875917,0.013573661961117756
2021-02-11,6.14006,1.8148345140982762,0.010443493222359157
2021-02-12,6.15223,1.8168146177203606,0.0019801036220843393
2021-02-16,6.2396,1.8309160777625766,0.014101460042216019
2021-02-17,6.36726,1.8511692357594873,0.020253157996910742
2021-02-18,6.30981,1.8421055651647547,-0.009063670594732676
2021-02-19,5.86049,1.7682332178405926,-0.07387234732416204
2021-02-22,4.63012,1.532582785688845,-0.23565043215174764
2021-02-23,4.93916,1.5971952762554789,0.06461249056663387
2021-02-24,5.08488,1.6262714304020078,0.029076154146528976
2021-02-25,4.82255,1.5733028338103545,-0.052968596591653316
2021-02-26,4.62415,1.5312925702902958,-0.042010263520058766
2021-03-01,4.55431,1.5160740373493464,-0.015218532940949325
2021-03-02,4.5135,1.5070729057560726,-0.00900113159327387
2021-03-03,4.33271,1.4661932122927306,-0.04087969346334197
2021-03-04,4.44933,1.4927535230448308,0.02656031075210019
2021-03-05,4.52514,1.509648515899801,0.016894992854970203
2021-03-08,4.20437,1.4361244605596246,-0.07352405534017636
2021-03-09,4.23937,1.4444146732983754,0.008290212738750746
2021-03-10,4.5717,1.5198851269817877,0.07547045368341232
2021-03-11,4.8109,1.5708841768018522,0.050999049820064535
2021-03-12,4.73503,1.554988062415225,-0.01589611438662719
2021-03-15,4.77577,1.563555217476757,0.00856715506153205
2021-03-16,4.72913,1.5537412532394899,-0.009813964237267214
2021-03-17,4.91582,1.5924585758991825,0.03871732265969263
2021-03-18,4.79912,1.568432567772902,-0.024026008126280418
2021-03-19,4.95081,1.5995511995572658,0.031118631784363693
2021-03-22,4.88075,1.5852988965807746,-0.01425230297649116
2021-03-23,4.75248,1.5586665870601772,-0.026632309520597364
2021-03-24,4.67086,1.5413432089020962,-0.01732337815808105
2021-03-25,4.72913,1.5537412532394899,0.012398044337393666
2021-03-26,4.72913,1.5537412532394899,0.0
2021-03-29,4.75248,1.5586665870601772,0.004925333820687383
2021-03-30,4.75248,1.5586665870601772,0.0
2021-03-31,4.94499,1.598374942827939,0.03970835576776177
2021-04-01,4.82255,1.5733028338103545,-0.0250721090175845
2021-04-05,4.88664,1.5865049507495852,0.01320211693923068
2021-04-06,4.9041,1.590071589943135,0.0035666391935498254
2021-04-07,4.90999,1.5912719051444773,0.001200315201342228
2021-04-08,4.88075,1.5852988965807746,-0.005973008563702642
2021-04-09,4.83412,1.5756991061353616,-0.009599790445413037
2021-04-12,4.82255,1.5733028338103545,-0.002396272325007054
2021-04-13,4.82255,1.5733028338103545,0.0
2021-04-14,4.95081,1.5995511995572658,0.02624836574691125
2021-04-15,4.88321,1.585802790503333,-0.01374840905393282
2021-04-16,4.89529,1.5882735183542696,0.002470727850936605
2021-04-19,5.14853,1.6387112370375774,0.05043771868330782
2021-04-20,5.02191,1.6138103394278542,-0.024900897609723138
2021-04-21,5.02191,1.6138103394278542,0.0
2021-04-22,5.11839,1.6328399364756656,0.019029597047811375
2021-04-23,5.08825,1.6269339600508514,-0.005905976424814163
2021-04-26,5.14853,1.6387112370375774,0.011777276986725926
2021-04-27,5.00982,1.6113999863076298,-0.027311250729947556
2021-04-28,5.30529,1.668704435981838,0.05730444967420811
2021-04-29,5.16062,1.6410567273141925,-0.027647708667645432
2021-04-30,5.11235,1.6316591810851975,-0.009397546228995024
2021-05-03,5.11235,1.6316591810851975,0.0
2021-05-04,4.97363,1.6041499558029575,-0.02750922528223998
2021-05-05,5.23299,1.654982816438503,0.050832860635545485
2021-05-06,5.28112,1.664138196435768,0.009155379997265012
2021-05-07,5.46803,1.698918405313368,0.034780208877599916
2021-05-10,5.55846,1.7153210914796186,0.016402686166250735
2021-05-11,5.63687,1.7293289469211433,0.014007855441524608
2021-05-12,5.49825,1.7044298597896685,-0.024899087131474706
2021-05-13,5.55846,1.7153210914796186,0.010891231689950098
2021-05-14,5.8358,1.7640113600253295,0.0486902685457109
2021-05-17,5.91414,1.7773460937912833,0.013334733765953732
2021-05-18,5.85989,1.7681308320816795,-0.00921526170960374
2021-05-19,5.76349,1.7515431940006019,-0.01658763808107766
2021-05-20,5.72127,1.744190808719172,-0.007352385281429896
2021-05-21,5.6791,1.7367927694741956,-0.007398039244976395
2021-05-24,5.77551,1.7536265641969213,0.016833794722725726
2021-05-25,5.66097,1.7335952556234167,-0.020031308573504658
2021-05-26,5.75745,1.7504946683502005,0.016899412726783858
2021-05-27,5.77551,1.7536265641969213,0.0031318958467208002
2021-05-28,6.15536,1.8173232469593064,0.06369668276238505
2021-06-01,6.40875,1.8576642441157734,0.040340997156466996
2021-06-02,6.81241,1.918745948892922,0.06108170477714858
2021-06-03,6.80069,1.9170240776225045,-0.0017218712704174521
2021-06-04,6.98745,1.9441156828205532,0.027091605198048763
2021-06-07,6.89097,1.9302118588610233,-0.013903823959529937
2021-06-08,7.084,1.9578387199205871,0.0276268610595638
2021-06-09,7.05982,1.9544195554294204,-0.0034191644911667485
2021-06-10,7.03505,1.9509047978616356,-0.003514757567784743
2021-06-11,6.90888,1.9328075407062335,-0.018097257155402113
2021-06-14,6.94544,1.9380853291310736,0.0052777884248400575
2021-06-15,7.05363,1.9535423779289647,0.015457048797891115
2021-06-16,7.11361,1.962009850544737,0.008467472615772298
2021-06-17,6.87926,1.928511088020926,-0.03349876252381101
2021-06-18,6.85449,1.9249039119971378,-0.003607176023788128
2021-06-21,7.04743,1.9526630113565893,0.027759099359451422
2021-06-22,7.12631,1.9637935689037231,0.011130557547133879
2021-06-23,7.186,1.972134688691327,0.008341119787603768
2021-06-24,7.33074,1.9920764657824852,0.019941777091158297
2021-06-25,7.20465,1.9747266508947448,-0.017349814887740456
2021-06-28,7.16286,1.9689093425578819,-0.005817308336862892
2021-06-29,7.27105,1.9839007102774762,0.014991367719594306
2021-06-30,7.37253,1.997760930875007,0.013860220597530892
2021-07-01,7.10839,1.9612757765418674,-0.0364851543331397
2021-07-02,7.186,1.972134688691327,0.010858912149459554
2021-07-06,6.66213,1.8964392532406606,-0.07569543545066626
2021-07-07,6.64356,1.8936479643925024,-0.0027912888481582687
2021-07-08,6.49865,1.871594463022865,-0.022053501369637463
2021-07-09,6.56499,1.8817509845243534,0.010156521501488491
2021-07-12,6.64974,1.894577756159065,0.012826771634711687
2021-07-13,6.66766,1.8972689737864838,0.0026912176274187516
2021-07-14,6.73384,1.9071455604328489,0.009876586646365038
2021-07-15,6.52932,1.8763028031033049,-0.030842757329544
2021-07-16,6.43874,1.8623328687999658,-0.013969934303339038
2021-07-19,6.1432,1.8153457790341967,-0.04698708976576915
2021-07-20,6.30592,1.841488874711918,0.02614309567772133
2021-07-21,6.45083,1.8642088046993834,0.022719929987465415
2021-07-22,6.42659,1.8604440709825523,-0.00376473371683117
2021-07-23,6.3545,1.849163223339988,-0.011280847642564318
2021-07-26,6.54723,1.8790420594360546,0.029878836096066674
2021-07-27,6.52932,1.8763028031033049,-0.00273925633274974
2021-07-28,6.67318,1.898096507932012,0.021793704828707128
2021-07-29,6.74003,1.9080643759528855,0.00996786802087346
2021-07-30,6.433,1.8614409924288633,-0.04662338352402218
2021-08-02,6.41442,1.8585485808857793,-0.0028924115430839503
2021-08-03,6.44442,1.863214640099558,0.004666059213778606
2021-08-04,6.22177,1.828054432186286,-0.03516020791327201
2021-08-05,6.79383,1.9160148473470304,0.08796041516074449
2021-08-06,6.74003,1.9080643759528855,-0.007950471394144953
2021-08-09,6.66213,1.8964392532406606,-0.011625122712224822
2021-08-10,6.70974,1.9035602020957532,0.007120948855092513
2021-08-11,6.80069,1.9170240776225045,0.013463875526751323
2021-08-12,6.78831,1.9152020151565332,-0.0018220624659712747
2021-08-13,6.83725,1.9223856040083562,0.0071835888518230195
2021-08-16,6.72212,1.9054035809733845,-0.01698202303497176
2021-08-17,6.73869,1.9078655440156667,0.002461963042282189
2021-08-18,6.53447,1.8770912420275045,-0.03077430198816211
2021-08-19,6.43874,1.8623328687999658,-0.014758373227538701
2021-08-20,6.44508,1.8633170490371547,0.0009841802371888253
2021-08-23,6.64908,1.8944784992324293,0.03116145019527461
2021-08-24,6.89165,1.9303105338590354,0.03583203462660611
2021-08-25,6.94888,1.9385804955113337,0.008269961652298319
2021-08-26,6.8724,1.927513390205675,-0.011067105305658798
2021-08-27,7.15392,1.9676604582190869,0.040147068013411946
2021-08-30,7.03848,1.9513922377673185,-0.016268220451768345
2021-08-31,6.91716,1.934005280766274,-0.017386957001044534
2021-09-01,6.8724,1.927513390205675,-0.006491890560599067
2021-09-02,6.7642,1.9116439989019796,-0.015869391303695357
2021-09-03,6.6684,1.8973799510917388,-0.01426404781024071
2021-09-07,6.7325,1.906946545703617,0.009566594611878143
2021-09-08,6.22177,1.828054432186286,-0.07889211351733105
2021-09-09,6.36212,1.8503616551421511,0.02230722295586518
2021-09-10,6.34302,1.847354995728927,-0.0030066594132240887
2021-09-13,6.57879,1.883850837849773,0.03649584212084589
2021-09-14,6.49612,1.8712050755951588,-0.012645762254614112
2021-09-15,6.56014,1.8810119441916864,0.009806868596527574
2021-09-16,6.49612,1.8712050755951588,-0.009806868596527574
2021-09-17,6.19625,1.8239442703526465,-0.047260805242512305
2021-09-20,6.075,1.8041819892266122,-0.019762281126034287
2021-09-21,6.19625,1.8239442703526465,0.019762281126034287
2021-09-22,6.36846,1.8513576821140791,0.027413411761432638
2021-09-23,6.63042,1.8916681506076345,0.04031046849355535
2021-09-24,6.5726,1.8829094924167662,-0.008758658190868296
2021-09-27,6.6684,1.8973799510917388,0.014470458674972653
2021-09-28,6.54082,1.8780625398724053,-0.019317411219333502
2021-09-29,6.62356,1.8906329897559397,0.012570449883534396
2021-09-30,6.59804,1.8867726352311778,-0.0038603545247619664
2021-10-01,6.85374,1.924794488679795,0.03802185344861719
2021-10-04,6.89791,1.9312184671694577,0.006423978489662696
2021-10-05,7.00058,1.945993002765707,0.014774535596249416
2021-10-06,6.81517,1.9191510098116966,-0.026841992954010463
2021-10-07,6.78965,1.9153993938502913,-0.0037516159614052746
2021-10-08,6.90477,1.9322124771102573,0.016813083259966
2021-10-11,6.84068,1.9228871418977735,-0.009325335212483798
2021-10-12,6.84068,1.9228871418977735,0.0
2021-10-13,7.05162,1.953257377661177,0.030370235763403475
2021-10-14,6.97439,1.942244868685868,-0.011012508975309032
2021-10-15,7.07706,1.9568585672264238,0.01461369854055583
2021-10-18,6.99371,1.945011173669428,-0.011847393556995822
2021-10-19,6.59804,1.8867726352311778,-0.05823853843825022
2021-10-20,6.81517,1.9191510098116966,0.03237837458051884
2021-10-21,6.41322,1.858361484895636,-0.0607895249160606
2021-10-22,6.34935,1.8483524454605078,-0.010009039435128209
2021-10-25,6.8345,1.9219833146105707,0.0736308691500629
2021-10-26,6.72556,1.9059151933964988,-0.016068121214071862
2021-10-27,6.69385,1.9011891944113886,-0.00472599898511028
2021-10-28,6.73869,1.9078655440156667,0.006676349604278098
2021-10-29,6.26639,1.8352004312570307,-0.07266511275863596
2021-11-01,6.50888,1.8731673984086288,0.037966967151598086
2021-11-02,6.42598,1.8603491483327699,-0.012818250075858906
2021-11-03,6.31749,1.8433219773743295,-0.01702717095844042
2021-11-04,6.08135,1.8052267108046443,-0.038095266569685204
2021-11-05,6.2026,1.82496855898509,0.019741848180445665
2021-11-08,6.27915,1.837234621000955,0.012266062015864998
2021-11-09,6.43232,1.8613352818828943,0.024100660881939406
2021-11-10,6.40039,1.856358926009012,-0.004976355873882232
2021-11-11,6.49612,1.8712050755951588,0.014846149586146717
2021-11-12,6.52806,1.876109808796038,0.004904733200879141
2021-11-15,6.59185,1.885834037493906,0.009724228697868043
2021-11-16,6.56633,1.8819550767259983,-0.0038789607679077243
2021-11-17,6.40681,1.8573614871523916,-0.02459358957360669
2021-11-18,6.30474,1.8413017314532076,-0.016059755699183942
2021-11-19,6.21535,1.8270220387430736,-0.014279692710134073
2021-11-22,6.23452,1.8301015914050884,0.0030795526620148728
2021-11-23,6.56633,1.8819550767259983,0.05185348532090983
2021-11-24,6.68766,1.900264037169566,0.01830896044356778
2021-11-26,6.68146,1.8993365265414206,-0.0009275106281454448
2021-11-29,6.89791,1.9312184671694577,0.031881940628037064
2021-11-30,6.80898,1.9182423292076334,-0.012976137961824286
2021-12-01,6.78965,1.9153993938502913,-0.0028429353573420357
2021-12-02,7.21658,1.9763811564704024,0.06098176262011101
2021-12-03,7.32627,1.9914665187143474,0.015085362243945077
2021-12-06,7.40909,2.0027076247490525,0.011241106034705073
2021-12-07,7.68516,2.0392911965526204,0.03658357180356786
2021-12-08,7.79558,2.0535569064126435,0.014265709860023179
2021-12-09,7.71947,2.043745708830229,-0.009811197582414444
2021-12-10,7.76797,2.050008868983626,0.006263160153396896
2021-12-13,7.61577,2.0302210974532158,-0.019787771530410225
2021-12-14,7.50608,2.015713358796186,-0.014507738657029812
2021-12-15,7.49191,2.01382377169602,-0.001889587100166068
2021-12-16,7.65756,2.035693395149532,0.021869623453512066
2021-12-17,7.43669,2.0064258573778635,-0.02926753777166846
2021-12-20,7.29195,1.9867709999635064,-0.01965485741435713
2021-12-21,7.28523,1.9858490108715097,-0.0009219890919967
2021-12-22,7.37476,1.9980633593234878,0.012214348451978108
2021-12-23,7.43669,2.0064258573778635,0.008362498054375722
2021-12-27,7.63666,2.0329603348156824,0.026534477437818893
2021-12-28,7.65084,2.034815445732004,0.0018551109163214008
2021-12-29,7.51279,2.016606901445726,-0.018208544286277828
2021-12-30,7.57473,2.0248177071958295,0.008210805750103578
2021-12-31,7.56801,2.02393015310177,-0.0008875540940596061
2022-01-03,7.68516,2.0392911965526204,0.015361043450850431
2022-01-04,7.77469,2.0508735858877762,0.011582389335155874
2022-01-05,7.39566,2.000893341673165,-0.049980244214611336
2022-01-06,7.4643,2.0101316556633737,0.009238313990208802
2022-01-07,7.58816,2.026589137775608,0.01645748211223408
2022-01-10,7.4643,2.0101316556633737,-0.01645748211223408
2022-01-11,7.98137,2.077110075924525,0.06697842026115142
2022-01-12,8.28431,2.1143633643686597,0.03725328844413456
2022-01-13,8.47754,2.1374203133786867,0.023056949010026973
2022-01-14,8.69096,2.1622834049824142,0.024863091603727572
2022-01-18,8.58794,2.1503588934993485,-0.011924511483065725
2022-01-19,8.69096,2.1622834049824142,0.011924511483065725
2022-01-20,8.71851,2.165448351761047,0.003164946778632771
2022-01-21,8.7327,2.167074600385336,0.0016262486242890617
2022-01-24,8.71186,2.1646853157127417,-0.0023892846725943606
2022-01-25,9.07073,2.2050527460040583,0.04036743029131662
2022-01-26,9.38041,2.2386234720842,0.03357072608014189
2022-01-27,9.49749,2.251027553170429,0.012404081086228924
2022-01-28,9.2222,2.221613620818921,-0.02941393235150791
2022-01-31,9.20129,2.2193436916167593,-0.0022699292021619577
2022-02-01,9.54598,2.256120123463136,0.03677643184637658
2022-02-02,9.32511,2.232710761706953,-0.0234093617561828
2022-02-03,9.19455,2.2186109172175916,-0.014099844489361413
2022-02-04,9.34602,2.2349505842288657,0.016339667011274095
2022-02-07,9.34602,2.2349505842288657,0.0
2022-02-08,9.16699,2.215608988109621,-0.019341596119244908
2022-02-09,9.24986,2.2246084162746613,0.008999428165040513
2022-02-10,9.36694,2.2371864687404805,0.012578052465819223
2022-02-11,9.78032,2.2803722033478446,0.04318573460736408
2022-02-14,9.63558,2.2654624972522677,-0.014909706095576958
2022-02-15,9.49076,2.2503186937145228,-0.015143803537744915
2022-02-16,9.7937,2.2817393218124162,0.03142062809789348
2022-02-17,9.62885,2.264763800195175,-0.016975521617241363
2022-02-18,9.6565,2.267631263730517,0.002867463535342285
2022-02-22,9.86984,2.2894836425743796,0.021852378843862486
2022-02-23,10.0355,2.306128806617411,0.01664516404303118
2022-02-24,9.61467,2.2632900570788963,-0.04283874953851452
2022-02-25,9.78032,2.2803722033478446,0.01708214626894833
2022-02-28,9.84901,2.2873709425185558,0.0069987391707111435
2022-03-01,10.1183,2.314345665558672,0.026974723040116277
2022-03-02,10.1183,2.314345665558672,0.0
2022-03-03,10.2003,2.322417131622414,0.008071466063741983
2022-03-04,10.0011,2.3026950869444893,-0.01972204467792471
2022-03-07,9.20802,2.2200748434415494,-0.08262024350293995
2022-03-08,9.44981,2.2459946354834206,0.025919792041871226
2022-03-09,9.55271,2.2568248838711593,0.010830248387738717
2022-03-10,9.76614,2.2789213009862355,0.02209641711507615
2022-03-11,9.48411,2.2496177666175505,-0.029303534368684936
2022-03-14,9.29081,2.229025739552323,-0.02059202706522756
2022-03-15,9.00807,2.198120842237479,-0.030904897314843804
2022-03-16,9.13933,2.2125870786216284,0.014466236384149234
2022-03-17,8.97377,2.1943058776287354,-0.018281200992892988
2022-03-18,9.13933,2.2125870786216284,0.018281200992892988
2022-03-21,9.51168,2.252520517106858,0.039933438485229455
2022-03-22,9.47737,2.248906851616837,-0.0036136654900209564
2022-03-23,9.78032,2.2803722033478446,0.03146535173100773
2022-03-24,9.96609,2.2991883305228313,0.018816127174986708
2022-03-25,10.125,2.315007612992603,0.0158192824697716
2022-03-28,9.77358,2.2796828267767335,-0.03532478621586943
2022-03-29,9.98701,2.3012852485621886,0.021602421785455128
2022-03-30,10.1108,2.313604159476479,0.01231891091429027
2022-03-31,10.2003,2.322417131622414,0.008812972145935127
2022-04-01,10.4077,2.3425459168132328,0.020128785190818732
2022-04-04,10.4421,2.345845711651947,0.0032997948387141207
2022-04-05,10.2765,2.3298597351289265,-0.015985976523020362
2022-04-06,10.187,2.321112397607929,-0.008747337520997434
2022-04-07,10.6346,2.36411283628525,0.04300043867732084
2022-04-08,10.8144,2.3808785793639524,0.01676574307870249
2022-04-11,10.7174,2.3718685889122924,-0.009009990451660066
2022-04-12,10.7936,2.3789533658851942,0.007084776972901885
2022-04-13,11.0002,2.397913454451265,0.018960088566070787
2022-04-14,10.9756,2.3956746271707736,-0.0022388272804914067
2022-04-18,10.9383,2.3922703918660675,-0.003404235304706127
2022-04-19,11.1174,2.408511448534287,0.0162410566682194
2022-04-20,11.3113,2.4258022260513785,0.017290777517091627
2022-04-21,10.8786,2.386797556677681,-0.03900466937369762
2022-04-22,10.3563,2.337595030183495,-0.04920252649418577
2022-04-25,10.1698,2.319422544183714,-0.018172485999781163
2022-04-26,9.89368,2.291896169448435,-0.027526374735278747
2022-04-27,9.93099,2.2956601709727735,0.003764001524338312
2022-04-28,10.0802,2.3105731037162283,0.014912932743454732
2022-04-29,10.125,2.315007612992603,0.004434509276374676
2022-05-02,9.7072,2.272867878205896,-0.04213973478670674
2022-05-03,9.93099,2.2956601709727735,0.02279229276687733
2022-05-04,10.4533,2.3469177180335032,0.05125754706072971
2022-05-05,10.1847,2.3208865941639583,-0.02603112386954498
2022-05-06,10.5055,2.3518989295469668,0.031012335383008516
2022-05-09,9.87879,2.2903900346241306,-0.06150889492283618
2022-05-10,10.0429,2.3068659171775203,0.01647588255338972
2022-05-11,10.5055,2.3518989295469668,0.04503301236944646
2022-05-12,10.5354,2.3547410152112027,0.0028420856642359382
2022-05-13,10.8263,2.381978359056794,0.027237343845591067
2022-05-16,11.0801,2.4051507065491684,0.023172347492374623
2022-05-17,11.3113,2.4258022260513785,0.020651519502210114
2022-05-18,11.0054,2.3983860614328325,-0.027416164618546013
2022-05-19,11.2442,2.4198524401504127,0.02146637871758017
2022-05-20,11.5054,2.4428164903753484,0.02296405022493575
2022-05-23,12.1321,2.495854832456393,0.05303834208104474
2022-05-24,11.6712,2.457124268775549,-0.038730563680844377
2022-05-25,11.9336,2.4793579508575836,0.0222336820820348
2022-05-26,12.1386,2.496390457729286,0.017032506871702324
2022-05-27,11.6957,2.4592212528836597,-0.03716920484562625
2022-05-31,11.3841,2.4322176450075785,-0.027003607876081137
2022-06-01,11.3431,2.4286096295479185,-0.003608015459660052
2022-06-02,11.2775,2.422809590300414,-0.005800039247504607
2022-06-03,11.6301,2.4535965649458853,0.03078697464547142
2022-06-06,11.4989,2.4422513786203304,-0.011345186325554923
2022-06-07,11.4005,2.4336572140877664,-0.008594164532564008
2022-06-08,11.3103,2.425713814975181,-0.007943399112585237
2022-06-09,11.0806,2.40519583147754,-0.020517983497641
2022-06-10,10.8346,2.382744716909535,-0.02245111456800508
2022-06-13,10.326,2.3346649864574576,-0.048079730452077474
2022-06-14,10.4245,2.344158804903974,0.009493818446516311
2022-06-15,10.4655,2.3480841330652638,0.003925328161289876
2022-06-16,9.90777,2.293319297792878,-0.05476483527238596
2022-06-17,9.52231,2.253637466428061,-0.039681831364816844
2022-06-21,9.47312,2.248458314394712,-0.005179152033349066
2022-06-22,9.39105,2.239757108054922,-0.00870120633978999
2022-06-23,9.10397,2.2087105821237127,-0.031046525931209157
2022-06-24,8.98095,2.1951056673645524,-0.01360491475916037
2022-06-27,9.66173,2.2681727212168163,0.07306705385226397
2022-06-28,9.75196,2.277468290447835,0.009295569231018597
2022-06-29,9.70276,2.2724103811190974,-0.005057909328737509
2022-06-30,9.57974,2.259650451739737,-0.012759929379360546
2022-07-01,9.64533,2.266473860391359,0.00682340865162212
2022-07-05,9.30082,2.230102568315295,-0.036371292076064154
2022-07-06,9.10397,2.2087105821237127,-0.021391986191582113
2022-07-07,9.48127,2.24931827353898,0.04060769141526732
2022-07-08,9.66988,2.2690158998742436,0.019697626335263507
2022-07-11,9.47312,2.248458314394712,-0.02055758547953168
2022-07-12,9.21059,2.2203539090188844,-0.02810440537582748
2022-07-13,9.30082,2.230102568315295,0.009748659296410445
2022-07-14,8.94,2.190535589185423,-0.03956697912987206
2022-07-15,9.21059,2.2203539090188844,0.029818319833461615
2022-07-18,9.40744,2.241500865575135,0.02114695655625054
2022-07-19,9.56326,2.257928673118698,0.016427807543562878
2022-07-20,9.53871,2.2553582561913434,-0.0025704169273543798
2022-07-21,9.40744,2.241500865575135,-0.013857390616208498
2022-07-22,9.54686,2.2562123046159264,0.014711439040791419
2022-07-25,10.1621,2.3186651137056846,0.062452809089758254
2022-07-26,10.3425,2.3362616193534294,0.01759650564774473
2022-07-27,10.6213,2.3628614188683725,0.02659979951494318
2022-07-28,10.9823,2.396284885912086,0.03342346704371346
2022-07-29,11.7121,2.460622495433871,0.06433760952178513
2022-08-01,11.5646,2.4479487079689553,-0.012673787464915875
2022-08-02,11.3513,2.4293322748134334,-0.01861643315552186
2022-08-03,11.2856,2.4235275767781554,-0.005804698035277944
2022-08-04,11.6055,2.451479123675482,0.027951546897326374
2022-08-05,11.8516,2.4724628795636585,0.02098375588817669
2022-08-08,12.5815,2.532227481048085,0.05976460148442664
2022-08-09,12.6636,2.538731736482908,0.006504255434822692
2022-08-10,12.7456,2.545186114005188,0.006454377522280286
2022-08-11,12.3765,2.5157995132303705,-0.029386600774817584
2022-08-12,12.0716,2.490855586390411,-0.024943926839959385
2022-08-15,12.1248,2.4952529418421445,0.004397355451733365
2022-08-16,12.1691,2.4988999519230024,0.003647010080857882
2022-08-17,12.4527,2.5219374668682457,0.02303751494524331
2022-08-18,12.5945,2.533260210723602,0.011322743855356254
2022-08-19,12.1071,2.4937920573759724,-0.03946815334762954
2022-08-22,12.3464,2.5133645226044847,0.019572465228512304
2022-08-23,12.9579,2.5617056407576726,0.04834111815318787
2022-08-24,13.02,2.5664866367804233,0.0047809960227507275
2022-08-25,12.9225,2.5589699780880575,-0.007516658692365841
2022-08-26,13.0643,2.569883319274676,0.010913341186618464
2022-08-29,13.41,2.596000697293587,0.02611737801891101
2022-08-30,12.6123,2.5346725282695592,-0.06132816902402771
2022-08-31,12.6655,2.538881761553168,0.004209233283608782
2022-09-01,12.7984,2.5493201631124203,0.010438401559252242
2022-09-02,12.7984,2.5493201631124203,0.0
2022-09-06,12.178,2.4996310451863826,-0.049689117926037696
2022-09-07,12.2046,2.5018129298543594,0.0021818846679768633
2022-09-08,12.0805,2.491592582378573,-0.010220347475786262
2022-09-09,12.2312,2.5039900642642667,0.012397481885693562
2022-09-12,12.3198,2.511207724207371,0.007217659943104415
2022-09-13,11.7348,2.4625587861240925,-0.04864893808327864
2022-09-14,11.8944,2.4760677011207957,0.013508914996703147
2022-09-15,11.7348,2.4625587861240925,-0.013508914996703147
2022-09-16,11.6107,2.45192708674325,-0.01063169938084263
2022-09-19,11.983,2.4834889787003798,0.031561891957129884
2022-09-20,12.0007,2.4849649814200108,0.0014760027196309977
2022-09-21,11.9032,2.4768072715313507,-0.008157709888660047
2022-09-22,12.2489,2.505436137040474,0.028628865509123358
2022-09-23,11.1233,2.4090420073870566,-0.09639412965341743
2022-09-26,10.7776,2.377469906185761,-0.0315721012012955
2022-09-27,10.8574,2.3848468751610774,0.007376968975316256
2022-09-28,10.8662,2.3856570539971225,0.0008101788360450612
2022-09-29,10.7599,2.3758262610101544,-0.009830792986968095
2022-09-30,10.9371,2.3921606795864103,0.01633441857625595
2022-10-03,12.3198,2.511207724207371,0.11904704462096083
2022-10-04,12.1159,2.494518639581904,-0.016689084625467032
2022-10-05,12.5059,2.5262005329512944,0.03168189336939031
2022-10-06,12.8604,2.5541528225248147,0.02795228957352025
2022-10-07,12.7186,2.54306548896153,-0.01108733356328484
2022-10-10,12.6211,2.535370016547537,-0.007695472413992821
2022-10-11,12.4084,2.518373662620908,-0.016996353926629126
2022-10-12,12.3109,2.510485048815495,-0.007888613805413058
2022-10-13,12.7895,2.5486245217851597,0.03813947296966491
2022-10-14,12.3641,2.5147971122345743,-0.0338274095505855
2022-10-17,12.3907,2.516946191220287,0.0021490789857128156
2022-10-18,12.7186,2.54306548896153,0.026119297741242775
2022-10-19,13.1795,2.5786625920876913,0.03559710312616149
2022-10-20,13.6847,2.616278420440153,0.03761582835246147
2022-10-21,14.2254,2.6550290991249574,0.03875067868480464
2022-10-24,12.5768,2.5318538468951672,-0.1231752522297902
2022-10-25,12.3375,2.5126434047596,-0.01921044213556744
2022-10-26,11.9919,2.484231421872933,-0.02841198288666691
2022-10-27,12.1337,2.4959867052981966,0.011755283425263663
2022-10-28,11.9209,2.4782931621426734,-0.017693543155523184
2022-10-31,11.3626,2.4303272603449577,-0.04796590179771565
2022-11-01,11.5487,2.446572876520559,0.016245616175601274
2022-11-02,11.3005,2.4248469725270008,-0.021725903993558227
2022-11-03,11.5664,2.448104343263896,0.023257370736895044
2022-11-04,11.2119,2.4169757142474264,-0.0311286290164694
2022-11-07,10.5117,2.3524889225222294,-0.064486791725197
2022-11-08,10.556,2.3566944186410774,0.004205496118848018
2022-11-09,10.2813,2.3303267111757044,-0.02636770746537298
2022-11-10,9.75834,2.27812230399221,-0.05220440718349462
2022-11-11,10.2458,2.326867865513887,0.04874556152167697
2022-11-14,10.5472,2.3558604218529062,0.028992556339019426
2022-11-15,10.6092,2.361721549217622,0.005861127364715557
2022-11-16,10.2635,2.3285939121750965,-0.033127637042525304
2022-11-17,10.1572,2.3181828136171,-0.010411098557996379
2022-11-18,10.0597,2.3085373431533776,-0.00964547046372255
2022-11-21,10.104,2.31293138504819,0.004394041894812517
2022-11-22,10.16,2.318458442150336,0.00552705710214596
2022-11-23,10.14,2.316487998163037,-0.001970443987298953
2022-11-25,10.3,2.33214389523559,0.015655897072552882
2022-11-28,10.54,2.355177543113216,0.023033647877626073
2022-11-29,11.14,2.410542234499138,0.055364691385921816
2022-11-30,11.69,2.458733775483977,0.04819154098483924
2022-12-01,11.28,2.423031246069913,-0.035702529414064266
2022-12-02,11.4,2.4336133554004498,0.010582109330536937
2022-12-05,11.08,2.405141681319138,-0.028471674081311793
2022-12-06,11.0869,2.4057642311770655,0.0006225498579275346
2022-12-07,11.08,2.405141681319138,-0.0006225498579275346
2022-12-08,10.78,2.377692565480851,-0.027449115838286797
2022-12-09,10.71,2.3711778844596574,-0.006514681021193791
2022-12-12,10.33,2.3350522831315472,-0.03612560132811016
2022-12-13,10.14,2.316487998163037,-0.018564284968510147
2022-12-14,9.14,2.2126603854660587,-0.10382761269697838
2022-12-15,9.39,2.2396452932201716,0.026984907754112886
2022-12-16,9.37,2.2375130962503307,-0.002132196969840905
2022-12-19,9.66,2.2679936482244267,0.03048055197409605
2022-12-20,9.99,2.301584592660462,0.033590944436035386
2022-12-21,10.3,2.33214389523559,0.030559302575127845
2022-12-22,10.5,2.3513752571634776,0.019231361927887658
2022-12-23,11.09,2.4060438013622756,0.054668544198797964
2022-12-27,10.85,2.3841650799864684,-0.021878721375807153
2022-12-28,10.85,2.3841650799864684,0.0
2022-12-29,10.68,2.3683728335320486,-0.01579224645441979
2022-12-30,10.65,2.365559892155434,-0.002812941376614475
2023-01-03,9.5,2.2512917986064953,-0.11426809354893885
2023-01-04,9.71,2.2731562823032334,0.021864483696738102
2023-01-05,10.13,2.315501318260592,0.0423450359573585
2023-01-06,10.28,2.330200260027019,0.014698941766427165
2023-01-09,10.24,2.3263016196113617,-0.0038986404156573506
2023-01-10,10.45,2.34660197841082,0.02030035879945835
2023-01-11,10.61,2.3617969526258915,0.015194974215071433
2023-01-12,10.9,2.388762789235098,0.026965836609206484
2023-01-13,10.84,2.3832429960115,-0.0055197932235979685
2023-01-17,11.31,2.425687290128029,0.04244429411652906
2023-01-18,10.98,2.3960754360813845,-0.02961185404664457
2023-01-19,11.35,2.4292177439274116,0.03314230784602712
2023-01-20,11.46,2.4388627112865935,0.009644967359181855
2023-01-23,11.73,2.462149662665384,0.023286951378790555
2023-01-24,11.78,2.4664031782234406,0.004253515558056531
2023-01-25,11.93,2.4790562361098245,0.012653057886383934
2023-01-26,11.66,2.4561641809223462,-0.022892055187478277
2023-01-27,11.29,2.4239173781615704,-0.03224680276077585
2023-01-30,11.28,2.423031246069913,-0.0008861320916575544
2023-01-31,11.6,2.451005098112319,0.02797385204240621
2023-02-01,11.42,2.435366204227864,-0.01563889388445494
2023-02-02,10.92,2.390595970316759,-0.044770233911104906
2023-02-03,10.84,2.3832429960115,-0.007352974305259163
2023-02-06,11.19,2.4150205223238337,0.03177752631233366
2023-02-07,11.05,2.402430427963762,-0.012590094360071635
2023-02-08,11.2,2.4159137783010487,0.013483350337286648
2023-02-09,11.05,2.402430427963762,-0.013483350337286648
2023-02-10,11.53,2.4449523342809676,0.04252190631720554
2023-02-13,11.7,2.4595888418037104,0.014636507522742814
2023-02-14,11.63,2.453587966530573,-0.006000875273137307
2023-02-15,11.62,2.4527277514237653,-0.0008602151068077823
2023-02-16,11.64,2.454447442303292,0.0017196908795265031
2023-02-17,11.55,2.446685436967803,-0.007762005335488986
2023-02-21,11.27,2.422144328051685,-0.02454110891611805
2023-02-22,11.27,2.422144328051685,0.0
2023-02-23,11.69,2.458733775483977,0.03658944743229231
2023-02-24,11.38,2.431857428698185,-0.026876346785792204
2023-02-27,11.5,2.4423470353692043,0.010489606671019391
2023-02-28,11.09,2.4060438013622756,-0.0363032340069287
2023-03-01,11.09,2.4060438013622756,0.0
2023-03-02,10.76,2.3758355547336385,-0.03020824662863708
2023-03-03,11.16,2.412335956953165,0.03650040221952633
2023-03-06,11.43,2.4362414778067194,0.023905520853554574
2023-03-07,10.98,2.3960754360813845,-0.04016604172533489
2023-03-08,11.28,2.423031246069913,0.026955809988528312
2023-03-09,11.04,2.401525040848949,-0.021506205220963803
2023-03-10,10.88,2.3869262414277967,-0.014598799421152275
2023-03-13,10.43,2.344686269012681,-0.0422399724151159
2023-03-14,10.25,2.327277705584417,-0.01740856342826369
2023-03-15,9.98,2.300583090323373,-0.02669461526104433
2023-03-16,10.02,2.3045830956567186,0.004000005333345769
2023-03-17,9.99,2.301584592660462,-0.00299850299625648
2023-03-20,9.77,2.2793164660546914,-0.02226812660577071
2023-03-21,10.0,2.302585092994046,0.023268626939354498
2023-03-22,9.91,2.2935443483418965,-0.009040744652149435
2023-03-23,9.63,2.2648832258100344,-0.028661122531862038
2023-03-24,9.7,2.272125885509337,0.007242659699302489
2023-03-27,9.98,2.300583090323373,0.028457204814035908
2023-03-28,10.21,2.3233676321765744,0.022784541853201556
2023-03-29,10.4,2.341805806147327,0.018438173970752647
2023-03-30,10.53,2.354228326145884,0.012422519998557036
2023-03-31,10.43,2.344686269012681,-0.009542057133203219
2023-04-03,10.92,2.390595970316759,0.04590970130407834
2023-04-04,10.76,2.3758355547336385,-0.01476041558312069
2023-04-05,10.87,2.386006701133118,0.010171146399479358
2023-04-06,10.69,2.3693087250369538,-0.01669797609616408
2023-04-10,10.9,2.388762789235098,0.019454064198144216
2023-04-11,11.57,2.448415541205585,0.05965275197048703
2023-04-12,11.75,2.463853240590168,0.015437699384583059
2023-04-13,11.89,2.4756977107026903,0.01184447011252221
2023-04-14,12.06,2.4898941912990393,0.014196480596349037
2023-04-17,12.11,2.494031557565001,0.004137366265961617
2023-04-18,12.29,2.5087859235779435,0.014754366012942555
2023-04-19,11.66,2.4561641809223462,-0.05262174265559727
2023-04-20,11.76,2.464703942470481,0.008539761548134628
2023-04-21,11.6,2.451005098112319,-0.013698844358161821
2023-04-24,11.95,2.4807312783775197,0.029726180265200686
2023-04-25,11.82,2.469793011977952,-0.010938266399567631
2023-04-26,11.74,2.4630018143999504,-0.006791197578001729
2023-04-27,11.5,2.4423470353692043,-0.020654779030746084
2023-04-28,10.62,2.362739015813793,-0.07960801955541141
2023-05-01,10.51,2.3523271848888596,-0.010411830924933252
2023-05-02,10.12,2.3145136638593193,-0.037813521029540276
2023-05-03,10.13,2.315501318260592,0.0009876544012725752
2023-05-04,10.27,2.329227023940467,0.013725705679874967
2023-05-05,10.82,2.3813962734183356,0.05216924947786872
2023-05-08,10.86,2.3850863145057892,0.0036900410874536327
2023-05-09,11.01,2.3988039507345884,0.01371763622879918
2023-05-10,11.11,2.4078456036515385,0.009041652916950138
2023-05-11,11.31,2.425687290128029,0.017841686476490537
2023-05-12,11.86,2.4731713935695794,0.047484103441550296
2023-05-15,11.69,2.458733775483977,-0.014437618085602288
2023-05-16,11.78,2.4664031782234406,0.007669402739463482
2023-05-17,11.75,2.463853240590168,-0.002549937633272492
2023-05-18,11.71,2.460443177609626,-0.00341006298054225
2023-05-19,11.71,2.460443177609626,0.0
2023-05-22,11.55,2.446685436967803,-0.013757740641823002
2023-05-23,11.79,2.4672517145492794,0.020566277581476555
2023-05-24,11.97,2.482403519569882,0.015151805020602538
2023-05-25,11.75,2.463853240590168,-0.01855027897971384
2023-05-26,11.97,2.482403519569882,0.01855027897971384
2023-05-30,11.73,2.462149662665384,-0.02025385690449788
2023-05-31,11.54,2.4458192610799534,-0.016330401585430643
2023-06-01,11.98,2.4832385926873033,0.03741933160734989
2023-06-02,12.24,2.50470927708418,0.021470684396876827
2023-06-05,12.35,2.513656063073986,0.008946785989806028
2023-06-06,12.65,2.5376572151735295,0.024001152099543344
2023-06-07,13.01,2.565718292524414,0.028061077350884478
2023-06-08,13.15,2.5764217586237734,0.01070346609935946
2023-06-09,13.76,2.6217658325051976,0.04534407388142414
2023-06-12,13.98,2.637627736805664,0.015861904300466634
2023-06-13,13.27,2.5855058483441162,-0.05212188846154797
2023-06-14,13.89,2.6311691567662523,0.04566330842213606
2023-06-15,13.79,2.6239436918052106,-0.0072254649610417054
2023-06-16,13.9,2.631888840136646,0.007945148331435448
2023-06-20,14.23,2.655352412101761,0.023463571965114838
2023-06-21,14.94,2.7040421797046714,0.04868976760291055
2023-06-22,14.68,2.6864860231863696,-0.01755615651830178
2023-06-23,14.09,2.645465325910589,-0.041020697275780726
2023-06-26,14.42,2.668616131856803,0.023150805946213993
2023-06-27,14.24,2.65605490598383,-0.012561225872973036
2023-06-28,14.18,2.6518325211039815,-0.004222384879848384
2023-06-29,14.33,2.6623552418400807,0.010522720736099167
2023-06-30,13.83,2.626840145676667,-0.03551509616341386
2023-07-03,13.97,2.6369121732688705,0.010072027592203714
2023-07-05,13.91,2.6326080059353516,-0.004304167333518905
2023-07-06,13.51,2.6034301519721073,-0.02917785396324435
2023-07-07,13.61,2.6108048166633746,0.007374664691267352
2023-07-10,13.6,2.6100697927420065,-0.0007350239213681498
2023-07-11,13.56,2.6071242825122494,-0.0029455102297570868
2023-07-12,13.61,2.6108048166633746,0.0036805341511252365
2023-07-13,13.82,2.626116818339524,0.015312001676149212
2023-07-14,13.53,2.604909442182697,-0.021207376156826996
2023-07-17,13.5,2.6026896854443837,-0.0022197567383130945
2023-07-18,13.39,2.5945081597030812,-0.008181525741302487
2023-07-19,13.53,2.604909442182697,0.010401282479615581
2023-07-20,13.6,2.6100697927420065,0.005160350559309634
2023-07-21,13.93,2.6340447877917144,0.023974995049707903
2023-07-24,14.32,2.6616571615324998,0.0276123737407854
2023-07-25,14.56,2.67827804276854,0.01662088123604022
2023-07-26,14.54,2.6769034721053733,-0.0013745706631667076
2023-07-27,13.69,2.6166656393003573,-0.060237832805015934
2023-07-28,13.93,2.6340447877917144,0.01737914849135702
2023-07-31,14.68,2.6864860231863696,0.05244123539465528
2023-08-01,14.19,2.6525374911719513,-0.03394853201441839
2023-08-02,14.05,2.642622395779755,-0.00991509539219626
2023-08-03,14.03,2.6411978941143697,-0.0014245016653853249
2023-08-04,13.52,2.604170070614818,-0.037027823499551804
2023-08-07,13.47,2.6004649904222727,-0.0037050801925451182
2023-08-08,13.49,2.6019486702196644,0.0014836797973916127
2023-08-09,13.6,2.6100697927420065,0.008121122522342095
2023-08-10,13.68,2.615934912194404,0.00586511945239776
2023-08-11,13.63,2.612273245708441,-0.003661666485963
2023-08-14,13.5,2.6026896854443837,-0.009583560264057489
2023-08-15,13.43,2.5974910105351463,-0.005198674909237422
2023-08-16,13.84,2.6275629501895237,0.030071939654377378
2023-08-17,13.74,2.620311286794203,-0.007251663395320573
2023-08-18,13.89,2.6311691567662523,0.010857869972049183
2023-08-21,13.68,2.615934912194404,-0.015234244571848077
2023-08-22,13.52,2.604170070614818,-0.01176484157958635
2023-08-23,14.54,2.6769034721053733,0.0727334014905554
2023-08-24,14.49,2.673458756332591,-0.0034447157727823807
2023-08-25,14.31,2.6609585935683597,-0.01250016276423116
2023-08-28,14.5,2.6741486494265287,0.013190055858169014
2023-08-29,14.58,2.6796507265805123,0.005502077153983542
2023-08-30,14.54,2.6769034721053733,-0.002747254475139016
2023-08-31,14.05,2.642622395779755,-0.034281076325618276
2023-09-01,14.49,2.673458756332591,0.030836360552835895
2023-09-05,14.8,2.6946271807700692,0.02116842443747835
2023-09-06,14.93,2.703372611551099,0.00874543078102974
2023-09-07,14.56,2.67827804276854,-0.025094568782559
2023-09-08,14.68,2.6864860231863696,0.008207980417829663
2023-09-11,14.74,2.6905648867611904,0.00407886357482079
2023-09-12,14.82,2.695977619867941,0.005412733106750611
2023-09-13,14.81,2.6953026282797072,-0.0006749915882338087
2023-09-14,15.37,2.7324175575505043,0.03711492927079707
2023-09-15,15.2,2.7212954278522306,-0.011122129698273753
2023-09-18,15.39,2.733717947850788,0.01242251999855748
2023-09-19,15.28,2.7265447837383743,-0.007173164112413755
2023-09-20,15.33,2.7298116928837226,0.003266909145348329
2023-09-21,14.98,2.7067159780890733,-0.023095714794649336
2023-09-22,15.08,2.71336936257981,0.006653384490736602
2023-09-25,15.04,2.7107133185216936,-0.002656044058116258
2023-09-26,14.66,2.6851226964585053,-0.025590622063188295
2023-09-27,14.94,2.7040421797046714,0.018919483246166102
2023-09-28,14.84,2.6973262377392344,-0.006715941965437011
2023-09-29,14.99,2.7073833121145063,0.010057074375271924
2023-10-02,14.68,2.6864860231863696,-0.020897288928136692
2023-10-03,14.3,2.6602595372658615,-0.026226485920508136
2023-10-04,13.86,2.6290069937617573,-0.031252543504104224
2023-10-05,13.78,2.6232182655855123,-0.005788728176244984
2023-10-06,14.09,2.645465325910589,0.022247060325076617
2023-10-09,14.71,2.688527534613346,0.04306220870275723
2023-10-10,15.08,2.71336936257981,0.024841827966463725
2023-10-11,15.07,2.712706012638404,-0.000663349941405933
2023-10-12,15.02,2.7093826463359885,-0.003323366302415476
2023-10-13,15.44,2.73696154459663,0.027578898260641527
2023-10-16,15.79,2.7593768282675506,0.022415283670920605
2023-10-17,16.16,2.7825390530929495,0.02316222482539887
2023-10-18,16.52,2.804571768092832,0.022032714999882685
2023-10-19,16.36,2.794839331174601,-0.009732436918231002
2023-10-20,16.21,2.785628335747585,-0.00921099542701631
2023-10-23,15.35,2.731115474033206,-0.05451286171437886
2023-10-24,15.55,2.744060638625243,0.012945164592037095
2023-10-25,15.6,2.747270914255491,0.003210275630248116
2023-10-26,15.46,2.738256043159276,-0.009014871096215238
2023-10-27,15.33,2.7298116928837226,-0.008444350275553347
2023-10-30,15.11,2.715356776284648,-0.014454916599074608
2023-10-31,15.0,2.70805020110221,-0.0073065751824379355
2023-11-01,15.33,2.7298116928837226,0.021761491781512543
2023-11-02,15.68,2.7523860149222616,0.02257432203853904
2023-11-03,15.68,2.7523860149222616,0.0
2023-11-06,15.71,2.75429745226753,0.0019114373452682187
2023-11-07,15.43,2.7363136663750693,-0.017983785892460524
2023-11-08,14.96,2.7053799725463312,-0.030933693828738118
2023-11-09,15.2,2.7212954278522306,0.01591545530589933
2023-11-10,15.23,2.7232671669070703,0.0019717390548397162
2023-11-13,15.52,2.7421295147550726,0.018862347848002337
2023-11-14,15.83,2.761906873892921,0.019777359137848283
2023-11-15,15.78,2.7587433154177283,-0.0031635584751925627
2023-11-16,15.55,2.744060638625243,-0.01468267679248525
2023-11-17,16.04,2.7750856024383683,0.03102496381312525
2023-11-20,16.1,2.7788192719904172,0.0037336695520489016
2023-11-21,15.85,2.7631695003232895,-0.015649771667127776
2023-11-22,15.3,2.72785282839839,-0.03531667192489962
2023-11-24,15.33,2.7298116928837226,0.0019588644853327786
2023-11-27,15.24,2.7239235502585,-0.0058881426252224145
2023-11-28,15.49,2.740194654428777,0.016271104170276995
2023-11-29,15.22,2.7226103524335397,-0.017584301995237528
2023-11-30,15.27,2.725890119230541,0.003279766797001482
2023-12-01,15.21,2.7219531062712017,-0.003937012959339459
2023-12-04,14.76,2.6919208191723265,-0.030032287098875177
2023-12-05,14.65,2.6844403354630764,-0.007480483709250141
2023-12-06,14.42,2.668616131856803,-0.015824203606273457
2023-12-07,14.4,2.667228206581955,-0.0013879252748481008
2023-12-08,14.88,2.700018029404946,0.032789822822991255
2023-12-11,14.75,2.691243082785829,-0.008774946619117152
2023-12-12,14.5,2.6741486494265287,-0.017094433359300165
2023-12-13,14.75,2.691243082785829,0.017094433359300165
2023-12-14,15.18,2.719978771967484,0.028735689181655033
2023-12-15,14.95,2.7047112998366956,-0.015267472130788384
2023-12-18,15.35,2.731115474033206,0.02640417419651042
2023-12-19,15.63,2.749192144433385,0.01807667040017913
2023-12-20,15.48,2.739548868161581,-0.009643276271804169
2023-12-21,15.56,2.7447035187502458,0.005154650588664822
2023-12-22,15.78,2.7587433154177283,0.014039796667482562
2023-12-26,16.19,2.784393767689544,0.025650452271815727
2023-12-27,16.18,2.7837759116303458,-0.0006178560591982851
2023-12-28,16.03,2.7744619666214616,-0.009313945008884161
2023-12-29,15.97,2.770711962226921,-0.0037500043945404293
2024-01-02,16.0,2.772588722239781,0.0018767600128599682
2024-01-03,16.58,2.8081971497071487,0.03560842746736759
2024-01-04,16.35,2.7942278973432626,-0.013969252363886131
2024-01-05,16.54,2.805781689595545,0.011553792252282591
2024-01-08,16.28,2.7899373605743945,-0.015844329021150738
2024-01-09,15.99,2.771963526845863,-0.017973833728531563
2024-01-10,15.94,2.768831673362069,-0.003131853483794078
2024-01-11,16.25,2.7880929087757464,0.019261235413677635
2024-01-12,16.34,2.7936160894318567,0.005523180656110238
2024-01-16,16.08,2.77757626375082,-0.016039825681036568
2024-01-17,15.9,2.766319109226186,-0.01125715452463405
2024-01-18,15.82,2.761274962339508,-0.0050441468866782024
2024-01-19,15.74,2.756205242989257,-0.00506971935025069
2024-01-22,15.66,2.751109690562657,-0.005095552426600314
2024-01-23,15.94,2.768831673362069,0.01772198279941195
2024-01-24,15.89,2.7656899805486246,-0.00314169281344423
2024-01-25,16.67,2.813610696762703,0.04792071621407823
2024-01-26,17.05,2.8361502037295256,0.02253950696682283
2024-01-29,17.16,2.8425810940598164,0.006430890330290762
2024-01-30,17.04,2.8355635214011694,-0.007017572658646998
2024-01-31,17.07,2.837322536806349,0.0017590154051796425
2024-02-01,17.49,2.8616292890305104,0.024306752224161343
2024-02-02,17.01,2.8338014064077703,-0.027827882622740052
2024-02-05,16.92,2.8284963541780774,-0.005305052229692908
2024-02-06,17.23,2.8466520505398383,0.018155696361760842
2024-02-07,17.39,2.855895328366192,0.00924327782635359
2024-02-08,17.24,2.847232265235547,-0.008663063130645021
2024-02-09,17.19,2.844327819394758,-0.0029044458407887497
2024-02-12,17.27,2.848970892158587,0.004643072763828915
2024-02-13,16.96,2.830857630363757,-0.01811326179482986
2024-02-14,16.92,2.8284963541780774,-0.002361276185679717
2024-02-15,17.4,2.856470206220483,0.027973852042405767
2024-02-16,17.7,2.8735646395797834,0.017094433359300165
2024-02-20,17.64,2.8701690505786455,-0.0033955890011378997
2024-02-21,17.64,2.8701690505786455,0.0
2024-02-22,17.58,2.866761892257031,-0.003407158321614645
2024-02-23,17.36,2.854168709232204,-0.012593183024826704
2024-02-26,17.65,2.8707357833793057,0.016567074147101568
2024-02-27,17.7,2.8735646395797834,0.0028288562004776807
2024-02-28,16.72,2.8166056076565553,-0.05695903192322804
2024-02-29,16.52,2.804571768092832,-0.01203383956372317
2024-03-01,16.68,2.8142103969306005,0.009638628837768337
2024-03-04,16.53,2.805176911832933,-0.009033485097667437
2024-03-05,16.37,2.7954503913830435,-0.00972652044988953
2024-03-06,16.69,2.8148097376737438,0.01935934629070024
2024-03-07,16.7,2.8154087194227095,0.0005989817489657767
2024-03-08,14.78,2.6932749155200555,-0.12213380390265405
2024-03-11,14.56,2.67827804276854,-0.014996872751515511
2024-03-12,15.04,2.7107133185216936,0.032435275753153636
2024-03-13,14.81,2.6953026282797072,-0.01541069024198638
2024-03-14,14.72,2.6892071133007303,-0.006095514978976979
2024-03-15,14.54,2.6769034721053733,-0.012303641195356985
2024-03-18,14.59,2.6803363625346943,0.003432890429321045
2024-03-19,14.53,2.6762154775821916,-0.004120884952502735
2024-03-20,14.93,2.703372611551099,0.0271571339689074
2024-03-21,14.63,2.683074215032033,-0.020298396519065953
2024-03-22,14.69,2.6871669901857858,0.004092775153752726
2024-03-25,14.94,2.7040421797046714,0.01687518951888567
2024-03-26,14.74,2.6905648867611904,-0.01347729294348099
2024-03-27,14.93,2.703372611551099,0.012807724789908548
2024-03-28,15.21,2.7219531062712017,0.018580494720102703
2024-04-01,15.22,2.7226103524335397,0.0006572461623379766
2024-04-02,15.63,2.749192144433385,0.02658179199984545
2024-04-03,15.59,2.7466296830696852,-0.002562461363699864
2024-04-04,15.52,2.7421295147550726,-0.00450016831461264
2024-04-05,15.49,2.740194654428777,-0.0019348603262954178
2024-04-08,15.64,2.7498317351171653,0.009637080688388089
2024-04-09,15.88,2.7650604558189897,0.01522872070182446
2024-04-10,16.16,2.7825390530929495,0.01747859727395973
2024-04-11,16.0,2.772588722239781,-0.009950330853168321
2024-04-12,15.72,2.7549337870010606,-0.017654935238720526
2024-04-15,15.79,2.7593768282675506,0.004443041266489978
2024-04-16,15.65,2.750470916986162,-0.008905911281388512
2024-04-17,15.69,2.753023566744941,0.002552649758778891
2024-04-18,15.58,2.7459880404426023,-0.007035526302338724
2024-04-19,16.472,2.8016619697254885,0.05567392928288628
2024-04-22,16.94,2.8296776892239084,0.028015719498419855
2024-04-23,16.96,2.830857630363757,0.0011799411398487614
2024-04-24,16.81,2.821973947420524,-0.008883682943233051
2024-04-25,17.05,2.8361502037295256,0.014176256309001545
2024-04-26,17.05,2.8361502037295256,0.0
2024-04-29,17.33,2.8524391037275145,0.01628889999798888
2024-04-30,16.97,2.831447079246135,-0.020992024481379712
2024-05-01,16.94,2.8296776892239084,-0.0017693900222264247
2024-05-02,17.34,2.853015971352396,0.023338282128487542
2024-05-03,16.43,2.799108932049177,-0.05390703930321905
2024-05-06,16.63,2.811208293204836,0.012099361155659238
2024-05-07,17.01,2.8338014064077703,0.022593113202934223
2024-05-08,17.12,2.840247370713596,0.006445964305825669
2024-05-09,17.22,2.8460714989995846,0.00582412828598855
2024-05-10,17.08,2.837908188360424,-0.008163310639160759
2024-05-13,17.04,2.8355635214011694,-0.0023446669592543934
2024-05-14,16.69,2.8148097376737438,-0.020753783727425645
2024-05-15,15.56,2.7447035187502458,-0.070106218923498
2024-05-16,15.23,2.7232671669070703,-0.021436351843175494
2024-05-17,15.02,2.7093826463359885,-0.013884520571081804
2024-05-20,15.12,2.716018370751387,0.006635724415398503
2024-05-21,15.02,2.7093826463359885,-0.006635724415398503
2024-05-22,15.0,2.70805020110221,-0.001332445233778401
2024-05-23,14.89,2.7006898466959175,-0.0073603544062925685
2024-05-24,14.82,2.695977619867941,-0.004712226827976451
2024-05-28,15.25,2.7245795030534206,0.028601883185479515
2024-05-29,15.13,2.7166795278002644,-0.00789997525315611
2024-05-30,15.33,2.7298116928837226,0.013132165083458158
2024-05-31,15.55,2.744060638625243,0.014248945741520469
2024-06-03,15.44,2.73696154459663,-0.007099094028613084
2024-06-04,15.17,2.719319793360441,-0.01764175123618905
2024-06-05,15.13,2.7166795278002644,-0.0026402655601764913
2024-06-06,15.17,2.719319793360441,0.0026402655601764913
2024-06-07,14.54,2.6769034721053733,-0.04241632125506767
2024-06-10,14.59,2.6803363625346943,0.003432890429321045
2024-06-11,14.6,2.681021528714291,0.0006851661795965747
2024-06-12,14.17,2.6511270537025893,-0.029894475011701616
2024-06-13,13.8,2.624668592163159,-0.0264584615394301
2024-06-14,13.59,2.6093342281630525,-0.015334364000106682
2024-06-17,13.5,2.6026896854443837,-0.006644542718668767
2024-06-18,13.82,2.626116818339524,0.02342713289514009
2024-06-20,14.01,2.6397713603489157,0.013654542009391868
2024-06-21,14.09,2.645465325910589,0.005693965561673231
2024-06-24,14.34,2.663052835171474,0.01758750926088526
2024-06-25,14.3,2.6602595372658615,-0.0027932979056126683
2024-06-26,14.21,2.6539459421090092,-0.006313595156852259
2024-06-27,14.49,2.673458756332591,0.019512814223581643
2024-06-28,14.49,2.673458756332591,0.0
2024-07-01,14.5,2.6741486494265287,0.0006898930939378545
2024-07-02,14.55,2.6775909936175015,0.003442344190972779
2024-07-03,14.65,2.6844403354630764,0.006849341845574841
2024-07-05,14.73,2.689886230474539,0.0054458950114626425
2024-07-08,15.13,2.7166795278002644,0.02679329732572544
2024-07-09,15.15,2.7180005319553784,0.0013210041551139362
2024-07-10,15.14,2.717340248009303,-0.000660283946075424
2024-07-11,15.19,2.7206373166076814,0.0032970685983784165
2024-07-12,15.09,2.7140322727797574,-0.006605043827923929
2024-07-15,15.2,2.7212954278522306,0.007263155072473104
2024-07-16,15.19,2.7206373166076814,-0.0006581112445491755
2024-07-17,15.13,2.7166795278002644,-0.003957788807416929
2024-07-18,14.95,2.7047112998366956,-0.01196822796356889
2024-07-19,14.94,2.7040421797046714,-0.0006691201320241369
2024-07-22,14.75,2.691243082785829,-0.012799096918842512
2024-07-23,14.57,2.6789646202071133,-0.012278462578715565
2024-07-24,14.47,2.6720775406433925,-0.00688707956372081
2024-07-25,14.46,2.671386216730619,-0.0006913239127737114
2024-07-26,14.47,2.6720775406433925,0.0006913239127737114
2024-07-29,14.18,2.6518325211039815,-0.020245019539411047
2024-07-30,14.06,2.643333886382519,-0.008498634721462395
2024-07-31,14.27,2.658159431488745,0.014825545106226024
2024-08-01,13.97,2.6369121732688705,-0.02124725821987461
2024-08-02,13.59,2.6093342281630525,-0.027577945105818014
2024-08-05,13.31,2.58851563240702,-0.020818595756032288
2024-08-06,13.76,2.6217658325051976,0.03325020009817736
2024-08-07,13.84,2.6275629501895237,0.005797117684326114
2024-08-08,14.18,2.6518325211039815,0.024269570914457805
2024-08-09,14.21,2.6539459421090092,0.00211342100502776
2024-08-12,14.69,2.6871669901857858,0.033221048076776505
2024-08-13,14.77,2.6925980965432883,0.0054311063575025464
2024-08-14,14.86,2.698673039289613,0.006074942746324918
2024-08-15,15.05,2.711377991194885,0.012704951905271766
2024-08-16,15.16,2.7186603802142257,0.0072823890193407514
2024-08-19,15.28,2.7265447837383743,0.007884403524148542
2024-08-20,14.99,2.7073833121145063,-0.019161471623867943
2024-08-21,14.86,2.698673039289613,-0.008710272824893117
2024-08-22,14.63,2.683074215032033,-0.01559882425758019
2024-08-23,14.4,2.667228206581955,-0.01584600845007822
2024-08-26,15.65,2.750470916986162,0.08324271040420728
2024-08-27,15.47,2.738902664584975,-0.011568252401187085
2024-08-28,15.6,2.747270914255491,0.008368249670516192
2024-08-29,15.28,2.7265447837383743,-0.020726130517116914
2024-08-30,15.23,2.7232671669070703,-0.003277616831304009
2024-09-03,14.9,2.7013612129514133,-0.021905953955656976
2024-09-04,15.01,2.7087166456453704,0.007355432693957109
2024-09-05,15.01,2.7087166456453704,0.0
2024-09-06,14.75,2.691243082785829,-0.01747356285954149
2024-09-09,14.99,2.7073833121145063,0.016140229328677425
2024-09-10,14.43,2.6693093727857793,-0.03807393932872705
2024-09-11,14.56,2.67827804276854,0.00896866998276069
2024-09-12,14.44,2.67000213346468,-0.008275909303860018
2024-09-13,14.53,2.6762154775821916,0.006213344117511621
2024-09-16,14.78,2.6932749155200555,0.01705943793786391
2024-09-17,14.74,2.6905648867611904,-0.0027100287588650573
2024-09-18,14.58,2.6796507265805123,-0.010914160180678145
2024-09-19,14.64,2.6837575085331657,0.00410678195265346
2024-09-20,14.4,2.667228206581955,-0.01652930195121094
2024-09-23,14.57,2.6789646202071133,0.011736413625158537
2024-09-24,14.85,2.6979998652487085,0.01903524504159515
2024-09-25,14.85,2.6979998652487085,0.0
2024-09-26,14.56,2.67827804276854,-0.019721822480168516
2024-09-27,14.58,2.6796507265805123,0.0013726838119723084
2024-09-30,14.41,2.667922410011431,-0.011728316569081354
2024-10-01,14.78,2.6932749155200555,0.025352505508624557
2024-10-02,14.95,2.7047112998366956,0.01143638431664007
2024-10-03,15.15,2.7180005319553784,0.013289232118682826
2024-10-04,15.19,2.7206373166076814,0.0026367846523029925
2024-10-07,15.33,2.7298116928837226,0.00917437627604123
2024-10-08,14.91,2.702032128776647,-0.027779564107075494
2024-10-09,14.64,2.6837575085331657,-0.018274620243481365
2024-10-10,14.88,2.700018029404946,0.016260520871780315
2024-10-11,14.74,2.6905648867611904,-0.00945314264375563
2024-10-14,14.83,2.696652156149841,0.006087269388650451
2024-10-15,14.42,2.668616131856803,-0.028036024293037975
2024-10-16,14.4,2.667228206581955,-0.0013879252748481008
2024-10-17,14.3,2.6602595372658615,-0.006968669316093301
2024-10-18,14.16,2.6504210882655737,-0.009838449000287852
2024-10-21,13.96,2.6361960973342264,-0.014224990931347214
2024-10-22,13.88,2.6304489550786583,-0.005747142255568161
2024-10-23,13.65,2.613739521630969,-0.01670943344768938
2024-10-24,13.73,2.6195832197798796,0.005843698148910725
2024-10-25,13.79,2.6239436918052106,0.004360472025330964
2024-10-28,13.79,2.6239436918052106,0.0
2024-10-29,13.62,2.611539300721366,-0.012404391083844502
2024-10-30,13.47,2.6004649904222727,-0.011074310299093337
2024-10-31,13.45,2.598979106047848,-0.0014858843744245398
2024-11-01,13.11,2.5733752977756086,-0.025603808272239625
2024-11-04,13.18,2.578700529074361,0.00532523129875262
2024-11-05,13.25,2.583997552432231,0.005297023357869968
2024-11-06,13.4,2.5952547069568657,0.011257154524634494
2024-11-07,13.48,2.601207105484161,0.005952398527295344
2024-11-08,13.68,2.615934912194404,0.014727806710243208
2024-11-11,13.62,2.611539300721366,-0.00439561147303813
2024-11-12,13.72,2.6188546222977394,0.007315321576373268
2024-11-13,13.81,2.6253929674212007,0.006538345123461298
2024-11-14,13.99,2.63834278867739,0.012949821256189153
2024-11-15,14.11,2.6468837658647226,0.008540977187332821
2024-11-18,14.45,2.670694414558441,0.023810648693718406
2024-11-19,14.21,2.6539459421090092,-0.016748472449431784
2024-11-20,14.28,2.658859956911438,0.004914014802428923
2024-11-21,14.15,2.649714624089247,-0.009145332822191321
2024-11-22,14.9,2.7013612129514133,0.05164658886216644
2024-11-25,14.79,2.6939512767227085,-0.007409936228704783
2024-11-26,14.67,2.6858045921548905,-0.008146684567817974
2024-11-27,14.36,2.664446563620078,-0.0213580285348125
2024-11-29,14.28,2.658859956911438,-0.005586606708639863
2024-12-02,14.14,2.6490076604684267,-0.009852296443011443
2024-12-03,14.16,2.6504210882655737,0.0014134277971469267
2024-12-04,14.03,2.6411978941143697,-0.009223194151203984
2024-12-05,14.29,2.659559991941776,0.018362097827406387
2024-12-06,13.86,2.6290069937617573,-0.030552998180018776
2024-12-09,14.18,2.6518325211039815,0.022825527342224206
2024-12-10,14.33,2.6623552418400807,0.010522720736099167
2024-12-11,14.6,2.681021528714291,0.018666286874210236
2024-12-12,14.26,2.65745841498615,-0.023563113728140905
2024-12-13,13.61,2.6108048166633746,-0.04665359832277538
2024-12-16,13.29,2.587011872725154,-0.023792943938220734
2024-12-17,13.52,2.604170070614818,0.017158197889663995
2024-12-18,12.84,2.552565298261815,-0.05160477235300265
2024-12-19,12.95,2.5610957881455465,0.008530489883731285
2024-12-20,13.04,2.5680215564985067,0.006925768352960215
2024-12-23,12.93,2.559550192783766,-0.008471363714740665
2024-12-24,13.03,2.567254391136754,0.007704198352987746
2024-12-26,13.09,2.5718485799218085,0.004594188785054687
2024-12-27,12.61,2.534490149976828,-0.03735842994498029
2024-12-30,12.75,2.545531271604435,0.011041121627606731
2024-12-31,12.86,2.554121718809473,0.00859044720503821
2025-01-02,13.24,2.5832425505088623,0.02912083169938917
2025-01-03,13.02,2.5664866367804233,-0.016755913728438987
2025-01-06,13.13,2.574899688314705,0.008413051534281735
2025-01-07,13.49,2.6019486702196644,0.0270489819049593
2025-01-08,13.4,2.5952547069568657,-0.006693963262798697
2025-01-10,13.48,2.601207105484161,0.005952398527295344
2025-01-13,13.52,2.604170070614818,0.0029629651306568583
2025-01-14,13.56,2.6071242825122494,0.0029542118974315024
2025-01-15,13.8,2.624668592163159,0.017544309650909806
2025-01-16,13.78,2.6232182655855123,-0.0014503265776468766
2025-01-17,13.72,2.6188546222977394,-0.004363643287772945
2025-01-21,13.81,2.6253929674212007,0.006538345123461298
2025-01-22,13.87,2.6297282343267403,0.0043352669055396476
2025-01-23,13.8,2.624668592163159,-0.005059642163581124
2025-01-24,13.73,2.6195832197798796,-0.005085372383279552
2025-01-27,13.88,2.6304489550786583,0.010865735298778656
2025-01-28,13.95,2.6354795082673745,0.005030553188716258
2025-01-29,13.89,2.6311691567662523,-0.004310351501122245
2025-01-30,14.13,2.6483001966964363,0.017131039930184055
2025-01-31,14.21,2.6539459421090092,0.0056457454125729
2025-02-03,14.22,2.6546494243750947,0.000703482266085409
2025-02-04,14.13,2.6483001966964363,-0.006349227678658309
2025-02-05,13.92,2.6333266549062735,-0.014973541790162859
2025-02-06,13.87,2.6297282343267403,-0.0035984205795331903
2025-02-07,13.72,2.6188546222977394,-0.010873612029000945
2025-02-10,13.89,2.6311691567662523,0.012314534468512939
2025-02-11,14.0,2.6390573296152584,0.007888172849006114
2025-02-12,13.69,2.6166656393003573,-0.02239169031490107
2025-02-13,13.71,2.6181254935742233,0.0014598542738659681
2025-02-14,14.32,2.6616571615324998,0.043531667958276454
2025-02-18,14.76,2.6919208191723265,0.030263657639826747
2025-02-19,14.83,2.696652156149841,0.004731336977514378
2025-02-20,14.92,2.702702594775615,0.006050438625774035
2025-02-21,14.76,2.6919208191723265,-0.010781775603288413
2025-02-24,14.55,2.6775909936175015,-0.014329825554824982
2025-02-25,14.44,2.67000213346468,-0.007588860152821564
2025-02-26,14.32,2.6616571615324998,-0.0083449719321802
2025-02-27,13.51,2.6034301519721073,-0.058227009560392506
2025-02-28,13.35,2.5915163848462583,-0.011913767125848906
2025-03-03,13.14,2.5756610130564646,-0.015855371789793793
2025-03-04,12.96,2.561867690924129,-0.01379332213233564
2025-03-05,12.97,2.5626389983283526,0.0007713074042237089
2025-03-06,12.85,2.553343811341229,-0.009295186987123838
2025-03-07,12.97,2.5626389983283526,0.009295186987123838
2025-03-10,12.78,2.5478814489493886,-0.014757549378964008
2025-03-11,12.61,2.534490149976828,-0.013391298972560417
2025-03-12,12.67,2.5392369943330477,0.004746844356219526
2025-03-13,12.73,2.543961412569315,0.004724418236267347
2025-03-14,13.43,2.5974910105351463,0.05352959796583123
2025-03-17,13.9,2.631888840136646,0.03439782960149973
2025-03-18,13.88,2.6304489550786583,-0.0014398850579877553
2025-03-19,14.03,2.6411978941143697,0.010748939035711391
2025-03-20,14.03,2.6411978941143697,0.0
2025-03-21,14.16,2.6504210882655737,0.009223194151203984
2025-03-24,13.97,2.6369121732688705,-0.013508914996703147
2025-03-25,14.27,2.658159431488745,0.02124725821987461
2025-03-26,14.33,2.6623552418400807,0.004195810351335538
2025-03-27,14.39,2.6665335208992764,0.004178279059195766
2025-03-28,14.38,2.6658383522929006,-0.0006951686063758622
2025-03-31,14.34,2.663052835171474,-0.002785517121426384
2025-04-01,14.46,2.671386216730619,0.008333381559144648
2025-04-02,14.39,2.6665335208992764,-0.004852695831342402
2025-04-03,14.01,2.6397713603489157,-0.026762160550360736
2025-04-04,13.13,2.574899688314705,-0.06487167203421063
2025-04-07,12.01,2.485739636091892,-0.08916005222281287
2025-04-08,11.46,2.4388627112865935,-0.0468769248052987
2025-04-09,12.21,2.502255288122613,0.06339257683601973
2025-04-10,11.3,2.424802725718295,-0.0774525624043183
2025-04-11,11.56,2.4475508632442313,0.022748137525936407
2025-04-14,11.59,2.4501426573516603,0.0025917941074289352
2025-04-15,11.27,2.422144328051685,-0.027998329299975477
2025-04-16,11.22,2.4176979000945504,-0.004446427957134347
2025-04-17,11.62,2.4527277514237653,0.03502985132921488
2025-04-21,11.51,2.4432162227337915,-0.009511528689973847
2025-04-22,11.49,2.4414770918606643,-0.0017391308731271593
2025-04-23,11.47,2.4397349311412793,-0.0017421607193850441
2025-04-24,11.42,2.435366204227864,-0.004368726913415166
2025-04-25,11.48,2.4406063908914204,0.005240186663556301
2025-04-28,11.51,2.4432162227337915,0.0026098318423710687
2025-04-29,11.52,2.444084655267745,0.0008684325339536336
2025-04-30,11.29,2.4239173781615704,-0.02016727710617472
2025-05-01,11.35,2.4292177439274116,0.005300365765841253
2025-05-02,11.61,2.4518667957098,0.02264905178238852
2025-05-05,11.2,2.4159137783010487,-0.03595301740875145
2025-05-06,11.3,2.424802725718295,0.008888947417246218
2025-05-07,11.32,2.4265710727750367,0.0017683470567417814
2025-05-08,11.65,2.4553061800117097,0.028735107236673052
2025-05-09,11.8,2.468099531471619,0.012793351459909452
2025-05-12,12.07,2.4907230351094403,0.022623503637821063
2025-05-13,12.19,2.5006159434931803,0.009892908383740018
2025-05-14,12.15,2.4973291697865574,-0.003286773706622892
2025-05-15,12.05,2.489064659936664,-0.008264509849893464
2025-05-16,12.02,2.4865719291070616,-0.00249273082960233
2025-05-19,12.04,2.488234439880675,0.001662510773613235
2025-05-20,12.02,2.4865719291070616,-0.001662510773613235
2025-05-21,11.91,2.477378383367209,-0.009193545739852649
2025-05-22,11.81,2.468946630209271,-0.008431753157938093
2025-05-23,11.84,2.4714836294558595,0.002536999246588678
2025-05-27,11.92,2.4782176616372036,0.006734032181344052
2025-05-28,11.73,2.462149662665384,-0.01606799897181954
2025-05-29,11.72,2.4612967841488667,-0.0008528785165173858
2025-05-30,11.54,2.4458192610799534,-0.015477523068913257
2025-06-02,11.61,2.4518667957098,0.006047534629846751
2025-06-03,11.7,2.4595888418037104,0.007722046093910251
2025-06-04,11.11,2.4078456036515385,-0.051743238152171855
2025-06-05,11.16,2.412335956953165,0.004490353301626282
2025-06-06,11.32,2.4265710727750367,0.014235115821871869
2025-06-09,11.23,2.418588768750352,-0.007982304024684694
2025-06-10,11.61,2.4518667957098,0.03327802695944815
2025-06-11,12.07,2.4907230351094403,0.03885623939964011
2025-06-12,12.4,2.517696472610991,0.0269734375015509
2025-06-13,12.7,2.5416019934645457,0.023905520853554574
2025-06-16,12.74,2.5447466501440172,0.0031446566794715025
2025-06-17,13.07,2.570319527636131,0.025572877492113566
2025-06-18,13.0,2.5649493574615367,-0.005370170174594069
2025-06-20,13.07,2.570319527636131,0.005370170174594069
2025-06-23,12.7,2.5416019934645457,-0.02871753417158507
2025-06-24,12.41,2.5185025992165158,-0.02309939424802998
2025-06-25,12.27,2.50715725872282,-0.011345340493695844
2025-06-26,12.46,2.522523513359307,0.01536625463648722
2025-06-27,12.38,2.5160822672564502,-0.006441246102856901
2025-06-30,12.51,2.5265283244788197,0.010446057222369465
2025-07-01,12.59,2.532902848056256,0.006374523577436175
2025-07-02,12.95,2.5610957881455465,0.02819294008929063
2025-07-03,13.06,2.569554123848285,0.008458335702738573
2025-07-07,12.83,2.551786178627545,-0.01776794522073999
2025-07-08,13.13,2.574899688314705,0.023113509687159972
2025-07-09,12.88,2.5556757206762075,-0.01922396763849754
2025-07-10,12.83,2.551786178627545,-0.003889542048662431
2025-07-11,12.82,2.551006451492524,-0.0007797271350211687
2025-07-14,12.6,2.533696813957432,-0.01730963753509185
2025-07-15,12.5,2.5257286443082556,-0.00796816964917646
2025-07-16,12.36,2.514465452029545,-0.011263192278710754
2025-07-17,12.3,2.509599262378372,-0.004866189651172803
2025-07-18,12.01,2.485739636091892,-0.023859626286479863
2025-07-21,12.14,2.4965057856313524,0.010766149539460201
2025-07-22,12.26,2.506341930508065,0.009836144876712805
2025-07-23,12.65,2.5376572151735295,0.031315284665464294
2025-07-24,12.65,2.5376572151735295,0.0
2025-07-25,12.6,2.533696813957432,-0.00396040121609742
2025-07-28,12.55,2.529720665577793,-0.003976148379639
2025-07-29,12.84,2.552565298261815,0.022844632684022148
2025-07-30,12.93,2.559550192783766,0.006984894521950835
2025-07-31,12.74,2.5447466501440172,-0.014803542639748812
2025-08-01,12.69,2.540814281726296,-0.003932368417721044
2025-08-04,12.76,2.546315277916644,0.005500996190347607
2025-08-05,12.91,2.558002204858551,0.011686926941907316
2025-08-06,13.01,2.565718292524414,0.0077160876658628474
2025-08-07,13.08,2.5710843460290524,0.005366053504638479
2025-08-08,12.12,2.4948569806411682,-0.07622736538788422
2025-08-11,12.11,2.494031557565001,-0.0008254230761672865
2025-08-12,12.24,2.50470927708418,0.010677719519179174
2025-08-13,12.21,2.502255288122613,-0.0024539889615668997
2025-08-14,12.08,2.4915511925066687,-0.010704095615944542
2025-08-15,12.07,2.4907230351094403,-0.0008281573972284129
2025-08-18,12.12,2.4948569806411682,0.004133945531727967
2025-08-19,11.84,2.4714836294558595,-0.0233733511853087
2025-08-20,11.92,2.4782176616372036,0.006734032181344052
2025-08-21,11.95,2.4807312783775197,0.002513616740316138
2025-08-22,12.33,2.512035317176253,0.031304038798733114
2025-08-25,12.22,2.503073953743449,-0.008961363432803626
2025-08-26,12.09,2.492378664626701,-0.010695289116747997
2025-08-27,12.2,2.501435951739211,0.009057287112509638
2025-08-28,12.36,2.514465452029545,0.013029500290334006
2025-08-29,12.4,2.517696472610991,0.003231020581446309
2025-09-02,12.41,2.5185025992165158,0.000806126605524593
2025-09-03,12.31,2.510411940196362,-0.008090659020153712
2025-09-04,12.38,2.5160822672564502,0.005670327060088187
2025-09-05,12.21,2.502255288122613,-0.013826979133837014
2025-09-08,12.24,2.50470927708418,0.0024539889615668997
2025-09-09,12.33,2.512035317176253,0.0073260400920727164
2025-09-10,12.76,2.546315277916644,0.03427996074039097
2025-09-11,12.66,2.5384474167160302,-0.007867861200613557
2025-09-12,12.63,2.5360749363624,-0.0023724803536304684
2025-09-15,12.85,2.553343811341229,0.017268874978829007
2025-09-16,12.94,2.5603232890727545,0.006979477731525741
2025-09-17,12.92,2.558776498354456,-0.0015467907182986629
2025-09-18,12.81,2.550226115908643,-0.008550382445812854
2025-09-19,12.62,2.5352828571130672,-0.014943258795575787
2025-09-22,12.72,2.543175557911976,0.007892700798908692
2025-09-23,13.16,2.5771819258971713,0.03400636798519541
2025-09-24,13.45,2.598979106047848,0.021797180150676887
2025-09-25,13.11,2.5733752977756086,-0.025603808272239625
2025-09-26,13.08,2.5710843460290524,-0.0022909517465561358
2025-09-29,12.85,2.553343811341229,-0.01774053468782366
2025-09-30,12.66,2.5384474167160302,-0.014896394625198539
2025-10-01,12.62,2.5352828571130672,-0.003164559602963024
2025-10-02,12.44,2.5209170873110334,-0.014365769802033856
2025-10-03,12.4,2.517696472610991,-0.0032206147000422014
2025-10-06,12.36,2.514465452029545,-0.003231020581446309
2025-10-07,12.28,2.5079719227189963,-0.006493529310548585
2025-10-08,12.2,2.501435951739211,-0.0065359709797854215
2025-10-09,11.96,2.481567748522486,-0.019868203216725
2025-10-10,11.6,2.451005098112319,-0.030562650410166814
2025-10-13,11.82,2.469793011977952,0.018787913865633055
2025-10-14,11.79,2.4672517145492794,-0.0025412974286727064
2025-10-15,11.64,2.454447442303292,-0.012804272245987569
2025-10-16,11.56,2.4475508632442313,-0.0068965790590604925
2025-10-17,11.64,2.454447442303292,0.0068965790590604925
2025-10-20,11.69,2.458733775483977,0.004286333180685276
2025-10-21,11.56,2.4475508632442313,-0.011182912239745768
2025-10-22,11.73,2.462149662665384,0.01459879942115272
2025-10-23,11.84,2.4714836294558595,0.00933396679047549
2025-10-24,11.74,2.4630018143999504,-0.00848181505590917
2025-10-27,11.86,2.4731713935695794,0.010169579169629017
2025-10-28,11.87,2.4740142086215764,0.0008428150519970146
2025-10-29,11.88,2.474856313934499,0.0008421053129223921
2025-10-30,11.72,2.4612967841488667,-0.01355952978563213
2025-10-31,11.64,2.454447442303292,-0.006849341845574841
2025-11-03,11.82,2.469793011977952,0.015345569674660275
2025-11-04,11.83,2.4706386779902956,0.0008456660123434823
2025-11-05,12.14,2.4965057856313524,0.02586710764105682
2025-11-06,12.14,2.4965057856313524,0.0
2025-11-07,12.86,2.554121718809473,0.05761593317812075
2025-11-10,13.01,2.565718292524414,0.011596573714940828
2025-11-11,13.47,2.6004649904222727,0.03474669789785878
2025-11-12,12.98,2.563409711275944,-0.03705527914632878
2025-11-13,13.03,2.567254391136754,0.00384467986080983
2025-11-14,13.18,2.578700529074361,0.011446137937607404
2025-11-17,13.12,2.574137783515943,-0.004562745558418069
2025-11-18,13.13,2.574899688314705,0.0007619047987619254
2025-11-19,13.02,2.5664866367804233,-0.008413051534281735
2025-11-20,12.78,2.5478814489493886,-0.01860518783103471
2025-11-21,12.76,2.546315277916644,-0.001566171032744812
2025-11-24,12.75,2.545531271604435,-0.0007840063122088736
2025-11-25,12.62,2.5352828571130672,-0.010248414491367708
2025-11-26,12.66,2.5384474167160302,0.003164559602963024
2025-11-28,12.54,2.5289235352047745,-0.009523881511255716
2025-12-01,12.55,2.529720665577793,0.0007971303730185397
2025-12-02,12.61,2.534490149976828,0.004769484399035129
2025-12-03,12.8,2.5494451709255714,0.014955020948743236
2025-12-04,12.88,2.5556757206762075,0.006230549750636083
2025-12-05,12.13,2.495681722955959,-0.059993997720248604
2025-12-08,12.24,2.50470927708418,0.009027554128221205
2025-12-09,12.32,2.511223958105374,0.006514681021193791
2025-12-10,12.23,2.503891949699081,-0.007332008406292889
2025-12-11,12.15,2.4973291697865574,-0.006562779912523631
2025-12-12,12.18,2.4997952622817508,0.0024660924951933616
2025-12-15,12.18,2.4997952622817508,0.0
2025-12-16,11.79,2.4672517145492794,-0.03254354773247137
2025-12-17,11.77,2.4655539212721855,-0.0016977932770938509
2025-12-18,11.72,2.4612967841488667,-0.004257137123318877
2025-12-19,11.75,2.463853240590168,0.0025564564413014246
2025-12-22,11.72,2.4612967841488667,-0.0025564564413014246
2025-12-23,11.83,2.4706386779902956,0.009341893841428917
2025-12-24,11.83,2.4706386779902956,0.0
2025-12-26,11.55,2.446685436967803,-0.023953241022492744
2025-12-29,11.59,2.4501426573516603,0.003457220383857429
2025-12-30,11.86,2.4731713935695794,0.02302873621791912
2025-12-31,11.85,2.47232786758114,-0.0008435259884391755
2026-01-02,11.92,2.4782176616372036,0.00588979405606338
2026-01-05,11.74,2.4630018143999504,-0.015215847237253222
2026-01-06,11.57,2.448415541205585,-0.01458627319436534
2026-01-07,11.54,2.4458192610799534,-0.0025962801256316226
2026-01-08,11.8,2.468099531471619,0.022280270391665802
2026-01-09,11.88,2.474856313934499,0.006756782462879585
2026-01-12,11.87,2.4740142086215764,-0.0008421053129223921
2026-01-13,12.3,2.509599262378372,0.03558505375679566
2026-01-14,12.66,2.5384474167160302,0.028848154337658194
2026-01-15,12.61,2.534490149976828,-0.003957266739202048
2026-01-16,12.69,2.540814281726296,0.006324131749467998
2026-01-20,12.83,2.551786178627545,0.01097189690124889
2026-01-21,13.51,2.6034301519721073,0.051643973344562166
2026-01-22,13.77,2.6224923127405635,0.019062160768456238
2026-01-23,14.28,2.658859956911438,0.03636764417087468
2026-01-26,14.34,2.663052835171474,0.004192878260036004
2026-01-27,15.02,2.7093826463359885,0.04632981116451429
2026-01-28,15.38,2.733067964077498,0.023685317741509504
2026-01-29,15.52,2.7421295147550726,0.009061550677574637
2026-01-30,15.34,2.73046379593911,-0.011665718815962567
2026-02-02,15.03,2.710048203764883,-0.020415592174226838
2026-02-03,15.28,2.7265447837383743,0.016496579973491077
2026-02-04,15.14,2.717340248009303,-0.009204535729071317
2026-02-05,14.9,2.7013612129514133,-0.015979035057889668
2026-02-06,14.87,2.6993457604720636,-0.0020154524793496442
2026-02-09,15.27,2.725890119230541,0.026544358758477493
2026-02-10,15.33,2.7298116928837226,0.003921573653181465
2026-02-11,15.83,2.761906873892921,0.03209518100919828
2026-02-12,15.25,2.7245795030534206,-0.03732737083950033
2026-02-13,15.19,2.7206373166076814,-0.003942186445739182
2026-02-17,15.02,2.7093826463359885,-0.011254670271692913
2026-02-18,15.29,2.727199019940971,0.01781637360498234
2026-02-19,15.76,2.757475084429733,0.030276064488762078
2026-02-20,15.79,2.7593768282675506,0.0019017438378177154
2026-02-23,16.14,2.7813006628418027,0.021923834574252066
2026-02-24,16.54,2.805781689595545,0.02448102675374253
2026-02-25,16.71,2.8160073426073025,0.010225653011757263
2026-02-26,16.61,2.8100049236252036,-0.006002418982098856
2026-02-27,16.63,2.811208293204836,0.0012033695796325183
2026-03-02,17.32,2.851861903134289,0.040653609929452994
2026-03-03,16.96,2.830857630363757,-0.021004272770531962
2026-03-04,16.77,2.8195915758351173,-0.011266054528639824
2026-03-05,16.73,2.8172035149987327,-0.0023880608363846534
