as_of_date,scenario_id,alias,capital_brl,market_state,nav_before_brl,nav_after_brl,cash_after_brl,order_count,fill_count,selected_assets
2023-01-02,apollo_10000,Apollo,10000.0,balanced,10000.0,9992.45,6292.45,4,4,"BTC-USD,PETR4.SA,ITUB4.SA,ETH-USD"
2023-01-03,apollo_10000,Apollo,10000.0,balanced,9914.633735630236,9914.633735630236,6292.45,0,0,"BTC-USD,PETR4.SA,ITUB4.SA,ETH-USD"
2023-01-04,apollo_10000,Apollo,10000.0,balanced,9912.30945009831,9912.30945009831,6292.45,0,0,"BTC-USD,PETR4.SA,ITUB4.SA,ETH-USD"
2023-01-05,apollo_10000,Apollo,10000.0,balanced,9938.897817655492,9938.897817655492,6292.45,0,0,"BTC-USD,PETR4.SA,ITUB4.SA,ETH-USD"
2023-01-06,apollo_10000,Apollo,10000.0,balanced,10012.615142047394,10012.615142047394,6292.45,0,0,"BTC-USD,PETR4.SA,ITUB4.SA,ETH-USD"
2023-01-09,apollo_10000,Apollo,10000.0,balanced,10063.388715986894,10063.388715986894,6292.45,0,0,"BTC-USD,PETR4.SA,ITUB4.SA,ETH-USD"
2023-01-10,apollo_10000,Apollo,10000.0,balanced,10103.301858933894,10103.301858933894,6292.45,0,0,"BTC-USD,PETR4.SA,ITUB4.SA,ETH-USD"
2023-01-11,apollo_10000,Apollo,10000.0,balanced,10194.790255963699,10194.790255963699,6292.45,0,0,"BTC-USD,PETR4.SA,ITUB4.SA,ETH-USD"
2023-01-12,apollo_10000,Apollo,10000.0,balanced,10304.1121841462,10303.762305752087,6432.051479252408,1,1,"BTC-USD,PETR4.SA,ITUB4.SA,ETH-USD"
2023-01-13,apollo_10000,Apollo,10000.0,balanced,10408.04854375841,10408.04854375841,6432.051479252408,0,0,"BTC-USD,PETR4.SA,ITUB4.SA,ETH-USD"
2023-01-16,apollo_10000,Apollo,10000.0,balanced,10560.210967175284,10559.488599648357,6720.276122495973,2,2,"BTC-USD,PETR4.SA,ITUB4.SA,ETH-USD"
2023-01-17,apollo_10000,Apollo,10000.0,balanced,10521.893782123117,10521.893782123117,6720.276122495973,0,0,"BTC-USD,PETR4.SA,ITUB4.SA,ETH-USD"
2023-01-18,apollo_10000,Apollo,10000.0,balanced,10543.486918006409,10543.486918006409,6720.276122495973,0,0,"BTC-USD,PETR4.SA,ITUB4.SA,ETH-USD"
2023-01-19,apollo_10000,Apollo,10000.0,balanced,10581.723092093114,10581.723092093114,6720.276122495973,0,0,"BTC-USD,PETR4.SA,ITUB4.SA,ETH-USD"
2023-01-20,apollo_10000,Apollo,10000.0,balanced,10767.259288200652,10767.259288200652,6720.276122495973,0,0,"BTC-USD,PETR4.SA,ITUB4.SA,ETH-USD"
2023-01-23,apollo_10000,Apollo,10000.0,balanced,10780.576031742627,10780.576031742627,6720.276122495973,0,0,"BTC-USD,PETR4.SA,ITUB4.SA,ETH-USD"
2023-01-24,apollo_10000,Apollo,10000.0,risk_on,10727.259951871354,10725.262398306,5919.257142789544,2,2,"BTC-USD,PETR4.SA,ETH-USD,ITUB4.SA"
2023-01-25,apollo_10000,Apollo,10000.0,risk_on,10795.396645761097,10795.396645761097,5919.257142789544,0,0,"BTC-USD,PETR4.SA,ETH-USD,ITUB4.SA"
2023-01-26,apollo_10000,Apollo,10000.0,risk_on,10800.951976358374,10800.951976358374,5919.257142789544,0,0,"BTC-USD,PETR4.SA,ETH-USD,ITUB4.SA"
2023-01-27,apollo_10000,Apollo,10000.0,risk_on,10770.747632897695,10770.747632897695,5919.257142789544,0,0,"BTC-USD,PETR4.SA,ETH-USD,ITUB4.SA"
2023-01-30,apollo_10000,Apollo,10000.0,risk_on,10691.10539489148,10691.10539489148,5919.257142789544,0,0,"BTC-USD,PETR4.SA,ETH-USD,ITUB4.SA"
2023-01-31,apollo_10000,Apollo,10000.0,risk_on,10735.580540560954,10735.580540560954,5919.257142789544,0,0,"BTC-USD,PETR4.SA,ETH-USD,ITUB4.SA"
2023-02-01,apollo_10000,Apollo,10000.0,risk_on,10848.23529863011,10848.23529863011,5919.257142789544,0,0,"BTC-USD,PETR4.SA,ETH-USD,ITUB4.SA"
2023-02-02,apollo_10000,Apollo,10000.0,risk_on,10801.916417123019,10801.916417123019,5919.257142789544,0,0,"BTC-USD,PETR4.SA,ETH-USD,ITUB4.SA"
2023-02-03,apollo_10000,Apollo,10000.0,opportunistic,10765.641589643168,10764.264992113764,5755.822188704281,3,3,"BTC-USD,PETR4.SA,ETH-USD,ITUB4.SA"
2023-02-06,apollo_10000,Apollo,10000.0,opportunistic,10692.90569379858,10692.90569379858,5755.822188704281,0,0,"BTC-USD,PETR4.SA,ETH-USD,ITUB4.SA"
2023-02-07,apollo_10000,Apollo,10000.0,opportunistic,10816.227053166223,10816.227053166223,5755.822188704281,0,0,"BTC-USD,PETR4.SA,ETH-USD,ITUB4.SA"
2023-02-08,apollo_10000,Apollo,10000.0,opportunistic,10753.674386000253,10753.674386000253,5755.822188704281,0,0,"BTC-USD,PETR4.SA,ETH-USD,ITUB4.SA"
2023-02-09,apollo_10000,Apollo,10000.0,opportunistic,10691.243630079944,10690.938959660602,5633.649350548425,1,1,"BTC-USD,PETR4.SA,ITUB4.SA,ETH-USD"
2023-02-10,apollo_10000,Apollo,10000.0,opportunistic,10629.146147463503,10629.146147463503,5633.649350548425,0,0,"BTC-USD,PETR4.SA,ITUB4.SA,ETH-USD"
2023-02-13,apollo_10000,Apollo,10000.0,opportunistic,10675.490012501472,10675.299926176127,5760.183481119854,1,1,"BTC-USD,PETR4.SA,ITUB4.SA,ETH-USD"
2023-02-14,apollo_10000,Apollo,10000.0,balanced,10775.658603166194,10773.452926901078,6786.459243729587,4,4,"BTC-USD,PETR4.SA,ITUB4.SA,ETH-USD"
2023-02-15,apollo_10000,Apollo,10000.0,balanced,10954.009452690556,10953.710998264607,6905.542559682964,1,1,"BTC-USD,PETR4.SA,ITUB4.SA,ETH-USD"
2023-02-16,apollo_10000,Apollo,10000.0,balanced,10900.085316332465,10900.085316332465,6905.542559682964,0,0,"BTC-USD,PETR4.SA,ITUB4.SA,ETH-USD"
2023-02-17,apollo_10000,Apollo,10000.0,balanced,10999.7853284544,10999.7853284544,6905.542559682964,0,0,"BTC-USD,PETR4.SA,ITUB4.SA,ETH-USD"
2023-02-21,apollo_10000,Apollo,10000.0,opportunistic,10959.153569722093,10957.054210425238,5915.843568353074,4,4,"BTC-USD,PETR4.SA,ETH-USD,ITUB4.SA"
2023-02-22,apollo_10000,Apollo,10000.0,opportunistic,10926.497174236703,10926.497174236703,5915.843568353074,0,0,"BTC-USD,PETR4.SA,ITUB4.SA,ETH-USD"
2023-02-23,apollo_10000,Apollo,10000.0,opportunistic,10860.74270959005,10860.74270959005,5915.843568353074,0,0,"BTC-USD,PETR4.SA,ETH-USD,ITUB4.SA"
2023-02-24,apollo_10000,Apollo,10000.0,opportunistic,10819.826961060371,10819.826961060371,5915.843568353074,0,0,"BTC-USD,PETR4.SA,ITUB4.SA,ETH-USD"
2023-02-27,apollo_10000,Apollo,10000.0,opportunistic,10802.864438439266,10802.864438439266,5915.843568353074,0,0,"BTC-USD,PETR4.SA,ETH-USD,ITUB4.SA"
2023-02-28,apollo_10000,Apollo,10000.0,balanced,10757.86225004956,10756.116741174399,6702.255332590522,3,3,"BTC-USD,PETR4.SA,ITUB4.SA,ETH-USD"
2023-03-01,apollo_10000,Apollo,10000.0,balanced,10777.463924377758,10777.463924377758,6702.255332590522,0,0,"BTC-USD,PETR4.SA,ITUB4.SA,ETH-USD"
2023-03-02,apollo_10000,Apollo,10000.0,balanced,10748.837475520504,10748.837475520504,6702.255332590522,0,0,"BTC-USD,PETR4.SA,ITUB4.SA,ETH-USD"
2023-03-03,apollo_10000,Apollo,10000.0,balanced,10591.08978893107,10591.08978893107,6702.255332590522,0,0,"BTC-USD,PETR4.SA,ITUB4.SA,ETH-USD"
2023-03-06,apollo_10000,Apollo,10000.0,balanced,10637.85017522009,10637.85017522009,6702.255332590522,0,0,"BTC-USD,PETR4.SA,ITUB4.SA,ETH-USD"
2023-03-07,apollo_10000,Apollo,10000.0,risk_on,10651.12979956278,10648.855911898096,5790.426379052487,2,2,"BTC-USD,PETR4.SA,ETH-USD,ITUB4.SA"
2023-03-08,apollo_10000,Apollo,10000.0,risk_on,10552.363139251429,10552.363139251429,5790.426379052487,0,0,"BTC-USD,PETR4.SA,ETH-USD,ITUB4.SA"
2023-03-09,apollo_10000,Apollo,10000.0,risk_on,10394.884743911243,10394.572449729196,5665.196412050966,1,1,"BTC-USD,PETR4.SA,ITUB4.SA,ETH-USD"
2023-03-10,apollo_10000,Apollo,10000.0,risk_on,10346.849430487237,10346.849430487237,5665.196412050966,0,0,"BTC-USD,PETR4.SA,ITUB4.SA,ETH-USD"
2023-03-13,apollo_10000,Apollo,10000.0,balanced,10853.369231417804,10850.358689377792,6866.40268601637,2,2,"BTC-USD,PETR4.SA,ITUB4.SA,ETH-USD"
2023-03-14,apollo_10000,Apollo,10000.0,balanced,10853.583843693954,10853.583843693954,6866.40268601637,0,0,"BTC-USD,PETR4.SA,ITUB4.SA,ETH-USD"
2023-03-15,apollo_10000,Apollo,10000.0,risk_on,10789.797678623807,10787.523507536702,5913.85492434524,3,3,"BTC-USD,PETR4.SA,ETH-USD,ITUB4.SA"
2023-03-16,apollo_10000,Apollo,10000.0,risk_on,10842.29669434175,10842.29669434175,5913.85492434524,0,0,"BTC-USD,PETR4.SA,ETH-USD,ITUB4.SA"
2023-03-17,apollo_10000,Apollo,10000.0,risk_on,11124.772399899031,11124.249139052954,6122.636001929871,1,1,"BTC-USD,PETR4.SA,ETH-USD,ITUB4.SA"
2023-03-20,apollo_10000,Apollo,10000.0,risk_on,11109.663382574272,11109.663382574272,6122.636001929871,0,0,"BTC-USD,PETR4.SA,ETH-USD,ITUB4.SA"
2023-03-21,apollo_10000,Apollo,10000.0,risk_on,11152.645234181802,11152.645234181802,6122.636001929871,0,0,"BTC-USD,PETR4.SA,ETH-USD,ITUB4.SA"
2023-03-22,apollo_10000,Apollo,10000.0,risk_on,11085.256445963816,11085.256445963816,6122.636001929871,0,0,"BTC-USD,PETR4.SA,ETH-USD,ITUB4.SA"
2023-03-23,apollo_10000,Apollo,10000.0,risk_on,11203.910641773473,11203.910641773473,6122.636001929871,0,0,"BTC-USD,PETR4.SA,ETH-USD,ITUB4.SA"
2023-03-24,apollo_10000,Apollo,10000.0,risk_on,11058.68670943273,11058.68670943273,6122.636001929871,0,0,"BTC-USD,PETR4.SA,ETH-USD,ITUB4.SA"
2023-03-27,apollo_10000,Apollo,10000.0,risk_on,11024.45632799718,11024.45632799718,6122.636001929871,0,0,"BTC-USD,PETR4.SA,ETH-USD,ITUB4.SA"
2023-03-28,apollo_10000,Apollo,10000.0,risk_on,11096.651667095975,11096.651667095975,6122.636001929871,0,0,"BTC-USD,PETR4.SA,ETH-USD,ITUB4.SA"
2023-03-29,apollo_10000,Apollo,10000.0,risk_on,11217.728120626498,11217.728120626498,6122.636001929871,0,0,"BTC-USD,PETR4.SA,ETH-USD,ITUB4.SA"
2023-03-30,apollo_10000,Apollo,10000.0,risk_on,11213.694308477785,11213.694308477785,6122.636001929871,0,0,"BTC-USD,PETR4.SA,ETH-USD,ITUB4.SA"
2023-03-31,apollo_10000,Apollo,10000.0,risk_on,11288.73473562178,11288.73473562178,6122.636001929871,0,0,"BTC-USD,PETR4.SA,ETH-USD,ITUB4.SA"
2023-04-03,apollo_10000,Apollo,10000.0,risk_on,11209.28875063653,11209.28875063653,6122.636001929871,0,0,"BTC-USD,PETR4.SA,ETH-USD,ITUB4.SA"
2023-04-04,apollo_10000,Apollo,10000.0,risk_on,11294.641557731837,11294.641557731837,6122.636001929871,0,0,"BTC-USD,PETR4.SA,ETH-USD,ITUB4.SA"
2023-04-05,apollo_10000,Apollo,10000.0,risk_on,11320.92255840365,11320.92255840365,6122.636001929871,0,0,"BTC-USD,PETR4.SA,ETH-USD,ITUB4.SA"
2023-04-06,apollo_10000,Apollo,10000.0,risk_on,11293.84951047625,11293.84951047625,6122.636001929871,0,0,"BTC-USD,PETR4.SA,ETH-USD,ITUB4.SA"
2023-04-10,apollo_10000,Apollo,10000.0,risk_on,11425.31701732057,11425.012024844578,6244.327999851181,1,1,"BTC-USD,PETR4.SA,ETH-USD,ITUB4.SA"
2023-04-11,apollo_10000,Apollo,10000.0,risk_on,11489.543155794534,11489.543155794534,6244.327999851181,0,0,"BTC-USD,PETR4.SA,ETH-USD,ITUB4.SA"
2023-04-12,apollo_10000,Apollo,10000.0,risk_on,11558.51522525794,11558.51522525794,6244.327999851181,0,0,"BTC-USD,PETR4.SA,ETH-USD,ITUB4.SA"
2023-04-13,apollo_10000,Apollo,10000.0,risk_on,11659.713442060365,11659.413905097466,6363.843248047001,1,1,"BTC-USD,PETR4.SA,ETH-USD,ITUB4.SA"
2023-04-14,apollo_10000,Apollo,10000.0,balanced,11715.547750628444,11713.099048290418,7340.875480919643,2,2,"BTC-USD,PETR4.SA,ITUB4.SA,ETH-USD"
2023-04-17,apollo_10000,Apollo,10000.0,balanced,11673.072378239873,11673.072378239873,7340.875480919643,0,0,"BTC-USD,PETR4.SA,ITUB4.SA,ETH-USD"
2023-04-18,apollo_10000,Apollo,10000.0,balanced,11751.047978614413,11751.047978614413,7340.875480919643,0,0,"BTC-USD,PETR4.SA,ITUB4.SA,ETH-USD"
2023-04-19,apollo_10000,Apollo,10000.0,risk_on,11639.227304444063,11636.573751238364,6276.800645434253,2,2,"BTC-USD,PETR4.SA,ETH-USD,ITUB4.SA"
2023-04-20,apollo_10000,Apollo,10000.0,risk_on,11542.777824169385,11542.777824169385,6276.800645434253,0,0,"BTC-USD,PETR4.SA,ETH-USD,ITUB4.SA"
2023-04-21,apollo_10000,Apollo,10000.0,risk_on,11428.61510179935,11428.61510179935,6276.800645434253,0,0,"BTC-USD,PETR4.SA,ETH-USD,ITUB4.SA"
2023-04-24,apollo_10000,Apollo,10000.0,risk_on,11445.327952260668,11445.327952260668,6276.800645434253,0,0,"BTC-USD,PETR4.SA,ETH-USD,ITUB4.SA"
2023-04-25,apollo_10000,Apollo,10000.0,risk_on,11536.4251123428,11536.4251123428,6276.800645434253,0,0,"BTC-USD,PETR4.SA,ETH-USD,ITUB4.SA"
2023-04-26,apollo_10000,Apollo,10000.0,risk_on,11548.24023302214,11548.24023302214,6276.800645434253,0,0,"BTC-USD,PETR4.SA,ETH-USD,ITUB4.SA"
2023-04-27,apollo_10000,Apollo,10000.0,risk_on,11630.240312224729,11630.240312224729,6276.800645434253,0,0,"BTC-USD,PETR4.SA,ETH-USD,ITUB4.SA"
2023-04-28,apollo_10000,Apollo,10000.0,risk_on,11594.028338332253,11594.028338332253,6276.800645434253,0,0,"BTC-USD,PETR4.SA,ETH-USD,ITUB4.SA"
2023-05-01,apollo_10000,Apollo,10000.0,risk_on,11522.321691223377,11522.321691223377,6276.800645434253,0,0,"BTC-USD,PETR4.SA,ETH-USD,ITUB4.SA"
2023-05-02,apollo_10000,Apollo,10000.0,risk_on,11589.900678547208,11589.900678547208,6276.800645434253,0,0,"BTC-USD,PETR4.SA,ETH-USD,ITUB4.SA"
2023-05-03,apollo_10000,Apollo,10000.0,risk_on,11552.269201105359,11552.269201105359,6276.800645434253,0,0,"BTC-USD,PETR4.SA,ETH-USD,ITUB4.SA"
2023-05-04,apollo_10000,Apollo,10000.0,risk_on,11518.055812699913,11518.055812699913,6276.800645434253,0,0,"BTC-USD,PETR4.SA,ETH-USD,ITUB4.SA"
2023-05-05,apollo_10000,Apollo,10000.0,risk_on,11653.40293582706,11653.40293582706,6276.800645434253,0,0,"BTC-USD,PETR4.SA,ETH-USD,ITUB4.SA"
2023-05-08,apollo_10000,Apollo,10000.0,risk_on,11516.713922666833,11516.559780048236,6379.408248547539,1,1,"BTC-USD,PETR4.SA,ETH-USD,ITUB4.SA"
2023-05-09,apollo_10000,Apollo,10000.0,risk_on,11549.161766856623,11549.161766856623,6379.408248547539,0,0,"BTC-USD,PETR4.SA,ETH-USD,ITUB4.SA"
2023-05-10,apollo_10000,Apollo,10000.0,risk_on,11553.161848968202,11553.161848968202,6379.408248547539,0,0,"BTC-USD,PETR4.SA,ETH-USD,ITUB4.SA"
2023-05-11,apollo_10000,Apollo,10000.0,risk_on,11489.831985596495,11489.537165242964,6261.185286782239,1,1,"BTC-USD,PETR4.SA,ITUB4.SA,ETH-USD"
2023-05-12,apollo_10000,Apollo,10000.0,risk_on,11532.859974812416,11532.859974812416,6261.185286782239,0,0,"BTC-USD,PETR4.SA,ITUB4.SA,ETH-USD"
2023-05-15,apollo_10000,Apollo,10000.0,risk_on,11599.438675463702,11599.438675463702,6261.185286782239,0,0,"BTC-USD,PETR4.SA,ITUB4.SA,ETH-USD"
2023-05-16,apollo_10000,Apollo,10000.0,risk_on,11567.361626473743,11567.361626473743,6261.185286782239,0,0,"BTC-USD,PETR4.SA,ITUB4.SA,ETH-USD"
2023-05-17,apollo_10000,Apollo,10000.0,risk_on,11625.762129253118,11625.762129253118,6261.185286782239,0,0,"BTC-USD,PETR4.SA,ITUB4.SA,ETH-USD"
2023-05-18,apollo_10000,Apollo,10000.0,risk_on,11543.811666986883,11543.811666986883,6261.185286782239,0,0,"BTC-USD,PETR4.SA,ITUB4.SA,ETH-USD"
2023-05-19,apollo_10000,Apollo,10000.0,risk_on,11558.384564975197,11558.384564975197,6261.185286782239,0,0,"BTC-USD,PETR4.SA,ITUB4.SA,ETH-USD"
2023-05-22,apollo_10000,Apollo,10000.0,risk_on,11556.177900954746,11556.177900954746,6261.185286782239,0,0,"BTC-USD,PETR4.SA,ITUB4.SA,ETH-USD"
2023-05-23,apollo_10000,Apollo,10000.0,risk_on,11574.147378044472,11574.147378044472,6261.185286782239,0,0,"BTC-USD,PETR4.SA,ETH-USD,ITUB4.SA"
2023-05-24,apollo_10000,Apollo,10000.0,risk_on,11509.354282364378,11509.19122496423,6369.727162813909,1,1,"BTC-USD,PETR4.SA,ITUB4.SA,ETH-USD"
2023-05-25,apollo_10000,Apollo,10000.0,risk_on,11536.857212038933,11536.857212038933,6369.727162813909,0,0,"BTC-USD,PETR4.SA,ITUB4.SA,ETH-USD"
2023-05-26,apollo_10000,Apollo,10000.0,risk_on,11585.991121183884,11585.991121183884,6369.727162813909,0,0,"BTC-USD,PETR4.SA,ITUB4.SA,ETH-USD"
2023-05-29,apollo_10000,Apollo,10000.0,risk_on,11713.410991370783,11713.410991370783,6369.727162813909,0,0,"BTC-USD,PETR4.SA,ETH-USD,ITUB4.SA"
2023-05-30,apollo_10000,Apollo,10000.0,balanced,11704.882814578781,11702.547781543793,7301.405343774296,2,2,"BTC-USD,PETR4.SA,ITUB4.SA,ETH-USD"
2023-05-31,apollo_10000,Apollo,10000.0,balanced,11638.235893445697,11638.235893445697,7301.405343774296,0,0,"BTC-USD,PETR4.SA,ITUB4.SA,ETH-USD"
2023-06-01,apollo_10000,Apollo,10000.0,balanced,11591.852405412003,11591.852405412003,7301.405343774296,0,0,"BTC-USD,PETR4.SA,ITUB4.SA,ETH-USD"
2023-06-02,apollo_10000,Apollo,10000.0,balanced,11683.225155578846,11683.225155578846,7301.405343774296,0,0,"BTC-USD,PETR4.SA,ITUB4.SA,ETH-USD"
2023-06-05,apollo_10000,Apollo,10000.0,balanced,11580.626397448728,11580.626397448728,7301.405343774296,0,0,"BTC-USD,PETR4.SA,ITUB4.SA,ETH-USD"
2023-06-06,apollo_10000,Apollo,10000.0,balanced,11711.589222102819,11711.589222102819,7301.405343774296,0,0,"BTC-USD,PETR4.SA,ITUB4.SA,ETH-USD"
2023-06-07,apollo_10000,Apollo,10000.0,balanced,11671.19324166123,11671.19324166123,7301.405343774296,0,0,"BTC-USD,PETR4.SA,ITUB4.SA,ETH-USD"
2023-06-08,apollo_10000,Apollo,10000.0,balanced,11724.211709018882,11724.211709018882,7301.405343774296,0,0,"BTC-USD,PETR4.SA,ITUB4.SA,ETH-USD"
2023-06-09,apollo_10000,Apollo,10000.0,balanced,11721.03363433267,11721.03363433267,7301.405343774296,0,0,"BTC-USD,PETR4.SA,ITUB4.SA,ETH-USD"
2023-06-12,apollo_10000,Apollo,10000.0,balanced,11725.402965509233,11724.898480213691,7347.2490262334295,2,2,"BTC-USD,PETR4.SA,ITUB4.SA,ETH-USD"
2023-06-13,apollo_10000,Apollo,10000.0,risk_on,11736.436068419935,11733.936550875223,6344.942490804309,2,2,"BTC-USD,PETR4.SA,ETH-USD,ITUB4.SA"
2023-06-14,apollo_10000,Apollo,10000.0,risk_on,11619.741929107448,11619.582024921396,6451.385377319114,1,1,"BTC-USD,PETR4.SA,ETH-USD,ITUB4.SA"
2023-06-15,apollo_10000,Apollo,10000.0,risk_on,11732.97366613721,11732.97366613721,6451.385377319114,0,0,"BTC-USD,PETR4.SA,ETH-USD,ITUB4.SA"
2023-06-16,apollo_10000,Apollo,10000.0,risk_on,11809.591532567187,11809.591532567187,6451.385377319114,0,0,"BTC-USD,PETR4.SA,ETH-USD,ITUB4.SA"
2023-06-19,apollo_10000,Apollo,10000.0,risk_on,11878.081689035389,11878.081689035389,6451.385377319114,0,0,"BTC-USD,PETR4.SA,ETH-USD,ITUB4.SA"
2023-06-20,apollo_10000,Apollo,10000.0,risk_on,12083.727542231136,12083.36407492731,6596.408831544643,1,1,"BTC-USD,PETR4.SA,ETH-USD,ITUB4.SA"
2023-06-21,apollo_10000,Apollo,10000.0,risk_on,12285.472615914845,12285.213661486516,6699.731648447024,1,1,"BTC-USD,PETR4.SA,ETH-USD,ITUB4.SA"
2023-06-22,apollo_10000,Apollo,10000.0,risk_on,12328.09234238173,12328.09234238173,6699.731648447024,0,0,"BTC-USD,PETR4.SA,ETH-USD,ITUB4.SA"
2023-06-23,apollo_10000,Apollo,10000.0,risk_on,12380.291380017232,12380.291380017232,6699.731648447024,0,0,"BTC-USD,PETR4.SA,ETH-USD,ITUB4.SA"
2023-06-26,apollo_10000,Apollo,10000.0,risk_on,12271.851379511969,12271.851379511969,6699.731648447024,0,0,"BTC-USD,PETR4.SA,ETH-USD,ITUB4.SA"
2023-06-27,apollo_10000,Apollo,10000.0,risk_on,12349.985504807262,12349.985504807262,6699.731648447024,0,0,"BTC-USD,PETR4.SA,ETH-USD,ITUB4.SA"
2023-06-28,apollo_10000,Apollo,10000.0,risk_on,12247.047926916814,12247.047926916814,6699.731648447024,0,0,"BTC-USD,PETR4.SA,ETH-USD,ITUB4.SA"
2023-06-29,apollo_10000,Apollo,10000.0,risk_on,12297.517829049633,12297.517829049633,6699.731648447024,0,0,"BTC-USD,PETR4.SA,ETH-USD,ITUB4.SA"
2023-06-30,apollo_10000,Apollo,10000.0,risk_on,12359.479948938115,12359.479948938115,6699.731648447024,0,0,"BTC-USD,PETR4.SA,ETH-USD,ITUB4.SA"
2023-07-03,apollo_10000,Apollo,10000.0,risk_on,12363.370446714875,12363.370446714875,6699.731648447024,0,0,"BTC-USD,PETR4.SA,ETH-USD,ITUB4.SA"
2023-07-04,apollo_10000,Apollo,10000.0,risk_on,12360.156274614477,12360.156274614477,6699.731648447024,0,0,"BTC-USD,PETR4.SA,ETH-USD,ITUB4.SA"
2023-07-05,apollo_10000,Apollo,10000.0,risk_on,12322.33797581223,12322.33797581223,6699.731648447024,0,0,"BTC-USD,PETR4.SA,ETH-USD,ITUB4.SA"
2023-07-06,apollo_10000,Apollo,10000.0,risk_on,12243.521842965522,12243.521842965522,6699.731648447024,0,0,"BTC-USD,PETR4.SA,ETH-USD,ITUB4.SA"
2023-07-07,apollo_10000,Apollo,10000.0,risk_on,12262.011430845087,12262.011430845087,6699.731648447024,0,0,"BTC-USD,PETR4.SA,ETH-USD,ITUB4.SA"
2023-07-10,apollo_10000,Apollo,10000.0,risk_on,12282.373815395644,12282.373815395644,6699.731648447024,0,0,"BTC-USD,PETR4.SA,ETH-USD,ITUB4.SA"
2023-07-11,apollo_10000,Apollo,10000.0,risk_on,12294.938331739862,12294.938331739862,6699.731648447024,0,0,"BTC-USD,PETR4.SA,ETH-USD,ITUB4.SA"
2023-07-12,apollo_10000,Apollo,10000.0,risk_on,12240.057138892593,12240.057138892593,6699.731648447024,0,0,"BTC-USD,PETR4.SA,ETH-USD,ITUB4.SA"
2023-07-13,apollo_10000,Apollo,10000.0,risk_on,12395.445061837572,12395.445061837572,6699.731648447024,0,0,"BTC-USD,PETR4.SA,ETH-USD,ITUB4.SA"
2023-07-14,apollo_10000,Apollo,10000.0,risk_on,12294.024206088887,12294.024206088887,6699.731648447024,0,0,"BTC-USD,PETR4.SA,ETH-USD,ITUB4.SA"
2023-07-17,apollo_10000,Apollo,10000.0,risk_on,12232.630208807808,12232.630208807808,6699.731648447024,0,0,"BTC-USD,PETR4.SA,ETH-USD,ITUB4.SA"
2023-07-18,apollo_10000,Apollo,10000.0,risk_on,12216.013515996212,12216.013515996212,6699.731648447024,0,0,"BTC-USD,PETR4.SA,ETH-USD,ITUB4.SA"
2023-07-19,apollo_10000,Apollo,10000.0,risk_on,12192.347830703242,12192.347830703242,6699.731648447024,0,0,"BTC-USD,PETR4.SA,ETH-USD,ITUB4.SA"
2023-07-20,apollo_10000,Apollo,10000.0,risk_on,12187.266809665252,12187.266809665252,6699.731648447024,0,0,"BTC-USD,PETR4.SA,ETH-USD,ITUB4.SA"
2023-07-21,apollo_10000,Apollo,10000.0,risk_on,12212.272212105785,12212.272212105785,6699.731648447024,0,0,"BTC-USD,PETR4.SA,ETH-USD,ITUB4.SA"
2023-07-24,apollo_10000,Apollo,10000.0,risk_on,12168.078528342718,12168.078528342718,6699.731648447024,0,0,"BTC-USD,PETR4.SA,ETH-USD,ITUB4.SA"
2023-07-25,apollo_10000,Apollo,10000.0,risk_on,12188.47662792947,12188.47662792947,6699.731648447024,0,0,"BTC-USD,PETR4.SA,ETH-USD,ITUB4.SA"
2023-07-26,apollo_10000,Apollo,10000.0,risk_on,12236.924378733787,12236.924378733787,6699.731648447024,0,0,"BTC-USD,PETR4.SA,ETH-USD,ITUB4.SA"
2023-07-27,apollo_10000,Apollo,10000.0,risk_on,12225.281116641216,12225.281116641216,6699.731648447024,0,0,"BTC-USD,PETR4.SA,ETH-USD,ITUB4.SA"
2023-07-28,apollo_10000,Apollo,10000.0,risk_on,12154.461938766508,12154.461938766508,6699.731648447024,0,0,"BTC-USD,PETR4.SA,ETH-USD,ITUB4.SA"
2023-07-31,apollo_10000,Apollo,10000.0,risk_on,12165.668974413376,12165.668974413376,6699.731648447024,0,0,"BTC-USD,PETR4.SA,ETH-USD,ITUB4.SA"
2023-08-01,apollo_10000,Apollo,10000.0,risk_on,12272.431441151883,12272.431441151883,6699.731648447024,0,0,"BTC-USD,PETR4.SA,ETH-USD,ITUB4.SA"
2023-08-02,apollo_10000,Apollo,10000.0,risk_on,12193.292599243294,12193.292599243294,6699.731648447024,0,0,"BTC-USD,PETR4.SA,ETH-USD,ITUB4.SA"
2023-08-03,apollo_10000,Apollo,10000.0,risk_on,12186.166115811224,12186.166115811224,6699.731648447024,0,0,"BTC-USD,PETR4.SA,ETH-USD,ITUB4.SA"
2023-08-04,apollo_10000,Apollo,10000.0,risk_on,12186.205062061712,12186.205062061712,6699.731648447024,0,0,"BTC-USD,PETR4.SA,ETH-USD,ITUB4.SA"
2023-08-07,apollo_10000,Apollo,10000.0,risk_on,12140.255903791167,12140.255903791167,6699.731648447024,0,0,"BTC-USD,PETR4.SA,ETH-USD,ITUB4.SA"
2023-08-08,apollo_10000,Apollo,10000.0,balanced,12202.083374342234,12199.58344124271,7697.2049551568925,2,2,"BTC-USD,PETR4.SA,ITUB4.SA,ETH-USD"
2023-08-09,apollo_10000,Apollo,10000.0,balanced,12187.85763317971,12187.85763317971,7697.2049551568925,0,0,"BTC-USD,PETR4.SA,ITUB4.SA,ETH-USD"
2023-08-10,apollo_10000,Apollo,10000.0,balanced,12186.412457671348,12186.412457671348,7697.2049551568925,0,0,"BTC-USD,PETR4.SA,ITUB4.SA,ETH-USD"
2023-08-11,apollo_10000,Apollo,10000.0,balanced,12192.94731763045,12192.94731763045,7697.2049551568925,0,0,"BTC-USD,PETR4.SA,ITUB4.SA,ETH-USD"
2023-08-14,apollo_10000,Apollo,10000.0,risk_on,12190.50253039166,12188.010869810638,6698.049062167294,2,2,"BTC-USD,PETR4.SA,ETH-USD,ITUB4.SA"
2023-08-15,apollo_10000,Apollo,10000.0,risk_on,12151.62693147265,12151.62693147265,6698.049062167294,0,0,"BTC-USD,PETR4.SA,ETH-USD,ITUB4.SA"
2023-08-16,apollo_10000,Apollo,10000.0,risk_on,12106.182570445226,12106.182570445226,6698.049062167294,0,0,"BTC-USD,PETR4.SA,ETH-USD,ITUB4.SA"
2023-08-17,apollo_10000,Apollo,10000.0,balanced,11892.313052850717,11890.357648448891,7522.610396816298,3,3,"BTC-USD,PETR4.SA,ITUB4.SA,ETH-USD"
2023-08-18,apollo_10000,Apollo,10000.0,balanced,11833.0780403555,11833.0780403555,7522.610396816298,0,0,"BTC-USD,PETR4.SA,ITUB4.SA,ETH-USD"
2023-08-21,apollo_10000,Apollo,10000.0,balanced,11849.389495875754,11849.389495875754,7522.610396816298,0,0,"BTC-USD,PETR4.SA,ITUB4.SA,ETH-USD"
2023-08-22,apollo_10000,Apollo,10000.0,balanced,11819.586452072246,11819.586452072246,7522.610396816298,0,0,"BTC-USD,PETR4.SA,ITUB4.SA,ETH-USD"
2023-08-23,apollo_10000,Apollo,10000.0,balanced,11892.107537850945,11892.107537850945,7522.610396816298,0,0,"BTC-USD,PETR4.SA,ITUB4.SA,ETH-USD"
2023-08-24,apollo_10000,Apollo,10000.0,balanced,11942.314443241481,11942.314443241481,7522.610396816298,0,0,"BTC-USD,PETR4.SA,ITUB4.SA,ETH-USD"
2023-08-25,apollo_10000,Apollo,10000.0,balanced,11920.26560577835,11920.26560577835,7522.610396816298,0,0,"BTC-USD,PETR4.SA,ITUB4.SA,ETH-USD"
2023-08-28,apollo_10000,Apollo,10000.0,balanced,11902.393817949998,11902.393817949998,7522.610396816298,0,0,"BTC-USD,PETR4.SA,ITUB4.SA,ETH-USD"
2023-08-29,apollo_10000,Apollo,10000.0,balanced,12075.599436023052,12075.599436023052,7522.610396816298,0,0,"BTC-USD,PETR4.SA,ITUB4.SA,ETH-USD"
2023-08-30,apollo_10000,Apollo,10000.0,balanced,12055.042652505119,12055.042652505119,7522.610396816298,0,0,"BTC-USD,PETR4.SA,ITUB4.SA,ETH-USD"
2023-08-31,apollo_10000,Apollo,10000.0,balanced,11937.459916493077,11937.459916493077,7522.610396816298,0,0,"BTC-USD,PETR4.SA,ITUB4.SA,ETH-USD"
2023-09-01,apollo_10000,Apollo,10000.0,defense,11888.206231462991,11879.352775293703,11879.352775293703,4,4,
2023-09-04,apollo_10000,Apollo,10000.0,defense,11879.352775293703,11879.352775293703,11879.352775293703,0,0,
2023-09-05,apollo_10000,Apollo,10000.0,defense,11879.352775293703,11879.352775293703,11879.352775293703,0,0,
2023-09-06,apollo_10000,Apollo,10000.0,balanced,11879.352775293703,11870.383863948355,7475.023337089686,4,4,"BTC-USD,PETR4.SA,ITUB4.SA,ETH-USD"
2023-09-07,apollo_10000,Apollo,10000.0,balanced,11906.202764412275,11906.202764412275,7475.023337089686,0,0,"BTC-USD,PETR4.SA,ITUB4.SA,ETH-USD"
2023-09-08,apollo_10000,Apollo,10000.0,balanced,11878.868038150602,11878.868038150602,7475.023337089686,0,0,"BTC-USD,PETR4.SA,ITUB4.SA,ETH-USD"
2023-09-11,apollo_10000,Apollo,10000.0,balanced,11790.619584323245,11790.619584323245,7475.023337089686,0,0,"BTC-USD,PETR4.SA,ITUB4.SA,ETH-USD"
2023-09-12,apollo_10000,Apollo,10000.0,balanced,11872.194486777451,11872.194486777451,7475.023337089686,0,0,"BTC-USD,PETR4.SA,ITUB4.SA,ETH-USD"
2023-09-13,apollo_10000,Apollo,10000.0,balanced,11913.868064484961,11913.868064484961,7475.023337089686,0,0,"BTC-USD,PETR4.SA,ITUB4.SA,ETH-USD"
2023-09-14,apollo_10000,Apollo,10000.0,balanced,11928.024750967948,11928.024750967948,7475.023337089686,0,0,"BTC-USD,PETR4.SA,ITUB4.SA,ETH-USD"
2023-09-15,apollo_10000,Apollo,10000.0,balanced,11965.996026200366,11965.996026200366,7475.023337089686,0,0,"BTC-USD,PETR4.SA,ITUB4.SA,ETH-USD"
2023-09-18,apollo_10000,Apollo,10000.0,balanced,11973.329963935093,11973.329963935093,7475.023337089686,0,0,"BTC-USD,PETR4.SA,ITUB4.SA,ETH-USD"
2023-09-19,apollo_10000,Apollo,10000.0,balanced,12011.444166492987,12011.444166492987,7475.023337089686,0,0,"BTC-USD,PETR4.SA,ITUB4.SA,ETH-USD"
2023-09-20,apollo_10000,Apollo,10000.0,balanced,11997.172778709366,11997.172778709366,7475.023337089686,0,0,"BTC-USD,PETR4.SA,ITUB4.SA,ETH-USD"
2023-09-21,apollo_10000,Apollo,10000.0,balanced,11961.652715288363,11961.652715288363,7475.023337089686,0,0,"BTC-USD,PETR4.SA,ITUB4.SA,ETH-USD"
2023-09-22,apollo_10000,Apollo,10000.0,balanced,11927.950019451084,11927.950019451084,7475.023337089686,0,0,"BTC-USD,PETR4.SA,ITUB4.SA,ETH-USD"
2023-09-25,apollo_10000,Apollo,10000.0,balanced,11915.53352652767,11915.53352652767,7475.023337089686,0,0,"BTC-USD,PETR4.SA,ITUB4.SA,ETH-USD"
2023-09-26,apollo_10000,Apollo,10000.0,balanced,11922.968197155742,11922.968197155742,7475.023337089686,0,0,"BTC-USD,PETR4.SA,ITUB4.SA,ETH-USD"
2023-09-27,apollo_10000,Apollo,10000.0,balanced,11894.192710178304,11894.192710178304,7475.023337089686,0,0,"BTC-USD,PETR4.SA,ITUB4.SA,ETH-USD"
2023-09-28,apollo_10000,Apollo,10000.0,balanced,11995.94842469993,11995.94842469993,7475.023337089686,0,0,"BTC-USD,PETR4.SA,ITUB4.SA,ETH-USD"
2023-09-29,apollo_10000,Apollo,10000.0,balanced,12014.165154319106,12014.165154319106,7475.023337089686,0,0,"BTC-USD,PETR4.SA,ITUB4.SA,ETH-USD"
2023-10-02,apollo_10000,Apollo,10000.0,balanced,12055.4102101555,12055.4102101555,7475.023337089686,0,0,"BTC-USD,PETR4.SA,ITUB4.SA,ETH-USD"
2023-10-03,apollo_10000,Apollo,10000.0,balanced,12022.239210420033,12022.239210420033,7475.023337089686,0,0,"BTC-USD,PETR4.SA,ITUB4.SA,ETH-USD"
2023-10-04,apollo_10000,Apollo,10000.0,balanced,12024.55473674566,12024.279742953308,7584.745860238563,1,1,"BTC-USD,PETR4.SA,ITUB4.SA,ETH-USD"
2023-10-05,apollo_10000,Apollo,10000.0,balanced,11957.718421099484,11957.718421099484,7584.745860238563,0,0,"BTC-USD,PETR4.SA,ITUB4.SA,ETH-USD"
2023-10-06,apollo_10000,Apollo,10000.0,risk_on,12021.083773400085,12018.695581457187,6627.080891136463,2,2,"BTC-USD,PETR4.SA,ETH-USD,ITUB4.SA"
2023-10-09,apollo_10000,Apollo,10000.0,risk_on,11987.263214081526,11987.263214081526,6627.080891136463,0,0,"BTC-USD,PETR4.SA,ETH-USD,ITUB4.SA"
2023-10-10,apollo_10000,Apollo,10000.0,risk_on,12006.531481521377,12006.531481521377,6627.080891136463,0,0,"BTC-USD,PETR4.SA,ETH-USD,ITUB4.SA"
2023-10-11,apollo_10000,Apollo,10000.0,risk_on,11970.114235834928,11970.114235834928,6627.080891136463,0,0,"BTC-USD,PETR4.SA,ETH-USD,ITUB4.SA"
2023-10-12,apollo_10000,Apollo,10000.0,risk_on,11951.893193160675,11951.893193160675,6627.080891136463,0,0,"BTC-USD,PETR4.SA,ETH-USD,ITUB4.SA"
2023-10-13,apollo_10000,Apollo,10000.0,risk_on,11968.041614013786,11968.041614013786,6627.080891136463,0,0,"BTC-USD,PETR4.SA,ETH-USD,ITUB4.SA"
2023-10-16,apollo_10000,Apollo,10000.0,risk_on,12169.002121844533,12169.002121844533,6627.080891136463,0,0,"BTC-USD,PETR4.SA,ETH-USD,ITUB4.SA"
2023-10-17,apollo_10000,Apollo,10000.0,balanced,12155.342673192083,12153.022509922084,7552.8260358662355,2,2,"BTC-USD,PETR4.SA,ITUB4.SA,ETH-USD"
2023-10-18,apollo_10000,Apollo,10000.0,balanced,12170.217940567682,12170.031959654487,7676.627330416719,1,1,"BTC-USD,PETR4.SA,ITUB4.SA,ETH-USD"
2023-10-19,apollo_10000,Apollo,10000.0,balanced,12204.799424807774,12204.799424807774,7676.627330416719,0,0,"BTC-USD,PETR4.SA,ITUB4.SA,ETH-USD"
2023-10-20,apollo_10000,Apollo,10000.0,balanced,12283.280609947778,12283.280609947778,7676.627330416719,0,0,"BTC-USD,PETR4.SA,ITUB4.SA,ETH-USD"
2023-10-23,apollo_10000,Apollo,10000.0,balanced,12543.44978511643,12542.885336352101,7901.842387383638,1,1,"BTC-USD,PETR4.SA,ITUB4.SA,ETH-USD"
2023-10-24,apollo_10000,Apollo,10000.0,balanced,12517.426335065291,12517.261824065725,7792.00387667368,1,1,"BTC-USD,PETR4.SA,ITUB4.SA,ETH-USD"
2023-10-25,apollo_10000,Apollo,10000.0,balanced,12567.483148746165,12567.483148746165,7792.00387667368,0,0,"BTC-USD,PETR4.SA,ITUB4.SA,ETH-USD"
2023-10-26,apollo_10000,Apollo,10000.0,balanced,12565.046579711585,12565.046579711585,7792.00387667368,0,0,"BTC-USD,PETR4.SA,ITUB4.SA,ETH-USD"
2023-10-27,apollo_10000,Apollo,10000.0,balanced,12547.841195108304,12547.841195108304,7792.00387667368,0,0,"BTC-USD,PETR4.SA,ITUB4.SA,ETH-USD"
2023-10-30,apollo_10000,Apollo,10000.0,balanced,12570.62506133847,12570.62506133847,7792.00387667368,0,0,"BTC-USD,PETR4.SA,ITUB4.SA,ETH-USD"
2023-10-31,apollo_10000,Apollo,10000.0,balanced,12562.417590321464,12562.417590321464,7792.00387667368,0,0,"BTC-USD,PETR4.SA,ETH-USD,ITUB4.SA"
2023-11-01,apollo_10000,Apollo,10000.0,balanced,12598.849583505093,12598.294815623027,8013.356261617371,2,2,"BTC-USD,PETR4.SA,ITUB4.SA,ETH-USD"
2023-11-02,apollo_10000,Apollo,10000.0,balanced,12580.719464754784,12580.719464754784,8013.356261617371,0,0,"BTC-USD,PETR4.SA,ITUB4.SA,ETH-USD"
2023-11-03,apollo_10000,Apollo,10000.0,balanced,12582.584904621512,12582.584904621512,8013.356261617371,0,0,"BTC-USD,PETR4.SA,ITUB4.SA,ETH-USD"
2023-11-06,apollo_10000,Apollo,10000.0,balanced,12665.153771327623,12665.153771327623,8013.356261617371,0,0,"BTC-USD,PETR4.SA,ITUB4.SA,ETH-USD"
2023-11-07,apollo_10000,Apollo,10000.0,balanced,12683.346798199513,12683.346798199513,8013.356261617371,0,0,"BTC-USD,PETR4.SA,ITUB4.SA,ETH-USD"
2023-11-08,apollo_10000,Apollo,10000.0,balanced,12699.475687281036,12699.475687281036,8013.356261617371,0,0,"BTC-USD,PETR4.SA,ITUB4.SA,ETH-USD"
2023-11-09,apollo_10000,Apollo,10000.0,balanced,12826.004819692316,12826.004819692316,8013.356261617371,0,0,"BTC-USD,PETR4.SA,ITUB4.SA,ETH-USD"
2023-11-10,apollo_10000,Apollo,10000.0,balanced,12867.255121264376,12867.255121264376,8013.356261617371,0,0,"BTC-USD,PETR4.SA,ITUB4.SA,ETH-USD"
2023-11-13,apollo_10000,Apollo,10000.0,balanced,12820.880421322094,12820.880421322094,8013.356261617371,0,0,"BTC-USD,PETR4.SA,ITUB4.SA,ETH-USD"
2023-11-14,apollo_10000,Apollo,10000.0,balanced,12773.203419944923,12773.203419944923,8013.356261617371,0,0,"BTC-USD,PETR4.SA,ITUB4.SA,ETH-USD"
2023-11-15,apollo_10000,Apollo,10000.0,defense,12951.510980644432,12941.376079659269,12941.376079659269,4,4,
2023-11-16,apollo_10000,Apollo,10000.0,defense,12941.376079659269,12941.376079659269,12941.376079659269,0,0,
2023-11-17,apollo_10000,Apollo,10000.0,defense,12941.376079659269,12941.376079659269,12941.376079659269,0,0,
2023-11-20,apollo_10000,Apollo,10000.0,defense,12941.376079659269,12941.376079659269,12941.376079659269,0,0,
2023-11-21,apollo_10000,Apollo,10000.0,defense,12941.376079659269,12941.376079659269,12941.376079659269,0,0,
2023-11-22,apollo_10000,Apollo,10000.0,defense,12941.376079659269,12941.376079659269,12941.376079659269,0,0,
2023-11-23,apollo_10000,Apollo,10000.0,defense,12941.376079659269,12941.376079659269,12941.376079659269,0,0,
2023-11-24,apollo_10000,Apollo,10000.0,defense,12941.376079659269,12941.376079659269,12941.376079659269,0,0,
2023-11-27,apollo_10000,Apollo,10000.0,defense,12941.376079659269,12941.376079659269,12941.376079659269,0,0,
2023-11-28,apollo_10000,Apollo,10000.0,defense,12941.376079659269,12941.376079659269,12941.376079659269,0,0,
2023-11-29,apollo_10000,Apollo,10000.0,defense,12941.376079659269,12941.376079659269,12941.376079659269,0,0,
2023-11-30,apollo_10000,Apollo,10000.0,defense,12941.376079659269,12941.376079659269,12941.376079659269,0,0,
2023-12-01,apollo_10000,Apollo,10000.0,defense,12941.376079659269,12941.376079659269,12941.376079659269,0,0,
2023-12-04,apollo_10000,Apollo,10000.0,defense,12941.376079659269,12941.376079659269,12941.376079659269,0,0,
2023-12-05,apollo_10000,Apollo,10000.0,defense,12941.376079659269,12941.376079659269,12941.376079659269,0,0,
2023-12-06,apollo_10000,Apollo,10000.0,defense,12941.376079659269,12941.376079659269,12941.376079659269,0,0,
2023-12-07,apollo_10000,Apollo,10000.0,defense,12941.376079659269,12941.376079659269,12941.376079659269,0,0,
2023-12-08,apollo_10000,Apollo,10000.0,defense,12941.376079659269,12941.376079659269,12941.376079659269,0,0,
2023-12-11,apollo_10000,Apollo,10000.0,defense,12941.376079659269,12941.376079659269,12941.376079659269,0,0,
2023-12-12,apollo_10000,Apollo,10000.0,balanced,12941.376079659269,12931.605340719127,8143.296191245197,4,4,"BTC-USD,PETR4.SA,ITUB4.SA,ETH-USD"
2023-12-13,apollo_10000,Apollo,10000.0,balanced,12996.596051168133,12996.596051168133,8143.296191245197,0,0,"BTC-USD,PETR4.SA,ITUB4.SA,ETH-USD"
2023-12-14,apollo_10000,Apollo,10000.0,balanced,13068.529056894953,13068.529056894953,8143.296191245197,0,0,"BTC-USD,PETR4.SA,ITUB4.SA,ETH-USD"
2023-12-15,apollo_10000,Apollo,10000.0,balanced,13023.810370072399,13023.810370072399,8143.296191245197,0,0,"BTC-USD,PETR4.SA,ITUB4.SA,ETH-USD"
2023-12-18,apollo_10000,Apollo,10000.0,balanced,13053.78639121375,13053.78639121375,8143.296191245197,0,0,"BTC-USD,PETR4.SA,ITUB4.SA,ETH-USD"
2023-12-19,apollo_10000,Apollo,10000.0,balanced,13043.618543503815,13043.618543503815,8143.296191245197,0,0,"BTC-USD,PETR4.SA,ITUB4.SA,ETH-USD"
2023-12-20,apollo_10000,Apollo,10000.0,balanced,13129.000882058735,13129.000882058735,8143.296191245197,0,0,"BTC-USD,PETR4.SA,ITUB4.SA,ETH-USD"
2023-12-21,apollo_10000,Apollo,10000.0,balanced,13145.828089694092,13145.828089694092,8143.296191245197,0,0,"BTC-USD,PETR4.SA,ITUB4.SA,ETH-USD"
2023-12-22,apollo_10000,Apollo,10000.0,balanced,13187.084067085081,13187.084067085081,8143.296191245197,0,0,"BTC-USD,PETR4.SA,ITUB4.SA,ETH-USD"
2023-12-26,apollo_10000,Apollo,10000.0,balanced,13118.31625532905,13118.31625532905,8143.296191245197,0,0,"BTC-USD,PETR4.SA,ITUB4.SA,ETH-USD"
2023-12-27,apollo_10000,Apollo,10000.0,defense,13242.36205087895,13231.978990159552,13231.978990159552,4,4,
2023-12-28,apollo_10000,Apollo,10000.0,defense,13231.978990159552,13231.978990159552,13231.978990159552,0,0,
2023-12-29,apollo_10000,Apollo,10000.0,defense,13231.978990159552,13231.978990159552,13231.978990159552,0,0,
2024-01-02,apollo_10000,Apollo,10000.0,balanced,13231.978990159552,13221.988846021979,8326.156619662945,4,4,"BTC-USD,PETR4.SA,ITUB4.SA,ETH-USD"
2024-01-03,apollo_10000,Apollo,10000.0,balanced,13093.675827440158,13093.675827440158,8326.156619662945,0,0,"BTC-USD,PETR4.SA,ITUB4.SA,ETH-USD"
2024-01-04,apollo_10000,Apollo,10000.0,defense,13198.670869914822,13188.778241723028,13188.778241723028,4,4,
2024-01-05,apollo_10000,Apollo,10000.0,defense,13188.778241723028,13188.778241723028,13188.778241723028,0,0,
2024-01-08,apollo_10000,Apollo,10000.0,defense,13188.778241723028,13188.778241723028,13188.778241723028,0,0,
2024-01-09,apollo_10000,Apollo,10000.0,defense,13188.778241723028,13188.778241723028,13188.778241723028,0,0,
2024-01-10,apollo_10000,Apollo,10000.0,defense,13188.778241723028,13188.778241723028,13188.778241723028,0,0,
2024-01-11,apollo_10000,Apollo,10000.0,defense,13188.778241723028,13188.778241723028,13188.778241723028,0,0,
2024-01-12,apollo_10000,Apollo,10000.0,defense,13188.778241723028,13188.778241723028,13188.778241723028,0,0,
2024-01-15,apollo_10000,Apollo,10000.0,defense,13188.778241723028,13188.778241723028,13188.778241723028,0,0,
2024-01-16,apollo_10000,Apollo,10000.0,balanced,13188.778241723028,13178.820714150528,8298.972764713008,4,4,"BTC-USD,PETR4.SA,ITUB4.SA,ETH-USD"
2024-01-17,apollo_10000,Apollo,10000.0,balanced,13116.46177822629,13116.46177822629,8298.972764713008,0,0,"BTC-USD,PETR4.SA,ITUB4.SA,ETH-USD"
2024-01-18,apollo_10000,Apollo,10000.0,balanced,13029.323083782627,13029.323083782627,8298.972764713008,0,0,"BTC-USD,PETR4.SA,ITUB4.SA,ETH-USD"
2024-01-19,apollo_10000,Apollo,10000.0,balanced,13041.000616020363,13041.000616020363,8298.972764713008,0,0,"BTC-USD,PETR4.SA,ITUB4.SA,ETH-USD"
2024-01-22,apollo_10000,Apollo,10000.0,balanced,12892.497692265035,12892.219382149393,8187.370408341168,1,1,"BTC-USD,PETR4.SA,ITUB4.SA,ETH-USD"
2024-01-23,apollo_10000,Apollo,10000.0,balanced,12876.262334849162,12876.262334849162,8187.370408341168,0,0,"BTC-USD,PETR4.SA,ITUB4.SA,ETH-USD"
2024-01-24,apollo_10000,Apollo,10000.0,balanced,12902.691791346697,12902.691791346697,8187.370408341168,0,0,"BTC-USD,PETR4.SA,ITUB4.SA,ETH-USD"
2024-01-25,apollo_10000,Apollo,10000.0,balanced,12877.98365592747,12877.98365592747,8187.370408341168,0,0,"BTC-USD,PETR4.SA,ITUB4.SA,ETH-USD"
2024-01-26,apollo_10000,Apollo,10000.0,balanced,13023.866623995715,13023.866623995715,8187.370408341168,0,0,"BTC-USD,PETR4.SA,ITUB4.SA,ETH-USD"
2024-01-29,apollo_10000,Apollo,10000.0,balanced,13143.103306713463,13142.765112260951,8322.309994893207,1,1,"BTC-USD,PETR4.SA,ITUB4.SA,ETH-USD"
2024-01-30,apollo_10000,Apollo,10000.0,balanced,13151.328494781294,13151.328494781294,8322.309994893207,0,0,"BTC-USD,PETR4.SA,ITUB4.SA,ETH-USD"
2024-01-31,apollo_10000,Apollo,10000.0,balanced,13103.33434693772,13103.33434693772,8322.309994893207,0,0,"BTC-USD,PETR4.SA,ITUB4.SA,ETH-USD"
2024-02-01,apollo_10000,Apollo,10000.0,balanced,13145.278380461375,13145.278380461375,8322.309994893207,0,0,"BTC-USD,PETR4.SA,ITUB4.SA,ETH-USD"
2024-02-02,apollo_10000,Apollo,10000.0,balanced,13188.0017906155,13187.848346348203,8424.452728825163,1,1,"BTC-USD,PETR4.SA,ITUB4.SA,ETH-USD"
2024-02-05,apollo_10000,Apollo,10000.0,risk_on,13149.009134591188,13146.101784122122,7258.6051907297215,2,2,"BTC-USD,PETR4.SA,ETH-USD,ITUB4.SA"
2024-02-06,apollo_10000,Apollo,10000.0,risk_on,13225.322610407577,13225.322610407577,7258.6051907297215,0,0,"BTC-USD,PETR4.SA,ETH-USD,ITUB4.SA"
2024-02-07,apollo_10000,Apollo,10000.0,risk_on,13377.849855757444,13377.849855757444,7258.6051907297215,0,0,"BTC-USD,PETR4.SA,ETH-USD,ITUB4.SA"
2024-02-08,apollo_10000,Apollo,10000.0,risk_on,13445.586618845984,13445.586618845984,7258.6051907297215,0,0,"BTC-USD,PETR4.SA,ETH-USD,ITUB4.SA"
2024-02-09,apollo_10000,Apollo,10000.0,risk_on,13560.198644459764,13559.723205410788,7448.305371270884,1,1,"BTC-USD,PETR4.SA,ETH-USD,ITUB4.SA"
2024-02-12,apollo_10000,Apollo,10000.0,risk_on,13793.306191056705,13792.741859201513,7673.4737814919945,2,2,"BTC-USD,PETR4.SA,ETH-USD,ITUB4.SA"
2024-02-13,apollo_10000,Apollo,10000.0,risk_on,13772.41509005701,13772.41509005701,7673.4737814919945,0,0,"BTC-USD,PETR4.SA,ETH-USD,ITUB4.SA"
2024-02-14,apollo_10000,Apollo,10000.0,risk_on,13944.15505520743,13944.15505520743,7673.4737814919945,0,0,"BTC-USD,PETR4.SA,ETH-USD,ITUB4.SA"
2024-02-15,apollo_10000,Apollo,10000.0,risk_on,13958.832322827275,13958.832322827275,7673.4737814919945,0,0,"BTC-USD,PETR4.SA,ETH-USD,ITUB4.SA"
2024-02-16,apollo_10000,Apollo,10000.0,risk_on,14013.2659108896,14013.2659108896,7673.4737814919945,0,0,"BTC-USD,PETR4.SA,ETH-USD,ITUB4.SA"
2024-02-19,apollo_10000,Apollo,10000.0,risk_on,14064.547789183729,14064.547789183729,7673.4737814919945,0,0,"BTC-USD,PETR4.SA,ETH-USD,ITUB4.SA"
2024-02-20,apollo_10000,Apollo,10000.0,defense,14137.494901475,14123.660146322649,14123.660146322649,4,4,
2024-02-21,apollo_10000,Apollo,10000.0,defense,14123.660146322649,14123.660146322649,14123.660146322649,0,0,
2024-02-22,apollo_10000,Apollo,10000.0,defense,14123.660146322649,14123.660146322649,14123.660146322649,0,0,
2024-02-23,apollo_10000,Apollo,10000.0,balanced,14123.660146322649,14112.996782912174,8887.242528772795,4,4,"BTC-USD,PETR4.SA,ITUB4.SA,ETH-USD"
2024-02-26,apollo_10000,Apollo,10000.0,balanced,14325.189268381946,14324.89621670341,9004.170148508498,1,1,"BTC-USD,PETR4.SA,ITUB4.SA,ETH-USD"
2024-02-27,apollo_10000,Apollo,10000.0,balanced,14467.778518479437,14467.778518479437,9004.170148508498,0,0,"BTC-USD,PETR4.SA,ITUB4.SA,ETH-USD"
2024-02-28,apollo_10000,Apollo,10000.0,balanced,14717.341562822876,14716.74660886425,9241.556778000388,1,1,"BTC-USD,PETR4.SA,ITUB4.SA,ETH-USD"
2024-02-29,apollo_10000,Apollo,10000.0,balanced,14588.26440228754,14588.10633591963,9136.021133027742,1,1,"BTC-USD,PETR4.SA,ITUB4.SA,ETH-USD"
2024-03-01,apollo_10000,Apollo,10000.0,balanced,14621.304036063584,14621.008083013021,9254.106400202256,1,1,"BTC-USD,PETR4.SA,ITUB4.SA,ETH-USD"
2024-03-04,apollo_10000,Apollo,10000.0,balanced,14869.697889587882,14869.271552246526,9424.214999402751,1,1,"BTC-USD,PETR4.SA,ITUB4.SA,ETH-USD"
2024-03-05,apollo_10000,Apollo,10000.0,balanced,14701.270101530059,14700.984227976416,9309.579704391466,1,1,"BTC-USD,PETR4.SA,ITUB4.SA,ETH-USD"
2024-03-06,apollo_10000,Apollo,10000.0,balanced,14839.384789258767,14839.384789258767,9309.579704391466,0,0,"BTC-USD,PETR4.SA,ITUB4.SA,ETH-USD"
2024-03-07,apollo_10000,Apollo,10000.0,balanced,14918.866578507652,14918.866578507652,9309.579704391466,0,0,"BTC-USD,PETR4.SA,ITUB4.SA,ETH-USD"
2024-03-08,apollo_10000,Apollo,10000.0,balanced,14937.954160758847,14937.681704237963,9418.28985622417,1,1,"BTC-USD,PETR4.SA,ETH-USD,ITUB4.SA"
2024-03-11,apollo_10000,Apollo,10000.0,defense,14960.327697002418,14948.76334731214,14948.76334731214,4,4,
2024-03-12,apollo_10000,Apollo,10000.0,defense,14948.76334731214,14948.76334731214,14948.76334731214,0,0,
2024-03-13,apollo_10000,Apollo,10000.0,defense,14948.76334731214,14948.76334731214,14948.76334731214,0,0,
2024-03-14,apollo_10000,Apollo,10000.0,balanced,14948.76334731214,14937.477030984921,9406.434592479429,4,4,"BTC-USD,PETR4.SA,ITUB4.SA,ETH-USD"
2024-03-15,apollo_10000,Apollo,10000.0,balanced,14842.688888736013,14842.688888736013,9406.434592479429,0,0,"BTC-USD,PETR4.SA,ITUB4.SA,ETH-USD"
2024-03-18,apollo_10000,Apollo,10000.0,balanced,14734.430709735745,14734.430709735745,9406.434592479429,0,0,"BTC-USD,PETR4.SA,ITUB4.SA,ETH-USD"
2024-03-19,apollo_10000,Apollo,10000.0,defense,14489.570489295716,14479.4001866382,14479.4001866382,4,4,
2024-03-20,apollo_10000,Apollo,10000.0,defense,14479.4001866382,14479.4001866382,14479.4001866382,0,0,
2024-03-21,apollo_10000,Apollo,10000.0,defense,14479.4001866382,14479.4001866382,14479.4001866382,0,0,
2024-03-22,apollo_10000,Apollo,10000.0,defense,14479.4001866382,14479.4001866382,14479.4001866382,0,0,
2024-03-25,apollo_10000,Apollo,10000.0,defense,14479.4001866382,14479.4001866382,14479.4001866382,0,0,
2024-03-26,apollo_10000,Apollo,10000.0,balanced,14479.4001866382,14468.468239497288,9111.090170441154,4,4,"BTC-USD,PETR4.SA,ITUB4.SA,ETH-USD"
2024-03-27,apollo_10000,Apollo,10000.0,balanced,14439.286523967028,14439.286523967028,9111.090170441154,0,0,"BTC-USD,PETR4.SA,ITUB4.SA,ETH-USD"
2024-03-28,apollo_10000,Apollo,10000.0,balanced,14508.791582033959,14508.791582033959,9111.090170441154,0,0,"BTC-USD,PETR4.SA,ITUB4.SA,ETH-USD"
2024-04-01,apollo_10000,Apollo,10000.0,balanced,14496.158237077088,14496.158237077088,9111.090170441154,0,0,"BTC-USD,PETR4.SA,ITUB4.SA,ETH-USD"
2024-04-02,apollo_10000,Apollo,10000.0,balanced,14296.384639605341,14296.121114133883,9005.416456386418,1,1,"BTC-USD,PETR4.SA,ITUB4.SA,ETH-USD"
2024-04-03,apollo_10000,Apollo,10000.0,defense,14358.683992041828,14347.835529171825,14347.835529171825,4,4,
2024-04-04,apollo_10000,Apollo,10000.0,defense,14347.835529171825,14347.835529171825,14347.835529171825,0,0,
2024-04-05,apollo_10000,Apollo,10000.0,defense,14347.835529171825,14347.835529171825,14347.835529171825,0,0,
2024-04-08,apollo_10000,Apollo,10000.0,defense,14347.835529171825,14347.835529171825,14347.835529171825,0,0,
2024-04-09,apollo_10000,Apollo,10000.0,balanced,14347.835529171825,14337.0029133473,9028.303767553723,4,4,"BTC-USD,PETR4.SA,ITUB4.SA,ETH-USD"
2024-04-10,apollo_10000,Apollo,10000.0,balanced,14404.076187628929,14404.076187628929,9028.303767553723,0,0,"BTC-USD,PETR4.SA,ITUB4.SA,ETH-USD"
2024-04-11,apollo_10000,Apollo,10000.0,balanced,14385.814451322978,14385.814451322978,9028.303767553723,0,0,"BTC-USD,PETR4.SA,ITUB4.SA,ETH-USD"
2024-04-12,apollo_10000,Apollo,10000.0,balanced,14224.202305880437,14224.202305880437,9028.303767553723,0,0,"BTC-USD,PETR4.SA,ITUB4.SA,ETH-USD"
2024-04-15,apollo_10000,Apollo,10000.0,defense,14059.914935030942,14049.763578360815,14049.763578360815,4,4,
2024-04-16,apollo_10000,Apollo,10000.0,defense,14049.763578360815,14049.763578360815,14049.763578360815,0,0,
2024-04-17,apollo_10000,Apollo,10000.0,defense,14049.763578360815,14049.763578360815,14049.763578360815,0,0,
2024-04-18,apollo_10000,Apollo,10000.0,defense,14049.763578360815,14049.763578360815,14049.763578360815,0,0,
2024-04-19,apollo_10000,Apollo,10000.0,defense,14049.763578360815,14049.763578360815,14049.763578360815,0,0,
2024-04-22,apollo_10000,Apollo,10000.0,defense,14049.763578360815,14049.763578360815,14049.763578360815,0,0,
2024-04-23,apollo_10000,Apollo,10000.0,balanced,14049.763578360815,14039.156006859153,8840.743482865651,4,4,"BTC-USD,PETR4.SA,ITUB4.SA,ETH-USD"
2024-04-24,apollo_10000,Apollo,10000.0,balanced,13967.590588409217,13967.590588409217,8840.743482865651,0,0,"BTC-USD,PETR4.SA,ITUB4.SA,ETH-USD"
2024-04-25,apollo_10000,Apollo,10000.0,balanced,13966.903360563865,13966.903360563865,8840.743482865651,0,0,"BTC-USD,PETR4.SA,ITUB4.SA,ETH-USD"
2024-04-26,apollo_10000,Apollo,10000.0,balanced,13966.823113506054,13966.823113506054,8840.743482865651,0,0,"BTC-USD,PETR4.SA,ITUB4.SA,ETH-USD"
2024-04-29,apollo_10000,Apollo,10000.0,balanced,14001.326075723908,14001.326075723908,8840.743482865651,0,0,"BTC-USD,PETR4.SA,ITUB4.SA,ETH-USD"
2024-04-30,apollo_10000,Apollo,10000.0,balanced,13871.277905779385,13870.915227304171,8695.309414304951,1,1,"BTC-USD,PETR4.SA,ITUB4.SA,ETH-USD"
2024-05-01,apollo_10000,Apollo,10000.0,balanced,13763.002012753783,13763.002012753783,8695.309414304951,0,0,"BTC-USD,PETR4.SA,ITUB4.SA,ETH-USD"
2024-05-02,apollo_10000,Apollo,10000.0,balanced,13788.86301130904,13788.86301130904,8695.309414304951,0,0,"BTC-USD,PETR4.SA,ITUB4.SA,ETH-USD"
2024-05-03,apollo_10000,Apollo,10000.0,defense,13961.436646683509,13950.712349586105,13950.712349586105,4,4,
2024-05-06,apollo_10000,Apollo,10000.0,defense,13950.712349586105,13950.712349586105,13950.712349586105,0,0,
2024-05-07,apollo_10000,Apollo,10000.0,defense,13950.712349586105,13950.712349586105,13950.712349586105,0,0,
2024-05-08,apollo_10000,Apollo,10000.0,balanced,13950.712349586105,13940.179561762168,8778.415992415308,4,4,"BTC-USD,PETR4.SA,ITUB4.SA,ETH-USD"
2024-05-09,apollo_10000,Apollo,10000.0,balanced,14045.143977596468,14045.143977596468,8778.415992415308,0,0,"BTC-USD,PETR4.SA,ITUB4.SA,ETH-USD"
2024-05-10,apollo_10000,Apollo,10000.0,balanced,13921.236466574974,13921.236466574974,8778.415992415308,0,0,"BTC-USD,PETR4.SA,ITUB4.SA,ETH-USD"
2024-05-13,apollo_10000,Apollo,10000.0,balanced,14008.913819329124,14008.913819329124,8778.415992415308,0,0,"BTC-USD,PETR4.SA,ITUB4.SA,ETH-USD"
2024-05-14,apollo_10000,Apollo,10000.0,balanced,13959.175721861488,13959.175721861488,8778.415992415308,0,0,"BTC-USD,PETR4.SA,ITUB4.SA,ETH-USD"
2024-05-15,apollo_10000,Apollo,10000.0,balanced,14134.200803195026,14133.864986482095,8912.406860875033,1,1,"BTC-USD,PETR4.SA,ITUB4.SA,ETH-USD"
2024-05-16,apollo_10000,Apollo,10000.0,balanced,13992.683799388775,13992.683799388775,8912.406860875033,0,0,"BTC-USD,PETR4.SA,ITUB4.SA,ETH-USD"
2024-05-17,apollo_10000,Apollo,10000.0,balanced,14047.243447413737,14047.057024394182,8787.93842481931,1,1,"BTC-USD,PETR4.SA,ITUB4.SA,ETH-USD"
2024-05-20,apollo_10000,Apollo,10000.0,balanced,14316.549570369214,14315.792961307416,9089.825440477109,2,2,"BTC-USD,PETR4.SA,ITUB4.SA,ETH-USD"
2024-05-21,apollo_10000,Apollo,10000.0,balanced,14308.660272704736,14308.660272704736,9089.825440477109,0,0,"BTC-USD,PETR4.SA,ITUB4.SA,ETH-USD"
2024-05-22,apollo_10000,Apollo,10000.0,balanced,14261.295976134006,14261.295976134006,9089.825440477109,0,0,"BTC-USD,PETR4.SA,ITUB4.SA,ETH-USD"
2024-05-23,apollo_10000,Apollo,10000.0,balanced,14242.246465422308,14242.246465422308,9089.825440477109,0,0,"BTC-USD,PETR4.SA,ITUB4.SA,ETH-USD"
2024-05-24,apollo_10000,Apollo,10000.0,balanced,14223.054673555416,14223.054673555416,9089.825440477109,0,0,"BTC-USD,PETR4.SA,ITUB4.SA,ETH-USD"
2024-05-27,apollo_10000,Apollo,10000.0,balanced,14270.163600859492,14270.163600859492,9089.825440477109,0,0,"BTC-USD,PETR4.SA,ITUB4.SA,ETH-USD"
2024-05-28,apollo_10000,Apollo,10000.0,defense,14241.234441033412,14230.686623019144,14230.686623019144,4,4,
2024-05-29,apollo_10000,Apollo,10000.0,defense,14230.686623019144,14230.686623019144,14230.686623019144,0,0,
2024-05-30,apollo_10000,Apollo,10000.0,defense,14230.686623019144,14230.686623019144,14230.686623019144,0,0,
2024-05-31,apollo_10000,Apollo,10000.0,defense,14230.686623019144,14230.686623019144,14230.686623019144,0,0,
2024-06-03,apollo_10000,Apollo,10000.0,defense,14230.686623019144,14230.686623019144,14230.686623019144,0,0,
2024-06-04,apollo_10000,Apollo,10000.0,defense,14230.686623019144,14230.686623019144,14230.686623019144,0,0,
2024-06-05,apollo_10000,Apollo,10000.0,defense,14230.686623019144,14230.686623019144,14230.686623019144,0,0,
2024-06-06,apollo_10000,Apollo,10000.0,defense,14230.686623019144,14230.686623019144,14230.686623019144,0,0,
2024-06-07,apollo_10000,Apollo,10000.0,risk_on,14230.686623019144,14217.096317294161,7813.287336935546,4,4,"BTC-USD,PETR4.SA,ETH-USD,ITUB4.SA"
2024-06-10,apollo_10000,Apollo,10000.0,risk_on,14153.980457691036,14153.980457691036,7813.287336935546,0,0,"BTC-USD,PETR4.SA,ETH-USD,ITUB4.SA"
2024-06-11,apollo_10000,Apollo,10000.0,risk_on,14022.821768779162,14022.821768779162,7813.287336935546,0,0,"BTC-USD,PETR4.SA,ETH-USD,ITUB4.SA"
2024-06-12,apollo_10000,Apollo,10000.0,balanced,14098.091453207891,14095.382467411684,8894.172669622782,2,2,"BTC-USD,PETR4.SA,ITUB4.SA,ETH-USD"
2024-06-13,apollo_10000,Apollo,10000.0,balanced,13998.507290370073,13998.507290370073,8894.172669622782,0,0,"BTC-USD,PETR4.SA,ITUB4.SA,ETH-USD"
2024-06-14,apollo_10000,Apollo,10000.0,balanced,13956.341204933968,13956.341204933968,8894.172669622782,0,0,"BTC-USD,PETR4.SA,ITUB4.SA,ETH-USD"
2024-06-17,apollo_10000,Apollo,10000.0,balanced,13946.026866999659,13946.026866999659,8894.172669622782,0,0,"BTC-USD,PETR4.SA,ITUB4.SA,ETH-USD"
2024-06-18,apollo_10000,Apollo,10000.0,risk_on,13929.624322898318,13926.653813140401,7702.998256698781,2,2,"BTC-USD,PETR4.SA,ETH-USD,ITUB4.SA"
2024-06-19,apollo_10000,Apollo,10000.0,risk_on,13983.662355464827,13983.662355464827,7702.998256698781,0,0,"BTC-USD,PETR4.SA,ETH-USD,ITUB4.SA"
2024-06-20,apollo_10000,Apollo,10000.0,risk_on,13972.979069783269,13972.979069783269,7702.998256698781,0,0,"BTC-USD,PETR4.SA,ETH-USD,ITUB4.SA"
2024-06-21,apollo_10000,Apollo,10000.0,risk_on,13958.523170685758,13958.523170685758,7702.998256698781,0,0,"BTC-USD,PETR4.SA,ETH-USD,ITUB4.SA"
2024-06-24,apollo_10000,Apollo,10000.0,risk_on,13756.256376536683,13755.821354559383,7528.554443801809,1,1,"BTC-USD,PETR4.SA,ETH-USD,ITUB4.SA"
2024-06-25,apollo_10000,Apollo,10000.0,risk_on,13865.783222173284,13865.783222173284,7528.554443801809,0,0,"BTC-USD,PETR4.SA,ETH-USD,ITUB4.SA"
2024-06-26,apollo_10000,Apollo,10000.0,risk_on,13817.336934358349,13817.336934358349,7528.554443801809,0,0,"BTC-USD,PETR4.SA,ETH-USD,ITUB4.SA"
2024-06-27,apollo_10000,Apollo,10000.0,risk_on,13881.405807838983,13881.405807838983,7528.554443801809,0,0,"BTC-USD,PETR4.SA,ETH-USD,ITUB4.SA"
2024-06-28,apollo_10000,Apollo,10000.0,risk_on,13826.105190057107,13826.105190057107,7528.554443801809,0,0,"BTC-USD,PETR4.SA,ETH-USD,ITUB4.SA"
2024-07-01,apollo_10000,Apollo,10000.0,risk_on,13970.782433406137,13970.782433406137,7528.554443801809,0,0,"BTC-USD,PETR4.SA,ETH-USD,ITUB4.SA"
2024-07-02,apollo_10000,Apollo,10000.0,risk_on,13946.54003934632,13946.54003934632,7528.554443801809,0,0,"BTC-USD,PETR4.SA,ETH-USD,ITUB4.SA"
2024-07-03,apollo_10000,Apollo,10000.0,risk_on,13826.998920828395,13826.998920828395,7528.554443801809,0,0,"BTC-USD,PETR4.SA,ETH-USD,ITUB4.SA"
2024-07-04,apollo_10000,Apollo,10000.0,risk_on,13588.197768391534,13587.6412182214,7305.3778255781335,2,2,"BTC-USD,PETR4.SA,ETH-USD,ITUB4.SA"
2024-07-05,apollo_10000,Apollo,10000.0,risk_on,13521.637640459521,13521.637640459521,7305.3778255781335,0,0,"BTC-USD,PETR4.SA,ETH-USD,ITUB4.SA"
2024-07-08,apollo_10000,Apollo,10000.0,risk_on,13547.211266712504,13547.211266712504,7305.3778255781335,0,0,"BTC-USD,PETR4.SA,ETH-USD,ITUB4.SA"
2024-07-09,apollo_10000,Apollo,10000.0,risk_on,13660.935058137893,13660.935058137893,7305.3778255781335,0,0,"BTC-USD,PETR4.SA,ETH-USD,ITUB4.SA"
2024-07-10,apollo_10000,Apollo,10000.0,risk_on,13664.575882698875,13664.575882698875,7305.3778255781335,0,0,"BTC-USD,PETR4.SA,ETH-USD,ITUB4.SA"
2024-07-11,apollo_10000,Apollo,10000.0,risk_on,13642.963136528368,13642.963136528368,7305.3778255781335,0,0,"BTC-USD,PETR4.SA,ETH-USD,ITUB4.SA"
2024-07-12,apollo_10000,Apollo,10000.0,defense,13697.526737706612,13684.067493188111,13684.067493188111,4,4,
2024-07-15,apollo_10000,Apollo,10000.0,defense,13684.067493188111,13684.067493188111,13684.067493188111,0,0,
2024-07-16,apollo_10000,Apollo,10000.0,defense,13684.067493188111,13684.067493188111,13684.067493188111,0,0,
2024-07-17,apollo_10000,Apollo,10000.0,balanced,13684.067493188111,13673.736022230752,8610.631049751151,4,4,"BTC-USD,PETR4.SA,ITUB4.SA,ETH-USD"
2024-07-18,apollo_10000,Apollo,10000.0,balanced,13697.922913960307,13697.922913960307,8610.631049751151,0,0,"BTC-USD,PETR4.SA,ITUB4.SA,ETH-USD"
2024-07-19,apollo_10000,Apollo,10000.0,balanced,13789.441597907444,13789.441597907444,8610.631049751151,0,0,"BTC-USD,PETR4.SA,ITUB4.SA,ETH-USD"
2024-07-22,apollo_10000,Apollo,10000.0,balanced,13813.079663030217,13813.079663030217,8610.631049751151,0,0,"BTC-USD,PETR4.SA,ITUB4.SA,ETH-USD"
2024-07-23,apollo_10000,Apollo,10000.0,risk_on,13747.769308024868,13745.183859874858,7573.866341596669,2,2,"BTC-USD,PETR4.SA,ETH-USD,ITUB4.SA"
2024-07-24,apollo_10000,Apollo,10000.0,risk_on,13656.623638103216,13656.623638103216,7573.866341596669,0,0,"BTC-USD,PETR4.SA,ETH-USD,ITUB4.SA"
2024-07-25,apollo_10000,Apollo,10000.0,risk_on,13632.940591229406,13632.940591229406,7573.866341596669,0,0,"BTC-USD,PETR4.SA,ETH-USD,ITUB4.SA"
2024-07-26,apollo_10000,Apollo,10000.0,risk_on,13746.118673793982,13746.118673793982,7573.866341596669,0,0,"BTC-USD,PETR4.SA,ETH-USD,ITUB4.SA"
2024-07-29,apollo_10000,Apollo,10000.0,defense,13718.535046938854,13705.485339987057,13705.485339987057,4,4,
2024-07-30,apollo_10000,Apollo,10000.0,defense,13705.485339987057,13705.485339987057,13705.485339987057,0,0,
2024-07-31,apollo_10000,Apollo,10000.0,defense,13705.485339987057,13705.485339987057,13705.485339987057,0,0,
2024-08-01,apollo_10000,Apollo,10000.0,risk_on,13705.485339987057,13692.39660148737,7524.928198493193,4,4,"BTC-USD,PETR4.SA,ETH-USD,ITUB4.SA"
2024-08-02,apollo_10000,Apollo,10000.0,risk_on,13422.671452640083,13422.408568441677,7419.5116349325,1,1,"BTC-USD,PETR4.SA,ETH-USD,ITUB4.SA"
2024-08-05,apollo_10000,Apollo,10000.0,risk_on,12848.244986169984,12847.216711245055,7007.173390036063,2,2,"BTC-USD,PETR4.SA,ETH-USD,ITUB4.SA"
2024-08-06,apollo_10000,Apollo,10000.0,defense,12959.14043581648,12946.501953925734,12946.501953925734,4,4,
2024-08-07,apollo_10000,Apollo,10000.0,defense,12946.501953925734,12946.501953925734,12946.501953925734,0,0,
2024-08-08,apollo_10000,Apollo,10000.0,defense,12946.501953925734,12946.501953925734,12946.501953925734,0,0,
2024-08-09,apollo_10000,Apollo,10000.0,defense,12946.501953925734,12946.501953925734,12946.501953925734,0,0,
2024-08-12,apollo_10000,Apollo,10000.0,defense,12946.501953925734,12946.501953925734,12946.501953925734,0,0,
2024-08-13,apollo_10000,Apollo,10000.0,defense,12946.501953925734,12946.501953925734,12946.501953925734,0,0,
2024-08-14,apollo_10000,Apollo,10000.0,defense,12946.501953925734,12946.501953925734,12946.501953925734,0,0,
2024-08-15,apollo_10000,Apollo,10000.0,defense,12946.501953925734,12946.501953925734,12946.501953925734,0,0,
2024-08-16,apollo_10000,Apollo,10000.0,defense,12946.501953925734,12946.501953925734,12946.501953925734,0,0,
2024-08-19,apollo_10000,Apollo,10000.0,defense,12946.501953925734,12946.501953925734,12946.501953925734,0,0,
2024-08-20,apollo_10000,Apollo,10000.0,defense,12946.501953925734,12946.501953925734,12946.501953925734,0,0,
2024-08-21,apollo_10000,Apollo,10000.0,defense,12946.501953925734,12946.501953925734,12946.501953925734,0,0,
2024-08-22,apollo_10000,Apollo,10000.0,defense,12946.501953925734,12946.501953925734,12946.501953925734,0,0,
2024-08-23,apollo_10000,Apollo,10000.0,defense,12946.501953925734,12946.501953925734,12946.501953925734,0,0,
2024-08-26,apollo_10000,Apollo,10000.0,defense,12946.501953925734,12946.501953925734,12946.501953925734,0,0,
2024-08-27,apollo_10000,Apollo,10000.0,defense,12946.501953925734,12946.501953925734,12946.501953925734,0,0,
2024-08-28,apollo_10000,Apollo,10000.0,defense,12946.501953925734,12946.501953925734,12946.501953925734,0,0,
2024-08-29,apollo_10000,Apollo,10000.0,defense,12946.501953925734,12946.501953925734,12946.501953925734,0,0,
2024-08-30,apollo_10000,Apollo,10000.0,defense,12946.501953925734,12946.501953925734,12946.501953925734,0,0,
2024-09-02,apollo_10000,Apollo,10000.0,defense,12946.501953925734,12946.501953925734,12946.501953925734,0,0,
2024-09-03,apollo_10000,Apollo,10000.0,defense,12946.501953925734,12946.501953925734,12946.501953925734,0,0,
2024-09-04,apollo_10000,Apollo,10000.0,defense,12946.501953925734,12946.501953925734,12946.501953925734,0,0,
2024-09-05,apollo_10000,Apollo,10000.0,defense,12946.501953925734,12946.501953925734,12946.501953925734,0,0,
2024-09-06,apollo_10000,Apollo,10000.0,defense,12946.501953925734,12946.501953925734,12946.501953925734,0,0,
2024-09-09,apollo_10000,Apollo,10000.0,defense,12946.501953925734,12946.501953925734,12946.501953925734,0,0,
2024-09-10,apollo_10000,Apollo,10000.0,defense,12946.501953925734,12946.501953925734,12946.501953925734,0,0,
2024-09-11,apollo_10000,Apollo,10000.0,defense,12946.501953925734,12946.501953925734,12946.501953925734,0,0,
2024-09-12,apollo_10000,Apollo,10000.0,defense,12946.501953925734,12946.501953925734,12946.501953925734,0,0,
2024-09-13,apollo_10000,Apollo,10000.0,defense,12946.501953925734,12946.501953925734,12946.501953925734,0,0,
2024-09-16,apollo_10000,Apollo,10000.0,defense,12946.501953925734,12946.501953925734,12946.501953925734,0,0,
2024-09-17,apollo_10000,Apollo,10000.0,defense,12946.501953925734,12946.501953925734,12946.501953925734,0,0,
2024-09-18,apollo_10000,Apollo,10000.0,defense,12946.501953925734,12946.501953925734,12946.501953925734,0,0,
2024-09-19,apollo_10000,Apollo,10000.0,defense,12946.501953925734,12946.501953925734,12946.501953925734,0,0,
2024-09-20,apollo_10000,Apollo,10000.0,defense,12946.501953925734,12946.501953925734,12946.501953925734,0,0,
2024-09-23,apollo_10000,Apollo,10000.0,defense,12946.501953925734,12946.501953925734,12946.501953925734,0,0,
2024-09-24,apollo_10000,Apollo,10000.0,defense,12946.501953925734,12946.501953925734,12946.501953925734,0,0,
2024-09-25,apollo_10000,Apollo,10000.0,defense,12946.501953925734,12946.501953925734,12946.501953925734,0,0,
2024-09-26,apollo_10000,Apollo,10000.0,defense,12946.501953925734,12946.501953925734,12946.501953925734,0,0,
2024-09-27,apollo_10000,Apollo,10000.0,defense,12946.501953925734,12946.501953925734,12946.501953925734,0,0,
2024-09-30,apollo_10000,Apollo,10000.0,defense,12946.501953925734,12946.501953925734,12946.501953925734,0,0,
2024-10-01,apollo_10000,Apollo,10000.0,defense,12946.501953925734,12946.501953925734,12946.501953925734,0,0,
2024-10-02,apollo_10000,Apollo,10000.0,defense,12946.501953925734,12946.501953925734,12946.501953925734,0,0,
2024-10-03,apollo_10000,Apollo,10000.0,defense,12946.501953925734,12946.501953925734,12946.501953925734,0,0,
2024-10-04,apollo_10000,Apollo,10000.0,defense,12946.501953925734,12946.501953925734,12946.501953925734,0,0,
2024-10-07,apollo_10000,Apollo,10000.0,defense,12946.501953925734,12946.501953925734,12946.501953925734,0,0,
2024-10-08,apollo_10000,Apollo,10000.0,defense,12946.501953925734,12946.501953925734,12946.501953925734,0,0,
2024-10-09,apollo_10000,Apollo,10000.0,defense,12946.501953925734,12946.501953925734,12946.501953925734,0,0,
2024-10-10,apollo_10000,Apollo,10000.0,defense,12946.501953925734,12946.501953925734,12946.501953925734,0,0,
2024-10-11,apollo_10000,Apollo,10000.0,defense,12946.501953925734,12946.501953925734,12946.501953925734,0,0,
2024-10-14,apollo_10000,Apollo,10000.0,defense,12946.501953925734,12946.501953925734,12946.501953925734,0,0,
2024-10-15,apollo_10000,Apollo,10000.0,defense,12946.501953925734,12946.501953925734,12946.501953925734,0,0,
2024-10-16,apollo_10000,Apollo,10000.0,defense,12946.501953925734,12946.501953925734,12946.501953925734,0,0,
2024-10-17,apollo_10000,Apollo,10000.0,defense,12946.501953925734,12946.501953925734,12946.501953925734,0,0,
2024-10-18,apollo_10000,Apollo,10000.0,defense,12946.501953925734,12946.501953925734,12946.501953925734,0,0,
2024-10-21,apollo_10000,Apollo,10000.0,defense,12946.501953925734,12946.501953925734,12946.501953925734,0,0,
2024-10-22,apollo_10000,Apollo,10000.0,defense,12946.501953925734,12946.501953925734,12946.501953925734,0,0,
2024-10-23,apollo_10000,Apollo,10000.0,defense,12946.501953925734,12946.501953925734,12946.501953925734,0,0,
2024-10-24,apollo_10000,Apollo,10000.0,defense,12946.501953925734,12946.501953925734,12946.501953925734,0,0,
2024-10-25,apollo_10000,Apollo,10000.0,defense,12946.501953925734,12946.501953925734,12946.501953925734,0,0,
2024-10-28,apollo_10000,Apollo,10000.0,defense,12946.501953925734,12946.501953925734,12946.501953925734,0,0,
2024-10-29,apollo_10000,Apollo,10000.0,defense,12946.501953925734,12946.501953925734,12946.501953925734,0,0,
2024-10-30,apollo_10000,Apollo,10000.0,defense,12946.501953925734,12946.501953925734,12946.501953925734,0,0,
2024-10-31,apollo_10000,Apollo,10000.0,defense,12946.501953925734,12946.501953925734,12946.501953925734,0,0,
2024-11-01,apollo_10000,Apollo,10000.0,defense,12946.501953925734,12946.501953925734,12946.501953925734,0,0,
2024-11-04,apollo_10000,Apollo,10000.0,defense,12946.501953925734,12946.501953925734,12946.501953925734,0,0,
2024-11-05,apollo_10000,Apollo,10000.0,defense,12946.501953925734,12946.501953925734,12946.501953925734,0,0,
2024-11-06,apollo_10000,Apollo,10000.0,defense,12946.501953925734,12946.501953925734,12946.501953925734,0,0,
2024-11-07,apollo_10000,Apollo,10000.0,defense,12946.501953925734,12946.501953925734,12946.501953925734,0,0,
2024-11-08,apollo_10000,Apollo,10000.0,defense,12946.501953925734,12946.501953925734,12946.501953925734,0,0,
2024-11-11,apollo_10000,Apollo,10000.0,defense,12946.501953925734,12946.501953925734,12946.501953925734,0,0,
2024-11-12,apollo_10000,Apollo,10000.0,defense,12946.501953925734,12946.501953925734,12946.501953925734,0,0,
2024-11-13,apollo_10000,Apollo,10000.0,defense,12946.501953925734,12946.501953925734,12946.501953925734,0,0,
2024-11-14,apollo_10000,Apollo,10000.0,defense,12946.501953925734,12946.501953925734,12946.501953925734,0,0,
2024-11-15,apollo_10000,Apollo,10000.0,defense,12946.501953925734,12946.501953925734,12946.501953925734,0,0,
2024-11-18,apollo_10000,Apollo,10000.0,defense,12946.501953925734,12946.501953925734,12946.501953925734,0,0,
2024-11-19,apollo_10000,Apollo,10000.0,risk_on,12946.501953925734,12934.138044559737,7108.212165293156,4,4,"BTC-USD,PETR4.SA,ETH-USD,ITUB4.SA"
2024-11-20,apollo_10000,Apollo,10000.0,risk_on,12971.701142186099,12971.701142186099,7108.212165293156,0,0,"BTC-USD,PETR4.SA,ETH-USD,ITUB4.SA"
2024-11-21,apollo_10000,Apollo,10000.0,risk_on,13180.029025231295,13179.72459768473,7229.678756372518,1,1,"BTC-USD,PETR4.SA,ETH-USD,ITUB4.SA"
2024-11-22,apollo_10000,Apollo,10000.0,risk_on,13173.668935633597,13173.668935633597,7229.678756372518,0,0,"BTC-USD,PETR4.SA,ETH-USD,ITUB4.SA"
2024-11-25,apollo_10000,Apollo,10000.0,risk_on,13098.686399904715,13098.37134546056,7103.341924266963,1,1,"BTC-USD,PETR4.SA,ETH-USD,ITUB4.SA"
2024-11-26,apollo_10000,Apollo,10000.0,balanced,13030.629370116247,13027.89855609893,8192.93671717648,2,2,"BTC-USD,PETR4.SA,ITUB4.SA,ETH-USD"
2024-11-27,apollo_10000,Apollo,10000.0,balanced,13197.960392697254,13197.960392697254,8192.93671717648,0,0,"BTC-USD,PETR4.SA,ITUB4.SA,ETH-USD"
2024-11-28,apollo_10000,Apollo,10000.0,balanced,13148.8917666181,13148.8917666181,8192.93671717648,0,0,"BTC-USD,PETR4.SA,ITUB4.SA,ETH-USD"
2024-11-29,apollo_10000,Apollo,10000.0,balanced,13142.278070050677,13142.278070050677,8192.93671717648,0,0,"BTC-USD,PETR4.SA,ITUB4.SA,ETH-USD"
2024-12-02,apollo_10000,Apollo,10000.0,balanced,13130.591951297229,13130.591951297229,8192.93671717648,0,0,"BTC-USD,PETR4.SA,ITUB4.SA,ETH-USD"
2024-12-03,apollo_10000,Apollo,10000.0,balanced,13120.22687338007,13120.22687338007,8192.93671717648,0,0,"BTC-USD,PETR4.SA,ETH-USD,ITUB4.SA"
2024-12-04,apollo_10000,Apollo,10000.0,risk_on,13248.419184125263,13246.290642029451,7339.391336755784,2,2,"BTC-USD,PETR4.SA,ETH-USD,ITUB4.SA"
2024-12-05,apollo_10000,Apollo,10000.0,risk_on,13184.456376046011,13184.456376046011,7339.391336755784,0,0,"BTC-USD,PETR4.SA,ETH-USD,ITUB4.SA"
2024-12-06,apollo_10000,Apollo,10000.0,risk_on,13350.308475951631,13350.308475951631,7339.391336755784,0,0,"BTC-USD,PETR4.SA,ETH-USD,ITUB4.SA"
2024-12-09,apollo_10000,Apollo,10000.0,risk_on,13166.205908050944,13166.205908050944,7339.391336755784,0,0,"BTC-USD,PETR4.SA,ETH-USD,ITUB4.SA"
2024-12-10,apollo_10000,Apollo,10000.0,risk_on,13163.165188686431,13163.165188686431,7339.391336755784,0,0,"BTC-USD,PETR4.SA,ETH-USD,ITUB4.SA"
2024-12-11,apollo_10000,Apollo,10000.0,risk_on,13358.026531067422,13358.026531067422,7339.391336755784,0,0,"BTC-USD,PETR4.SA,ETH-USD,ITUB4.SA"
2024-12-12,apollo_10000,Apollo,10000.0,risk_on,13363.754626288986,13363.754626288986,7339.391336755784,0,0,"BTC-USD,PETR4.SA,ETH-USD,ITUB4.SA"
2024-12-13,apollo_10000,Apollo,10000.0,risk_on,13362.120107186576,13362.120107186576,7339.391336755784,0,0,"BTC-USD,PETR4.SA,ETH-USD,ITUB4.SA"
2024-12-16,apollo_10000,Apollo,10000.0,balanced,13488.948997313906,13485.815083825473,8589.822818640252,2,2,"BTC-USD,PETR4.SA,ITUB4.SA,ETH-USD"
2024-12-17,apollo_10000,Apollo,10000.0,balanced,13453.24528047528,13453.24528047528,8589.822818640252,0,0,"BTC-USD,PETR4.SA,ITUB4.SA,ETH-USD"
2024-12-18,apollo_10000,Apollo,10000.0,balanced,13310.832922318277,13310.832922318277,8589.822818640252,0,0,"BTC-USD,PETR4.SA,ITUB4.SA,ETH-USD"
2024-12-19,apollo_10000,Apollo,10000.0,balanced,13160.245234810049,13159.977600176033,8482.50133040033,1,1,"BTC-USD,PETR4.SA,ITUB4.SA,ETH-USD"
2024-12-20,apollo_10000,Apollo,10000.0,balanced,13176.926404834634,13176.926404834634,8482.50133040033,0,0,"BTC-USD,PETR4.SA,ITUB4.SA,ETH-USD"
2024-12-23,apollo_10000,Apollo,10000.0,balanced,13110.251160645563,13110.251160645563,8482.50133040033,0,0,"BTC-USD,PETR4.SA,ITUB4.SA,ETH-USD"
2024-12-24,apollo_10000,Apollo,10000.0,risk_on,13180.164715368426,13177.374553791855,7363.646538195452,2,2,"BTC-USD,PETR4.SA,ETH-USD,ITUB4.SA"
2024-12-26,apollo_10000,Apollo,10000.0,risk_on,13052.911360397844,13052.911360397844,7363.646538195452,0,0,"BTC-USD,PETR4.SA,ETH-USD,ITUB4.SA"
2024-12-27,apollo_10000,Apollo,10000.0,risk_on,13026.172026542412,13026.172026542412,7363.646538195452,0,0,"BTC-USD,PETR4.SA,ETH-USD,ITUB4.SA"
2024-12-30,apollo_10000,Apollo,10000.0,risk_on,12982.170463977855,12981.877281271176,7246.080272818122,1,1,"BTC-USD,PETR4.SA,ETH-USD,ITUB4.SA"
2024-12-31,apollo_10000,Apollo,10000.0,risk_on,13014.583601121109,13014.583601121109,7246.080272818122,0,0,"BTC-USD,PETR4.SA,ETH-USD,ITUB4.SA"
2025-01-02,apollo_10000,Apollo,10000.0,risk_on,13145.550667649557,13145.40056517384,7145.861853197889,1,1,"BTC-USD,PETR4.SA,ETH-USD,ITUB4.SA"
2025-01-03,apollo_10000,Apollo,10000.0,risk_on,13241.8953544166,13241.8953544166,7145.861853197889,0,0,"BTC-USD,PETR4.SA,ETH-USD,ITUB4.SA"
2025-01-06,apollo_10000,Apollo,10000.0,risk_on,13342.492787431202,13342.012343638704,7337.558926404098,1,1,"BTC-USD,PETR4.SA,ETH-USD,ITUB4.SA"
2025-01-07,apollo_10000,Apollo,10000.0,risk_on,13145.702601415613,13145.702601415613,7337.558926404098,0,0,"BTC-USD,PETR4.SA,ETH-USD,ITUB4.SA"
2025-01-08,apollo_10000,Apollo,10000.0,risk_on,13118.284707281982,13117.928617012418,7194.766728309105,1,1,"BTC-USD,PETR4.SA,ETH-USD,ITUB4.SA"
2025-01-09,apollo_10000,Apollo,10000.0,risk_on,12989.835104615548,12989.835104615548,7194.766728309105,0,0,"BTC-USD,PETR4.SA,ETH-USD,ITUB4.SA"
2025-01-10,apollo_10000,Apollo,10000.0,risk_on,13072.511240245496,13072.511240245496,7194.766728309105,0,0,"BTC-USD,PETR4.SA,ETH-USD,ITUB4.SA"
2025-01-13,apollo_10000,Apollo,10000.0,risk_on,13018.935711536245,13018.935711536245,7194.766728309105,0,0,"BTC-USD,PETR4.SA,ETH-USD,ITUB4.SA"
2025-01-14,apollo_10000,Apollo,10000.0,balanced,13112.759822159687,13110.21940945608,8208.391397047872,2,2,"BTC-USD,PETR4.SA,ITUB4.SA,ETH-USD"
2025-01-15,apollo_10000,Apollo,10000.0,balanced,13231.62108930603,13231.62108930603,8208.391397047872,0,0,"BTC-USD,PETR4.SA,ITUB4.SA,ETH-USD"
2025-01-16,apollo_10000,Apollo,10000.0,balanced,13244.25393168463,13244.25393168463,8208.391397047872,0,0,"BTC-USD,PETR4.SA,ITUB4.SA,ETH-USD"
2025-01-17,apollo_10000,Apollo,10000.0,balanced,13350.634886780677,13350.360883689023,8317.718630617654,1,1,"BTC-USD,PETR4.SA,ITUB4.SA,ETH-USD"
2025-01-20,apollo_10000,Apollo,10000.0,balanced,13283.84294583889,13283.84294583889,8317.718630617654,0,0,"BTC-USD,PETR4.SA,ITUB4.SA,ETH-USD"
2025-01-21,apollo_10000,Apollo,10000.0,balanced,13376.786532201691,13376.786532201691,8317.718630617654,0,0,"BTC-USD,PETR4.SA,ITUB4.SA,ETH-USD"
2025-01-22,apollo_10000,Apollo,10000.0,balanced,13314.7621519102,13314.7621519102,8317.718630617654,0,0,"BTC-USD,PETR4.SA,ITUB4.SA,ETH-USD"
2025-01-23,apollo_10000,Apollo,10000.0,balanced,13330.473327202573,13330.473327202573,8317.718630617654,0,0,"BTC-USD,PETR4.SA,ITUB4.SA,ETH-USD"
2025-01-24,apollo_10000,Apollo,10000.0,balanced,13329.260618447744,13329.260618447744,8317.718630617654,0,0,"BTC-USD,PETR4.SA,ITUB4.SA,ETH-USD"
2025-01-27,apollo_10000,Apollo,10000.0,balanced,13238.717466343393,13238.717466343393,8317.718630617654,0,0,"BTC-USD,PETR4.SA,ITUB4.SA,ETH-USD"
2025-01-28,apollo_10000,Apollo,10000.0,balanced,13242.86119700439,13242.86119700439,8317.718630617654,0,0,"BTC-USD,PETR4.SA,ITUB4.SA,ETH-USD"
2025-01-29,apollo_10000,Apollo,10000.0,balanced,13294.716142624575,13294.716142624575,8317.718630617654,0,0,"BTC-USD,PETR4.SA,ITUB4.SA,ETH-USD"
2025-01-30,apollo_10000,Apollo,10000.0,balanced,13334.245073544698,13334.245073544698,8317.718630617654,0,0,"BTC-USD,PETR4.SA,ITUB4.SA,ETH-USD"
2025-01-31,apollo_10000,Apollo,10000.0,balanced,13348.312331024212,13348.312331024212,8317.718630617654,0,0,"BTC-USD,PETR4.SA,ITUB4.SA,ETH-USD"
2025-02-03,apollo_10000,Apollo,10000.0,balanced,13230.199755613849,13230.199755613849,8317.718630617654,0,0,"BTC-USD,PETR4.SA,ITUB4.SA,ETH-USD"
2025-02-04,apollo_10000,Apollo,10000.0,balanced,13113.59196541277,13113.290342606402,8196.767885263875,1,1,"BTC-USD,PETR4.SA,ITUB4.SA,ETH-USD"
2025-02-05,apollo_10000,Apollo,10000.0,balanced,13099.141014498999,13099.141014498999,8196.767885263875,0,0,"BTC-USD,PETR4.SA,ITUB4.SA,ETH-USD"
2025-02-06,apollo_10000,Apollo,10000.0,balanced,13074.248607181658,13074.087618305766,8303.932813650688,1,1,"BTC-USD,PETR4.SA,ITUB4.SA,ETH-USD"
2025-02-07,apollo_10000,Apollo,10000.0,defense,13053.68721381541,13044.074064067414,13044.074064067414,4,4,
2025-02-10,apollo_10000,Apollo,10000.0,defense,13044.074064067414,13044.074064067414,13044.074064067414,0,0,
2025-02-11,apollo_10000,Apollo,10000.0,defense,13044.074064067414,13044.074064067414,13044.074064067414,0,0,
2025-02-12,apollo_10000,Apollo,10000.0,balanced,13044.074064067414,13034.225788149044,8207.9183844441,4,4,"BTC-USD,PETR4.SA,ITUB4.SA,ETH-USD"
2025-02-13,apollo_10000,Apollo,10000.0,balanced,12948.065040760055,12948.065040760055,8207.9183844441,0,0,"BTC-USD,PETR4.SA,ITUB4.SA,ETH-USD"
2025-02-14,apollo_10000,Apollo,10000.0,balanced,12985.191391626693,12985.191391626693,8207.9183844441,0,0,"BTC-USD,PETR4.SA,ITUB4.SA,ETH-USD"
2025-02-17,apollo_10000,Apollo,10000.0,balanced,13021.64335167716,13021.64335167716,8207.9183844441,0,0,"BTC-USD,PETR4.SA,ITUB4.SA,ETH-USD"
2025-02-18,apollo_10000,Apollo,10000.0,balanced,13009.018049687204,13009.018049687204,8207.9183844441,0,0,"BTC-USD,PETR4.SA,ITUB4.SA,ETH-USD"
2025-02-19,apollo_10000,Apollo,10000.0,balanced,13062.175640944222,13062.175640944222,8207.9183844441,0,0,"BTC-USD,PETR4.SA,ITUB4.SA,ETH-USD"
2025-02-20,apollo_10000,Apollo,10000.0,balanced,13093.881581915504,13093.881581915504,8207.9183844441,0,0,"BTC-USD,PETR4.SA,ITUB4.SA,ETH-USD"
2025-02-21,apollo_10000,Apollo,10000.0,balanced,13032.461302948668,13032.461302948668,8207.9183844441,0,0,"BTC-USD,PETR4.SA,ITUB4.SA,ETH-USD"
2025-02-24,apollo_10000,Apollo,10000.0,balanced,12896.710417903456,12896.710417903456,8207.9183844441,0,0,"BTC-USD,PETR4.SA,ITUB4.SA,ETH-USD"
2025-02-25,apollo_10000,Apollo,10000.0,balanced,12823.488204186087,12823.136734498217,8066.979039608023,1,1,"BTC-USD,PETR4.SA,ITUB4.SA,ETH-USD"
2025-02-26,apollo_10000,Apollo,10000.0,balanced,12690.992229126583,12690.992229126583,8066.979039608023,0,0,"BTC-USD,PETR4.SA,ITUB4.SA,ETH-USD"
2025-02-27,apollo_10000,Apollo,10000.0,defense,12689.87748534185,12680.568670861629,12680.568670861629,4,4,
2025-02-28,apollo_10000,Apollo,10000.0,defense,12680.568670861629,12680.568670861629,12680.568670861629,0,0,
2025-03-03,apollo_10000,Apollo,10000.0,defense,12680.568670861629,12680.568670861629,12680.568670861629,0,0,
2025-03-04,apollo_10000,Apollo,10000.0,defense,12680.568670861629,12680.568670861629,12680.568670861629,0,0,
2025-03-05,apollo_10000,Apollo,10000.0,defense,12680.568670861629,12680.568670861629,12680.568670861629,0,0,
2025-03-06,apollo_10000,Apollo,10000.0,defense,12680.568670861629,12680.568670861629,12680.568670861629,0,0,
2025-03-07,apollo_10000,Apollo,10000.0,defense,12680.568670861629,12680.568670861629,12680.568670861629,0,0,
2025-03-10,apollo_10000,Apollo,10000.0,defense,12680.568670861629,12680.568670861629,12680.568670861629,0,0,
2025-03-11,apollo_10000,Apollo,10000.0,balanced,12680.568670861629,12670.994841515127,7979.184433296325,4,4,"BTC-USD,PETR4.SA,ITUB4.SA,ETH-USD"
2025-03-12,apollo_10000,Apollo,10000.0,balanced,12654.089018799028,12654.089018799028,7979.184433296325,0,0,"BTC-USD,PETR4.SA,ITUB4.SA,ETH-USD"
2025-03-13,apollo_10000,Apollo,10000.0,balanced,12584.646721463643,12584.646721463643,7979.184433296325,0,0,"BTC-USD,PETR4.SA,ITUB4.SA,ETH-USD"
2025-03-14,apollo_10000,Apollo,10000.0,defense,12691.40056550076,12681.778306279994,12681.778306279994,4,4,
2025-03-17,apollo_10000,Apollo,10000.0,defense,12681.778306279994,12681.778306279994,12681.778306279994,0,0,
2025-03-18,apollo_10000,Apollo,10000.0,defense,12681.778306279994,12681.778306279994,12681.778306279994,0,0,
2025-03-19,apollo_10000,Apollo,10000.0,defense,12681.778306279994,12681.778306279994,12681.778306279994,0,0,
2025-03-20,apollo_10000,Apollo,10000.0,defense,12681.778306279994,12681.778306279994,12681.778306279994,0,0,
2025-03-21,apollo_10000,Apollo,10000.0,defense,12681.778306279994,12681.778306279994,12681.778306279994,0,0,
2025-03-24,apollo_10000,Apollo,10000.0,defense,12681.778306279994,12681.778306279994,12681.778306279994,0,0,
2025-03-25,apollo_10000,Apollo,10000.0,balanced,12681.778306279994,12672.203563658753,7979.9455903351545,4,4,"BTC-USD,PETR4.SA,ITUB4.SA,ETH-USD"
2025-03-26,apollo_10000,Apollo,10000.0,balanced,12658.6986224369,12658.6986224369,7979.9455903351545,0,0,"BTC-USD,PETR4.SA,ITUB4.SA,ETH-USD"
2025-03-27,apollo_10000,Apollo,10000.0,balanced,12665.52226482144,12665.52226482144,7979.9455903351545,0,0,"BTC-USD,PETR4.SA,ITUB4.SA,ETH-USD"
2025-03-28,apollo_10000,Apollo,10000.0,balanced,12579.929807854314,12579.929807854314,7979.9455903351545,0,0,"BTC-USD,PETR4.SA,ITUB4.SA,ETH-USD"
2025-03-31,apollo_10000,Apollo,10000.0,defense,12494.00725246732,12484.887945923743,12484.887945923743,4,4,
2025-04-01,apollo_10000,Apollo,10000.0,defense,12484.887945923743,12484.887945923743,12484.887945923743,0,0,
2025-04-02,apollo_10000,Apollo,10000.0,defense,12484.887945923743,12484.887945923743,12484.887945923743,0,0,
2025-04-03,apollo_10000,Apollo,10000.0,defense,12484.887945923743,12484.887945923743,12484.887945923743,0,0,
2025-04-04,apollo_10000,Apollo,10000.0,defense,12484.887945923743,12484.887945923743,12484.887945923743,0,0,
2025-04-07,apollo_10000,Apollo,10000.0,defense,12484.887945923743,12484.887945923743,12484.887945923743,0,0,
2025-04-08,apollo_10000,Apollo,10000.0,defense,12484.887945923743,12484.887945923743,12484.887945923743,0,0,
2025-04-09,apollo_10000,Apollo,10000.0,defense,12484.887945923743,12484.887945923743,12484.887945923743,0,0,
2025-04-10,apollo_10000,Apollo,10000.0,defense,12484.887945923743,12484.887945923743,12484.887945923743,0,0,
2025-04-11,apollo_10000,Apollo,10000.0,defense,12484.887945923743,12484.887945923743,12484.887945923743,0,0,
2025-04-14,apollo_10000,Apollo,10000.0,defense,12484.887945923743,12484.887945923743,12484.887945923743,0,0,
2025-04-15,apollo_10000,Apollo,10000.0,defense,12484.887945923743,12484.887945923743,12484.887945923743,0,0,
2025-04-16,apollo_10000,Apollo,10000.0,defense,12484.887945923743,12484.887945923743,12484.887945923743,0,0,
2025-04-17,apollo_10000,Apollo,10000.0,defense,12484.887945923743,12484.887945923743,12484.887945923743,0,0,
2025-04-21,apollo_10000,Apollo,10000.0,defense,12484.887945923743,12484.887945923743,12484.887945923743,0,0,
2025-04-22,apollo_10000,Apollo,10000.0,defense,12484.887945923743,12484.887945923743,12484.887945923743,0,0,
2025-04-23,apollo_10000,Apollo,10000.0,defense,12484.887945923743,12484.887945923743,12484.887945923743,0,0,
2025-04-24,apollo_10000,Apollo,10000.0,defense,12484.887945923743,12484.887945923743,12484.887945923743,0,0,
2025-04-25,apollo_10000,Apollo,10000.0,defense,12484.887945923743,12484.887945923743,12484.887945923743,0,0,
2025-04-28,apollo_10000,Apollo,10000.0,defense,12484.887945923743,12484.887945923743,12484.887945923743,0,0,
2025-04-29,apollo_10000,Apollo,10000.0,defense,12484.887945923743,12484.887945923743,12484.887945923743,0,0,
2025-04-30,apollo_10000,Apollo,10000.0,defense,12484.887945923743,12484.887945923743,12484.887945923743,0,0,
2025-05-01,apollo_10000,Apollo,10000.0,defense,12484.887945923743,12484.887945923743,12484.887945923743,0,0,
2025-05-02,apollo_10000,Apollo,10000.0,defense,12484.887945923743,12484.887945923743,12484.887945923743,0,0,
2025-05-05,apollo_10000,Apollo,10000.0,defense,12484.887945923743,12484.887945923743,12484.887945923743,0,0,
2025-05-06,apollo_10000,Apollo,10000.0,defense,12484.887945923743,12484.887945923743,12484.887945923743,0,0,
2025-05-07,apollo_10000,Apollo,10000.0,defense,12484.887945923743,12484.887945923743,12484.887945923743,0,0,
2025-05-08,apollo_10000,Apollo,10000.0,defense,12484.887945923743,12484.887945923743,12484.887945923743,0,0,
2025-05-09,apollo_10000,Apollo,10000.0,defense,12484.887945923743,12484.887945923743,12484.887945923743,0,0,
2025-05-12,apollo_10000,Apollo,10000.0,defense,12484.887945923743,12484.887945923743,12484.887945923743,0,0,
2025-05-13,apollo_10000,Apollo,10000.0,defense,12484.887945923743,12484.887945923743,12484.887945923743,0,0,
2025-05-14,apollo_10000,Apollo,10000.0,defense,12484.887945923743,12484.887945923743,12484.887945923743,0,0,
2025-05-15,apollo_10000,Apollo,10000.0,defense,12484.887945923743,12484.887945923743,12484.887945923743,0,0,
2025-05-16,apollo_10000,Apollo,10000.0,defense,12484.887945923743,12484.887945923743,12484.887945923743,0,0,
2025-05-19,apollo_10000,Apollo,10000.0,defense,12484.887945923743,12484.887945923743,12484.887945923743,0,0,
2025-05-20,apollo_10000,Apollo,10000.0,defense,12484.887945923743,12484.887945923743,12484.887945923743,0,0,
2025-05-21,apollo_10000,Apollo,10000.0,defense,12484.887945923743,12484.887945923743,12484.887945923743,0,0,
2025-05-22,apollo_10000,Apollo,10000.0,defense,12484.887945923743,12484.887945923743,12484.887945923743,0,0,
2025-05-23,apollo_10000,Apollo,10000.0,defense,12484.887945923743,12484.887945923743,12484.887945923743,0,0,
2025-05-26,apollo_10000,Apollo,10000.0,defense,12484.887945923743,12484.887945923743,12484.887945923743,0,0,
2025-05-27,apollo_10000,Apollo,10000.0,defense,12484.887945923743,12484.887945923743,12484.887945923743,0,0,
2025-05-28,apollo_10000,Apollo,10000.0,defense,12484.887945923743,12484.887945923743,12484.887945923743,0,0,
2025-05-29,apollo_10000,Apollo,10000.0,defense,12484.887945923743,12484.887945923743,12484.887945923743,0,0,
2025-05-30,apollo_10000,Apollo,10000.0,defense,12484.887945923743,12484.887945923743,12484.887945923743,0,0,
2025-06-02,apollo_10000,Apollo,10000.0,defense,12484.887945923743,12484.887945923743,12484.887945923743,0,0,
2025-06-03,apollo_10000,Apollo,10000.0,defense,12484.887945923743,12484.887945923743,12484.887945923743,0,0,
2025-06-04,apollo_10000,Apollo,10000.0,defense,12484.887945923743,12484.887945923743,12484.887945923743,0,0,
2025-06-05,apollo_10000,Apollo,10000.0,defense,12484.887945923743,12484.887945923743,12484.887945923743,0,0,
2025-06-06,apollo_10000,Apollo,10000.0,defense,12484.887945923743,12484.887945923743,12484.887945923743,0,0,
2025-06-09,apollo_10000,Apollo,10000.0,defense,12484.887945923743,12484.887945923743,12484.887945923743,0,0,
2025-06-10,apollo_10000,Apollo,10000.0,defense,12484.887945923743,12484.887945923743,12484.887945923743,0,0,
2025-06-11,apollo_10000,Apollo,10000.0,defense,12484.887945923743,12484.887945923743,12484.887945923743,0,0,
2025-06-12,apollo_10000,Apollo,10000.0,defense,12484.887945923743,12484.887945923743,12484.887945923743,0,0,
2025-06-13,apollo_10000,Apollo,10000.0,defense,12484.887945923743,12484.887945923743,12484.887945923743,0,0,
2025-06-16,apollo_10000,Apollo,10000.0,defense,12484.887945923743,12484.887945923743,12484.887945923743,0,0,
2025-06-17,apollo_10000,Apollo,10000.0,defense,12484.887945923743,12484.887945923743,12484.887945923743,0,0,
2025-06-18,apollo_10000,Apollo,10000.0,defense,12484.887945923743,12484.887945923743,12484.887945923743,0,0,
2025-06-20,apollo_10000,Apollo,10000.0,defense,12484.887945923743,12484.887945923743,12484.887945923743,0,0,
2025-06-23,apollo_10000,Apollo,10000.0,defense,12484.887945923743,12484.887945923743,12484.887945923743,0,0,
2025-06-24,apollo_10000,Apollo,10000.0,defense,12484.887945923743,12484.887945923743,12484.887945923743,0,0,
2025-06-25,apollo_10000,Apollo,10000.0,defense,12484.887945923743,12484.887945923743,12484.887945923743,0,0,
2025-06-26,apollo_10000,Apollo,10000.0,defense,12484.887945923743,12484.887945923743,12484.887945923743,0,0,
2025-06-27,apollo_10000,Apollo,10000.0,defense,12484.887945923743,12484.887945923743,12484.887945923743,0,0,
2025-06-30,apollo_10000,Apollo,10000.0,defense,12484.887945923743,12484.887945923743,12484.887945923743,0,0,
2025-07-01,apollo_10000,Apollo,10000.0,defense,12484.887945923743,12484.887945923743,12484.887945923743,0,0,
2025-07-02,apollo_10000,Apollo,10000.0,defense,12484.887945923743,12484.887945923743,12484.887945923743,0,0,
2025-07-03,apollo_10000,Apollo,10000.0,defense,12484.887945923743,12484.887945923743,12484.887945923743,0,0,
2025-07-04,apollo_10000,Apollo,10000.0,defense,12484.887945923743,12484.887945923743,12484.887945923743,0,0,
2025-07-07,apollo_10000,Apollo,10000.0,defense,12484.887945923743,12484.887945923743,12484.887945923743,0,0,
2025-07-08,apollo_10000,Apollo,10000.0,defense,12484.887945923743,12484.887945923743,12484.887945923743,0,0,
2025-07-09,apollo_10000,Apollo,10000.0,defense,12484.887945923743,12484.887945923743,12484.887945923743,0,0,
2025-07-10,apollo_10000,Apollo,10000.0,defense,12484.887945923743,12484.887945923743,12484.887945923743,0,0,
2025-07-11,apollo_10000,Apollo,10000.0,defense,12484.887945923743,12484.887945923743,12484.887945923743,0,0,
2025-07-14,apollo_10000,Apollo,10000.0,defense,12484.887945923743,12484.887945923743,12484.887945923743,0,0,
2025-07-15,apollo_10000,Apollo,10000.0,defense,12484.887945923743,12484.887945923743,12484.887945923743,0,0,
2025-07-16,apollo_10000,Apollo,10000.0,defense,12484.887945923743,12484.887945923743,12484.887945923743,0,0,
2025-07-17,apollo_10000,Apollo,10000.0,defense,12484.887945923743,12484.887945923743,12484.887945923743,0,0,
2025-07-18,apollo_10000,Apollo,10000.0,defense,12484.887945923743,12484.887945923743,12484.887945923743,0,0,
2025-07-21,apollo_10000,Apollo,10000.0,defense,12484.887945923743,12484.887945923743,12484.887945923743,0,0,
2025-07-22,apollo_10000,Apollo,10000.0,defense,12484.887945923743,12484.887945923743,12484.887945923743,0,0,
2025-07-23,apollo_10000,Apollo,10000.0,defense,12484.887945923743,12484.887945923743,12484.887945923743,0,0,
2025-07-24,apollo_10000,Apollo,10000.0,defense,12484.887945923743,12484.887945923743,12484.887945923743,0,0,
2025-07-25,apollo_10000,Apollo,10000.0,defense,12484.887945923743,12484.887945923743,12484.887945923743,0,0,
2025-07-28,apollo_10000,Apollo,10000.0,defense,12484.887945923743,12484.887945923743,12484.887945923743,0,0,
2025-07-29,apollo_10000,Apollo,10000.0,defense,12484.887945923743,12484.887945923743,12484.887945923743,0,0,
2025-07-30,apollo_10000,Apollo,10000.0,defense,12484.887945923743,12484.887945923743,12484.887945923743,0,0,
2025-07-31,apollo_10000,Apollo,10000.0,defense,12484.887945923743,12484.887945923743,12484.887945923743,0,0,
2025-08-01,apollo_10000,Apollo,10000.0,defense,12484.887945923743,12484.887945923743,12484.887945923743,0,0,
2025-08-04,apollo_10000,Apollo,10000.0,defense,12484.887945923743,12484.887945923743,12484.887945923743,0,0,
2025-08-05,apollo_10000,Apollo,10000.0,defense,12484.887945923743,12484.887945923743,12484.887945923743,0,0,
2025-08-06,apollo_10000,Apollo,10000.0,defense,12484.887945923743,12484.887945923743,12484.887945923743,0,0,
2025-08-07,apollo_10000,Apollo,10000.0,defense,12484.887945923743,12484.887945923743,12484.887945923743,0,0,
2025-08-08,apollo_10000,Apollo,10000.0,defense,12484.887945923743,12484.887945923743,12484.887945923743,0,0,
2025-08-11,apollo_10000,Apollo,10000.0,defense,12484.887945923743,12484.887945923743,12484.887945923743,0,0,
2025-08-12,apollo_10000,Apollo,10000.0,risk_on,12484.887945923743,12472.964877935387,6854.765302269701,4,4,"BTC-USD,PETR4.SA,ETH-USD,ITUB4.SA"
2025-08-13,apollo_10000,Apollo,10000.0,risk_on,12594.7622798663,12594.7622798663,6854.765302269701,0,0,"BTC-USD,PETR4.SA,ETH-USD,ITUB4.SA"
2025-08-14,apollo_10000,Apollo,10000.0,risk_on,12428.761942067533,12428.761942067533,6854.765302269701,0,0,"BTC-USD,PETR4.SA,ETH-USD,ITUB4.SA"
2025-08-15,apollo_10000,Apollo,10000.0,risk_on,12368.56835427563,12368.56835427563,6854.765302269701,0,0,"BTC-USD,PETR4.SA,ETH-USD,ITUB4.SA"
2025-08-18,apollo_10000,Apollo,10000.0,defense,12314.417137793826,12302.873482845462,12302.873482845462,4,4,
2025-08-19,apollo_10000,Apollo,10000.0,defense,12302.873482845462,12302.873482845462,12302.873482845462,0,0,
2025-08-20,apollo_10000,Apollo,10000.0,defense,12302.873482845462,12302.873482845462,12302.873482845462,0,0,
2025-08-21,apollo_10000,Apollo,10000.0,risk_on,12302.873482845462,12291.124238669341,6754.831171388884,4,4,"BTC-USD,PETR4.SA,ETH-USD,ITUB4.SA"
2025-08-22,apollo_10000,Apollo,10000.0,risk_on,12533.286111465115,12532.978845611166,6877.430247115026,1,1,"BTC-USD,PETR4.SA,ETH-USD,ITUB4.SA"
2025-08-25,apollo_10000,Apollo,10000.0,risk_on,12348.640260888329,12348.640260888329,6877.430247115026,0,0,"BTC-USD,PETR4.SA,ETH-USD,ITUB4.SA"
2025-08-26,apollo_10000,Apollo,10000.0,defense,12434.320088450393,12422.585654989953,12422.585654989953,4,4,
2025-08-27,apollo_10000,Apollo,10000.0,defense,12422.585654989953,12422.585654989953,12422.585654989953,0,0,
2025-08-28,apollo_10000,Apollo,10000.0,defense,12422.585654989953,12422.585654989953,12422.585654989953,0,0,
2025-08-29,apollo_10000,Apollo,10000.0,defense,12422.585654989953,12422.585654989953,12422.585654989953,0,0,
2025-09-01,apollo_10000,Apollo,10000.0,defense,12422.585654989953,12422.585654989953,12422.585654989953,0,0,
2025-09-02,apollo_10000,Apollo,10000.0,risk_on,12422.585654989953,12410.722085689438,6820.558540943959,4,4,"BTC-USD,PETR4.SA,ETH-USD,ITUB4.SA"
2025-09-03,apollo_10000,Apollo,10000.0,risk_on,12441.176503217252,12441.176503217252,6820.558540943959,0,0,"BTC-USD,PETR4.SA,ETH-USD,ITUB4.SA"
2025-09-04,apollo_10000,Apollo,10000.0,risk_on,12366.120311340812,12366.120311340812,6820.558540943959,0,0,"BTC-USD,PETR4.SA,ETH-USD,ITUB4.SA"
2025-09-05,apollo_10000,Apollo,10000.0,risk_on,12370.174531340854,12370.174531340854,6820.558540943959,0,0,"BTC-USD,PETR4.SA,ETH-USD,ITUB4.SA"
2025-09-08,apollo_10000,Apollo,10000.0,risk_on,12391.997624219293,12391.997624219293,6820.558540943959,0,0,"BTC-USD,PETR4.SA,ETH-USD,ITUB4.SA"
2025-09-09,apollo_10000,Apollo,10000.0,risk_on,12382.011217835232,12382.011217835232,6820.558540943959,0,0,"BTC-USD,PETR4.SA,ETH-USD,ITUB4.SA"
2025-09-10,apollo_10000,Apollo,10000.0,risk_on,12447.09452308975,12447.09452308975,6820.558540943959,0,0,"BTC-USD,PETR4.SA,ETH-USD,ITUB4.SA"
2025-09-11,apollo_10000,Apollo,10000.0,risk_on,12529.245789427701,12529.245789427701,6820.558540943959,0,0,"BTC-USD,PETR4.SA,ETH-USD,ITUB4.SA"
2025-09-12,apollo_10000,Apollo,10000.0,risk_on,12596.436805139894,12596.436805139894,6820.558540943959,0,0,"BTC-USD,PETR4.SA,ETH-USD,ITUB4.SA"
2025-09-15,apollo_10000,Apollo,10000.0,risk_on,12516.824251154216,12516.824251154216,6820.558540943959,0,0,"BTC-USD,PETR4.SA,ETH-USD,ITUB4.SA"
2025-09-16,apollo_10000,Apollo,10000.0,balanced,12568.475471515785,12565.653689203073,7946.449683715922,2,2,"BTC-USD,PETR4.SA,ITUB4.SA,ETH-USD"
2025-09-17,apollo_10000,Apollo,10000.0,balanced,12576.409241787525,12576.409241787525,7946.449683715922,0,0,"BTC-USD,PETR4.SA,ITUB4.SA,ETH-USD"
2025-09-18,apollo_10000,Apollo,10000.0,balanced,12605.040133696293,12605.040133696293,7946.449683715922,0,0,"BTC-USD,PETR4.SA,ITUB4.SA,ETH-USD"
2025-09-19,apollo_10000,Apollo,10000.0,balanced,12552.142990902175,12552.142990902175,7946.449683715922,0,0,"BTC-USD,PETR4.SA,ITUB4.SA,ETH-USD"
2025-09-22,apollo_10000,Apollo,10000.0,risk_on,12459.563511658145,12456.843620042117,6855.773145688715,2,2,"BTC-USD,PETR4.SA,ETH-USD,ITUB4.SA"
2025-09-23,apollo_10000,Apollo,10000.0,risk_on,12433.9459080052,12433.9459080052,6855.773145688715,0,0,"BTC-USD,PETR4.SA,ETH-USD,ITUB4.SA"
2025-09-24,apollo_10000,Apollo,10000.0,risk_on,12494.969864097337,12494.969864097337,6855.773145688715,0,0,"BTC-USD,PETR4.SA,ETH-USD,ITUB4.SA"
2025-09-25,apollo_10000,Apollo,10000.0,risk_on,12356.342779651732,12356.342779651732,6855.773145688715,0,0,"BTC-USD,PETR4.SA,ETH-USD,ITUB4.SA"
2025-09-26,apollo_10000,Apollo,10000.0,risk_on,12390.860434428512,12390.860434428512,6855.773145688715,0,0,"BTC-USD,PETR4.SA,ETH-USD,ITUB4.SA"
2025-09-29,apollo_10000,Apollo,10000.0,risk_on,12537.40668107447,12537.40668107447,6855.773145688715,0,0,"BTC-USD,PETR4.SA,ETH-USD,ITUB4.SA"
2025-09-30,apollo_10000,Apollo,10000.0,risk_on,12502.387867182413,12502.387867182413,6855.773145688715,0,0,"BTC-USD,PETR4.SA,ETH-USD,ITUB4.SA"
2025-10-01,apollo_10000,Apollo,10000.0,risk_on,12641.196155286481,12641.196155286481,6855.773145688715,0,0,"BTC-USD,PETR4.SA,ETH-USD,ITUB4.SA"
2025-10-02,apollo_10000,Apollo,10000.0,risk_on,12697.3987552047,12697.081986789504,6982.163743352229,1,1,"BTC-USD,PETR4.SA,ETH-USD,ITUB4.SA"
2025-10-03,apollo_10000,Apollo,10000.0,risk_on,12718.349967885213,12718.349967885213,6982.163743352229,0,0,"BTC-USD,PETR4.SA,ETH-USD,ITUB4.SA"
2025-10-06,apollo_10000,Apollo,10000.0,risk_on,12813.192944779823,12813.192944779823,6982.163743352229,0,0,"BTC-USD,PETR4.SA,ETH-USD,ITUB4.SA"
2025-10-07,apollo_10000,Apollo,10000.0,risk_on,12665.997446877533,12665.997446877533,6982.163743352229,0,0,"BTC-USD,PETR4.SA,ETH-USD,ITUB4.SA"
2025-10-08,apollo_10000,Apollo,10000.0,risk_on,12717.015218302764,12717.015218302764,6982.163743352229,0,0,"BTC-USD,PETR4.SA,ETH-USD,ITUB4.SA"
2025-10-09,apollo_10000,Apollo,10000.0,risk_on,12639.363418463112,12639.363418463112,6982.163743352229,0,0,"BTC-USD,PETR4.SA,ETH-USD,ITUB4.SA"
2025-10-10,apollo_10000,Apollo,10000.0,risk_on,12305.42222332695,12305.42222332695,6982.163743352229,0,0,"BTC-USD,PETR4.SA,ETH-USD,ITUB4.SA"
2025-10-13,apollo_10000,Apollo,10000.0,risk_on,12441.742675747108,12441.742675747108,6982.163743352229,0,0,"BTC-USD,PETR4.SA,ETH-USD,ITUB4.SA"
2025-10-14,apollo_10000,Apollo,10000.0,risk_on,12384.128907216644,12384.128907216644,6982.163743352229,0,0,"BTC-USD,PETR4.SA,ETH-USD,ITUB4.SA"
2025-10-15,apollo_10000,Apollo,10000.0,defense,12298.53715539645,12287.282788445065,12287.282788445065,4,4,
2025-10-16,apollo_10000,Apollo,10000.0,defense,12287.282788445065,12287.282788445065,12287.282788445065,0,0,
2025-10-17,apollo_10000,Apollo,10000.0,defense,12287.282788445065,12287.282788445065,12287.282788445065,0,0,
2025-10-20,apollo_10000,Apollo,10000.0,defense,12287.282788445065,12287.282788445065,12287.282788445065,0,0,
2025-10-21,apollo_10000,Apollo,10000.0,risk_on,12287.282788445065,12275.5484333821,6746.271178581821,4,4,"BTC-USD,PETR4.SA,ETH-USD,ITUB4.SA"
2025-10-22,apollo_10000,Apollo,10000.0,risk_on,12223.819741556756,12223.819741556756,6746.271178581821,0,0,"BTC-USD,PETR4.SA,ETH-USD,ITUB4.SA"
2025-10-23,apollo_10000,Apollo,10000.0,risk_on,12314.832117892607,12314.832117892607,6746.271178581821,0,0,"BTC-USD,PETR4.SA,ETH-USD,ITUB4.SA"
2025-10-24,apollo_10000,Apollo,10000.0,risk_on,12369.046161338894,12369.046161338894,6746.271178581821,0,0,"BTC-USD,PETR4.SA,ETH-USD,ITUB4.SA"
2025-10-27,apollo_10000,Apollo,10000.0,risk_on,12470.889057841141,12470.889057841141,6746.271178581821,0,0,"BTC-USD,PETR4.SA,ETH-USD,ITUB4.SA"
2025-10-28,apollo_10000,Apollo,10000.0,risk_on,12421.499194655955,12421.499194655955,6746.271178581821,0,0,"BTC-USD,PETR4.SA,ETH-USD,ITUB4.SA"
2025-10-29,apollo_10000,Apollo,10000.0,risk_on,12339.385779919307,12339.385779919307,6746.271178581821,0,0,"BTC-USD,PETR4.SA,ETH-USD,ITUB4.SA"
2025-10-30,apollo_10000,Apollo,10000.0,risk_on,12296.62338137724,12296.62338137724,6746.271178581821,0,0,"BTC-USD,PETR4.SA,ETH-USD,ITUB4.SA"
2025-10-31,apollo_10000,Apollo,10000.0,risk_on,12330.175214460487,12330.175214460487,6746.271178581821,0,0,"BTC-USD,PETR4.SA,ETH-USD,ITUB4.SA"
2025-11-03,apollo_10000,Apollo,10000.0,risk_on,12197.164154835184,12197.164154835184,6746.271178581821,0,0,"BTC-USD,PETR4.SA,ETH-USD,ITUB4.SA"
2025-11-04,apollo_10000,Apollo,10000.0,risk_on,12030.645869985552,12030.067913706,6514.510710481495,2,2,"BTC-USD,PETR4.SA,ETH-USD,ITUB4.SA"
2025-11-05,apollo_10000,Apollo,10000.0,risk_on,12130.351613704104,12130.351613704104,6514.510710481495,0,0,"BTC-USD,PETR4.SA,ETH-USD,ITUB4.SA"
2025-11-06,apollo_10000,Apollo,10000.0,defense,12066.813060694585,12055.111385471177,12055.111385471177,4,4,
2025-11-07,apollo_10000,Apollo,10000.0,defense,12055.111385471177,12055.111385471177,12055.111385471177,0,0,
2025-11-10,apollo_10000,Apollo,10000.0,defense,12055.111385471177,12055.111385471177,12055.111385471177,0,0,
2025-11-11,apollo_10000,Apollo,10000.0,defense,12055.111385471177,12055.111385471177,12055.111385471177,0,0,
2025-11-12,apollo_10000,Apollo,10000.0,defense,12055.111385471177,12055.111385471177,12055.111385471177,0,0,
2025-11-13,apollo_10000,Apollo,10000.0,defense,12055.111385471177,12055.111385471177,12055.111385471177,0,0,
2025-11-14,apollo_10000,Apollo,10000.0,balanced,12055.111385471177,12046.009776375146,7585.61856375081,4,4,"BTC-USD,PETR4.SA,ITUB4.SA,ETH-USD"
2025-11-17,apollo_10000,Apollo,10000.0,balanced,11995.882034424605,11995.882034424605,7585.61856375081,0,0,"BTC-USD,PETR4.SA,ITUB4.SA,ETH-USD"
2025-11-18,apollo_10000,Apollo,10000.0,balanced,12031.036710077853,12031.036710077853,7585.61856375081,0,0,"BTC-USD,PETR4.SA,ITUB4.SA,ETH-USD"
2025-11-19,apollo_10000,Apollo,10000.0,defense,11983.045966003174,11974.113223979712,11974.113223979712,4,4,
2025-11-20,apollo_10000,Apollo,10000.0,defense,11974.113223979712,11974.113223979712,11974.113223979712,0,0,
2025-11-21,apollo_10000,Apollo,10000.0,defense,11974.113223979712,11974.113223979712,11974.113223979712,0,0,
2025-11-24,apollo_10000,Apollo,10000.0,defense,11974.113223979712,11974.113223979712,11974.113223979712,0,0,
2025-11-25,apollo_10000,Apollo,10000.0,defense,11974.113223979712,11974.113223979712,11974.113223979712,0,0,
2025-11-26,apollo_10000,Apollo,10000.0,defense,11974.113223979712,11974.113223979712,11974.113223979712,0,0,
2025-11-27,apollo_10000,Apollo,10000.0,defense,11974.113223979712,11974.113223979712,11974.113223979712,0,0,
2025-11-28,apollo_10000,Apollo,10000.0,defense,11974.113223979712,11974.113223979712,11974.113223979712,0,0,
2025-12-01,apollo_10000,Apollo,10000.0,defense,11974.113223979712,11974.113223979712,11974.113223979712,0,0,
2025-12-02,apollo_10000,Apollo,10000.0,defense,11974.113223979712,11974.113223979712,11974.113223979712,0,0,
2025-12-03,apollo_10000,Apollo,10000.0,defense,11974.113223979712,11974.113223979712,11974.113223979712,0,0,
2025-12-04,apollo_10000,Apollo,10000.0,defense,11974.113223979712,11974.113223979712,11974.113223979712,0,0,
2025-12-05,apollo_10000,Apollo,10000.0,defense,11974.113223979712,11974.113223979712,11974.113223979712,0,0,
2025-12-08,apollo_10000,Apollo,10000.0,defense,11974.113223979712,11974.113223979712,11974.113223979712,0,0,
2025-12-09,apollo_10000,Apollo,10000.0,defense,11974.113223979712,11974.113223979712,11974.113223979712,0,0,
2025-12-10,apollo_10000,Apollo,10000.0,defense,11974.113223979712,11974.113223979712,11974.113223979712,0,0,
2025-12-11,apollo_10000,Apollo,10000.0,defense,11974.113223979712,11974.113223979712,11974.113223979712,0,0,
2025-12-12,apollo_10000,Apollo,10000.0,defense,11974.113223979712,11974.113223979712,11974.113223979712,0,0,
2025-12-15,apollo_10000,Apollo,10000.0,defense,11974.113223979712,11974.113223979712,11974.113223979712,0,0,
2025-12-16,apollo_10000,Apollo,10000.0,balanced,11974.113223979712,11965.072768495607,7534.650875623113,4,4,"BTC-USD,PETR4.SA,ITUB4.SA,ETH-USD"
2025-12-17,apollo_10000,Apollo,10000.0,balanced,11845.057076043078,11845.057076043078,7534.650875623113,0,0,"BTC-USD,PETR4.SA,ITUB4.SA,ETH-USD"
2025-12-18,apollo_10000,Apollo,10000.0,balanced,11835.57293761234,11835.57293761234,7534.650875623113,0,0,"BTC-USD,PETR4.SA,ITUB4.SA,ETH-USD"
2025-12-19,apollo_10000,Apollo,10000.0,defense,11919.529286670135,11910.547756311338,11910.547756311338,4,4,
2025-12-22,apollo_10000,Apollo,10000.0,defense,11910.547756311338,11910.547756311338,11910.547756311338,0,0,
2025-12-23,apollo_10000,Apollo,10000.0,defense,11910.547756311338,11910.547756311338,11910.547756311338,0,0,
2025-12-24,apollo_10000,Apollo,10000.0,defense,11910.547756311338,11910.547756311338,11910.547756311338,0,0,
2025-12-26,apollo_10000,Apollo,10000.0,defense,11910.547756311338,11910.547756311338,11910.547756311338,0,0,
2025-12-29,apollo_10000,Apollo,10000.0,defense,11910.547756311338,11910.547756311338,11910.547756311338,0,0,
2025-12-30,apollo_10000,Apollo,10000.0,defense,11910.547756311338,11910.547756311338,11910.547756311338,0,0,
2025-12-31,apollo_10000,Apollo,10000.0,defense,11910.547756311338,11910.547756311338,11910.547756311338,0,0,
