date,N_used,p1,deff,lambda1,lambda2,lambda3,lambda4,lambda5,lambda6,lambda7,lambda8,lambda9,lambda10,top5,cluster_count,largest_share,entropy,turnover_pair_frac,p1_shuffle,deff_shuffle,structure_score,p1_bootstrap,deff_bootstrap,structure_score_bootstrap,eigvec_overlap_1d,eigvec_instability_1d,insufficient_universe
2018-06-22,470,0.300782844937195,9.82908668731098,141.36793712048166,33.555969929914724,15.478613477693267,11.532122095901709,10.063892150187765,7.929424902789429,7.589898921157307,6.910011412936445,6.430229369098912,5.892485760448242,0.4510607122854875,171,0.2765957446808511,3.905473063984692,,,,,,,,,,False
2018-06-25,470,0.30211305234020985,9.741373770653716,141.99313459989867,34.101092207937086,15.246908855471169,11.780919618782715,9.886592827312612,7.800166507234135,7.572177554072637,6.985082580816366,6.322129714571704,5.8357311180969464,0.4532098895944727,168,0.26595744680851063,3.9141861358729804,,0.01902823952036511,95.26093013639748,85.80264117856362,0.019298984279625484,94.12203336025648,84.66347365766336,,,False
2018-06-26,470,0.30215606632321307,9.741153101438618,142.01335117191013,33.92389312343852,15.525825395194143,11.675962039767949,9.910681609187659,7.81680585649539,7.562179759546152,6.951065389272584,6.28384913917799,5.868040688422246,0.4532972624244647,171,0.26382978723404255,3.962064012629189,,,,,,,,,,False
2018-06-27,470,0.30373610173444043,9.658180404548329,142.75596781518698,33.66226031794724,15.807130370296719,11.464169941341368,9.960738457784995,7.789298201270339,7.571221767538042,6.884722987901563,6.258830262549775,5.8527158861696496,0.45457503596288795,170,0.2680851063829787,3.9397600119688776,,,,,,,,,,False
2018-06-28,470,0.30344062519425663,9.676891944712427,142.61709384130063,33.596842675591574,15.79517158461882,11.505602252269366,9.944029262290467,7.771552113339584,7.556088774851573,6.871350732243629,6.17575358842767,5.854203431890681,0.45416753109802305,172,0.26595744680851063,3.9589225475983723,,,,,,,,,,False
2018-06-29,470,0.30274631674472857,9.714464598008252,142.29076887002242,33.62606135423863,15.776685119584101,11.537362136016888,9.96262240425996,7.80910848096978,7.547344360726216,6.8990928456800695,6.21660133552748,5.8590470945979405,0.4536031912428128,171,0.2553191489361702,3.97987468243549,0.024379621648595928,,,,,,,,,False
2018-07-02,470,0.30332731650254224,9.689895550830254,142.56383875619485,33.244986755567425,15.82264618580255,11.493751239973193,10.088276159980229,7.827189617026352,7.608107600801318,6.914345657402011,6.327513874582959,5.908506826253934,0.4536457427606771,173,0.2702127659574468,3.948349083312016,0.011414054348319195,0.01785288624367966,95.18204556162772,85.77762444105632,0.019443983350179248,93.94177085003943,84.53575863236154,0.9996723886741581,0.00032761132584191444,False
2018-07-03,470,0.3035222502942077,9.682964594304428,142.65545763827757,32.932130631575646,16.047029879199982,11.603341189806184,10.140039444611912,7.861047536487356,7.611267934782786,6.91107788204387,6.322293092249955,5.9030437455538385,0.4539957420924922,174,0.28085106382978725,3.898082195904908,0.01778342330898698,,,,,,,,,False
2018-07-05,470,0.3042116675276816,9.650676353651484,142.97948373801037,32.76024245278941,15.804961911036102,11.566962323551213,10.244376873977522,7.864760797352034,7.66560921058331,6.929926196664745,6.295613496938548,5.877151150985883,0.4539489942539672,171,0.26382978723404255,3.947104049312615,0.008401760195980584,,,,,,,,,False
2018-07-06,470,0.3059255316596636,9.563399048223909,143.78499988004188,32.418942332049994,15.821849230881963,11.57348492343371,10.252109046404637,7.955187365211444,7.67285518644816,6.927200606906791,6.307471624013839,5.8843846034866765,0.45500294768683447,170,0.274468085106383,3.9112617926549658,0.008347321145034704,,,,,,,,,False
2018-07-09,470,0.3054514586567783,9.549687900837073,143.56218556868583,34.064837084367554,15.705793465245481,11.612553290431944,10.053823128864352,7.962763764285626,7.743918563813649,6.8858086690407205,6.30158650705587,5.898514146222539,0.4574450905055215,165,0.28085106382978725,3.864054194701138,0.018282447942657532,,,,,,,,,False
2018-07-10,470,0.3052268333319819,9.558943528016588,143.4566116660315,34.10960125428777,15.707103567865959,11.655299650309264,10.105802580634922,8.013776539224674,7.771811028478573,6.932717927560331,6.278875524636497,6.009011273495726,0.4575200398279349,166,0.25957446808510637,3.930619604297225,0.021294742094996145,0.0184482930689412,94.92345354370529,85.65128855595175,0.018571768429059866,93.95220700464954,84.67991854153587,0.9994617840446115,0.0005382159553884991,False
2018-07-11,470,0.3055199780640848,9.538733143092205,143.59438969011984,34.24921928473516,15.74605691782289,11.691464356989599,10.123963686526551,8.034422676336069,7.7792384156336185,6.854167681820137,6.235884225413844,5.980807760641687,0.4583087105025406,167,0.2851063829787234,3.8652963499672506,0.013618835911627275,,,,,,,,,False
2018-07-12,470,0.30531321762961566,9.546191213952067,143.49721228591937,34.357375416328026,15.79976386789513,11.741494548310076,10.10704362464757,8.007104187883348,7.7623061126449295,6.847045404069874,6.271924296468024,5.952107363233948,0.45851678668744716,167,0.27872340425531916,3.872524435066713,0.009209272785011114,,,,,,,,,False
2018-07-13,470,0.30467077656753805,9.575634905996996,143.19526498674287,34.55060843277903,15.773849796694957,11.802189170757853,10.154305851500524,8.044842261235697,7.732543439220885,6.773598522896446,6.317764422898431,5.978203706137961,0.45846003880526653,168,0.2702127659574468,3.9185929483086537,0.015252007440003629,,,,,,,,,False
2018-07-16,470,0.30555318506543305,9.527027588646202,143.60999698075352,34.50851249541397,15.86737497167852,11.692922103355155,10.253788158553618,8.085873229928115,7.81556795559909,6.7432597989623595,6.320425319166079,5.979817477354752,0.45943105257394645,166,0.27872340425531916,3.859171052098841,0.01443542167581545,,,,,,,,,False
2018-07-17,470,0.3070234665732701,9.446001368674233,144.301029289437,34.5612865181417,15.92491186463907,11.56825150290717,10.165687951093958,8.140393460103029,7.853129723662454,6.808184683613737,6.356048884139093,6.0109312677443505,0.4606833343111039,168,0.2702127659574468,3.9130076090609296,0.020205961076078572,0.017957643338539688,94.99737052821258,85.84043498277309,0.019028837102021023,94.40698365093536,85.24897691173237,0.999410967925082,0.0005890320749180056,False
2018-07-18,470,0.30764178843286816,9.404698082594434,144.59164056344804,34.87522888653858,15.929880351848,11.604341175533111,10.079058064196076,8.265853161203406,7.807827117109008,6.682350652378479,6.400000977028018,6.061885248360429,0.4618726575352421,165,0.28297872340425534,3.8419198172778026,0.01448986072676133,,,,,,,,,False
2018-07-19,470,0.3064975054982196,9.45325778295519,144.05382758416317,35.27467498869699,16.043738300841675,11.64397252137281,10.1903780343536,8.26508791982377,7.839437616892134,6.687708705831831,6.4160657451786856,6.091932858361096,0.46214168389240057,165,0.28936170212765955,3.8334939406086894,0.01882683845211632,,,,,,,,,False
2018-07-20,470,0.3055966121769166,9.502954256189879,143.63040772315077,35.24111499437099,15.957144067157815,11.667839208861732,10.216623364765656,8.310462305075674,7.869840440634691,6.720026523637234,6.435131113208911,6.1088270507679,0.4610917645921425,165,0.28085106382978725,3.8510769037688926,0.016522251962074127,,,,,,,,,False
2018-07-23,470,0.3047708373905206,9.542424960269932,143.2422935735447,35.39432232226889,15.976179482305575,11.713653410998628,10.244823282867522,8.34466040207914,7.880320168480735,6.7648312622088485,6.432368492233672,6.125898306891312,0.46078994057869205,164,0.2978723404255319,3.7710236508064887,0.016522251962074127,,,,,,,,,False
2018-07-24,470,0.3056160863742984,9.500587449036278,143.63956059592027,35.23002338604741,16.0279298391008,11.522671324484438,10.535517910731588,8.294985410191568,7.9107035395089165,6.785516399615256,6.605093385093674,6.0775422357057085,0.46160787884315846,163,0.27872340425531916,3.8531290480713287,0.01996098534682212,0.018247929562699456,95.2952280824016,86.08200879017691,0.018488591833299508,94.5092582500621,85.29579829556683,0.9994558762159079,0.0005441237840920765,False
2018-07-25,470,0.3070823593853896,9.442938899167034,144.32870891113305,34.40114796988553,16.076004552510902,11.455213029416475,10.49581744860122,8.386514367220412,7.861986803540191,6.882649774591223,6.600474623377658,6.127870657542502,0.46118487640754735,161,0.2872340425531915,3.801614964701793,0.01577825159914712,,,,,,,,,False
2018-07-26,470,0.2982735043962967,9.917803766569188,140.18854706625945,34.70010196135375,15.888184652717488,11.79497633461332,10.539642456470705,8.49673283107367,8.24522747754025,7.2753993459771635,6.6625539977175166,6.13789388693181,0.4534286222796058,168,0.2723404255319149,3.910501965755291,0.012829469672912035,,,,,,,,,False
2018-07-27,470,0.27198315639268933,11.537358216937328,127.83208350456403,35.582229700477725,16.330090404696186,12.894090132972014,11.086023696517653,8.755098402479184,8.606414571145592,7.48057598224244,6.923116436363528,6.553212236451289,0.43345642008346286,181,0.15106382978723404,4.199404104868512,0.05458422174840085,,,,,,,,,False
2018-07-30,470,0.27042674167209363,11.647062220544376,127.10056858588402,35.19980630239834,16.786703036196933,13.750315405334753,10.775386032795538,9.00028380571702,8.622735222221802,7.488432490998269,7.0275900829820594,6.485727542397449,0.43321867949491394,184,0.12127659574468085,4.314788666465423,0.0686476432427528,,,,,,,,,False
2018-07-31,470,0.2707615816716042,11.623879184552825,127.25794338565396,35.28480976956679,16.66858504108245,13.641705424169844,10.71173166203582,8.950314122756836,8.878351042921997,7.452334169011602,6.96724809774742,6.449879934272425,0.4331165431542743,179,0.15531914893617021,4.191110957376976,0.05063739055482466,0.01852273852717094,94.70445265131826,83.33281230990988,0.01964664459282246,94.0406438194809,82.66787957200687,0.9968117115624011,0.003188288437598885,False
2018-08-01,470,0.24587513446331952,13.499568293685343,115.56131319776014,36.320811014910916,17.56117708692934,14.534106473846503,10.92240919233538,9.307109135309808,9.175703644806411,7.724180801970226,7.1783804405640055,6.635771428766313,0.4146804616293241,193,0.09787234042553192,4.418921035022288,0.0697999364877739,,,,,,,,,False
2018-08-02,470,0.2427846448764461,13.78000938037744,114.10878309192964,36.23941441986615,17.217590702770742,14.56960836254286,10.986241092565876,9.59971052573193,9.282684833499987,7.378949646289815,7.232385476749258,6.939208527302878,0.4108971014248411,189,0.1,4.392012996267919,0.06211495712924738,,,,,,,,,False
2018-08-03,470,0.24001332310205367,13.999262933412666,112.80626185796524,36.72627952698514,17.261427382645522,14.735563894523521,10.941890108370455,9.553183411972162,9.319276709256789,7.291863922107888,7.230222552620249,7.006578094112833,0.4095136654691274,191,0.1,4.402488961787059,0.01857278954770222,,,,,,,,,False
2018-08-06,470,0.2402066144697251,13.981777318163326,112.89710880077081,36.70965624475646,17.237601492121556,14.77002911378327,10.976836963642427,9.58126413113231,9.34008374792304,7.3412481828570115,7.226042491393451,6.9239520118677795,0.40976858003207334,192,0.1,4.405438524256526,0.01094224924012158,,,,,,,,,False
2018-08-07,470,0.2377452843798363,14.256082566951838,111.74028365852303,35.82792120887666,17.385347418632108,14.845983984446072,11.082208599314011,9.493558522929685,9.386683894874556,7.406329763265831,7.279599280025495,6.903451986874711,0.4061313720633872,193,0.1,4.408959228118463,0.021131424942158507,0.018249263390387124,95.23720203370154,81.20061548773916,0.01847961526951918,94.43651314835493,80.39969625051341,0.9969872464740869,0.0030127535259131255,False
2018-08-08,470,0.23568101018597984,14.468617352021631,110.7700747874105,35.5402030712666,17.43154101424821,14.833241110399339,11.211865027836744,9.547890541833317,9.405666301798243,7.434230981927195,7.31611112341729,6.921777919542338,0.40380196810885416,195,0.09148936170212765,4.445833179398077,0.007603320782107698,,,,,,,,,False
2018-08-09,470,0.235766747484849,14.460905969038826,110.81037131787903,35.55961781215849,17.281389414292555,14.830458957879909,11.25732787656937,9.587401439284022,9.420100508064522,7.486189394527128,7.300449524304075,6.921225704889447,0.4037003518697433,194,0.07872340425531915,4.462220474932091,0.006895613119811278,,,,,,,,,False
2018-08-10,470,0.23590117058496765,14.47971430575714,110.87355017493479,35.0078052733184,17.31258932807767,14.756287090936592,11.340263214769317,9.71402989314961,9.49333785805863,7.52539866945236,7.332251046199123,6.889609282557086,0.4027457342170995,194,0.09787234042553192,4.427084843691719,0.0024134645919339473,,,,,,,,,False
2018-08-13,470,0.23603465507287977,14.493231976100656,110.93628788425349,34.4378605798572,17.429019269793812,14.788688680059781,11.425854863577733,9.841293762479784,9.48747053465644,7.4992000575367195,7.367908086572422,6.899711402050439,0.4021653431437065,193,0.07446808510638298,4.468142827017195,0.005997368779204282,,,,,,,,,False
2018-08-14,470,0.23819698630934122,14.289043437789173,111.95258356539031,34.42199837269389,17.415905245754495,14.822967101245272,11.458500143977567,9.783128123683463,9.267961824707724,7.514532430948709,7.262862596895365,6.922741667216193,0.4044084136788545,194,0.09574468085106383,4.437544243063236,0.00255863539445629,0.018241984691481257,94.75706209103086,80.68797365485955,0.018590983091098273,93.87246480955997,79.80302737498904,0.9988300689921199,0.0011699310078800984,False
2018-08-15,470,0.23413532518848704,14.61746504801858,110.0436028385889,35.117108453570026,18.0014686668721,15.005690557677012,11.360588412766308,9.859725929159376,9.238039443474479,7.509923197735059,7.246720663241638,6.993147233099816,0.40325204027547734,192,0.09787234042553192,4.427378346067706,0.0057523930499478295,,,,,,,,,False
2018-08-16,470,0.23437782273531155,14.585762902203761,110.15757668559644,35.223719849661975,17.954820958873334,15.093625033083946,11.338637111139366,9.8480814736021,9.249998125550436,7.525049629739651,7.262240611743804,7.009383529056074,0.4037625098688405,193,0.09361702127659574,4.4494334253881025,0.006133466406568979,,,,,,,,,False
2018-08-17,470,0.23156810993716886,14.86822761318062,108.83701167046937,34.93052569580378,17.936339397022728,15.240723364595636,11.655019217906958,9.952615572194741,9.322994535950272,7.577573641493445,7.397461185422856,7.081242057417875,0.4012757858421244,196,0.07659574468085106,4.478421092253718,0.004963026811232591,,,,,,,,,False
2018-08-20,470,0.2304803423159661,14.958723821667894,108.32576088850408,35.19962763216185,17.876812155604853,15.180532489168053,11.673086076237315,10.041173561589945,9.432531542826322,7.462512386193749,7.4589671744440045,7.132330167879984,0.40054429625888543,193,0.07872340425531915,4.470641702644153,0.002749172072766865,,,,,,,,,False
2018-08-21,470,0.22957083000562103,15.014384857667448,107.89829010264188,35.82216931512923,17.61620200425518,15.2543106709549,11.512738935590967,10.09657165956944,9.440487739679766,7.529873420953999,7.262155395288012,7.166960410437832,0.4002206617629195,196,0.07446808510638298,4.497805730729578,0.006069954180465454,0.018208145653382263,95.31632928109752,80.51330710778231,0.019073671820917563,93.86803447322566,79.06414677374292,0.9971525099415596,0.0028474900584404272,False
2018-08-22,470,0.22864188776612993,15.076847156899989,107.46168725008107,36.21733863892135,17.688559706491258,15.46254023214505,11.458219135725253,10.04288489447597,9.339916015857403,7.544094082532048,7.272619831742354,7.186701541955324,0.40061349992205103,194,0.07446808510638298,4.489830530797763,0.006060881005307808,,,,,,,,,False
2018-08-23,470,0.22694828263961295,15.24497500962684,106.66569284061808,36.210099892531446,17.779881918946007,15.549395376129391,11.325069442959997,10.014142013982966,9.404146530258222,7.560976759765147,7.359187707884983,7.213033057165746,0.399000296747202,196,0.07659574468085106,4.5125632170070595,0.006069954180465454,,,,,,,,,False
2018-08-24,470,0.2277039687218503,15.161098503665,107.02086529926964,36.334261620949675,17.74638366890896,15.561864411624159,11.23786797388015,9.958304112649845,9.424029215560255,7.594805745495506,7.293863371902221,7.2550458144869046,0.39978987866943105,195,0.07659574468085106,4.508500360614688,0.002767318423082158,,,,,,,,,False
2018-08-27,470,0.228823922253049,15.02546442450161,107.54724345893305,36.744808743831484,17.688015248259067,15.436762714927237,11.157044457182193,9.978139099772243,9.34339483371572,7.575963140308177,7.314064960023839,7.267741943626063,0.40122100983645315,197,0.07872340425531915,4.486989501290304,0.0018327813818445765,,,,,,,,,False
2018-08-28,470,0.2292759640011918,14.977802616362908,107.75970308056012,36.678826859295924,17.784027653299674,15.545911976157996,11.152870376118301,10.005209133699593,9.40361321983836,7.620315086986541,7.314559340779112,7.145175644589753,0.40196029775623837,198,0.08085106382978724,4.511935619106851,0.0030485868529691964,0.018584020153296184,95.13644848868935,80.36933781617434,0.018458368554978035,94.80079940482463,80.03381438390794,0.9993342188317422,0.000665781168257773,False
2018-08-29,470,0.22496542151181512,15.382354651472928,105.73374811055311,36.91521278844266,17.98501467279569,15.692470138915088,11.210908245121175,10.073734384356362,9.494275567685014,7.696587941915457,7.367294065927406,7.209443345319277,0.39901564671452705,200,0.07659574468085106,4.5177451326202345,0.0033933675089597606,,,,,,,,,False
2018-08-30,470,0.22612290061089715,15.271987015584816,106.27776328712164,36.84346202043322,18.005401299706257,15.627130369412557,11.222111538710209,10.056629661564834,9.51257436337148,7.634282157642452,7.329421449219787,7.159928438355744,0.3999486564157105,201,0.07872340425531915,4.528366306726075,0.004500294878192624,,,,,,,,,False
2018-08-31,470,0.2258961189504089,15.283267724185249,106.17117590669218,36.90865699251471,18.130806349691007,15.642231823082334,11.272007131070437,10.088750808910175,9.509088309492464,7.636280607103581,7.3306624185019125,7.175912598320637,0.4002656983043631,201,0.07872340425531915,4.532577346132696,0.005371319693326679,,,,,,,,,False
2018-09-04,470,0.224902744137854,15.379369538697757,105.7042897447914,36.95624245587207,18.172885981455117,15.489671132136088,11.495606686303642,10.089403654428649,9.501127354228485,7.669358009320084,7.385858173078838,7.204010352213629,0.3996142468096985,200,0.07872340425531915,4.515751500365588,0.003665562763689153,,,,,,,,,False
2018-09-05,470,0.2237358874326359,15.47323966733083,105.15586709333888,37.238846136505316,17.9412695737018,16.131440234075978,11.401403833628251,10.019454420156498,9.415282317575729,7.690507568744157,7.401669896638246,7.181371297480943,0.39972090823670253,201,0.07446808510638298,4.528831331014597,0.004863221884498481,0.018158507317963056,95.39039025172168,80.12272796450553,0.01819869302133019,95.02501816840847,79.75731569548894,0.9994440827272519,0.0005559172727480632,False
2018-09-06,470,0.22282766743553892,15.550996889493696,104.7290036947033,37.496695819668304,17.883334788936157,16.049307109984102,11.411211214546356,9.995531010258983,9.429285387765916,7.793027734743882,7.383059566838267,7.167181404098673,0.39908415452731527,200,0.07872340425531915,4.537193800761927,0.00195073265889398,,,,,,,,,False
2018-09-07,470,0.2195368763871261,15.875919478730276,103.18233190194925,37.78911539098452,17.862899394749224,16.161059660674105,11.367423334355891,9.912262274467592,9.47308089105868,7.809388911086597,7.3631660471487725,7.186569322870688,0.3965166588993894,201,0.07872340425531915,4.54651535597967,0.002340879190672776,,,,,,,,,False
2018-09-10,470,0.2197068339800533,15.86903739876799,103.26221197062506,37.665619698252996,17.912332299949192,16.13282065858394,11.302242049495312,9.9248079972123,9.477515443946027,7.809456069877602,7.240269614254266,7.202433200622814,0.39633026952533296,202,0.07872340425531915,4.546199428669586,0.0017874155060563445,,,,,,,,,False
2018-09-11,470,0.21971406999196574,15.927525436209942,103.26561289622393,37.219644223369144,17.357107737240295,16.025675972564322,11.31610456458106,9.849096002267714,9.494021218731497,7.809978355818488,7.248480501262267,7.207812259171859,0.39400881998718873,201,0.07872340425531915,4.546001371792836,0.003030440502653904,,,,,,,,,False
2018-09-12,470,0.2064802378648144,17.37869912103538,97.04571179646274,37.3935705109737,17.817541031450688,16.393988472752994,11.423810961221022,10.106710785652242,9.688633563463048,7.964242613034633,7.527702231593279,7.30595657653774,0.38313749526140684,206,0.07021276595744681,4.611960173948044,0.004037562945152656,0.018750055119389607,94.99084267065824,77.79987373236828,0.019147434137383686,94.70960394422292,77.51823762691497,0.9986366060109336,0.0013633939890663749,False
2018-09-13,470,0.1977441810586008,18.41537748002404,92.93976509754236,37.683586218231184,17.788192740012917,16.765918632268132,11.634828483215465,10.113041130972828,9.891276217283213,8.036817317758631,7.6706233885358275,7.364951960354856,0.3761963641941917,210,0.06170212765957447,4.654582381980372,0.006432881186771311,,,,,,,,,False
2018-09-14,470,0.18659144291945529,19.84798313770554,87.69797817214399,38.077548271331764,17.855775198186187,17.26506569730414,11.521383301642182,10.277126540930007,10.023837140678753,8.147049437886972,7.7805146291126945,7.458572581707809,0.366846277958741,212,0.0574468085106383,4.72454149799826,0.008601370049448805,,,,,,,,,False
2018-09-17,470,0.18200671456600254,20.55799093553684,85.5431558460212,37.32209138321413,18.06832143011432,17.656644498112154,11.714647084260747,10.391128644138039,10.143087269500848,8.228075021336668,7.875439798997224,7.489918136294867,0.36235076647175013,218,0.0574468085106383,4.773620813193089,0.010697273510865126,,,,,,,,,False
2018-09-18,470,0.18232015763892107,20.556069793548115,85.6904740902929,37.1787042885763,17.80078227377536,17.62945766066708,11.363170751499279,10.379645505913167,10.179753467784051,8.195979381355828,7.953413559767757,7.502459382777481,0.36098423205278923,221,0.05531914893617021,4.792146434261955,0.010860590663702763,,,,,,,,,False
2018-09-19,470,0.17751758424960257,21.061964247718,83.43326459731318,38.46729927622542,18.18438072611713,17.78632251539591,11.288882295489964,10.417771128648894,10.164140974045212,8.381577927187136,8.0935303084711,7.563729154987174,0.35991521151179073,223,0.0574468085106383,4.81206862263752,0.0072403937758018415,0.018398109196818828,95.35926373633033,74.45641896366513,0.018229932478578483,95.1564347457561,74.25375814980913,0.9959894510733082,0.004010548926691837,False
2018-09-20,470,0.1645607313239346,22.993192613883345,77.34354372224925,38.76776247927043,18.608047878107048,18.18252333845605,11.48035178554885,10.637376751542858,10.23378725025006,8.598998560762428,8.224269414136925,7.690729528199395,0.3497494238375141,231,0.05531914893617021,4.876313712767182,0.0069772716962300954,,,,,,,,,False
2018-09-21,470,0.16100576473717845,23.548836796873722,75.67270942647389,38.930596487550204,18.584189442428514,18.27959798732161,11.538651131857257,10.705108324724623,10.34434079010534,8.55782448862393,8.271744368272765,7.717229713192818,0.34682073292687543,231,0.05531914893617021,4.884674149829828,0.004572880279453795,,,,,,,,,False
2018-09-24,470,0.15930594374687088,23.759858939631375,74.87379356102932,39.27879601955057,18.961825427861257,18.17721919813485,11.560009140402727,10.673731002862985,10.209894886377416,8.538747985117633,8.232046603923923,7.656686101054041,0.34649285818506104,232,0.0574468085106383,4.864378841551677,0.003139318604545661,,,,,,,,,False
2018-09-25,470,0.15840137462383416,23.903854895902192,74.44864607320204,39.38219944184675,19.153676164263555,17.926612814037107,11.549966234180086,10.629435230282814,10.184712446091543,8.538536600698846,8.249316730812005,7.687650412153726,0.3456619164415523,230,0.0574468085106383,4.851629748149653,0.002776391598239804,,,,,,,,,False
2018-09-26,470,0.14666096372302834,25.87801437889062,68.9306529498233,39.634982777242996,19.539582463138764,18.216982936969877,11.578072409684387,10.819271949618033,10.255564459893728,8.66062948129687,8.439311070472092,7.755634107672402,0.3359580288018284,235,0.0574468085106383,4.909436278707272,0.0025767817447715827,0.01880775455363168,94.83331129839425,69.08315012867304,0.018790010743226903,94.50177732506816,68.75163389915735,0.9941101129344048,0.005889887065595234,False
2018-09-27,470,0.14658362960356294,25.918089798780574,68.89430591367457,39.52195760089376,19.599025212889238,18.21802497569488,11.560982180493752,10.814806869071813,10.20784386793961,8.634675792516381,8.451502543970276,7.8028803102463735,0.33573254443328987,236,0.0574468085106383,4.914306621660463,0.0021503425123622012,,,,,,,,,False
2018-09-28,470,0.13975181543317292,27.03995675450676,65.68335325359126,40.06642668005037,19.821448881848127,18.458712478624047,11.496471291910394,10.811387066467674,10.26729529193422,8.721231039609416,8.586833497644164,7.851122207804509,0.33090726082132815,242,0.0574468085106383,4.954783739651107,0.001560586127115184,,,,,,,,,False
2018-10-01,470,0.13916779361369708,27.092022332801044,65.40886299843763,40.349657143674904,19.82129547027067,18.180628038101865,11.466531528166982,10.889786922567856,10.414994475831758,8.83897805224842,8.64917067463263,7.79524057251232,0.33027015995457887,243,0.0574468085106383,4.970621594019306,0.0029669282765503787,,,,,,,,,False
2018-10-02,470,0.13893867192835999,27.360899426340445,65.30117580632918,39.29504607411296,20.159199736649676,17.920046061735924,11.467987709247126,10.948794513283449,10.578383218367499,8.892805850008989,8.854041076369073,7.8073523281037245,0.3279647986980317,238,0.0574468085106383,4.953737379733113,0.0034750260853785783,,,,,,,,,False
2018-10-03,470,0.1383328668814924,27.32787503998849,65.01644743430144,40.019746736498846,20.195196611474746,17.633159670963213,11.412868659671611,10.924570061574748,10.491217277981328,9.062465026853342,8.857325630007605,7.790812313283594,0.32824982789980817,244,0.0574468085106383,4.979651366834456,0.002232001088781019,0.018299936688974953,95.49529116348631,68.28744905369034,0.01811319489236179,95.484356233625,68.27670086562563,0.9935513620542502,0.006448637945749791,False
2018-10-04,470,0.13824717198036976,27.294379625589652,64.97617083077377,39.948385787128586,20.911198424527505,17.60981702378807,11.328435274640267,10.873774697562016,10.512302869230348,9.065362704200572,8.721910491306936,7.778761479982727,0.32930639859757077,242,0.0574468085106383,4.9557396824731,0.0013337567481740236,,,,,,,,,False
2018-10-05,470,0.13698950405495117,27.489567354253552,64.38506690582706,40.1654443244327,20.750998744426088,17.663294420826542,11.385554065713064,10.999507386465428,10.492264905985438,9.135295010405182,8.725879725869572,7.781231545626357,0.3284050180026073,243,0.0574468085106383,4.966958071234975,0.0012520981717552056,,,,,,,,,False
2018-10-08,470,0.13681234366355532,27.364130507105962,64.30180152187098,40.37896358325419,21.69315660306722,17.488326026407197,11.412725682800808,10.98468276697481,10.477790542702019,9.211586724036708,8.73257509676451,7.79485253082842,0.3303722838668095,242,0.0574468085106383,4.958651149059881,0.0015878056525881232,,,,,,,,,False
2018-10-09,470,0.13653829051291907,27.50185745880423,64.17299654107195,39.923739765520196,21.925184363174168,17.528614790697603,11.714778990840397,10.666662660573595,10.422653311622234,9.264480885294045,8.717293180749142,7.7641179073839375,0.3303517328751156,241,0.0574468085106383,4.952604744398579,0.0021594156875198475,,,,,,,,,False
2018-10-10,470,0.16232841637093426,23.246591976105613,76.29435569433909,38.87310684213351,20.910053198336406,16.687130485029165,11.435663567477837,10.732604206289741,10.178977571093123,8.899726152673725,8.47740885329552,7.595549062594042,0.34936236124960857,230,0.0574468085106383,4.859451622330832,0.0033661479834868214,0.0188740874377258,95.0352603721042,71.9321227249318,0.018436858546837676,94.393135748608,71.29043533032647,0.9851037461641559,0.014896253835844142,False
2018-10-11,470,0.1728045269937412,21.506975605085007,81.21812768705837,39.50848759451431,20.927765350832708,16.1895348177431,11.516242027289955,10.414774209942722,9.890861912874339,8.875816892397063,8.489446934055627,7.4935698057149125,0.3603407605902945,224,0.0574468085106383,4.829555319201962,0.00255863539445629,,,,,,,,,False
2018-10-12,470,0.17240802985413717,21.52705298201698,81.03177403144448,39.32717520578257,21.65688531214952,16.214326721879154,11.483413250700789,10.652850151761537,9.890049831682155,8.910578388338877,8.424732667649558,7.586860069453366,0.3610927117488436,222,0.07234042553191489,4.780541038946012,0.006260490858776029,,,,,,,,,False
2018-10-15,470,0.17285141467010548,21.395076175378716,81.2401648949496,39.675918823149914,21.645004298971557,16.263684128336685,11.594865994633784,10.860535520966033,9.757346219711916,8.92164195390613,8.496475609649602,7.62632461582631,0.36259497476604574,221,0.07446808510638298,4.727525883228029,0.007249466950959489,,,,,,,,,False
2018-10-16,470,0.1856485088926359,19.637713547413405,87.25479917953888,39.49626440470014,21.31508901630822,16.23180605380803,11.103383472837708,10.747264107603248,9.67182419552525,8.812544250970408,8.479344134780257,7.354469398198456,0.3731943449514744,219,0.06808510638297872,4.774474542656225,0.004690831556503198,,,,,,,,,False
2018-10-17,470,0.18689598162969315,19.473301831494382,87.84111136595578,39.3926868851656,21.3763088195278,16.567105897086797,11.006534534438531,10.708410536232506,9.6606216220233,8.85891861920955,8.428025683360325,7.389528577698828,0.37485903723866926,218,0.06808510638297872,4.720675778520716,0.006069954180465454,0.0185145673824573,94.69170846155978,75.38678804431264,0.01863229127136254,94.6599021117437,75.35486397060765,0.9839004640271389,0.016099535972861068,False
2018-10-18,470,0.1899604075536686,19.064116987584143,89.28139155022424,39.60868853950433,21.005802545615715,16.432372760147583,11.00424067814586,10.57151383854949,9.684440119094045,8.894126546154752,8.456399723869913,7.441646563963008,0.37730318313539946,216,0.07872340425531915,4.671756856281241,0.0071678083745406705,,,,,,,,,False
2018-10-19,470,0.18981833702775477,18.987244559220922,89.21461840304474,40.56351147863471,20.807767606838652,16.289214904281955,10.88295196132732,10.327152200279361,9.811874605346585,8.907803443611574,8.341026196971043,7.714408162626762,0.3782086475619732,215,0.07659574468085106,4.697400201763917,0.005099124438597287,,,,,,,,,False
2018-10-22,470,0.19163546129769973,18.747393252256696,90.06866680991888,40.551130558323436,21.303836027731727,15.663960146959507,11.200919630598477,10.38343311668382,9.763286050982614,8.930196022640853,8.243361894823357,7.7532668108573874,0.38040109185857873,214,0.07659574468085106,4.706309098158407,0.004836002359025541,,,,,,,,,False
2018-10-23,470,0.19247660515471574,18.630533679624786,90.46400442271639,40.73422951944087,20.804214634549254,16.153975918482914,11.232101561256009,10.580574199104115,9.252204850596357,8.97718660710312,8.265714160239748,7.760314783502638,0.3816777150137137,217,0.06808510638297872,4.745045675482394,0.004418636301773806,,,,,,,,,False
2018-10-24,470,0.2099212107491507,16.38968589827865,98.6629690521008,43.11357624195401,19.7163061564993,15.457179396423525,11.09359794731602,10.458443095285606,9.219717731726782,8.638888489780989,8.139688881901863,7.642634545674375,0.4000928272219015,197,0.09148936170212765,4.530536740826798,0.00694097899559951,0.01822685764488761,95.26967578113916,79.07168423596478,0.018655603165939328,95.05714620581371,78.85872591511827,0.9764641459612777,0.02353585403872227,False
2018-10-25,470,0.21391522966023527,16.004433378623048,100.54015794031056,42.780621357759784,19.196202725574985,15.459728489480074,11.033684462478906,10.759738740737895,9.070664466628132,8.764893829688415,8.094350580183445,7.373296193911683,0.402149776543839,197,0.09574468085106383,4.527145604459787,0.0063330762600372,,,,,,,,,False
2018-10-26,470,0.21622856852141706,15.764776117566779,101.62742720506603,42.84406815042267,18.95786916493686,15.3770312729448,10.815458757182723,10.641797231101211,9.390442982432045,8.376972503418859,8.013641666118335,7.190152115219413,0.40345075436287886,199,0.1,4.536556618503214,0.008755614027128794,,,,,,,,,False
2018-10-29,470,0.2139325711360456,15.892763676548304,100.54830843394143,43.91303185324094,19.28976906794575,15.753817620709865,10.706301421553162,10.417676942737488,9.314081084811736,8.285726668765008,8.081349570066976,7.167726384945749,0.40470474127104505,201,0.09148936170212765,4.583236267376405,0.006750442317288935,,,,,,,,,False
2018-10-30,470,0.21926770621630762,15.411224388775333,103.05582192166457,43.28868842060497,19.196797351896542,15.57454876709205,10.575069658566738,10.52086132794099,9.18197565851726,7.9788419418680165,7.892885382742969,7.21241739277636,0.4078530342974998,199,0.09361702127659574,4.564152791033409,0.009572199791316972,,,,,,,,,False
2018-10-31,470,0.2191326995342676,15.334202887039792,102.99236878110577,44.43362969231087,18.95516151426264,15.454270299205438,10.884126151979414,10.249580929641466,9.097602781759157,7.949558496326909,7.782520934765412,7.223962825553762,0.4100416094443917,200,0.09361702127659574,4.565057094517483,0.008066052715147666,0.018602839198906332,95.09080464697348,79.95713162026905,0.018645662024387073,94.94659387441386,79.81287802488396,0.9958850163002819,0.004114983699718078,False
2018-11-01,470,0.2203509399780863,15.235889026784713,103.56494178970055,43.995665604760916,18.7185188485647,15.276650201311515,11.867877012535377,10.159394983649065,9.069849809092506,8.889433279711113,7.669102810077963,7.076001936285462,0.411539688206113,199,0.09361702127659574,4.552661036634919,0.0055255636710066685,,,,,,,,,False
2018-11-02,470,0.21895167476397945,15.416732832908748,102.90728713907035,43.58335861763568,18.52636873546853,15.10349753287504,11.801016516503438,10.290223906160708,9.086796275608004,8.90074056471663,7.627918533229039,7.196760074995177,0.40834367774798513,204,0.08723404255319149,4.577249026128721,0.006877466769495985,,,,,,,,,False
2018-11-05,470,0.21855770724574425,15.41736748397482,102.72212240549979,44.02051416131937,18.64111304715653,15.151071732081103,11.736843518236679,10.28229255378034,9.024853312925933,8.778924794110056,7.5695521517519975,7.289105341911611,0.40908864864743294,206,0.09148936170212765,4.565938802317216,0.007022637572018328,,,,,,,,,False
2018-11-06,470,0.21816776674351168,15.460637428100878,102.5388503694505,44.038058667062415,18.52033535502531,14.966113521885205,11.721619670065152,10.379691101819944,8.973794202025013,8.756590698820931,7.5974526170998855,7.259013718966554,0.40805314379465646,204,0.08936170212765958,4.562951208392159,0.0038742457923150206,,,,,,,,,False
2018-11-07,470,0.2234813409934223,14.958820185546804,105.03623026690849,43.93589699487178,18.259859785283787,14.878061977271653,11.787378349179626,10.281838650833372,8.951164203038354,8.415720694932107,7.549926730917221,7.216651220955237,0.41254771781599,200,0.1,4.511322207236785,0.005489270970376083,0.01897953418818129,94.54240159136417,79.78808321262261,0.018460679492032183,94.36024882634061,79.6064493022952,0.9976711082959511,0.00232889170404893,False
2018-11-08,470,0.2209572076086747,15.198843216509836,103.8498875760771,43.871025167762326,18.26516489001107,15.37016085932597,11.683137647960287,10.290832561321903,8.902380367402596,8.304884112617259,7.699899683491705,7.238329046487379,0.4107220768960357,201,0.1,4.514329017879037,0.006705076441500703,,,,,,,,,False
2018-11-09,470,0.2213402523915304,15.196704642772344,104.02991862401927,43.59883822392081,18.1243939166541,15.18927035182104,11.615346786347022,10.204615187196605,8.82949470282486,8.240912972343935,7.643299587302833,7.114524186948614,0.40969737851651544,201,0.09361702127659574,4.539785708990429,0.006369368960667786,,,,,,,,,False
2018-11-12,470,0.22701113481197666,14.678786200169469,106.69523336162902,43.4657471624579,17.662964037563405,14.98748391410097,11.501659791791312,10.15482345745066,8.702465251080458,8.119036827028607,7.716287124480848,7.077465514904738,0.41343210269689923,197,0.1148936170212766,4.486591121508772,0.00869210180102527,,,,,,,,,False
2018-11-13,470,0.22653897305475643,14.72089782241608,106.47331733573552,43.44588449623022,17.687954951534742,15.206147388135157,11.484755336794759,9.99428620437062,8.917776320353529,8.094574395812678,7.686450049221344,7.027560586495169,0.4134001266136817,199,0.11702127659574468,4.4991097615173565,0.008909858004808783,,,,,,,,,False
2018-11-14,470,0.22653293263065952,14.73979811330729,106.47047833640997,43.283937725514406,17.56825554929935,15.047620934873011,11.647241030108457,9.939700127552879,8.876056687504079,8.142602920375879,7.648608040625499,7.0896547358038156,0.41280326292809616,198,0.11702127659574468,4.495614145328139,0.0069772716962300954,0.018444083782366102,94.55985739966432,80.02814813520533,0.018864637538978508,94.78048975576974,80.24835993755413,0.998341999208488,0.0016580007915120154,False
2018-11-15,470,0.22704043926356995,14.725910972635777,106.70900645387786,43.17118441510324,16.843664614134532,14.604229642667637,11.500315596030735,10.305831363352237,8.867422999548342,8.20292099110072,7.642360963843812,7.135014741127207,0.4102731930251362,196,0.11702127659574468,4.4726430929044385,0.00869210180102527,,,,,,,,,False
2018-11-16,470,0.22312107191358402,15.097480272056819,104.86690379938449,43.2614015883656,16.83155625328397,14.747192681532837,11.339174425634784,10.388093609875973,8.891157266394076,8.338413969951148,7.617374204529831,7.126993611568056,0.40648133776213125,195,0.11063829787234042,4.495961018524741,0.007939028262940616,,,,,,,,,False
2018-11-19,470,0.22517845557116156,14.884687617471805,105.83387411844595,43.15373888827405,17.816480245259164,14.739358361344738,11.429130116337323,10.283751366306856,8.462669005386347,8.266440185265587,7.549535963768357,7.069783965768722,0.41057996112693873,194,0.11914893617021277,4.463714850028129,0.008846345778705259,,,,,,,,,False
2018-11-20,470,0.2270123848739786,14.703760607864753,106.69582089076994,43.10734317480933,17.965884599177095,14.639987274690373,11.7024065764682,10.220883347451242,8.681928670415907,8.158814225607944,7.488412538316196,7.30241262376357,0.4130030691827977,193,0.1127659574468085,4.479615825024354,0.006804881368234814,,,,,,,,,False
2018-11-21,470,0.22749998661892998,14.63554254243084,106.9249937108971,43.45591852906372,17.87447441384881,14.586776507529692,11.705633469022342,10.17434679361492,8.578517676793744,8.128669200818155,7.53469266472648,7.394409845428488,0.41393148219225884,190,0.11063829787234042,4.458158232706845,0.005779612575420768,0.01838494051685392,94.93127914886713,80.50485165253836,0.018591977689864217,94.4699337103127,80.04329917681093,0.9969784744664556,0.0030215255335444002,False
2018-11-23,470,0.22740693067543832,14.641442645989608,106.881257417456,43.358068120244155,17.961524618769857,14.873878488850654,11.760715575465252,10.189368869693265,8.596539025375442,8.15412242137337,7.5317459635439175,7.389097786156751,0.4145434983420977,189,0.11063829787234042,4.452587716348688,0.00681395454339246,,,,,,,,,False
2018-11-26,470,0.2294429860991193,14.458683025914558,107.83820346658607,43.47623784770583,17.658081416335705,14.443611113673569,11.869673432774583,10.103480709149714,8.692464755646476,8.177270831505663,7.505483858227199,7.341218411489365,0.4155017176107995,190,0.1127659574468085,4.452086401849405,0.00559814907226784,,,,,,,,,False
2018-11-27,470,0.22927503192341672,14.474663602821566,107.75926500400587,43.63550662087172,17.352590795217637,14.238839185214676,11.860867522317204,10.09642512608756,8.692453634845018,8.16956188625176,7.484057983633655,7.327955502097412,0.4145682321864406,191,0.1148936170212766,4.466205449360446,0.008428979721453523,,,,,,,,,False
2018-11-28,470,0.23626403990543507,13.884171892527274,111.04409875555447,43.30059743071547,17.06974350267712,14.06209027094124,11.674153820131565,10.01404497861104,8.535666264058602,8.059052830858706,7.351245069374196,7.245806153000671,0.41946953995748915,187,0.11914893617021277,4.421332950495598,0.005462051444903144,,,,,,,,,False
2018-11-29,470,0.23603939636050517,13.883435091811014,110.93851628943744,43.619715872937704,17.076465624942266,14.160977334128486,11.56936821466265,10.01733886244596,8.387399418852251,8.029841129162326,7.334073082324515,7.183275984895272,0.4199256241193798,190,0.11702127659574468,4.4376384236209425,0.004772490132922016,0.018615934336672153,94.72705353108547,81.0610419012983,0.018730038102128626,94.18820512689042,80.52207939333779,0.999041780045269,0.0009582199547309989,False
2018-11-30,470,0.2357834001892621,13.901969090120014,110.81819808895321,43.70154046757912,16.915649311936363,14.275036124752049,11.540748158616932,9.992780375983841,8.4949337805116,8.157867598689029,7.242469335304744,7.179069223944814,0.4196833450039099,188,0.12127659574468085,4.414417905971584,0.005806832100893708,,,,,,,,,False
2018-12-03,470,0.23656355182870042,13.859526691548647,111.1848693594892,43.31186212819131,16.824351639756536,14.401183812887872,11.489537468975456,9.990913150962065,8.749226830377463,7.981119914008671,7.2630333765614115,7.086755581611845,0.41959958384957524,190,0.12340425531914893,4.417353321271736,0.008574150523975865,,,,,,,,,False
2018-12-04,470,0.2551183879406143,12.398202212971537,119.90564233208872,42.77686831561569,16.325619884786313,14.104859736950607,10.97979541005304,9.771283698975012,8.507598854604389,7.6947545458807,7.076264425057553,6.91049456917097,0.43423996953083904,178,0.11702127659574468,4.274460861305532,0.014716690105702491,,,,,,,,,False
2018-12-06,470,0.25365125083090284,12.518821098397666,119.2160878905243,42.45910735387521,16.69070125194512,13.8879758574311,11.271499893633175,10.189557394992201,8.382401657397878,7.633650295753508,7.121338424267598,6.903060992651787,0.4330327069093808,178,0.13191489361702127,4.23754399168191,0.012902055074173207,,,,,,,,,False
2018-12-07,470,0.25951522831548085,12.090604679701965,121.97215730827602,42.25104362311936,16.65126353896357,13.958284325338484,11.152022799050288,10.088215125181268,8.300720294958381,7.557262536760767,7.057810234994159,6.813746159717357,0.43826547147818656,176,0.16808510638297872,4.164760848100681,0.0171029351721635,0.018389180546618606,94.84262596163367,82.99314732970056,0.01853503917430094,95.25639522996391,83.40677073940313,0.9978685624009266,0.002131437599073416,False
2018-12-10,470,0.2585822845964019,12.153002087098193,121.53367376030889,42.20068390420211,17.326600356748635,13.802333951971898,11.137399419312256,10.237461193103528,8.27887183764231,7.408446339999727,7.083341682778411,6.72004063671415,0.4382993433883911,174,0.14893617021276595,4.1699526194003305,0.015642153971782424,,,,,,,,,False
2018-12-11,470,0.25875686012355714,12.138408570110604,121.61572425807185,42.26320839432904,17.408474309236034,13.755605939917094,10.963300807454418,10.138876218423272,8.289662529433901,7.393678549042747,7.093718476261935,6.7452918676478815,0.43831130576384775,178,0.14893617021276595,4.185961005392938,0.016767227691330582,,,,,,,,,False
2018-12-12,470,0.25848175972169757,12.147084041648684,121.48642706919784,42.48122494131631,17.357706058310434,13.688191792225183,10.936827591108091,10.296814409830777,8.402596259581909,7.401385854857109,7.061449820119065,6.767117872449203,0.43819229245139985,177,0.15319148936170213,4.181479915074274,0.012902055074173207,,,,,,,,,False
2018-12-13,470,0.25846961078215597,12.151240422578095,121.48071706761331,42.512759078044596,17.25117767377052,13.565940585252623,10.906466532627904,10.303668796092797,8.444960084967462,7.4149966477570235,7.034055175230673,6.678223835078328,0.43769587433469986,179,0.16170212765957448,4.190559385318717,0.012076396134827383,,,,,,,,,False
2018-12-14,470,0.2592874585746478,12.116829666964728,121.86510553008446,41.96205858539305,17.14812820480013,13.790813201310478,11.02406414902519,10.180264966540173,8.560837546945496,7.38023949612833,7.077269220064589,6.749074051939703,0.4378514248310922,177,0.14893617021276595,4.180704878179826,0.014916299959170713,0.018298419231120994,95.41748801325859,83.54164738563739,0.018509921168613885,94.81466888286269,82.93861675330399,0.9992316283798311,0.0007683716201688506,False
2018-12-17,470,0.26531889325727015,11.609141065798324,124.6998798309169,43.70881982868519,17.012818371064135,13.58172737578133,10.721157872416462,9.793483079071656,8.415275977969817,7.27354984018192,6.9511681367975315,6.601791965967637,0.4462221346358812,170,0.14680851063829786,4.159166488707595,0.011867713106201515,,,,,,,,,False
2018-12-18,470,0.263134229251752,11.765144353143176,123.67308774832344,43.54515587563395,17.345496674160273,13.56085613627436,10.892823350746095,9.802471703315263,8.276712534410219,7.321337588031867,6.992811458320193,6.647884385838284,0.4447179144364641,177,0.15531914893617021,4.193140113997039,0.0065689788141360065,,,,,,,,,False
2018-12-19,470,0.26490925246270663,11.644611592993112,124.50734865747211,43.5212504734767,17.13233750909115,13.625337184734542,10.851589124706866,9.746328567362418,8.283731043970072,7.3391568635147095,6.973648701797571,6.704073542497912,0.4460380062754923,173,0.12340425531914893,4.207063521777906,0.019652497391462142,,,,,,,,,False
2018-12-20,470,0.268061520577163,11.443382412236767,125.98891467126663,43.209487486933725,16.961650256833146,13.516819818827948,10.725514835178004,9.766117917586232,8.339229506323829,7.3447467792542,6.912510949422515,6.637865821688376,0.4476646533383817,169,0.125531914893617,4.238379618479835,0.01923513133421041,,,,,,,,,False
2018-12-21,470,0.27181029101710785,11.208318434886012,127.75083677804068,43.024272120584385,16.652386198974547,13.32904822292512,10.49967499519017,9.651189091492014,8.344173606532863,7.467999774038526,6.8326012394849,6.588696592815498,0.44948131556535087,166,0.13617021276595745,4.1954678240148455,0.020151522025132696,0.018851562097877403,95.18333687578853,84.22797716982174,0.0186270227595168,94.46873823838456,83.51360307175614,0.996537993480027,0.003462006519972971,False
2018-12-24,470,0.2824522400748272,10.479875923504427,132.75255283516879,44.63770251989477,16.36397716683052,12.900959880638403,10.080588761611867,9.116791434642252,8.192667361700664,7.33253400585942,6.698446811091062,6.449773597425788,0.4611399599237114,161,0.13404255319148936,4.0714145641721124,0.021358254321099668,,,,,,,,,False
2018-12-26,470,0.31249192458352504,8.920809189526267,146.8712045542568,43.194957583698724,15.408439165785136,12.059280303557319,9.545981722873972,8.803749457914545,7.81835023495832,6.958568201673966,6.443535427797261,6.129615484790479,0.4831486453833445,146,0.2553191489361702,3.635184384296016,0.05561856371637255,,,,,,,,,False
2018-12-27,470,0.312085454547036,8.941226687135135,146.68016363710694,43.15689635583146,15.39386386358278,12.04401942971085,9.56261417604653,9.004332963554113,7.829253358019205,6.934371390180371,6.496606345374677,6.091837524729784,0.4826331009835713,148,0.24893617021276596,3.7625513512350417,0.047797486730481335,,,,,,,,,False
2018-12-28,470,0.31233509602192444,8.956685558527456,146.79749513030453,42.29712564591651,15.083636615151256,12.039783406703677,9.618755587098372,9.012895457901452,7.876177494360068,6.954558899893874,6.513034146909594,6.138678568700618,0.4805038220961155,148,0.2553191489361702,3.663292202757181,0.05757836955042417,,,,,,,,,False
2018-12-31,470,0.3133277947171926,8.910256651626725,147.26406351708056,42.25466719549888,15.042365813659199,12.005283637507642,9.623267393231668,8.984082482887683,7.8489982552222735,6.931948352052007,6.511685196004299,6.120102584413078,0.4812545692701657,149,0.24893617021276596,3.6918801863385156,0.051635439822165764,0.018595602874161378,95.29125338410987,86.67572892432617,0.018794081938311908,94.3806442731404,85.76492133429257,0.9931763287848191,0.006823671215180904,False
2019-01-02,470,0.31130822339116154,8.973798933961998,146.3148649938459,43.276764538612724,15.733038354787848,11.936831400284046,9.619723284503838,8.88369126931989,7.8847704662769065,7.08331937613092,6.490140607070749,6.116658457729405,0.4827260054724136,149,0.2553191489361702,3.6775769505685645,0.05407612393957265,,,,,,,,,False
2019-01-03,470,0.3119627207107202,8.928073893741676,146.62247873403845,43.630040517674004,15.827142657618296,12.051299086324686,10.034420537708392,8.947075177578611,7.801723349520389,7.057703034548965,6.443180077810431,6.029534585513282,0.4854582585816253,149,0.24468085106382978,3.7142495386636307,0.0263485006578052,,,,,,,,,False
2019-01-04,470,0.3265520938156765,8.275830426677178,153.47948409336794,43.09263387119087,15.479190079373888,11.651506685642879,9.78449019347359,8.830917096556716,7.638799610854905,6.891714462048535,6.285096206586191,5.879787630628083,0.4967814998362749,142,0.2531914893617021,3.618509528810967,0.0292609898834097,,,,,,,,,False
2019-01-07,470,0.3276547728692464,8.228573797993384,153.99774324854576,43.039757447041794,15.422474144934773,11.60317520015796,10.164253354937646,8.741116464572364,7.626114372394735,6.777813350339031,6.309271015603294,5.8408800541594,0.49835617743748506,142,0.25957446808510637,3.617639773034611,0.018200789366238715,,,,,,,,,False
2019-01-08,470,0.3288497894235766,8.180123593982888,154.55940102908096,42.966215465932606,15.350046466925178,11.553351031314346,10.160696474978426,8.671342824925524,7.547321516500036,6.7471655413408325,6.310435768458575,5.829965621359823,0.49912704354942894,141,0.26382978723404255,3.5956476925627885,0.014925373134328358,0.019200665596823076,95.17373420142626,87.30325973127013,0.01842563283329829,94.79276730647847,86.92306786908586,0.9990502965330795,0.0009497034669204707,False
2019-01-09,470,0.3287252306153096,8.186546259480853,154.5008583891955,42.97947641679036,15.275899618063828,11.419611065079618,10.14651709161387,8.657980083296174,7.5329321151485615,6.724969828420427,6.298894784438762,5.883610027111975,0.4985582182569004,145,0.26382978723404255,3.652347492828465,0.015079617112008347,,,,,,,,,False
2019-01-10,470,0.3305651143661089,8.110327340930322,155.3656037520712,42.89189943060076,15.31218726252793,11.29829269921277,9.987818788993934,8.698959344552232,7.524722217390581,6.6910643523433695,6.27024720429891,5.874545078736512,0.4996931956029928,143,0.25957446808510637,3.6440313115716205,0.01686703261806469,,,,,,,,,False
2019-01-11,470,0.3309300371807637,8.096010539562327,155.53711747495902,42.81261204207841,15.313021473995322,11.397066086261933,9.981519330010219,8.727081140250075,7.5293837358841404,6.690956915355192,6.242308954073494,5.858821213223166,0.5000879498027762,143,0.251063829787234,3.656271382621975,0.005271514766592569,,,,,,,,,False
2019-01-14,470,0.3313056364567483,8.082799831348296,155.71364913467175,42.70376240405446,15.450274511052362,11.439581833250855,9.946930076553375,8.498379621693346,7.519649772439337,6.690504377508063,6.21905968888439,5.807984118852157,0.5005408467225165,145,0.251063829787234,3.6766886739206726,0.008501565122714693,,,,,,,,,False
2019-01-15,470,0.33246105353259453,8.034746105698966,156.2566951603194,42.69003229391713,15.42317274693615,11.508213640579047,9.812339529292068,8.436261517867983,7.461133866705611,6.720957910595055,6.3188017346829595,5.829087021008158,0.5014690497256251,144,0.2553191489361702,3.6512739279162294,0.01282039649775439,0.01802677645712091,95.36229701181274,87.64198518318925,0.01882840101129801,94.7696625412477,87.04854908807002,0.9996884583287254,0.0003115416712745622,False
2019-01-16,470,0.3324050267529615,8.035914441823374,156.2303625738919,42.72845080482519,15.350419166999751,11.55880932864839,9.810536485628617,8.495423262152567,7.489015574832834,6.728762113138035,6.265861666787053,5.816200053551608,0.5014437837446678,143,0.2574468085106383,3.611028061654065,0.013455518758789638,,,,,,,,,False
2019-01-17,470,0.3352353924417662,7.915564139406665,157.56063444763015,42.8592912690426,15.354365291353757,11.58926764961286,9.888728805193416,8.482376754017363,7.504956003485088,6.653231344751712,6.249151296471652,5.592180661213569,0.5047921009847505,142,0.2553191489361702,3.6256994233527022,0.01084244431338747,,,,,,,,,False
2019-01-18,470,0.33784211183307766,7.806967067675402,158.7857925615465,43.030965967691245,15.22214069324715,11.491888400202384,9.727622138639855,8.499510120239485,7.541605826758445,6.697232306526569,6.244429917275813,5.538213390996172,0.506932786726228,136,0.26382978723404255,3.5285832073033756,0.011885859456516807,,,,,,,,,False
2019-01-22,470,0.3403264166801648,7.708518609425368,159.95341583967746,43.19513283036859,14.56246921127343,11.464730593127872,9.752826691852189,8.470395099290378,7.543748689000282,6.6713797114784965,6.236466065584821,5.531800730735773,0.5083586705665948,137,0.25957446808510637,3.5225329396049476,0.01426303134782017,,,,,,,,,False
2019-01-23,470,0.3401742418109524,7.7108139293441,159.88189365114766,43.37902272066239,14.58744080111667,11.434044932354514,9.77662796262564,8.458626299499489,7.507854087045768,6.5688371075051135,6.194697189898655,5.513655464616312,0.5086362341870359,137,0.3170212765957447,3.3992036986781056,0.047606950052170756,0.018392340496465622,94.41334023821685,87.02430821018723,0.018400331443388627,94.4471611966256,87.05812117764907,0.9993358677153581,0.0006641322846419051,False
2019-01-24,470,0.33922467201238754,7.7473966008010695,159.43559584582215,43.40745382841267,14.471577364640849,11.461078233547447,9.882176742283377,8.402756407002425,7.771236513275068,6.566383293506994,6.216472151920692,5.553439263085911,0.5077827276908649,136,0.33191489361702126,3.3414274743489667,0.05680714966202423,,,,,,,,,False
2019-01-25,470,0.3400430315914268,7.712770913122523,159.82022484797062,43.50577640184814,14.43635303337588,11.42462429478007,10.174613277474542,8.377182867029024,7.649621003843528,6.506497762880611,6.165310037377684,5.444554182890049,0.5092799826711685,134,0.26382978723404255,3.4853361492120882,0.01542439776799891,,,,,,,,,False
2019-01-28,470,0.3400575999663369,7.715778599377981,159.82707198417836,43.300654338973956,14.42411372202205,11.469833901417521,10.302398616503613,8.417152303345446,7.6271495111254115,6.552514273468221,6.199052641335821,5.504817750961561,0.5092001543895648,135,0.32978723404255317,3.342298470785681,0.0493943655582271,,,,,,,,,False
2019-01-29,470,0.33882949264465884,7.763968882516118,159.24986154298966,43.30244247283375,14.54090897691489,11.39475183260528,10.296148199703278,8.460241528503357,7.586996530378894,6.668102929154587,6.174836678119753,5.473424590923483,0.5080513043086103,136,0.26170212765957446,3.5004565028608705,0.02138547384657261,,,,,,,,,False
2019-01-30,470,0.3392083442260853,7.752005024933442,159.42792178626013,43.12075642597799,14.55445923046041,11.452157439692154,10.270220367900261,8.4650084858721,7.6215350737383805,6.649556570765651,6.156141864266744,5.5048257492878,0.5081393941495551,134,0.31063829787234043,3.3995976893073974,0.02086830286258676,0.018008307127264065,95.62217576384535,88.19137077601073,0.01838079939788146,94.86918878556155,87.43801130545631,0.999137658883451,0.0008623411165490369,False
2019-01-31,470,0.3384753018354876,7.779526109825652,159.0833918626792,43.18052651643396,14.534681913168347,11.42766014629282,10.204101881037616,8.369090548175777,7.894496222438131,6.692027992327848,6.133528656182557,5.71288665761759,0.5072986432332168,131,0.2957446808510638,3.4465828295875407,0.03583904187270335,,,,,,,,,False
2019-02-01,470,0.33769072374163267,7.810514128337673,158.7146401585673,43.24052662754485,14.531072768200394,11.439159797677359,10.180203022982536,8.343702088278608,7.861249563634546,6.683956744606199,6.114800754354757,5.672576469940334,0.5066076646276011,134,0.2957446808510638,3.477289992708646,0.04564714421811913,,,,,,,,,False
2019-02-04,470,0.3380463279793741,7.798458981542418,158.88177415030583,43.187099657718505,14.530580377812653,11.14033797919289,10.18290522201859,8.36414545338817,7.8773361531880175,6.688540714256112,6.154668528837652,5.7043018706006965,0.5062185050788265,133,0.24468085106382978,3.5565323224999443,0.05258812321371864,,,,,,,,,False
2019-02-05,470,0.33726536713561406,7.831956011430512,158.51472255373864,43.11728931515687,14.510979857071257,11.16619572956089,10.164579260446729,8.387020372174291,7.876650886781911,6.6820966435463856,6.1427993004088535,5.691516910528999,0.5052633334382434,133,0.24468085106382978,3.558402640186557,0.025595427119720546,,,,,,,,,False
2019-02-06,470,0.33597420354454527,7.88668044576467,157.90787566593627,43.03380011391981,14.50104135796373,11.190237920902009,10.208368778106617,8.317666298332652,7.865989747369552,6.71726477652215,6.144814100837027,5.679967902170789,0.5039177102911243,135,0.24468085106382978,3.6409220051977944,0.053123440548019776,0.01853077650995359,94.49769961339614,86.92846259466606,0.01888839544048319,94.57636258323576,87.00676794557516,0.9995011781658155,0.0004988218341844819,False
2019-02-07,470,0.334738277106512,7.940367541676974,157.32699024006064,42.958378913181164,14.378704301004351,11.097717962958694,10.134528969383407,8.357364950964959,7.842851307893944,6.694511316983129,6.181926901359133,5.641628097000272,0.5019070646523154,138,0.2425531914893617,3.6664117884160543,0.042798167218618156,,,,,,,,,False
2019-02-08,470,0.33282569283573404,8.020937762695722,156.42807563279501,42.905122884910824,14.470425600794703,11.111124139024437,10.131290175898224,8.386917420415882,7.898455324531341,6.69078758585114,6.175339114759765,5.644905681401616,0.5000979541136663,138,0.2404255319148936,3.676442229589854,0.041382751894025314,,,,,,,,,False
2019-02-11,470,0.33247617252219813,8.037175860422016,156.26380108543316,42.851413620039665,14.448072234704016,11.104853182889046,10.130471975249261,8.38884745418698,7.891602008124468,6.693936366615397,6.196631122542458,5.676699735769028,0.4995715151027981,136,0.23617021276595745,3.600879438248639,0.015342739191580093,,,,,,,,,False
2019-02-12,470,0.33307468334332285,8.01286731912719,156.54510117136175,42.82269225487873,14.453361410910508,11.067201118336435,10.225908278574401,8.362039808730977,7.896826048258561,6.6611987299778725,6.170768070208274,5.669811529220846,0.5002431153916209,137,0.2404255319148936,3.674352117394652,0.02553191489361702,,,,,,,,,False
2019-02-13,470,0.3332768332780305,8.012623831331997,156.64011164067426,42.45646479386012,14.484380938677441,11.039275666130015,10.293844499177744,8.363241704413065,7.919996507719535,6.683119241409297,6.1781016412494525,5.652022117617025,0.4998171862521696,137,0.24680851063829787,3.657096696673777,0.013364787007213174,0.01840918996516085,95.7713369207933,88.07358073277418,0.019471228509274074,94.32077931769156,86.62196109112833,0.9996808134763041,0.0003191865236958913,False
2019-02-14,470,0.3330538886670641,8.03008138192793,156.53532767352016,42.1006141363179,14.497057911286477,11.024071222532083,10.361488751887228,8.367644711454533,7.91929284927274,6.651856415223683,6.1862299689557165,5.658402549005906,0.49897565892668894,139,0.24680851063829787,3.59900376031148,0.016340788458921198,,,,,,,,,False
2019-02-15,470,0.33449495960865183,7.971757948902225,157.21263101606638,42.04552222887972,14.489246696409932,10.944335646748176,10.375570477990243,8.324046014941832,7.898942394645439,6.625981697996888,6.173105974393492,5.63194157951463,0.5001432043959456,137,0.2404255319148936,3.6147896169522573,0.01887220432790455,,,,,,,,,False
2019-02-19,470,0.334165053075753,7.984386303751959,157.0575749456039,42.07409675043917,14.557048048704734,10.921048455224103,10.368040044091403,8.327276248191552,7.912030988687344,6.676731839328839,6.165060459647912,5.628211414430479,0.49995278349800715,138,0.2425531914893617,3.593384502993973,0.02059610760785737,,,,,,,,,False
2019-02-20,470,0.33348583575306207,8.018692814893758,156.7383428039392,41.81017792228036,14.564733183560035,10.81422694325371,10.488847867183367,8.457089043657373,7.891252052423967,6.672021796796718,6.149190487926939,5.62440586762058,0.4987581462132269,139,0.24468085106382978,3.666434503960585,0.015986934627772988,,,,,,,,,False
2019-02-21,470,0.33274634737029707,8.051109545808641,156.3907832640396,41.858887834427364,14.526044195715732,10.663110358745174,10.444353999370373,8.37526760758114,7.80840813543629,6.646490808088124,6.16600926933037,5.566189501842742,0.4976237864942517,139,0.2531914893617021,3.583648213761746,0.02485142675679354,0.018814509081485322,94.91171306236035,87.17453535484051,0.01808285553932683,95.53975820148197,87.8033121475043,0.9996556788210619,0.00034432117893812286,False
2019-02-22,470,0.33146538583030466,8.11430701297606,155.7887313402432,41.57058164188324,14.490688300257863,10.580261373498084,10.356153093525476,8.35384346254792,7.798847001093856,6.619544584872832,6.055486946346642,5.605283730370552,0.4952902462753359,140,0.2553191489361702,3.664043978926451,0.025341378215306447,,,,,,,,,False
2019-02-25,470,0.33092692705185517,8.13379202831177,155.53565571437196,41.748367771187134,14.470314314154384,10.521167333530437,10.32364824764357,8.370838856137274,7.8274279414209635,6.6100405995463465,6.038325908122285,5.626283946295038,0.4948918157040158,139,0.2531914893617021,3.598280602282867,0.01801025268792814,,,,,,,,,False
2019-02-26,470,0.33084948777050505,8.138085887043394,155.49925925213734,41.72046587383592,14.476457788646886,10.494495700614245,10.32586500881241,8.341611764595179,7.817907560927207,6.59596047231774,6.029380596264767,5.627894113052982,0.4947160502639295,140,0.24893617021276596,3.614834608232513,0.011867713106201515,,,,,,,,,False
2019-02-27,470,0.33036632339068656,8.160793393155577,155.27217199362264,41.691631318797775,14.439833010926437,10.473324688535808,10.249799595316478,8.329616775690361,7.796131855599671,6.58479980634147,6.0124384722176725,5.6183243429210155,0.49388672469616857,141,0.251063829787234,3.6095780157855417,0.020559814907226782,,,,,,,,,False
2019-02-28,470,0.33051768294805833,8.158097822327441,155.34331098558738,41.60133514199107,14.293622991639038,10.422979588083724,10.28152989874587,8.25592870885443,7.756043192683777,6.578429300215198,6.023830016021453,5.655227812979205,0.49349527362988754,138,0.2531914893617021,3.5570263264063122,0.01840947239486458,0.018602045860534554,94.64421572028532,86.7980335350454,0.0185731445555744,94.60080767750519,86.75465439357023,0.9993917219501919,0.0006082780498081197,False
2019-03-01,470,0.3311519405820306,8.134000877832486,155.64141207355442,41.48700516238816,14.22192469961769,10.464316038028667,10.324385206219635,8.195683957064162,7.731294129631998,6.5812411076391335,6.023287117037772,5.6488213292263625,0.4939128578293798,139,0.251063829787234,3.5820637957476027,0.02575874427255818,,,,,,,,,False
2019-03-04,470,0.33102708467052816,8.140259496909119,155.58272979514823,41.41713229037691,14.231965351442396,10.47915908173609,10.394034861662531,8.263554680507415,7.74484888334775,6.5735339563875135,6.0547781384371016,5.676778014874337,0.49384047102205564,139,0.24468085106382978,3.688801688672588,0.01918069228326453,,,,,,,,,False
2019-03-05,470,0.3309675398777154,8.14287958606897,155.55474374252623,41.41549822250113,14.21531519774319,10.496127177404858,10.398900129216704,8.306783399362004,7.731905796194644,6.5727323934006,6.060073595871379,5.689300108944423,0.49378847759445127,137,0.2425531914893617,3.72024207933359,0.021312888445311436,,,,,,,,,False
2019-03-06,470,0.33197520556172677,8.099693079092319,156.02834661401158,41.418053839296036,14.233271547911574,10.447354937587983,10.36295417272067,8.271900913798028,7.720320196263714,6.552555191229525,6.038650880374699,5.694753214682066,0.4946595342798465,142,0.24680851063829787,3.7411371147003143,0.020360205053758563,,,,,,,,,False
2019-03-07,470,0.3327786041173978,8.064929348427393,156.405943935177,41.47925575485904,14.190905870304569,10.432337380275436,10.362677233776063,8.307564476026837,7.531004006167569,6.534610859977279,6.02167988066124,5.694654888190229,0.49547046845615333,141,0.2553191489361702,3.6912457143431423,0.017801569659302272,0.01808563481127483,95.60892302493068,87.8586866458094,0.018141152625950997,95.40355513377101,87.65326323683506,0.9998407841474178,0.00015921585258216187,False
2019-03-08,470,0.3328030614661534,8.062876344784192,156.41743888909207,41.52478714623703,14.139298615861325,10.47490155357359,10.380033885424455,8.315602702324096,7.537208334156837,6.581353704470905,6.006183881907092,5.7009792822086505,0.49560948955359263,141,0.24680851063829787,3.723383116199267,0.02244703534001724,,,,,,,,,False
2019-03-11,470,0.33583119014140583,7.938285300297576,157.84065936646067,41.463189263924775,14.056464789889356,10.445653111975165,10.277335531618307,8.29431893690121,7.527714433611241,6.55624789207438,5.975688094705511,5.682947067721678,0.4980495788592944,138,0.2553191489361702,3.6061609031986492,0.022510547566120764,,,,,,,,,False
2019-03-12,470,0.33588041502627275,7.938004291927743,157.86379506234817,41.40724436474024,13.916963917803061,10.480223888350082,10.296112488710023,8.28804665103226,7.546252329634154,6.562781431330103,5.979445915889029,5.6840627306405835,0.497796467493514,139,0.2957446808510638,3.536191989267906,0.042271923059474664,,,,,,,,,False
2019-03-13,470,0.33631748388058863,7.922560191610095,158.0692174238767,41.28647987581422,13.905381492125526,10.407273224039836,10.307501889953217,8.32038615971565,7.581215851839646,6.577648815251699,5.974724399044247,5.689812779830898,0.4978209657570414,138,0.2531914893617021,3.5834182513580224,0.02715601324683573,,,,,,,,,False
2019-03-14,470,0.33753158185665016,7.87954672901916,158.63984347262556,41.046471591220396,13.567203293059585,10.43544777884164,10.236917389449046,8.36186806162371,7.576941351333035,6.6106826579101465,5.986166418434497,5.603053396730992,0.4977146457982899,136,0.3021276595744681,3.5382840879607547,0.035448895340924554,0.01829608621354343,94.88027712828504,87.319965894909,0.01838816834943358,94.86985075445713,87.3094474389452,0.999683335617577,0.0003166643824229487,False
2019-03-15,470,0.33653249954914355,7.921458995380127,158.17027478809746,41.025323516265885,13.581954683511498,10.461879799480315,10.249052655363133,8.361204018278745,7.574460263683779,6.6081530737999845,5.9771119006936795,5.596253986537524,0.49678401158025165,139,0.30638297872340425,3.539309098216206,0.04003992197069364,,,,,,,,,False
2019-03-18,470,0.336190572520765,7.93187602183208,158.0095690847595,41.12558326228799,13.898394238360478,10.428329333368321,10.198478668482771,8.358791500284472,7.575624860459401,6.593683956717456,5.950478311176633,5.600979427619404,0.4971496906111896,138,0.2574468085106383,3.599975818977944,0.017248105974685842,,,,,,,,,False
2019-03-19,470,0.3365336870563936,7.924867551729053,158.170832916505,40.793044552491665,13.973418393562998,10.48945222977902,9.936349777852943,8.393457935640384,7.598035758519398,6.609973771770951,5.922177390214198,5.634723955856296,0.496517229511046,139,0.3021276595744681,3.5488169210237244,0.018563716372544573,,,,,,,,,False
2019-03-20,470,0.33622456085965974,7.9355501830272415,158.02554360404008,40.825485534276396,13.907198105942076,10.62418542563035,10.215979988907389,8.363673697005321,7.603232842801438,6.622042598716391,5.887388836174888,5.657289356353012,0.49701785672084314,139,0.251063829787234,3.6564080536579273,0.022746450120219572,,,,,,,,,False
2019-03-21,470,0.33682202395808475,7.910851330501393,158.30635126029983,40.86294561605912,13.918214198391338,10.68437180774545,10.166823437284894,8.315074357248722,7.510916513372393,6.589601525605929,5.782785767477856,5.627925292322869,0.4977419283399588,141,0.251063829787234,3.6713989055851433,0.04148255682075942,0.018669482291754524,94.88023328400136,87.28753449516631,0.017610966404157432,95.75947076381634,88.16783049086888,0.9994158976895209,0.0005841023104791176,False
2019-03-22,470,0.34079537816747607,7.7424716858723075,160.17382773871373,41.26211069126333,13.82026494314471,10.57734719708315,10.037066377104725,8.2372421593649,7.4966108322556515,6.52186211946705,5.7573451449026765,5.5447431611837565,0.5018523764836377,140,0.30425531914893617,3.581150366737099,0.014217665472031937,,,,,,,,,False
2019-03-25,470,0.3411949552424069,7.731485692954263,160.36162896393125,40.99769917133716,13.817443224730281,10.605663030169623,10.07049792870232,8.252599741958871,7.53035512203693,6.535534449442723,5.786345556945471,5.549349479933396,0.5018147496146184,140,0.2957446808510638,3.6073966399769146,0.04311572834913578,,,,,,,,,False
2019-03-26,470,0.34232314039978273,7.688692530317668,160.89187598789795,40.91860893411835,13.823307110219172,10.643426337950554,9.822566507666178,8.251909927595392,7.439530727322211,6.525492780023004,5.814306771329569,5.571306159512328,0.5023399678252173,136,0.30638297872340425,3.548493982631824,0.015442544118314205,,,,,,,,,False
2019-03-27,470,0.3428344029176396,7.668605251940469,161.13216937129062,40.95063103835187,13.7545673593368,10.610211301920847,9.833387226596665,8.144185502774707,7.442977043438624,6.5294942655807855,5.834770833589279,5.522210492269415,0.50272546020744,137,0.3,3.589519876294814,0.03600235902554099,,,,,,,,,False
2019-03-28,470,0.34361020885224086,7.648554331072417,161.49679816055323,40.414116029568035,13.59112732070454,10.675016575309385,9.937795059502351,8.174834620782338,7.435551347516265,6.547929105226498,5.837917607099722,5.568575811352871,0.5023720279694415,135,0.30851063829787234,3.5426500206858527,0.03690967654130563,0.0184528481490583,94.96308692323446,87.63968995286523,0.0180371678402886,94.48211665054204,87.15913536048157,0.9997651658997252,0.00023483410027480556,False
2019-03-29,469,0.344671354299925,7.60576845959268,161.65086516666486,40.39651419919268,13.40378994230451,10.482106420394281,9.96866326177539,8.199426600725552,7.4477121390854215,6.54647286404952,5.877121685940822,5.576632566981677,0.5029892089346091,134,0.2921108742004264,3.595437267399439,0.013431013431013432,,,,,,,,,False
2019-04-01,469,0.34512855709142604,7.582906102725295,161.8652932758788,40.68133797965821,13.373713972485914,10.458098147378742,9.867995219905222,8.188018891333812,7.454572654279437,6.590989929352325,5.856425628931829,5.562465818898186,0.5037237496701639,130,0.3049040511727079,3.5334805050224043,0.023062343957866344,,,,,,,,,False
2019-04-02,469,0.3457993640709814,7.568747367963514,162.17990174929025,40.16317714174998,13.103965572774504,10.497881589758649,9.814464690019193,8.176408874054655,7.452539437528941,6.609095426415502,5.860962018149243,5.567442998659207,0.5026852681100056,131,0.3049040511727079,3.5370990303902183,0.006815738159021741,,,,,,,,,False
2019-04-03,469,0.3461778912771705,7.552933017201794,162.357431008993,40.23130613480602,13.200825728643741,10.499774819489568,9.72364104066981,8.118867993772035,7.362224682487421,6.604206232716004,5.866224507734023,5.574383571341706,0.5032259674469128,130,0.31556503198294245,3.4861023707620644,0.027171833141982394,,,,,,,,,False
2019-04-04,469,0.33725725882257956,7.896622787798102,158.17365438778978,40.63654874894435,13.725210918548603,10.687020517451158,9.877322836626181,8.228125902814643,7.43376763800692,6.743509488555615,5.825813056180337,5.6705407909977,0.497014408122303,135,0.29850746268656714,3.574658242313836,0.019481347839556795,0.018183929680644525,95.0903264639511,87.51277700529492,0.018766929117524492,94.61611530890521,87.03798285081216,0.9995940214554154,0.00040597854458457316,False
2019-04-05,469,0.3334900852874671,8.064793182255833,156.40684999982204,40.02376676577971,13.804572366787378,10.778664443643004,10.0366661713821,8.330005679605168,7.571511445938201,6.837227222393279,5.930353001883344,5.757033157375208,0.49264503144438015,139,0.302771855010661,3.5894917776856987,0.012228236108833123,,,,,,,,,False
2019-04-08,469,0.3340470200954127,8.04130050280184,156.66805242474857,40.091646878638315,13.629676812496287,10.81096068935426,9.742268188868469,8.304574249963963,7.580428051066345,6.865423792447682,5.946235491553973,5.786658579224719,0.49241493602154773,140,0.2921108742004264,3.631153533312088,0.03290324932115977,,,,,,,,,False
2019-04-09,469,0.33567728532341906,7.975080588837743,157.43264681668353,39.98163670255687,13.559696285157221,10.792421473650307,9.768529554081262,8.340244210233418,7.431608545444016,6.891615355022784,5.962409926489579,5.804428916372465,0.49367789090006226,140,0.2921108742004264,3.6412367749521617,0.02159532010278279,,,,,,,,,False
2019-04-10,469,0.33167284399103014,8.140567123101897,155.55456383179313,40.08515522098308,13.522740066108987,10.965927234650295,9.888747167674744,8.43904028336474,7.511126191696941,6.986033574831196,6.0241622696637895,5.871835587568973,0.49044164929895573,144,0.29637526652452023,3.665695264020423,0.020766132706431215,,,,,,,,,False
2019-04-11,469,0.3321379359730542,8.119434870201225,155.7726919713624,40.121021784659334,13.502100106778041,10.90993680729717,9.921300514985587,8.475753081798135,7.528334906836806,6.9402046228534715,6.0382210382413355,5.887085321644443,0.4908892349362101,144,0.2942430703624733,3.6637134298773417,0.018889071127877098,0.018769423801362182,95.15761248207409,87.35154612404456,0.018799386694521747,94.70643346594264,86.90033714501995,0.9990749813882501,0.0009250186117498727,False
2019-04-12,469,0.32987737759042274,8.218034973211783,154.71249008990827,40.05992185355349,13.58591700135295,10.921014844603288,9.930660660154121,8.454416412351254,7.53304511517185,7.060439352331259,6.0744710175582295,5.9002217201282265,0.4887206917901325,146,0.2921108742004264,3.6835765047475046,0.014642902702604195,,,,,,,,,False
2019-04-15,469,0.331748699753506,8.148112209887477,155.59014018439427,39.52579592049898,13.572317207429084,10.877151282314525,9.96546491278681,8.510349266760983,7.559752180138712,6.989803462534635,6.105146530513618,5.946222464937764,0.48940483903501864,143,0.302771855010661,3.5815395292906183,0.018725056038488876,,,,,,,,,False
2019-04-16,469,0.32986316240638214,8.212090709721734,154.7058231685932,40.34010126898464,13.413083718637527,11.168784173941496,9.816626124455144,8.474026428584292,7.589079266567481,6.934923128423689,6.006402635452339,5.913242539250576,0.48922050843200865,146,0.31343283582089554,3.5904506658276816,0.018415249758533342,,,,,,,,,False
2019-04-17,469,0.32991032261863795,8.207585553097388,154.72794130814117,40.39245015105706,13.470211569419206,11.19661423087986,9.786150595162717,8.398455002599771,7.513088164702418,7.076177144782052,6.29283872317426,6.000403490994803,0.48949545384788923,144,0.31130063965884863,3.5715894929255727,0.020210303792393344,,,,,,,,,False
2019-04-18,469,0.3227586451665404,8.578260652608398,151.3738045831074,37.98715348831408,13.951174650092113,11.540874900690156,10.07602128823672,8.521010686217465,7.759915823716669,7.157336720144235,6.513134426874898,6.014894735417103,0.4795928121757794,149,0.3049040511727079,3.64960003787143,0.02815592367831174,0.018327337278304944,95.41680304319686,87.14297369847671,0.0183497346184058,94.38885711504456,86.1150053729843,0.997524267008283,0.0024757329917169946,False
2019-04-22,469,0.3228007168579345,8.57663776605203,151.39353620637127,37.94755710404371,14.1366216506595,11.470780739729491,10.403201303536102,8.188544002046577,7.668882236689453,7.19007074547935,6.3960104594513245,6.053422713877134,0.48049402346341163,149,0.302771855010661,3.658319692568441,0.03235653235653236,,,,,,,,,False
2019-04-23,469,0.32215641082360275,8.602270980609056,151.09135667626975,38.10107460575291,14.273390962528136,11.552260251056653,10.546917488395168,8.342468905100908,7.355041976990854,6.953441552877982,6.50297472608524,5.958080625282305,0.48094882725800114,146,0.2921108742004264,3.6767481965904416,0.03225630091301733,,,,,,,,,False
2019-04-24,469,0.3239228101057351,8.539509351256445,151.91979793958973,37.31115008672241,14.352997719246998,11.262424003937038,10.710815533193268,8.24801719562559,7.342376665722157,6.886008222434732,6.515164257606077,5.903840499686059,0.4809321647818539,145,0.302771855010661,3.632503387370412,0.031217538680225247,,,,,,,,,False
2019-04-25,469,0.3188394658799674,8.771061976333547,149.53570949770472,37.60887241751769,14.48267693001642,11.204040714275745,10.982883113184561,8.19589791099277,7.212549196657065,6.935071837150783,6.542763909704984,6.039070021997701,0.47721574130639477,154,0.27292110874200426,3.798944295476946,0.03714030579702222,,,,,,,,,False
2019-04-26,469,0.32066726955236213,8.713715298765493,150.3929494200578,36.37601443182338,14.365154488272772,11.355084843058306,10.827386977421385,8.170306944216232,7.175395052899459,6.805105814067575,6.466183625196562,6.19016700331416,0.4761547764619056,148,0.15778251599147122,3.8360774931775463,0.05954658939733567,0.018844689322932977,94.87295711674287,86.4610643982068,0.019328165146500025,94.40646271237165,85.99408651801201,0.9987943397687484,0.0012056602312515707,False
2019-04-29,469,0.3212156886872285,8.686517326124626,150.65015799431012,36.501199247720365,14.492601312139872,11.365744182371493,10.530733104117052,8.187136738526437,7.141096121025786,6.587873639029704,6.403116737164662,6.1741123444008394,0.47663205936174613,152,0.24733475479744135,3.848383468472111,0.03837953091684435,,,,,,,,,False
2019-04-30,469,0.3216718043402001,8.657694360063058,150.86407623555385,36.815820388084276,14.553116673856849,11.380379434915175,10.591076176509844,8.174197502774561,7.1484059039856165,6.684831526305669,6.431156017738224,5.94705550348454,0.47804790812136455,145,0.2942430703624733,3.660035216824955,0.01486158948845516,,,,,,,,,False
2019-05-01,469,0.3223520514109319,8.636834377820358,151.18311211172704,36.42601541402858,14.051012644814463,11.507069934668452,10.643159112494367,8.290271789237291,7.128981761416009,6.747930083207741,6.429899492461754,5.94068263533284,0.47720761027235165,144,0.29637526652452023,3.6426306790566603,0.015581433491881253,,,,,,,,,False
2019-05-02,469,0.32265379324671206,8.62223225056431,151.3246290327079,36.43533021198219,14.219922966306932,11.411183521434754,10.581382769719944,8.323539484948071,7.144849209137332,6.753821333521074,6.313429245861901,5.828725862117564,0.47755319510053695,144,0.2601279317697228,3.764539645659764,0.030424799081515498,,,,,,,,,False
2019-05-03,469,0.32011194701096657,8.739690783871156,150.13250314814331,36.51121506751572,14.29897031394665,11.518339451442163,10.551647853939883,8.329314778950668,7.171891355166395,6.8250096706939045,6.380455847398652,5.9092397366827,0.47550677150317217,144,0.15991471215351813,3.8429882020553254,0.015107612122537495,0.018017720797453594,95.48167473395596,87.04407817629831,0.018715058833719374,94.87370708843305,86.43541319273915,0.9988271851309075,0.0011728148690924867,False
2019-05-06,469,0.32119060176936276,8.686895189336246,150.63839222983114,36.5719278029062,14.169526470642788,11.549408211743108,10.679985548570839,8.412881710028888,7.199795810601141,6.8418367700671165,6.364079338372475,5.810932881176928,0.47677876388847346,145,0.1535181236673774,3.8747028197414797,0.04771016711315219,,,,,,,,,False
2019-05-07,469,0.32462590003694014,8.54143065550092,152.24954711732488,35.881720670974374,14.223579580314404,11.408655832385348,10.689550275227852,8.439786843356483,7.199709976457952,6.818091897897468,6.32762756968215,5.788937486718828,0.47857793918172054,144,0.2899786780383795,3.6810733465425414,0.011435496510123376,,,,,,,,,False
2019-05-08,469,0.32166781373864345,8.691983417257184,150.86220464342375,35.30330453267017,14.244410635758754,11.541890178202758,10.749870177518636,8.473689893545572,7.3018639642985885,6.859023110074913,6.388535163941814,5.848733890490796,0.4748436677346996,146,0.2899786780383795,3.691056568773215,0.013030087656953328,,,,,,,,,False
2019-05-09,469,0.321296417882266,8.712842459299242,150.68801998678276,35.286968266036396,14.160996741945345,11.437743344682213,10.442687522912632,8.553754473477937,7.304219367518493,6.827969017500364,6.399548267994415,5.874389619707399,0.47338254981313294,151,0.2857142857142857,3.757412572580433,0.027426967725475187,,,,,,,,,False
2019-05-10,469,0.3215923312406745,8.689029916049037,150.82680335187632,35.64999603002396,14.272005451694469,11.491853957002613,10.449909231405062,8.50168418725784,7.3140894278725375,6.82812184621615,6.434526072661274,5.926977088303925,0.47481997446055957,149,0.2857142857142857,3.7325115342685025,0.05140961857379768,0.018186919921530563,95.05739801904386,86.67177351431397,0.018438779675026655,94.76483752612445,86.37896116164106,0.9990098007847069,0.000990199215293086,False
2019-05-13,469,0.32798281370749466,8.37816049153903,153.82393962881497,36.49513097953371,14.187529365750322,11.214801083239005,10.252635377927662,8.431201348799526,7.186216244313682,6.762450996270347,6.276063128063935,5.882651085039709,0.4818209732095217,145,0.2942430703624733,3.6767484024332244,0.05128205128205128,,,,,,,,,False
2019-05-14,469,0.3296922892343698,8.298164851479632,154.62568365091943,36.61509167704099,14.173398000501665,11.300267324216913,10.292214587340359,8.473046191672008,7.19779180656413,6.783463157315392,6.279109298871129,5.920202204034355,0.484022719061875,144,0.2942430703624733,3.6483671464739085,0.013658812166274853,,,,,,,,,False
2019-05-15,469,0.33002426885870817,8.295926639635338,154.7813820947341,36.42650853207397,13.102551546274917,11.248352995518328,10.118187417781495,8.497291120021249,7.132277763831493,6.802768872803016,6.369396273117527,5.980103635002206,0.4811875961330125,144,0.24093816631130063,3.8036580952589416,0.03447050461975835,,,,,,,,,False
2019-05-16,469,0.3276518005571399,8.397128245217864,153.66869446129863,36.73178727756354,12.841063265649044,11.362215820031917,10.202249414970769,8.593327456890894,7.248076355807752,6.728436611977479,6.3341429604828745,6.010273562105091,0.47933051223776946,144,0.26439232409381663,3.737454713089924,0.03901736737557633,,,,,,,,,False
2019-05-17,469,0.3289576804155537,8.343479172128813,154.28115211489467,36.509391942986056,12.844824693307377,11.108417589700617,10.235998168610424,8.687145825275184,7.2635116837725064,6.787229776765011,6.335967000219371,6.027974285932671,0.47970103306929457,147,0.24946695095948826,3.8073342146945417,0.0331492719552421,0.01877036898429991,94.92310244117272,86.88981058047516,0.018499284149812858,95.08645597329972,87.05343519743666,0.9990521664534682,0.0009478335465318288,False
2019-05-20,469,0.3291477832234555,8.33906116178454,154.37031033180062,36.34614283877744,12.677347437723146,11.223857347481772,10.268534175257406,8.732687756973064,7.243393584867671,6.849774064689601,6.125375635456865,6.022957967230512,0.479501475759148,147,0.24733475479744135,3.8156014849181066,0.03450695241740018,,,,,,,,,False
2019-05-21,469,0.3293170901548756,8.331060753548464,154.44971528263665,36.333680774046414,12.70492081331511,11.271596220971498,10.303695626058042,8.750825312215373,7.2720466594921405,6.803255392621946,6.089302101027418,6.057925136051472,0.4798797627228736,144,0.2515991471215352,3.7939079393331996,0.03873489694385217,,,,,,,,,False
2019-05-22,469,0.32943470080089426,8.322974948985722,154.50487467561942,36.42495289552345,12.832364775655382,11.313536800191827,10.312019140175385,8.742765983095925,7.257231265758799,6.812017776788384,6.1047780827828895,6.040008657255651,0.4805708918702888,144,0.3006396588486141,3.638812855589361,0.03695806680881308,,,,,,,,,False
2019-05-23,469,0.32702049071261624,8.423608215513832,153.372610144217,36.85572375544457,12.642244341573809,11.33159234997134,10.327330839881208,8.753979132416905,7.3363699312999415,6.874212799532113,6.118222620670632,6.023036788899737,0.4787409412176716,146,0.255863539445629,3.769830686030797,0.02631530989739945,,,,,,,,,False
2019-05-24,469,0.3272682692246528,8.409623577280849,153.48881826636216,36.971753768806124,12.62417739327596,11.31224110758341,10.262684175772108,8.807921488031802,7.362405001855162,6.918381678146899,6.143521450476803,6.042492090567557,0.4790184961872063,143,0.31130063965884863,3.575235717916337,0.04750059227671168,0.017767671195986455,95.51696993842562,87.41684695917343,0.018533423026973746,94.40510221598015,86.30421348489698,0.9993911225325687,0.0006088774674313235,False
2019-05-28,469,0.32926437968999944,8.320736580996625,154.4249940746097,36.947037464195375,12.67964426272528,11.170807058420419,10.272560519561932,8.789617312750785,7.395609809420781,6.897631456751963,6.1281227391399185,5.863645004833639,0.4807996660543982,142,0.31556503198294245,3.5617571599172084,0.04709055455324112,,,,,,,,,False
2019-05-29,469,0.32922734137438836,8.31344425442892,154.4076231045881,37.43947173441519,12.773955595452197,11.076525400623593,10.282196917130275,8.44525096766981,7.434728541404221,6.781911296249675,6.162395399158612,5.70829577436676,0.48183320416249337,142,0.302771855010661,3.604649467504338,0.03974632332841288,,,,,,,,,False
2019-05-30,469,0.31395793480842993,9.030033331330678,147.24627142515368,37.36788220328235,13.439273817962466,11.271127393110831,10.341999962505962,8.577976635376455,7.602982328714573,7.062481600757648,6.397727098540397,5.848393171786491,0.46837218507892375,150,0.1279317697228145,3.9722376936253747,0.07164725821442239,,,,,,,,,False
2019-05-31,469,0.31737116303542723,8.860363859533512,148.8470754636154,37.66826501907016,13.183464014926352,10.684511760893308,10.26818311073282,8.583953982530748,7.422864878214091,7.003824468391554,6.29834789824425,5.846837343425044,0.47047228010498504,148,0.12366737739872068,3.9653383443801276,0.055874473784921545,,,,,,,,,False
2019-06-03,469,0.31064266592907336,9.187345214791936,145.69141032073543,37.73242808711997,13.767271979130621,10.994554311099115,10.424015785037701,8.542675415020472,7.473906179118455,7.016229639814423,6.789162118567858,5.995781641644039,0.4661187217124154,148,0.12153518123667377,3.954616958316757,0.08033094600258779,0.01810587458605742,94.94070171521484,86.04589329176592,0.018322462230289424,94.441106636623,85.54608162552985,0.9984543115154613,0.001545688484538732,False
2019-06-04,469,0.3169015750069024,8.864183068467593,148.62683867823722,38.383331259750406,13.057895945851378,11.062950469168948,10.27239951228827,8.3804796475711,7.421324503300175,6.773281387309681,6.704496112934537,5.874977079787966,0.4720755135720603,148,0.1300639658848614,3.8913256343649865,0.0832012100668817,,,,,,,,,False
2019-06-05,469,0.31631931500335686,8.86696292097524,148.35375873657438,39.35668842207784,13.225307647790611,11.170221001269827,10.140472415212693,8.347430856731894,7.376411610932811,6.7530815564296836,6.702376733637835,5.818359245219168,0.47387302392947833,148,0.1279317697228145,3.89397846501885,0.07713265175951743,,,,,,,,,False
2019-06-06,469,0.31652485627149113,8.868457623812418,148.45015759132934,38.97588880764148,13.237878471060132,11.197596485220885,9.820117550349869,8.451793878640185,7.376272923494607,6.759646919692899,6.657860797542168,5.830899057959721,0.47266873967079254,147,0.14285714285714285,3.840027132502791,0.02730851238313925,,,,,,,,,False
2019-06-07,469,0.31791951271281343,8.807467546868157,149.1042514623095,38.62948595463595,13.40485401710378,11.250694789505395,9.864310570264461,8.416662778069352,7.348511235645931,6.861414671035542,6.6287400251971125,5.789672901753801,0.47388826608490214,144,0.14072494669509594,3.8086894693207958,0.018251234669145116,,,,,,,,,False
2019-06-10,469,0.3144273138168424,8.964398417911756,147.46641018009905,39.12454423004857,13.653661258730502,11.28982636875941,9.676143683996322,8.473632419105574,7.337795183029046,6.850065215670258,6.707792160159468,5.7910750742476385,0.4716643618798164,148,0.13219616204690832,3.8902081432937403,0.009193956955150986,0.019170061856860567,95.07163320360792,86.40249203765615,0.01959490959863197,94.41022799068563,85.74066197699209,0.9994578252114492,0.0005421747885507866,False
2019-06-11,469,0.30500497240659424,9.46226342078044,143.0473320586927,38.38093128069295,13.9494969345583,11.531209636557541,10.068659391558104,8.654279740983998,7.481813867704444,6.93916099255924,6.791653057055005,5.905044591971833,0.46263886844788826,150,0.11940298507462686,4.027237606875854,0.0169664498022707,,,,,,,,,False
2019-06-12,469,0.3058160914310251,9.40723225436714,143.42774688115077,38.952393115188016,13.59943215012245,11.615269096601402,9.574407952638879,8.679338566422327,7.463804645081881,6.968591332408983,6.853171735548538,5.920800260034775,0.46304743964968353,153,0.12153518123667377,4.040536545411525,0.025577241995152444,,,,,,,,,False
2019-06-13,469,0.3036842835277241,9.508353471768489,142.4279289745026,39.28131727558086,13.79058947880176,11.746392349855498,9.482559167815122,8.809812961113526,7.528142596676895,7.0696662198300855,6.8191982446431645,5.956971337785186,0.4621082883721873,153,0.13219616204690832,4.0024576564705345,0.02328103074371731,,,,,,,,,False
2019-06-14,469,0.2998364876638852,9.703195362426042,140.62331271436216,39.72633263579439,13.978585667832625,11.659990289236504,9.589469875976821,8.745432370953697,7.556164197231574,7.199376665299097,6.830232298994947,6.084897210339749,0.459653925763758,156,0.1300639658848614,4.0351290753869815,0.01911686986313852,,,,,,,,,False
2019-06-17,469,0.29392857445500475,10.021737546576386,137.85250141939724,40.03633003333462,14.19074451122015,12.32909597609149,9.465348422157957,8.846146102346216,7.467376609932862,7.220267059956544,6.832856231214329,6.154570813249049,0.4560213653778282,158,0.1279317697228145,4.068264497623235,0.02191423833214878,0.018104869427955406,95.34956466627989,85.60365082473055,0.01878607471108955,93.85033957187358,84.10374452504111,0.9979796233162342,0.0020203766837657566,False
2019-06-18,469,0.2774553378264147,11.059446970258264,130.1265534405885,39.26872690075385,13.722797142531098,13.253634185890922,9.967840989985994,9.069065480756091,7.774050930067828,7.3570478828659285,7.046200646266604,6.2615372279907024,0.4399564022595956,169,0.1300639658848614,4.215164082495241,0.014961820931970186,,,,,,,,,False
2019-06-19,469,0.24077731056172597,13.763291930607073,112.92455865344948,40.7824119578827,14.580889385292748,13.792932785103561,10.780840859963646,9.48535476917722,8.190594355823038,7.728350593552762,7.371581997596754,6.602318064627902,0.41121883505691287,190,0.07036247334754797,4.531583045654766,0.02616951870683214,,,,,,,,,False
2019-06-20,469,0.2401168099120308,13.835484155844178,112.6147838487424,40.62701306763854,14.642989699125021,13.470577964897517,10.785820702139699,9.621809263918419,8.183583829238799,7.663610922517099,7.444964104644727,6.629169442655541,0.40968269783058264,187,0.07036247334754797,4.500564490469733,0.03091684434968017,,,,,,,,,False
2019-06-21,469,0.23984886200547417,13.863147618860008,112.48911628056737,40.570761553292584,14.547502915714515,13.421290945511656,11.045000929811803,9.60009790813654,8.30411450647437,7.641608958442271,7.428778498993441,6.620274295069145,0.4095387476010617,189,0.06823027718550106,4.491090207009511,0.026679787873817723,,,,,,,,,False
2019-06-24,469,0.23946270558651672,13.8964352337269,112.30800892007633,40.56547446376214,14.56432158490979,13.475309585817715,11.029974082751075,9.60497923526,8.273719721054643,7.667911897554707,7.432673393782007,6.597405921742855,0.409260316923917,188,0.08528784648187633,4.483699296159298,0.02362728482131467,0.01835636038179193,95.18868968307163,81.51336079454946,0.018534961015856135,94.18769666931901,80.51218918016276,0.9870853592149742,0.0129146407850258,False
2019-06-25,469,0.24243977284271628,13.81785821902452,113.70425346323393,37.469439027015426,14.485706569455564,13.825054300292276,11.042231763932254,9.68574157783154,8.230460324698852,7.796869518296418,7.272538270470106,6.639163169036132,0.4062402667887622,190,0.07462686567164178,4.519486399770052,0.018889071127877098,,,,,,,,,False
2019-06-26,469,0.2349600386885419,14.316001946050987,110.19625814492616,40.851628626081165,14.38799911132651,12.008110718321458,11.0451757307832,9.9292286423372,8.279829251573341,7.865324954130822,7.317316861412035,6.645290290333993,0.4018958898324914,192,0.06609808102345416,4.586433608113933,0.004391959615840213,,,,,,,,,False
2019-06-27,469,0.21302397483305793,16.46669002529913,99.90824419670412,41.58890655659887,14.80727140190035,12.502956664199358,11.183346382842956,10.25068059350896,8.538682879984663,8.10253602899661,7.727689220940724,6.835825435732669,0.38377553348026816,204,0.05543710021321962,4.723252836242747,0.008136970823537988,,,,,,,,,False
2019-06-28,469,0.21303866499222143,16.47266529032655,99.91513388135184,41.619036240266524,14.686974001632791,12.313916677722716,11.214855667402217,10.254668925712243,8.533944324698338,8.137657208710008,7.71994107249884,6.670747975550578,0.3832620820221239,205,0.05543710021321962,4.735621144799316,0.008811255079911796,,,,,,,,,False
2019-07-01,469,0.21156366433263157,16.66418413002608,99.2233585720042,41.295528533360624,14.798148982861637,12.27460180518101,11.356084557104435,10.275704288150711,8.5298647286709,8.147618304325478,7.725434000436151,6.70566061583558,0.38155164701601685,204,0.06183368869936034,4.667050831850067,0.009212180853971899,0.018221513725717634,95.50774046439957,79.0368984849804,0.01839930135302722,94.97593400649141,78.50491423944494,0.9959495211516854,0.004050478848314554,False
2019-07-02,469,0.2110886789812496,16.62634681458318,99.00059044220606,42.29602073514379,14.721407285606977,12.168841933385707,11.340369414863272,10.318078263009182,8.42595533081049,8.109764745844389,7.769207115228247,6.728495819411295,0.38278727038636634,207,0.06183368869936034,4.679294436659543,0.007289559528365498,,,,,,,,,False
2019-07-03,469,0.21165556762026258,16.562287551027598,99.26646121390314,42.25073146707332,14.783839453418345,12.13345867251321,11.38528535473146,10.352602393425261,8.435857641124553,8.138669571491015,7.722847980693811,6.753166845638532,0.3834110365919819,206,0.06183368869936034,4.6721194721934936,0.0027518087219579757,,,,,,,,,False
2019-07-05,469,0.2118493281171746,16.507822195805364,99.35733488695487,42.56650635549053,14.817076175832272,12.13489666179197,11.276895752466691,10.392181586718218,8.463478442788487,8.138672438076727,7.700814346781854,6.748975064598684,0.38412091648728436,206,0.06183368869936034,4.670426882111801,0.0037267873088768612,,,,,,,,,False
2019-07-08,469,0.21257892779081103,16.450890752448807,99.69951713389037,42.265914857633035,14.930138354527127,12.26029955368768,11.159250929508385,10.250729696713861,8.505558344572549,8.0933932371848,7.7283846237321905,6.788950359155158,0.3844672085911441,206,0.06183368869936034,4.676423277276481,0.0030707269513239664,,,,,,,,,False
2019-07-09,469,0.21248346705647445,16.48907550844218,99.6547460494865,41.91033710214087,15.083115294027957,12.326626495644167,10.988980238483945,10.306197659437442,8.607662948912715,8.116869087488707,7.754875687179362,6.850739068059972,0.3837181347116918,206,0.06183368869936034,4.68016143186383,0.00042826162229147306,0.017574715928826177,95.12114560016852,78.82697884285398,0.01843550958814727,95.0749258296535,78.77989827867964,0.9993877090415552,0.0006122909584448388,False
2019-07-10,469,0.21340870074215862,16.36631030185251,100.0886806480724,42.07832008046593,15.102641150345232,12.55686094804768,11.062337263299131,10.295695001334138,8.469816125866902,7.979677260896919,7.591609411066143,6.856963058917526,0.3856904905975061,203,0.06183368869936034,4.661286722569194,0.0009567546880979717,,,,,,,,,False
2019-07-11,469,0.21191578462216365,16.521137106017076,99.38850298779477,42.09815509095414,15.096172473307682,12.835681669589377,11.098859604953079,10.176141953969891,8.530497377375653,7.974070207384018,7.578552736041949,6.855916639201666,0.3848984473914691,204,0.06396588486140725,4.68080695238228,0.0019043974267854865,,,,,,,,,False
2019-07-12,469,0.20834208229172818,16.88003634791209,97.7124365948205,42.41905090967157,15.178138960531523,12.887363876862864,11.471167277221799,10.226523691580308,8.574839923859109,8.013942996798653,7.537120797980373,6.9329863219772605,0.3830877561175017,204,0.06396588486140725,4.655743823482782,0.0016674867421136077,,,,,,,,,False
2019-07-15,469,0.20398277955689584,17.35911884910056,95.66792361218413,42.54306450656594,15.332408281829167,13.022109973465096,11.541724730593973,10.312346347330482,8.569925682222603,8.117095915397616,7.616144124842133,6.963675128553829,0.37975955459411165,211,0.06396588486140725,4.7391015969566315,0.003325861534816759,,,,,,,,,False
2019-07-16,469,0.20503829255078565,17.243457837769718,96.16295920631848,42.41687750129891,15.32906033148981,12.965039408520447,11.675657344648862,10.35656443605017,8.60993260765304,8.141229008377156,7.679376689658755,6.942183059766179,0.38070275861892644,210,0.06183368869936034,4.732813616786357,0.003079838900734423,0.018050752223525313,95.01014159401018,77.95367129656773,0.01794644017700783,95.0703734490317,78.01400746363578,0.9985397097229103,0.0014602902770897153,False
2019-07-17,469,0.2065941890845237,17.053289192170993,96.89267468064162,42.61144025364999,15.483172078783014,12.989646068574439,11.805483114712986,10.037861375428704,8.182832210741426,7.861788627814092,7.469682440521939,6.954886536294827,0.3833313778174031,208,0.06183368869936034,4.702776458783248,0.0033896451806899566,,,,,,,,,False
2019-07-18,469,0.20477514018404538,17.24125363831656,96.03954074631727,42.99396368724226,15.198696773784985,12.814430322153932,11.675568814674053,10.088520258192432,8.26441936049685,8.04828516703416,7.48411972682214,6.876623782878264,0.3810707896464233,211,0.06183368869936034,4.730385181473989,0.003444316877152698,,,,,,,,,False
2019-07-19,469,0.2046395738015521,17.06668052052476,95.97596011292791,44.8481894130169,15.177367752218014,12.760216661792125,11.307639205983499,10.095714104350591,8.26391421649115,8.007592439987953,7.451123515118898,6.81074218269752,0.38394322632396266,206,0.06396588486140725,4.697947631102181,0.00498423632751991,,,,,,,,,False
2019-07-22,469,0.20604104614982643,16.894756536223262,96.63325064426857,45.08653618930852,15.08410668764281,12.524155893211677,10.950793387540996,10.03589511724743,8.302999843230266,8.145999810986545,7.466974019421672,6.804697239281526,0.384389856720624,203,0.09168443496801706,4.6383920543117565,0.007189328084850473,,,,,,,,,False
2019-07-23,469,0.2055906702913242,16.95004492157405,96.42202436663104,44.970074109843736,14.948021431569124,12.618343772620491,11.264648156442696,10.126709902388754,8.424889987168863,8.15960778167908,7.567108685855093,6.953546744523506,0.3842710273712305,202,0.09381663113006397,4.639494142282649,0.008264538115284385,0.01827948322402395,94.46575871298833,77.70302497848158,0.019079895386663572,94.07156161330897,77.30802746663959,0.9973746340957026,0.0026253659042974054,False
2019-07-24,469,0.2061151296029403,16.96646446022937,96.66799578377902,44.28817329814359,15.144600870265613,12.62948787669071,11.096541932031364,10.094521611499765,8.459197099128922,7.885394946543804,7.419256167010551,6.9403614538134715,0.3834260122833907,203,0.08315565031982942,4.660258313218449,0.007963843784739306,,,,,,,,,False
2019-07-25,469,0.20728629804408077,16.846361701746503,97.21727378267389,44.176867459138805,15.118595221755491,12.766880326183408,10.98251004494147,9.991951659539783,8.503658568171797,7.9394333875570515,7.356868226295194,6.949870928289221,0.3843542149993455,207,0.09381663113006397,4.616988474159933,0.010323838682047637,,,,,,,,,False
2019-07-26,469,0.20568080548129591,17.02055057062935,96.46429777072777,44.29579750866853,15.004894469719531,12.77937142823631,10.930866917374058,9.897161371197615,8.425544655327354,7.8680171769105804,7.51582344778105,6.956557185329494,0.38267639252606866,206,0.06396588486140725,4.6596430991019355,0.005476281595684581,,,,,,,,,False
2019-07-29,469,0.2062833560890333,16.948445922802147,96.74689400575662,44.35717615699208,14.932988303698071,12.692671585636617,10.947109918092735,9.853350001224264,8.441506989923877,7.820352842948365,7.524516168427594,6.942753240940562,0.3831062685931261,206,0.09168443496801706,4.626071052762422,0.005658520583893718,,,,,,,,,False
2019-07-30,469,0.20475411844964356,17.135371652065906,96.02968155288283,43.95359858359669,14.909573809367043,13.488061068988351,11.224373971908198,10.129142920910876,8.131872295718207,7.8034222529867945,7.488346663178159,7.087690909935524,0.3829537078608595,208,0.08742004264392324,4.66235510888372,0.007025312995462249,0.01836946266914765,95.04466198137962,78.0956749850942,0.018910858722791392,94.81773559073842,77.86820719839938,0.9975099150742787,0.0024900849257213364,False
2019-07-31,469,0.20585070345737017,17.077749564932265,96.5439799215066,43.29838974239097,14.905342617938302,13.741492960479132,11.233210444541475,10.068105432964959,8.102253326748166,7.742780491092953,7.625633446873381,6.672142608159262,0.3832034449613144,212,0.057569296375266525,4.750614531068322,0.009339748145718295,,,,,,,,,False
2019-08-01,469,0.20763066568705313,16.81765438858755,97.37878220722791,43.829581310896046,14.935278541720294,13.427611367799678,11.111804014503576,10.029472481084824,8.658018042055772,7.77476040994605,7.458146126497197,6.667483412709386,0.385251721625048,211,0.08315565031982942,4.721041107276917,0.006751954513148543,,,,,,,,,False
2019-08-02,469,0.20800789671111594,16.782869340122563,97.55570355751337,43.734049556518,14.887544513892024,13.402389907198145,11.094257025277287,10.13313742505353,8.72311351069057,7.717706067567957,7.467012732847631,6.582214765945437,0.3852322911735583,211,0.08315565031982942,4.725139625400126,0.008647239990523572,,,,,,,,,False
2019-08-05,469,0.2269674727613124,14.875931538364217,106.44774472505551,43.22941588190275,14.359994630192269,12.919226823906019,10.87773290634599,9.844772576389047,8.470600674528,7.48843774269911,7.158220546339477,6.393697437057753,0.4004991790349735,196,0.09168443496801706,4.568161482915171,0.003590108067720008,,,,,,,,,False
2019-08-06,469,0.22786065741127934,14.766114681585233,106.86664832589,43.50518113176119,14.197388983228269,13.110734970138475,10.836715890288225,9.785612528641497,8.604707552721209,7.533886542794473,7.09843670418684,6.362424675035321,0.4019545187661113,194,0.09594882729211088,4.537900173235272,0.004555974705228436,0.018885450195246255,94.74243979499187,80.18530032062266,0.0190512324215177,94.231547254303,79.67424199770753,0.9906400669999974,0.009359933000002596,False
2019-08-07,469,0.2272415830324989,14.801889816572395,106.576302442242,43.861818119344775,14.157071886327564,12.65543057906093,11.205024352834176,9.73495308893466,8.536989067074906,7.513232082831577,7.1801897616878145,6.422427344554781,0.40182440805929515,195,0.09381663113006397,4.5456637022502475,0.008437665154083064,,,,,,,,,False
2019-08-08,469,0.2318921911735578,14.381025548482135,108.75743766039864,43.75423975908751,13.854711150498503,12.55852817641799,11.096363345031794,9.574777642351798,8.449862282582302,7.512840982458979,7.091371095712304,6.35793982304922,0.405162644118197,197,0.08955223880597014,4.549887304989543,0.006259909244983872,,,,,,,,,False
2019-08-09,469,0.2328643655004718,14.293691349898245,109.21338741972127,43.77558304529437,13.726362169187414,12.511637009652134,11.097880847337269,9.656511783568089,8.41466823771237,7.4850903056422124,7.043443349583992,6.341950351683727,0.40580991575947223,196,0.09808102345415778,4.524311540175358,0.006378364587319811,,,,,,,,,False
2019-08-12,469,0.2367689421647188,13.952917576522275,111.04463387525311,43.64588013917292,13.538866928521898,12.516831130947455,11.139295793718588,9.59281623541952,8.40860523846009,7.403207417904942,6.972785466367492,6.248299452747857,0.4091375434277484,196,0.09808102345415778,4.513386947148229,0.004337287919377471,,,,,,,,,False
2019-08-13,469,0.24031304390887911,13.646313366749396,112.70681759326433,43.57522929819012,13.456118815948187,12.513962485854393,11.151242621545734,9.518814083646763,8.403598023350874,7.39364939296896,6.958678253428652,6.277090645569578,0.4123739249782574,194,0.09808102345415778,4.508534959380269,0.004692653946385289,0.018092435551542958,95.38445896175698,81.96036620336491,0.018524486305205968,94.9386628031954,81.51413799404968,0.9975386973869418,0.002461302613058214,False
2019-08-14,469,0.2585787434637216,12.227623963989139,121.27343068448545,42.87804987036729,13.125634622700872,12.152314712472446,10.948319001808528,9.335845294012604,8.203234470433078,7.263105949009447,6.820041782784783,6.138556125086376,0.4272446671467688,181,0.11300639658848614,4.38339212196016,0.0069433054507681375,,,,,,,,,False
2019-08-15,469,0.25767637013669115,12.266338219815424,120.85021759410816,43.42313897178252,13.078556306429356,12.113989636961097,10.934626060727474,9.298431320453474,8.192095742634361,7.249124602278936,6.938776374796399,6.147503276230259,0.42729323788914414,182,0.11300639658848614,4.382949105791382,0.008556120496419004,,,,,,,,,False
2019-08-16,469,0.26268703065556603,11.908900971185647,123.20021737746046,43.23483939717917,13.010408059270897,12.001696020199546,10.888472735716707,9.205852148051893,8.158129825404423,7.207879066864076,6.895541054916704,6.1202656537461495,0.4314192613855582,181,0.12153518123667377,4.362974887674858,0.008228090317642557,,,,,,,,,False
2019-08-19,469,0.2657599551980312,11.690366062907296,124.64141898787662,43.20084581946598,13.071924831062994,11.989558417763805,10.812815944504079,9.194107518406867,8.171958094063221,7.170629927435716,6.8809594606434485,6.114213652264793,0.43436367590761943,184,0.12366737739872068,4.369020251096883,0.008865926776374537,,,,,,,,,False
2019-08-20,469,0.267051738006286,11.607724301948844,125.24726512494814,43.00264404098303,13.115419797727615,11.919978180877703,10.83875522310587,9.249159926719791,8.161710184810033,7.18458988647736,6.854030379660558,6.1310629126960485,0.43523254236171083,177,0.11513859275053305,4.351478815391564,0.00792739598709748,0.018227475186198067,94.99048102378605,83.63158098465729,0.01841739128467719,94.48629682030456,83.12720686507733,0.9976051263341817,0.0023948736658182534,False
2019-08-21,469,0.26771279622065236,11.563095205929827,125.55730142748592,43.00349551884378,13.088943059590523,11.931944731255694,10.703741563869162,9.220849664791444,8.181521232281863,7.148501220825595,6.877389629790482,6.138187949354159,0.43557660192120495,178,0.11727078891257996,4.334544730272626,0.00486578098518397,,,,,,,,,False
2019-08-22,469,0.2674509288967507,11.579693257312655,125.43448565257606,43.0794772540479,12.982093894076367,11.895135559219229,10.866335369126539,9.124162145123769,8.037654727957424,7.003583285056278,6.864356232320271,6.138940253119327,0.4355171166930621,180,0.1257995735607676,4.328969225361144,0.006852185956663569,,,,,,,,,False
2019-08-23,469,0.2809108071030167,10.728033788282122,131.7471685313148,42.317376941729265,12.81115066804444,11.650201845062906,10.620157017094932,8.93216560338131,7.911593762877878,6.860638177806511,6.730852138923299,6.0384516826501935,0.4459404157851735,170,0.13432835820895522,4.229096960751203,0.007900060138866108,,,,,,,,,False
2019-08-26,469,0.2812213403434086,10.705371545534803,131.89280862105863,42.43858213604972,12.781084232442346,11.540053372351686,10.618482664298782,8.907788084131376,7.821781414163032,6.897408925677432,6.730458439864997,6.024856038637818,0.44620684653774245,172,0.13432835820895522,4.177992111275223,0.011326153117197894,,,,,,,,,False
2019-08-27,469,0.2806667733253397,10.745375607727544,131.6327166895843,42.287425919226024,12.817606070993282,11.57659898334189,10.622679746542735,8.84343407929206,8.03540688231385,7.000313256808468,6.598605825275952,6.048427045256872,0.44549472795242695,168,0.1300639658848614,4.2221915786844075,0.007590253858910575,0.018869987607005242,95.32627898633443,84.84270016432522,0.019126940497855807,94.03554571766004,83.55170994275998,0.9988028405563988,0.0011971594436012145,False
2019-08-28,469,0.28152093954996216,10.687851406152994,132.0333206489322,42.31867429554602,13.066393960208778,11.59901440038807,10.534859584155194,8.860155555488443,8.005257572315085,6.982083764555169,6.566244725497889,6.082927844967258,0.4468065306806617,164,0.13646055437100213,4.184305052462279,0.011417272611302463,,,,,,,,,False
2019-08-29,469,0.28076699737111577,10.733169554926093,131.67972176705325,42.366859782065276,13.099246950412212,11.540039557442407,10.555947613538807,8.832143125724052,8.010752072736274,7.000386370600071,6.621996712577195,6.063900395356109,0.4461445963123923,164,0.1300639658848614,4.1688418976705695,0.012018661272392615,,,,,,,,,False
2019-08-30,469,0.28109455607619976,10.7115922334096,131.83334679973774,42.3942053502619,13.132074845773587,11.532315052464547,10.429656428628842,8.843559282068387,8.070607956599904,7.0064662148389925,6.634190491281475,6.065618739419307,0.4463147089058988,166,0.13432835820895522,4.174770109690078,0.009449091538643777,,,,,,,,,False
2019-09-03,469,0.2805705098804975,10.719961039728549,131.5875691339533,42.95410231077783,13.36591786121959,11.46909948354195,10.4128491188924,8.90817681802761,8.042987305345399,6.958646387939022,6.586060642495808,6.042793583156349,0.44731244756585303,167,0.1300639658848614,4.206649002301937,0.007763380897709256,,,,,,,,,False
2019-09-04,469,0.2821947991389065,10.625185761258464,132.34936079614715,42.82616448690051,13.337929375147713,11.423623999877947,10.3407197162812,8.93894232596924,8.096702934227075,6.9268926104800785,6.5583107130994724,6.015308411354357,0.4483535146574723,165,0.13646055437100213,4.173949662961922,0.009011717966941847,0.018376890701090123,95.54449076082835,85.1831229080077,0.01912403955717726,94.03020464810473,83.66808964642799,0.9990505583747036,0.0009494416252964211,False
2019-09-05,469,0.2837209073248907,10.482927450304482,133.06510553537373,44.089607958314474,13.333899242623954,11.239267453555282,10.234400730861495,8.854441994793,8.023943021744724,6.858163381863917,6.506380828559533,6.0123484466231245,0.4519451618778868,164,0.18336886993603413,4.032568146454914,0.024110218140068886,,,,,,,,,False
2019-09-06,469,0.2841920141596841,10.474843101896855,133.28605464089185,43.612316432711665,13.184440475815183,11.260725530208308,10.287815024717961,8.859368728588166,8.025570805673322,6.84814224799513,6.5330036237089875,6.045153054056653,0.4512395567256822,168,0.17057569296375266,4.114395751615874,0.026005503617443915,,,,,,,,,False
2019-09-09,469,0.27952320408485637,10.649841260551446,131.09638271579763,45.8640107818087,14.916378629243528,10.95371550271171,10.114849670195426,8.830649330196916,8.045332367598963,7.186048762326089,6.7485550230139255,5.974603445549943,0.4540412309163262,165,0.18763326226012794,4.041688504315092,0.03211962167186048,,,,,,,,,False
2019-09-10,469,0.2763437071454667,10.78543719834132,129.60519865122393,46.970501975394555,15.929411450740108,10.626362492677078,9.754988255608914,9.279268854280016,8.510716713793792,7.102596520613493,6.785486977237562,5.897511498383806,0.4539156989885811,165,0.14285714285714285,4.1328064072546695,0.020757020757020756,,,,,,,,,False
2019-09-11,469,0.2749785475697981,10.8948612266765,128.9649388102353,46.39802935178925,16.20429739116539,10.599253068298982,9.809897227063992,9.455389795535186,8.016009078426109,7.209449061730222,6.764009499939611,5.964792561861157,0.451975300316744,167,0.17057569296375266,4.120910054243504,0.032793905928234286,0.01809014549290952,95.66636234322922,85.02838951862961,0.018560283557502878,94.45938286367846,83.82093990101426,0.9974147771655164,0.0025852228344835915,False
2019-09-12,469,0.26745114221906785,11.38208822314533,125.43458570074282,46.38417796333691,16.486395284787804,10.668137919857308,10.005028844278474,9.577636768323856,8.116449512035132,7.245621299570531,6.782796434789135,6.05496124865424,0.4455827840362544,171,0.14072494669509594,4.264422461629718,0.02940426074754433,,,,,,,,,False
2019-09-13,469,0.26687419007793367,11.400458248421595,125.16399514655092,46.81636167199653,16.42920572162074,10.647474883093865,9.996767620435186,9.583813714790278,8.124518890411807,7.195970260525572,6.771485742543744,6.0399588895153915,0.44574372077547375,172,0.14072494669509594,4.254892869470471,0.022424507499134366,,,,,,,,,False
2019-09-16,469,0.26350435543535017,11.635911735221626,123.58354269917922,46.289005078301116,16.561993215953777,12.397933930010684,10.463432569933929,9.526889183884009,8.108108495332178,7.166854311975601,6.759655243106533,6.08237225765774,0.44625993068950687,174,0.13859275053304904,4.2398668820026035,0.024556703661181272,,,,,,,,,False
2019-09-17,469,0.26206660239711,11.688409696866422,122.90923652424459,47.16454144233934,16.735418725214885,12.279199433546445,10.401029137976959,9.393046786801841,8.091515993398193,7.1492397114889705,6.764829553133675,6.162780425044647,0.4466725485358683,175,0.14285714285714285,4.235563071754583,0.010414958176152206,,,,,,,,,False
2019-09-18,469,0.26164086827721833,11.717178379259652,122.70956722201541,47.233153248668586,16.684806015839335,12.280595745996653,10.365509896935244,9.320352082736761,7.9811796949002645,7.157126662116776,6.787348472210724,6.1821854443587165,0.446212435244041,175,0.1300639658848614,4.312235793647668,0.027563646966632042,0.018362857927471523,94.59272175709638,83.11882138818648,0.01944506561266941,94.29814520565732,82.82316262906222,0.9989730324215343,0.001026967578465654,False
2019-09-19,469,0.2611928859624656,11.743049607537213,122.49946351639639,47.359271706926336,16.66031252567643,12.264627681682583,10.356670336094076,9.31076465272739,7.97584213309467,7.133576019134208,6.773651591392496,6.191427851737261,0.44592824257308267,173,0.1300639658848614,4.276058938359071,0.014059737940334955,,,,,,,,,False
2019-09-20,469,0.25989128604824707,11.863430646285627,121.88901315662787,46.805998807975456,16.709250008354147,12.31733399715035,10.398057846383228,9.396825010417661,8.012837260433137,7.132275061062751,6.78756965445586,6.208361494398601,0.4437519271140534,175,0.13646055437100213,4.280943792680569,0.009922912907987535,,,,,,,,,False
2019-09-23,469,0.26022978648067113,11.83712275718052,122.04776985943477,46.85164199213911,16.697301655105328,12.305419639891351,10.42600199090527,9.43401400541915,8.018574222430114,7.0389010746519896,6.742334495842495,6.197752982567317,0.44419645018651555,176,0.13219616204690832,4.3132266664282195,0.007171104186029559,,,,,,,,,False
2019-09-24,469,0.26160635156230166,11.735101832600693,122.69337888271946,47.00346342616676,16.53107342583401,12.317746989062513,10.398664045012271,9.41222724856528,7.96153813430729,6.989535387408432,6.722102457009605,6.17277039220031,0.4455102916178999,179,0.16204690831556504,4.264540528503356,0.022151149016820658,,,,,,,,,False
2019-09-25,469,0.2621966524052214,11.706428137531349,122.97022997804879,46.81854013289164,16.4248417605777,12.296461949233677,10.409324066075438,9.36445956466742,7.953382531550012,6.984425037951898,6.728864565873902,6.1447067838234934,0.4454571383514442,178,0.15991471215351813,4.275860470223049,0.017822973046853645,0.018370458426279986,94.79965946039856,83.33705751684616,0.018888542171279298,94.15527342657265,82.69215339927524,0.9996864099715681,0.0003135900284318982,False
2019-09-26,469,0.260910981884091,11.783837186329649,122.3672505036387,47.12357833264281,16.220485791214642,12.229385430837382,10.418491889315332,9.487315510366853,7.900931634490206,6.969536954490324,6.769732480298099,6.1238511914583125,0.44426266939797193,179,0.15778251599147122,4.293091647661228,0.014679350500246022,,,,,,,,,False
2019-09-27,469,0.26056755360183914,11.802247381404245,122.20618263926258,47.19646212127276,16.354719545269063,12.342301395418815,10.394927250376655,9.432348310246127,7.898947526335007,6.978969145408556,6.7342529932007995,6.080518459130392,0.44455137089893354,181,0.13432835820895522,4.304638644522397,0.011836422284183478,,,,,,,,,False
2019-09-30,469,0.25938237343318005,11.887696733123008,121.65033314016142,47.19325685508497,16.364028637488587,12.335654971170715,10.416714316240816,9.405773901803723,7.884921793787923,6.97032368710537,6.697227086222528,6.087240592103619,0.44341148810265785,181,0.1300639658848614,4.349105807987264,0.00664261112022306,,,,,,,,,False
2019-10-01,469,0.26271254988281406,11.675696891429034,123.2121858950398,46.845066927259964,16.36627861656926,12.231451486435912,10.317115137897268,9.269771785793605,7.868101796171567,6.9473252890917765,6.669366868032555,6.071885134987405,0.44556950546524987,179,0.1279317697228145,4.348941425758052,0.01684799445993476,,,,,,,,,False
2019-10-02,469,0.26747884570741254,11.374271073585469,125.44757863677648,46.47107065348585,16.221887885845362,12.05906028127659,10.305212733090162,9.258692436383967,7.770953587077283,6.91098814504526,6.597451012011202,6.0742505204391435,0.4488375483805426,180,0.1300639658848614,4.34559739468786,0.018460809505585624,0.018916074260774275,94.86616930194226,83.74046099980345,0.018517421471742096,94.50151283532811,83.37620318597833,0.9993371321494164,0.0006628678505835595,False
2019-10-03,469,0.2681302409030439,11.325349301133826,125.7530829835276,46.548132110084424,16.239840224551948,12.274340142267192,10.160006823229985,9.066934938554727,7.808259566788697,6.9124142085974185,6.607438821781808,6.0788745261896775,0.4498409430355248,177,0.13432835820895522,4.286623616912251,0.018460809505585624,,,,,,,,,False
2019-10-04,469,0.2708051666821798,11.148194267838173,127.00762317394233,46.602722521434686,16.108626255852926,12.330344137070707,10.161156847153748,9.03156442926792,7.764518662201679,6.880182071622554,6.522325767079249,6.036711567895434,0.4524743559391351,176,0.13432835820895522,4.231276547393335,0.009139285258688243,,,,,,,,,False
2019-10-07,470,0.27268543694415226,11.087695513662595,128.16215536375154,45.560794945990864,16.003514230151133,12.011763852076612,10.2129520521623,8.876011930461953,7.850031333405051,6.831228028131445,6.320650966139655,6.116624578041749,0.4509599583917713,174,0.1276595744680851,4.222242693134905,0.019426676143094054,,,,,,,,,False
2019-10-08,470,0.2787294776668382,10.728794827711999,131.00285450341391,45.14561374453774,15.918789977547277,11.801685793473034,10.220630017857292,8.068315771355756,7.781791529820797,6.666556392956906,6.266173543971009,6.111856562180952,0.45550973199325384,167,0.13191489361702127,4.190392175675754,0.010788548101980938,,,,,,,,,False
2019-10-09,470,0.28013116489043316,10.63831199516113,131.6616474985036,45.18999861169473,15.98228334860362,11.830343712796893,10.168288031630222,8.061600790158813,7.736180821395936,6.648801312458557,6.264091334587913,6.164139303538532,0.4570905557515511,172,0.13829787234042554,4.206188683988995,0.012055109070034443,0.01774447109169549,95.79566959090805,85.41974428954565,0.018611090597315007,94.31549362744,83.93870170657199,0.9989951390828248,0.001004860917175221,False
2019-10-10,470,0.28144844260661817,10.557705943832174,132.28076802511055,45.27575518762983,16.001673137250002,11.817431236954405,9.525755081227526,8.091986475721342,7.714613373956195,6.696632857852324,6.213594581771116,6.132780289322299,0.4572369844003666,172,0.1425531914893617,4.204301916311487,0.01116213802780967,,,,,,,,,False
2019-10-11,470,0.2819508933093887,10.499294962982344,132.5169198554127,45.96938797795602,15.983993136855645,11.791856357903367,9.465274893435971,8.010273414460968,7.565545738195313,6.728231690366668,6.238951483485964,6.133939035590245,0.4589945366416249,165,0.19361702127659575,4.0342008702269245,0.024201337634173457,,,,,,,,,False
2019-10-14,470,0.2828602982185445,10.448421408722131,132.94434016271595,45.83036168465256,16.082945991698963,11.81674023754055,9.388648024171971,8.024540187673175,7.577274143951874,6.752686795034693,6.247455397206446,6.100242865550416,0.459708587448468,168,0.15531914893617021,4.142606749334375,0.015669373497255366,,,,,,,,,False
2019-10-15,470,0.28632339927497713,10.238730470613081,134.57199765923923,46.00878375673915,16.090892192405157,11.890806799508603,9.188625601126567,7.904637787810534,7.107201890108594,6.807132430838563,6.320382413594837,5.877810136944432,0.4633002255511037,169,0.19361702127659575,4.04009752686958,0.027110647371047496,,,,,,,,,False
2019-10-16,470,0.2867117121748819,10.21596811695334,134.75450472219444,45.988709297646096,16.14336622049902,11.90718454274522,9.246550629850613,7.874132511449934,7.112786135602264,6.8322182723755915,6.33622564196766,5.892232230705511,0.4639155647083733,165,0.19361702127659575,4.030500231091821,0.02976001451708025,0.018357650067700144,95.08129792923273,85.13368387438658,0.018995775715920277,94.43985852826268,84.4916063477683,0.9991206519504011,0.0008793480495988826,False
2019-10-17,470,0.2870599366592962,10.206993987159677,134.9181702298692,45.715068486501806,16.18220525954427,11.83251928002813,9.330214790189732,7.890967453619265,7.034391130461305,6.840921476951593,6.311898121935393,5.891956588647949,0.4637833575449642,168,0.19574468085106383,4.053885410092992,0.02910674590572971,,,,,,,,,False
2019-10-18,470,0.28739039642304043,10.20988503913426,135.07348631882894,45.076984423030055,16.338537038381347,11.888562242727758,9.330259959508048,7.984833013438703,7.047569744550035,6.927924776513279,6.223443092591241,5.87178121179147,0.4632081488988856,167,0.16808510638297872,4.089154571423925,0.031901283854284805,,,,,,,,,False
2019-10-21,470,0.2875236835527613,10.192411911373213,135.13613126979783,45.27843354703691,16.513875162584448,11.965793966933543,9.160244114939513,8.026901262854608,7.089492229637711,6.860249093674505,6.240132644281774,5.9287384660643925,0.46394569800274943,168,0.20212765957446807,4.0267758855953435,0.02581318332350406,,,,,,,,,False
2019-10-22,470,0.28611102103646147,10.242535318049304,134.47217988713692,45.80641302691386,17.45660121925677,11.877671230784625,9.141965797308472,7.96825920205305,7.0436868468829825,6.875917197408068,6.148780854997031,5.942388614959901,0.46543581098170334,169,0.2148936170212766,3.974688762448257,0.015614934446309486,,,,,,,,,False
2019-10-23,470,0.28442673213572633,10.33653324416014,133.68056410379137,45.913076475285536,17.506461287835208,11.895643362820362,9.183311171558167,8.012728142981022,7.067506993625372,6.897266231838448,6.079085308305662,5.94381236395368,0.4642107583006184,170,0.20425531914893616,4.010046121637856,0.019670643741777436,0.01822985270881791,95.05980536945916,84.98946900472593,0.01874758203166752,94.99873922164957,84.9278851275935,0.9989411128139465,0.0010588871860535143,False
2019-10-24,470,0.28187020277967645,10.48732584575421,132.47899530644793,45.91187912338485,17.7094663208683,11.81761427937209,9.164511040721813,8.077084756361533,7.00290657638696,6.790453659203515,6.075586584757821,5.982519544381521,0.4618775873846702,168,0.16170212765957448,4.131367566347176,0.028353672367645057,,,,,,,,,False
2019-10-25,470,0.2769341896404566,10.754831469579106,130.15906913101463,46.71388489991111,17.812987664374432,11.779999600287862,9.1383156277081,8.09373578460746,6.948229432649248,6.8041799950132775,6.282441827433808,5.9773044898118455,0.45873246153892777,169,0.1723404255319149,4.095369184521826,0.018736106700539854,,,,,,,,,False
2019-10-28,470,0.2770225477855189,10.738814529284697,130.20059745919383,46.88266550409605,18.042933281231562,11.791316149299607,9.190151489790239,7.924901354830659,6.837380924935732,6.727902230212921,6.25744234438815,5.95888219887009,0.45980354017789654,167,0.1595744680851064,4.121511437892899,0.029415233861089688,,,,,,,,,False
2019-10-29,470,0.2763667079437661,10.786542622697034,129.89235273357002,46.73600292286804,18.008804499554287,11.725796008122494,9.171112524818064,7.848021038108142,6.997629989715096,6.7542648758531305,6.281442763026286,6.087196799874831,0.4585831248700702,165,0.1702127659574468,4.07999758919266,0.033679626185183505,,,,,,,,,False
2019-10-30,470,0.27482988464191754,10.881640103136863,129.17004578170128,46.85326028949589,17.787488073079537,11.803352934990844,8.960644897782249,7.811940650332584,7.079448341477589,6.782557534848971,6.270783562007346,6.183589584839958,0.45654211058946753,163,0.16595744680851063,4.095825489855661,0.0348319194302046,0.018725005680760156,94.65533706111769,84.02980183694199,0.018230771081148473,94.54947081035193,83.92442982077584,0.9984832581703368,0.0015167418296632151,False
2019-10-31,470,0.2654900108508963,11.50054722612026,124.78030509992126,46.86192695555799,17.454893229830546,11.860551302732802,9.076343464816969,7.904141533135791,7.172376766709087,6.830669844022474,6.381841672880235,6.250474664152993,0.4468808937294884,171,0.15531914893617021,4.180211392319057,0.024633670553010027,,,,,,,,,False
2019-11-01,470,0.26387630769090664,11.582543471592913,124.02186461472613,47.5364521624025,17.20139450200739,11.693808525838563,9.015365310255948,7.8575833314668095,7.131729943225055,6.887791558172052,6.370327215507718,6.24762184630767,0.4456784789685756,172,0.16808510638297872,4.17533261114432,0.019017375130426895,,,,,,,,,False
2019-11-04,470,0.2624395607406084,11.580060522859746,123.34659354808596,49.48878047731746,17.078847116753764,11.459931439212905,8.89982747310145,7.786363887489539,7.0252035117605285,6.909021487704003,6.424322901967076,6.252383365505897,0.4473914469244075,174,0.1574468085106383,4.225149198396181,0.01709386199700585,,,,,,,,,False
2019-11-05,470,0.26021830151005365,11.727548454012169,122.30260170972528,49.54858274042657,17.042332710193428,11.689398873024622,8.769153334891783,7.748440868292194,7.107038663189581,6.852804214864705,6.623084995679804,6.305413067899972,0.44542993482608845,181,0.15531914893617021,4.232668924372688,0.01566030032209772,,,,,,,,,False
2019-11-06,470,0.25877442361227004,11.8186375750799,121.62397909776695,49.753886422483475,16.96816175701551,11.715155684301319,8.738998162756836,7.822654465419408,7.104525327925961,6.852781975100985,6.61693681355701,6.244955635602238,0.4442557045198384,181,0.14680851063829786,4.314310880963442,0.016177471306083564,0.017850164205635028,95.23292095575461,83.65520764008134,0.01852207716095063,94.68820567636594,83.10982044773735,0.9980859863429941,0.0019140136570059418,False
2019-11-07,470,0.25684986413321637,11.93143301760706,120.71943614261164,50.15623366276695,17.150844167586214,11.552974939523676,8.39551745872576,7.780211667893765,7.413457563734608,6.75860712778188,6.625907563720751,6.16074760988942,0.4425000135557751,186,0.13617021276595745,4.365396755835457,0.018318740643288117,,,,,,,,,False
2019-11-08,470,0.25412516001385466,12.129758774609106,119.4388252065117,50.13599403710633,17.156326473474813,11.496444576796453,8.388606030177133,7.760374838528593,7.418483819691607,6.712191407874041,6.622740691054699,6.21580106401886,0.4396089283490774,183,0.1425531914893617,4.349043760599672,0.01714830104795173,,,,,,,,,False
2019-11-11,470,0.25456078797998793,12.127095944612575,119.64357035059436,49.640217908806505,17.235894862215666,11.494980290903122,8.402333262215368,7.746375567681204,7.404432168097689,6.721445404798332,6.640213731007012,6.234070122926103,0.43918509930794675,184,0.15106382978723404,4.329154778339094,0.010352492854874563,,,,,,,,,False
2019-11-12,470,0.25155305909596765,12.357356793235002,118.22993777510479,49.435037203862265,17.351691990917956,11.570481387423762,8.447141769375783,7.783270122884501,7.459500732291713,6.908479105512489,6.585056718849312,6.238159624629409,0.4362431704823076,185,0.13191489361702127,4.375778692028934,0.019316789910629226,,,,,,,,,False
2019-11-13,470,0.25090265907195214,12.364845213324562,117.9242497638175,50.100493195794996,17.373942028610614,11.502536124531762,8.422374578108748,7.75707349757055,7.441757170515757,6.888325386795879,6.557382820779154,6.221097879661298,0.4368587142358801,184,0.1276595744680851,4.361954110051023,0.0121580547112462,0.01855234141972445,95.28633277356543,83.15383787789311,0.01899933454493395,94.82018095307296,82.68723906427543,0.998781902261719,0.0012180977382809655,False
2019-11-14,470,0.2493097616261545,12.472822160591083,117.17558796429262,50.38211376210799,16.901858253357446,11.485687557276005,8.446996744581309,7.901018611418869,7.509062570043413,6.909878863036137,6.5906318402555915,6.242150283826648,0.4348771154927986,188,0.14893617021276595,4.333817761173706,0.01362790908678492,,,,,,,,,False
2019-11-15,470,0.24917726593884773,12.49118689579899,117.11331499125845,50.279874209664,16.81485021627861,11.522058256601401,8.222078902171848,8.020078477831222,7.537692855643212,6.993328813179938,6.624765184369385,6.2832435776960125,0.4339408012254772,188,0.13191489361702127,4.41723031530019,0.009672004718051082,,,,,,,,,False
2019-11-18,470,0.2495960080669002,12.468438074831342,117.31012379144309,50.175859449210265,16.64220384687711,11.61855137854414,8.26257632573169,8.050631001990146,7.520299873714382,7.011862376461382,6.562482012566945,6.258210912605253,0.4340623718974602,182,0.13191489361702127,4.334166114659851,0.010007712198884,,,,,,,,,False
2019-11-19,470,0.24682958432950564,12.674829793639818,116.00990463486764,50.192271958772,16.79167497775527,11.544403579009135,8.270107578518717,8.11036416262946,7.627514042428373,7.043702460438575,6.616189899366095,6.364001428082583,0.43150715474238893,186,0.1425531914893617,4.349278789651693,0.007893662387152384,,,,,,,,,False
2019-11-20,470,0.248636205315761,12.540457318794449,116.85901649840764,50.504327871972876,15.49592689688691,11.591006370528685,8.291536846103549,8.161442955511037,7.6753265563783035,6.81545951143748,6.649123916813495,6.353278928227515,0.4313655627317015,189,0.13404255319148936,4.345479854102559,0.01225785963798031,0.018436108895564383,95.43793949058669,83.12768226821242,0.019408321196973156,94.45202757454464,82.14079813986898,0.9992708982329291,0.000729101767070861,False
2019-11-21,470,0.24146458318653055,13.053364709905066,113.48835409766934,51.13468418312459,15.364691314775033,11.650874036981545,8.653522764283101,8.26136687524877,7.725140262332758,6.806814925929644,6.655592994251637,6.386771056179285,0.426153460418795,189,0.13191489361702127,4.410552618900279,0.01081522478791453,,,,,,,,,False
2019-11-22,470,0.2416064511096771,13.17817414274105,113.55503202154821,49.16815108525229,15.61785123411688,11.79437299380271,8.76796191967598,8.243040151661662,7.822102992380276,6.853550022088906,6.693877160887189,6.416267610876703,0.4231986579880769,192,0.11914893617021277,4.428502540423923,0.011513859275053304,,,,,,,,,False
2019-11-25,470,0.24278422040850337,13.08367113439514,114.10858359199656,49.13964261541713,15.625681389676684,11.788425702078733,8.829940504403993,8.29297891284349,7.764468299152845,6.833437724134561,6.668380793162712,6.472747653823466,0.42445164639058114,192,0.12127659574468085,4.462404288992001,0.01183142040557093,,,,,,,,,False
2019-11-26,470,0.24173292646034206,13.125328894157345,113.61447543636075,49.81643905782576,15.38886560804772,11.793337010896469,8.872324793306726,8.397204317954914,7.722783081904515,6.832715683587383,6.6363173054998885,6.450818045422594,0.42443711043922866,195,0.12127659574468085,4.4815741502208475,0.014145080070770767,,,,,,,,,False
2019-11-27,470,0.24262132066818473,13.066447414953425,114.03202071404681,49.67318592570771,15.199462197890885,11.814379247984128,8.8899916532137,8.433151292163517,7.750419741781203,6.850280481100561,6.60598618875512,6.364381025366092,0.42470008455073033,194,0.12127659574468085,4.431360662293999,0.009672004718051082,0.018932535925496964,94.77998792011154,81.9372292899008,0.018377207034948478,94.83552217218102,81.99331887086082,0.9991969678361393,0.0008030321638606841,False
2019-11-29,470,0.24396588718842682,12.959845511318356,114.66396697856061,49.63278166301132,15.247021336992468,11.825755847275694,8.905007679803912,8.449106342648514,7.741856408992037,6.765278887729439,6.58340834287603,6.3616656423363835,0.4261160287354128,194,0.12127659574468085,4.431396868250362,0.011150932268747448,,,,,,,,,False
2019-12-02,470,0.24617672997211454,12.81546920793584,115.70306308689382,49.25490370336823,15.14374094369754,11.637552132376083,8.94101047817454,8.41692793712598,7.734000958595482,6.745830019568019,6.5843843350949305,6.33457509825184,0.42697929860534095,194,0.125531914893617,4.412260638827581,0.010416005080978088,,,,,,,,,False
2019-12-03,470,0.2464591299176122,12.776160807772634,115.83579106127772,49.50466103490153,15.126837113059,11.623410672812213,8.937456821889935,8.448149910784858,7.699537296539356,6.751567719571973,6.595363786033384,6.348931254233127,0.4277194823488094,194,0.125531914893617,4.42092799737857,0.009227419135326407,,,,,,,,,False
2019-12-04,470,0.24701668160755133,12.755262349606657,116.0978403555491,49.16832335956231,15.209746893765065,11.560414220080233,8.956744926711291,8.374173346076024,7.700785881306073,6.734174908031275,6.586208390798744,6.346931633604015,0.4276448292673788,191,0.12127659574468085,4.434635758862358,0.008066052715147666,,,,,,,,,False
2019-12-05,470,0.24731336351169106,12.726276570556866,116.23728085049484,49.30348811937225,15.233277451079303,11.45048353769975,8.963933766890584,8.33932883711147,7.69677082003254,6.73538929571728,6.38263043002453,6.349065133478679,0.4280605611181631,187,0.12127659574468085,4.3854864721119355,0.005661661298371365,0.0178723411159498,95.61812843937453,83.12129289121341,0.018584266180584237,94.81286657637752,82.31531910315177,0.9996030043262765,0.0003969956737235325,False
2019-12-06,470,0.24779172594157256,12.701502693628774,116.46211119253908,49.1458072766593,15.103133612256869,11.414226403831918,8.956229503274361,8.37580390854913,7.708157040446899,6.787654412709638,6.407031334634765,6.344423874378218,0.4278329957203438,189,0.12127659574468085,4.413805342935436,0.004609172980084381,,,,,,,,,False
2019-12-09,470,0.24795731170986815,12.705059401992564,116.53993650363802,48.870637844179015,15.20002641882757,11.345574935493822,8.929849152704236,8.457777118776269,7.7062379583444365,6.799465010227983,6.410353035737706,6.328406568065191,0.42741707415923985,188,0.12127659574468085,4.403188400444568,0.004981173161547884,,,,,,,,,False
2019-12-10,470,0.24770972553954548,12.711740448274229,116.42357100358637,49.06338535364405,15.242466689367049,11.314071574196419,9.021766683037857,8.457930623950837,7.58800897035823,6.821917850341328,6.429639049464657,6.33897468035715,0.427798428306025,190,0.1276595744680851,4.392915880371888,0.005552783196479608,,,,,,,,,False
2019-12-11,470,0.24761067785566881,12.720398786467332,116.37701859216432,49.03791556730597,15.354180353186734,11.303230232208247,8.658831217428336,8.57880640965418,7.606990028530214,6.760003563026897,6.4913498259747575,6.359174804874561,0.427087608430412,191,0.13617021276595745,4.374886100208698,0.007594247606950052,,,,,,,,,False
2019-12-12,470,0.24715017623325825,12.706098487026587,116.16058282963132,49.780670781804886,15.314630233776143,11.250762278084018,8.854001519201459,8.549460371217942,7.589922943871938,6.7522687784016835,6.467677237216811,6.289984809977129,0.4284269098776552,191,0.125531914893617,4.427562308751785,0.00681395454339246,0.01899517124995342,94.17806554101321,81.70012205896992,0.01840528083758776,94.74986784965388,82.27251425802297,0.9992563787936688,0.000743621206331202,False
2019-12-13,470,0.24598703990270854,12.782825831700347,115.61390875427301,49.9689713346046,15.390668985304764,11.223055365390692,8.889533351384882,8.535131498680684,7.563919149279567,6.7696716695651515,6.416882834089406,6.245866990472105,0.4278428463637403,192,0.13617021276595745,4.391624176881464,0.009036882457015833,,,,,,,,,False
2019-12-16,470,0.24823706236424053,12.737321755831928,116.67141931119306,48.11868662916707,15.077666385523216,11.006191274879846,9.127413098784272,8.614996803647543,7.488633694771078,6.802080526437929,6.499156572660834,6.1820726318528445,0.4255348440415903,196,0.12978723404255318,4.449547632444714,0.009009662931542893,,,,,,,,,False
2019-12-17,470,0.24765735846014725,12.779604826091886,116.3989584762692,48.171937869147996,15.081378928452747,10.999022136749687,9.064941827333623,8.62298415870028,7.468037303174501,6.833639761242897,6.56261903624851,6.181774520936674,0.42492816859138993,196,0.14042553191489363,4.418986497234461,0.012139908360930908,,,,,,,,,False
2019-12-18,470,0.2459719466875825,12.907314328267487,115.60681494316378,48.145499639048495,15.415046125431743,11.030335645985978,9.031223761971889,8.651877110718031,7.494179332048473,6.847336983293859,6.547593008577832,6.171255641834704,0.4238913193948976,198,0.13191489361702127,4.427479597835002,0.006641564215397178,,,,,,,,,False
2019-12-19,470,0.2457937629172346,12.916966659229335,115.52306857110025,48.25038217987739,15.2548754754991,11.031718247163422,9.049596723895444,8.643759398280082,7.53304757610357,6.849848366473896,6.585282745128265,6.173721130604207,0.4236375344628417,198,0.13404255319148936,4.444024418268807,0.009272785011114639,0.019052785478916933,95.17283479527013,82.48260911347911,0.01897883976261867,94.62277040664235,81.93261867056763,0.9995322562939377,0.00046774370606228466,False
2019-12-20,470,0.24666174967694987,12.920561450916006,115.93102234816644,47.159432709394466,15.320193211747686,10.944259594790392,9.098957696195932,8.664214830686262,7.545007676812951,6.853383934104977,6.531780256338514,6.184858091815552,0.4222422671495637,199,0.13191489361702127,4.480847912594275,0.008447126071768816,,,,,,,,,False
2019-12-23,470,0.24553536535721512,13.012705003535201,115.40162171789109,47.14259702305968,15.206452481224616,11.076701079892853,9.106688543750128,8.686269629936255,7.5382425871772565,6.8805935227178905,6.554122896241116,6.188045434696196,0.42113629967195404,198,0.12978723404255318,4.439657915602204,0.005915710202785465,,,,,,,,,False
2019-12-24,470,0.24592668273632837,12.982587921050685,115.58554088607431,47.0965923171446,15.227131412864862,11.094506639632133,9.124340321171896,8.664792783495976,7.549667844245361,6.871021468087039,6.56364003246746,6.196817314032396,0.42154917356784644,198,0.12978723404255318,4.436388788653012,0.005688880823844305,,,,,,,,,False
2019-12-26,470,0.24553430507658855,13.010098808233089,115.40112338599661,47.14635449131224,15.198030933801562,11.112598884535931,9.141730334882944,8.663514151027742,7.560558455035984,6.886733481916927,6.518474610960395,6.19926539431169,0.42127625112878575,198,0.12978723404255318,4.45055659259422,0.0048541487093408334,,,,,,,,,False
2019-12-27,470,0.2459963285118948,12.963824825784231,115.61827440059056,47.28111573813766,15.20572874302163,10.974314189615612,9.157584871842793,8.682729466723405,7.568378931649985,6.895982377845462,6.554516501057377,6.192679643809808,0.42178088924086865,201,0.1276595744680851,4.478370436096466,0.005189856190173751,0.018685281397238414,94.54216115065982,81.80564737199025,0.019153535235495473,94.38030201202774,81.64331997951992,0.9998645543098119,0.00013544569018808517,False
2019-12-30,470,0.24694800234629039,12.88969296271781,116.06556110275645,47.2503260388018,15.17603062695581,10.911201110424553,9.166076820669328,8.692221540391266,7.56357525794918,6.916601436688403,6.521791847738472,6.204595858900116,0.4224876504246979,201,0.13191489361702127,4.46441147797497,0.007376491403166538,,,,,,,,,False
2019-12-31,470,0.24818963501608124,12.782595955316784,116.64912845755816,47.38314423552124,15.130414212070884,10.948849420439132,9.06541838872074,8.685084626906537,7.591391317399934,6.860748120131917,6.596441841310545,6.250104308259376,0.4237807547112983,199,0.13191489361702127,4.463920295009833,0.004391416776300867,,,,,,,,,False
2020-01-02,470,0.247529954216768,12.8279650072017,116.33907848188096,47.109858966128044,16.45328606285542,11.075342519699877,8.88087369860688,8.699882979653964,7.678418632092777,6.892795285697112,6.448411753534312,6.228576101658682,0.4252307228280237,196,0.13829787234042554,4.414180141598004,0.00853785782334528,,,,,,,,,False
2020-01-03,470,0.24739237327671126,12.836376594223704,116.2744154400543,47.064597674297545,16.561800820897922,11.285627410894197,8.954659218599284,8.693673144558263,7.682163388843437,6.877807975648853,6.453192401896363,6.239963638348116,0.42583212886115585,194,0.13829787234042554,4.406406652227816,0.008583223699133512,,,,,,,,,False
2020-01-06,470,0.24725882420708864,12.84700927258,116.21164737733167,47.06554329458913,16.564089980179336,11.252095397166038,8.905015352050944,8.682904623073709,7.644579760013102,6.927953205820342,6.4402244180242425,6.2936568543836655,0.42552849234322787,194,0.13829787234042554,4.4053314541886,0.009554053441001678,0.018415892765693775,94.68791566624002,82.06974932510141,0.017830374620031314,94.79110964008038,82.17352881708744,0.9995915117546272,0.0004084882453727623,False
2020-01-07,470,0.2470345024093261,12.86186739545935,116.10621613238325,47.08190199630657,16.595693633394504,11.327907983664023,8.847906989524665,8.708835327656715,7.769298735487226,6.923589959826494,6.444823672523342,6.295056348094846,0.42544601433036816,193,0.13829787234042554,4.397197863272214,0.008020686839359433,,,,,,,,,False
2020-01-08,470,0.24747642869567033,12.818536327191058,116.31392148696506,47.15351848624235,16.727775305938223,11.427990108401914,8.758458281697234,8.71013356342135,7.845149870613081,6.927727335558046,6.4542412272972545,6.247569507218888,0.42634396525371226,191,0.13829787234042554,4.393104880501829,0.006995418046545389,,,,,,,,,False
2020-01-09,470,0.24771692662369166,12.867702215667974,116.42695551313506,46.02823978248624,16.81100993621135,11.445490711572525,8.905812957551595,8.756060797536827,7.8836540676355025,6.953377545903068,6.517913761601244,6.322532208433022,0.424718104044589,193,0.14468085106382977,4.38168370344348,0.006686930091185411,,,,,,,,,False
2020-01-10,470,0.2483206520335578,12.81457693906496,116.71070645577217,46.12409637969465,16.84519438291497,11.237089594371053,8.91881993213795,8.780525000039681,7.8551452493783405,6.961232157474507,6.521450373634811,6.320066798650292,0.4251827803082782,192,0.14468085106382977,4.376906192595232,0.004318831375039695,,,,,,,,,False
2020-01-13,470,0.24864173683348606,12.765430075229409,116.86161631173846,46.51394215060391,16.84237194485032,11.213001942749305,8.895106129739547,8.74622161461318,7.754509593415616,6.951303713295172,6.491867846930022,6.3227846622469706,0.4262256137865565,194,0.14468085106382977,4.390436370356622,0.00448214852787733,0.018562112489704075,94.57523480507133,82.03988435418572,0.018229875310033124,95.04929971216218,82.51428149845623,0.9993732621169982,0.0006267378830018266,False
2020-01-14,470,0.2500280174010013,12.638963201560943,117.51316817847061,46.78050463921801,16.98040891396073,11.287881212930987,8.932254748094858,8.706901994092144,7.68105174628433,6.745761387261335,6.503979705921136,6.356313499002487,0.42871110147377706,191,0.1723404255319149,4.324825906618916,0.015551422220205962,,,,,,,,,False
2020-01-15,470,0.2500622430467882,12.585851700514107,117.52925423199045,47.54415494252822,17.068462516294446,11.266278166512038,8.95623701124941,8.624809414664346,7.695203341599639,6.820758566575591,6.534636545773783,6.385157565548573,0.43056252525228633,190,0.17872340425531916,4.24656432580338,0.016177471306083564,,,,,,,,,False
2020-01-16,470,0.25288421798846944,12.363120161325783,118.85558245458063,47.672641293007004,17.173366993956343,11.189769168678211,8.988120828550224,8.61686996039009,7.689375205350537,6.710596744894811,6.538910711214153,6.118543795502294,0.4337861292314307,194,0.18936170212765957,4.26724037828768,0.023100303951367782,,,,,,,,,False
2020-01-17,470,0.25324175574133245,12.330072061999797,119.02362519842626,47.73278413724759,17.18941902464767,11.219948417671763,8.993899902655096,8.727931684174113,7.694170464290844,6.713241337013144,6.550873258207153,6.124173113344527,0.43438229080989016,191,0.17872340425531916,4.271321142116175,0.02066869300911854,,,,,,,,,False
2020-01-21,470,0.2550585609799534,12.14344514822883,119.87752366057808,48.76084207300153,17.039735683138744,11.146924573220574,8.883019440958055,8.318271602650956,7.460359888722859,6.747144675950593,6.459632210116317,6.104083719452256,0.4376766924061638,190,0.19787234042553192,4.202176608663171,0.02449757292564533,0.018175466418285866,94.62503517967214,82.71847312600497,0.018292066981324656,94.57705872739436,82.67038007316415,0.998653967905852,0.0013460320941479642,False
2020-01-22,470,0.2546233660683092,12.159608263686053,119.67298205210531,48.96921489434705,17.31037274337207,10.963318701364194,8.941319387871399,8.149547492998622,7.497050975271623,6.793198941142622,6.504118269455703,6.1632179140839485,0.437994059104383,193,0.17659574468085107,4.307838722984841,0.018182643015923424,,,,,,,,,False
2020-01-23,470,0.254047994664745,12.236260044321574,119.40255749243016,48.37968949551362,17.610491470174786,11.176420808049937,8.507309636497421,7.80105282193528,7.65875754995239,6.831844068036279,6.435896465786285,6.17782598859231,0.43633291255886353,188,0.17446808510638298,4.2483854983738425,0.017003130245429387,,,,,,,,,False
2020-01-24,470,0.2558816367292763,12.10255072467937,120.26436926275983,48.405481236405436,17.549952421743654,11.207912282714425,8.567117521835044,7.810515011611392,7.5701028707903335,6.832951350857798,6.313474147190541,6.211047462106144,0.43828687813927325,185,0.16808510638297872,4.244712563061817,0.019089960531688065,,,,,,,,,False
2020-01-27,470,0.2407081583608978,13.215565769315496,113.13283442962197,49.03688132762555,18.014802855785312,11.407313298526148,8.775318395381422,7.96995049135148,7.800571444721927,7.0393870708332,6.519935091351323,6.330961636792943,0.42631308575944765,196,0.1723404255319149,4.336124555944478,0.009590346141632265,,,,,,,,,False
2020-01-28,470,0.24135459644763546,13.22828264320379,113.43666033038866,48.084528024910696,18.08811964143706,11.49185288386127,8.863821502811124,7.894930201912884,7.787888442981321,7.04230350112707,6.582859351680066,6.368587431124405,0.4254574093264017,200,0.1702127659574468,4.37484159950637,0.015161275688427164,0.017847766898786265,95.55339991937622,82.54862410572127,0.019214045308355923,94.45686774674991,81.4507256546854,0.9953915468822078,0.004608453117792233,False
2020-01-29,470,0.24249604345227613,13.17329531358952,113.97314042256977,47.473901364309526,18.176716660005425,11.575548091881881,8.866304192460973,7.9094804810442385,7.7710241421626565,6.977209760187105,6.816463013290231,6.522355559819472,0.42567151219410126,195,0.16382978723404254,4.374795608630312,0.01231229868892619,,,,,,,,,False
2020-01-30,470,0.23435378277776367,13.880617784330173,110.14627790554894,47.01298507215412,18.432327214769877,11.637781869590171,9.048157962612496,8.354035266581235,7.866881552741148,7.299350253714572,6.918185512723646,6.683084210640391,0.41761176600994804,202,0.16170212765957448,4.425848010621287,0.017356984076577597,,,,,,,,,False
2020-01-31,470,0.23942357777048554,13.486767948874501,112.52908155212819,46.583953680789634,18.186360668854455,11.486408016881931,8.808435964880037,8.230483810007062,7.7624545746933284,7.219112859151466,6.838049526762655,6.5585219502649785,0.4204132763479453,198,0.1851063829787234,4.33417922001838,0.022528693916436058,,,,,,,,,False
2020-02-03,470,0.23558415920215287,13.792796940944667,110.72455482501184,46.840505667866154,18.284042507181816,11.490381712294301,8.845865063456323,8.280199653367406,7.738431654003815,7.117065796483592,6.838505235213782,6.523105948117823,0.41741563782087326,203,0.1851063829787234,4.362999225587123,0.01768361838225287,,,,,,,,,False
2020-02-04,470,0.23520454855166675,13.847876396578723,110.54613781928336,46.461583236396365,18.41173811586959,11.471445607200398,9.119997739483026,8.315349726197194,7.809420250917151,7.076952922005356,6.874253922805672,6.512889796756949,0.4170444734430484,199,0.14893617021276595,4.4450847413773085,0.012366737739872069,0.018193316126882034,95.09162279292993,81.46075762877598,0.018522653297845124,94.89323258150053,81.26203808017563,0.9955938031019149,0.00440619689808508,False
2020-02-05,470,0.2164601495412449,15.501530827074014,101.73627028438509,47.108355951168164,19.71772796664814,11.704681730547918,9.46021627605862,8.462334797908209,7.931194041592365,7.12614213128152,6.996858420698447,6.8843379500005115,0.4036750046995914,214,0.12978723404255318,4.563478328480291,0.01703034977090233,,,,,,,,,False
2020-02-06,470,0.21690251629033344,15.535867338024994,101.94418265645672,46.23589375592729,19.849434576638586,11.674456091365002,9.4533658669353,8.432584741474857,7.993702997809215,7.091667280468663,6.984203667148033,6.865525663017415,0.40246241052621895,216,0.14680851063829786,4.54676871353586,0.01522478791453069,,,,,,,,,False
2020-02-07,470,0.2128925166498387,15.945884387924831,100.0594828254242,46.208637200929715,19.864773805401853,11.723100732013808,9.509205446389082,8.487287032823183,8.156692748284312,7.109849132514545,7.034592145211719,6.879607122139331,0.39864936172374177,216,0.1425531914893617,4.535341778572484,0.018309667468130474,,,,,,,,,False
2020-02-10,470,0.2100406973403915,16.19166072705537,98.71912774998398,46.73964594739331,19.828495606124513,11.69672287769875,9.6896939637856,8.48700414432661,8.170248139821263,7.243511374635014,7.021129753155433,6.907712586521193,0.3971780556276302,219,0.13191489361702127,4.610446987097401,0.022020596107607857,,,,,,,,,False
2020-02-11,470,0.20884616399604378,16.352644356598933,98.15769707814056,46.50921106653465,19.653632313212555,11.621354699556903,9.721079233259688,8.577658960755432,8.085010111162909,7.230933409253866,6.991497960639032,6.8688002067767915,0.39502760508660506,223,0.1425531914893617,4.59510068848331,0.01119629814453568,0.018221642569671577,95.62263566837528,79.46061583320272,0.01836245016346079,94.86579223260655,78.7036315898402,0.9919489892949843,0.008051010705015682,False
2020-02-12,470,0.20908110200137794,16.35910297885491,98.26811794064764,46.196200781432154,19.572279384521913,11.729231730133638,9.703766845339107,8.526764782535462,8.080391991332306,7.215663834891032,7.0037158658897285,6.956787639100833,0.3946161631533498,223,0.1425531914893617,4.596890789301883,0.0063149299097219076,,,,,,,,,False
2020-02-13,470,0.2088473744623746,16.363392829895673,98.15826599731605,46.46296983339293,19.529421636458437,11.624147469008015,9.664190336392686,8.420866031619443,7.978234850841314,7.213646862652576,6.999321563028628,6.9669916410457535,0.3945510537714217,222,0.14042553191489363,4.615472498093652,0.013364787007213174,,,,,,,,,False
2020-02-14,470,0.19292483912039285,18.126735343178083,90.67467438658466,46.78727004232837,19.818301042958502,11.974879237007642,9.859822975775522,8.542761549580824,8.158056435625674,7.4039893285917815,7.142418087907344,7.112789575276136,0.3810956333716057,232,0.12340425531914893,4.709255551833425,0.008456199246926461,,,,,,,,,False
2020-02-18,470,0.19212078309874073,18.320727594228366,90.29676805640815,46.018394568688194,19.860304639021436,11.964392163872098,9.881892633993154,8.595323851602972,8.211300885558506,7.404138394349602,7.1941693731668,7.093013750328406,0.3787696852382617,231,0.12340425531914893,4.710899580572068,0.003810733566211496,,,,,,,,,False
2020-02-19,470,0.1915042253139922,18.407673512955288,90.00698589757636,45.92080519301372,19.96065874541314,11.961824417432052,9.82137121608272,8.649943959277117,8.157495977612356,7.38930324628424,7.156263056363411,7.070706203600162,0.37802477759471903,234,0.12340425531914893,4.736088366838005,0.008011613664201788,0.018705423782624797,94.79948161007883,76.56460689865492,0.018492017255132043,95.12549144955864,76.89083014466222,0.9916653604808922,0.008334639519107845,False
2020-02-20,470,0.18975236375700788,18.663277532738967,89.18361096579369,45.523863993510176,20.198932897041182,12.05051878961693,10.037971743876799,8.732492838368643,8.102135437760058,7.370335470422643,7.211422762696942,7.056420805784593,0.37658489019114644,239,0.12127659574468085,4.762516596045968,0.008338247969877059,,,,,,,,,False
2020-02-21,470,0.1879271482343803,18.9304959276729,88.32575967015876,45.2472283590173,20.209780103418097,12.167078636791842,10.024778536209768,8.729941395982205,8.121409225049874,7.535176813872475,7.208042576010933,7.067077671613866,0.37441409639488454,242,0.11063829787234042,4.796765358141142,0.00879190672775938,,,,,,,,,False
2020-02-24,470,0.2080258285549089,16.591166592293387,97.7721394208072,45.12320400375167,19.701093824365607,11.672599578665864,9.720485267249014,8.272933717529137,7.949027114782167,7.3036125928338835,7.029410927398584,6.8509145749250075,0.39146706828689215,225,0.13404255319148936,4.630278048859069,0.01084244431338747,,,,,,,,,False
2020-02-25,470,0.2310997253753687,14.32665643551079,108.61687092642327,44.73068410072959,19.391601331973895,11.154055031204518,9.36895968190808,7.916554832148643,7.846122511508857,7.007349818692562,6.675340537975605,6.59853094891222,0.4111961086643391,214,0.14042553191489363,4.56562803310556,0.011740688653994465,,,,,,,,,False
2020-02-26,470,0.22977384028593098,14.457853842490291,107.99370493438758,44.29275303522604,20.03141051130202,11.077027673326139,9.2969195939691,8.03041441614921,7.765091818945453,7.051123427273827,6.8599511684421985,6.531111337859398,0.409982586698321,213,0.13404255319148936,4.5488802853390125,0.011749761829152112,0.018075066303072842,95.48332206100703,81.2371669924996,0.019244063489490936,94.27483114004006,80.0275070743462,0.9693420077382597,0.030657992261740263,False
2020-02-27,470,0.2614171753047273,11.895087025968895,122.8660723932218,44.268748526887734,19.23187736316195,10.493803376493396,8.52360713430206,8.087295176054667,7.553712378401277,6.807746992859937,6.517653491592135,6.4503992632364735,0.43698746551929146,196,0.1829787234042553,4.272822479443794,0.027264891348727487,,,,,,,,,False
2020-02-28,470,0.2591778157124865,11.928024476417786,121.81357338486862,45.970168231162674,19.901383535044495,12.379302515377809,8.474280591649503,7.855166839823483,7.406026553128511,7.2648615430374575,6.571050690611799,6.242422207765303,0.4436993792725599,192,0.13829787234042554,4.25892896445143,0.024361475298280633,,,,,,,,,False
2020-03-02,470,0.2889715675884692,10.117468492917114,135.81663676658053,44.47190456151044,17.558848322483,12.483782012636961,8.5635013578902,7.32418952132385,7.1511740285463725,6.965770332531004,6.3003082975546105,6.0417711183981195,0.46573334685340667,183,0.1276595744680851,4.212528406246103,0.027210452297781608,,,,,,,,,False
2020-03-03,470,0.2984228597963998,9.648815639838793,140.25874410430794,43.271991670616714,16.438540006109253,12.074971197499238,8.339680678660162,7.355560891209178,7.019132919559333,6.879396385982098,6.414903486135442,6.023316808550915,0.468901973738709,176,0.14893617021276595,4.101299990873194,0.035022456108515176,,,,,,,,,False
2020-03-04,470,0.3204199406849547,8.565125730373971,150.5973721219287,43.0972444268716,15.764030406521073,11.588265344956291,7.780754671753338,7.319472805295465,7.016859271550587,6.654161450445747,6.107097460950782,5.757509878683361,0.48686737653623624,168,0.15531914893617021,3.9105032620550815,0.03815270153790319,0.018227043676952666,94.95599735370357,86.69306452033759,0.020303078249873742,93.24752517409695,84.98251630615805,0.936840380413492,0.06315961958650795,False
2020-03-05,470,0.33571108361060464,7.928633830406757,157.78420929698416,41.97770841153168,15.165131762977662,11.125892660261908,8.342439026774901,7.438720125902036,6.943836770985191,6.423187476925312,5.937162823183378,5.691630539119437,0.4987135769330433,152,0.17446808510638298,3.708406023624974,0.0589121262985982,,,,,,,,,False
2020-03-06,470,0.3390557380262896,7.812199944313544,159.35619687235612,40.672969892932144,15.067997692879473,12.06071747690535,8.464756490532837,8.102778539286154,6.892684662831718,6.8111907859303775,5.811888873999631,5.623797280091426,0.5013247626076721,149,0.2851063829787234,3.5328168105647775,0.0707798394047997,,,,,,,,,False
2020-03-09,470,0.43015665964195154,5.129246827007127,202.1736300317172,33.50104861658858,18.35206762852431,10.962064199299792,7.4176198121178025,6.314979839725792,5.7821492561647805,5.574492933608193,4.9300872066041075,4.885099103031697,0.5795881495494632,114,0.4702127659574468,2.582389500794066,0.2185727895477022,,,,,,,,,False
2020-03-10,470,0.4431729796122601,4.862552526280119,208.29130041776227,31.734599512600656,17.929219964804467,10.50790246569063,7.228556008466896,7.015517687780553,5.546361198114887,5.485312550484514,5.287363576457899,4.748815197653949,0.5865778263177126,109,0.49148936170212765,2.463307019274602,0.23585718822301865,,,,,,,,,False
2020-03-11,470,0.46593580240721977,4.4346030899599524,218.98982713139333,29.911141174226564,16.722772613832568,10.095128691928817,8.017768650202598,6.7287176454311615,6.266143334307715,5.206789894194555,4.869862119740324,4.582035111178205,0.6036949750246465,98,0.5595744680851064,2.1517031227829344,0.290659166175203,0.018596679172282544,95.27114013894396,91.28387617221895,0.020720526024317315,91.87705945618173,87.88767164260467,0.9849308925823513,0.015069107417648664,False
2020-03-12,470,0.5348293477516143,3.4166232950147988,251.36979344325863,26.264431024599766,14.054658703783996,11.464884475835632,7.77417714789553,5.964820722003082,5.511202845323923,5.090813761410725,4.366926260365535,4.0318023623947825,0.6615488187135609,69,0.7702127659574468,1.466630733254944,0.528585038334165,,,,,,,,,False
2020-03-13,470,0.5576167740246527,3.154777912067109,262.07988379158667,23.581606019130156,15.234091396058435,10.548698065669722,8.700707384457626,6.434559368399951,5.370161032937519,4.897163619684237,4.632479118614892,3.9922989629460046,0.6811595460785164,59,0.8063829787234043,1.2351515262453243,0.5517397813364787,,,,,,,,,False
2020-03-16,470,0.6029217077497244,2.7100106953208156,283.37320264237036,22.148854761822278,14.394649223133008,12.545429944583336,8.465105817808947,6.559200918252072,5.212400748347013,4.233151906389433,4.010881637490817,3.7626438568868394,0.7253771114674853,47,0.8446808510638298,0.9956809777000319,0.4653994465363154,,,,,,,,,False
2020-03-17,470,0.5879647406658052,2.83083668777738,276.3434281129284,28.346592464414933,18.61218683956492,11.496130246836831,9.700112858851124,7.128102952016981,6.043919891158286,4.680065181834365,3.921932082930012,3.6945319969631254,0.7329754266438218,45,0.8404255319148937,0.9940396699691602,0.4421993376582135,,,,,,,,,False
2020-03-18,470,0.589130988072954,2.817524781807534,276.89156439428837,28.004840062634724,17.851536154613832,14.892571041566946,9.551832077414915,8.64641936417633,6.386553371144011,5.590512757903346,4.185105147924146,3.586234862438882,0.7387071143202527,41,0.8446808510638298,0.9574364721900993,0.3754298416730935,0.017859252816244946,96.2109073836589,93.96465433710809,0.027391129880566915,81.68878834534422,79.43300342172907,0.989105614494291,0.010894385505708981,False
2020-03-19,470,0.5694636546889135,2.9869350764111635,267.6479177037892,37.149493255562646,17.2717888365324,14.05072209000646,9.334055107343351,8.95682493384982,8.290560679897958,5.410604066360488,4.9355485668361565,3.8781686637817723,0.7350084616877325,43,0.825531914893617,1.0538072605721316,0.15999637072993694,,,,,,,,,False
2020-03-20,470,0.5609497349657868,3.0694211695295346,263.64637543391984,38.610443314112246,16.718520179250596,13.6605884946265,10.477284844901618,8.867820467354813,8.20515748867671,7.565473397252664,5.20307709409879,4.553011160115611,0.7300281112059803,42,0.8382978723404255,0.9899277191062694,0.1342104069319058,,,,,,,,,False
2020-03-23,470,0.5530429307047152,3.154351943325808,259.9301774312161,37.91817386908383,16.25466062237856,13.54438431478734,11.671510252984032,9.585677143936477,8.336071533373811,7.933110818204752,6.898049997871706,4.860665178726193,0.7219551201924467,43,0.8468085106382979,0.9480450656271234,0.04704441319239668,,,,,,,,,False
2020-03-24,470,0.5703569217334906,2.9820131621754866,268.0677532147405,35.49842696325011,15.078310150290292,12.667552522798522,11.486196374485305,9.53041089206091,8.038520670608436,7.590240341840952,6.9908350265782975,6.031391681068937,0.7293579557990741,43,0.8319148936170213,1.01838071475789,0.05031075624914939,,,,,,,,,False
2020-03-25,470,0.5631496331561794,3.0544645916039306,264.6803275834043,35.43020781246564,15.196201556401881,13.399464894453883,12.132713716307775,9.364025109403798,7.878680100462942,7.454649821073898,7.219477540826416,6.217494163987836,0.7251891820490075,43,0.823404255319149,1.0546901349154638,0.06426529964160958,0.01874400099134029,94.49401255290482,91.98395359346573,0.024182229220665447,82.16027620976794,79.64477902209953,0.9982848050530122,0.001715194946987797,False
2020-03-26,470,0.5670287207646277,3.016632999044041,266.503498759375,34.96871795287396,14.89121072063163,13.055966099343864,11.768756097599736,9.279177518190352,7.917457281639882,7.269598440909488,6.9783565425528105,6.061054126977902,0.7259322332549452,41,0.8404255319148937,0.9637334890885834,0.053159733248650365,,,,,,,,,False
2020-03-27,470,0.5646676778621715,3.0412293728952946,265.3938085952207,34.889876441461766,15.098973079944074,12.919463134703019,11.623373769376823,9.168711209310363,7.89846012146562,7.194063503235037,7.051314029343245,6.066820588973098,0.7232457340866092,41,0.8382978723404255,0.9793839835746948,0.043088508823662844,,,,,,,,,False
2020-03-30,470,0.5621968810113964,3.0659354928923452,264.2325340753564,35.366307621708074,15.02770331139725,12.866730152495673,11.49666872002943,9.050004428339097,7.793565122016986,7.383301017872165,6.974756776211108,5.9882646973194325,0.7212551997467803,43,0.8340425531914893,1.0090597645631727,0.05014743909631175,,,,,,,,,False
2020-03-31,470,0.5595224957921918,3.0942315367549873,262.9755730223302,35.419197561511126,15.041986877989245,12.804008677863637,11.49787367518467,9.006305691263645,7.746214470738069,7.311007225450805,6.930309091758377,5.9568037177625675,0.7185928506699549,43,0.825531914893617,1.0468946483084423,0.03185591797849657,,,,,,,,,False
2020-04-01,470,0.5624074964424861,3.0664916049689555,264.3315233279684,34.779031980357985,14.851804454281737,12.586502009555268,11.256339511436142,8.780653137486574,7.685211068705091,7.172498784673088,6.829766333115793,5.866107603956817,0.7187344708161695,45,0.8297872340425532,1.0362203489343487,0.038533774894524336,0.019254556431025877,94.7324756037939,92.20913693883641,0.024309802682151598,82.69784251936424,80.16944860815562,0.9996597711371006,0.00034022886289941656,False
2020-04-02,470,0.5596418316191814,3.0966639419978543,263.0316608610151,34.42451131235278,14.910102211355959,12.511401993756749,11.199614393900958,8.704769157853894,7.889764295842567,7.301603676743881,6.817007422951547,5.813168139690875,0.7150580654731525,46,0.8361702127659575,1.0251042007957498,0.021920791180873745,,,,,,,,,False
2020-04-03,470,0.5577950124214834,3.1173029452956276,262.16365583809727,34.20061438070026,14.821848184011582,12.491536458383266,11.185897103243427,8.67285931472066,7.814177435297172,7.235428828503368,6.769476743355076,5.797945891946657,0.7124756424775228,45,0.7787234042553192,1.2238364867752975,0.11328766501837317,,,,,,,,,False
2020-04-06,470,0.566632325449189,3.0281741926455465,266.31719296111874,33.22289058343139,14.46092790253937,12.059500948337595,10.934643613239576,8.391797051149071,7.922382004478779,7.01509826431357,6.565217184298935,5.624049071823878,0.7170109702312059,43,0.7808510638297872,1.1780294736693062,0.12227918159960079,,,,,,,,,False
2020-04-07,470,0.5644539976797669,3.050412955030826,265.2933789094905,33.436024741829854,14.372909111578018,12.096224575896251,10.883402558670145,8.340976593536517,7.897556733424112,6.96836663216446,6.529584321691445,5.618233243006696,0.7150679572286484,43,0.7914893617021277,1.1469320063673192,0.12579050038560993,,,,,,,,,False
2020-04-08,470,0.566654706564388,3.029273256134385,266.3277120852623,33.01223024484118,14.127304298819503,12.004007919496322,10.756665381855811,8.23353558392476,7.808600283982629,6.872157785329842,6.421635145662936,5.667686877344624,0.7153785530431388,41,0.7851063829787234,1.1624439809865317,0.12256952320464547,0.0189351826204173,94.89971181017928,92.41815807798886,0.028170774343537215,81.32682659061751,78.83603726670398,0.9997734136871537,0.00022658631284633302,False
2020-04-09,470,0.5652968635074069,3.044208026502812,265.68952584848114,32.64197552757294,14.305083798013005,12.037513300804378,10.651344512222327,8.174065551511143,7.803924858373278,6.82756993010035,6.384118897515277,5.667906516767117,0.7134583893342424,44,0.8382978723404255,0.9987599129144268,0.032091820532595385,,,,,,,,,False
2020-04-13,470,0.5642219406518671,3.055775258590772,265.18431210637755,32.48733212482745,14.455450514855443,12.043842254519188,10.631506469306462,8.119692644540303,7.75651039116293,6.784653686782612,6.3304093022235275,5.652248798346407,0.7123456244040131,45,0.7787234042553192,1.209558988777547,0.02092274191353264,,,,,,,,,False
2020-04-14,470,0.5640370762499004,3.0581133656437363,265.0974258374532,32.42042524825666,14.350247535844037,12.012494017241668,10.579808307184226,8.086545013252556,7.709123410881997,6.755696090471504,6.298305321024515,5.671536269122899,0.7116178743531485,44,0.7617021276595745,1.2603902991630167,0.031311527469037786,,,,,,,,,False
2020-04-15,470,0.5656834870802121,3.0415497376483294,265.87123892769955,32.298277649127826,14.241279361806686,11.91097834291633,10.526768808938321,8.04248270786803,7.69444201048617,6.710089549181685,6.291097217874731,5.679323309630447,0.7124437087031678,43,0.7808510638297872,1.201559015114148,0.04447670462278274,,,,,,,,,False
2020-04-16,470,0.5639156221056789,3.059351762311738,265.04034238966904,32.53520663758532,14.21409868081102,11.999425656491262,10.506149165133149,8.009394488914099,7.672465399482215,6.715252283928312,6.292308375490502,5.806538850497211,0.7112664309142337,44,0.776595744680851,1.236438382446118,0.06703261806469174,0.017983466365144262,95.60861605232793,93.09519644575673,0.02672815662905813,81.06140656031877,78.53924226348366,0.9998791312532724,0.00012086874672756487,False
2020-04-17,470,0.5657205098746325,3.0409075587956056,265.88863964107736,32.43244055109186,14.056066599467751,12.143183101638101,10.452919907703606,7.98625392477683,7.587706441322897,6.632843297844913,6.232481549190157,5.847756572337103,0.7127090421297416,42,0.7829787234042553,1.1953198870705921,0.13388377262623055,,,,,,,,,False
2020-04-20,470,0.5659521827671157,3.0388892145223982,265.99752590054436,32.31050791993677,14.062882299125796,12.109907441633286,10.465937695381228,7.940349456687879,7.527095995111959,6.623301186470659,6.2310838862673465,5.8258346064244115,0.7126526835247265,42,0.7808510638297872,1.2059521860179427,0.05056480515356349,,,,,,,,,False
2020-04-21,470,0.5661116138334997,3.037531691622829,266.0724585017448,32.264328877616265,13.96560589928103,12.058591029962614,10.465265332949777,7.935758065659869,7.460189501694257,6.588808912424957,6.208533518287983,5.965327556891958,0.7123962758330948,44,0.7617021276595745,1.271459693624779,0.026539037336115772,,,,,,,,,False
2020-04-22,470,0.5662690686962742,3.03622842139543,266.146462287249,32.18389107876672,13.919337997332796,12.002936346421514,10.415160712949184,7.9030758449142295,7.437733460004186,6.626695384401786,6.190622316303232,6.0404649846093825,0.7120591243036577,44,0.7702127659574468,1.260321023758145,0.03036791725264256,,,,,,,,,False
2020-04-23,470,0.5655610295138647,3.0429830531517674,265.81368387151645,32.437856313292315,13.97465737838387,11.992980233822596,10.372951670843776,7.882616796574565,7.401624980833944,6.588728526939797,6.17473713273129,6.066685378726971,0.7118981478039551,45,0.7893617021276595,1.184066115971463,0.04142811776981355,0.018632581084500846,95.73853915957963,93.24248455485723,0.02592609557916163,82.35572923377205,79.85238111455499,0.9998609764057436,0.00013902359425643773,False
2020-04-24,470,0.5659043041903057,3.039495025640653,265.9750229694438,32.4243851769326,13.942473452803373,11.986619052424988,10.368410312285707,7.887014065564687,7.3908115056627075,6.595848400421216,6.171320619165722,6.059254215984186,0.7121210871572135,44,0.774468085106383,1.2408238020020381,0.013999909268248423,,,,,,,,,False
2020-04-27,470,0.5673316954973306,3.025005418806741,266.6458968837454,32.31528090285481,13.923589474674767,11.952719333050423,10.348896544244024,7.870179477767445,7.385643197516375,6.649347481740049,6.20039204893436,6.119629664285438,0.7131625173161051,42,0.7808510638297872,1.1832424342014733,0.02749172072766865,,,,,,,,,False
2020-04-28,470,0.5658660181806423,3.03962592669065,265.9570285449021,32.528296662647705,13.836120325701483,11.976117597166139,10.323385233427903,7.816515181493761,7.3521519986964465,6.628936002246313,6.521756018992643,6.07292397514381,0.7119594646039257,44,0.7723404255319148,1.2414548352327945,0.03802567708569614,,,,,,,,,False
2020-04-29,470,0.5653205879407727,3.0435526771487,265.7006763321631,33.27001393822741,13.85599264883868,11.907333971897755,10.27392607662592,7.732922742581835,7.333425867977846,6.572970889768908,6.498361795040372,6.027874149185164,0.7127828573781977,41,0.7617021276595745,1.2447451981051623,0.03429660209590346,,,,,,,,,False
2020-04-30,470,0.5648126808054816,3.0493057171541706,265.4619599785765,33.15949847690442,13.766978337057605,11.85870824486793,10.214615196184155,7.697503312944541,7.328259891842172,6.629325482843158,6.5174630775130815,5.989897699905565,0.7116207664544477,42,0.7723404255319148,1.218044985784777,0.07448169486911944,0.018184656580441105,95.16768094011255,92.66500324718342,0.024681803291229786,82.57324946911889,80.06407462947898,0.9998324730562427,0.00016752694375732347,False
2020-05-01,470,0.566530881164457,3.03212417973549,266.2695141472948,32.99140452965351,13.718544926838945,11.787680448722453,10.157250495284515,7.639813399771815,7.31858771172078,6.641664308367765,6.478264737992126,5.932626875515672,0.712605094782541,41,0.776595744680851,1.1889756323811198,0.05087329310892347,,,,,,,,,False
2020-05-04,470,0.5664611485614461,3.032917936527987,266.2367398238797,32.961938801534615,13.74533401186368,11.766964405304103,10.144001607666276,7.644480249514484,7.29180659597743,6.6481206314087515,6.472809649943334,5.934808176430019,0.7124574013835071,39,0.7787234042553192,1.1689686577342224,0.05785056480515356,,,,,,,,,False
2020-05-05,470,0.565852190388712,3.039339964010817,265.9505294826946,32.962388312619524,13.709844783218816,11.762326937961081,10.124034365336758,7.623921051502823,7.289554427446733,6.672658058904695,6.462356304468928,5.924974618468772,0.7117215401741083,45,0.776595744680851,1.2133395969992011,0.040493580728575965,,,,,,,,,False
2020-05-06,470,0.5650641724467987,3.047943488744465,265.58016104999535,32.8178326347861,13.741735580346027,11.74390866780175,10.109802486991654,7.6202880563408755,7.314147389827911,6.678054157367413,6.443841833992082,5.895959833917505,0.7106243413189808,42,0.7787234042553192,1.193294526469617,0.046418364106519075,,,,,,,,,False
2020-05-07,470,0.5640198619546779,3.0591998095668833,265.0893351186983,32.79576878985662,13.605337080952367,11.706234054404767,10.059106738642448,7.606619557851818,7.266812892610541,6.626611447881339,6.412894091145773,5.869244292606489,0.7090548548564999,45,0.7680851063829788,1.259065683054227,0.0266025495622193,0.017981033939325146,95.3700705845952,92.85690960304368,0.02491279081328458,83.14447053302129,80.6243777945958,0.9998918808765055,0.00010811912349451003,False
2020-05-08,470,0.56397766461243,3.060175168793832,265.069502367842,32.66810403715368,13.513732442131644,11.63398987091706,10.06218615646247,7.546539472366344,7.261918356523802,6.7650662160724595,6.368603229793342,5.8451042098499215,0.7083989678181,43,0.7723404255319148,1.223302818925533,0.033534455382661164,,,,,,,,,False
2020-05-11,470,0.5629288910767425,3.0709408624859598,264.57657880606905,32.7480290483211,13.550860637287055,11.654426195503582,10.041826413625305,7.543686710251277,7.3060866346629965,6.865929238351518,6.3588029906393,5.8244111846354425,0.7075994065974596,43,0.7680851063829788,1.2461105523096585,0.023953182416186544,,,,,,,,,False
2020-05-12,470,0.5629593296986772,3.0711597064098197,264.59088495837824,32.636399867398296,13.480920380580162,11.599651571807586,10.001864164904347,7.519486625963919,7.300712463312148,6.831960451257426,6.330339646232997,5.796112678905928,0.7070419594533377,44,0.7723404255319148,1.229120261039987,0.026684208138638116,,,,,,,,,False
2020-05-13,470,0.5633875796052483,3.06678249573404,264.7921624144667,32.637602167043084,13.428925966348768,11.605289306232244,9.967686732648474,7.493674154271182,7.314220633599256,6.8082605490006,6.30590365635912,5.790932671707601,0.7073014182696581,42,0.774468085106383,1.2025400538568671,0.03343465045592705,,,,,,,,,False
2020-05-14,470,0.5626872164013219,3.074317251814084,264.4629917086213,32.62098260924368,13.415729591191159,11.560329286774284,9.955791403584175,7.47291838273575,7.3203696631065815,6.799732502064366,6.299738758766273,5.782283900290445,0.7064166480838608,44,0.7702127659574468,1.234827495344153,0.01757474028036111,0.01862606407870123,94.41655949485835,91.8863033953669,0.024642029896002365,84.34334361888854,81.80707155357977,0.9999324733935087,6.752660649134157e-05,False
2020-05-15,470,0.5620802434034655,3.0809301525873125,264.1777143996287,32.57974590306628,13.402151413163455,11.533732390416382,9.947272723347051,7.462933365699587,7.329877647088816,6.780780895092618,6.292130059551405,5.794552962885508,0.7056183336800469,46,0.7659574468085106,1.2707267711646117,0.030331624552011976,,,,,,,,,False
2020-05-18,470,0.5640067543307777,3.060936284983805,265.0831745354657,32.559555880475855,13.277591233015496,11.55271356259487,9.841304822176316,7.42332405247922,7.3315582961044825,6.837792032708762,6.2190470430629246,5.743380655813001,0.7070517873058043,42,0.776595744680851,1.1919251948505878,0.03295377217257179,,,,,,,,,False
2020-05-19,470,0.5636589895256314,3.0646888993520958,264.9197250770468,32.540557479441205,13.223227398497247,11.57200626802819,9.848619447906483,7.39601460286905,7.33595299095837,6.835809095175164,6.21811336272326,5.750509012290506,0.7066045439806807,43,0.7702127659574468,1.228928370404217,0.029669282765503787,,,,,,,,,False
2020-05-20,470,0.5638351033049972,3.0629251563572035,265.0024985533488,32.52696744803653,13.20550285728586,11.568995318116212,9.825525085675906,7.425680122755305,7.320092540785037,6.827872938691653,6.218501601986182,5.74289846406521,0.7066584877924749,43,0.7680851063829788,1.240638939258769,0.036492310484053894,,,,,,,,,False
2020-05-21,470,0.5631754497532752,3.0698279752480087,264.69246138403935,32.54403679565367,13.258112800163175,11.554718367228064,9.828484380707316,7.41749770881327,7.3139940112176305,6.825252368547461,6.21405654595252,5.73721521084321,0.7061230079314714,42,0.7851063829787234,1.1737465310204545,0.044268021594156874,0.01816452917081247,95.03171429942348,92.50689724475794,0.023866705204652863,84.8416963948078,82.31117716410841,0.9999514211135768,4.8578886423178425e-05,False
2020-05-22,470,0.5627399993360824,3.0745351777753545,264.4877996879587,32.52838099062738,13.240533834545506,11.547638383427032,9.826599836673385,7.414299182038974,7.310388664765829,6.824151990386785,6.2106646335885305,5.72174355388402,0.7055977717728342,42,0.7723404255319148,1.2287350455571295,0.02407113369323595,,,,,,,,,False
2020-05-26,470,0.5614054992343206,3.0878375376728058,263.8605846401308,32.68889635591171,13.423085602572323,11.74377003311241,9.770194048709573,7.765661097457682,7.263555614122491,6.793411419215287,6.185427954670942,5.723145004042976,0.7052904908094397,42,0.7659574468085106,1.2165716583037223,0.044240802068683936,,,,,,,,,False
2020-05-27,470,0.5610337452817191,3.092231889134575,263.68586028240793,32.56044343337014,13.373509291170503,11.720962955081838,9.731760636144642,7.892544997170712,7.231180010990559,6.771043313535494,6.180113322776866,5.7092254954429364,0.7044096523365427,41,0.774468085106383,1.2122269068368783,0.021140498117316154,,,,,,,,,False
2020-05-28,470,0.5597341445942692,3.1056078189358454,263.0750479593065,32.73314086732893,13.345726975964418,11.721178362003162,9.709851973470705,8.151623682264272,7.215509181050184,6.758475253338,6.179840457228651,5.688209048570129,0.7033722258256889,42,0.7617021276595745,1.2470668337795585,0.037054847343827975,,,,,,,,,False
2020-05-29,470,0.5589533815999285,3.113624052609609,262.7080893519664,32.84647712975979,13.407883890735995,11.770602203088949,9.67791599054755,8.184660371218133,7.2044747855003894,6.755993690584713,6.172045419921332,5.687621897395223,0.7030020607789332,42,0.7787234042553192,1.18091418733446,0.024787914530690014,0.01856236172729992,94.92267846831069,92.34944543557371,0.024161691289283953,84.22439820089949,81.64556583860052,0.9999687904938027,3.12095061972828e-05,False
2020-06-01,470,0.5583847864667565,3.1197147329693107,262.44084963937553,32.892099756461974,13.375212589267122,11.736147773032492,9.67267686900048,8.186971203044532,7.192799901769045,6.748465250454103,6.2011616429057845,5.673812640347926,0.7023765672917822,43,0.7680851063829788,1.2524947161117634,0.03925055573197841,,,,,,,,,False
2020-06-02,470,0.5582712089265747,3.121017846596461,262.38746819549,32.88081711904901,13.35709123992271,11.743794485149692,9.657348288151425,8.182759953732418,7.184337164583953,6.74051765465517,6.192402631708552,5.690171856647692,0.7021840836760915,42,0.774468085106383,1.2197192607475023,0.03606587125164451,,,,,,,,,False
2020-06-03,470,0.5573333698179843,3.1308557196002393,261.9466838144527,32.95281553218291,13.509449882791092,11.752185530211678,9.625488948658948,8.300154628087078,7.155810677835087,6.714762721141163,6.168448676580039,5.657975084703807,0.7016736674644622,45,0.8319148936170213,1.0420048760970464,0.1032255137685433,,,,,,,,,False
2020-06-04,470,0.5560390591455672,3.144478732797897,261.3383577984166,33.1242573440925,13.486665756842385,11.803910323116332,9.628812804346044,8.354383608844376,7.1248780818166315,6.694502198325379,6.148525914108678,5.637882300081719,0.7008127745251358,44,0.7659574468085106,1.2695228212015826,0.028181282039649775,,,,,,,,,False
2020-06-05,470,0.5569481563513059,3.134886491993461,261.7656334851139,33.12005274658726,13.401648256633528,11.723186595220563,9.616614949488813,8.288384927171549,7.079100993350693,6.64845394935901,6.10883448493664,5.652887054667574,0.7013343319851999,46,0.7723404255319148,1.2379689484493903,0.01740234995236583,0.018458797519392427,95.0385482559802,92.44215112281866,0.02295077419965702,84.39960332589533,81.79871421605353,0.9999455888488737,5.441115112625461e-05,False
2020-06-08,470,0.5566691715741992,3.138233049134311,261.6345106398736,33.026786917741376,13.348339105087675,11.765190033238934,9.669892709138555,8.23576437180325,7.073138338345278,6.618868526323034,6.071461742277396,5.627395714696894,0.7009462115001706,43,0.7617021276595745,1.2716723610427587,0.03065825885768725,,,,,,,,,False
2020-06-09,470,0.5565844723175506,3.1391798925849663,261.59470198924873,33.0137491354328,13.391402188142267,11.796698153901977,9.654207491186696,8.217981148749704,7.063192586389746,6.606862536874936,6.052356166920602,5.612111713475616,0.7009590616125798,41,0.774468085106383,1.2056196755669166,0.040312117225423036,,,,,,,,,False
2020-06-10,470,0.5560981575316375,3.144051226557382,261.3661340398697,33.096986995415946,13.509745603997704,11.870039196065434,9.651657704957945,8.295815570122983,7.050133196875785,6.591341616136586,6.038127894160547,5.606086596344453,0.7010522628517163,45,0.7680851063829788,1.264670248552431,0.13243206460100712,,,,,,,,,False
2020-06-11,470,0.5633002200647211,3.069067855548704,264.75110343041877,32.53343236189349,13.271141303740551,11.763793627088983,9.495200907422483,8.132630609637772,6.908013418771517,6.456346844801447,5.9282722287135,5.52885800577821,0.7059886630437542,41,0.7702127659574468,1.219542083975206,0.039903824343328946,,,,,,,,,False
2020-06-12,470,0.5631379117678843,3.0705362756716394,264.6748185309056,32.62180680906816,13.272583805299922,11.758434084828265,9.550848340767274,8.129906381551855,6.890438952637161,6.439485888105171,5.921396829126152,5.527942222059856,0.7061244501507855,39,0.7851063829787234,1.1421530703987823,0.04721680352039196,0.018446304320758344,95.33602966353611,92.81018499531159,0.024382417050887374,85.21291391337178,82.68113313241713,0.9999425664792583,5.743352074172314e-05,False
2020-06-15,470,0.5630093023136441,3.072108581975367,264.6143720874128,32.57166581247745,13.262555843846805,11.738669290867849,9.54843943318652,8.115513495504526,6.877855379494333,6.441101226127434,5.914631338766274,5.520509551432614,0.7058206435484922,42,0.8297872340425532,1.0386899763600315,0.12328630404209953,,,,,,,,,False
2020-06-16,470,0.5631619829656621,3.0710084856045476,264.6861319938612,32.42018888799528,13.231788363953287,11.707036801669092,9.535469340023603,8.099553207474976,6.8654460928957235,6.435049523958897,5.919500118878198,5.511913610517014,0.7054906710372393,42,0.7723404255319148,1.2296052999031564,0.05070997595608583,,,,,,,,,False
2020-06-17,470,0.5627601951959692,3.0751817540824775,264.4972917421055,32.45202222853719,13.24306283261308,11.708460198105593,9.528702074031663,8.120746999004034,6.862801511438353,6.432557958669123,5.906480669059081,5.518924576560276,0.7051692320753042,43,0.776595744680851,1.2217886707672847,0.03365240665971057,,,,,,,,,False
2020-06-18,470,0.5623876305258838,3.0792218163170544,264.32218634716537,32.43405396269428,13.240905820342046,11.698126932887007,9.523776218961913,8.116122726951168,6.865102642048974,6.431919318625555,5.896492401140413,5.514764076660904,0.7047213814511716,42,0.8042553191489362,1.0942283638114558,0.19631629088599556,,,,,,,,,False
2020-06-19,470,0.5615562781339841,3.0882136458947422,263.9314507229726,32.35838691858855,13.335720235390944,11.71087222383248,9.511969255836807,8.113888573013163,6.849981347089291,6.416673994915257,5.905659819603652,5.508493878345887,0.703932764588556,42,0.8595744680851064,0.9004447646339826,0.17194574241255728,0.018347478403216665,94.9150997330083,92.37009488684433,0.023105627632280804,86.10679941004933,83.5570364146563,0.999987845075539,1.215492446104971e-05,False
2020-06-22,470,0.5610736228220514,3.093496330195574,263.704602726364,32.3207197895686,13.318259342633478,11.729417152714984,9.49527544322277,8.108874002453653,6.846595235550412,6.40381737952323,5.92404431888187,5.506287565415394,0.7033367541585192,42,0.776595744680851,1.2158635901775792,0.11534727577915892,,,,,,,,,False
2020-06-23,470,0.5606599288182902,3.0980017251040697,263.51016654459636,32.30833031756643,13.303287536347842,11.723498136166388,9.491414272347946,8.108277578307732,6.855433086582513,6.397493161122403,5.919385245622758,5.505988032743677,0.7028440357596276,43,0.8106382978723404,1.0619433535661946,0.07410969468765595,,,,,,,,,False
2020-06-24,470,0.5620649217539362,3.083470104444025,264.1705132243501,32.215149615818035,13.220103420390366,11.730866828626542,9.433614323995489,8.091581629099068,6.820779677193575,6.366035736968737,5.89189584292529,5.486442351784296,0.7037664838578306,42,0.7872340425531915,1.1609654778478447,0.03669192033752212,,,,,,,,,False
2020-06-25,470,0.5621061335509666,3.083190490545672,264.18988276895425,32.17939840183156,13.211539522662084,11.723670911919966,9.414727477465288,8.094134643662109,6.8028053966197595,6.3313479811558295,5.87714237948686,5.487451776708417,0.7036579129421984,42,0.7829787234042553,1.1651269999353546,0.1855192124483963,,,,,,,,,False
2020-06-26,470,0.5621405799822946,3.083166599070419,264.2060725916784,32.099582797277186,13.182387712789891,11.7189027570364,9.390725411282936,8.043803051598545,6.774476018498661,6.3120020511614605,5.875815397764955,5.470765598588111,0.7033993005746061,41,0.7851063829787234,1.1504260629048912,0.1653858367735789,0.01849857674405797,94.39829777714309,91.8587731813109,0.02403234488390739,85.34657491326102,82.80151654928899,0.9999828714278609,1.7128572139091247e-05,False
2020-06-29,470,0.5624213974945242,3.0804490137143437,264.3380568224262,32.00916515375297,13.178675319118662,11.708517005197946,9.379394934224482,8.101210069408726,6.762796768889163,6.295049322477457,5.8577732686019095,5.466888131640127,0.7034336366696181,41,0.7851063829787234,1.1504260629048912,0.04101982488771946,,,,,,,,,False
2020-06-30,470,0.5626744857223007,3.077880253137643,264.45700828948145,31.98102200609081,13.190915517045413,11.698527122806352,9.336709282419076,8.0963034446998,6.757429143462839,6.2922401411499385,5.851225006401648,5.471330581469452,0.703540813229453,41,0.7957446808510639,1.1138795657160885,0.03755387197749852,,,,,,,,,False
2020-07-01,470,0.5616662100390076,3.088528468798737,263.98311871833357,31.98573267014995,13.150995223219082,11.810581054931397,9.344829846940016,8.084206950576569,6.75744508697437,6.283298083409319,5.848219875039546,5.467737605855967,0.7027133138586682,45,0.776595744680851,1.222163225264363,0.04377807013564397,,,,,,,,,False
2020-07-02,470,0.5616145046264829,3.089163910938016,263.95881717444684,31.966957818981406,13.129049140006432,11.8207075662661,9.340911705335543,8.079542521444655,6.753621328955475,6.281067334508015,5.843649494027383,5.461041617765088,0.7025881774575243,44,0.7702127659574468,1.25597356435656,0.04720773034523432,,,,,,,,,False
2020-07-06,470,0.561400633274379,3.091564305208603,263.858297638958,31.921794336341982,13.132741866356886,11.822943971574732,9.337661141338334,8.066902437489226,6.785162704132203,6.304418524024351,5.839230057922165,5.463582611905598,0.7022839126692981,43,0.776595744680851,1.19671102586762,0.02690196434242163,0.018576023695652543,95.10968377848694,92.56094408285706,0.025046965170378417,85.16580496947964,82.61059433237503,0.9999829436838624,1.7056316137575855e-05,False
2020-07-07,470,0.5613197680084235,3.0924259933289115,263.82029096395917,31.93196994373892,13.12930248379232,11.804783702198112,9.3441485373685,8.106542499704684,6.771144763530127,6.300272971488285,5.828898541817384,5.447362986234325,0.7021925438958657,41,0.7808510638297872,1.1649642557951756,0.020296692827655036,,,,,,,,,False
2020-07-08,470,0.5611669219694799,3.0941203892548996,263.74845332565553,31.932095208768843,13.111881073696265,11.777445406999087,9.351489752664605,8.092183057819284,6.763986871874304,6.293724362202123,5.850540182202219,5.445514974939397,0.701960350569754,44,0.7851063829787234,1.1802213508626853,0.031148210316200155,,,,,,,,,False
2020-07-09,470,0.560737886981824,3.0986606409494994,263.5468068814573,31.916994891473777,13.195905505651774,11.80789297033809,9.363638953747916,8.069888120567217,6.762808232285146,6.2919836534392095,5.845548498179538,5.435075936876237,0.7017685940482316,42,0.7808510638297872,1.1920094497475184,0.05335934310211859,,,,,,,,,False
2020-07-10,470,0.5603836027272538,3.1024412784607787,263.38029328180926,31.882416859675615,13.236934015061308,11.84715577212422,9.377002775032082,8.122928809466188,6.75838283374216,6.291457068429837,5.8418855892107695,5.433868507696535,0.7015400057525587,41,0.7872340425531915,1.1556420478112044,0.03973143401533367,,,,,,,,,False
2020-07-13,470,0.5599221335052715,3.1073604820241383,263.1634027474775,31.857829607759413,13.402226685906003,11.779870797569288,9.36200294855438,8.124697210375004,6.75233818472048,6.304571275730211,5.826443115168105,5.424313189330134,0.7012028357175888,44,0.8446808510638298,0.9724788439821704,0.10687293018191717,0.018653318150456216,94.46554706413147,91.89945539746215,0.023577814136347023,86.1815949297088,83.61057876705358,0.9999791258201277,2.087417987228779e-05,False
2020-07-14,470,0.5602093336042242,3.1044620668145595,263.2983867939854,31.8046857199029,13.394740654269357,11.770499983197064,9.353101811604557,8.125132306595493,6.734095127781244,6.298107878705136,5.814933923122608,5.415636136091184,0.701322159495658,42,0.8489361702127659,0.9519882721698992,0.14015333666016422,,,,,,,,,False
2020-07-15,470,0.5602427667843275,3.1037636659647725,263.31410038863385,31.945762023685155,13.431490523711552,11.738316520145228,9.337196205628349,8.112800669410529,6.720722085949701,6.288402599445481,5.791802656296308,5.403024322714928,0.7016316290676685,43,0.7808510638297872,1.1821960228422492,0.054611441273873795,,,,,,,,,False
2020-07-16,470,0.5601950835426146,3.104219565936382,263.2916892650288,31.967436312882604,13.44013391363665,11.708005275525084,9.34728463513807,8.115648721498317,6.722386411956239,6.301159146569807,5.7773376029046,5.395364391316666,0.701605424260024,41,0.774468085106383,1.204096090236752,0.03710021321961621,,,,,,,,,False
2020-07-17,470,0.559816523640039,3.1081551089909762,263.11376611081835,32.024098977815065,13.4046240426289,11.723332545739275,9.346580162877007,8.138602314112795,6.697590341354066,6.294252876859409,5.781494532185593,5.393788213902682,0.7013029826380395,44,0.776595744680851,1.2290796498576029,0.030104795173070815,,,,,,,,,False
2020-07-20,470,0.5592258413879102,3.114222967219651,262.83614545231796,32.024551921532336,13.653795815373137,11.715241422355618,9.366030338888006,8.150396588040572,6.703526680147414,6.29779170354489,5.790226691895459,5.3874872854875715,0.7012675850009933,44,0.7787234042553192,1.2184589616397172,0.12503742684752528,0.01858904818840563,94.88292740992682,92.30934123590669,0.023777692290330405,85.68965073526816,83.11087591714609,0.9999852729251771,1.4727074822862285e-05,False
2020-07-21,470,0.5589163263961292,3.1172904232574843,262.69067340618085,32.06591053251966,13.746651143742362,11.771888653252983,9.421114509166593,8.129771960110453,6.698589208923675,6.3081550294341255,5.761415929646173,5.376470696776177,0.701481357967792,42,0.7680851063829788,1.2503194137167237,0.15413509957809735,,,,,,,,,False
2020-07-22,470,0.5589388024040076,3.1170450452092244,262.7012371298837,32.0398105169125,13.770172753764466,11.845234030048232,9.418149337601065,8.121299368283172,6.693342283972101,6.304657557119146,5.7566418153273755,5.382540670647158,0.7016480931238507,44,0.7829787234042553,1.194288694602942,0.057505784149163,,,,,,,,,False
2020-07-23,470,0.5588491140560989,3.1177366270068614,262.6590836063665,32.0731930416903,13.894310855882765,11.837656362890776,9.44852269453391,8.157692470778517,6.696305438946342,6.295352681550899,5.753370315303839,5.392015507707182,0.7019420565135409,40,0.774468085106383,1.2146901557385048,0.040792995508778296,,,,,,,,,False
2020-07-24,470,0.5589560512979536,3.116688693318438,262.7093441100382,32.04917924311088,13.855046191832354,11.833524200185416,9.462454678488164,8.169421655581377,6.683921687508508,6.298706190096643,5.745172781985441,5.362628197500707,0.7019352094120319,41,0.7893617021276595,1.1488699315009818,0.05304178197160096,,,,,,,,,False
2020-07-27,470,0.5588200337415629,3.1180666314948384,262.64541585853453,32.070871262603994,13.926716182611049,11.812123721662118,9.402204072268674,8.172654605409754,6.703212309125347,6.281944528935449,5.7418456690918696,5.359484376745065,0.7018241087184689,42,0.7978723404255319,1.1081978957433636,0.03756294515265617,0.018547565323936976,95.22184582876646,92.64405166568925,0.02317020185748373,85.85044377272081,83.26802697311004,0.9998600783792508,0.0001399216207491616,False
2020-07-28,470,0.5590397468695518,3.115426152522398,262.7486810286893,32.12104126807411,14.071300895918665,11.706985980315611,9.414880715311753,8.18366138384415,6.778407220475616,6.287513261773241,5.749868422682395,5.371920099558514,0.702261467847467,41,0.7851063829787234,1.1688807049470755,0.03403348001633172,,,,,,,,,False
2020-07-29,470,0.5591866965364205,3.1138501115223045,262.81774737211765,32.14201541577896,14.051015463318777,11.688940099683023,9.402672377085711,8.178477759312493,6.773753395726265,6.277365160756121,5.750824755085798,5.363146570747685,0.7023455121872002,42,0.7936170212765957,1.132892977157096,0.030594746631583722,,,,,,,,,False
2020-07-30,470,0.5588287344543461,3.1176979968754077,262.6495051935427,32.137174411022315,14.070522411135983,11.71240235974878,9.422286930925349,8.18878406456993,6.734987181237344,6.274322576072985,5.751971818693597,5.354416383736028,0.7021104070348406,42,0.7893617021276595,1.1523570929900575,0.056426076305403076,,,,,,,,,False
2020-07-31,470,0.5583230213040408,3.123271076462065,262.41182001289917,32.124728193283154,14.060844778693411,11.707279337880564,9.403894522495523,8.186415520520896,6.732165181774576,6.257115355729963,5.753406402615232,5.350217905781994,0.7015075890324506,41,0.8021276595744681,1.0815125701338995,0.021194937168262033,,,,,,,,,False
2020-08-03,470,0.5578997221925763,3.127894250164841,262.212869430511,32.10624235205106,14.080876463816004,11.7217917276642,9.3971010083423,8.181226936271173,6.737664148962525,6.240878773403136,5.7620327401084275,5.328513098625949,0.7011040020901795,43,0.7787234042553192,1.204302843406926,0.04415007031710747,0.018615659283033367,94.81927140368143,92.23066121642613,0.02363445068955354,85.78221561969832,83.1885866410365,0.9999166264844176,8.33735155824078e-05,False
2020-08-04,470,0.557550397458344,3.1318137534814072,262.04868680542154,32.07728824382865,14.061020739398781,11.70290596702715,9.394873411699258,8.177128158968685,6.731590303124897,6.247638839177192,5.772915330387484,5.3214386416509365,0.7006059046114373,41,0.7936170212765957,1.1240823856303799,0.027518940253141586,,,,,,,,,False
2020-08-05,470,0.5568587269732457,3.1392181589615484,261.72360167742545,32.149280592595815,14.04940660345215,11.687148994452299,9.397081125164192,8.166749812472503,6.726743760308859,6.239152215564694,5.762015834209257,5.313595860459441,0.7000138701980637,42,0.7936170212765957,1.1347292457046603,0.0072766864764324275,,,,,,,,,False
2020-08-06,470,0.5559347031194651,3.149632305494465,261.28931046614866,32.07974164970475,14.037002896008815,11.676873501585948,9.381816050060984,8.133696830336536,6.693912878519964,6.225950134773475,5.744699491478009,5.314752442682872,0.6988611586457639,41,0.8042553191489362,1.0827846781621346,0.0376264573787597,,,,,,,,,False
2020-08-07,470,0.555124023490039,3.1584332658576564,260.9082910403182,32.04559020257332,14.234196845109057,11.649360406856172,9.389997341940248,8.169955859665045,6.709643469397833,6.227142248463522,5.737467964399387,5.315663537471276,0.6983562464612705,42,0.8319148936170213,1.0114449926973077,0.1400535317334301,,,,,,,,,False
2020-08-10,470,0.5545270811960725,3.164556989059425,260.62772816215386,32.16731060032853,14.343865044332428,11.658338022608309,9.383626914396483,8.177298451568667,6.676566187221067,6.220313856232759,5.731719781288873,5.3129265476560725,0.6982571675400423,41,0.8382978723404255,0.9794606803769511,0.15899832146259585,0.0190355378589439,94.47632478506821,91.84725933934592,0.02361681689381739,85.50324635356743,82.86959962881026,0.9999467040206672,5.329597933279029e-05,False
2020-08-11,470,0.5544294746355359,3.165328486938118,260.581853078702,32.257535227852976,14.3824818036871,11.648745193823027,9.385749744472335,8.185702014959006,6.668491720587916,6.211329559029472,5.754718886470108,5.299364891936634,0.6984177979756114,43,0.8361702127659575,1.0025252351024,0.14614163226421087,,,,,,,,,False
2020-08-12,470,0.5546538051916405,3.162643023482457,260.6872884400711,32.3374519038078,14.395668349971835,11.642272563081928,9.385430418850568,8.197577796599049,6.627904170116601,6.2027809105494045,5.7575840517258055,5.261444624427229,0.698825769522943,43,0.8446808510638298,0.9678402926865038,0.147729437916799,,,,,,,,,False
2020-08-13,470,0.5536345364817273,3.173486683901763,260.20823214641183,32.462139268725124,14.45925918291055,11.58817342997621,9.405172085595094,8.232730059668945,6.6343802872535145,6.175696701986325,5.774712032437927,5.286863546084575,0.6981339917311039,42,0.776595744680851,1.1775978106458678,0.06478247062559543,,,,,,,,,False
2020-08-14,470,0.552099111152503,3.189675715839544,259.4865822416764,32.64054287166584,14.62130252996852,11.61008408016469,9.47390617232464,8.289169093172141,6.6679535781074435,6.199869196121226,5.805936874408193,5.306968651926951,0.6975157827570215,43,0.7872340425531915,1.1435223180894634,0.16690105702490587,,,,,,,,,False
2020-08-17,470,0.5523629597596874,3.1865675329464858,259.6105910870531,32.6454320729125,14.665858299845901,11.638126452162432,9.496869946763702,8.312957960674424,6.669827940055536,6.20692835782082,5.805686972846611,5.322298653900374,0.6979933571462503,41,0.7723404255319148,1.1744400114172617,0.1954815587714921,0.018627656848716968,95.2465176468222,92.59368541678668,0.02455437060392766,85.86478972291417,83.20603077912344,0.9999465070171099,5.349298289014648e-05,False
2020-08-18,470,0.5501602187356833,3.2102095537138626,258.5753028057711,32.8289769069783,14.845606614656916,11.736067722096639,9.575064863012845,8.378239552121865,6.73428994485101,6.24982480155483,5.843781293709279,5.371902442968047,0.6969383381117358,41,0.7829787234042553,1.13858927464709,0.15396270925010208,,,,,,,,,False
2020-08-19,470,0.551090255146033,3.2001620972911704,259.01241991863554,32.69421314041824,14.85030113580279,11.696149598943425,9.579750337638465,8.38238919110751,6.759254065369164,6.242829036529691,5.829582532818156,5.362475447527435,0.6975166683647626,40,0.8595744680851064,0.8821480800771055,0.06804881368234814,,,,,,,,,False
2020-08-20,470,0.5497441702231332,3.2155689094792086,258.37976000487254,32.42892010870948,15.017364008763394,11.816536703475379,9.651266659510817,8.41471152691664,6.810325688547072,6.290290024636629,5.8777613033127105,5.395374813054526,0.696369888266663,40,0.851063829787234,0.9176199299955612,0.18156330807966248,,,,,,,,,False
2020-08-21,470,0.5495869915621123,3.217046877053901,258.3058860341929,32.50826794109467,15.073623096367136,11.801280971647007,9.64795469212564,8.42808208317906,6.82541428287468,6.260014331163952,5.845149573244927,5.390790787960971,0.6964617292243132,40,0.8489361702127659,0.9277068936671826,0.16866125300548926,,,,,,,,,False
2020-08-24,470,0.5481437464020384,3.2336904959745785,257.62756080895815,32.232695441446104,15.28780450730391,11.863294819369042,9.731168124044707,8.53074481103572,6.856976306966795,6.303842958053831,5.885800740893323,5.40921196645621,0.6951968589385571,41,0.8531914893617021,0.9179655168059158,0.18934809236492312,0.017987021726858152,95.04391743766685,92.34038366636744,0.02354756316214984,84.89285690462117,82.18376259188648,0.9999059373093765,9.40626906235087e-05,False
2020-08-25,470,0.5471158461529475,3.244619862918927,257.1444476918854,32.40651111924801,15.391068797107835,11.920054833831049,9.747328678260164,8.581931666585973,6.885444086904213,6.3158544125898075,5.886033873365004,5.444669240506547,0.6949136406815583,44,0.8340425531914893,1.0258528358999042,0.15706573515401714,,,,,,,,,False
2020-08-26,470,0.5465730367971056,3.2505076050534183,256.88932729463966,32.513481116182874,15.38553470713423,11.886337909325565,9.748348841992673,8.580989816963537,6.93956560159786,6.351562087093271,5.849548406164428,5.465367627159311,0.6945170848282446,42,0.8553191489361702,0.9139760434678558,0.02920655083246382,,,,,,,,,False
2020-08-27,470,0.5348228802148247,3.383739540296239,251.36675370096765,34.078960497030224,16.146536197086107,11.205927339689946,9.899218705502125,8.608241796357223,7.257919386546049,6.668714564601918,5.780447006298234,5.047392359700582,0.6865902051920767,49,0.7489361702127659,1.3818548000144613,0.17989384385065554,,,,,,,,,False
2020-08-28,470,0.5333175492059292,3.400182321800257,250.6592481267868,34.48047468201324,16.356952843714083,11.317320699231754,9.84774174787955,8.628227818685065,7.348605191685081,6.758530072501128,5.7910713194706105,5.093630798021517,0.6865143363821815,50,0.723404255319149,1.4550537733283375,0.21579639794946243,,,,,,,,,False
2020-08-31,470,0.5274773759776387,3.468828591103908,247.91436670949014,35.23459275245787,16.680163265529984,11.47746021964091,10.055504674918396,8.797250805825069,7.485804738556769,6.885389768753281,5.88931217345568,5.184982243412181,0.6837491226000794,48,0.7404255319148936,1.413500874864878,0.20169668375447988,0.01849967944180196,95.46326460593565,92.50341371136757,0.023696011606993354,86.74726758337667,83.78222035664339,0.999565955507731,0.00043404449226902564,False
2020-09-01,470,0.503081662655247,3.781740733765803,236.44838144796609,37.6688924019077,17.828238027238697,11.900960543612808,10.871463020210891,9.39602544925222,8.124167102739733,7.39046363453264,5.614047266361577,5.119308012520133,0.6696126285977365,58,0.7787234042553192,1.356271995034952,0.10907771174522524,,,,,,,,,False
2020-09-02,470,0.4930223866250253,3.9222017342156965,231.72052171376185,38.71748761069472,18.721216192629868,11.863031838696687,10.45940059885937,9.814504772313805,8.135898243485933,7.44361385778302,5.5516068666873055,5.313895149088053,0.6627269318183884,59,0.6787234042553192,1.69783487656106,0.26975457061198566,,,,,,,,,False
2020-09-03,470,0.44956154803282494,4.619942321433239,211.2939275754277,43.17108663257285,20.89453410707116,12.092211090264923,11.786648279993349,9.966905073519236,8.45570595575391,7.4110667258562755,6.139871947094093,5.595972767386237,0.6366774631602766,65,0.42127659574468085,2.1935903666211005,0.41040693190582045,,,,,,,,,False
2020-09-04,470,0.45357275592031304,4.587828202370717,213.17919528254708,36.56133997969084,22.195928119227545,12.594232924939185,10.734424026456345,9.940451985431618,8.715803599022216,7.461743127511143,6.278965955184959,5.882286095737421,0.6282236602826832,70,0.49148936170212765,2.217707887681871,0.36666515447080705,,,,,,,,,False
2020-09-08,470,0.439128014504663,4.868554600250393,206.39016681719158,37.19801665048101,22.507764028751787,11.869960722975362,11.007073778864289,9.950161520695588,9.265864127580342,6.814443929234741,6.474724917411415,5.61120811863371,0.6148361319112002,77,0.43617021276595747,2.3320633582688104,0.3799664292519167,0.018470072110150722,95.50605543956668,91.0581587817108,0.020570669109462383,90.35969710601942,85.90969985116423,0.9945167450943523,0.0054832549056477164,False
2020-09-09,470,0.4530569016876172,4.626597271187096,212.93674379318003,34.79066734948273,18.008924792768234,12.43471638041281,11.627034179519677,9.64370838790413,7.318741689124637,6.780874320413979,5.804177903512313,5.030757409847916,0.6165916733943906,79,0.5787234042553191,2.124365653397214,0.27126071768815496,,,,,,,,,False
2020-09-10,470,0.45796591787705937,4.542006393156318,215.2439814022179,33.9536942510516,17.85266186740691,12.96632945897589,11.244268598800794,8.055145819471814,7.1071545546574235,6.355586694475724,5.421684080377926,5.094995741793604,0.6197041182520279,78,0.5085106382978724,2.3195348168154464,0.2438597287120628,,,,,,,,,False
2020-09-11,470,0.4606692810599185,4.491809031038657,216.51456209816166,35.249134244978165,16.359169706366323,12.911195118379396,9.031395563788232,8.42944055085993,7.235160606246979,5.753964123512414,5.273695380723187,5.038301026755411,0.6171605462376039,77,0.5340425531914894,2.2239028423826848,0.22975094134192262,,,,,,,,,False
2020-09-14,470,0.43048514510800917,5.075264586471222,202.32801820076435,37.7582959336727,17.82035981622009,13.652418852906965,9.371920879756424,8.158401047378796,6.274811727460175,5.776317106955659,5.520012381980963,5.444237258487881,0.5977255610283415,82,0.4829787234042553,2.477669942046373,0.21006215124982988,,,,,,,,,False
2020-09-15,470,0.43623216145642046,4.95986371689831,205.02911588451758,37.37561625519342,17.769672704945556,12.64654198145611,9.176121489619813,6.581183935334705,5.990125413637708,5.648419451348921,5.617150413807418,5.034838183667847,0.599993762373899,81,0.5276595744680851,2.268957165091146,0.20357483101211268,0.01938871791624882,95.14660912221152,90.60358884885338,0.019636795065558186,92.30550043067146,87.76223208016401,0.9967755896206321,0.003224410379367937,False
2020-09-16,470,0.42503471097726614,5.207379862904346,199.76631415931507,37.1048491408947,17.694187216602117,12.925601822640221,9.44871930862374,6.6677603350468155,6.293948631379525,5.949809893510238,5.350433857011195,5.240832158101868,0.5892333439320763,87,0.37659574468085105,2.6101998248432574,0.3025087329310892,,,,,,,,,False
2020-09-17,470,0.4237826456372128,5.234420751602031,199.17784344949,37.92531960972266,15.874340240675895,13.164321140502441,9.6392662685585,6.806536182152904,6.391698610260311,6.050901646234673,5.394350280225506,5.32697356071689,0.586768278104148,92,0.5276595744680851,2.448560769785717,0.12372181644966657,,,,,,,,,False
2020-09-18,470,0.4267337464602203,5.183084962527331,200.56486083630352,36.21783205322329,16.133243404822164,12.81717744535785,8.856185203064598,6.914614991987481,6.506436088401525,6.102752007117813,5.601288689331215,5.358531253953403,0.5842325509420669,93,0.5617021276595745,2.3686760240789124,0.15653041781971602,,,,,,,,,False
2020-09-21,470,0.4311037140610842,5.08711491027887,202.61874560870962,36.3019926632779,15.409917837189361,12.874997312398412,8.880363153311706,6.910829121782811,6.486098620753341,6.087123991434815,5.677014503793176,5.175751631249929,0.5874170565423127,91,0.5425531914893617,2.4161895143150107,0.10852424806060881,,,,,,,,,False
2020-09-22,470,0.417087997021904,5.393235394624414,196.03135860029482,37.812717340651986,16.011397901946182,12.900010858696996,8.96178325032594,7.161375745868664,6.686244005157599,6.356928233339132,5.917873097672636,5.351853946516276,0.5781218467062044,89,0.5446808510638298,2.3815724534237535,0.12050991244385972,0.01817070162813308,94.87146644412339,89.87714834489275,0.018974106027064692,93.37894995889258,88.383828455263,0.9975584598512173,0.002441540148782728,False
2020-09-23,470,0.42403615327464333,5.236932381408253,199.29699203908234,37.43082198859122,16.1800587950877,11.766994413964003,9.137023519575848,6.994750510428302,6.437379319743027,5.976664206791117,5.896867727476943,5.110229087254751,0.5825784909708535,92,0.5638297872340425,2.3352310645109915,0.2048087828335526,,,,,,,,,False
2020-09-24,470,0.42494035268963143,5.214849139789178,199.72196576412676,37.706891327593084,16.345574087739323,11.099370669806039,9.231553680870825,7.088612535445311,6.444656495998427,6.025260249732277,5.594010707203349,5.053065076212692,0.5832028841066725,89,0.4319148936170213,2.6016202557894967,0.15715646690559362,,,,,,,,,False
2020-09-25,470,0.4006159667593776,5.798715552509888,188.28950437690747,38.51563986551287,17.72779053063251,11.227437757542555,9.717381578051702,7.400045609811709,6.898670590889087,6.28416984562867,5.7004703726293515,5.189771889550659,0.5648462853375471,99,0.5234042553191489,2.6035542539829213,0.08753799392097264,,,,,,,,,False
2020-09-28,470,0.40503597388578727,5.689161676777477,190.36690772631994,37.86948845836602,17.802167262721987,11.259665450890976,9.743136704880135,7.447033944216527,6.9237370210227835,6.323099239484987,5.682075704803211,5.089713442924164,0.5681731183046365,98,0.5531914893617021,2.4842342910157695,0.038316018690740826,,,,,,,,,False
2020-09-29,470,0.3972895353034208,5.88339512002713,186.72608159260773,38.65263528033731,18.194391209892288,11.56099127205717,9.775515724746224,7.455659270344563,7.115906396171098,6.519546682124449,5.333545836500279,5.2193245382650115,0.5636374788928529,97,0.38085106382978723,2.8771743726087595,0.17697228144989338,0.018442110087405886,95.23777879504622,89.7332311002351,0.01853470998284748,93.72770124559499,88.22306095088842,0.997558677231736,0.0024413227682640315,False
2020-09-30,470,0.3971861381610107,5.883094096930603,186.67748493567507,39.2554727316347,17.690959157632236,11.600399656258453,9.793229949992302,7.49693155977614,6.782387729316444,5.798439894703676,5.484830992999751,5.2584236099596255,0.5638671200663674,103,0.3680851063829787,2.9664904548578472,0.1766637934945334,,,,,,,,,False
2020-10-01,470,0.39592024242704404,5.9144338000229135,186.08251394071067,39.757478828479734,17.267785576161593,11.2534368992088,9.703216423514515,7.561262551918525,7.023469305870999,5.81962412193886,5.579235390737736,5.316071859127731,0.561839216315054,101,0.3617021276595745,2.9837290167891246,0.07996189266433788,,,,,,,,,False
2020-10-02,470,0.3940888865139192,5.974395394665096,185.22177666154204,38.78086598030639,17.45582234896841,11.45069676494004,9.815850766300569,7.691798031501453,7.091004288358266,5.84267720250449,5.626692706672172,5.188275115529183,0.558989388344803,103,0.3829787234042553,2.9396635583398925,0.1470308034296602,,,,,,,,,False
2020-10-05,470,0.38953023529565006,6.095143861371429,183.07921058895556,39.21395898372904,17.701112206425698,11.662003523318752,9.898428364943754,7.743147917243856,7.075100751833773,5.88851866035606,5.707818698403935,5.252236515820267,0.5564993907816441,106,0.3617021276595745,3.0505858264974357,0.17072086376627502,,,,,,,,,False
2020-10-06,470,0.3933951155018604,6.002313964834243,184.89570428587444,37.89164438272982,17.777163157268454,11.526583253907269,9.652033575386422,7.773509773394448,7.103743092726312,5.843162570788561,5.712372323887939,5.330461107234065,0.5569002737343964,105,0.3723404255319149,3.0043950381145907,0.02336342603093953,0.018682510479287137,94.96737548372161,89.33977412390995,0.01899660799106258,93.50191493156103,87.87399947423759,0.9990978425189936,0.0009021574810064159,False
2020-10-07,470,0.38799402932709004,6.146840714642006,182.35719378373233,38.38065892522279,18.142184151456604,11.847627110740536,9.866319263842229,7.682221065756054,7.183774118419597,5.9133410616880635,5.7953090367208295,5.401264136008274,0.5544552834787116,106,0.3723404255319149,2.9906889303377553,0.015868983350723585,,,,,,,,,False
2020-10-08,470,0.3865598734456059,6.187073350271306,181.68314051943477,38.62507372378782,18.011107531776133,11.452959081540929,10.002037131734964,7.7328431678702305,7.055656688853368,6.001201553170544,5.85785235075631,5.460657773466275,0.5527113148686694,105,0.3638297872340426,3.009889084654977,0.04109241028898063,,,,,,,,,False
2020-10-09,470,0.3822631590129453,6.313905583168933,179.6636847360843,38.492517935706545,18.291860183580773,11.667482049025011,9.930982573335037,7.753411146784302,7.173770133457968,5.987423769195178,5.698446829859404,5.595776413343386,0.5490351648462375,106,0.3829787234042553,2.966608628286998,0.027482647552511,,,,,,,,,False
2020-10-12,470,0.38184344714678575,6.332830383761691,179.4664201589893,37.84321834413396,18.53767904132433,11.780992365409684,10.014079585649018,7.839318739531572,6.969381255883606,6.14038998072723,5.760509036748963,5.538895237773759,0.5481752967989495,107,0.39787234042553193,2.9477028102800484,0.04810597468584131,,,,,,,,,False
2020-10-13,470,0.3848117864279413,6.248419145988246,180.8615396211324,37.76820807113306,18.047937330633687,11.713215501133089,9.901842712245386,7.904522755169667,6.920904949914277,6.022935750349804,5.787138028421048,5.557450977431176,0.5495590281622929,107,0.39361702127659576,2.9751145637995897,0.03904187270335254,0.018048747180864952,95.45120272861246,89.56954662187128,0.01951586808953082,93.2979657261413,87.41484249849145,0.9990738802562003,0.000926119743799747,False
2020-10-14,470,0.3852983670462403,6.234063491121238,181.0902325117329,37.71155950720349,18.10636149350932,11.742063115732225,9.784076728720496,7.937525306907979,7.063848017489892,6.06343202609759,5.819121819827152,5.599168526264755,0.549860198631699,107,0.4021276595744681,2.9669192792171155,0.04731660844712607,,,,,,,,,False
2020-10-15,470,0.38243329345212035,6.316116937352042,179.74364792249656,37.91490357155561,18.28322304568826,11.834950013505683,9.669020472452836,7.989319391643416,7.040536398394469,6.078880241809097,5.746689260137815,5.663921957948662,0.5477569043099978,107,0.42127659574468085,2.960361665224117,0.07915438007530735,,,,,,,,,False
2020-10-16,470,0.38519047031327974,6.245368338539469,181.03952104724152,36.91046853033565,18.437924177294995,11.931628047115922,9.833314745995182,7.778436146378905,6.876606378609683,5.956726892326792,5.799563463814693,5.708644168737566,0.5492613969106026,110,0.4106382978723404,3.0229083535691363,0.055818173569840764,,,,,,,,,False
2020-10-19,470,0.3854673781967804,6.2358451547594065,181.16966775248682,37.8591327047543,16.443950891888676,12.093045926877654,9.4640173502006,7.851167210833692,6.875741685392599,6.066339445778873,5.874028209416563,5.809257767391715,0.5468719460132085,108,0.4085106382978723,2.9727632750898234,0.05757836955042417,,,,,,,,,False
2020-10-20,470,0.3838287986133358,6.27908709311378,180.39953534826782,38.28160682636863,16.704875506666504,12.198845166918552,8.939196512946673,7.733501723656158,6.940904964202222,6.160249295814288,5.911533741950464,5.764813118354139,0.5457958709812089,110,0.3595744680851064,3.1120689613273527,0.037717189130336164,0.01878020914303969,94.90415716110161,88.99011865745811,0.01902061878017592,93.24003384215695,87.32575492887632,0.9991475421596127,0.000852457840387344,False
2020-10-21,470,0.37571964490369014,6.514639194684382,176.58823310473434,38.985012901623406,17.052492743256316,12.465222911107045,9.029663338034243,7.8932181236928365,7.048171534645757,6.109531222479883,6.004217374838259,5.8479813663705835,0.5406821808484157,110,0.3553191489361702,3.1122408035841302,0.05056480515356349,,,,,,,,,False
2020-10-22,470,0.3767666396748504,6.481676237809326,177.0803206471797,39.083018777311025,17.002240765877133,12.368818918917324,8.74554119890448,7.971732718272948,7.004601144961324,6.280205877487085,6.019800549644814,5.832976742428351,0.5410211495918928,114,0.3574468085106383,3.1862182339542664,0.06103524928548745,,,,,,,,,False
2020-10-23,470,0.37821587628874076,6.443268200014691,177.7614618557081,38.5789558082963,17.012744733945112,12.441148932665204,8.734718787168536,7.847598191427773,7.041267343534951,6.322899492661579,6.053297790609267,5.870515366117659,0.5415511279101773,113,0.33617021276595743,3.2109263778025294,0.07991652678854966,,,,,,,,,False
2020-10-26,470,0.382637479852007,6.312296860030742,179.83961553044333,38.509276478443,16.46419417248174,12.468372572128303,8.70076562281232,7.870392460965789,7.0494469879237975,6.370288892037943,6.047015564103664,5.684220627646173,0.5446430305878907,110,0.4,3.0310182466345115,0.041310166492764144,,,,,,,,,False
2020-10-27,470,0.38476695059569876,6.242833948188572,180.84046677997844,39.1114739642871,16.558563802456312,12.26607972918065,8.730042852990646,7.931849477188278,6.599897190415908,6.399834777690419,6.04539230996288,5.407168743863489,0.5478864406997727,110,0.40638297872340423,3.0417099338410027,0.062205688880823846,0.018054811571871575,95.01926863918094,89.14314683001619,0.018891034444371308,93.67723036256878,87.80027233053153,0.9992888863158838,0.0007111136841162491,False
2020-10-28,470,0.3887836059586766,6.123893888241275,182.72829480057806,39.38293082049462,16.639883172976333,12.049765199731695,8.735819454564211,7.3904425650250385,6.44576601115644,6.383175774788964,6.046379667425571,5.397265844036479,0.5522057307411594,110,0.3893617021276596,2.9987745896146665,0.05943837045774169,,,,,,,,,False
2020-10-29,470,0.3893178327773228,6.118890914240741,182.97938140534177,38.50652248021828,16.759856710326922,12.049889770505555,8.741544730446691,7.2806287093825475,6.480941783774032,6.381269515136963,6.025614812750363,5.379996599004121,0.5511429682911472,110,0.3872340425531915,2.9836047070529723,0.04535680261307445,,,,,,,,,False
2020-10-30,470,0.38505318333951766,6.2389258547222655,180.97499616957327,38.80499309939931,16.977146846210154,11.968260151726092,8.559884139080282,7.494052999660525,6.538272543674279,6.404281757215227,5.725493749446225,5.449697599437854,0.5474154902255088,111,0.3893617021276596,3.0252742235327883,0.06631583722723768,,,,,,,,,False
2020-11-02,470,0.3824355386330951,6.31561817301465,179.7447031575548,38.831455095471185,17.032217180870497,12.026486132807868,8.659679280377343,7.574435315891439,6.559812612932854,6.477194104647663,5.699707870014592,5.423456405174084,0.5453075337171946,111,0.37446808510638296,3.062969670517941,0.04686294968924375,,,,,,,,,False
2020-11-03,470,0.38629963269204487,6.201001132391363,181.5608273652611,38.925597978745444,16.937732525312327,11.97591207086904,8.727781001757435,7.501661849064444,6.554943947406122,6.2888472770490536,5.631444444706372,5.349428184497465,0.5492081934935008,110,0.4085106382978723,2.961862692654969,0.05507417320691376,0.017925437868634243,95.33634553713972,89.50371859957177,0.019459279010046335,93.6655133015636,87.83135252285423,0.9987535581167061,0.001246441883293925,False
2020-11-04,470,0.38140549604768914,6.308602715746537,179.2605831424139,41.58488889910056,16.91468600869465,11.793760271624652,8.985865312435749,8.200595990724494,6.992753039613536,5.859703105949681,5.589005616790123,5.316134090125289,0.5500846460303606,110,0.39787234042553193,3.0384085911800174,0.054756612076396136,,,,,,,,,False
2020-11-05,470,0.366014138753339,6.783102362764881,172.02664521406928,41.70436921068668,18.05147600872764,11.748420453251391,9.514242957128989,8.510726922495033,7.208846103936477,5.926160439020204,5.88563262389295,5.561541445201467,0.5383939443486468,114,0.3127659574468085,3.217445058421494,0.07571564669055936,,,,,,,,,False
2020-11-06,470,0.36433864112822706,6.836093058756925,171.23916133026677,41.95814404952601,17.933061778377436,11.612762097510828,9.660811963443223,8.469802383289096,7.168220768776347,5.98387045195538,5.896836687679999,5.448467130190545,0.5370296621683494,119,0.3021276595744681,3.3457483450806156,0.07612393957265345,,,,,,,,,False
2020-11-09,470,0.3526343666645228,7.055662069373218,165.73815233232563,50.82686255051459,17.026550289255162,13.932819568680209,10.265465192697963,8.406968587661742,7.912154910772449,6.553548221066517,5.711846117750453,5.2482002200562095,0.5484890424116461,117,0.37446808510638296,3.152446490409187,0.08869936034115139,,,,,,,,,False
2020-11-10,470,0.35109184488451506,7.109016017136976,165.01316709572205,50.397314419589165,17.834626672101074,14.781127526644022,10.100626355497344,8.277700783998093,8.049243322445736,6.50432430268641,5.723747497198168,5.308616055456143,0.5492060895096886,117,0.3829787234042553,3.16454984535383,0.10229097672730572,0.018174722758659022,95.16701709080127,88.39091819579014,0.019953002763593023,92.8039671358028,86.02608996078673,0.9957516610839947,0.00424833891600529,False
2020-11-11,470,0.34986723071512454,7.132167332255511,164.43759843610854,51.305883186045406,17.744363627508825,14.751281921836762,10.069462946346292,8.423567273308835,8.041843232873697,6.47100393735143,5.754674448048199,5.335494677066168,0.5495927449315868,115,0.3829787234042553,3.1243480367234104,0.06767681350088463,,,,,,,,,False
2020-11-12,470,0.34965487045305366,7.151766582611324,164.33778911293518,50.80136152577181,17.779952809976965,14.787268744321027,9.611820509265122,8.47518818746373,8.089051215535303,6.532210908394875,5.824902689332562,5.417571869790313,0.5474855163878088,119,0.37446808510638296,3.1959028896149575,0.08662160323005036,,,,,,,,,False
2020-11-13,470,0.3512141712949656,7.095545539696081,165.07066050863386,51.037591947352766,17.834872845502105,14.144857875754665,9.644299690784965,8.34708743436533,8.124452138533561,6.216687649206434,5.84597479729248,5.447711902770717,0.5483665592936773,117,0.3829787234042553,3.1528638069008443,0.08881731161820079,,,,,,,,,False
2020-11-16,470,0.3546446431249313,6.987750182301931,166.68298226871775,51.000406593513205,16.90268787393761,13.593899675983522,9.544391184130394,8.280228973652621,8.12930828193815,6.165999080269506,5.8440893922477475,5.387111750573732,0.5483497182899627,117,0.38085106382978723,3.1276955542974645,0.03196479608038833,,,,,,,,,False
2020-11-17,470,0.3550221349619555,6.99055537600369,166.86040343211909,50.20659775953891,17.11583480181369,13.591077336688034,9.35989587540357,8.556222348148452,8.02878763800915,6.185993214453741,5.891335839229955,5.410103745977107,0.5470932110756666,116,0.3872340425531915,3.1001406642717706,0.03576645647144218,0.018094570700736924,94.76207402861624,88.10844621687377,0.019558945731934296,93.5423175922294,86.88722540545574,0.9994510717417048,0.0005489282582952226,False
2020-11-18,470,0.35612558122100235,6.9532822646218735,167.37902317387113,50.205537464608,17.256182555637842,13.650368679000335,9.252542475131905,8.211378006346006,7.984511179379831,6.174693519872689,5.862571278760882,5.380494101221164,0.5483907539324451,118,0.3659574468085106,3.2232958147588198,0.03406069954180466,,,,,,,,,False
2020-11-19,470,0.3555800873693658,6.967935679983475,167.12264106360192,50.341103330209535,17.363398713717395,13.640039011036926,9.284776168985717,8.2715496091787,8.006996442240585,6.205553319267411,5.794160723731005,5.447400762988246,0.5484084218884074,116,0.3829787234042553,3.154434525004185,0.024098353218708887,,,,,,,,,False
2020-11-20,470,0.35415540799103,7.013712112953572,166.4530417557841,50.50845762297095,17.49702182744243,13.785964571737598,8.769765596583406,8.242746136920733,7.841528182209024,6.202980118654779,5.713279447098008,5.4661499481610605,0.5468388327117415,113,0.3659574468085106,3.1959326445801612,0.04341514312933811,,,,,,,,,False
2020-11-23,470,0.3561758321325597,6.958652082878603,167.40264110230305,49.92868453933207,17.340703412197257,13.547410241202162,8.840034517341811,8.284478241871586,7.899890624863984,6.200411053034692,5.726454501960316,5.501040346491877,0.5469350506646306,110,0.3702127659574468,3.1514753425383586,0.03314430885088237,,,,,,,,,False
2020-11-24,470,0.35196520011224985,7.083495323186027,165.42364405275742,50.7865469674758,17.438020018496815,13.656457577491448,8.948150623058899,8.306152650889832,7.974406813722644,6.24025766721678,5.742006350211789,5.411695814407581,0.5452187643388945,114,0.3638297872340426,3.2005232189930775,0.044984802431610946,0.018688449443315103,95.01833395583685,88.26811538331975,0.018760672981375376,93.99684310561437,87.24655230955922,0.9989374109026735,0.0010625890973264829,False
2020-11-25,470,0.35145186928491995,7.097549882265866,165.18237856391232,50.99659932984895,17.3508532296894,13.856318029169909,8.893264535194271,8.176543715922486,7.707309587138518,6.326422284351969,5.785671187883418,5.338531310896254,0.5452753482719466,113,0.3702127659574468,3.169393200735932,0.028299233316699177,,,,,,,,,False
2020-11-27,470,0.34880256120445535,7.183589611066003,163.93720376609394,51.190552930510776,17.54845558266903,13.970761889501631,8.965923713122187,8.259799016572789,7.778546730490254,6.391203817059726,5.803110995648266,5.254005544769853,0.5438572295359526,117,0.3595744680851064,3.2353364259359267,0.030767136959579004,,,,,,,,,False
2020-11-30,470,0.34750250389836035,7.236057732301048,163.3261768322294,50.945978131336986,17.57384507727351,13.816207490112667,9.028685310413874,8.203581551223882,7.863702130593427,6.408766526404776,5.73756465381345,5.290156974383274,0.5418955166837582,116,0.3723404255319149,3.1884706762342807,0.028163135689334484,,,,,,,,,False
2020-12-01,470,0.30329705865103795,8.971041329904198,142.54961756598783,53.40316081124014,18.899590959312306,14.988676329896006,9.772959901226676,8.837179202309505,8.390208836401287,6.8731511812393755,6.1361532582927,5.786399904916063,0.5098170331226872,144,0.28936170212765955,3.6945945973901564,0.05882139454702173,,,,,,,,,False
2020-12-02,470,0.30126760080580095,9.038686665804693,141.59577237872645,54.16741535217179,18.950021499617066,15.132038922769144,9.870383139978088,8.665750332747184,8.265040576944159,6.925824908383584,6.0691272850460996,5.797214344528917,0.5100332580707714,141,0.3,3.6281715257168434,0.05603592977362428,0.018041253123206525,95.50552014325045,86.75005982512836,0.018737947692041054,93.7922685902476,85.03611157755667,0.9962742031219893,0.0037257968780106676,False
2020-12-03,470,0.30039899486799093,9.083471205383457,141.18752758795569,54.04873571271915,19.043295285849304,15.108901206276297,9.941448897331579,8.655063234588178,8.411094504342708,6.942405938171557,6.0925464596034775,5.782003067725722,0.5092125716811321,145,0.31063829787234043,3.6141163033282178,0.0646010071224425,,,,,,,,,False
2020-12-04,470,0.2990296721715555,9.14581288820683,140.54394592063107,54.04411635697592,19.26152293952947,15.183385323262431,10.154250945930936,8.641795933195764,8.429183689670227,6.945443533015268,6.0744317782755495,5.820447810970012,0.5089089818858082,145,0.29148936170212764,3.679793256544921,0.05220704985709749,,,,,,,,,False
2020-12-07,470,0.2983659361732096,9.183203781093406,140.23199000140852,53.90849262765879,19.297110985803798,15.210952394426876,10.216233975003401,8.569690638124177,8.442473638638551,6.946186201982286,6.077444465140417,5.8214747313352895,0.5082229361368115,144,0.28936170212765955,3.6911203593999202,0.061017102935172166,,,,,,,,,False
2020-12-08,470,0.2982941624026718,9.187019173730949,140.19825632925574,53.90985787218706,19.266637357822724,15.240739595447938,10.193490968961989,8.632770395898289,8.433834290994406,6.937232155497377,6.019824500863919,5.820354104097095,0.5081042172844159,145,0.2957446808510638,3.67411678319725,0.015115909812638932,,,,,,,,,False
2020-12-09,470,0.2977960302986542,9.192399250291327,139.9641342403675,54.43221800565263,19.111107897761606,15.430359703664909,10.127406609635695,8.54796122193805,8.459304302192772,6.943559249868844,6.0435094023966816,5.60876762710627,0.5086494179937922,139,0.2957446808510638,3.6193779531897614,0.01651317878691648,0.01889310008709503,94.84933121022426,85.93583489014449,0.018561720936395514,94.33307485622134,85.41990991529227,0.999579062014686,0.00042093798531395166,False
2020-12-10,470,0.2971307343627685,9.221739209273887,139.65144515050116,54.37158316715471,19.42888239070487,15.36505986521239,10.411456773687231,8.816967734551763,8.458618931992866,6.83315958160637,6.0361750138150985,5.586631574709811,0.5089966539303413,141,0.3,3.618300890026523,0.018609082248332805,,,,,,,,,False
2020-12-11,470,0.2970176768083058,9.22859722106808,139.59830809990376,54.38746908406226,19.371063050951783,15.339677379405764,10.384317893357256,8.774593872218297,8.464722744501618,6.804790335211202,6.008033103753151,5.601810803157518,0.5086826287397463,143,0.22340425531914893,3.796424713965318,0.04732568162228372,,,,,,,,,False
2020-12-14,470,0.2873022662929667,9.687569098832414,135.03206515769432,55.14472108581481,19.522431548381725,15.595239438527145,10.526322783098717,8.833949594786649,8.617689385284052,6.8405226492677755,6.133060919081192,5.679748675122959,0.5017463404542909,147,0.2127659574468085,3.882889798479906,0.042680215941568754,,,,,,,,,False
2020-12-15,470,0.28912737276897515,9.597937642065016,135.88986520141827,55.07011620649209,19.45525589392063,15.529285176985123,10.477369790129238,8.707986463001475,8.612253392825291,6.877123938353158,6.167216437749348,5.705302268037715,0.5030253026998839,148,0.2148936170212766,3.881032043056677,0.04161865444812412,,,,,,,,,False
2020-12-16,470,0.28355430172920576,9.860434310590838,133.2705218127267,55.69945310618117,19.66902693554836,15.693644636246484,10.492878506745111,8.820848440232886,8.666950520009493,6.5201894180169075,6.328806075558696,5.815168445339914,0.4996287765903145,149,0.2170212765957447,3.8721856721127264,0.042897972145352264,0.017944866464697527,95.49617433667466,85.90134946134833,0.018432940293476904,94.51386117905672,84.91854822990162,0.998552141690674,0.0014478583093260333,False
2020-12-17,470,0.280830604325877,9.985462408889722,131.99038403316217,56.18375941980129,19.595616396049437,15.760493413021923,10.448031502676415,8.889178591347317,8.70389606191943,6.483685899644323,6.376330054349445,5.813467375813898,0.49782613779725793,151,0.20851063829787234,3.8964803941636585,0.04403211904005807,,,,,,,,,False
2020-12-18,470,0.27974138833963774,10.062141176167513,131.4784525196298,55.779302936383544,19.744080243984136,15.764411610501984,10.525587188765318,8.901671770082599,8.758498038300802,6.473242440948292,6.389115450570003,5.786824042189923,0.4963656053175844,149,0.2127659574468085,3.85864752378541,0.007920881912625324,,,,,,,,,False
2020-12-21,470,0.28180055114671154,9.962020033948061,132.44625903895445,55.868259960819316,19.413173909684602,14.601464884379169,10.558155895652938,8.916711001749075,8.76817511920875,6.529668917736937,6.391591561595674,5.814602539676487,0.4955049227435967,152,0.2148936170212766,3.9010186601568817,0.00959941931678991,,,,,,,,,False
2020-12-22,470,0.281824159112111,9.96392440078124,132.45735478269216,55.8194864124425,19.375634931821217,14.557819231877883,10.589230986579572,8.935616277634727,8.750486252928525,6.548679070709095,6.427383645474409,5.807212343107489,0.4953181411604539,151,0.2148936170212766,3.9100840226404827,0.010298053803928685,,,,,,,,,False
2020-12-23,470,0.28183356122937664,9.948602265104556,132.46177377780697,56.10980841070048,19.28929060472806,14.555448865408291,10.70549741710649,8.92597054697952,8.786918454830666,6.601430001358856,6.419894539979411,5.84531852761681,0.49600387037393695,150,0.21914893617021278,3.8860210964362407,0.011541078800526244,0.01850880897602264,95.25653520650268,85.57125769365148,0.018921868701054334,94.17957094414311,84.49388037156687,0.9992635297918576,0.0007364702081423813,False
2020-12-24,470,0.27927404016390067,10.06533769161948,131.2587988770333,56.51343516994065,19.369219214628593,14.739425611677213,10.713969516579759,8.982775838084848,8.77133692901209,6.64145604629717,6.3592188254065265,5.902575472757666,0.49488265614863736,149,0.21914893617021278,3.8482378409028652,0.0075761012566347595,,,,,,,,,False
2020-12-28,470,0.2796389399790597,10.043677681385638,131.43030179015807,56.525046389235726,19.272784951869205,14.942555412786984,10.790059149177377,8.942410872210406,8.772852947758903,6.673139599671802,6.387809709538836,5.88357601607059,0.495661165304739,146,0.2170212765957447,3.8467773089427406,0.007911808737467677,,,,,,,,,False
2020-12-29,470,0.2772669257675494,10.174592578900116,130.31545511074825,56.49253687719387,19.287615693044273,14.989416861441821,10.91032680813057,8.972760554522228,8.859774802298553,6.701694969224372,6.425502370952525,5.90724357321119,0.49360713053310373,151,0.21063829787234042,3.9192420496361358,0.012466542666606179,,,,,,,,,False
2020-12-30,470,0.2762360243453073,10.225853809851033,129.8309314422944,56.60944383772362,19.306494041876746,15.005371183177758,10.95047918488969,9.064059937602915,8.871270222024863,6.464493723966937,6.418159232789177,5.92882909168613,0.4929845099786432,149,0.20851063829787234,3.8884704780936805,0.011087420042643924,,,,,,,,,False
2020-12-31,470,0.2768231388675264,10.2005816745863,130.1068752677374,56.48127217587469,19.191225528187275,15.13492964849684,10.954783986200493,8.926935039681593,8.73971201886531,6.503617368367581,6.432330077453661,5.913276861786159,0.49333848214148246,149,0.2148936170212766,3.9072445805465104,0.010660980810234541,0.018170994811119397,95.21006711455786,85.26813758402797,0.019182446927616788,94.55578318051545,84.61284219786906,0.9994703558254092,0.0005296441745907821,False
2021-01-04,470,0.2767361673568846,10.221912489348107,130.06599865773575,56.05906625526528,19.214868744430184,15.266061273063487,11.145945437925981,9.309890584814413,8.589446253512923,6.443383622349084,6.348386149160531,5.877147983510307,0.4930892348264271,152,0.21914893617021278,3.901733697854335,0.007367418228008892,,,,,,,,,False
2021-01-05,470,0.2749045125021051,10.315746714239399,129.20512087598945,56.16572050439798,19.376122059268283,15.614068389379486,11.155047190846586,9.029746285493806,8.653869473116211,6.381775900326612,6.277824462019346,5.919955422574711,0.49258740216996105,155,0.20638297872340425,3.987075898551395,0.013210543029533185,,,,,,,,,False
2021-01-06,470,0.27743684701512955,10.178291261353461,130.39531809711087,55.92363490161567,19.107792128582563,16.263218380632708,11.13566471099174,9.312044967925692,8.625602401835648,6.468992148053596,6.256275840897026,5.821215066486723,0.4953736770615608,152,0.20851063829787234,3.945599896882817,0.007730345234314749,,,,,,,,,False
2021-01-07,470,0.2772987624595506,10.206199693059848,130.3304183559888,55.365004308077275,19.785953545824313,16.116453263254655,11.075871202045253,9.265680429940643,8.681718614291137,6.589475005114165,6.072354933674672,5.773664803228026,0.49505042696849,153,0.20638297872340425,3.949417797016452,0.00988068774667695,,,,,,,,,False
2021-01-08,470,0.2765727245764414,10.263758981994025,129.98918055092747,55.14883457038867,19.17594208636881,16.450822595860334,11.101159396400845,9.259957389156956,8.691660640648694,6.595032424315677,6.06392687165843,5.778746398044772,0.4933317855318002,155,0.20638297872340425,3.9830537589453883,0.008247516218300594,0.019046034333320663,94.78512347390908,84.77889118215818,0.018858150139948536,94.39629626188722,84.39025185432968,0.9992156506502069,0.0007843493497931009,False
2021-01-11,470,0.27573723856344484,10.314881773917513,129.5965021248191,55.04710308090864,19.319728606137307,16.364003195556325,11.136104774229615,9.290002073602874,8.674984198890108,6.555724065527819,6.0606084825630795,5.92373389491837,0.4924754080460659,157,0.20638297872340425,3.990789152431889,0.010388785555505148,,,,,,,,,False
2021-01-12,470,0.2758086403383863,10.31162678501829,129.6300609590416,55.036297214452205,19.056808594020236,16.65023105565281,11.073714506707926,9.369262878112142,8.764822714599504,6.532270494042258,6.0338456724504805,5.80086029443499,0.4924406645316483,156,0.20638297872340425,3.9882974722810585,0.009817175520573424,,,,,,,,,False
2021-01-13,470,0.2757352442527894,10.313240235285502,129.59556479881104,55.00255811437928,19.35927785972497,16.579116429248927,11.089594426984025,9.334454554668818,8.793534303159246,6.539325179086097,6.02587357990328,5.800837056405807,0.49282151410457065,156,0.2127659574468085,3.964350604073422,0.005507417320691376,,,,,,,,,False
2021-01-14,470,0.2738048076362921,10.409625800736709,128.68825958905725,55.19262736046659,19.490735941205884,16.667708295944852,11.154645525524236,9.408316039809582,8.847477227712115,6.502137830636208,6.0272174513666,5.94229129524813,0.4919020781110615,159,0.2127659574468085,3.9853605688500138,0.008646735925237037,,,,,,,,,False
2021-01-15,470,0.27454759566098924,10.392779861210068,129.03736996066493,54.463284213306,20.175155435005834,16.709908736363186,11.122779666280106,9.408593583110592,8.872412633636298,6.5084688681332175,5.993332757551909,5.8048941923145225,0.4925712723651491,158,0.2127659574468085,3.9807220175543465,0.007376491403166538,0.018347413874998296,95.30695559068722,85.17037591126314,0.0190237553410236,94.79093677974723,84.65368075885712,0.9993953980529457,0.0006046019470542507,False
2021-01-19,470,0.2753359072548279,10.358792027298582,129.40787640976913,54.45331989909066,19.509049685389986,16.778191694316707,10.962909233974507,9.357024823957964,8.901248648948295,6.5371460812081885,5.954825755820726,5.802312925404594,0.4917262700479595,154,0.2148936170212766,3.943591481742888,0.0070952229732794995,,,,,,,,,False
2021-01-20,470,0.2736759331149341,10.432000524845293,128.62768856401894,54.801700325268285,19.652737236325528,16.95535454708764,11.017279463445762,9.571588219836784,8.979200990827968,6.2894528027140675,5.906243194553983,5.820553489119531,0.49160587263009853,153,0.20851063829787234,3.9450206455935826,0.00559814907226784,,,,,,,,,False
2021-01-21,470,0.2734261722361807,10.441809881382838,128.5103009510049,54.88754333729881,19.674533389194234,16.938399621156798,11.060310502350111,9.576706485117851,8.994467175629334,6.2811010191764325,5.940247132949349,5.70484789656868,0.4916406123425637,158,0.24680851063829787,3.951099723222767,0.023826157963979494,,,,,,,,,False
2021-01-22,470,0.27334425600628814,10.442042558873176,128.4718003229554,54.933035579762304,19.662833669636502,17.04797003483062,11.110682637484572,9.600527635775721,9.023548255339866,6.275151393859415,5.954413137578064,5.721627461843814,0.49197089839291375,158,0.24468085106382978,3.963359835699733,0.022891620922741912,,,,,,,,,False
2021-01-25,470,0.27354967896264937,10.424471725435525,128.56834911244516,55.06704309052333,19.683536380857156,16.64992430216853,11.364894151020911,9.59845683149022,9.239930033521478,6.452702743319781,5.942675352746336,5.72296055558676,0.49219946178088336,156,0.24468085106382978,3.932883715744604,0.021666742276459646,0.018466120096677304,94.88445827516951,84.71507010859996,0.019039790562727667,94.59413936944979,84.42417753241419,0.9993223299994481,0.0006776700005518554,False
2021-01-26,470,0.2730799982705254,10.45081112017036,128.34759918714693,54.99712239801143,19.784491547748175,16.542835941781206,11.340204669842745,9.534938046036865,8.979201189655384,7.834848445142832,6.0311397998269705,5.689292947809845,0.4915154334990011,158,0.24680851063829787,3.9508308128071157,0.022229279136233723,,,,,,,,,False
2021-01-27,470,0.27919130900331124,10.093753244744235,131.21991523155634,55.22135278222379,19.167976271676267,16.15535756618695,11.951081885441361,10.047024980522075,9.225832675797552,7.954216454343363,6.353491830580909,5.585668381719259,0.497267412206563,152,0.251063829787234,3.865479134438047,0.02728303769904278,,,,,,,,,False
2021-01-28,470,0.27933419694863043,10.078855530269406,131.2870725658563,54.753095363060126,19.499716131851223,16.379727636665844,13.982612253242042,10.49289461243861,9.163362386368428,8.040228939190097,6.255219116445005,5.690938006669486,0.5019196254269692,151,0.2425531914893617,3.8903608246676202,0.014553372952864855,,,,,,,,,False
2021-01-29,470,0.28366917109986967,9.864529213520651,133.32451041693872,54.497338631014784,18.989193715109955,16.28192798646295,13.78015492339681,10.44311333999975,9.142052724017292,8.165935374203029,6.2946809766393805,5.701546199322026,0.5039853737721771,148,0.23829787234042554,3.8803267151470515,0.014934446309486005,,,,,,,,,False
2021-02-01,470,0.2857339086740519,9.769810806706271,134.2949370768044,54.1667148003087,19.005822873041048,16.147376074661103,13.718088271416905,10.48214999697614,9.221251159716415,8.223344837145149,6.296156095445403,5.557219762579297,0.5049637002047493,146,0.2425531914893617,3.847986908875222,0.015896202876196527,0.018529204156343963,94.6523603743769,85.14975427218833,0.019118794199580756,94.73175925020705,85.22856355797525,0.9941476623689267,0.00585233763107329,False
2021-02-02,470,0.28774822000051997,9.689560447982178,135.24166340024436,53.57096655900982,19.05149949766158,16.247743955735455,13.694674304361671,10.370685397111318,9.241446285774598,7.768075408316831,6.236531865331033,5.545538674475099,0.5059713781213041,147,0.24468085106382978,3.850420544713823,0.012929274599646146,,,,,,,,,False
2021-02-03,470,0.2866950822848773,9.753447303047299,134.74668867389232,53.40687201194133,19.026172908802188,16.27787119098579,13.693710371928693,10.34419732918125,9.19475808382692,7.741121347664642,6.217692482843528,5.6589574080159615,0.5045772662926602,150,0.24468085106382978,3.8483203697051405,0.010878737014018055,,,,,,,,,False
2021-02-04,470,0.28714073259713907,9.746150191066146,134.9561443206553,53.08162950079753,18.94962867044454,16.21147495631797,13.667548121093239,10.283246398068703,9.152684297178073,7.766591783663475,6.205547195655152,5.700488095170332,0.5039711182325717,148,0.2425531914893617,3.8492971964295712,0.008410833371138229,,,,,,,,,False
2021-02-05,470,0.2867972606950134,9.776711243355093,134.79471252665627,52.84909805772213,18.94100449809931,16.133012587412672,13.625977158460358,10.239852070475786,9.146776322813363,7.720616750999231,6.1955060907487916,5.6796098674827515,0.502859159209257,150,0.24468085106382978,3.8694827969693937,0.006777661842761874,,,,,,,,,False
2021-02-08,470,0.28756987723965877,9.751057442166504,135.1578423026396,52.318523555635565,19.17547013209615,16.50458392571639,13.643825429762456,10.20131825044817,9.151147282953824,7.734344238333839,6.1898370385679105,5.676878579208065,0.5038303092464897,150,0.2127659574468085,3.8850678134127117,0.02201152293245021,0.01889355601345719,94.93522924712613,85.45284812618583,0.018261729675952965,94.7149407026778,85.233191408075,0.999533304661254,0.00046669533874599267,False
2021-02-09,470,0.28699200532173524,9.787662938209523,134.88624250121552,52.1652282359188,19.24483063357514,16.49463840013604,13.663958946732935,10.214642088375575,9.132975777156508,7.753620998832904,6.199601593845841,5.658821442882902,0.5030955291863373,150,0.2127659574468085,3.8888424916411273,0.021966157056661977,,,,,,,,,False
2021-02-10,470,0.2861099851371807,9.834513145781296,134.47169301447497,52.201494704560474,19.20554512985906,16.474047670107872,13.626217287316077,10.300813353470478,9.10595750234224,7.823779989658089,6.211019207316443,5.667037052902284,0.5020829740559967,149,0.2127659574468085,3.881768362061825,0.021113278591843216,,,,,,,,,False
2021-02-11,470,0.28525599854499195,9.886357493035394,134.0703193161462,52.069380911471214,19.27401229145496,16.54276304722908,13.520952392916788,10.318808370338484,8.978396995325596,7.8351633010552675,6.202730208531122,5.674183613293194,0.5010158041685495,152,0.2404255319148936,3.893958408403618,0.007503515855373588,,,,,,,,,False
2021-02-12,470,0.28503720354896916,9.900506489840618,133.9674856680155,51.98744591458687,19.359337821437585,16.614702523458618,13.470797022460488,10.317431737984354,8.98401785615651,7.8458156636240695,6.176503581858148,5.681418676076985,0.5008505722339555,150,0.2404255319148936,3.892283660627344,0.006768588667604228,,,,,,,,,False
2021-02-16,470,0.28316570987909867,9.994237340794143,133.08788364317644,52.124543516428616,19.62200161564394,16.6120602271617,13.45943362632574,10.288716245475747,8.932844225173078,7.8502032119998235,6.252424798331061,5.819735607756707,0.49979983538029005,149,0.21063829787234042,3.9095680835877307,0.004963026811232591,0.018248826265458547,95.02804360812144,85.29872315094093,0.018379963916610717,94.48058878014196,84.7511371853103,0.9997336010052899,0.0002663989947101486,False
2021-02-17,470,0.28268536155427476,10.024749819903361,132.8621199305091,52.01031810277772,19.767849509872477,16.520069842026423,13.37444375787263,10.499669326777592,8.920397047462131,7.828838849685156,6.232527210237173,5.801380695221922,0.4990102151979967,148,0.2127659574468085,3.886539927093965,0.005589075897110194,,,,,,,,,False
2021-02-18,470,0.28269222652596765,10.027689766169056,132.8653464672048,51.77025523715288,20.212188972720462,16.707626917564596,13.367220746766472,10.362951367447586,8.922177688296006,7.626157747434657,6.30871173829423,5.709670617005234,0.49983540072640253,152,0.2404255319148936,3.8950526444572517,0.020704985709749126,,,,,,,,,False
2021-02-19,470,0.2816864523166003,10.073675606235032,132.3926325888021,51.83986607639412,20.648249802849847,16.639600645492415,13.38166942421132,10.36422847191459,9.106546782764767,7.565729833562386,6.293178374422938,5.727403483182279,0.4997915288037231,146,0.2127659574468085,3.8664560448521095,0.02153064464909495,,,,,,,,,False
2021-02-22,470,0.27928546484978495,10.168426118434002,131.2641684793989,52.78605729352712,20.432056282154328,16.52809813675043,13.278267506609648,10.410489899718446,9.132376192245403,7.939727125205642,6.222979280246822,6.053083048764449,0.49848648446476695,145,0.2127659574468085,3.849437369657767,0.02102254684026675,,,,,,,,,False
2021-02-23,470,0.2779886501900668,10.247775535491275,130.6546655893314,52.60296059309553,20.621734209489702,16.596939240089796,13.296171068742,10.43623682301881,9.001901547485758,7.924386545480229,6.2462931423767,6.032012700752874,0.4973882355335073,149,0.24893617021276596,3.844604769545738,0.024261670371546522,0.019220690089771373,94.89410669607862,84.90509912068765,0.01923173128227298,94.33406175215852,84.34504313557504,0.9996602935957066,0.00033970640429337173,False
2021-02-24,470,0.2790142173385132,10.201750423346036,131.1366821491012,52.40443618038054,20.692112655647804,16.51105791787252,13.260521740860671,10.233033431837718,8.809044422253164,7.949532176073873,6.1611380455880385,6.004494370806385,0.4978825758380059,152,0.24468085106382978,3.907886803796927,0.02350859683346187,,,,,,,,,False
2021-02-25,470,0.2822473567913156,10.056754297539008,132.6562576919183,51.836355214947716,20.166429154230023,16.375949243177423,13.184695301140163,10.185718810211553,8.759023580551158,8.056492812784185,6.169382709494423,5.970938553093946,0.4983397587349227,153,0.23404255319148937,3.965425356508662,0.011822347230413283,,,,,,,,,False
2021-02-26,470,0.27802264462248627,10.386922825238164,130.67064297256854,49.52166761104992,20.90900614895827,16.4476238715515,13.412821577346643,10.195390563593504,8.783015392909858,8.079038911713102,6.2514877985594275,6.160644629735572,0.4914080046414359,153,0.23829787234042554,3.9350987727142086,0.027174159597151023,,,,,,,,,False
2021-03-01,470,0.282370095661929,10.163433699654625,132.71394496110662,48.97509701752752,20.75475868336663,16.475425315829856,13.256840479018013,10.195633747098483,8.873215410172028,8.011228832358487,6.222360427874719,6.12843779325794,0.49399163075925245,150,0.2404255319148936,3.92062408416348,0.027900013609762738,,,,,,,,,False
2021-03-02,470,0.27751024693360266,10.42623377658102,130.42981605879322,49.217657553578476,21.280321661715263,16.463698268791816,13.08215476879607,10.429653384521433,8.759438729762564,8.102170154214438,6.296617419471069,6.207752064045915,0.4903694644929253,158,0.23404255319148937,4.019484119322113,0.016159324955768273,0.018543354868070315,95.1689193659751,85.00165248145962,0.018842839848909925,94.8294883255037,84.66192195600738,0.998300967304836,0.0016990326951640267,False
2021-03-03,470,0.2763398237110102,10.465996119690793,129.87971714417478,49.85527173488991,21.29927954345716,16.427207201653804,13.075329254129201,10.502431372112127,8.678067295387988,8.151556062691876,6.273469402222087,6.1694747040315665,0.49050384016660614,155,0.23829787234042554,3.9520672624557687,0.012520981717552058,,,,,,,,,False
2021-03-04,470,0.2741778699138072,10.565151631972695,128.8635988594894,50.338732002244726,21.545893532648158,16.384289576369696,12.974892351612644,10.96612882917201,8.523099073388554,8.29350490875661,6.299561422736191,6.130753287132108,0.489590226217797,157,0.2404255319148936,3.962681278832615,0.01302000635122261,,,,,,,,,False
2021-03-05,470,0.2777824068061473,10.359390090797165,130.5577311988892,50.188668441373125,21.78769780547973,16.276717893692812,12.750412576932419,10.932006983700653,8.621675459915316,8.20743447214599,6.233968430365411,6.006095580365316,0.49268346365184545,153,0.24468085106382978,3.936057364591525,0.012829469672912035,,,,,,,,,False
2021-03-08,470,0.27487643585908184,10.506404935294269,129.19192485376846,50.22508351117688,22.833113281399157,16.265648158669762,12.932416394915432,10.928377523766027,8.561783635848286,8.384781813814286,6.213696844469218,6.020554183746345,0.4924429493615526,154,0.2404255319148936,3.9467058344509107,0.010452297781608675,,,,,,,,,False
2021-03-09,470,0.2740627374202142,10.482535340990792,128.80948658750066,51.643909748161974,22.929353704790927,16.18996162291682,12.938739036061365,11.238431903663024,8.54734642288284,8.396121642955384,6.18563644733174,6.082167685763123,0.4947052142541102,153,0.24680851063829787,3.9321927350034898,0.01545161729347185,0.01886579769012204,95.23790342412336,85.01056502286266,0.018498890756993756,95.38040243794035,85.15343094361278,0.999329623485037,0.0006703765149630447,False
2021-03-10,470,0.275013706699841,10.438510133533265,129.25644214892526,51.33234132775148,23.05584980987404,16.248667432845252,12.927224418239419,11.247152404301545,8.519820514615263,8.300090749706056,6.149232778528748,6.083576270932729,0.4953628194417776,151,0.24468085106382978,3.9195363938070082,0.011577371501156829,,,,,,,,,False
2021-03-11,470,0.27446518113748963,10.451942053610942,128.9986351346201,51.586245880447834,23.369135107164567,16.25073477037079,12.909612270621551,11.28203347962577,8.54842658180018,8.353740451063583,6.083051525059704,6.061595924821302,0.4959880067302658,150,0.2404255319148936,3.918463841130236,0.0056435149480560725,,,,,,,,,False
2021-03-12,470,0.2735897172625006,10.490776925131346,128.58716711337527,51.67617123012744,23.720196863443405,16.24138790463966,12.924644475281244,11.312943948605984,8.537331035980506,8.36668803731535,6.096347399783247,6.073146255684839,0.49606290975929157,152,0.2404255319148936,3.914236149475696,0.010171029351721634,,,,,,,,,False
2021-03-15,470,0.2663005040255459,10.891059223882745,125.16123689200657,52.21944664526916,24.033355959889207,16.404741834239523,13.111140430575121,11.42767253592606,8.590649969123602,8.239228509940093,6.198827736546338,6.139664058012428,0.4913402590680417,159,0.23404255319148937,3.974280156065907,0.006741369142131289,,,,,,,,,False
2021-03-16,470,0.2675671679571655,10.825002963303282,125.75656893986778,51.964306021139365,24.079023904706034,16.47810009654401,13.094065750286484,11.430681500900686,8.519006220445988,8.2306078581231,6.209689968426411,6.074549676415538,0.49228098875009296,158,0.23617021276595745,3.967726829841862,0.008546930998502926,0.018464459434102413,95.38072179327355,84.80482153849334,0.018793704756402567,94.28467021723976,83.70844071713725,0.9994799729604226,0.0005200270395774309,False
2021-03-17,470,0.26066157381573546,11.228201196824793,122.51093969339564,52.30194257539796,24.433673869718277,16.561270149800116,13.117300310573674,11.485975053805596,8.585223476522572,8.430521339795384,6.2247101377076905,6.112125375991301,0.4870747374444377,163,0.23191489361702128,3.9943811402376017,0.009617565667105204,,,,,,,,,False
2021-03-18,470,0.2612402674789077,11.184299541553933,122.78292571508666,52.10955680752083,25.01821101790035,16.44724799636921,13.537317017413631,11.428340642107933,8.79580661966669,8.337789227508084,6.194378683211078,6.03783637476689,0.48913884798785234,164,0.23404255319148937,4.025172416376632,0.005634441772898425,,,,,,,,,False
2021-03-19,470,0.2597326969402464,11.3001787881429,122.07436756191584,51.75351005530426,24.95062416174327,16.43949168049162,13.589633539755372,11.431629058066278,8.826388066718247,8.668457903877277,6.205032588442706,6.095018526331646,0.4868247382961922,166,0.24680851063829787,4.001493994835975,0.01704849612121762,,,,,,,,,False
2021-03-22,470,0.25668561431064146,11.460778152320078,120.6422387260015,52.36314992166342,25.044890588780312,16.44006992749372,13.659263331729793,11.474864249714596,8.849604983050238,8.622320315768174,6.222487264566379,6.096492027140671,0.4854247074375931,166,0.24893617021276596,3.9974862437968395,0.010143809826248696,,,,,,,,,False
2021-03-23,470,0.258374378480306,11.344649820068897,121.43595788574382,52.161712907014746,25.574437763823134,16.75340982536372,13.567236995966521,11.371058470460948,8.876463301868675,8.541423155646541,6.2487129034667825,6.063713105586825,0.4882824582508764,163,0.2553191489361702,3.974771514319667,0.012620786644286168,0.019113216706311827,95.43634368148149,84.33095502318659,0.018249293100212553,94.33083631391722,83.22631157922842,0.9980935268239736,0.0019064731760264353,False
2021-03-24,470,0.25846187817450583,11.33428522756372,121.47708274201773,52.260546880565414,25.397736551265602,16.737897182132052,13.68446578282386,11.50571299643908,8.890643640235231,8.489948534635039,6.421785805831676,6.063312546839502,0.4884207002953291,165,0.24680851063829787,4.021443691343665,0.01221249376219208,,,,,,,,,False
2021-03-25,470,0.2601926791162414,11.235880296789409,122.29055918463345,51.996634283353075,25.52153184314337,16.804564034406603,13.650125025210013,11.427326328485627,8.863018374264994,8.299063681965164,6.3554769763210475,6.090147600149887,0.48992215823563096,163,0.24468085106382978,4.006413197625518,0.013355713832055529,,,,,,,,,False
2021-03-26,470,0.2629460760885489,11.066496231529348,123.584655761618,52.12911226507086,25.22874469811694,16.745105968694595,13.447416603866223,11.340225948869456,8.771568059429326,8.133702755346276,6.50731373580715,6.0805487233441,0.4917766708454609,163,0.24468085106382978,4.020186680475346,0.010651907635076896,,,,,,,,,False
2021-03-29,470,0.26121919401200017,11.16364809227574,122.77302118564006,51.97747096335941,25.974128126552635,16.73425142798289,13.47401366028405,11.40652193922957,8.767489961426087,8.16122527917694,6.526249060739122,6.125502787047466,0.49134656460387044,163,0.2404255319148936,4.035507062990519,0.012167127886403848,,,,,,,,,False
2021-03-30,470,0.2602719841140851,11.210533074070081,122.32783253361995,52.024328718880966,26.28728098265624,16.75268813328097,13.58822573076133,11.340994285225328,8.71942671429305,8.351969726068385,6.577164363301382,6.11140559719925,0.49144756616850965,162,0.24468085106382978,4.009034947942199,0.014988885360431883,0.01872117936884361,95.38636707335154,84.4173848040267,0.01899733609818237,94.30630555701963,83.33704713096544,0.9994963049051169,0.0005036950948831276,False
2021-03-31,470,0.2586781049027277,11.297596768951392,121.57870930428197,52.153308040490984,26.57071531906505,16.75074813721374,13.595647815299692,11.372342748796324,8.874401627971867,8.221432136016844,6.5802026058654075,6.174434790603911,0.4907428268433011,165,0.23617021276595745,4.053492580600979,0.006487320237717189,,,,,,,,,False
2021-04-01,470,0.25812975174272923,11.322745707295338,121.3209833190827,52.27756718878095,26.664541503042116,16.72924173807567,13.643326297304604,11.397853336125294,8.809784547250164,8.234819842120817,6.585358090499006,6.1651563599192745,0.4907141703112471,165,0.2404255319148936,4.033430689677578,0.009771809644785193,,,,,,,,,False
2021-04-05,470,0.2582707233182609,11.307469032435225,121.38723995958259,52.290632995416615,26.779626379294207,16.74560157271747,13.663494281026043,11.504621427878828,8.826099682429696,8.22803927585959,6.586781278310616,6.143722762439511,0.4912055216766745,166,0.2425531914893617,4.040714560064451,0.015179422038742459,,,,,,,,,False
2021-04-06,470,0.25817295756246306,11.319464246074176,121.34129005435759,52.1476553990819,26.79747664621491,16.78280271190261,13.7072300770154,11.511968692791946,8.850626329426495,8.310516584434255,6.576180185060547,6.157198942803429,0.4910137338054734,165,0.24468085106382978,4.022904190644539,0.004409563126616159,,,,,,,,,False
2021-04-07,470,0.2573073743954952,11.364012547054047,120.93446596588277,52.24432477503217,26.868198248973364,16.90672061629307,13.755755402720776,11.54116456483278,8.882589190270505,8.327395259022058,6.557483303844006,6.194367573488443,0.4908712021466003,166,0.2148936170212766,4.1072107135972225,0.016830739917434105,0.018140984292198594,94.74072672645032,83.61588056949957,0.01838741338608885,94.68705990348839,83.56196731744375,0.9997225268804938,0.0002774731195062108,False
2021-04-08,470,0.2571831504548444,11.363114070480783,120.87608071377687,52.372621909810164,26.89880406003418,16.926942994280772,13.757163145554976,11.58179409308632,8.885170071006753,8.344788515502652,6.509662142405593,6.196363841946191,0.4911310911137382,166,0.2425531914893617,4.043185572822542,0.006696003266343057,,,,,,,,,False
2021-04-09,470,0.25731097435949507,11.346491500492098,120.93615794896269,52.48651883958121,26.897709447845436,16.896487983055728,13.822327068941366,11.581727351047057,8.913649673739735,8.366231457946876,6.519847875910271,6.210711987711545,0.49157276869869454,164,0.23617021276595745,4.0628262196442355,0.00473619743229143,,,,,,,,,False
2021-04-12,470,0.2576501110393781,11.323256462594083,121.09555218850772,52.49132654615654,27.02782569160643,16.861262616800126,13.745303853557918,11.543976599236995,8.970526408929233,8.228082078995515,6.50127203309337,6.211301341990674,0.4919601508438909,163,0.23404255319148937,4.066320536251614,0.009771809644785193,,,,,,,,,False
2021-04-13,470,0.2554883955186696,11.456805534998301,120.07954589377471,52.55773610310837,26.963881306867037,16.995360555594353,13.839129662540095,11.539052821086369,9.08659025151307,8.276232848009677,6.524637684475486,6.240083692004222,0.490288624514648,165,0.2297872340425532,4.09123446972777,0.008719321326498207,,,,,,,,,False
2021-04-14,470,0.25552719583473227,11.436200320071922,120.09778204232416,52.81372642786617,26.97758975490182,17.039594368565965,13.848670174958855,11.627191250988375,9.081044547108984,8.256467753369622,6.526953482471261,6.2522358250123995,0.49101566546514247,166,0.23404255319148937,4.041354542313444,0.011459420224107427,0.017981403651918026,95.08196069056314,83.88330616267403,0.01852175347421107,94.25070948690166,83.05151460919026,0.9996896717995314,0.00031032820046861254,False
2021-04-15,470,0.2554943701162045,11.396106107194466,120.08235395461611,53.459870569561645,27.12403272285211,17.008450986355697,13.846892501027764,11.625527322334936,9.057993557151333,8.231678736569846,6.518296081446616,6.175027732264615,0.4925991504987518,165,0.23617021276595745,4.016923705059573,0.010706346686022774,,,,,,,,,False
2021-04-16,470,0.2551406156818592,11.399989189564808,119.91608937047383,53.52987735142517,27.523930422852807,17.131708749448812,13.952557779667075,11.629356008327967,8.939913926592103,8.27020011370452,6.546608527081333,6.189768983859812,0.49373226313588864,162,0.2425531914893617,4.0056422748986495,0.011441273873792134,,,,,,,,,False
2021-04-19,470,0.2556939619200383,11.352623205213986,120.17616210241798,53.672684056128304,27.58467008767757,17.148806185888347,13.954859352184332,11.656744139187484,8.938683264733413,8.272293218670411,6.566459565591694,6.186543305088048,0.4947599612431842,162,0.24680851063829787,3.9910067071558832,0.010697273510865126,,,,,,,,,False
2021-04-20,470,0.24982868071772377,11.6809740029958,117.41947993733018,53.88593592224963,28.807934891516325,17.375787240814944,14.05910793132271,11.693036311044708,8.81890275126774,8.315079204336005,6.61529480693987,6.1842570572897575,0.49265584238985916,166,0.23404255319148937,4.029959811984995,0.015161275688427164,,,,,,,,,False
2021-04-21,470,0.2492664996874709,11.70531740142036,117.15525485311133,53.99454387912803,28.930219534494256,17.44784235593356,14.089595060728943,11.77726423237635,8.648323942174116,8.315998574551069,6.616653306188029,6.12186789850217,0.4928030971987151,165,0.21914893617021278,4.060821891237416,0.01195844485777798,0.018536997114462633,95.2289442345977,83.75435633575036,0.018514163247602848,94.46638259137819,82.9918175263977,0.9994215197463804,0.0005784802536196176,False
2021-04-22,470,0.23894041916100842,12.399297734198196,112.30199700567397,53.95681378266178,29.18031351019355,17.899260866840223,14.102613567562662,11.966754596125448,8.913012085316742,8.41555462686331,6.773206510215079,6.156848666915138,0.48391701858070674,168,0.22127659574468084,4.094324356872292,0.013546250510366103,,,,,,,,,False
2021-04-23,470,0.2399882309555839,12.295242129068129,112.79446854912442,54.25609421530966,29.332145853908955,17.96696907904186,14.195102208610557,11.994589713927397,8.941497300540805,8.330819377281065,6.731777557205102,6.183498464726211,0.4862654891616925,165,0.22340425531914893,4.072162323646563,0.01758381345551876,,,,,,,,,False
2021-04-26,470,0.24058734975688525,12.238628862343807,113.07605438573609,54.13750673640615,29.94984794037464,17.979903481480967,14.060480382439005,12.02950386306026,9.00640557216167,8.326229003974264,6.759566541624645,6.165211490882399,0.4876676445243337,161,0.2276595744680851,4.036612556868618,0.019389375311890396,,,,,,,,,False
2021-04-27,470,0.23790930086323864,12.416398876528609,111.81737140572216,54.348969604897746,29.673092009015186,18.040153491622917,14.19891389840364,12.168806499878006,9.135086217276816,8.467993181883992,6.821466611520837,6.228513544792882,0.48527340512693967,168,0.22340425531914893,4.101789253860083,0.016984983895114096,,,,,,,,,False
2021-04-28,470,0.23482600909685974,12.637709318356297,110.36822427552406,54.271826060104445,29.672682056727005,18.18770713613315,14.259338316254192,12.285530914985888,9.183794440689699,8.531918832065287,6.911971851937461,6.297511210594759,0.48246761243562314,168,0.22340425531914893,4.082765041165718,0.014807421857278956,0.01845051384035035,95.07800893684332,82.65667511374353,0.019188303904596995,94.04416047204401,81.62208885887998,0.994308965512466,0.005691034487534052,False
2021-04-29,470,0.23832900659940023,12.53827387642793,112.01463310171812,52.17645513156735,30.42896970551361,17.789120837385553,14.554219485323632,10.735262648154986,8.668249648927693,8.223902538955807,6.68028389490079,6.550899784842885,0.4829008473649111,163,0.23617021276595745,4.0813489524531334,0.021140498117316154,,,,,,,,,False
2021-04-30,470,0.23771985660777983,12.584851676272537,111.72833260565653,51.93987975026978,30.688632806181957,17.974353450541322,14.691576694252976,10.554328949522677,8.806651733850524,8.21670493896829,6.701187730170231,6.5140162873074035,0.483027181504048,168,0.21914893617021278,4.164118079621652,0.009799029170258131,,,,,,,,,False
2021-05-03,470,0.23793296694876048,12.555076134767647,111.82849446591746,51.85746478295134,30.9263636768964,18.397024341583588,14.78353768477772,10.449023273822686,8.78345330364194,8.293264830973287,6.702500219398445,6.5488761786919465,0.48466571266409886,167,0.22340425531914893,4.113587425779501,0.012729664746177925,,,,,,,,,False
2021-05-04,470,0.2279357357801773,13.863820615980368,107.12979581668333,44.08246535267579,33.12247180173194,17.109938052190465,11.965838801360091,11.06325178919836,9.245518999276399,7.7165124111239844,7.308458852856114,6.630668625966177,0.4540649145205142,176,0.1,4.443462087824486,0.04637299823073084,,,,,,,,,False
2021-05-05,470,0.2282729609266781,13.891274797300499,107.28829163553868,44.083682659008474,31.89892184713876,17.18101868464423,12.324086876866701,11.36801261352307,9.283204083724396,7.457001438006917,7.161325899099602,6.437228917993661,0.45271489724084446,176,0.11702127659574468,4.377430789442366,0.04877738964750714,0.018738648090989123,95.27319754513096,81.59145706066614,0.019058385686253263,94.77342469575393,81.09136447369386,0.9692014545358009,0.030798545464199134,False
2021-05-06,470,0.22969012200553449,13.852146731870251,107.95435734260121,42.757214948221275,32.26527264177639,16.95222365707965,12.327009952008757,11.185357284882175,9.316913803482116,7.47913181711776,7.183341870026724,6.431585722227851,0.45160867774827085,180,0.1127659574468085,4.413927392575797,0.05453885587261262,,,,,,,,,False
2021-05-07,470,0.2266737655400339,14.08958047005092,106.53666980381593,42.930993290739735,32.42976893403778,16.91907963609662,12.410308050977942,11.273661292911516,9.316398404402399,7.531583019286638,7.174923354169349,6.477872515237328,0.44941876535248515,180,0.1127659574468085,4.4326444437788295,0.044168216667422766,,,,,,,,,False
2021-05-10,470,0.22163082499892583,14.458568070868903,104.1664877494951,43.21087892247351,33.438052038536114,16.89179295542229,12.38743604484444,11.45949863930693,9.334000727886238,7.560093427839265,7.214655215935883,6.482285705519944,0.44700988874632236,183,0.11702127659574468,4.436643059051777,0.04733475479744136,,,,,,,,,False
2021-05-11,470,0.2195430059880141,14.618889378162008,103.18521281436662,43.123224631009926,34.02714538096369,16.898762818871873,12.2838608633989,11.52073058114002,9.37438341488609,7.591102086813928,7.198061901649672,6.514193956579003,0.44578341810342764,180,0.11702127659574468,4.421457348084998,0.006360295785510139,,,,,,,,,False
2021-05-12,470,0.2282183406692073,13.881619655448038,107.26262011452741,43.33299326043527,33.34851231782628,16.75458309444206,12.0519213344047,11.734955264280199,9.348078864625208,7.482543906728052,7.200773333922065,6.3438503654927185,0.4526609151524165,173,0.11702127659574468,4.320545481931839,0.0040012702445220705,0.01815157344274016,94.84698836859127,81.1754354803697,0.018771367914804393,94.58496020133954,80.91278751864591,0.9971500203530979,0.0028499796469021454,False
2021-05-13,470,0.22829656125019152,13.838049706363256,107.29938378759002,43.5186215036136,33.787459075961934,16.702134291394543,12.159175921664684,11.827536458769472,9.241599088237898,7.473812963383623,7.129075368875824,6.306204209576967,0.45418462676643573,174,0.11702127659574468,4.347364879586586,0.004182733747674999,,,,,,,,,False
2021-05-14,470,0.23148188760724406,13.579806690179415,108.7964871754047,43.40204746675211,33.790267551788766,16.57341080922307,12.27049355402747,11.78192968631572,9.225874423575863,7.453593097458758,7.09285824516344,6.293460451361885,0.4570908650153109,171,0.12127659574468085,4.287634683490229,0.007394637753481831,,,,,,,,,False
2021-05-17,470,0.2310208643313523,13.584240023656792,108.57980623573559,43.73394419691354,33.92588690794029,16.637718539358552,12.305567813932104,11.831248241097958,9.031694986289455,7.57652702336536,7.101368383354079,6.33376657283716,0.45783600785931927,169,0.11702127659574468,4.294271120243684,0.005434831919430205,,,,,,,,,False
2021-05-18,470,0.2312463169321175,13.603485355337375,108.68576895809522,43.16564607797647,33.89341413013322,16.55725597831328,12.410617971203747,11.977608818211335,9.076569476628965,7.551388460314465,6.994427718436459,6.312582593135548,0.4568355385440892,168,0.11702127659574468,4.288700603885527,0.004046636120310303,,,,,,,,,False
2021-05-19,470,0.22850434961082783,13.830500787936433,107.39704431708907,42.910338692855625,34.12508529851017,16.72696014739259,12.52883282367047,12.13293552278691,9.15139854825631,7.580213134698017,7.0196342709194735,6.190782294530146,0.45465587506280414,171,0.12127659574468085,4.304517637340701,0.001959805834051626,0.018903959598941672,94.45798185076964,80.8370814528451,0.018991856070855323,94.21597730769247,80.59498901329601,0.9980821924376019,0.0019178075623981217,False
2021-05-20,470,0.2285131359313291,13.804521171295473,107.40117388772467,43.346864374719814,34.02500497725881,16.73490473911304,12.547671411922973,12.154188204984612,9.145517359913221,7.573741708165624,7.019386041162578,6.193206639418699,0.45543748806540274,169,0.12127659574468085,4.308599439444052,0.004282538674409109,,,,,,,,,False
2021-05-21,470,0.22881277804393885,13.792167248164182,107.54200568065124,43.25772717833997,33.93546783699718,16.747275453569806,12.409842283313983,12.172514478740517,9.100411436775364,7.600158141349439,7.002170756562302,6.2568888869711845,0.4550900392188771,169,0.12127659574468085,4.297499905583258,0.0050809780882819944,,,,,,,,,False
2021-05-24,470,0.2274613684187148,13.921769282160803,106.90684315679596,42.75811059956043,34.13740123422485,16.878024991087045,12.41410635725647,12.373572563264364,9.15256533283831,7.610384796107013,7.0460983428571495,6.307687296726974,0.45339252412537184,171,0.11914893617021277,4.30782602170075,0.0045638071042961486,,,,,,,,,False
2021-05-25,470,0.2276057003287,13.878767410745892,106.97467915448902,43.077514091281486,34.21682745854018,16.952745992906962,12.475076270375,12.390723091772008,9.211336898411805,7.6279291462836,7.051857538642572,6.240470125725922,0.45467413397360135,172,0.09574468085106383,4.350363421383156,0.008719321326498207,,,,,,,,,False
2021-05-26,470,0.22858001673895825,13.80075568150731,107.4326078673104,42.854397254201494,34.40388874439285,17.011274771644068,12.547894994312834,12.293417384885451,9.246903419928959,7.654214472489784,7.013145415229742,6.130373403396488,0.45585119921672684,169,0.1148936170212766,4.311826532490307,0.003338928458013882,0.01885829703526782,95.12538577439278,81.53435181258916,0.01854411137832403,94.72393082135814,81.13321104521147,0.9992512414935549,0.0007487585064450686,False
2021-05-27,470,0.22880551637572816,13.766259674826632,107.53859269659227,43.03633828204126,34.49606099173309,17.084320676879067,12.571013939026123,12.07892653339831,9.207293126453518,7.675275642048092,6.989425668578576,6.070605191254613,0.45686452465164196,172,0.11702127659574468,4.320658712515156,0.004291611849566756,,,,,,,,,False
2021-05-28,470,0.22676865068446161,13.911015033669505,106.581265821697,43.24465410531661,34.703563138193154,17.061992228301513,12.614290763120989,12.138313500122802,9.207024717139106,7.593130269154132,7.023988351297609,6.119458423473079,0.45575694905665787,173,0.11914893617021277,4.3045986755521595,0.0051535634895431654,,,,,,,,,False
2021-06-01,470,0.22625518560965424,13.92204170214302,106.33993723653751,43.60459131839158,34.66319144569517,17.22582348208212,12.675643718547686,12.417675150119065,9.165492396112452,7.603401274456251,7.053206534960145,6.120363418542154,0.45640252596011494,170,0.10212765957446808,4.328333673096324,0.008800979902917026,,,,,,,,,False
2021-06-02,470,0.2261116789973854,13.922894282401765,106.27248912877113,43.54017692679536,34.75866981578947,17.491830288833704,12.612435899094555,12.573290664522887,9.15681859848938,7.622432105545197,7.05348713639172,6.131270457372203,0.4567566001261366,171,0.09148936170212765,4.368899931811759,0.003919611668103252,,,,,,,,,False
2021-06-03,470,0.22646184462386462,13.906315789439537,106.43706697321636,43.24891448137544,34.83157641995112,17.48839260965255,12.76839057780023,12.557193366403197,9.20026269517032,7.612692089483101,7.065963229019861,6.141195704310765,0.4569666831106292,170,0.1,4.347010755946263,0.008238443043142947,0.018763895588799918,94.99551030906201,81.29689246865755,0.018343242769331074,94.98264345830302,81.28444627071802,0.9995416572980427,0.00045834270195732607,False
2021-06-04,470,0.22764266238805975,13.815986381099474,106.99205132238808,43.51503438414652,34.32022503115034,17.565812101418835,12.88461265865699,12.170852775468429,9.30300810914786,7.600879803809596,7.089602736708953,6.158634930219206,0.4580377351016186,172,0.1127659574468085,4.336421792369356,0.00521707571564669,,,,,,,,,False
2021-06-07,470,0.22783831689020217,13.797057666895675,107.08400893839504,43.42724426426019,34.3362698215894,17.682271146972163,13.02581651863229,12.208882833094933,9.428781144250944,7.635406351166585,7.086343435379746,6.1541160194252225,0.4586289589145724,169,0.11063829787234042,4.335821150478245,0.005307807467223155,,,,,,,,,False
2021-06-08,470,0.22768340315285374,13.826572478313505,107.01119948184123,43.12958430952135,34.302070611101,17.789215881854474,13.161704732875306,12.215022399727136,9.430838188121577,7.5988733000749775,7.119167073346979,6.166487652936021,0.4582846276961562,169,0.1127659574468085,4.336556554747997,0.008800979902917026,,,,,,,,,False
2021-06-09,470,0.22453741682706577,14.06130647745754,105.5325859087209,43.50610673958561,34.34395845876546,17.740652101763693,13.23540028159593,12.442994616251477,9.410240584227555,7.594570368230498,7.180632896182028,6.221671582503603,0.4560823478519821,169,0.12127659574468085,4.275995812613363,0.008837272603547611,,,,,,,,,False
2021-06-10,470,0.22399917506532216,14.063015230825185,105.2796122807014,44.114497755066324,34.28611656536812,17.722850935540116,13.240731058525522,12.745680191023434,9.27005238549021,7.580943879917124,7.1449807329750445,6.242079041381998,0.4566889544578756,166,0.11914893617021277,4.290853089128602,0.007394637753481831,0.018165102144332323,95.13543966573113,81.27825850782693,0.018290770001792418,94.5948346387652,80.73752781300355,0.9992568117320424,0.0007431882679576063,False
2021-06-11,470,0.22369409106157262,14.10006325355065,105.13622279893912,43.861687420955434,34.392683987585116,17.746080525617295,13.240110647197003,12.759712977059829,9.276013401047148,7.588704703484498,7.240618982871972,6.251390595061904,0.45612081995807235,169,0.1148936170212766,4.332699070261415,0.005561856371637254,,,,,,,,,False
2021-06-14,470,0.22408463667401915,14.0316529995441,105.31977923678897,44.420365497614384,34.34543271468514,17.749641697337445,13.110194490156468,12.699391073493555,9.226324981858482,7.651708317606292,7.153693718803695,6.2177711409260805,0.4573306673118776,169,0.11914893617021277,4.312775098711345,0.004164587397359706,,,,,,,,,False
2021-06-15,470,0.22370782004883685,14.040533592434283,105.14267542295329,44.738497842515756,34.2914226926995,17.73351523685696,13.203140373293964,12.543441139456469,9.302683139567804,7.75587784129833,7.279620505507981,6.287848148285264,0.457679258655999,170,0.1148936170212766,4.3141974534519365,0.006432881186771311,,,,,,,,,False
2021-06-16,470,0.22484883788091944,13.93823936367893,105.67895380403212,44.639601610373326,34.54859333616264,17.791211293957865,13.140415812492838,12.52865996679351,9.145900851518824,7.683139537479978,7.275994495612075,6.267350122970361,0.45914633161067836,170,0.10212765957446808,4.338120368958481,0.007603320782107698,,,,,,,,,False
2021-06-17,470,0.22501484614351383,13.846625878476395,105.7569776874515,45.78866192719987,34.524598182421045,17.72196223485637,13.099786000164324,12.421576766898857,9.115507370531073,7.374730520493267,7.239508572553054,6.386242693526941,0.46147231070658107,166,0.125531914893617,4.27978379753506,0.0030032209771809646,0.018438304273088256,94.81102427051184,81.17097493390585,0.018512293802726294,94.32644150155724,80.68631817542163,0.9994242897354596,0.0005757102645403966,False
2021-06-18,470,0.23021128160192672,13.474065250958121,108.19930235290556,45.03798064696055,34.622496031520335,17.67185126685949,12.969201159360626,12.306190339415123,9.031882784445429,7.270488346979447,7.1717520153056356,6.379088000011755,0.464895386080014,167,0.12340425531914893,4.296368653591574,0.003910538492945606,,,,,,,,,False
2021-06-21,470,0.23537170171319532,13.089870561751303,110.6246998052018,44.728835449467546,34.60734449228841,17.58968637560494,12.709254730131379,12.251380227062079,8.968496446772132,7.27985225908445,7.138835351926823,6.337772759436202,0.46863791670785976,163,0.13191489361702127,4.237594177752284,0.010352492854874563,,,,,,,,,False
2021-06-22,470,0.23455989581345685,13.145422686858538,110.24315103232468,44.764718595328965,34.69175693842013,17.57007630754382,12.774218690544842,12.238378594270417,8.99501546870476,7.272500593810945,7.171310087673449,6.400261082347561,0.46817855651949475,162,0.12978723404255318,4.249727942666336,0.008220296692827655,,,,,,,,,False
2021-06-23,470,0.23441170220532606,13.14292804973414,110.17350003650327,44.80124688716137,34.92089023397392,17.588824519930434,12.778404895817197,12.256022738650259,8.96706600850036,7.222825633263085,7.135530146920981,6.399732548510521,0.4686443969646514,162,0.13617021276595745,4.217830145119883,0.01436283627455428,,,,,,,,,False
2021-06-24,470,0.23434902033862007,13.16635097511305,110.14403955915142,44.63782908474144,34.711409279805686,17.60089982025338,12.880418091657285,12.283669599392963,8.997566713894013,7.248284023074665,7.145563442741266,6.354376942524059,0.46803105496938147,162,0.13404255319148936,4.218555063629843,0.008492491947557048,0.01908577365895249,95.01979075266499,82.06870302423161,0.019154017381806863,94.24639372783206,81.29523775567583,0.9989994817377423,0.0010005182622576658,False
2021-06-25,470,0.23102251474114974,13.434914698915904,108.5805819283404,44.573833655480364,34.88728366078552,17.751777125282906,12.51318554849009,11.975091934617733,9.074357025399085,7.425236346292822,6.942865983535307,6.407569616034973,0.4644822594008069,166,0.12340425531914893,4.306480633946767,0.005634441772898425,,,,,,,,,False
2021-06-28,470,0.2309289196050644,13.420449914265417,108.53659221438025,45.16558723458698,34.52481342398563,17.620800236823108,12.791585947857936,11.837407657098328,9.093022855667218,7.415144138307723,6.936284542605703,6.416261609208351,0.46519016820773174,168,0.11914893617021277,4.310343643000868,0.010751712561811006,,,,,,,,,False
2021-06-29,470,0.22777198284489827,13.731420595291569,107.05283193710218,44.29780977540423,34.80234484332892,17.6338457039174,12.514748721301029,12.070377919523603,8.588231381942816,7.5507914926794735,7.050320219960117,6.5913750312645405,0.46021612974692294,165,0.10425531914893617,4.325009151470241,0.01451708025223427,,,,,,,,,False
2021-06-30,470,0.22825571521700655,13.690307820618296,107.28018615199306,44.91727155170382,33.96467386864877,17.74933261735375,12.47309932759986,11.984000527896455,8.603328464925802,7.589116985109174,7.061166482969072,6.651180060085346,0.46039268833467933,162,0.1276595744680851,4.237129445123717,0.017130154697636436,,,,,,,,,False
2021-07-01,470,0.22946834681245415,13.609205442627129,107.85012300185343,44.408589619872984,34.16510120954221,17.848662867798524,12.549419259650536,12.006822666483185,8.62450959100331,7.618282573019702,7.1097467923499975,6.655266131773132,0.46132318289088875,165,0.125531914893617,4.288137959719777,0.016005080978088282,0.018419836897344163,94.9963827867149,81.59822585400289,0.018822952014905345,94.90663420774342,81.50807415991385,0.9986197704160467,0.0013802295839533407,False
2021-07-02,470,0.2298377975813045,13.574536228090397,108.02376486321313,44.48818220521943,34.158987204760884,17.90908668870125,12.606763980256188,11.741909770044645,8.539916409711427,7.589097032614347,7.152686405803886,6.664555527969547,0.4620995424301082,164,0.125531914893617,4.289198184299733,0.009590346141632265,,,,,,,,,False
2021-07-06,470,0.23119593035288963,13.465071340737166,108.66208726585813,44.48317257643924,34.07002550436216,17.921876131365842,12.694942748454205,11.864919129962477,8.419335201688781,7.572427000605178,7.16910688054761,6.655757050329112,0.46347256218399907,162,0.13829787234042554,4.23826734280299,0.011840493580728575,,,,,,,,,False
2021-07-07,470,0.231550024185545,13.411614175856583,108.82851136720615,44.489683672491395,34.50229847701095,17.997450654386427,12.727037682673206,11.755531446184348,8.345072131661091,7.575914702299164,7.268323679397359,6.636395336809789,0.4649893230931237,163,0.13404255319148936,4.246267495394351,0.013074445402168488,,,,,,,,,False
2021-07-08,470,0.23486197655739804,13.190492430851126,110.38512898197712,43.91392886874954,34.462674306852705,17.699773833689,12.863630034388942,11.817615527733077,8.2800489653375,7.5743785769529115,7.226141178405405,6.620670828253829,0.46664922558650473,163,0.12127659574468085,4.250728212398067,0.008410833371138229,,,,,,,,,False
2021-07-09,470,0.23893893884512257,12.899155619260668,112.3013012572076,43.79891283566701,33.96509088343671,17.73215497995703,12.898078916341667,11.78464322475954,8.204986713456169,7.598711436974012,7.215266747292226,6.619929141290475,0.46956497632470223,161,0.1276595744680851,4.2279499295834295,0.015433470943156558,0.01861296470597793,95.04696355961339,82.36813391449186,0.019996543949258434,94.02078286465682,81.34056964029202,0.9993245954077052,0.0006754045922947594,False
2021-07-12,470,0.23987677882323383,12.82030389794553,112.7420860469199,44.00260165762248,33.754240227931675,17.799789204708368,13.011807958697327,11.756503071842827,8.234158416988649,7.622964892793631,7.2610990979637355,6.6177382604225485,0.47087345765080796,159,0.1276595744680851,4.2049452448651445,0.01137776164768861,,,,,,,,,False
2021-07-13,470,0.24218476542677356,12.6584311228311,113.82683975058359,43.73085189040786,33.807049441772804,17.854532825775586,13.050454705775168,11.561052506430821,8.286443823496597,7.619750781538146,7.289150827153691,6.521727813190853,0.47291431620067015,156,0.13617021276595745,4.162147022016559,0.01013473665109105,,,,,,,,,False
2021-07-14,470,0.24253170944323682,12.59694325806911,113.9899034383213,43.92423783829952,34.30485415564293,17.969610889490674,12.820136738511424,11.653074790635305,8.33293880134788,7.640944784267847,7.284137556657389,6.535468037995726,0.47448668736226773,159,0.14042553191489363,4.181501418039716,0.013872884816041374,,,,,,,,,False
2021-07-15,470,0.24291510858133908,12.544709343490572,114.17010103322937,43.98546996329293,34.76976541728454,17.89901196489015,12.882596238609251,11.676710016639174,8.21575184675806,7.645944751041032,7.295787163189149,6.460971686864738,0.47597222259001326,153,0.14042553191489363,4.123616883272128,0.012648006169759108,,,,,,,,,False
2021-07-16,470,0.24435576073192228,12.439090907147877,114.84720754400348,44.025908226217304,34.89328572255384,17.394538866671176,12.870863880569777,11.710863874347222,8.19964410361639,7.659100851380158,7.332451170446644,6.482385139832706,0.4766634132766288,154,0.11914893617021277,4.180609496387462,0.00995327314793812,0.018693694475877258,95.25744691215395,83.04401807126213,0.018738852003508444,94.4012197255626,82.18774572714314,0.9994912926469904,0.0005087073530095632,False
2021-07-19,470,0.251882027183716,11.912983062199437,118.38455277634651,44.076873167164386,34.92722697174029,16.736442315137246,12.968380607359943,11.494364413493642,8.106049678406908,7.690363601410553,6.664102195375064,6.509614354300083,0.48317760816542205,150,0.1276595744680851,4.12924125481024,0.008220296692827655,,,,,,,,,False
2021-07-20,470,0.24661311471978944,12.27826949020868,115.908163918301,44.02484255277079,35.82803103117402,15.207172754645383,13.038086040046144,11.597058769806459,8.192704899506477,7.733170268596101,6.664906244751837,6.458229324777142,0.47660914105731367,161,0.12340425531914893,4.191521100802878,0.014027128793721363,,,,,,,,,False
2021-07-21,470,0.24892170844558456,12.068693048821059,116.99320296942471,44.67621585723813,37.184942044364114,13.859330306721905,12.423969172779719,9.582754539832067,8.295029872063942,7.609668692813171,6.7016953579049465,6.31779383602719,0.479016298618146,157,0.13617021276595745,4.134411961153707,0.0178650818854058,,,,,,,,,False
2021-07-22,470,0.2426928830338809,12.436777115185482,114.065655025924,45.65201064197986,37.587834924507085,14.031342926142944,12.64043203068219,9.651747481811903,8.286836389466597,7.377962597978577,6.765367067546628,6.430473636918432,0.47654739478560876,162,0.12978723404255318,4.1701352042880275,0.013237762555006125,,,,,,,,,False
2021-07-23,470,0.240300150346727,12.574981139358894,112.94107066296169,46.042788928250395,37.82838369361839,14.138122389929878,12.689214196928685,9.738965220293327,8.296997514568691,7.311639994856398,6.818195183869458,6.468580112829076,0.4758288933440192,160,0.12340425531914893,4.205328587818613,0.012983713650592024,0.018638470540684907,94.91121915107028,82.55789969151743,0.0187968279263302,94.48410241350832,82.13062459656983,0.989397479964703,0.010602520035297047,False
2021-07-26,470,0.23848110904276973,12.656982609463808,112.08612125010174,46.73369028533785,38.16312848759646,14.177052756752376,12.769228695259809,9.20190350094515,7.921473977223423,7.322122044396393,6.692509557637101,6.549804340125259,0.4764451520745709,158,0.13191489361702127,4.179809335360495,0.01119629814453568,,,,,,,,,False
2021-07-27,470,0.23982426134337012,12.56787996279094,112.71740283138396,45.985045805225845,38.82987300408058,14.156099372724835,12.893637559768251,9.171449285948114,7.955773110225612,7.407032600043879,6.7499009290090175,6.576434409925734,0.47783416717698607,158,0.13404255319148936,4.131125845623204,0.012938347774803793,,,,,,,,,False
2021-07-28,470,0.23846135750856617,12.588943219172279,112.0768380290261,46.35488383496066,39.948897498004904,14.150452896604763,12.865249626761782,9.2234661666999,7.984970287096235,7.550109901736858,6.780267813296382,6.246472092298708,0.4795666423092728,161,0.1276595744680851,4.188852973666403,0.01078800526244159,,,,,,,,,False
2021-07-29,470,0.23938507360111405,12.52069543570863,112.51098459252361,46.29483365285604,39.995273502916234,14.379400728194618,12.892557139814864,9.170694008294419,7.999928262615207,7.559603940654819,6.773352193488803,6.268921567010795,0.4810064885453305,156,0.1276595744680851,4.151986349349517,0.019244204509368052,,,,,,,,,False
2021-07-30,470,0.2386414483121045,12.588251096279663,112.16148070668908,46.3411599076693,39.686471846404785,14.574208505130521,12.82647320479307,9.216049114297537,7.8510579507755045,7.487740600895284,6.809742772225775,6.302171459411124,0.47997828546954646,155,0.13617021276595745,4.126453410110105,0.00620605180783015,0.01867692044687699,94.60594242173892,82.23765585332448,0.01788386839244093,95.19461231153693,82.82711879517693,0.9983929160710389,0.0016070839289611394,False
2021-08-02,470,0.2390548176799697,12.549383042616098,112.35576430958577,46.468376101842466,39.71183867998814,14.499495560322348,12.782361916459415,9.187883007159769,7.94513770500485,7.536807294103178,6.819431174766256,6.287704738525084,0.480463482059996,154,0.1425531914893617,4.105493125685538,0.008737467676813502,,,,,,,,,False
2021-08-03,470,0.24022920392158217,12.463257407414977,112.90772584314362,46.391959009284804,39.767962925194674,14.455413886868365,13.019209392542548,9.194220888376634,7.860661180000377,7.522375419695981,6.881730731044117,6.279896333964597,0.4820048320362426,154,0.13404255319148936,4.137373189803487,0.009753663294469899,,,,,,,,,False
2021-08-04,470,0.2435348719320512,12.214837845989646,114.46138980806407,46.57864674852903,39.84173257110612,14.327753127415766,12.946680481774857,8.952536141249507,8.212738273152489,7.514847295584051,6.87052361421018,6.333191084641964,0.4854387292274252,152,0.13617021276595745,4.1141757347797,0.009200199609853469,,,,,,,,,False
2021-08-05,470,0.2431820093459899,12.248746062911383,114.29554439261523,46.65521588653144,39.39173227014435,14.416188961681069,13.342995553933385,9.01605544515419,8.157285270716422,7.613283905952153,6.904562936110382,6.378631943446404,0.4853227171593734,146,0.13404255319148936,4.020504813884945,0.01853649684707163,,,,,,,,,False
2021-08-06,470,0.2443784151518581,12.184929719944488,114.85785512137326,46.55843398193358,39.04415964117687,14.563209569820867,13.434370188776171,9.003640331913445,8.069424314447126,7.630232998186117,6.767728030721291,6.412732080197492,0.4860809117086826,147,0.1425531914893617,4.022483841509355,0.018908497028535136,0.018724610287810042,95.0380737092473,83.07879779416686,0.01886318020371075,94.56440149334523,82.60498700834889,0.9987574220571769,0.0012425779428231198,False
2021-08-09,470,0.24508814788036348,12.130955798057325,115.19142950377088,46.60004003471593,39.08551126019907,14.53310187768356,13.352345212339275,9.19437909269044,8.087373225272891,7.645549224001759,6.797507230901639,6.3861947664436265,0.4867285699759758,148,0.13829787234042554,4.051581237078084,0.01542439776799891,,,,,,,,,False
2021-08-10,470,0.24468515435009328,12.122245453916484,115.00202254454382,47.483844943693505,38.74526717750673,14.457521229687568,13.547926339974918,9.363009026634952,8.114605091077374,7.6016436391156095,6.700663063528899,6.234109972526393,0.4877374090115033,150,0.1425531914893617,4.048001196513022,0.018708887175066916,,,,,,,,,False
2021-08-11,470,0.24682156248704276,12.03602374408407,116.0061343689101,47.312589562800426,37.60040630922453,14.527682208851468,13.386582198061216,9.464549407342613,8.153307856373447,7.639392229874204,6.723665300828333,6.132638741864453,0.4868795630805271,151,0.13404255319148936,4.061032132846878,0.019879326770403303,,,,,,,,,False
2021-08-12,470,0.24980557399502498,11.926075042563639,117.4086197776617,45.26757559505301,38.03859486558315,14.621333552092247,13.436104032974209,9.267040926212264,7.869508025798798,7.418085984412457,6.784980052037794,6.138955907326842,0.48674942090077533,156,0.13617021276595745,4.114502539602748,0.015088690287165994,,,,,,,,,False
2021-08-13,470,0.2505364929308611,11.862420657462811,117.75215167750471,45.23899562685656,38.42782490104472,14.524635748409466,13.300204081232163,9.188694180524315,7.857260839263531,7.565518666801116,6.79818502435513,6.188854940133725,0.48775279156393114,156,0.14468085106382977,4.04606106224106,0.012920201424488499,0.019093456215524336,95.43040904461742,83.79943142386995,0.0186130399627981,94.02936504145339,82.39886783695864,0.9990837827523101,0.0009162172476898656,False
2021-08-16,470,0.24891042936019586,11.94403990059898,116.98790179929208,45.73058867593282,38.34662249484434,14.878520458374547,13.527726154533623,9.201063632870689,7.935052197641843,7.4459032949341175,6.800373297861569,6.189650203374075,0.48823693528293055,154,0.125531914893617,4.076853091774552,0.020786644286167943,,,,,,,,,False
2021-08-17,470,0.24135199961158307,12.416845355304327,113.43543981744406,46.055697007773865,38.987352103011425,15.272868905404122,13.802214558782955,9.310240509797339,8.0343441133412,7.604701020068683,6.9048341046333075,6.286397205317103,0.48415653700514133,159,0.12978723404255318,4.155539258846379,0.019080887356530418,,,,,,,,,False
2021-08-18,470,0.24240367888658126,12.352391480571644,113.92972907669315,46.292828836505045,38.46544977970957,15.107555421877397,14.261538383089123,9.3442490911244,7.975400214578926,7.380011114710447,6.5988793305038485,6.281359981564815,0.4852278755273923,154,0.13404255319148936,4.076733079403799,0.013636982261942567,,,,,,,,,False
2021-08-19,470,0.23428437950870332,12.832592119705742,110.11365836909059,47.67457236688022,39.05754735660672,15.324428077439363,14.219750555300651,9.438818866913525,7.667930634807009,7.370743207320181,6.550003982755013,6.348349522226055,0.48168075899003715,152,0.13404255319148936,4.062858625678632,0.013010933176064964,,,,,,,,,False
2021-08-20,470,0.23529464512510953,12.759307726641609,110.58848320880148,47.51812155681102,39.11271422977979,15.359281037508826,14.32589846117619,9.524712786003192,7.797938373181729,7.3683088127332965,6.508580360524181,6.348731311139205,0.4827755287108028,155,0.15531914893617021,4.046518504089467,0.01365512861225786,0.01889458048074576,94.97900681625602,82.43609915425877,0.01936991073290724,94.13321182727186,81.58982883502246,0.9968991824147414,0.0031008175852585973,False
2021-08-23,470,0.23726192057308756,12.721032280195793,111.51310266935113,44.56095019872468,40.48532472198634,15.444191025819853,14.38317970314101,9.614332374003649,7.716574328225144,7.435242934343623,6.580851326112032,6.435565896645759,0.4816739325936661,150,0.13404255319148936,4.04974500442086,0.011532005625368599,,,,,,,,,False
2021-08-24,470,0.23614652485931487,12.800288176946458,110.988866683878,44.793675431317354,40.585183905095384,14.702008152802104,14.188896533149787,9.746678741335451,7.790784446233435,7.360973409813124,6.632957707633634,6.5174749769757705,0.4792736823537077,157,0.1127659574468085,4.161412899740241,0.014090641019824887,,,,,,,,,False
2021-08-25,470,0.22904107914042235,13.299424367675451,107.64930719599849,45.19235192119911,40.95913701077067,14.807232172050433,13.930296760303102,10.021365107142497,7.952311788605709,7.395453807012164,6.776562854485963,6.562651184455994,0.47348579800068474,161,0.1148936170212766,4.160047167795261,0.01378215306446491,,,,,,,,,False
2021-08-26,470,0.23236828336929563,13.158593735265685,109.21309318356893,45.704918672485235,38.359760731658284,14.95145788708762,13.725655439520748,9.892404693783359,8.033240608022528,7.505951382459548,6.848182878461143,6.391232821668483,0.47224443811557626,161,0.12978723404255318,4.19508799713816,0.019325863085786873,,,,,,,,,False
2021-08-27,470,0.23839255145967317,12.870659345891674,112.04449918604638,45.27842762369469,35.44155101721335,14.97885824550726,13.793241197270948,9.763335620787046,8.10295485103871,7.513997183755402,6.900586719762344,6.374389753991231,0.47135441972283537,164,0.13617021276595745,4.178684828771864,0.0219117180057161,0.017946887142613648,95.19738505093328,82.54717136935867,0.019325274282260566,93.98333405330911,81.33174198459484,0.9957699726087218,0.004230027391278202,False
2021-08-30,470,0.2366396743824367,12.970881426675279,111.22064695974521,46.07105883183301,35.08400848158441,14.994798804666267,13.800608403926933,9.812290144969673,8.160624151855814,7.596583606980582,6.877285917709378,6.40717854961092,0.4705768542165019,161,0.12978723404255318,4.182209659864917,0.0221657669101302,,,,,,,,,False
2021-08-31,470,0.23696939834953862,12.978727589331324,111.37561722428313,46.43336230305212,33.75081234566562,15.211524569716765,13.84582212267334,9.900726837533863,8.271291625316003,7.557585953568545,6.908594559772645,6.36436633025827,0.46939816716040644,163,0.13404255319148936,4.163745753986808,0.019525472939255092,,,,,,,,,False
2021-09-01,470,0.23649628707427395,13.018533183820713,111.15325492490874,46.78112890542411,33.103622674688594,15.464474557914379,13.699834961740699,9.91968364425831,8.323333832782378,7.529047761114233,6.954102056725517,6.41210254687425,0.4685155660099501,164,0.13404255319148936,4.16676234006834,0.016939618019325864,,,,,,,,,False
2021-09-02,470,0.23695971509510388,13.001956346813436,111.37106609469882,46.30098570071137,33.26658843625657,15.49177246130202,13.896819949569617,9.9182429212455,8.407998573051128,7.703345329528169,7.030749514559103,6.4046254106437095,0.4687813460479541,165,0.12978723404255318,4.1609051925608656,0.010307126979086331,,,,,,,,,False
2021-09-03,470,0.23659986625484644,13.024082358725964,111.20193713977781,46.22668941992889,33.43453322299212,15.58062635530475,13.925534745161087,9.939460098745947,8.454196089508919,7.634693252187439,6.97113386681026,6.435277280127382,0.468870895496095,164,0.12978723404255318,4.177066670210278,0.008546930998502926,0.018500629868066738,95.66373376711601,82.85775064477683,0.018818309568709505,94.17381889730402,81.36751809526419,0.9990903749168275,0.0009096250831724939,False
2021-09-07,470,0.23884053280924322,12.841186040615591,112.25505042034433,46.46119674571516,33.40840509933841,15.445966395035946,13.903594878836062,9.896787161852025,8.306160043841075,7.660149395907295,7.006426662018702,6.35802514267501,0.4712217309346168,163,0.14680851063829786,4.141493017271067,0.020659619833960894,,,,,,,,,False
2021-09-08,470,0.2369071184596941,12.97794239833893,111.34634567605622,47.83946275763344,31.894429058675428,15.32804134579402,13.331366257806657,10.003159949148486,8.322701400181348,7.615642311029994,6.774354682496978,6.424075494862884,0.46753115977865056,163,0.11702127659574468,4.185576027746854,0.018908497028535136,,,,,,,,,False
2021-09-09,470,0.2386078604620205,12.79097819703372,112.14569441714966,48.884324795704885,31.820688411619315,15.374522746201517,13.062593646600273,9.632247986431398,7.820788963372801,7.758354117491164,6.685860874942779,6.340802719832225,0.4708251574835651,165,0.12127659574468085,4.164115850017819,0.02018781472576328,,,,,,,,,False
2021-09-10,470,0.2409743556213531,12.653184485738878,113.25794714203593,48.578472567812426,31.39969009869734,15.454959876047255,12.878164725093093,9.640233758005149,7.823892090300971,7.6529918205315886,6.547257552585748,6.318224051626075,0.4714239029993321,164,0.11914893617021277,4.162520347320509,0.019099033706845712,,,,,,,,,False
2021-09-13,470,0.2363212316059655,13.029570667590466,111.0709788548038,48.10116733889866,31.55957186111136,15.686495874448845,12.9986665837001,9.673364348266094,7.787698083526406,7.69665576638096,6.516814316836851,6.421965111965116,0.466844426623325,171,0.14893617021276595,4.171423608862931,0.01545161729347185,0.01786904116434871,95.7529871611299,82.94186868398104,0.018126662438194364,94.85997832592774,82.04860222750506,0.9952121619773866,0.0047878380226134,False
2021-09-14,470,0.23907132877922307,12.847279585540102,112.36352452623484,48.1041802745994,31.04340380614631,15.656931383758156,13.001514776855977,8.754031138617663,7.746553159250058,7.709343349612947,6.547652213994178,6.426518041049725,0.46844586120764825,172,0.13829787234042554,4.195406240200974,0.021784693553509052,,,,,,,,,False
2021-09-15,470,0.23738964114009423,12.974314119422857,111.5731313358443,48.359639485453016,30.711282201711235,15.704578547957972,13.104917404792584,8.694243711348662,7.7818256628300615,7.477685659788458,6.54938036767559,6.474976183839382,0.4669224446292746,173,0.13617021276595745,4.205261904092676,0.016159324955768273,,,,,,,,,False
2021-09-16,470,0.23119181160040447,13.435220154294962,108.66015145219009,48.62710453782955,31.205552882626243,15.674588031959743,12.46355476613118,8.829847421064919,7.781715553775334,7.6175660955700195,6.668473613495054,6.4398335674026725,0.46091691844837623,177,0.10851063829787234,4.292446353082715,0.008392687020822936,,,,,,,,,False
2021-09-17,470,0.2320268149056966,13.426039529299066,109.05260300567738,48.20309626157139,30.655957066202944,15.65414980798441,12.370015892547599,8.87404682935927,7.787617879086497,7.374047692909736,6.776052695989448,6.4929260805879645,0.459437919221242,178,0.11063829787234042,4.301048011581026,0.009535907090686385,,,,,,,,,False
2021-09-20,470,0.23769631180730239,13.061583043736958,111.71726654943211,47.0972652593845,30.690129915727212,15.686729064108302,11.456019741827468,8.823328839790605,7.801206780644668,7.152082563995541,6.74676516101647,6.441111111334084,0.4609519372988927,178,0.10425531914893617,4.261455260996918,0.01642244703534002,0.018286748832272364,95.3633542437157,82.52118076295378,0.01824267830576895,95.10675126376414,82.26462185352871,0.9978099876062841,0.0021900123937158567,False
2021-09-21,470,0.2384333551110054,13.027939886179453,112.06367690217255,47.29255566782419,29.76442708245267,15.757966969448972,11.446632435831287,8.911420994041585,7.481633990822633,7.185643125257065,6.783177130666226,6.480403065558252,0.46026650863346735,181,0.13191489361702127,4.272276869509705,0.010053078074672232,,,,,,,,,False
2021-09-22,470,0.2383629086505025,13.031122855039094,112.0305670657362,47.64963452211866,29.370228865847707,15.574505658593306,11.428337558393036,8.945872299585137,7.2882020169078645,7.258681987154673,6.739469064480584,6.470579717497712,0.4596878163206147,174,0.1,4.279047774565274,0.013564396860681395,,,,,,,,,False
2021-09-23,470,0.2410401382629411,12.850030186440243,113.28886498358233,47.43400232459092,29.273568188437714,15.113033511555155,11.350258776229012,8.915071702814963,7.412977958311269,7.224168739215253,6.74886460614877,6.465019124325939,0.4605526123072236,174,0.10638297872340426,4.27256120946058,0.012248786462822665,,,,,,,,,False
2021-09-24,470,0.2413338374091792,12.820578946450567,113.42690358231422,47.53356824016896,29.318459270273536,14.997897380922725,11.273292211195141,8.93788518156363,7.560353908325947,7.273767938660286,6.686805278212379,6.522348712083828,0.4607449376273928,174,0.1127659574468085,4.255406752250092,0.012121762010615615,,,,,,,,,False
2021-09-27,470,0.23970865895747587,12.768152764284565,112.6630697100137,50.077388315107115,29.592170644892704,14.78218502888988,11.134425231373271,9.018464991175918,7.460589654896445,7.114096737076879,6.559136872543542,6.5274125267782726,0.4643600828303757,176,0.1148936170212766,4.270840524955798,0.009563126616159325,0.018394424787337847,94.98581065743146,82.43897212731703,0.01845790995301929,94.10718372780414,81.56028171252403,0.9982580985064367,0.001741901493563347,False
2021-09-28,470,0.24414868153544853,12.415045157388558,114.74988032166081,50.405648737990916,29.57359954210343,14.813239393077474,11.128875148742257,8.931528965542103,7.4855062386197435,7.122229002092992,6.516676589584325,6.42179663167684,0.46951328328420194,175,0.125531914893617,4.2460172135996075,0.011169078619062741,,,,,,,,,False
2021-09-29,470,0.24402985444318828,12.385725584669977,114.69403158829849,50.87949976021146,29.975681468312374,14.45116118865883,11.083792724100388,8.649702082365007,7.502860466888755,7.084060651115317,6.586834414684543,6.468973112167322,0.4703918441054926,170,0.125531914893617,4.185227753278853,0.011795127704940345,,,,,,,,,False
2021-09-30,470,0.24796169153091493,12.108274842756277,116.54199501953002,50.859654473526874,30.011017329175125,14.37634401334686,10.929847092478433,8.558568567135975,7.468209592698664,7.05204422108957,6.538167300362149,6.368728778178145,0.4738699104852283,168,0.15319148936170213,4.110549857006429,0.017837862359932857,,,,,,,,,False
2021-10-01,470,0.25106266797767507,11.926163510823027,117.99945394950726,50.420528306744515,29.90965804643877,14.210056293211903,10.736600594382072,8.493483180435064,7.42297140412894,7.246600188979332,6.49027601464219,6.307088802662167,0.4750559514686905,166,0.1595744680851064,4.090309590746131,0.016431520210497663,,,,,,,,,False
2021-10-04,470,0.2504271853656053,11.960955295365757,117.70077712183448,49.71880959187733,31.201456032236187,14.65220595442625,10.705462564561003,8.389681951123436,7.46350876614614,7.151047266288843,6.47916880291744,6.248788672892238,0.47655044949986236,162,0.13404255319148936,4.135282538103764,0.012711518395862632,0.019006858456987408,94.37800313372124,82.64846816526409,0.01882511641110337,94.52544092765473,82.79608770124348,0.9986406835883421,0.0013593164116578738,False
2021-10-05,470,0.25017740927889753,12.035641493771175,117.58338236108187,48.438832113019046,31.42024148314657,15.369182979792694,10.606409812946858,8.393206976753039,7.549821561396831,7.155440836123145,6.536962518808597,6.315326972177294,0.47535755053188716,166,0.13829787234042554,4.161331560447135,0.006723222791815996,,,,,,,,,False
2021-10-06,470,0.24979356025488886,12.035931525816531,117.40297331979775,48.983788223224295,31.30571796583442,15.249860910555842,10.616214521400511,8.361852627719099,7.522156068907754,7.125834856824677,6.615695188440698,6.301575933667448,0.4756564998740699,168,0.13829787234042554,4.1641574580270095,0.014898153608855418,,,,,,,,,False
2021-10-07,470,0.2504893860307776,12.001388816513755,117.73001143446547,48.80076186820585,31.228887878948328,15.251865870134875,10.640491086378745,8.329815680636436,7.509368402236575,7.034237654585088,6.6115554041895095,6.276047944348748,0.4758553577407091,167,0.13191489361702127,4.16600729330632,0.02031483917797033,,,,,,,,,False
2021-10-08,470,0.25034574734342757,12.077127485124793,117.66250125141096,47.747610093397824,31.02003036482396,15.33767339998073,10.65180073907025,8.394709619968737,7.645269265929967,7.133662531743277,6.672126176749462,6.229183319582747,0.47323322520996536,165,0.12978723404255318,4.162267776621579,0.022791815996007804,,,,,,,,,False
2021-10-11,470,0.24819903730215997,12.209576593838245,116.65354753201518,48.003893379917926,31.11007048401246,15.425986295168581,10.686891615648296,8.449670199465547,7.739837755028427,7.131017439736433,6.735167305253754,6.232380836280344,0.47208593469523924,169,0.12127659574468085,4.234248953331358,0.010543029533185137,0.018429732149805887,95.19757821549712,83.21777092681123,0.018938802122497257,94.03419190146015,82.05387554280156,0.9994316733906781,0.0005683266093219341,False
2021-10-12,470,0.2471530428419865,12.270821116875366,116.16193013573366,48.1189078170101,31.204544409784553,15.764860590165693,10.659880523568756,8.380595379183578,7.759002753166136,7.087747033087616,6.543871774878627,6.277653336695965,0.4721491988856654,169,0.12127659574468085,4.236142885850745,0.007285759651590074,,,,,,,,,False
2021-10-13,470,0.24515316598448014,12.400103340350244,115.22198801270568,48.544521006613635,30.945419689728936,15.727879329207795,10.676830394642778,8.416205735091218,7.816984284917574,7.114592045496073,6.563324108224248,6.32415291696133,0.4704609328359549,170,0.125531914893617,4.247202969638725,0.006287710384248968,,,,,,,,,False
2021-10-14,470,0.25022480142512,12.06865254615709,117.60565666980636,48.502693140304885,30.166511437204818,15.662860014682593,10.642125351671709,8.340399968731301,7.71410412105196,7.0544651930179985,6.489257546039091,6.2955363905042,0.4735741417312137,169,0.1276595744680851,4.212644099000567,0.007948101438098263,,,,,,,,,False
2021-10-15,470,0.2503230013153496,12.070114675387899,117.65181061821428,48.269829671385295,30.22266083509969,15.749131018611386,10.667791733128325,8.529576986762212,7.771373370990135,7.077761757481154,6.487091938267672,6.296508708500262,0.47353451888604053,168,0.12340425531914893,4.207807994252724,0.00901873610670054,,,,,,,,,False
2021-10-18,470,0.2514713628482009,11.991316663316672,118.19154053865441,48.0054382851378,30.561112239949125,15.737576874474222,10.693858148239826,8.440845424944218,7.879966614325543,7.113862765237499,6.528706491270448,6.31822109412179,0.47487133209884125,165,0.12978723404255318,4.159535437477388,0.010016785374041645,0.01842796060542242,95.99073307480758,84.2324598137337,0.017826387163375555,94.5826686669386,82.82499697930676,0.9991071663574557,0.0008928336425443328,False
2021-10-19,470,0.25222051089824027,11.931102074482087,118.54364012217292,48.1137933687189,30.559634045114116,15.826753018028104,10.76499700176662,8.478749133897466,7.972695095876876,7.159404832978275,6.570952365769864,6.1639977904777385,0.4761889735229802,165,0.12978723404255318,4.166379137849903,0.010452297781608675,,,,,,,,,False
2021-10-20,470,0.2524224358551264,11.917563273395867,118.63854485190942,48.09317804226849,30.651367992178464,15.602160688194406,10.776041690355537,8.48639865680127,8.017092846126623,7.28554055788495,6.576224656664801,6.327249252009231,0.47608785801043896,165,0.12978723404255318,4.1468667812247855,0.009672004718051082,,,,,,,,,False
2021-10-21,470,0.25139626458906117,11.994463495237985,118.15624435685874,48.38393761526329,30.114894003298893,15.542985025007848,10.676059539707637,8.513827437392749,8.025656507516967,7.286082878331031,6.474595084866405,6.251835221348742,0.47420025646837544,167,0.12978723404255318,4.180391574392651,0.0058249784512090005,,,,,,,,,False
2021-10-22,470,0.2520165111710412,11.972034532778952,118.44776025038936,48.506212112539075,29.56708229680197,15.060020056035672,10.64323955486633,8.588541347949505,7.700851757608215,7.285643510634485,6.531731414017067,6.207612395323273,0.4728176899375157,166,0.1276595744680851,4.17310844975292,0.008120491766093545,,,,,,,,,False
2021-10-25,470,0.25374715745757376,11.870004707241993,119.26116400505967,48.26295966654676,29.728708643914686,14.40095216125389,10.420626517606767,8.651717776100316,7.777889821651927,7.301666327125023,6.575212518561943,6.199823007550571,0.47249874679655696,166,0.1276595744680851,4.183927261451087,0.0039649775438914845,0.018355475679105667,95.11554568141008,83.48093265594656,0.018528347844115573,94.10022796565572,82.46544206802719,0.9989820930477636,0.0010179069522363582,False
2021-10-26,470,0.25309208868018135,11.914992679480871,118.95328167968523,48.40483042689527,29.50700492750454,14.470258821510953,10.485820042789012,8.569001355058322,7.652639124934091,7.244255744668244,6.560409436132656,6.262122406718279,0.4719599912731596,169,0.12340425531914893,4.197703973864661,0.010597468584131017,,,,,,,,,False
2021-10-27,470,0.2533267284280664,11.930951056210919,119.06356236119117,48.04563578926978,29.089963377678842,14.385586337336594,10.665177919217527,8.368570738837427,7.716299048849568,7.159268650811576,6.6521819828932225,6.342936358731994,0.4707445229461575,157,0.12978723404255318,4.113756007380246,0.011813274055255637,,,,,,,,,False
2021-10-28,470,0.2538159441617667,11.965848521738563,119.29349375603033,48.260052738329364,26.36791248871392,14.124060681092026,10.665241434473085,9.266876632330838,7.606899134577907,7.202961217294489,6.67856144626007,6.552190409144753,0.4653420448907209,164,0.125531914893617,4.190395615463421,0.011659030077575648,,,,,,,,,False
2021-10-29,470,0.2507716768649662,12.191933435631258,117.8626881265341,48.035234225750614,26.378253918420164,14.369453295705485,10.639694044104779,9.286159178854206,7.513755186599982,7.223548952584158,6.676298133041044,6.5241144256370145,0.46230919917130886,168,0.1276595744680851,4.213847676906121,0.008683028625867622,,,,,,,,,False
2021-11-01,470,0.24023235280512814,13.000628012316135,112.90920581841021,47.51448145514442,26.59651737340399,14.963226859341834,10.449675438212203,9.524972779784362,8.289986073104984,7.3358801617222245,6.768928802588291,6.598559699019553,0.4519853339244951,177,0.125531914893617,4.283473501470624,0.010388785555505148,0.01821164435073905,95.32557464967526,82.54696734581351,0.018747225806039672,95.07413171475606,82.294988829439,0.9946748143433352,0.005325185656664844,False
2021-11-02,470,0.2358786425311985,13.394912692410395,110.86296198966329,46.8639997879324,26.569791517813336,14.938523705014525,10.366920825699744,9.33040130409176,8.563017694634183,7.423965823564934,6.790826681561187,6.564711038791206,0.4459621230343049,183,0.20212765957446807,4.2595642005594225,0.045456607539808555,,,,,,,,,False
2021-11-03,470,0.23046932338340922,13.860651381083054,108.32058199020236,46.83913561353792,26.17228386489603,14.559070772845812,10.843133685643469,9.495659207823431,8.945853749795043,7.451084020254175,6.914189656350075,6.633505000252251,0.43986001261090546,182,0.1702127659574468,4.34466070296371,0.031066551739781338,,,,,,,,,False
2021-11-04,470,0.2287763920203831,14.047688329633042,107.52490424958003,46.03092891700058,26.71391107963322,14.455254260082153,10.795060681847811,9.201005115644211,8.756163016614703,7.579126360513817,7.131950005703641,6.8469328405180425,0.4372767216769018,183,0.15531914893617021,4.375487008964966,0.029469672912035567,,,,,,,,,False
2021-11-05,470,0.22801132231022722,14.121043086229985,107.1653214858068,45.79000760013136,26.724594186347687,14.556526655846543,10.885338566417623,9.226167794597899,9.021561936392748,7.946351814336602,7.079741767449296,6.923695966258854,0.43642933722244676,181,0.16808510638297872,4.3249347384876184,0.029469672912035567,,,,,,,,,False
2021-11-08,470,0.22699761694820086,14.204981077232357,106.6888799656544,45.78506606956532,26.749242070366776,14.631033989206012,10.810189972278664,9.386663456443486,8.975960678144682,7.950123297693576,7.2732889956800175,6.91408274461836,0.4354561958873855,184,0.16808510638297872,4.345479879934941,0.028471623644694462,0.018349842277832554,95.01325743904458,81.01692413648259,0.01878348335073608,93.7866583906606,79.78989144702571,0.9973992508978723,0.0026007491021277085,False
2021-11-09,470,0.226214071954512,14.343135961287787,106.32061381862064,45.0547354728358,26.59009813771287,14.405569628427598,10.720184852599118,9.492077665917378,8.893306664006587,8.13452000336111,7.294289133465413,6.938245690293662,0.43210894023445967,186,0.16808510638297872,4.360647424132055,0.029143038606360295,,,,,,,,,False
2021-11-10,470,0.22599155110408625,14.334426866886565,106.21602901892052,44.86961728315771,27.526585169520857,14.485356555561639,10.658768332510526,9.554869728959705,8.868093768362236,8.185782687188095,7.23304142261616,6.9144583858925115,0.4335241624673857,183,0.1723404255319149,4.317472182360962,0.009617565667105204,,,,,,,,,False
2021-11-11,470,0.2243668461649557,14.476708651930435,105.45241769752917,45.00925475000247,27.38657174845531,14.157801474220332,11.211567083399554,9.531910949952314,8.98956845286226,8.15316038120475,7.132847896582793,6.904830335433165,0.4323778994757592,184,0.17446808510638298,4.333665242071727,0.00995327314793812,,,,,,,,,False
2021-11-12,470,0.2232836145828938,14.552921241088612,104.94329885396007,45.23678666555284,27.52685533280198,14.247892570881058,11.147074572692755,9.401422985470605,8.975442689739618,8.156791705603617,7.109602922983851,6.885684500631845,0.4321317191401888,184,0.17446808510638298,4.333766584578976,0.0030667332032844894,,,,,,,,,False
2021-11-15,470,0.22267482003537836,14.636333964012412,104.6571654166278,44.78595749664737,27.801702964706216,14.191147476553677,11.09366482417676,9.358674768631206,8.950495478701287,8.187171436017636,7.083415965797507,6.907399123171458,0.43091412378449334,186,0.08936170212765958,4.469388976284406,0.016703715465227056,0.018775678812797753,95.47405869105432,81.0416238682645,0.018894945333808328,94.91395047935409,80.48139639004324,0.999493792631709,0.0005062073682909896,False
2021-11-16,470,0.22249973703526363,14.651357485052733,104.57487640657388,44.42138926915759,28.4864474837495,14.187622281272734,11.089517953337221,9.272810191076516,8.932186293328407,8.127336823988056,7.098909377103475,6.8991204617192015,0.4314039433916829,181,0.17659574468085107,4.321582976981645,0.005180783015016105,,,,,,,,,False
2021-11-17,470,0.22240609260709737,14.676953079173824,104.53086352533575,44.2091051117246,28.537731782606954,14.1135992219121,11.022298116711433,9.381695858776652,8.930364456099117,8.097096516087,7.149493928833112,6.8467897738313725,0.43066722927295925,183,0.1702127659574468,4.365444883928078,0.005679807648686658,,,,,,,,,False
2021-11-18,470,0.2223822857291484,14.734768012489614,104.51967429269973,43.82038685112386,28.148080440718644,13.931018581366153,11.044965420310536,9.460857551207457,8.716758142883128,8.108220427640688,7.153055546581057,6.9533732342709955,0.4286470757153595,188,0.16595744680851063,4.41760773370607,0.008592296874291158,,,,,,,,,False
2021-11-19,470,0.2240144568602924,14.611145787114072,105.2867947243374,43.76285711012153,27.799002921535234,13.773521198763255,10.973188171878945,9.358972186983081,8.695794185623818,7.808328417637526,7.461734836635632,6.910817247026938,0.4289263066524178,187,0.16595744680851063,4.41664203295154,0.006741369142131289,,,,,,,,,False
2021-11-22,470,0.22334157591058582,14.617411389775523,104.97054067797532,43.74045900087913,28.916919979294917,14.080434684647171,10.876249326487795,9.385091246211541,8.648331441420186,7.786578996429177,7.490365325864491,6.840777761852043,0.4310310716367753,186,0.1702127659574468,4.405932652840266,0.019879326770403303,0.018517569161864304,94.39905291749254,79.98646553446574,0.018861456391411555,94.27366890292026,79.86073763266391,0.9993707308492371,0.00062926915076289,False
2021-11-23,470,0.2235067276779612,14.621251628997166,105.04816200864178,43.481524260043855,28.88883851229575,14.067478292687309,10.895702162112954,9.532757245548558,8.505529298437068,7.860565303178706,7.597937039576366,6.82576511157435,0.4305993728420886,185,0.1702127659574468,4.4093259300254655,0.006414734836456017,,,,,,,,,False
2021-11-24,470,0.2236199273956363,14.615004123455599,105.10136587594903,43.51737930947918,28.85571616737581,13.785112159959503,10.768794086820407,9.69385872035819,8.566807071184368,7.8932656420250025,7.5948269924366265,6.74793324777437,0.4298475906374127,187,0.17659574468085107,4.387258218619266,0.005942929728258404,,,,,,,,,False
2021-11-26,470,0.2404770962640453,13.25916752042669,113.02423524410128,42.30780584808613,28.332953970960688,13.807651245600113,10.636546153118154,9.402144395742694,8.302068531537515,7.8308725726713995,7.348946977928323,6.564045482998772,0.44278551587631143,185,0.1723404255319149,4.376648970570598,0.0054166855691149115,,,,,,,,,False
2021-11-29,470,0.24031804076560498,13.24292538767602,112.94947915983434,42.67722535899219,28.552901542518576,13.684014602088206,10.657260814870668,9.18240056010709,8.329195298994568,7.944116533391188,7.433455954194679,6.626905533503178,0.4436614499538382,185,0.16595744680851063,4.368177693905958,0.02459737785237944,,,,,,,,,False
2021-11-30,470,0.2537886122119737,12.245442182670361,119.2806477396276,42.60450239755308,27.655602471869052,13.463943758696978,10.38544976791729,8.740140705416843,8.191450478463684,7.549406986542982,7.359010893247181,6.4781999929477445,0.45402158752268945,174,0.1702127659574468,4.28620256328358,0.026021866352129927,0.018573274665450844,95.74254599172869,83.73231914660485,0.018663620684485592,94.78378447719551,82.77346728605264,0.9943895468688159,0.005610453131184134,False
2021-12-01,470,0.2557356582353935,12.124747095023519,120.19575937063493,42.181666281710704,27.551501204872253,13.739280852455767,10.331468921889048,8.753689573115377,8.103848328611992,7.458454224044295,7.2806652744410805,6.480350363086777,0.45531846091821865,176,0.1829787234042553,4.277366534964734,0.02259220614253958,,,,,,,,,False
2021-12-02,470,0.2668073267528365,11.404705726960938,125.39944357383322,41.35272233929814,27.074043777396895,13.490698256709573,10.104798479184328,8.73728877159775,8.05015090389697,7.329053511888962,7.233075378962337,6.48740520798534,0.4625993753753661,170,0.18936170212765957,4.16291654847361,0.031075624914938982,,,,,,,,,False
2021-12-03,470,0.26624974032595866,11.434103390603754,125.13737795320057,41.23356387763984,27.48757338668603,13.622561345810919,9.89062964857127,8.925968187827905,8.02928349983933,7.6262237153799255,7.164730105325331,6.489624132487744,0.46249299194023114,175,0.20425531914893616,4.194149102480704,0.03333484552919294,,,,,,,,,False
2021-12-06,470,0.2697364175570565,11.232022444958147,126.77611625181655,40.442573825505974,27.59118115787573,13.59432877151663,9.799097249594695,8.91064894947063,8.21513891642848,7.58817407857692,7.054471102920669,6.440805760731511,0.46426233458789273,173,0.2148936170212766,4.189863177976334,0.023091230776210135,,,,,,,,,False
2021-12-07,470,0.27316802616243185,11.051171626284232,128.38897229634296,38.95662320915342,28.368979096318803,13.297692616263152,9.715064013074418,8.855980980087793,7.988734984673679,7.587212997858907,7.133192838127504,6.524287917507488,0.46537730049181436,170,0.22127659574468084,4.132533022508539,0.025314158689833506,0.01856376311779795,94.60472444409312,83.80815708085353,0.0185329762435674,94.29585764750885,83.49932107114348,0.997236348384236,0.0027636516157639734,False
2021-12-08,470,0.2665241523434778,11.47183308994888,125.26635160143456,39.21401870420099,28.642378066171904,13.610809924813886,9.7606966632483,8.91677653748847,7.9551126414277835,7.723430465969812,7.261258864691846,6.352483148224279,0.46062607438270137,172,0.20425531914893616,4.191932905448271,0.01360068956131198,,,,,,,,,False
2021-12-09,470,0.2603767853116708,11.876910341361208,122.37708909648524,39.47832632788358,28.858080234406955,13.913776476969982,10.140914685667305,8.832157899562713,7.925392813549599,7.790329938481754,7.392593631234977,6.391055862798607,0.45695358898173,174,0.19361702127659575,4.2305356758501445,0.02295513314884544,,,,,,,,,False
2021-12-10,470,0.2600797244911072,11.90580902983203,122.23747051082037,39.56991462196501,28.496900279479934,13.963613812500448,10.133771577506302,8.807171432091394,8.089549670251287,7.752836541354442,7.347519858247502,6.345558724181511,0.45617376766440876,175,0.19361702127659575,4.234276787865603,0.015315519666107153,,,,,,,,,False
2021-12-13,470,0.2596288162851433,11.89453330764657,122.02554365401735,40.552608924365536,28.52707083654005,13.811756207106757,10.147868832293547,8.726876759050995,7.998216759058782,7.773107972789672,7.301506280096817,6.31171402368367,0.4575847839453686,177,0.18936170212765957,4.240252723548947,0.013210543029533185,,,,,,,,,False
2021-12-14,470,0.25891417856244625,11.935078733545426,121.68966392434976,40.55877603107826,28.839543344348954,13.806262275414802,10.0855066719285,8.692189640829987,8.05335631201534,7.783242259844702,7.2550190655644675,6.349780994403885,0.45740372818536223,172,0.18723404255319148,4.2059523146925475,0.018436691920337523,0.01816268333605785,95.0728324433655,83.37850520504647,0.018632120103432057,95.1742938181163,83.47949714302989,0.998190566325177,0.0018094336748230022,False
2021-12-15,470,0.2602360092448045,11.823896655288,122.31092434505814,40.9606467639309,28.796603094459968,13.694991925040583,10.183585163215394,8.652950054855168,8.041495471185383,7.731735994548856,7.1983865159089895,6.340455121374052,0.45946117296107436,174,0.19148936170212766,4.194720258969433,0.010298053803928685,,,,,,,,,False
2021-12-16,470,0.25866428229366367,11.908737476608682,121.57221267802194,40.500855686515315,30.206104517393204,13.822682210228525,10.161891920752606,8.692114190879082,8.006038973279203,7.838061508765878,7.11517596488577,6.298480235952038,0.46013563194236506,174,0.19574468085106383,4.1909151455291465,0.0072766864764324275,,,,,,,,,False
2021-12-17,470,0.25833714519926765,11.931333760949737,121.4184582436558,40.546718562893396,29.876213058350597,14.42326457917504,10.400602225037897,8.63300098878916,8.159781225934625,7.811610525024002,7.011514395846591,6.261992866622628,0.4609899078066228,170,0.20212765957446807,4.136967737547566,0.014453568026130745,,,,,,,,,False
2021-12-20,470,0.2606487044558181,11.791263963313009,122.5048910942345,40.290970836273594,29.575742744558113,14.315674122938216,10.370208084633102,8.691276798991332,8.180483319116636,7.868983766069218,6.965346615366322,6.187603116393314,0.46182444017582464,168,0.2170212765957447,4.085961099067396,0.01577825159914712,,,,,,,,,False
2021-12-21,470,0.26568531139120377,11.434003523801051,124.87209635386577,40.59840722631746,29.489388155754252,14.339745215797121,10.259345551949323,8.590867501970248,8.120330533832426,7.7677224721842215,6.9185712490361,6.1215092875419845,0.4671467712844339,169,0.21063829787234042,4.134103392830922,0.015560495395363607,0.01817301446948344,95.35604823726241,84.16955701038309,0.018965731167249127,94.4684284665041,83.281144522927,0.9984986648295027,0.001501335170497331,False
2021-12-22,470,0.26653581437752116,11.38504280260232,125.27183275743494,40.45473444194374,29.477185684233394,14.317269502649225,10.233048947983232,8.521788640615796,8.109692894057634,7.699695630691968,6.920220418988984,6.1422202434529005,0.467561853902648,167,0.20851063829787234,4.111786157149074,0.012983713650592024,,,,,,,,,False
2021-12-23,470,0.2668424245001736,11.38394637819773,125.41593951508159,40.179541055666725,29.273358165595038,14.077927019772464,10.26951042338807,8.55638987307767,8.219407493732485,7.734076969977167,6.925858176870559,6.179708715655934,0.4664176088925615,165,0.21914893617021278,4.074055684453984,0.013818445765095496,,,,,,,,,False
2021-12-27,470,0.2697533893780701,11.218459553418063,126.78409300769295,39.51188208319009,29.2604182528871,14.063957567503843,10.232783634724875,8.594368779984103,8.235973377780677,7.7121258460928,6.9222656716704485,6.160342129125414,0.4677726266936145,165,0.22127659574468084,4.052210307973685,0.01135054212221567,,,,,,,,,False
2021-12-28,470,0.26864489165440264,11.27293357051767,126.26309907756925,39.72992230885017,29.6568739022385,13.923204039773086,10.27763133815936,8.494349058392206,8.266376864916603,7.661739961876202,6.930648401295144,6.173580494663026,0.46776751205657524,166,0.22127659574468084,4.0603622632281136,0.008583223699133512,,,,,,,,,False
2021-12-29,470,0.26468889649336486,11.52081916880597,124.40378135188146,40.04784371980648,29.742155941054232,14.050976201461332,10.337113788431822,8.563955992612572,8.351185557752371,7.5951021221493225,6.9550095119767406,6.21491355579415,0.465067810643905,170,0.20212765957446807,4.122154782819704,0.010316200154243978,0.01899794468210043,94.97771340680676,83.70258518981205,0.018562424766661662,94.45654848981233,83.18185579273306,0.9995744787033323,0.0004255212966677302,False
2021-12-30,470,0.26509572378544005,11.489531255201578,124.59499017915681,40.05113580714521,29.750645161263606,14.182109286931787,10.3715734753571,8.705760184409806,8.346777110117937,7.563131685672005,6.926471437424144,6.219242138743493,0.46585202959543515,171,0.19787234042553192,4.141122393754996,0.008483418772399401,,,,,,,,,False
2021-12-31,470,0.26380142851585836,11.564216426374047,123.98667140245342,40.26519245256793,29.828364289080195,14.206775957922634,10.421766365040178,8.740195318589473,8.39297866604564,7.443660383851597,6.960297996773186,6.251504050813251,0.46533780950439224,169,0.2,4.120813527744886,0.014217665472031937,,,,,,,,,False
2022-01-03,470,0.26170962620271326,11.649017552993872,123.00352431527526,41.38496798034923,30.13543641180832,14.14473620577622,10.247625077088543,8.711118699785994,8.43674154962083,7.586246387788677,6.920247785587095,6.366029156018262,0.4657793404048884,169,0.18723404255319148,4.165821290588269,0.015868983350723585,,,,,,,,,False
2022-01-04,470,0.26131480495656134,11.65131891635449,122.81795832958383,41.46961736072358,30.73087151330901,14.187413594936558,10.370866657050584,8.631005950504985,8.456887380653368,7.539005450843677,6.898481074031963,6.288673583772299,0.46718452650128417,168,0.2148936170212766,4.081905311006192,0.010080297600145172,,,,,,,,,False
2022-01-05,470,0.26387274940449745,11.478628107020159,124.02019222011381,40.39417691783568,32.17359794002617,14.133929716488005,10.350410411994641,8.64014724728227,8.309123415568633,7.477778160727789,6.837831392752296,6.266334417668417,0.4703666110775709,165,0.20638297872340425,4.071596494244192,0.018019325863085786,0.018174210198635927,95.05788843683413,83.82495886901984,0.019661449084498097,94.57621327393196,83.3417964672318,0.9995918131888337,0.00040818681116627786,False
2022-01-06,470,0.2554364526875663,12.02794799688367,120.05513276315622,41.16764266964324,32.16788271249733,14.32222338197135,10.286773846757434,8.886026563827745,8.311470546517675,7.546519840310632,7.034010934066828,6.352713393996224,0.46382905398728824,167,0.19361702127659575,4.1505379574721095,0.010152883001406342,,,,,,,,,False
2022-01-07,470,0.24720502025389676,12.539273216487825,116.18635951933146,41.93465922446411,33.48891866525517,14.35633823885427,10.30537902624619,8.987975733432481,8.422201324100767,7.5971006644695525,7.067194490025802,6.515183110589643,0.46015245675351335,171,0.2,4.144539955972249,0.012729664746177925,,,,,,,,,False
2022-01-10,470,0.24589663434129966,12.687523240259278,115.57141814041083,41.26888642501287,33.14694305735523,14.388855965095914,10.525493090851782,8.964398934922158,8.460940275666967,7.608577809247755,7.074213698486692,6.581384126543176,0.45723743974197156,176,0.14042553191489363,4.286703528307966,0.023971328766501838,,,,,,,,,False
2022-01-11,470,0.2463616109826147,12.642545259395982,115.78995716182891,41.005623421469934,33.72478711777917,14.344511886278205,10.553348593332885,8.986270077590401,8.319389088272139,7.556313923520564,7.076389940900635,6.5807114230022865,0.45833665570359383,176,0.15531914893617021,4.269988268705665,0.02862586762237445,,,,,,,,,False
2022-01-12,470,0.24571914636497613,12.729074416695502,115.48799879153876,40.191456062598846,33.830774999589565,14.409625355895155,10.556763384392799,9.157922472350819,8.336664107662049,7.59172261853112,7.0958338839034445,6.593199652834211,0.45633323105109613,175,0.1574468085106383,4.255558912195656,0.029143038606360295,0.0187122316278747,95.09834600215162,82.59627850019322,0.018574745658567475,94.6100473247948,82.10811730880572,0.998581592521789,0.0014184074782109812,False
2022-01-13,470,0.2451736043784619,12.741887280660656,115.23159405787706,39.75231852993862,34.9334119046954,14.48431008051009,10.611250353504715,9.124808219179243,8.400420380181064,7.702180068139571,7.076773532268366,6.546397082378263,0.4574742232479275,175,0.15319148936170213,4.276436388148564,0.02723767182325455,,,,,,,,,False
2022-01-14,470,0.24449656361179695,12.81494871390619,114.91338489754452,39.764868821572236,34.39495528869099,14.348451240390808,10.811042784703556,9.139003300216622,8.44258989724615,8.138022355204708,7.06958926529988,6.531712782445269,0.45581426177213225,174,0.15531914893617021,4.266747408317676,0.027818355033343917,,,,,,,,,False
2022-01-18,470,0.2496689737536766,12.459296013083543,117.34441766422799,39.740786390191595,33.55405019921821,14.23399329296029,10.629898898912021,9.261957716607508,8.348101788592617,8.200702825977125,7.108092021118825,6.440804925074916,0.45851733286278756,170,0.15319148936170213,4.255346569448101,0.010670053985392189,,,,,,,,,False
2022-01-19,470,0.25062952188617105,12.392848362510726,117.79587528650038,39.72596742622533,33.46495733501764,14.051224078335057,10.555612722311277,9.224735239444168,8.613016063892358,8.131191265855685,7.126235420087909,6.58816862890164,0.4587098656348717,169,0.14468085106382977,4.260433499036464,0.011096493217801569,,,,,,,,,False
2022-01-20,470,0.25275458336060247,12.250773492612575,118.79465417948313,39.44432508276032,33.41740904386606,13.990064557184235,10.556924564939052,9.267242425585412,8.773666893321451,8.054726895783897,7.012640835105591,6.520736289748597,0.46000718601751667,168,0.15531914893617021,4.226808015162417,0.010624688109603956,0.01803970562611963,95.83687235689332,83.82081374201523,0.01857846109448677,93.78414551871938,81.76754814837292,0.9989390168646055,0.0010609831353944887,False
2022-01-21,470,0.2555829500918755,12.067109603933414,120.1239865431815,38.933423191730256,33.48293384256878,13.919355877991617,10.524807349744602,9.356338010939357,8.780160174865664,7.969103404335456,6.961426050056454,6.4504202659038405,0.46166916341535474,164,0.15319148936170213,4.224519570400645,0.013310347956267296,,,,,,,,,False
2022-01-24,470,0.2551576000696456,12.089045405900636,119.92407203273348,38.85555766248925,33.75672201418321,13.69620402340572,10.526295718098783,9.335224837662908,9.14426389592946,8.078791611922341,6.925471947145674,6.513628468864203,0.4611890456402349,164,0.1595744680851064,4.198344504472457,0.010198248877194574,,,,,,,,,False
2022-01-25,470,0.2524248607570511,12.225150304255205,118.639684555814,40.47235365551609,33.27222111480983,13.679798152517119,10.567437706196841,9.894014823431707,9.191451316340142,7.992529645877228,6.926221211028859,6.455581741053302,0.4609180748613913,165,0.14680851063829786,4.201887288344243,0.009998639023726353,,,,,,,,,False
2022-01-26,470,0.25182691210361263,12.265248389000803,118.35864868869791,40.59184685837067,33.333506393569365,13.259709375401048,10.539945599051181,9.93561719479887,9.24813787734892,8.107429519991832,6.978103461302494,6.438576743832837,0.45975246152146854,165,0.14893617021276595,4.213971140664139,0.013818445765095496,,,,,,,,,False
2022-01-27,470,0.2509763434500802,12.34498838500272,117.95888142153768,40.106247878874406,33.46868925750119,13.441000205778026,10.586001835054569,9.803665673371393,9.354552543046406,7.933923283148943,6.9761998304185,6.37183611052697,0.45864004382711887,165,0.15319148936170213,4.231281654895583,0.014771129156648369,0.018070818449366612,95.46062907563214,83.34854621563014,0.018739190560506887,94.58965032447374,82.47689909236058,0.997792720509918,0.002207279490082037,False
2022-01-28,470,0.25458854792872304,12.051718387250872,119.65661752649987,41.185967120027,32.92773539739879,13.502484719583947,10.514206976835542,9.568332698490595,9.156988830831635,7.7750585974585835,6.871933897947997,6.439137648527211,0.4633766207241385,161,0.15106382978723404,4.23803958738804,0.012012883908723859,,,,,,,,,False
2022-01-31,470,0.2580880792641677,11.801709781878767,121.30139725415879,40.92339364604176,33.31800711209398,13.351352828821764,10.419397094876032,9.561842792451147,9.143464000493251,7.708195372798269,7.016720824460513,6.7546318126759415,0.46662457007657965,157,0.14680851063829786,4.219161926237817,0.007929955087782969,,,,,,,,,False
2022-02-01,470,0.25692056935309737,11.862404608190147,120.75266759595578,41.338795671027114,33.3749906479971,13.44397077125954,10.428039366020226,9.50281888346439,9.135954421542056,7.6153699100917365,6.877404352173559,6.747014292605637,0.46667758308991425,157,0.14680851063829786,4.204413176287794,0.01231229868892619,,,,,,,,,False
2022-02-02,470,0.25621287235121876,11.908632415766773,120.42005000507282,41.506657980088406,33.21081443257232,13.608922178499903,10.421168930350564,9.568536364977437,9.011135747835255,7.63858630773243,6.952036076868493,6.697559111729964,0.4663140713331574,161,0.14468085106382977,4.2311533230332365,0.008737467676813502,,,,,,,,,False
2022-02-03,470,0.2583899253853463,11.78513156255461,121.44326493111274,40.77919979760292,33.39024402423234,13.460122426458703,10.302216205805035,9.456214416184693,8.935221247644204,7.6960146358858665,7.066494280571734,6.636228233418328,0.46675541996853565,160,0.14468085106382977,4.20812347745334,0.008474345597241755,0.018690235556084393,95.0900154153022,83.54458354257686,0.01842338438320799,94.79898541240532,83.25382039085284,0.9973884421696729,0.0026115578303270714,False
2022-02-04,470,0.25615645624444155,11.940449575561122,120.3935344348875,40.31113716841392,33.94845436911285,13.262799915666163,10.454449086860961,9.5539061497728,9.144226089667711,7.624909924370883,7.086017160362923,6.7700688315676585,0.46461781909562005,161,0.14893617021276595,4.206208342628885,0.008900784829651136,,,,,,,,,False
2022-02-07,470,0.2547759092671649,12.045476069857706,119.74467735556749,40.36696872117239,33.7435435254395,13.405772890500872,10.287771310880265,9.579005568747474,9.171849556251553,7.673260910173619,6.947726716039782,6.773552393301699,0.46286964639055433,160,0.13829787234042554,4.217933183203351,0.00998049267341106,,,,,,,,,False
2022-02-08,470,0.25251907023344605,12.203990218390313,118.68396300971963,40.422516256247704,33.615574837343196,13.323594657376802,10.630012726280906,10.096653011151956,9.300974247655235,7.610195094380115,6.964454925275684,6.855268761967377,0.4610120457169537,161,0.14042553191489363,4.217902874584554,0.011069273692328631,,,,,,,,,False
2022-02-09,470,0.25519732836128195,12.054192317734714,119.94274432980248,39.30786488651984,33.887334901507856,13.339462395338957,10.645218409435657,10.029737854859183,9.208347486638491,7.5725412886884875,6.968194862701591,6.838034862584273,0.46196303175022313,160,0.14042553191489363,4.2167533761508125,0.010479517307081613,,,,,,,,,False
2022-02-10,470,0.25810612312176845,11.830880848659463,121.30987786723117,40.021032191674415,33.600945984568796,13.187378890726363,10.479551875327253,9.915348267003267,9.084904199300194,7.656678129533253,6.878455860579051,6.76107886374815,0.4651038017224,157,0.14680851063829786,4.120509569702332,0.01129610307126979,0.01885619051717841,94.90020675502461,83.30857583896974,0.01876243466558533,94.31064750319374,82.71911034299046,0.9983185560648172,0.0016814439351827692,False
2022-02-11,470,0.25708194054189215,11.900933816339084,120.82851205468933,39.884644700095265,33.68870675780858,13.124959631726828,11.175441872645294,9.880030780326468,9.179401167048544,7.574288487318141,6.895002490080398,6.73266344451043,0.4653239681212027,158,0.0851063829787234,4.194766507939466,0.02277366964569251,,,,,,,,,False
2022-02-14,470,0.25784924036437473,11.875784501462748,121.18914297125613,39.48616391464288,33.394099555793844,13.112622351275053,11.310130765569394,9.865209513399655,9.20381602819116,7.566829762552274,6.903038462702699,6.712276998114433,0.4648769352309304,156,0.0851063829787234,4.180051006382589,0.022047815633080798,,,,,,,,,False
2022-02-15,470,0.2588766603058903,11.798659705179881,121.67203034376843,39.18663872650203,33.7588780993853,13.13525948575581,11.984308977425467,9.749714877523989,9.12631341559862,7.478700590494551,6.921834402296989,6.648497440283689,0.46752577794220646,154,0.0851063829787234,4.197504266848151,0.023172889352628952,,,,,,,,,False
2022-02-16,470,0.25748236147598347,11.904330486714054,121.01670989371223,39.0462513066296,33.731334905344774,13.113643275408153,11.99349712097268,9.875089200659072,9.120621961459886,7.468312220745146,6.910587258294264,6.680255305890483,0.4657477372384413,155,0.0851063829787234,4.239891608265163,0.02163044957582906,,,,,,,,,False
2022-02-17,470,0.2578008925619129,11.889124978996136,121.16641950409908,38.590999054418155,34.11436039533605,13.067660350916821,12.035538173024943,9.825650163665001,9.08740968304584,7.466714209610272,6.860234846007034,6.641917573055736,0.4659042073995639,157,0.08936170212765958,4.242364606351051,0.018300594292972826,0.018633800942627746,94.72901145109199,83.07905356371514,0.018396487515249943,94.48224111695642,82.83252054300694,0.9982734261580811,0.001726573841918877,False
2022-02-18,470,0.2580307101818575,11.92120204931536,121.27443378547306,37.709711457621765,33.92403143804877,13.077977119746492,11.983868112660142,9.83006111624139,9.039251345648886,7.4486844979013185,6.852460648688112,6.712200889188682,0.4637660040713834,156,0.08723404255319149,4.251685277552829,0.011277956720954498,,,,,,,,,False
2022-02-22,470,0.2588170472489381,11.877387210135804,121.64401220700091,37.557268662535634,33.867889810974155,12.916500180125603,11.928897693486462,9.68267965779458,9.18587907919518,7.411987024506834,6.776088124721151,6.696518016066749,0.46364801820026114,158,0.09787234042553192,4.231184652262945,0.011042054166855692,,,,,,,,,False
2022-02-23,470,0.26175750782796564,11.700418028376093,123.02602867914385,37.16573915154758,33.614151506824975,13.026168462265808,11.649354491867097,9.553726005577632,9.086737464497721,7.349773727388767,6.766230217016395,6.656403275214917,0.46485413253542407,155,0.09574468085106383,4.186992990793067,0.014145080070770767,,,,,,,,,False
2022-02-24,470,0.2592762518790192,11.770954664984105,121.85983838313902,38.826947275523864,34.274031009444414,12.770457877661524,12.368350863376643,9.339806267066297,8.908741789126545,7.225103724609223,6.986003423543397,6.5618019032730865,0.4682970753386074,152,0.08297872340425531,4.265049930273781,0.008528784648187633,,,,,,,,,False
2022-02-25,470,0.26814966752694175,11.179193926649424,126.03034373766263,38.19467260859511,34.99304341735017,12.536620606882652,12.203464678675939,9.198675688386889,8.715012741492425,7.074925462405665,6.79636802436856,6.540463535506571,0.47650669159397124,142,0.08936170212765958,4.174959603519556,0.011023907816540399,0.018335180347744923,95.05041003481675,84.12103059534653,0.019469111455829302,94.43281714599246,83.50230377541415,0.9981437018085909,0.0018562981914090892,False
2022-02-28,470,0.2656336070615112,11.354067246988205,124.84779531891024,37.9153458019084,34.88606593239351,12.698907395853011,12.384385745722124,9.254595397237376,8.682586815688014,7.4271977443558175,7.011739084354938,6.519142903868167,0.4738989365846538,145,0.08085106382978724,4.147438502579237,0.011849566755886222,,,,,,,,,False
2022-03-01,470,0.26727948951975655,11.283812038167861,125.62136007428558,37.49514487154902,33.80282402566305,14.162104469667199,12.231053709309649,9.388903000865987,8.545231914688038,7.392690521315086,6.942319548577107,6.539913098564497,0.4751329513839883,147,0.0851063829787234,4.142971426869197,0.015088690287165994,,,,,,,,,False
2022-03-02,470,0.2736695703961247,10.906420655078474,128.62469808617863,37.20911531373663,33.17812221109246,13.958694749361086,12.178084348008758,9.333270010085052,8.445020256678005,7.197916002546405,6.858924985140448,6.494539507308612,0.4790398185284629,144,0.11063829787234042,4.093432937941354,0.019461960713151566,,,,,,,,,False
2022-03-03,470,0.2722479529042448,10.97184710496414,127.95653786499506,37.20731590404381,33.90492864111735,14.129280940655708,12.094152694212024,9.338871641636494,8.407946248958599,7.193045514394678,6.8563199830800885,6.524490096063522,0.47934514052132754,142,0.11063829787234042,4.0580003630205885,0.014099714194982535,,,,,,,,,False
2022-03-04,470,0.26952032455942115,11.127691875470484,126.6745525429279,36.84691054348645,34.01332241550886,16.531251132653885,12.005404252489974,9.25315504587315,8.257528024345536,7.177041359800603,6.751702370238346,6.469262581350801,0.4810030657171641,140,0.10851063829787234,4.045990030334222,0.01704849612121762,0.018061298949868118,95.36034993926715,84.48411708940621,0.01841012727796213,94.56616205494882,83.68958037675979,0.9983765759352445,0.0016234240647554632,False
2022-03-07,470,0.27510160614588824,10.80643568967091,129.2977548885675,35.905774114595324,33.432450485815785,17.80445133288041,11.728273845179952,9.222634249782718,7.997342978963426,7.35907608721446,6.590224632739184,6.354480122492335,0.48546532907880624,145,0.14680851063829786,3.9889495696444004,0.02438869482375357,,,,,,,,,False
2022-03-08,470,0.27158443413080324,10.985139707136605,127.64468404147755,36.19440377480561,34.22405905099396,17.781055813727598,11.99755700166224,9.412972435755304,7.99644797170358,7.385421055683818,7.06568415352022,6.427692436221462,0.4847697014524828,138,0.1425531914893617,3.943426734699184,0.026557183686431066,,,,,,,,,False
2022-03-09,470,0.27470022618277334,10.7938666213996,129.10910630590348,36.10277271261862,33.877297801821584,18.44781366316183,11.919991245125807,9.34711300490346,7.9603889779498225,7.540170527206006,6.948250280412338,6.346681084150179,0.48820634410347086,137,0.10638297872340426,3.9979863527895354,0.02408928004355124,,,,,,,,,False
2022-03-10,470,0.2735603819265007,10.86103772136514,128.57337950545534,35.951551791812214,34.02722186888315,18.757890917137217,11.9336380746091,9.189906770543839,7.919324929213904,7.534580173436487,6.961327249994243,6.369766678033953,0.48775251522956803,140,0.10638297872340426,3.978843432832337,0.02701084244431339,,,,,,,,,False
2022-03-11,470,0.2723712572955284,10.943101951792691,128.01449092889834,35.952082255545115,33.8278600254599,18.919554511108863,11.746381285217264,9.175035034432558,7.846689720254988,7.522104398467201,6.951050634121204,6.4061071947826145,0.486085891502616,141,0.10638297872340426,4.0021005844093,0.026357573832962847,0.018724064963379715,94.98243603458288,84.29298127512234,0.018927288487308513,94.81639292708508,84.12673494410059,0.9959832395612156,0.004016760438784406,False
2022-03-14,470,0.2710462700160013,11.013985864087248,127.39174690752063,36.018064961359826,33.47232586499855,20.239930250683756,11.698508711621951,9.100731609541349,7.88955752353907,7.459048797920653,6.866577903380143,6.478698013605265,0.4868522908429461,144,0.1148936170212766,3.98504127413129,0.017692691557410517,,,,,,,,,False
2022-03-15,470,0.2719644443298139,10.94558967887003,127.82328883501253,35.71159953838301,34.03050153277402,20.362585062713634,11.643325292283972,9.106996074038857,7.836242137116996,7.412785641854268,7.016915495447192,6.44299153135706,0.48844957502376,144,0.11702127659574468,3.985974847027184,0.015614934446309486,,,,,,,,,False
2022-03-16,470,0.2739119159363744,10.821836623977516,128.73860049009596,36.24273014151996,33.36652457799097,20.639470832276494,11.414209798227287,9.064245440754213,7.795218346704163,7.3818454352234975,7.1103852254695505,6.560624550158913,0.49021603370236305,142,0.125531914893617,3.9675212757250873,0.012602640293970875,,,,,,,,,False
2022-03-17,470,0.2759970308727266,10.703985212216649,129.71860451018142,36.05360841382237,33.07836709469232,20.905473102451296,11.363189632386131,9.087457089737228,7.753144865295389,7.3381990741569565,7.057488656101582,6.527675981849921,0.4917430696883695,138,0.1276595744680851,3.940845791544704,0.013156103978587307,,,,,,,,,False
2022-03-18,470,0.27747277852619245,10.65307538243057,130.41220590731047,36.62987635263572,30.968344701324373,21.168783166971615,11.282180574606897,9.104480960750031,7.610544210703373,7.369014381641239,7.052610812778832,6.522207401631178,0.4903433844741469,138,0.125531914893617,3.9131988646368683,0.015714739373043598,0.018140754669102584,94.7677073629466,84.37396400437311,0.01832011713582651,94.64175106116238,84.24782834012217,0.9989034714285783,0.0010965285714217288,False
2022-03-21,470,0.27422041523773427,10.826329808953634,128.88359516173506,37.19854246105541,31.056190692489444,21.43800951813303,11.362394124431052,9.11000094720644,7.645469363971524,7.376555640947978,7.051642854273555,6.5552121389753495,0.48923134459115764,139,0.12340425531914893,3.9422381556387704,0.016885178968379985,,,,,,,,,False
2022-03-22,470,0.2746269816213759,10.810593572494247,129.0746813620467,36.99596918643762,30.885254689652122,21.551640175218054,11.365412185183395,9.15163217682003,7.6565248020940375,7.332385139276007,7.03026026757423,6.565579776804677,0.4890913991458252,138,0.13617021276595745,3.9478477575948006,0.017184593748582316,,,,,,,,,False
2022-03-23,470,0.27414234283390565,10.850309461213486,128.84690113193565,36.529074392981,31.030378190567603,21.73206466680911,11.342661446463264,9.16844780254463,7.64543001772752,7.349864165520578,7.038569995190674,6.558858756431931,0.488257616656929,141,0.14468085106382977,3.951634059582482,0.010533956358027492,,,,,,,,,False
2022-03-24,470,0.2737456887515326,10.882788402553114,128.6604737132203,36.48410930954327,30.7557051858534,21.787825629803983,11.374217468494159,9.181594318530692,7.640452137840551,7.349621480362773,7.06851784849965,6.677275650575416,0.48736666235513854,142,0.14468085106382977,3.999910087342382,0.01253912806786735,,,,,,,,,False
2022-03-25,470,0.2745363093354003,10.836192771726443,129.0320653876381,36.54609823100375,30.638068956511752,21.737348742078446,11.300748695610096,9.100235594125447,7.648999197073247,7.3316405938293325,7.074102093440382,6.693691778745696,0.48777517024008976,138,0.16382978723404254,3.927097863762428,0.023045864900421903,0.01846186908531886,94.5865152288229,84.00639689734653,0.01829698166103889,94.75856301211694,84.17860956806486,0.9996099725234433,0.000390027476556698,False
2022-03-28,470,0.27409358747092905,10.846982761788835,128.82398611133667,36.664979893290166,31.24143922545819,21.6380422708661,11.02790545011137,9.088366054169835,7.643091642597692,7.312388038170969,7.075223607968526,6.670948562319031,0.4880773467043883,141,0.125531914893617,4.017245114261579,0.019561765639885677,,,,,,,,,False
2022-03-29,470,0.27694986245132586,10.683974450255263,130.1664353521232,36.55988001407738,30.769929476107613,21.56856919560751,11.37685674398849,9.028775056508493,7.504014713279609,7.441368305446693,7.083554694003109,6.695892442749581,0.4903014271955407,136,0.13829787234042554,3.960193113860087,0.010252687928140453,,,,,,,,,False
2022-03-30,470,0.2763329550141263,10.714676746370651,129.87648885663936,36.786673391070174,30.709778431601364,21.64516310563537,11.297882210020521,9.04806384306087,7.6308363778770945,7.404551991439488,7.076613640519947,6.69159219823788,0.4900340127552485,137,0.12978723404255318,3.9787589574809967,0.010670053985392189,,,,,,,,,False
2022-03-31,470,0.27802323370666654,10.624431899802659,130.67091984213323,36.8094945601753,30.319408186275815,21.577722166716903,11.08080152711958,8.97289087939809,7.601124385298386,7.380436711082586,7.074997986123914,6.796081874097134,0.4903369069838743,137,0.13617021276595745,3.981291092120756,0.012375810915029714,,,,,,,,,False
2022-04-01,470,0.2773680746528691,10.652233472845278,130.36299508684846,37.00689606646533,30.284806704461694,21.714744428508553,11.409469666646615,9.18140559765823,7.583608652508688,7.412821212437874,7.0426587195737005,6.791051562516292,0.4910189616019802,134,0.1276595744680851,3.9666469413158776,0.014326543573923694,0.018448204938710366,95.18136859408887,84.78805499095775,0.01830028662781749,95.10925219398091,84.71608650916068,0.9995402699866971,0.00045973001330290586,False
2022-04-04,470,0.2770368715837903,10.655799082758383,130.20732964438145,37.508110677197955,30.312965916833,21.678183718565748,11.285279019305126,9.155445192782004,7.567622663012729,7.401863061352679,7.029570325307668,6.786035022446564,0.49147206165166646,137,0.11914893617021277,3.997888855870295,0.019362155786417458,,,,,,,,,False
2022-04-05,470,0.2779349720321787,10.597913295228635,130.62943685512397,37.60281112274799,30.425993282734787,21.505251558769523,11.189377219585445,9.158041483226317,7.666540894665599,7.4720179187035844,6.971465139317969,6.792915302749739,0.49224014901906754,137,0.12340425531914893,3.9777431502643283,0.01048859048223926,,,,,,,,,False
2022-04-06,470,0.27362395416692975,10.79949158634676,128.60325845845702,39.035230290971235,30.79625488154339,21.55411089358781,11.157856831461903,9.164877420713651,7.687152852087836,7.4801416900200355,7.0224865059446175,6.793316931262872,0.49180151352344964,135,0.11063829787234042,3.9623253422177123,0.012929274599646146,,,,,,,,,False
2022-04-07,470,0.27351820642429514,10.807476987140785,128.55355701941866,38.95560795689946,30.762935308352173,21.57449784383919,11.36787427655375,9.23644566213364,7.65244877431315,7.465748743836242,7.0085857704192485,6.77662267918018,0.49194568596821986,134,0.1148936170212766,3.9546239637972844,0.019915619471033888,,,,,,,,,False
2022-04-08,470,0.27336425977731915,10.815970699729908,128.48120209533997,38.95721932596036,30.882777521867236,21.44669631119595,11.378151534417182,9.21332110332333,7.655055868604423,7.489317554187713,7.048997963023717,6.709871579409128,0.4918000995505974,134,0.12127659574468085,3.930840171587453,0.02090459556321735,0.018047026173698456,95.1780428832132,84.61738941708691,0.018576861285467393,94.68748633395722,84.12630303271918,0.9996816268747176,0.0003183731252823785,False
2022-04-11,470,0.2737869930485172,10.78784274210321,128.67988673280308,38.91270074212615,30.713527820573198,21.884334321085582,11.416905403194463,9.139044553272118,7.688671373439877,7.4328681739144695,6.923246885759319,6.7387347349326845,0.49278160642506913,132,0.1276595744680851,3.871804411735525,0.019670643741777436,,,,,,,,,False
2022-04-12,470,0.273025056392468,10.837961130041062,128.32177650445993,38.66795842861869,30.869616373636347,21.961621428901097,11.474878368926085,9.174038323190242,7.7443891189923555,7.453682271171627,6.8139270654297235,6.704278135087448,0.4921188321373238,132,0.12978723404255318,3.91779735220359,0.012947420949961439,,,,,,,,,False
2022-04-13,470,0.27479107177306483,10.742147100726266,129.1518037333405,38.497540094661126,30.615308098106347,21.92963488627263,11.431782829098246,9.179858423307355,7.762088195671433,7.450022456015993,6.777910921605137,6.718661866079391,0.4928214247691038,131,0.13191489361702127,3.9087420757346574,0.012466542666606179,,,,,,,,,False
2022-04-14,470,0.27490054322732627,10.734244614006398,129.20325531684335,38.46371041982999,30.747495045278267,21.929393296937036,11.34900728372989,9.149556749114424,7.695085619020342,7.4597608632758945,6.769637839086199,6.662262275738655,0.49296353481408195,125,0.14893617021276595,3.8468194870043795,0.015297373315791861,,,,,,,,,False
2022-04-18,470,0.2746231314568945,10.750156876121348,129.0728717847404,38.4554047835368,30.827471404535622,21.84701379247207,11.401907790665877,9.31260433130467,7.679156575879069,7.413547348546314,6.759362072135166,6.637218031357218,0.4927758926722357,128,0.1127659574468085,3.9014271208440685,0.01330127478110965,0.018938649142196725,95.05521475267938,84.56074235887272,0.018076094004565883,94.61689582730169,84.12328598863266,0.9996823063234335,0.0003176936765665328,False
2022-04-19,470,0.2775224983631907,10.575954969639767,130.43557423069961,38.32311354384211,30.84536231935504,21.912656498742628,11.379240302264595,9.243794100913696,7.5682021870827825,7.3887256406425905,6.752184667953901,6.503324714560408,0.49552329126575323,125,0.1425531914893617,3.828254438096183,0.025522841718459376,,,,,,,,,False
2022-04-20,470,0.2766994318973499,10.616967705460228,130.0487329917545,38.561344748149665,30.74751775627931,22.034193377243227,11.423144613059684,9.166944228875643,7.604899800167616,7.417622426760867,6.736752015196863,6.516625005008296,0.49535092231167305,130,0.1127659574468085,3.818905169663998,0.020106156149344464,,,,,,,,,False
2022-04-21,470,0.278252032979013,10.516537534569078,130.7784555001361,38.51039114755631,30.703538885322676,22.576290814079858,11.390320501987915,9.151238078583656,7.608794618027595,7.4761359970647225,6.684972362524551,6.504807759988952,0.4977850996788998,126,0.125531914893617,3.797541315813148,0.02201152293245021,,,,,,,,,False
2022-04-22,470,0.28705691264546646,10.031126947486735,134.9167489433692,38.337468921084806,30.06141632207878,22.33103077754167,11.406735514440541,9.032514330297449,7.573958780023815,7.367515740221911,6.677443930244886,6.499212278203838,0.5043689371883299,128,0.11702127659574468,3.8441089952953376,0.020813863811640885,,,,,,,,,False
2022-04-25,470,0.2864967176022678,10.046068631661273,134.65345727306584,38.9190360907341,30.01168934038597,22.396771313120993,11.101568610342511,9.021739472907573,7.623096259721671,7.356401380375997,6.573126098561281,6.470935303452889,0.5044308992077648,127,0.16170212765957448,3.690161565499088,0.028607721272059156,0.01870038524341604,94.83298070854386,85.05470840924144,0.01849813120794568,94.76950324354621,84.99143319827927,0.9986796757777774,0.001320324222222613,False
2022-04-26,470,0.29394230654876186,9.658377774777174,138.15288407791803,38.58660043888646,29.671945848473975,22.20738669654605,10.970244254502184,9.137778508063562,7.5253546420282245,7.286479050514171,6.505557843540113,6.493222180857419,0.5097639602475037,128,0.18085106382978725,3.6345061655237108,0.0405389466043642,,,,,,,,,False
2022-04-27,470,0.29267119269871206,9.725683063941299,137.5554605683946,38.68356751898074,29.741044119762318,22.023396558422327,11.103027412233352,9.019614631020907,7.394159053566126,7.305075213452353,6.5959050351242166,6.3467858650479325,0.5087372259101989,126,0.15106382978723404,3.7108188603709236,0.023245474753890123,,,,,,,,,False
2022-04-28,470,0.29692053654372763,9.528495227095515,139.55265217555194,37.956048032723146,29.376333806904867,21.944436128198067,10.950450753365313,8.901925300430658,7.6897636357965675,7.261210008921732,6.953079000624135,6.1743899725502756,0.5101700444611562,121,0.1829787234042553,3.6178858838428187,0.0329356258222565,,,,,,,,,False
2022-04-29,470,0.30835084540140795,8.964855987611232,144.9248973386617,38.25619731135223,28.75704843081772,21.647833360309658,10.188236765435605,8.701312168762879,7.671845911775145,7.083604621971829,6.7718448991459175,6.009391655303313,0.5186685387373977,115,0.1851063829787234,3.5028228676726347,0.039377580184185454,,,,,,,,,False
2022-05-02,470,0.3072041055116451,8.998719108532425,144.38592959047315,39.081801643986914,28.770299894142806,21.61051920717222,10.148016956503607,8.642389117333792,7.644131884939183,7.299902212629817,6.750102250395981,5.987244875677791,0.5191416325367634,114,0.14893617021276595,3.5586864269671477,0.037934945334119674,0.018109405728327893,95.5325807982564,86.8229563895073,0.018539603175968977,94.53076175575613,85.82070714955938,0.9974664329493734,0.002533567050626573,False
2022-05-03,470,0.3060777956050024,9.053284591224008,143.85656393435113,39.04038975076288,28.985921615498786,21.44328973779681,10.031763665660488,8.547049470344714,7.616571179741869,7.268089877895309,6.7094791598709165,6.083868232230292,0.5177828270299364,118,0.1595744680851064,3.593014276284478,0.04117406886539945,,,,,,,,,False
2022-05-04,470,0.3138106377391421,8.715770085222486,147.49099973739675,38.56806958268803,28.28161791966914,20.86524866708162,9.93440388684052,8.40441404698149,7.631694238728579,7.334174937093814,6.580095442595918,6.111543852799947,0.5215751910503748,115,0.1574468085106383,3.5698393879605868,0.02517806106246881,,,,,,,,,False
2022-05-05,470,0.3231665438683436,8.32279091168563,151.8882756181215,37.79637337482566,27.736508741733886,20.68314091530692,9.806621616420841,8.250543583251112,7.498995214214622,7.226785463473953,6.490980906376183,5.937862132533283,0.5274700431200187,113,0.18936170212765957,3.5316593000264755,0.04307036247334755,,,,,,,,,False
2022-05-06,470,0.3218495178180011,8.384914953868638,151.26927337446045,37.80487342228492,27.5595049914916,20.5813589393787,9.716180831772853,8.20553253369042,7.457573355339061,7.2389237936137025,6.479974818414445,5.938083159943467,0.525385513956146,114,0.2170212765957447,3.492551960226133,0.03445084607358345,,,,,,,,,False
2022-05-09,470,0.3285993508705817,8.093545753074515,154.4416949091734,36.94380423450788,27.931213318326954,21.52565810677225,9.3543992923254,8.61490602140357,7.881201653028114,7.095652237584893,6.502293967597615,5.809350745676316,0.53233355289597,110,0.2404255319148936,3.350815356512414,0.06037290749897927,0.01794350093001112,96.01381628351322,88.23092638037927,0.018323220421129972,94.68645752357652,86.90318790095147,0.9976891210643056,0.0023108789356943715,False
2022-05-10,470,0.3274826485039894,8.139940967619799,153.916844796875,37.119577485996246,27.839014403477382,21.38342153703219,9.395518688670908,8.621953915115684,7.835438953780898,7.084810273296126,6.445230560751648,5.781188810955372,0.531179525344791,111,0.1702127659574468,3.383922884943837,0.04728938892165313,,,,,,,,,False
2022-05-11,470,0.32756018628782135,8.135401857568336,153.953287555276,37.35268806715645,27.634280101638364,21.29318555827175,9.39391492853207,8.717682344111598,7.88692368784117,7.078243626978043,6.430352858279347,5.767852938221425,0.5311220344912227,111,0.2170212765957447,3.4470136829320266,0.04987524384158236,,,,,,,,,False
2022-05-12,470,0.3266135413628298,8.174439881776433,153.50836444053,37.25312062117494,27.863802463621514,21.1811456909138,9.413113732005064,8.857535391270115,7.825405355395008,7.0655650948134845,6.6553097934411545,5.823829106519529,0.5302543552090326,112,0.21063829787234042,3.33858708680582,0.025005670734473528,,,,,,,,,False
2022-05-13,470,0.3321663677881549,7.955223003262162,156.11819286043277,37.0476094742188,27.26427477277343,21.09287963013435,9.378436977461192,8.76886848839477,7.741364991636148,7.041852350525328,6.705479181798433,5.769392966002213,0.5338327525851502,111,0.2425531914893617,3.327532580246308,0.026684208138638116,,,,,,,,,False
2022-05-16,470,0.3325015349800438,7.943014738476736,156.27572144062066,37.005450475125436,27.43225013487946,20.795231530106637,9.334956109799016,8.690863361218,7.740888114517444,7.029272480911288,6.717565661156316,5.8119609882083285,0.5337098078521939,113,0.20425531914893616,3.3825537405671233,0.0401488000725854,0.018943078931847088,95.26616906814546,87.63671278571692,0.019124768500899773,94.2936219116557,86.66398393965811,0.9996552193294815,0.00034478067051846306,False
2022-05-17,470,0.33654158307380494,7.787155952260961,158.17454404468833,36.8012235909549,27.312949379348186,20.56925022111007,9.267637533341965,8.639182820997561,7.667101584732322,7.002886058493666,6.670181063578739,5.79562121920009,0.5364374569562625,111,0.24468085106382978,3.3413791922985627,0.05899378487501701,,,,,,,,,False
2022-05-18,470,0.345759832872682,7.4521573382878925,162.50712145016064,36.04364483099103,26.745462343392358,19.957976066168847,9.689638774349657,8.462694300229764,7.62610114155908,7.427820224449204,6.494844433807326,5.964842762948897,0.5424337095001328,107,0.2297872340425532,3.393845727001138,0.019897473120718597,,,,,,,,,False
2022-05-19,470,0.3380089541028544,7.7401105389537515,158.86420842834156,36.53727142075115,26.86494855022745,20.129323065950643,9.755608539111556,8.667618845204313,7.699984077515022,7.516574326932909,6.5730456482069695,5.7266658167764355,0.5364922553284732,111,0.21063829787234042,3.446362245070906,0.04261670371546523,,,,,,,,,False
2022-05-20,470,0.33678053516872836,7.789170080213675,158.28685152930228,36.654791804250536,26.822861038394542,20.03256816115222,9.714974123857612,8.697920670784079,7.6763992886899315,7.343492168118767,6.565105986863482,6.0098435005185715,0.5351320141637388,112,0.2148936170212766,3.4336287371196805,0.028771038424896794,,,,,,,,,False
2022-05-23,470,0.3329237577744651,7.949437679126714,156.47416615399857,36.184421936355776,27.07889393113632,20.157730149014974,9.858055482287146,8.760529636967874,7.7200283001343415,7.4020011104963075,6.609581199198363,6.0397140606779605,0.531389931176155,112,0.2297872340425532,3.414610961717799,0.03292655264709885,0.01833863650571064,95.29321154951485,87.65835899165688,0.018656808927870524,94.49243859586504,86.85726786558492,0.9987718859617862,0.0012281140382137679,False
2022-05-24,470,0.33066969695134113,8.01487027366452,155.41475756713032,37.70798447310378,26.985189911256583,20.162524798749807,9.820247351600116,8.767871640996496,7.663365505665677,7.290410925095621,6.585940249401876,6.053938832982089,0.532107881067746,113,0.2297872340425532,3.445678216412616,0.01889035067821984,,,,,,,,,False
2022-05-25,470,0.3265553134393602,8.179314523191323,153.48099731649927,37.95157755433274,27.2302243127263,20.253667706340366,9.72706375076222,8.863310300419734,7.756202691583889,7.334923222852253,6.520003105316623,6.024888387212617,0.5290287885971507,110,0.22127659574468084,3.434197001380044,0.016522251962074127,,,,,,,,,False
2022-05-26,470,0.3289435530283495,8.086431313424963,154.6034699233242,37.72777190135429,27.016444929951998,20.21373614925027,9.767503055084624,8.754258600297096,7.726104090190797,7.3068048477173795,6.4852071223146375,6.012005449297284,0.5304870765084372,112,0.23829787234042554,3.392515827678123,0.031148210316200155,,,,,,,,,False
2022-05-27,470,0.33191616944264457,7.9682724368952025,156.00059963804296,37.55041064117803,26.986486521891727,20.061020474798415,9.680084773224259,8.75802753269846,7.744206686922551,7.1748912939356995,6.487256530156772,5.941125048704009,0.5325076639343306,110,0.23617021276595745,3.343941859996008,0.019017375130426895,,,,,,,,,False
2022-05-31,470,0.3304657660241167,8.025238385430372,155.31891003133478,37.70971983890999,26.99598979380508,20.10084195003685,9.66765616894244,8.769512749334474,7.750935929981736,7.092689232529796,6.486666043495842,5.951179590714704,0.5314747186872962,108,0.23191489361702128,3.3530958960798793,0.014979812185274237,0.01847746090748398,94.79555950205628,87.08230942174254,0.01895002715913886,94.63087910231691,86.91715645575152,0.9993097723971275,0.0006902276028725174,False
2022-06-01,470,0.33026900198021886,8.03368487433055,155.22643093070292,37.60299216924339,27.203856948488266,20.011088032450854,9.672700943065895,8.80048016861009,7.704283787688679,7.1596846901378175,6.479908825634361,5.943414475728767,0.5313129128169175,107,0.2425531914893617,3.318485416224322,0.017520301229415235,,,,,,,,,False
2022-06-02,470,0.3322186482857586,7.951204536909954,156.14276469430655,37.77582068369881,27.166450308874524,19.938098200936402,9.540050743616625,8.734365555610452,7.721758560938683,7.051646361275809,6.459713276735847,5.9858636402935,0.5331131587902828,105,0.2553191489361702,3.2495436726717295,0.023808011613664203,,,,,,,,,False
2022-06-03,470,0.3335289524977263,7.899348321712171,156.75860767393135,37.67056671607856,27.23677375610571,19.87809962872424,9.432420271005483,8.732104283429003,7.711152812022213,6.969628177883152,6.469173246326873,5.989389472773113,0.5339924852039264,108,0.23617021276595745,3.370687634724361,0.014725763280860137,,,,,,,,,False
2022-06-06,470,0.333964608166535,7.897514618168463,156.9633658382714,37.4090555811179,26.563341484821194,19.67049160959707,9.475738911939665,8.753504464403292,7.7583595028402,6.9682843008840285,6.524883072156628,6.003413455130945,0.532089347714356,106,0.24468085106382978,3.3522879979774,0.012276005988295605,,,,,,,,,False
2022-06-07,470,0.33545978150931693,7.8372513776256625,157.66609730937893,37.507772128893734,26.53778128419009,19.449374353674187,9.437818982807254,8.731754488875513,7.733055879340014,6.977893579912148,6.5149005281302905,5.978483037043487,0.5331890299126474,107,0.24468085106382978,3.355237560446868,0.010098443950460464,0.018190955512205634,95.49459561752633,87.97461306589778,0.01879517238109282,94.20568131645217,86.68509454795473,0.9997085229664282,0.00029147703357179644,False
2022-06-08,470,0.33649276371763803,7.7949111617308455,158.15159894728993,37.78119240336585,26.326370722083457,19.239724435125176,9.500490878750238,8.693221015797878,7.707196290949961,6.969694378795668,6.521927676469252,5.893191711108051,0.5340412284821587,107,0.23191489361702128,3.38595937627271,0.013854738465726081,,,,,,,,,False
2022-06-09,470,0.341853601831231,7.598876324508713,160.67119286067856,37.207446819937815,26.143697935677903,18.953930850483438,9.418731037319775,8.816036594256717,7.675049845904198,6.913278091824016,6.544831626042265,5.8608546369773,0.5370106372427605,105,0.3638297872340426,3.108186163646397,0.07830150161048859,,,,,,,,,False
2022-06-10,470,0.34730625156290246,7.401049492570618,163.23393823456416,36.82556980118399,26.082077884621338,18.73911770837188,9.38638312584084,8.697099951551799,7.657704816560967,6.79273957992333,6.528175798370687,5.828677421354942,0.540993801605494,100,0.3680851063829787,3.0553972614264517,0.07019915619471034,,,,,,,,,False
2022-06-13,470,0.36273920874974364,6.876448761704997,170.48742811237946,36.05867508359421,25.422937916779507,18.090292417411415,9.714908892891117,8.485760177822101,7.415067979887322,6.729209414506634,6.311959459829952,5.650046327865647,0.552711154091608,98,0.3659574468085106,3.0553850916690317,0.07468130472258767,,,,,,,,,False
2022-06-14,470,0.3587717711202555,7.006175783811114,168.6227324265201,36.75182172377241,24.941043702138987,18.143594286628993,9.713465163072684,8.541739318525938,7.449377623672261,6.771746090927327,6.369969891037744,5.656529657451292,0.5493035261747514,99,0.3723404255319149,3.024666563674283,0.07825613573470036,0.01816458227127573,95.36976473459994,88.7041961396378,0.01906637028461684,94.31542827123415,87.64895788825868,0.9984870577945091,0.0015129422054909192,False
2022-06-15,470,0.35878177152916985,7.004886646106932,168.62743261870986,36.81798374391987,24.95669453249993,18.14977989179396,9.684673976409563,8.528048840026575,7.410494040748752,6.795952519548093,6.349785772554375,5.640007979306329,0.5494394994964535,98,0.3468085106382979,3.1061609861289603,0.07569750034024407,,,,,,,,,False
2022-06-16,470,0.36710959642714264,6.7388153318253154,172.54151032075703,36.09555375034499,24.724763004576573,17.939858243574555,9.665662407832041,8.506812447328514,7.28968616601774,6.705316897559285,6.1892560994012005,5.5470453555502806,0.5552496760150748,96,0.3553191489361702,3.039198977059777,0.03162908859955541,,,,,,,,,False
2022-06-17,470,0.36338273960175266,6.848582481154913,170.7898876128238,36.811479376406496,25.100860520826217,17.924877712535316,9.765955522642084,8.535144834010932,7.269727022137816,6.914059888226292,6.23330191744674,5.530977958985153,0.5540277888196464,99,0.3638297872340426,3.0311404540548117,0.031647234949870706,,,,,,,,,False
2022-06-21,470,0.36618793372379305,6.7593321398514075,172.10832885018266,36.981677923280046,24.57321219115928,17.758398627518282,9.771316953676667,8.466626123918573,7.214320063887038,6.855823466159706,6.1761443630693496,5.729501834958107,0.5557296479698235,97,0.3574468085106383,3.039077006368157,0.02564079299550878,,,,,,,,,False
2022-06-22,470,0.3646279992594834,6.8038826919007365,171.37515965195726,36.73832559274837,25.611363460034493,17.884222059189703,9.908769975192314,8.447890948318413,7.222826548727228,6.8573072591405895,6.152581323318863,5.700773505032423,0.5564209377428129,97,0.3425531914893617,3.084486568884547,0.03227328403574831,0.01783950979418207,95.30894238121311,88.85184817877767,0.018913680732789966,94.5222185609904,88.06405018761635,0.9996740744148254,0.00032592558517463566,False
2022-06-23,470,0.36265659780649556,6.85558375189283,170.4486009690529,36.244937457902154,27.528752970033374,18.309403162144243,9.794451775886092,8.365135464125391,7.14863801081791,6.895597997713599,6.076393145478656,5.709981293081406,0.5581407368830187,94,0.3468085106382979,3.051912981071181,0.036084017601959804,,,,,,,,,False
2022-06-24,470,0.3700400369268163,6.627371643875231,173.9188173556036,35.68854077199299,27.16570202114997,18.18098723082145,9.655416720596893,8.198893554825219,7.036760590108469,6.74638056404343,6.065881116081778,5.625962888763889,0.5629988597875851,91,0.3638297872340426,2.9748813642157974,0.01970693644240802,,,,,,,,,False
2022-06-27,470,0.37144421643678144,6.584474352853725,174.57878172528729,36.07620882106151,26.609908838829536,17.978254617094876,9.639957525350692,8.232970812307801,7.053190779314766,6.472884971197079,6.049860442170251,5.631255248422788,0.5635810883566466,90,0.3723404255319149,2.9062386272693073,0.03611123712743274,,,,,,,,,False
2022-06-28,470,0.373331564433016,6.527310503991062,175.4658352835175,36.05357370586623,26.817203038597597,17.290494787948305,9.64751284254848,8.238630634099334,7.091547256403251,6.4859173785766995,6.047157104188216,5.416685528244715,0.5644140843797407,90,0.39574468085106385,2.8300693975838263,0.0401488000725854,,,,,,,,,False
2022-06-29,470,0.37204136088634937,6.565400773065586,174.8594396165842,35.933310765675785,27.416398301352416,16.96671702900668,9.70848012840393,8.251461566231601,7.1222120001716185,6.501104310401249,6.042499740761258,5.431142983231117,0.5635837145553682,87,0.39787234042553193,2.809804999912026,0.05757836955042417,0.018292723167022244,94.73952157329036,88.52786943794409,0.017929309689019998,95.18583077733254,88.97454205546428,0.9995856759712214,0.0004143240287786121,False
2022-06-30,470,0.3727630793867337,6.543534451766737,175.19864731176477,35.89633057559223,27.35757057619356,16.90908797271672,9.790494511412472,8.28284225431252,7.186079032028157,6.55067482250942,6.00422882423727,5.402321688324249,0.5641534701014465,91,0.3723404255319149,2.9271943615995597,0.04695368144082022,,,,,,,,,False
2022-07-01,470,0.3745930059487858,6.487946004842302,176.05871279592935,35.90076749970612,27.434859289370998,16.501866046452108,9.818608402320457,8.25712667038437,7.167995244662949,6.6034230474322015,5.830771588925774,5.35339649338881,0.5653506681569767,90,0.37659574468085105,2.8988917468088844,0.044748899877512134,,,,,,,,,False
2022-07-05,470,0.3731670884006175,6.503810285155918,175.38853154829025,38.23042238399957,27.199676070227618,16.488464104288546,9.77575497567349,8.24252058711286,7.210876841810695,6.652486770068064,5.827123876901272,5.31533518264688,0.568261381026552,88,0.37446808510638296,2.8825031829518837,0.03302635757383296,,,,,,,,,False
2022-07-06,470,0.37254485937075116,6.523212661968282,175.09608390425308,38.23330322837673,27.11710878228257,16.56119486987771,9.800202420989287,8.238002564444702,7.244249740909643,6.765339282672365,5.81022966071005,5.316077557681855,0.5676763685229348,89,0.3851063829787234,2.861761772240523,0.031193576191988388,,,,,,,,,False
2022-07-07,470,0.37382745119774535,6.478885057599008,175.6989020629403,37.98205045254004,27.99717011977647,16.48338898258267,9.815557909707103,8.21051227447429,7.233729141866727,6.657603111164086,5.801160369153244,5.3004082833223505,0.5701639777181843,87,0.3659574468085106,2.894321482289769,0.03474118767862813,0.018684463740659928,94.57109748299423,88.4473554128523,0.01906397199498061,93.73757725652342,87.61345567812718,0.9996332517207887,0.00036674827921134856,False
2022-07-08,470,0.37492662136226074,6.446591089714761,176.21551204026252,38.00812451758817,28.031245604694078,16.08274691127677,9.739710919775561,8.222912428050012,7.233043109673224,6.65491917281212,5.7450036182407445,5.282514879809895,0.570377319135313,85,0.3851063829787234,2.8210692632323227,0.029877965794129657,,,,,,,,,False
2022-07-11,470,0.3761578587646219,6.407484929956323,176.79419361937232,38.13921029800704,27.983479778508517,16.06509606377692,9.750903250838146,8.22890506963481,7.251088716651559,6.717413614225477,5.77218817302799,5.281258810407614,0.5717720915117083,84,0.3638297872340426,2.8768529165155092,0.01768361838225287,,,,,,,,,False
2022-07-12,470,0.37395380276402224,6.470837537526553,175.7582872990904,38.3093108158598,27.973594042177005,16.25645380005625,9.95568790973255,8.234912838927421,7.233005105684204,6.810452820659539,5.832012802793654,5.3005955980179476,0.5707517741849278,82,0.3127659574468085,2.991219201311658,0.07993467313886495,,,,,,,,,False
2022-07-13,470,0.3736477069201007,6.4797827004601105,175.6144222524473,38.35584729885743,27.975982761436697,16.23042177986079,9.955644380310279,8.27413934678625,7.266424290312577,6.837994228527138,5.760434927066543,5.271306163896528,0.5704942946232182,81,0.3595744680851064,2.8779648889454275,0.04076577598330536,,,,,,,,,False
2022-07-14,470,0.3728874689542557,6.501782877080765,175.25711040850018,38.41525357517108,28.02518715584187,16.330247217722437,9.95379605117111,8.20214709197461,7.24588460314652,6.896920608239952,5.73745485625987,5.22848226754564,0.5701736051242695,84,0.4319148936170213,2.772161757759852,0.07164179104477612,0.018123736333496558,95.3062090039654,89.15918985950539,0.019440290018761703,93.92623597079543,87.77790027265016,0.9998985524184993,0.00010144758150065769,False
2022-07-15,470,0.3744382125347876,6.457744155785506,175.98595989135015,38.36192200858284,27.734871106395417,16.280863794785926,9.904479637085263,8.275557433026638,7.186088482260624,6.830708040401255,5.8090331756978735,5.2866779793930245,0.5707831839110631,84,0.4574468085106383,2.702769633855378,0.09934219480107064,,,,,,,,,False
2022-07-18,470,0.3742771298712638,6.457176956747969,175.91025103949403,38.2418530386886,28.453420776292596,16.351266008862865,9.897622445332928,8.198851326837755,7.233087587125775,6.779901260213715,5.729385605641683,5.248434687891272,0.5720306666141936,86,0.4297872340425532,2.7835342255145887,0.08091457605589075,,,,,,,,,False
2022-07-19,470,0.381019528584948,6.265519281759204,179.0791784349255,37.880662017995306,27.945130651980172,16.082716937639624,9.764430879801974,8.127098160514496,7.1648234184319195,6.73129194854086,5.663867972343459,5.231066207431654,0.5760683381326439,79,0.4340425531914894,2.7137443369973084,0.1051218073764914,,,,,,,,,False
2022-07-20,470,0.3812562091564533,6.251882040683962,179.19041830353302,38.28612409011129,28.162759923820808,16.019111330780568,9.752036541258875,8.112910606129272,7.170634119292448,6.6055950227668685,5.653119500054202,5.186370362192339,0.5774690429563928,80,0.4425531914893617,2.6773652445396414,0.0979086331261625,,,,,,,,,False
2022-07-21,470,0.3818989454580184,6.230913570220906,179.4925043652686,38.33765065921844,28.276995739523606,16.10655066919722,9.764149513692068,8.134571361621528,7.191480687566607,6.6934756771762345,5.608060484085037,5.225312382549341,0.5786762786104255,81,0.44680851063829785,2.6983520731058603,0.026021866352129927,0.018321179153610707,94.72719531717,88.8598595132535,0.018381110296471173,94.49459134938805,88.62719561432868,0.9996062546714595,0.000393745328540529,False
2022-07-22,470,0.37998336885148926,6.282308574292573,178.5921833601999,38.72081151893727,28.2906221141251,16.01747468899815,9.86589823896184,8.128766920731795,7.258283513909373,6.773314339075378,5.557886868985818,5.245670087049217,0.5776318934494092,83,0.3872340425531915,2.7724697390560564,0.11327859184321554,,,,,,,,,False
2022-07-25,470,0.37852732055262134,6.322089819481399,177.90784065973202,38.96618596023481,28.407154679236122,15.90636618793664,9.834693121110966,8.148763546387663,7.288440597487943,6.797692329069355,5.484829258464146,5.24062076051533,0.5766430651239374,83,0.3595744680851064,2.849189716094212,0.10117497618291521,,,,,,,,,False
2022-07-26,470,0.37835641249380425,6.326630228690016,177.82751387208805,39.28778850550775,28.04350991759177,15.831068989861667,9.81236022204368,8.144205576950952,7.285529432528406,6.7738110977493315,5.515512665585573,5.253749027439718,0.5761749819299847,84,0.44468085106382976,2.6932145967697037,0.043569387107018104,,,,,,,,,False
2022-07-27,470,0.38036520896799614,6.268089103606886,178.7716482149582,39.219333636842094,28.11952053223147,15.785314955713456,9.757513974248312,8.076138252630038,7.316574714430452,6.4847568539184675,5.498748446189667,5.228968962633607,0.5779858113063691,84,0.3893617021276596,2.785249005429863,0.09688336433334846,,,,,,,,,False
2022-07-28,470,0.3803896396172147,6.270557018380012,178.7831306200909,38.81386980372132,28.100329084633728,16.063741253183906,9.660325251014665,8.05389892588526,7.353820221258377,6.873874173836145,5.768194836175583,5.177435562595896,0.5774923319417969,83,0.44893617021276594,2.6858951947444885,0.04769768180374722,0.018341498479341224,95.42051415307914,89.512005275837,0.018256406737504043,95.14103306815613,89.23260928265583,0.9993554778790127,0.000644522120987312,False
2022-07-29,470,0.38231526239913977,6.219416198157718,179.68817332759568,38.629391442715104,27.82419915899778,16.098340168462165,9.589134276391807,7.75840629076397,7.333766190912846,7.068711969456385,5.7791105998664385,5.111082667840023,0.5783600816471544,82,0.4553191489361702,2.665453690495979,0.10776210134736651,,,,,,,,,False
2022-08-01,470,0.38246065673249047,6.214346007087088,179.75650866427043,38.681715431456325,27.837592012996424,16.051694356443726,9.589127781542658,7.936375132340666,7.329796825221113,7.073019575095129,5.757126616669288,5.006436166397811,0.5785460388227867,79,0.41702127659574467,2.640596097141865,0.05936578505648051,,,,,,,,,False
2022-08-02,470,0.3827882971407643,6.205191891942845,179.91049965615923,38.68634684225806,27.855521434343885,15.968442668619183,9.564273254393001,7.990270201163041,7.261090516973339,7.086687005222999,5.667897809263993,5.042099973531719,0.5786916677782412,80,0.39787234042553193,2.7231715461264585,0.09820804790636484,,,,,,,,,False
2022-08-03,470,0.3808486722577184,6.260185669530406,178.99887596112762,38.825665033350546,28.003888796238662,15.678554916130006,9.565740701419546,7.9323948251096486,7.237212871973779,7.091936504788719,5.741794743173138,5.0315214722883566,0.5767504795920563,84,0.39787234042553193,2.7377720787534328,0.0277366964569251,,,,,,,,,False
2022-08-04,470,0.378143627599504,6.339032255286203,177.7275049717669,39.10810384297781,27.752317364665643,15.70982056616675,9.528696343854062,7.883635260349544,7.297045188246644,7.144290893422876,5.776425952655094,5.0898174535694025,0.574098815083896,82,0.4,2.7233954281086508,0.09100394683119357,0.017619464205748992,95.47526733003662,89.49675923814416,0.018251738560613594,94.7380903025684,88.75894993632109,0.999482355574326,0.0005176444256740353,False
2022-08-05,470,0.3780079625303044,6.352471465518024,177.66374238924305,38.48487874787757,27.643791252623004,15.716467567599235,9.608754142851183,7.893251418194187,7.297978385200208,6.8819381034721125,5.779928745956097,5.097578223992556,0.5725907108514766,87,0.3382978723404255,2.912809636538903,0.10226375720183278,,,,,,,,,False
2022-08-08,470,0.37734234425376173,6.3741638795901245,177.35090179926806,38.30425479397873,27.68807465558467,15.728792977860119,9.741462502297033,7.874188448606822,7.294329421580672,6.939046606751989,5.785324916918878,5.107444108231637,0.571943588785082,88,0.33617021276595743,2.9274087331250076,0.08511545615388105,,,,,,,,,False
2022-08-09,470,0.3753708476309142,6.429632679749755,176.42429838652964,38.60855831393965,27.681756962611267,15.784015023408397,9.735719895844937,8.091048800624055,7.269118492238628,6.942755380123453,5.775847215998963,5.10183490231153,0.5707113799624127,87,0.39574468085106385,2.7882574920688046,0.03543982216576691,,,,,,,,,False
2022-08-10,470,0.37792656254195184,6.352631473888083,177.62548439471738,38.68523520264387,27.630871850138277,15.610469172091364,9.707338021510282,8.053270736979773,7.206158208433677,6.920251221552569,5.754769336746579,5.140085077782936,0.5728923375342577,88,0.3425531914893617,2.927703132212607,0.0851063829787234,,,,,,,,,False
2022-08-11,470,0.376154310547942,6.404730021307929,176.7925259575328,38.45117453756883,27.943472434772374,15.99058637537288,9.72592500094009,7.969203300825493,7.119480303333757,6.917012932436233,5.784542944606423,5.164401124413878,0.5721354985238019,89,0.3276595744680851,2.946285397717766,0.06973642426167037,0.018420147831439453,95.20292465551037,89.15592879691894,0.018550092838660385,94.18418895782459,88.13706315422594,0.9996923813486766,0.0003076186513234491,False
2022-08-12,470,0.3785057437665463,6.334520878269518,177.8976995702767,38.42106353851689,27.92487508593107,15.90285859173556,9.735553476577103,7.934912644554213,7.133905809756184,6.950846045331334,5.752839412163128,5.152446999860002,0.5742171282192285,89,0.34893617021276596,2.8730346000459925,0.027691330581136868,,,,,,,,,False
2022-08-15,470,0.37831345655070225,6.337143320234039,177.80732457883005,38.45076292216622,28.218900283409326,15.920425728268023,9.757378902376654,7.813749296133603,7.145540987033411,6.93299946591379,5.753741557121151,5.2068371795623545,0.5747974306703197,89,0.33191489361702126,2.9231998265262362,0.01702127659574468,,,,,,,,,False
2022-08-16,470,0.3772579941681924,6.364509482317462,177.31125725905048,38.70056149371999,28.203834634392166,16.175517277187197,9.699994736971483,7.807700012176909,7.190470527338063,6.877015096854697,5.821392712859581,5.190173105539387,0.5746620540453642,88,0.4021276595744681,2.751353549048857,0.009544980265844032,,,,,,,,,False
2022-08-17,470,0.3804409556431117,6.2775247074119385,178.8072491522625,38.568118114584884,28.35125510768602,14.449694513667835,9.76274588721325,7.891057944739613,7.268920369484028,6.836734496288295,5.8845589905904365,5.264602182679074,0.5743384314370521,87,0.4,2.7592666972439384,0.0677493989021458,,,,,,,,,False
2022-08-18,470,0.3755098865109281,6.422675502015403,176.4896466601362,38.47338483806304,28.642625484579007,14.42470704319545,10.008849971197993,8.067826798232936,7.359928653834886,6.960950514840818,5.981343465957098,5.340737708700253,0.5702961999939823,88,0.39361702127659576,2.81031052051501,0.07135144943973143,0.018054224035823904,94.98082240562731,88.915602566087,0.0188583750245275,94.5285221746681,88.4624981841391,0.9996385034043201,0.0003614965956798555,False
2022-08-19,470,0.3779626059455917,6.348781506726123,177.6424247944281,38.780299187508234,28.338266745706758,14.150368500493254,10.029298619762965,7.922501437019047,7.313942260514591,6.955246450971493,6.006100420346158,5.291213531923324,0.5722141656338283,89,0.39574468085106385,2.8141897635140314,0.06489134872748718,,,,,,,,,False
2022-08-22,470,0.38155314132338536,6.2454787099133995,179.3299764219911,38.6648967565818,28.58701236192725,13.151128691797592,9.9846103458185,7.929701782508133,7.225024482490535,6.916813733796196,6.016370432440654,5.296599521040676,0.5738672863364176,86,0.39574468085106385,2.791222375716047,0.07641428117769813,,,,,,,,,False
2022-08-23,470,0.37781356341103833,6.346278773509562,177.57237480318798,38.81375976313922,29.373514995128673,13.122889041092826,10.093448389896764,8.047762494789428,7.262319221120177,6.941021917941461,6.05933229495864,5.344055869589766,0.57228933402648,89,0.3829787234042553,2.8545672377484625,0.016358934809236492,,,,,,,,,False
2022-08-24,470,0.3791778362333587,6.312922787851623,178.2135830296786,38.240286526136074,29.299842595108352,13.1935430786368,10.180274794863106,8.083707385904063,7.294818853658305,6.931635919137871,6.095653239664795,5.2957282267606,0.5726117660094104,89,0.37659574468085105,2.8749380318891053,0.01960713151567391,,,,,,,,,False
2022-08-25,470,0.3838368875453854,6.1981277078986405,180.40333714633118,36.44739054417081,29.449830888423634,12.733105196017696,10.237397362704222,8.090820363801647,7.27328718091496,6.966653631899336,6.077373348252683,5.226069213980059,0.5729171513566969,87,0.39361702127659576,2.787715157259244,0.02753708660345688,0.01860597129859134,94.51116498491477,88.67826819326292,0.018709813354360474,94.36798410387279,88.53498347016517,0.9996457224468338,0.00035427755316619347,False
2022-08-26,470,0.38981679514868606,6.037908354016326,183.21389371988244,35.603987123713146,29.635312160883164,12.352418816743285,10.27322481382529,8.050566287679803,7.018447941381392,6.621815286149254,5.769933786058203,5.05676304036245,0.5767634822022284,82,0.39787234042553193,2.6898717121896865,0.03414235811822347,,,,,,,,,False
2022-08-29,470,0.3927248088507491,5.965257516103494,184.58066015985202,35.55891460280041,28.861225160745498,12.466935385996909,9.650025458685892,8.179654063404826,7.099086603126605,6.6915217556855024,5.836631297610429,5.116152813530923,0.576846299506555,82,0.40638297872340423,2.704174957790385,0.04321553327586989,,,,,,,,,False
2022-08-30,470,0.39341455825579014,5.949514726199428,184.90484238022128,35.23026002234303,28.87007009916437,12.517882152292259,9.68525161251398,8.093335593022303,7.11025440318049,6.6627312634699685,5.795286767669131,5.101531261249269,0.577038949503266,81,0.37659574468085105,2.765807922453534,0.03957719003765368,,,,,,,,,False
2022-08-31,470,0.39501974140621304,5.908788236515763,185.65927846092018,35.00889248094822,28.75150518301983,12.49447830285435,9.677596225932653,8.13780125545934,7.142849823865991,6.67138063045829,5.795622726287137,5.107305146377952,0.5778547886248409,80,0.39574468085106385,2.6774587088544237,0.027854647733974506,,,,,,,,,False
2022-09-01,470,0.39340147401035264,5.9474688423957,184.89869278486572,34.967666261785624,29.469201718925312,12.490491213775968,9.629585739807052,8.20822436101452,7.1372532614992945,6.648543584010371,5.795549862962796,5.112346637631537,0.5775651866365101,81,0.39574468085106385,2.732345156287451,0.04462187542530509,0.018459705824321812,95.66160660749561,90.08907953328595,0.018379969081412234,94.64433764972496,89.0718903122582,0.9990285864019829,0.0009714135980171124,False
2022-09-02,470,0.39563163472412005,5.883926026177034,185.94686832033642,35.16687856257601,29.83478329786641,11.775150848055116,9.65344690664039,8.07372477584466,7.054044648988806,6.62260722160349,5.823437459576333,5.139775322106665,0.5795258041180306,80,0.39574468085106385,2.723021127864082,0.04284353309440639,,,,,,,,,False
2022-09-06,470,0.3941506760298725,5.924754715173662,185.25081773404008,35.24758095855325,29.574981956252678,11.966905865799845,9.607543729293699,8.107510514797458,7.085458695981588,6.817665441303095,5.874447036169345,5.14784974776336,0.577974106901999,79,0.3574468085106383,2.753444645404561,0.06960032663430568,,,,,,,,,False
2022-09-07,470,0.3961208840431149,5.879039760399772,186.17681550026396,34.0418033938134,30.081991241613565,11.991718015584546,9.586037085034857,8.048607907240285,7.1886636094767695,6.777837755520785,5.971697799411475,5.18118950988811,0.5784646068857668,80,0.46170212765957447,2.572785553622208,0.07613301274781109,,,,,,,,,False
2022-09-08,470,0.3940660634007281,5.932096524535085,185.21104979834217,34.17028579112806,30.2183095207539,11.921715482115527,9.542177772334913,8.401092856229116,7.22698397913725,6.752046457364694,6.040789501133249,5.207380316156923,0.5767309326907971,82,0.39361702127659576,2.735148106901865,0.03543982216576691,,,,,,,,,False
2022-09-09,470,0.3958687616721274,5.888432712897029,186.05831798589992,33.64794017940631,30.223298680031053,11.868056024283085,9.49178906155069,8.3986441974012,7.212473356468109,6.739252793520086,6.0222867962263695,5.198123445182906,0.5772114934705765,82,0.4,2.700054397770582,0.015360885541895386,0.018280928794053207,95.44545403311118,89.93460915309223,0.018633742569387903,94.63241178438894,89.12121409059465,0.9996836682750242,0.00031633172497580464,False
2022-09-12,470,0.39741916105569486,5.8543050120657165,186.7870056961766,33.01655368989286,30.061465788031512,11.860619522861825,9.495461542556257,8.380101134572858,7.187926480844014,6.737836677505468,6.0219266348477625,5.167783693651444,0.5770661834883384,83,0.39361702127659576,2.727594433706464,0.003139318604545661,,,,,,,,,False
2022-09-13,470,0.40941300043775875,5.555874187237331,192.42411020574656,32.08873189767842,29.79198061211303,11.688015479230351,9.261408261552901,8.189058028919295,7.024597285098924,6.5995725721104375,5.898038375238006,5.029145398892458,0.5856473328857901,76,0.39787234042553193,2.607182704218563,0.07592432971918522,,,,,,,,,False
2022-09-14,470,0.40826763923935083,5.587528387302106,191.8857904424949,31.78816577834126,29.677252753549368,11.751369555785455,9.270548953206326,8.18871380149686,7.0855576362312,6.703380228407377,5.935961263409888,5.076798022277025,0.5837726116667602,76,0.46595744680851064,2.504154223285994,0.03147484462187543,,,,,,,,,False
2022-09-15,470,0.4066039910018967,5.629363140574521,191.10387577089142,31.844399060678356,29.505202047853107,11.92072804214629,9.236499764354681,8.594089907203724,7.09694105257367,6.768196176296964,5.92025983528765,5.102275004182136,0.5821504355019658,78,0.4595744680851064,2.5835867574838254,0.07929047770267204,,,,,,,,,False
2022-09-16,470,0.4052717045469525,5.666242479117585,190.4777011370677,31.244375086277643,29.838512952901734,11.83504746642122,9.224383075310431,8.603023019355382,7.123867302773526,6.7666794302051,5.90205146450573,5.101643418825493,0.5800425951446355,80,0.40638297872340423,2.703919426609594,0.026584403211904004,0.018039034048753295,95.64241925235149,90.3634094437321,0.019191811773041696,94.200473144499,88.92031055815532,0.999641448648754,0.0003585513512459615,False
2022-09-19,470,0.4057987715054391,5.655753966153649,190.7254226075563,31.2004643580821,29.455064235499027,11.898358948507532,9.21847971397866,8.619188909398872,7.264148597956453,6.766661525665785,5.962162818979108,5.095777452695099,0.5797825316247313,79,0.4085106382978723,2.6906111570947906,0.026439232409381664,,,,,,,,,False
2022-09-20,470,0.4057697155902926,5.657435908847099,190.7117663274376,31.317389946098736,29.252954353369244,11.930319599738272,9.264964747293451,8.420623036091246,7.239915368220383,6.708418388248089,5.929640151946051,5.105767779514659,0.5797391382424196,80,0.39574468085106385,2.6944614297569833,0.013065372227010843,,,,,,,,,False
2022-09-21,470,0.4081683261735031,5.6005326638680435,191.83911330154643,30.908584058471863,29.134984485467985,11.866504672406847,9.308461817732464,8.521374118865296,7.228531638678272,6.70715225837557,5.866551373788791,5.075149870273389,0.5809737198630333,79,0.4,2.6808913833324524,0.08597740779385746,,,,,,,,,False
2022-09-22,470,0.40788281001565835,5.606953069596795,191.70492070735943,31.075950848770795,29.08892771741418,11.784728718704947,9.366712165688039,8.521045760109306,7.247648168229986,6.672701618627396,5.814303090609373,5.0466058381900325,0.5808962556551859,80,0.4,2.6881127926331185,0.077366964569251,,,,,,,,,False
2022-09-23,470,0.4105284353767844,5.539263893710731,192.9483646270886,30.609526997082035,29.841711643429186,11.663852240486563,9.346919711100337,8.491011887907156,7.099693429446966,6.588123842510013,5.764349982465474,5.031006323383167,0.5838518621684826,79,0.4106382978723404,2.6234518755349927,0.048196706437417774,0.01823832974271817,95.37506600483174,90.22809221675507,0.018173998369428224,94.93016752976072,89.78325807305735,0.9997182546947271,0.00028174530527291797,False
2022-09-26,470,0.41231711633832957,5.498206442571674,193.78904467901498,30.437899316994677,29.607195661709497,11.592770005962489,9.589268769132186,8.416837048467109,6.995103853548848,6.535370758572931,5.769326498200385,5.023848778732468,0.5851408051761994,83,0.3872340425531915,2.7469544306275058,0.028544209045955633,,,,,,,,,False
2022-09-27,470,0.4115386880273001,5.5158245410133455,193.423183372831,30.341632213090847,29.945720011048323,11.564204746735552,9.586770013816889,8.344754249268806,7.04712522554663,6.520966070985178,5.732581968841471,5.027294869182331,0.5848117241649419,83,0.3851063829787234,2.7515901456938656,0.02018781472576328,,,,,,,,,False
2022-09-28,470,0.4187724416407334,5.358268370626547,196.82304757114474,29.538675749261238,28.369192850374375,11.44029899833393,9.542593726390972,8.180278903207533,7.100846865844206,6.543315465629085,5.6929926975637954,5.099804113400799,0.5866251253095855,83,0.40425531914893614,2.6934105698821598,0.024760695005217076,,,,,,,,,False
2022-09-29,470,0.4214230279069992,5.297268281213563,198.0688231162896,29.541590147641443,28.20238945382059,11.342822079329157,9.39254007694122,8.390675995220624,7.062942317833995,6.405196672843321,5.692896851651268,5.086987517269808,0.5884003507957916,79,0.4021276595744681,2.6321998278430025,0.023599328585038333,,,,,,,,,False
2022-09-30,470,0.4214827476294747,5.2989533652625225,198.09689138585316,29.525450915545033,27.741154767225314,11.420429228624858,9.3530464175352,8.23896349123709,7.0493230993928275,6.499533468437459,5.841519344542597,5.062567983249458,0.5875254738612414,80,0.4,2.6454745019574104,0.03677357891394093,0.018373862835897006,95.54593369834338,90.65008921787444,0.018471188814162508,95.15267493488558,90.25673312843837,0.9997202279664824,0.00027977203351758906,False
2022-10-03,470,0.42852669563534984,5.143180053814667,201.40754694861437,29.11406276522382,27.55282278573542,11.061742350320785,9.211461375932267,8.076423068821962,6.903572461608594,6.433382138835979,5.719807517395774,5.059821145484831,0.5922290132464398,77,0.41914893617021276,2.5518922143566107,0.043133874699451076,,,,,,,,,False
2022-10-04,470,0.43629973859283794,4.97904732124062,205.06087713863383,28.687858994002255,27.115964689823507,10.969950572291538,9.109260525222563,7.886378588943831,6.809989633145167,6.337645355729835,5.571479299578833,5.018314942532264,0.5977530040850504,76,0.44042553191489364,2.467613198800522,0.05261534273919158,,,,,,,,,False
2022-10-05,470,0.43484591611361284,5.00772010586239,204.37758057339798,28.880246552986762,27.303731541111535,10.934049488406242,9.31263759386552,7.947669804621933,6.821473628952017,6.303992434527109,5.563233059349427,5.026733721281396,0.597464352659081,77,0.44042553191489364,2.4765235969273873,0.05080978088281994,,,,,,,,,False
2022-10-06,470,0.4354632250803351,4.991375777496472,204.66771578775743,29.298343823470976,27.45924922119606,10.84710997604262,9.279907751569873,7.889926983353822,6.818518650451892,6.229879360459625,5.413851175818774,5.0742393634363,0.5990475033192276,77,0.4297872340425532,2.5066134038508614,0.0344417728984258,,,,,,,,,False
2022-10-07,470,0.438359041061664,4.932897024751944,206.02874929898206,29.073138259964566,27.236127660412357,10.76276151176127,9.197560469619606,7.816677371143706,6.730916332952111,6.206347597835846,5.419612852600858,5.0358850060284155,0.6006347600015742,78,0.4319148936170213,2.5126556807937255,0.034496211949371684,0.01852489611984043,94.78838025034581,90.27531737053569,0.018561170793823613,95.16029773088215,90.64719857639805,0.9997042903614469,0.00029570963855307664,False
2022-10-10,470,0.4363988655529442,4.974379122699591,205.10746680988376,29.098092919477793,27.086842463218375,11.02454145514017,9.243694306591362,7.817399042907532,6.779800761016215,6.211704533420486,5.548491326337588,5.103615732951948,0.599065187136833,76,0.44042553191489364,2.4677147905233747,0.043533094406387515,,,,,,,,,False
2022-10-11,470,0.43599474421652107,4.98202828880473,204.91752978176493,29.18570297601133,27.14205649188724,11.063949590721673,9.236069645299395,7.7835534416506125,6.7280598540063234,6.472784166548818,5.526192516461513,5.085902417255116,0.5990325712461372,77,0.4425531914893617,2.4618805024461614,0.025849476024134645,,,,,,,,,False
2022-10-12,470,0.43530688440964194,4.995966843195097,204.59423567253174,29.14690193438642,27.311335184007948,10.93847981764647,9.379583787757607,7.81777491085082,6.832321685674695,6.5477932820781,5.4448924209900245,5.084495206609102,0.5986607157368726,75,0.43617021276595747,2.4477175238619804,0.04476704622782743,,,,,,,,,False
2022-10-13,470,0.4363173346093612,4.972538267476218,205.06914726639974,29.18108690219189,27.595713336338452,11.098817662504445,9.317895826901154,7.71433836956086,6.798086596842667,6.576753661413509,5.446465886163686,4.941414718453817,0.6005588531794377,77,0.4319148936170213,2.477405406562042,0.029306355759197933,,,,,,,,,False
2022-10-14,470,0.43987322169972776,4.903204436723837,206.74041419887203,28.997925346298953,26.72793296660791,11.14540803109223,9.324571655765357,7.73006905590811,6.765015846666425,6.510837753727618,5.406499491511589,4.957725404756054,0.6019920259545458,78,0.42127659574468085,2.5112597601412516,0.024715329129428844,0.018500437524472037,94.8689932878101,90.38716163526152,0.01872258403645886,95.08837552026348,90.60632172120292,0.9995010424484868,0.0004989575515131905,False
2022-10-17,470,0.441236213712284,4.876112007964788,207.38102044477353,29.05415914532032,26.405063682052806,11.15437917450674,9.379605103273395,7.700153634474521,6.756626314222706,6.4633059690727315,5.407049343471671,4.985860792184676,0.6029238884040994,77,0.4276595744680851,2.475203704500395,0.036456017783423306,,,,,,,,,False
2022-10-18,470,0.4446183436194288,4.807102702522702,208.97062150113157,29.035675174107443,26.369149174441663,11.143760544010501,9.275047888956227,7.710543935612602,6.763254997268409,6.4442756073962455,5.384540340412304,4.9848050118262215,0.6059452218779732,76,0.41914893617021276,2.465191937988153,0.047797486730481335,,,,,,,,,False
2022-10-19,470,0.4429579016730341,4.836709378986431,208.19021378632607,29.49726553256819,26.718776110037876,11.1341268038577,9.422465641778942,7.6926456106600645,6.775313408172987,6.564783240959275,5.280726996444908,4.7554105969249765,0.6063039316480185,72,0.41914893617021276,2.489265712112598,0.04731660844712607,,,,,,,,,False
2022-10-20,470,0.4357210812585373,4.984352033876535,204.78890819151258,29.652608587944496,27.02645231926801,11.410582324107228,9.543928545331706,7.768612314442702,7.089472717840346,6.716640418169192,5.327731157593339,4.818882911503091,0.600898893549285,74,0.44893617021276594,2.4028601813332777,0.04068411740688654,,,,,,,,,False
2022-10-21,470,0.4396179727034795,4.908507135638447,206.6204471706355,28.943827000971513,26.636214467653033,11.416227080547163,9.512227526032046,7.696173611422931,7.153792344547262,6.426021122556241,5.307664380890724,4.775662100154031,0.6024020069060406,74,0.451063829787234,2.4050434712631437,0.058231638161774714,0.018923928272906596,94.87630186344082,90.38848877223295,0.01823603348146589,94.92353580276752,90.43641060635109,0.9989415327076977,0.0010584672923023009,False
2022-10-24,470,0.4412425653408355,4.873752403549102,207.3840057101927,29.270645294738646,26.38278555151501,11.616284740788704,9.514447714196862,7.738295915940901,7.1523110024469,6.349737972322766,5.234263852713491,4.795014391982547,0.6046131255562381,75,0.42127659574468085,2.468892418992062,0.05352266025495622,,,,,,,,,False
2022-10-25,470,0.43823756736793995,4.933243267055066,205.97165666293176,29.691869015500636,26.438009546999155,11.606614435780518,9.662777749069669,7.8760972128950275,7.333487328702001,6.327427431701221,5.168856375994138,4.8706580811571705,0.6029168668303868,75,0.41914893617021276,2.472316176643855,0.03984938529238307,,,,,,,,,False
2022-10-26,470,0.43172752990920327,5.070735146837293,202.91193905732553,29.918576449954912,26.532133467853733,11.778347254763585,9.622015610617048,7.984422923993585,7.4523655631206855,6.409436868466562,5.262915743873183,4.907226867101885,0.5973681102989676,75,0.4085106382978723,2.5346231582582077,0.043859728712062784,,,,,,,,,False
2022-10-27,470,0.43260953729414164,5.054086663737857,203.32648252824652,29.952806166737872,26.032671639540865,11.773033616560056,9.637763285217474,8.11218766485831,7.4460465862423595,6.27246894445895,5.289854782597203,4.93851710536082,0.5972824622048998,71,0.4340425531914894,2.40161885367172,0.048604999319511864,,,,,,,,,False
2022-10-28,470,0.4311497485918064,5.087647738622249,202.64038183814893,29.938221508972397,26.434705302629897,10.630316221182293,9.487411382469864,7.477710952905109,7.231437346682852,6.31478843519289,5.198579083978541,5.083203509200607,0.5938958218157522,72,0.42340425531914894,2.458779134281089,0.05423036791725264,0.017702088601421653,96.04212512313958,91.36792504450771,0.01848662698608317,94.56485535854524,89.88987074152871,0.9983749688339962,0.0016250311660037653,False
2022-10-31,470,0.43301047532997167,5.047875191826433,203.51492340508673,29.953950148685216,26.24471725378684,10.709528699594724,9.432750456645852,7.5279684333446335,7.110331118607522,6.240677837175522,5.184311295714581,5.094442481864461,0.595438021199573,72,0.42127659574468085,2.4591049661648547,0.03948645828607721,,,,,,,,,False
2022-11-01,470,0.4326774085927389,5.057834443296243,203.3583820385873,30.027139581739355,25.66757638665959,10.723569441072769,9.459741352865887,7.539069761848258,7.095960812719265,6.2440497633231615,5.208010911629569,5.102191439606776,0.5941200187253721,71,0.4127659574468085,2.498883644276408,0.052678854965295105,,,,,,,,,False
2022-11-02,470,0.43639037699314814,4.981035226194727,205.10347718677957,29.63696136403133,25.56347259760726,10.691818302709022,9.433152502542356,7.262932167192556,7.0481221868965305,6.195546077607867,5.076943691498482,4.932663541909047,0.5966571956461055,72,0.4148936170212766,2.453287880963109,0.04821485278773307,,,,,,,,,False
2022-11-03,470,0.4296507212081505,5.125917346742771,201.93583896783065,29.79793693814313,25.754569830699726,10.495797602298872,9.355456355563167,7.458201662763793,7.071233673919462,6.2805094656962055,5.5047221828515145,5.038281453654749,0.5900842546692248,71,0.4085106382978723,2.5080291541358957,0.04592841264800617,,,,,,,,,False
2022-11-04,470,0.42841407454430847,5.157983868377783,201.35461503582496,29.6130230683342,25.013621594043276,10.37938478199878,9.224991096496439,7.639250739245899,7.002599059596305,6.461955930248475,6.028855634335043,5.354741449922445,0.5863524161206335,77,0.40425531914893614,2.562881390047567,0.02844440411922152,0.018619430186783057,94.78053624117548,90.03234701715523,0.018434540170248325,94.49766734510573,89.749663011102,0.9989161021792897,0.0010838978207102778,False
2022-11-07,470,0.4250650850121683,5.2346107963427535,199.7805899557191,29.610095669590425,24.828127540080587,10.681098541919425,9.078649376934987,7.677959262109837,6.987155536024279,6.637539650527978,6.102891176298993,5.4074582315514945,0.5829331086898819,79,0.4085106382978723,2.5547457568583583,0.03227328403574831,,,,,,,,,False
2022-11-08,470,0.41716663297882645,5.415677330487168,196.0683175000484,30.167711990663577,25.546667561958145,10.368533947876763,8.126357247264675,7.822184451215718,6.837147668187897,6.500242541705629,5.53023180316679,5.492740036026447,0.5750586983995991,84,0.3893617021276596,2.7117744513980515,0.049385292383069455,,,,,,,,,False
2022-11-09,470,0.42075192577231013,5.331775999345567,197.75340511298577,30.295266612263866,25.176789084917047,10.178730768066938,8.170712950820024,7.866464626594764,6.810649310698335,6.501370149978193,5.505733642719525,5.4681788425621685,0.5778189458064971,81,0.40638297872340423,2.6275496764569537,0.06291339654312027,,,,,,,,,False
2022-11-10,470,0.4371015725872736,4.971087461904067,205.43773911601863,29.859217679700844,24.54346766064545,10.79878537568484,7.776451670840902,7.452864134121154,6.348289897763222,6.264542234955676,5.732570942353486,5.249678227117043,0.5923737478784907,78,0.4276595744680851,2.485827605992248,0.05847661389103117,,,,,,,,,False
2022-11-11,470,0.4324572710154896,5.062308981407798,203.2549173772801,30.15699773282199,25.724557893854325,10.868031589780124,8.198961594332072,7.460733264497119,6.677035474985084,6.220218653338453,5.800716520335053,5.238627277917609,0.5919222684852524,81,0.44042553191489364,2.51605921115873,0.06704169123984939,0.017958636648159172,95.39375684208213,90.74594649504166,0.018653893616757424,94.77325951781803,90.12475391380897,0.9983918005913145,0.0016081994086855067,False
2022-11-14,470,0.4349858605997241,5.016932863852917,204.44335448187024,29.89655761174119,24.10036599160693,11.029938239279922,8.248700425835182,7.45374232229107,6.602664626526771,6.227350502792393,5.854008396963937,5.294892988750371,0.5908913122347523,79,0.574468085106383,2.223963993031964,0.18319647960803884,,,,,,,,,False
2022-11-15,470,0.4346676516691141,5.025307835580713,204.29379628448362,29.69364690424423,24.057017024111556,11.118098385522625,8.204185606007773,7.327402785676618,6.555796295943538,6.3642019517879245,5.848334067359593,5.262512633583162,0.5901420089454675,81,0.5702127659574469,2.2229615681603456,0.16822574059792225,,,,,,,,,False
2022-11-16,470,0.43284388868530665,5.062252204148985,203.43662768209418,29.99127335329293,24.24278266640086,11.072815975311595,8.268283899876991,7.294955921508471,6.586325132951319,6.426010014350945,5.8016593345484075,5.3156438295941415,0.589386773568035,82,0.5617021276595745,2.3043837233783746,0.15691149117633715,,,,,,,,,False
2022-11-17,470,0.4287290888844755,5.151378866031838,201.50267177570345,30.178978901959255,24.33979704279961,11.26685549045169,8.187811395926524,7.335510657720867,6.634527802357546,6.445801370514379,5.94570733179093,5.337600604385847,0.5861193927805118,83,0.5659574468085107,2.285775216328973,0.15269246472803158,,,,,,,,,False
2022-11-18,470,0.4281874338906658,5.161953615724263,201.24809392861295,30.353589780723222,24.48920474105839,11.23176966720306,8.091874803621067,7.313415716322069,6.6294304677104465,6.405200324768093,5.938491857753933,5.297896387605325,0.5859883679174867,81,0.42340425531914894,2.5476017647112172,0.026611622737376946,0.018350925829913614,95.09860448142067,90.34648737375716,0.0187223833239846,94.68991311565192,89.93742455049434,0.9997689887400306,0.00023101125996938254,False
2022-11-21,470,0.42784492021699544,5.169454081079442,201.0871125019878,30.272491813756258,24.666962840522956,11.092308134912837,8.14744079803343,7.344086557913341,6.635507998505692,6.413798530233284,5.9561913249401535,5.33745729787884,0.5856730129557731,81,0.43617021276595747,2.5335486541970282,0.14814680397405072,,,,,,,,,False
2022-11-22,470,0.42781195192005883,5.171974877729183,201.07161740242765,30.355912190358538,24.222262998012926,11.104730994696496,8.060106455156067,7.312384186579209,6.697788870257848,6.450642438443098,5.949427089768097,5.350798830227473,0.5847119788098972,82,0.4297872340425532,2.5668829884038553,0.1544980265844032,,,,,,,,,False
2022-11-23,470,0.42723881579180717,5.184824118368284,200.8022434221494,30.341368922664607,24.228963343369138,11.106090365255817,8.086738266756555,7.3240935953411626,6.712945683397505,6.475538134856273,5.976836506086664,5.400142414077877,0.5841817113195649,82,0.551063829787234,2.348991852481583,0.03566665154470807,,,,,,,,,False
2022-11-25,470,0.42796421551994773,5.167497109870086,201.14318129437538,30.3934546656784,24.273937159583458,11.120804897774928,8.106386403343237,7.338680226716056,6.759007766986725,6.4530406127535125,5.975189729268061,5.407852643175808,0.585186732810118,80,0.4319148936170213,2.543342495117781,0.14363743592070044,,,,,,,,,False
2022-11-28,470,0.4290529721168317,5.143469097182987,201.65489689491085,30.405062450850544,24.18658368204996,11.12464270308956,8.08435461650581,7.275385038025265,6.731040788337429,6.429618018840742,5.932583668949304,5.438870484023816,0.58607561776044,79,0.5574468085106383,2.2926260655821435,0.1429206550832464,0.018147609615270198,95.00748993519827,90.27492620051684,0.018550349831189764,95.06216478991013,90.32919831501279,0.9998616721086403,0.00013832789135970192,False
2022-11-29,470,0.4273091763939274,5.181485988051537,200.83531290514594,30.48969929315766,24.224297316239678,11.209824737385745,8.2567860381155,7.215974803826069,6.73924908015685,6.516112276867941,5.962606223801854,5.520304565638341,0.5851402559362648,78,0.4319148936170213,2.5391878737088134,0.01613210543029533,,,,,,,,,False
2022-11-30,470,0.42746158081124,5.177171507841534,200.90694298128284,30.693589194463406,24.111455289490976,11.16778707904026,8.370667079665871,7.207127326505388,6.8299946992438025,6.459461237283187,5.96871031597312,5.5105180801541245,0.5856392374977517,80,0.4148936170212766,2.6211068899208225,0.028126842988703896,,,,,,,,,False
2022-12-01,470,0.4235373234923728,5.266785517690262,199.06254204141518,30.816429422089918,24.00040583426746,11.117002130692732,8.462422755132124,7.282212971112119,6.83108409424198,6.5116872894955655,5.931295229240677,5.539809195931037,0.5818272386885053,81,0.40425531914893614,2.6142049381082324,0.1536723676450574,,,,,,,,,False
2022-12-02,470,0.40822226374198306,5.6260596317003735,191.86446395873207,31.765278208666146,24.76784309153441,11.471363977487037,8.71745433199268,7.332518939394221,6.97648592178755,6.778083601826922,5.965121283640804,5.569062601726987,0.5714604331242814,85,0.3851063829787234,2.7193811984972167,0.04413192396679218,,,,,,,,,False
2022-12-05,470,0.41207747239648035,5.532197648374675,193.6764120263458,31.702210548398128,24.435170966417573,11.265731763249224,8.63895838717469,7.299377692298041,6.941536521640299,6.847240537600179,6.000174385013433,5.666278733253538,0.5738691142374156,86,0.3851063829787234,2.714019672574889,0.1662840811141859,0.018484464426043682,94.84922607731394,89.7106214369097,0.019087945594230805,94.63253254913977,89.49332442756734,0.9995207410860636,0.00047925891393640896,False
2022-12-06,470,0.41157332299013694,5.547310445883664,193.43946180536432,31.554395174696868,24.202898470021367,11.306890096294776,8.668762288405254,7.3482434509073755,6.873979342141632,6.792831916720645,6.020825213020168,5.69307208683144,0.5727072507123036,87,0.3851063829787234,2.7286334582204197,0.05646236900603366,,,,,,,,,False
2022-12-07,470,0.4018811530130344,5.791620780984043,188.88414191612623,31.77106665856506,24.62237798615534,11.473675040414477,8.898255323193926,7.571428364294844,6.927822000287185,6.731807391976578,6.166344332140476,5.79269733317958,0.5652117381371383,93,0.3872340425531915,2.789943744867365,0.041201288390872386,,,,,,,,,False
2022-12-08,470,0.4037362366407609,5.748738699575268,189.75603122115768,31.718672530816818,23.85439068302784,11.433518607186944,8.847859766615805,7.6243646867514805,6.86798107767904,6.646124124061152,6.195844288543055,5.654842863388202,0.565128665550649,91,0.3872340425531915,2.7779641661270795,0.06263212811323322,,,,,,,,,False
2022-12-09,470,0.401885446098622,5.796323832005661,188.88615966635234,32.137223094817784,23.471540108623763,11.500258672324943,8.819332183837574,7.564273782622164,6.930411153195836,6.653805883277171,6.296980579613023,5.681387752084289,0.5634351355871413,96,0.3851063829787234,2.8206796658085795,0.0477521208546931,,,,,,,,,False
2022-12-12,470,0.40465155712131895,5.735024520481563,190.18623184701985,30.696791051041018,23.537118398441233,11.53232603860953,8.793066595663674,7.581638176408353,6.9306256412154035,6.659346208957582,6.333507578504649,5.657304866104747,0.5632883700654796,97,0.39148936170212767,2.8080657790708385,0.027373769450619242,0.019168438915163965,94.74642293461571,89.3968815323403,0.01889927014097943,94.89653968668918,89.54726745318796,0.9994961756577546,0.0005038243422453847,False
2022-12-13,470,0.40700386318377424,5.688195095716549,191.2918156963739,28.66760223637351,23.644214824822132,11.959349203287324,8.800625827603717,7.513353983521959,6.968942465899907,6.765101215020963,6.2633960950797345,5.5985808609683065,0.5624757612520437,98,0.39148936170212767,2.824997803417313,0.03232772308669419,,,,,,,,,False
2022-12-14,470,0.3993374143128055,5.887145815645058,187.68858472701862,29.019631265952498,23.988204355652968,11.82033640707597,8.871904922707202,7.5506175253413375,7.0447178092486,6.854035768594909,6.397839533141951,5.659301883941502,0.5561460886774622,100,0.39361702127659576,2.819505357715514,0.024842353581635893,,,,,,,,,False
2022-12-15,470,0.4031237756774436,5.788712761586174,189.46817456839847,29.01622617456921,23.459245268249095,11.948901698921496,8.811574611803781,7.437896014570257,7.024150420699123,6.772398800505337,6.358569917326154,5.588554752828889,0.5589449411105151,98,0.39148936170212767,2.8199926201442356,0.036056798076486866,,,,,,,,,False
2022-12-16,470,0.40322225969681313,5.791225212965141,189.51446205750216,28.65018552548806,23.172633921913842,11.808412948453807,8.791640250534524,7.489344901029579,7.024678267727831,6.804435880621128,6.309541915805475,5.603406880147103,0.5573134780933882,101,0.3893617021276596,2.85388064765042,0.029977770720863765,,,,,,,,,False
2022-12-19,470,0.40468227323536676,5.7561013000272006,190.20066842062238,28.100900438676646,23.301526913238845,11.795877772420365,8.802278104273348,7.403178322253268,7.012376083302389,6.8233077961636575,6.28454380046019,5.561877684999795,0.5578750035090034,102,0.3851063829787234,2.8756801992808363,0.03054938075579549,0.018444729359676715,95.31254746809466,89.94268371194316,0.018674020880908818,94.45010918357347,89.08001613590073,0.9995664698122535,0.0004335301877465003,False
2022-12-20,470,0.4053385029080873,5.739313843878829,190.50909636680103,27.9514249348774,23.414516110125348,11.80206463218451,8.779886390213644,7.432853934131043,6.96644638847535,6.84961517538106,6.222781275389005,5.528861663222648,0.5584191243280893,102,0.3829787234042553,2.882486719650605,0.01773805743319875,,,,,,,,,False
2022-12-21,470,0.4071706482374954,5.694607212325792,191.3702046716228,27.68534345675025,23.259888780179896,11.777062149396453,8.661933343752178,7.3995029596252,6.982290678362289,6.828730610007769,6.253055092479695,5.537578311757493,0.5590519838334077,102,0.3872340425531915,2.870494408490934,0.01732976455110466,,,,,,,,,False
2022-12-22,470,0.410320542761943,5.622172834706052,192.85065509811318,28.42734320297071,20.737811023092245,11.628063397375293,8.873998202734363,7.433512361466949,7.013952838903207,6.662834510003286,6.1167880256460005,5.552212515644566,0.5585486615410338,101,0.39787234042553193,2.834103177134955,0.028172208864492128,,,,,,,,,False
2022-12-23,470,0.4118024403663646,5.585838683929748,193.54714697219134,28.008211397831538,21.02841455409025,11.71774116470355,8.770881266939298,7.40571050488294,7.036188359538481,6.603293998705727,6.093624963955864,5.542924884816983,0.5597285007569277,100,0.39148936170212767,2.8409958275947043,0.019362155786417458,,,,,,,,,False
2022-12-27,470,0.41128038116054977,5.603682725471994,193.30177914545834,27.068896895084478,21.302039565828778,11.787044438658576,8.847201961537305,7.445262291772767,7.0596290590914945,6.6739373331427485,6.112725256089882,5.605725527161875,0.5580999191629097,100,0.5340425531914894,2.53503394893659,0.1227509867077984,0.01921204694877492,94.40017337936726,89.18855898810703,0.01836748115250176,94.61852477377091,89.40775494830696,0.9998243698641631,0.00017563013583687948,False
2022-12-28,470,0.41317386504747994,5.556414289053624,194.19171657231556,26.905328694471187,21.421506656599203,11.753462935005853,8.798675188899892,7.396146807196688,7.07090887100013,6.67548235142327,6.119711783613914,5.58115857097687,0.5597248724410463,101,0.5297872340425532,2.559835272640368,0.12375810915029714,,,,,,,,,False
2022-12-29,470,0.41487173191854526,5.515974089737892,194.9897140017162,26.684994925180455,21.392716122917403,11.6509794031234,8.77018423132036,7.43170568521898,7.045215909747177,6.633099445009742,6.104822999116656,5.520661566573797,0.5606140184771444,102,0.5276595744680851,2.5736979155559565,0.12883001406342148,,,,,,,,,False
2022-12-30,470,0.4160329709754079,5.485549661883221,195.53549635844172,26.919432692223186,21.4561792822858,11.685395422820687,8.622308536504626,7.443845010319877,7.0186272246282675,6.483105704200292,6.0761683724921935,5.383453184349844,0.5621676857282469,100,0.5297872340425532,2.5557724162479967,0.12141722995962437,,,,,,,,,False
2023-01-03,470,0.4152305630365838,5.5023758911922975,195.15836462719437,27.102174403998774,21.760873442925135,11.61752390661001,8.912384865024833,7.499963058453071,6.8815161895621095,6.447697389053603,6.042676750551898,5.370176536077445,0.5628751515867088,99,0.5340425531914894,2.5118718640069173,0.12006532686113505,,,,,,,,,False
2023-01-04,470,0.4159359102875308,5.48452467574402,195.48987783513945,27.056007266617193,21.833592204634005,11.711400021744286,9.12884289027901,7.451548357185324,6.775924479239857,6.438106449810252,5.969073693317667,5.358158526690859,0.5642972770604553,99,0.5255319148936171,2.5559932368524465,0.010552102708342784,0.018205800731493253,94.7349783463287,89.64818378014071,0.01874414426160657,94.87529174959393,89.78795883987583,0.9998243595084674,0.00017564049153262484,False
2023-01-05,470,0.41396649704777005,5.531456300640807,194.56425361245198,27.305895221712387,21.855218130911414,11.780211524875561,9.326202354744122,7.322112559455665,6.601653853790677,6.297968468382435,6.059193932035151,5.437512712575607,0.5634718741376499,102,0.5255319148936171,2.590025653344141,0.03128430794356485,,,,,,,,,False
2023-01-06,470,0.41903916117912354,5.414172430405247,196.94840575418806,26.424158958777458,21.77367674238726,11.500849552411797,9.189883730168997,7.221942937898408,6.523318774842749,6.297864659920751,5.943408498528118,5.404371477775392,0.5656105845487949,101,0.5255319148936171,2.565174579588269,0.02588576872476523,,,,,,,,,False
2023-01-09,470,0.41250167745388117,5.570904693495683,193.87578840332415,26.608752170429963,22.227942380595916,11.848638223111358,9.288086163276027,7.309380680135851,6.71930807567958,6.347910794730467,5.998640373164388,5.47195376628031,0.561381292214335,103,0.5276595744680851,2.5818617242253863,0.03348908950687293,,,,,,,,,False
2023-01-10,470,0.4131283936686023,5.559360353615687,194.17034502424306,26.200109545314266,21.948064814122784,11.926873152154943,9.252446923633784,7.315860463328259,6.709779366114161,6.357217534119708,5.911902695725617,5.4582869069036795,0.5606337009775934,104,0.5340425531914894,2.55876430443553,0.03733611577371501,,,,,,,,,False
2023-01-11,470,0.41431029002253683,5.531346438902253,194.72583631059229,26.092777149147704,21.655445749075202,12.195297836683942,9.227727230950364,7.308697786405826,6.799355157964143,6.364975839145281,5.884911505710557,5.428732241119137,0.561483158034999,105,0.5191489361702127,2.619172509193245,0.04307036247334755,0.01915547037713249,94.87160930885507,89.73541768959822,0.019135722608100356,94.34493088347065,89.20875901198285,0.9996105701698333,0.00038942983016665433,False
2023-01-12,470,0.41507869292194166,5.513436546497557,195.0869856733126,25.992492162485966,21.542842614952185,12.100147233493189,9.199701091897598,7.307901950175429,6.853918479437179,6.369645683090883,5.880392964640686,5.442525516020696,0.5615365293109393,101,0.5063829787234042,2.6506669161325114,0.037381481649503244,,,,,,,,,False
2023-01-13,470,0.41554903095442003,5.505346842603755,195.30804454857747,25.97101713558778,20.847437901594382,12.11593163267015,9.171287147651341,7.321678870287512,6.861184646113443,6.3955120896689515,5.880170896305067,5.456705889075123,0.560454719927832,100,0.5063829787234042,2.643095295967623,0.05124529329038697,,,,,,,,,False
2023-01-17,470,0.41601260764754383,5.4955811257794975,195.5259255943456,25.86988984355206,20.700989084665235,12.083680261646482,9.170521356074783,7.335758808289598,6.876804252545145,6.257865021484484,5.819526349569482,5.4481358530947235,0.560321289660179,99,0.5148936170212766,2.608067914469226,0.03125708841809191,,,,,,,,,False
2023-01-18,470,0.4180887744095905,5.445230400884168,196.50172397250753,25.468942011118166,21.124794033898052,12.019794888854541,8.931506149421729,7.384923147551358,6.938631357660879,6.258683394446056,5.784991299040682,5.4258384324410835,0.5618016192676596,98,0.5148936170212766,2.5825279152277414,0.03482284625504695,,,,,,,,,False
2023-01-19,470,0.41872528072164605,5.430889901956596,196.80088193917356,25.34889871065453,21.30759751206281,11.754584568682393,8.46792916378827,7.31851861623067,7.108993815344415,6.346412623115276,5.772812182890488,5.442603128621988,0.5610210465837483,98,0.5085106382978724,2.634960005733735,0.054348319194302046,0.018353834502869204,95.39225801691072,90.3617395611729,0.01894885920387751,94.36584321191236,89.33472973147354,0.9995371491769585,0.00046285082304153846,False
2023-01-20,470,0.42102976918447865,5.3744693576996925,197.8839915167049,25.367317690863732,21.466380509114174,11.748821438471108,8.430952616097557,7.243924370290303,7.11685317820779,6.341642473095664,5.773776299277991,5.3795365992188575,0.5636116250452161,96,0.5319148936170213,2.511225204205614,0.06259583541260264,,,,,,,,,False
2023-01-23,470,0.4217836232549923,5.355421337656852,198.2383029298463,25.4594357164871,21.643368488246413,11.73925241777204,8.41462885755774,7.239564620016706,6.913186513299406,6.318221027357859,5.602582958259542,5.350008143186621,0.5648829540636376,99,0.5042553191489362,2.6503025670604003,0.06186998139999093,,,,,,,,,False
2023-01-24,470,0.42151845072202554,5.361168610949829,198.11367183935204,25.492118160188884,21.746281625716307,11.74684242508203,8.248260560478581,7.294856585996214,6.865910990941975,6.326221964971216,5.60355821090263,5.42196482461398,0.5645684566187612,99,0.5085106382978724,2.6441649633033317,0.03739962799981854,,,,,,,,,False
2023-01-25,470,0.4215639596422622,5.361033349177146,198.1350610318632,25.436396365065054,21.694558525172038,11.608167198894083,8.288510554899322,7.422840548866457,6.774538891348703,6.337698329583803,5.607165111445783,5.375910517758016,0.5641759439912633,99,0.5127659574468085,2.623271598990461,0.0468538765140861,,,,,,,,,False
2023-01-26,470,0.4228373452500732,5.331988483450969,198.7335522675345,25.608223753099224,21.248466261621754,11.617097973737636,8.205175220276043,7.369375828422227,6.780495609248488,6.328523607975965,5.660353071820704,5.42666009891614,0.5647074797367427,102,0.5106382978723404,2.6477495748808337,0.06554461733883772,0.017991415370615053,95.24990804111735,90.32276548754584,0.018128689703343172,94.69246556466497,89.76518573676073,0.9995300857130861,0.00046991428691389725,False
2023-01-27,470,0.42250858856164913,5.338784137567687,198.57903662397513,25.582381369094186,21.37088440682454,11.866906480993638,8.19930178107822,7.421517153954213,6.668361337877021,6.345560234967618,5.703681498591625,5.417964100574692,0.565103214174395,102,0.4978723404255319,2.6725366117782543,0.044213582543211,,,,,,,,,False
2023-01-30,470,0.42369906327609647,5.309925115800663,199.13855973976536,25.746496948885937,21.3177168347928,11.826942398198494,8.212096737598365,7.441012589987606,6.650189333961904,6.32457534791785,5.70493296330449,5.412331134691686,0.5664719418281722,101,0.5148936170212766,2.5939140169057446,0.03463230957673638,,,,,,,,,False
2023-01-31,470,0.42750915078048213,5.226086881519576,200.92930086682657,25.717884195216513,20.56775509365173,11.332729554431008,8.187149285466234,7.421891635283378,6.744116174320381,6.32713370001383,5.602994663562889,5.307429762991,0.5675208914799832,100,0.5170212765957447,2.5838850974101155,0.04101982488771946,,,,,,,,,False
2023-02-01,470,0.42414856742846774,5.303039318194044,199.34982669137986,25.671097493887387,20.96501260603484,11.298473328923926,8.235283529129163,7.383955087688879,6.754458592471121,6.268755777834114,5.632893827978253,5.336536742924969,0.5649355184028833,100,0.5106382978723404,2.620498886790945,0.04694460826566257,,,,,,,,,False
2023-02-02,470,0.4212934727068226,5.366137159898955,198.00793217220655,25.262027772333663,22.422555961107392,11.385579212038436,7.976059814951119,7.302423620577857,6.681049577709232,6.263029809944608,5.718631032057914,5.31323382093678,0.5639450104949729,104,0.5255319148936171,2.5681221246969126,0.05655310075761012,0.018416748570193122,94.96313480954542,89.9998743737831,0.018853176745951584,94.6344160550637,89.67071919112561,0.9995140239648114,0.00048597603518862886,False
2023-02-03,470,0.41860945828241997,5.430416399255666,196.74644539273737,25.216608557149506,22.552851582153234,11.498987240071138,7.931458789478878,7.293502784702303,6.665100454154729,6.264983789479362,5.776109758247234,5.264892822738178,0.5615879820459364,103,0.5063829787234042,2.6378251120791547,0.03482284625504695,,,,,,,,,False
2023-02-06,470,0.4184443651514624,5.434855842315531,196.66885162118734,24.97592869057065,22.765516951012795,11.494793141279331,7.888339939582252,7.286795154781304,6.7368204972948025,6.281299594882656,5.7654120805955875,5.263102688474543,0.5612626177524093,103,0.502127659574468,2.663279885809428,0.03899650682756431,,,,,,,,,False
2023-02-07,470,0.41813765298719924,5.441589432411269,196.52469690398357,25.264500097866225,22.611512516274775,11.487613832533661,7.876671761428176,7.234047579294073,6.689577454188496,6.253235381129301,5.767303837146244,5.271167893336147,0.5612021172597585,103,0.5127659574468085,2.6229910858477887,0.03080342966020959,,,,,,,,,False
2023-02-08,470,0.41787024904838693,5.449602584776654,196.39901705274187,25.204862115689178,22.499839508281084,11.328250439139218,7.831683007882542,7.240303481905104,6.6883496832573925,6.304194989225949,5.764186889487755,5.270675794115601,0.5601354300504976,104,0.5,2.6795595434415436,0.041237581091502974,,,,,,,,,False
2023-02-09,470,0.4181689392856555,5.445647680930812,196.5394014642581,24.863907069410786,22.29642927175287,11.34773873561656,7.843363136218901,7.2044762181944435,6.649182029895925,6.245054303796995,5.740629237527266,5.257337627106609,0.5593422120792705,103,0.5042553191489362,2.647843752806214,0.04822392596289071,0.018404446866564367,94.89598484409191,89.85010165558019,0.01823307464130107,94.49936911068892,89.45365729440245,0.9997933874097197,0.00020661259028031953,False
2023-02-10,470,0.4162094000257925,5.49214956683612,195.61841801212245,24.49389796413977,22.980419643907304,11.538121385761865,7.857398742445078,7.13682941310589,6.6141655682712726,6.319585031089216,5.694855779302099,5.248266962141896,0.5584856505284607,106,0.49148936170212765,2.709176405260971,0.05303270879644331,,,,,,,,,False
2023-02-13,470,0.41419102582783224,5.542204077522283,194.66978213908112,24.56358656914352,23.037754110249836,11.392317030462259,7.885502242755164,7.160957227039161,6.629009214193925,6.28471422173292,5.72699353848215,5.3257203343271335,0.5564871108333871,107,0.4978723404255319,2.706956942296872,0.026266842081386382,,,,,,,,,False
2023-02-14,470,0.4142419031814235,5.541678204346158,194.693694495269,24.50088975303511,22.97591544008942,11.407827734452116,7.912059100164864,7.119778066887527,6.626630235503309,6.294033563456321,5.697498209025439,5.382544463591269,0.5563625245170438,107,0.4978723404255319,2.707285550878652,0.0282447942657533,,,,,,,,,False
2023-02-15,470,0.413246750246138,5.567117022526833,194.22597261568478,24.442136879300953,23.031081782144494,11.342605831298673,7.917289517249593,7.1178374482569176,6.627927082408654,6.288307513676997,5.770246773885965,5.375410552738592,0.5552320992035714,108,0.5,2.706581493974901,0.025831329673819355,,,,,,,,,False
2023-02-16,470,0.41182921982307485,5.602859177656574,193.5597333168452,24.456062727292572,23.058750007690758,11.366140802732541,7.946194367016259,7.12106796095463,6.628904293901553,6.241413448753778,5.762216203839084,5.42278278258501,0.5540146408969729,107,0.5127659574468085,2.645169297935622,0.02629406160685932,0.018027683855010086,95.69834917182168,90.48929153013317,0.01897404370772682,95.16918923658544,89.95918523504422,0.9995965517752996,0.00040344822470039787,False
2023-02-17,470,0.4027560443215585,5.831581245971965,189.29534083113245,25.88438444546088,23.09078557295047,11.067849983536966,8.04726638919831,7.11578703084984,6.679212803164407,6.319593104819694,5.884476229807511,5.493930668080833,0.5476289940899556,108,0.5042553191489362,2.6828100872648992,0.04244431338746994,,,,,,,,,False
2023-02-21,470,0.40582067119622756,5.751592051076404,190.73571546222695,25.79471705580302,22.963698954784373,10.940875974902713,7.992408339506559,7.0808528458293,6.618979207967573,6.306458838387412,5.863678013176336,5.454033778732164,0.5498455655047311,111,0.4978723404255319,2.7209200693040887,0.03827972599011024,,,,,,,,,False
2023-02-22,470,0.40366577703675305,5.810017306254739,189.7229152072739,25.93895971880236,22.697667947903632,10.845108775501803,7.991797478302294,7.098359109674731,6.650551286824232,6.2855039123116985,5.931113961427265,5.461798921363547,0.5472264875059234,112,0.49361702127659574,2.7642317676545645,0.047234949870707255,,,,,,,,,False
2023-02-23,470,0.4020301427602174,5.85431215473044,188.95416709730222,26.001632418463412,22.661773188713827,10.815670499081186,7.986385092445552,7.077319178920293,6.684854411528813,6.27740635567495,5.946552763684638,5.452736434341848,0.545573677225545,110,0.4851063829787234,2.777662394816521,0.0725581817356984,,,,,,,,,False
2023-02-24,470,0.40298093053264167,5.8325022048872786,189.40103735034154,25.392436320106547,22.718427738094718,10.850453658173638,8.057410842700502,7.141597464539219,6.670461054394847,6.2547087460369415,5.88525389764052,5.485195697345071,0.5455739700200362,112,0.4851063829787234,2.802545853179857,0.04605543710021322,0.01875027267706961,95.26689880311753,89.81862725608582,0.018732767379937187,94.62423205408452,89.17597801234994,0.9996257359383777,0.0003742640616223314,False
2023-02-27,470,0.40260085491175385,5.845632299274981,189.2224018085243,25.1835569623449,22.54178089319788,10.741298341111172,8.06826769632638,7.158184870297266,6.68331522199999,6.272166268193331,5.894279283910667,5.489063650732233,0.5441644802159673,111,0.48723404255319147,2.7929863023921624,0.04727124257133784,,,,,,,,,False
2023-02-28,470,0.40269100467507724,5.84247914738535,189.26477219728628,25.335522345466586,22.526409049237813,10.76741559365325,8.002676055239398,7.1330286910270555,6.622850960560446,6.302394544582059,5.882569102900568,5.470487073684122,0.5444612664699645,113,0.4851063829787234,2.8099485913409383,0.022374449938756067,,,,,,,,,False
2023-03-01,470,0.39920639080449183,5.936373708519228,187.62700367811118,25.329627576763166,22.739411949261203,10.857083202802027,8.043316823352171,7.1802233325216935,6.680067351254789,6.282222428588562,5.931789639193389,5.47495828106263,0.5416945600644463,115,0.4425531914893617,2.956719431847816,0.054420904595563216,,,,,,,,,False
2023-03-02,470,0.39968489796524787,5.923747507906542,187.85190204366654,25.238448656555487,22.719362634382062,10.899512107065597,8.140896843520931,7.279807784863102,6.6803585295323025,6.272572606662933,5.915395064008307,5.3807782702053215,0.542234302734448,112,0.3680851063829787,3.014973398054562,0.10564805153563489,,,,,,,,,False
2023-03-03,470,0.39953441423048947,5.928225483402629,187.78117468833005,25.162820043592685,22.723159261793036,10.938391845055389,8.158011857037177,7.274114069016365,6.699582301208332,6.255978646683887,5.928101036281542,5.3961047624553276,0.5420501227570389,109,0.37872340425531914,2.9747109786000516,0.1190763507689516,0.018386744586707967,95.29701430967428,89.74993649591543,0.01917914589734143,94.55315992528817,89.00528971021869,0.9997558026838936,0.00024419731610636486,False
2023-03-06,470,0.39856387666793525,5.954267049628739,187.3250220339296,25.22807716346003,22.750641657526188,10.945099395165311,8.175796798105726,7.284236047227795,6.704342127678296,6.289276291033453,5.965771325269048,5.471039576202158,0.5413290149961422,112,0.41702127659574467,2.9547112247095653,0.08047906364832373,,,,,,,,,False
2023-03-07,470,0.38730562174262084,6.2727275622268905,182.03364221903178,25.7474279897199,23.0463134326331,10.835261137357652,8.475207764563518,7.435410379362823,6.821606172997137,6.411869245541434,6.223414248021632,5.59418333303061,0.5322081969006509,117,0.3574468085106383,3.1629277362780286,0.11709839858458468,,,,,,,,,False
2023-03-08,470,0.38859253273934086,6.2342464229609025,182.63849038749024,25.779004296876657,23.084886823158616,10.801999705076025,8.397011965612535,7.483355472668686,6.6662718502426985,6.4246692707860475,6.246568632190248,5.598763041396226,0.533407219528115,114,0.3638297872340426,3.1253659138011383,0.07436374359207004,,,,,,,,,False
2023-03-09,470,0.3914285744883967,6.15054458294265,183.97143000954648,25.84234030314838,23.192654795136423,10.61947211048371,8.369728624510607,7.207956291114288,6.640698361292471,6.36271428536399,6.165423144975225,5.68727601473806,0.536160906048565,116,0.3659574468085106,3.1070107793189266,0.031601869074082474,,,,,,,,,False
2023-03-10,470,0.3959072292086168,6.025874185007128,186.07639772804987,25.63850642114566,22.844650672492207,10.637044428255141,8.330606326263478,7.163963394504974,6.776154499591083,6.222453055134456,6.115065264978753,5.68004043562551,0.5394195863323541,111,0.4787234042553192,2.7732156382040247,0.09531370503107563,0.018230048731219122,95.25927850925335,89.61108150472361,0.018769964259610472,94.36553997267822,88.71680305262011,0.9993990624332608,0.0006009375667391792,False
2023-03-13,470,0.39093555121019863,6.1583421031605345,183.7397090687934,25.694061546719865,23.77292360915988,10.969153671625026,9.092046398094158,7.611886122772479,6.981336295872542,6.513006765130065,6.069204865155617,5.6480201616867,0.5388678602008347,117,0.41914893617021276,2.971918938188456,0.07138774214036202,,,,,,,,,False
2023-03-14,470,0.390113810589939,6.183403296629488,183.3534909772713,25.668394408919834,23.692499306809214,11.004539787225301,8.997740022515345,7.600002992509104,7.041308430447758,6.497869753111715,6.0344724136261085,5.668558162094713,0.5376950308568957,116,0.3425531914893617,3.1837551787027474,0.04868665789593068,,,,,,,,,False
2023-03-15,470,0.3866076283940808,6.272966849531834,181.70558534521797,26.612649927349658,24.589167187514203,10.87362747554679,9.151068657540158,7.626113685073564,7.1026368360846615,6.508368029151901,5.953049530945046,5.60342673618318,0.5381534012620612,115,0.34893617021276596,3.13890771427373,0.04784285260626957,,,,,,,,,False
2023-03-16,470,0.3864694133276824,6.277823353174127,181.64062426401074,26.583411148238156,24.468565547254894,10.998808987524342,9.156113381312299,7.607420901799101,7.087511303115159,6.523856973003815,5.974817356047307,5.667737999332323,0.537973453890086,115,0.3553191489361702,3.1080718241058443,0.043787143310801614,,,,,,,,,False
2023-03-17,470,0.3853799510246128,6.315830815991103,181.12857698156802,26.428606423269414,23.958563385218202,10.738721816993078,9.54075379038905,7.684114722894236,7.1038386939672105,6.509520925077992,6.002325128348131,5.656559735759168,0.5357345157392293,115,0.33404255319148934,3.2215188271740565,0.130844258948419,0.018461677565048032,95.2978146021447,89.34890205961315,0.01849632197257273,94.99709708849053,89.04814990155147,0.9994247508632088,0.0005752491367911894,False
2023-03-20,470,0.3840967305669963,6.350051919838659,180.52546336648822,26.627043668490874,24.44335864406169,10.558380276809867,9.51293247289285,7.590948413055062,7.108859965967055,6.545350623820022,6.023363560094895,5.66311390477991,0.5354620817632841,116,0.32978723404255317,3.2487027475697863,0.09063194664973007,,,,,,,,,False
2023-03-21,470,0.38411345051542983,6.346153880473469,180.5333217422521,26.737491199172844,24.60869347545881,10.663919060337403,9.633895017541176,7.646364911584893,7.138230869192766,6.511506781655469,6.025186783667619,5.671475305870742,0.5365474904143877,112,0.3382978723404255,3.188914750419596,0.03906909222882548,,,,,,,,,False
2023-03-22,470,0.3839111240697855,6.352182533441131,180.4382283127992,26.849316074313457,24.512788364977038,10.561701066897076,9.8114360479428,7.652923474611425,7.0555110904495315,6.417103174203449,6.058396363964163,5.685806578304396,0.5365392975892119,115,0.3404255319148936,3.225644714481627,0.034087919067277594,,,,,,,,,False
2023-03-23,470,0.3796508613203418,6.480812834267285,178.43590482056067,26.77524780467093,24.861456054451185,10.804610785319955,10.008201336492668,7.689998369034841,7.057288376735963,6.4765789411208985,6.101124373420835,5.75826420064322,0.5337987676627561,117,0.32978723404255317,3.246838206507239,0.0266025495622193,,,,,,,,,False
2023-03-24,470,0.3792756439262089,6.482678615058658,178.2595526453182,27.94591698147631,24.820498376727922,10.811002431067152,9.895199522565207,7.711228656297504,7.064815080881997,6.251048478042985,5.983565578645513,5.68231493544417,0.5356003616109676,118,0.2765957446808511,3.3039270552008073,0.0669872521889035,0.0188951679202715,94.83467344293275,88.71237530388004,0.019425364334767298,94.42365648228848,88.30082814682126,0.9995020381155305,0.0004979618844694889,False
2023-03-27,470,0.37134622709899756,6.7271604712596815,174.53272673652884,28.50120689785964,25.28861302271548,11.013111153677889,9.976692688068319,7.728108531142972,7.176116920884171,6.354865700417037,6.06472160471981,5.761225470673645,0.5304518095720216,118,0.2723404255319149,3.324799528121297,0.05999183414235812,,,,,,,,,False
2023-03-28,470,0.3615571363042775,7.054159750480096,169.9318540630104,28.859846509221498,25.47083803553628,11.283637934236586,10.1705277955905,7.935588855619583,7.285698980521561,6.446066276961374,6.153632981169702,5.839879355271124,0.5228014985906283,124,0.24468085106382978,3.4270044148164587,0.06598012974640476,,,,,,,,,False
2023-03-29,470,0.3640870269993039,6.972999957247646,171.12090268967287,28.398872503565116,25.309398495697486,11.257312619753662,9.946847209811175,7.9219535385882835,7.28342871527215,6.44983221786075,6.143579023543723,5.893304365303741,0.5234751776989367,122,0.2553191489361702,3.4110940557215703,0.06454656807149663,,,,,,,,,False
2023-03-30,470,0.36386671130133846,6.986317505354874,171.01735431162905,27.72669249964213,25.431446911379492,11.344852122850321,9.96939888363552,7.819267613071333,7.321102308186038,6.480585997120028,6.193126550637941,5.944538731755506,0.5223186058066734,125,0.2553191489361702,3.445123861486737,0.06590754434514358,,,,,,,,,False
2023-03-31,470,0.3608509138284637,7.088268730771023,169.59992949937794,28.070619232037142,25.418215234169477,11.366653462404336,10.048743348813666,7.892718850065924,7.387312095071495,6.552779301522448,6.227668161150361,5.901539355119546,0.5202216186740479,124,0.251063829787234,3.441397814916427,0.022211132785918433,0.018398321640690905,95.12600493605949,88.38018879747624,0.018541490438910575,95.06119468314522,88.31523537576375,0.9994606456131006,0.0005393543868994488,False
2023-04-03,470,0.36064255896713504,7.093327849082398,169.5020027145535,27.520212644474917,26.204828856962035,11.329146122422282,10.162263912738945,7.898431799192709,7.499721509572787,6.614282517348392,6.20266993748762,5.738602985953537,0.5206775622364928,124,0.2531914893617021,3.433896603395474,0.021086059066370275,,,,,,,,,False
2023-04-04,470,0.3622887037142193,7.036050047830646,170.27569074568305,27.146361766911728,26.50924656022759,11.314171140165435,10.077711598375044,7.936702938761831,7.6139841437810665,6.457662305110306,6.076579904459415,5.647427920892555,0.521964216619921,124,0.2425531914893617,3.4626178728469426,0.011840493580728575,,,,,,,,,False
2023-04-05,470,0.3612888903686533,7.06676095649943,169.80577847326708,27.569025217242938,26.276492366712876,11.67710780536828,10.025492156630175,8.1162885344292,7.704540532344169,6.533088017843605,6.10163154445652,5.767424010534505,0.5220295659983432,122,0.2680851063829787,3.357466976139678,0.0321734791090142,,,,,,,,,False
2023-04-06,470,0.35627297049334467,7.245147583914006,167.44829613187198,27.5616980385965,26.40524411777197,11.916333318098559,10.205086376101171,8.127384901912874,7.681804558972443,6.454765919262171,6.1380158987784394,5.802629346034161,0.5181631020902983,128,0.34893617021276596,3.2834624220040656,0.08542394410924103,,,,,,,,,False
2023-04-10,470,0.3504682592497313,7.450288608440173,164.72008184737368,28.144681976959866,26.7630712058918,12.019886495063627,10.275855970622587,8.057350931530886,7.723342989731821,6.545454438426488,6.191332657603408,5.788900711197689,0.5147310159487481,133,0.2680851063829787,3.433533804727705,0.025540988068774667,0.018117356737187423,94.9670316443355,87.84909393840788,0.019373239604214092,94.14662129396604,87.02742770517138,0.999412290404359,0.0005877095956410283,False
2023-04-11,470,0.3450588763274082,7.652082975687823,162.17767187388188,28.394685180404924,27.035871815125546,12.150672777521919,10.45273101974021,8.169231275305972,7.802830710070385,6.591301525344025,6.269369670247621,5.829294236095746,0.5110885801418605,136,0.26382978723404255,3.508320453352727,0.08900784829651136,,,,,,,,,False
2023-04-12,470,0.34351901315764133,7.71013064056454,161.4539361840914,28.500518727591768,27.113304341141767,12.216651495019565,10.451827196665509,8.19644715388231,7.8471339056273255,6.6231819682292645,6.306428171585302,5.846208613166238,0.5100771020095959,136,0.2702127659574468,3.509487757533223,0.08279272331352357,,,,,,,,,False
2023-04-13,470,0.3441952395534954,7.687004120477772,161.77176259014288,28.49862226775961,26.7742692455219,12.305641961484383,10.425325165803173,8.126801174355034,7.958666709606715,6.5035979295519395,6.286065748824652,5.888874627903708,0.5101608962355573,132,0.3021276595744681,3.501474247698087,0.08497028535135871,,,,,,,,,False
2023-04-14,470,0.34454817141315924,7.670250715490132,161.93764056418485,28.630594287160527,26.856645279818835,12.409035328270257,10.353396352097096,8.205719919363302,7.8960225157349235,6.53378380640271,6.172045696444533,5.730249849617336,0.5110368336415565,130,0.2425531914893617,3.5660079647679974,0.08957945833144308,,,,,,,,,False
2023-04-17,470,0.3411028028310916,7.80201925250145,160.318317330613,29.088821591789593,26.75756886557434,12.323059362604447,10.859058946517548,8.302369986839068,7.991070117463465,6.598974202823621,6.205242545092952,5.7445961465893385,0.5092485661640405,131,0.27872340425531916,3.435776819489269,0.035929773624279814,0.01821652204484797,95.31571045722093,87.83657748550573,0.01846740009255219,94.59314005494326,87.11375620518035,0.9989290976831446,0.00107090231685536,False
2023-04-18,470,0.3416080558788462,7.784282347157193,160.5557862630577,28.958311565260093,26.683110296238176,12.18820628838311,10.890067283402896,8.390283059148192,7.982569867076553,6.64572350466255,6.233329510311614,5.801749761412405,0.509096769566685,133,0.2765957446808511,3.4180567002339677,0.08380891893117996,,,,,,,,,False
2023-04-19,470,0.33754574553757916,7.947586502254115,158.64650040266213,29.069532618444317,26.746072673409735,12.238225867696805,10.992194507279914,8.534021205030458,8.075512234531386,6.689278946717581,6.32433264113416,5.854428254472138,0.5057287788712618,132,0.2702127659574468,3.4452182671959433,0.08036111237127433,,,,,,,,,False
2023-04-20,470,0.33884960159049277,7.895824315717803,159.25931274753157,29.14372277467114,26.449075215811984,12.254579905059588,11.106786110009823,8.429202911418841,8.138296047584873,6.666475506916633,6.291188601479932,5.8863518586732555,0.5068371845810301,134,0.2425531914893617,3.5459371710360963,0.07159642516898788,,,,,,,,,False
2023-04-21,470,0.34047654003609573,7.827096631719812,160.023973816965,29.27562817571813,26.40301264916531,12.336879201550243,11.095803407275195,8.35433036116542,8.20230093438322,6.709973097602866,6.278836435174924,5.806657353341635,0.5087985047886678,135,0.24680851063829787,3.5676814696772765,0.027446354851880416,,,,,,,,,False
2023-04-24,470,0.3365938127573024,7.985858978000004,158.19909199593212,29.011356312993662,26.868817865089138,12.12769117724627,11.243766373333138,8.497675809757938,8.325427925897037,6.809760345116423,6.385209477902251,5.905374885843325,0.5052143057970092,138,0.2680851063829787,3.513672937424253,0.02290069409789956,0.018927595915342283,94.95320324338344,87.28501048222539,0.01936212207637808,94.5026487557712,86.83402146845212,0.9987874901298354,0.0012125098701646353,False
2023-04-25,470,0.3385088299851052,7.905862750764931,159.09915009299937,29.3932194246131,26.598761539836417,12.00768278920198,11.076239851758862,8.463573659535973,8.25003912974353,6.791124430754158,6.315607652996218,5.875756797920871,0.5067554334008719,132,0.26595744680851063,3.489142995350523,0.021421766547203194,,,,,,,,,False
2023-04-26,470,0.34004518580217563,7.841881398826228,159.82123732702252,29.39868661783826,26.661870760609858,11.984333019106394,11.043704797076236,8.4354990104308,8.217859861513686,6.781096178415927,6.30976797106678,5.874413342646639,0.5083187925992624,130,0.2680851063829787,3.4851800893159552,0.017474935353627003,,,,,,,,,False
2023-04-27,470,0.33641604735644554,7.987837447113922,158.1155422575294,29.64655191934968,26.720118822172328,12.133109201441531,10.882923660947888,8.393974839524295,8.349762675361179,6.869357336213527,6.420524522336944,5.876982909591338,0.5053154167264698,131,0.2531914893617021,3.5359665573916206,0.03756294515265617,,,,,,,,,False
2023-04-28,470,0.34020017966711474,7.8363807413617455,159.89408444354393,29.869084334290974,26.30571638072494,12.101040641319356,10.964087103823173,8.434654655520292,7.865005097052264,6.521238336539515,6.091758109375653,5.8401586722862895,0.508795772135537,131,0.2531914893617021,3.5158512144111556,0.031048405389466044,,,,,,,,,False
2023-05-01,470,0.34036189020667973,7.825785374826552,159.97008839713948,30.13169478853856,26.576402533280433,12.193515812553262,11.19686697531723,8.1547159638268,6.624894735548817,6.427578474223929,6.179074536349578,5.722290013016254,0.510784188312402,130,0.251063829787234,3.491261988628529,0.03720909132150796,0.018430336203986153,94.65091564678484,87.14706182596098,0.018450096662912144,94.28028068099555,86.77640709971276,0.9984987132808724,0.001501286719127637,False
2023-05-02,470,0.34335787656947964,7.709033901528758,161.37820198765536,30.06686719511013,26.408412871984407,12.11967896752791,11.119940434180242,8.141089390080737,6.556756490856739,6.363754437097718,6.109580345544547,5.60643580170849,0.5129640456520386,128,0.23404255319148937,3.4759281224154717,0.04375085061017103,,,,,,,,,False
2023-05-03,470,0.3430345718496437,7.722527436826055,161.22624876933253,29.98010745463063,26.520586774068178,12.066640784282793,11.071035337917223,8.186001627074177,6.523847468082946,6.391811813131116,6.1262952521397205,5.61079218636455,0.5124779130217688,129,0.26595744680851063,3.426501305736532,0.029560404663612032,,,,,,,,,False
2023-05-04,470,0.33783733255812454,7.928470760556795,158.7835463023185,30.24038443819864,26.63028441151854,12.213791525897387,11.028493988531196,8.28248639018397,6.539433953964071,6.498410508328705,6.172081773589572,5.638041250992158,0.5082904269499241,138,0.2531914893617021,3.533445398935474,0.03946831193576192,,,,,,,,,False
2023-05-05,470,0.308275020343492,9.278667827099556,144.88925956144124,31.964908151632805,25.760631578483913,12.60426459030295,11.762906992326435,8.694455986476697,6.946709333701839,6.779466537706989,6.193881398360307,6.029980116305999,0.48294036356210074,147,0.07659574468085106,4.100601702491536,0.06696910583858821,,,,,,,,,False
2023-05-08,470,0.3111632122871915,9.187194210829997,146.24670977498002,30.263601166631243,24.730483754893196,12.538633458399715,11.880065218684553,8.222460109685738,6.894203045029536,6.646339872870388,6.15209434050102,5.998305031934256,0.4801265816459334,152,0.09148936170212765,4.1115099323528685,0.06732295966973642,0.018217758464267795,95.5690147761562,86.67476601914912,0.018705735234509635,94.84549924512409,85.95076251134677,0.9958752400092775,0.004124759990722482,False
2023-05-09,470,0.3098517718674003,9.252483042666874,145.63033277767812,30.458861792381104,24.710468662973295,12.547437203687833,11.755623485820475,8.240649025473335,6.92133933340624,6.6864585389378535,6.048917308257774,5.958223857542136,0.47894196579264015,151,0.09574468085106383,4.0941616122411535,0.06947330218209863,,,,,,,,,False
2023-05-10,470,0.3084371396286603,9.31602156725965,144.96545562547033,30.71988400654579,24.87939696736777,12.687414814500391,11.819025099338338,8.247561276189451,6.934213384136174,6.7780080228464,6.068048565463018,5.958025215323487,0.4788748436451546,156,0.08936170212765958,4.138966756845243,0.07873701401805562,,,,,,,,,False
2023-05-11,470,0.3093725996661744,9.286993405757235,145.40512184310202,30.131862302821084,24.442838635089934,12.700582217304781,11.905698681867255,8.240964944955852,6.94541273348504,6.790082172947541,6.085395835224397,5.887950201414019,0.47784277378762763,152,0.09148936170212765,4.099405799080116,0.06970013156103978,,,,,,,,,False
2023-05-12,470,0.30984632421305824,9.261210384104677,145.62777238013734,30.19409079085503,24.437862339248433,12.699614897492058,11.927375956085253,8.313208297806305,6.932747881752725,6.725826020422243,6.0667624163157985,5.858227073186759,0.4784823752421663,150,0.125531914893617,4.01895249084915,0.020414644104704442,,,,,,,,,False
2023-05-15,470,0.3088068971614832,9.30793484540131,145.1392416658971,30.63443463726007,24.31530575493332,12.742495184556297,11.911189416154498,8.299785393618706,6.945701254678963,6.744446736624497,6.0868063938593195,5.846203528327301,0.4781758865080878,153,0.09787234042553192,4.090603052467774,0.012566347593340289,0.018106305350965177,95.33090825363426,86.31367400004348,0.01874231572197548,93.63436877956099,84.61649851559919,0.9994723729192427,0.0005276270807572647,False
2023-05-16,470,0.31281335154198625,9.11247455281135,147.02227522473356,30.181927391707642,24.284728637238256,12.635399194826679,11.73658939207593,8.252204893776646,6.98248920903459,6.7353333133577395,6.097748399650685,5.85067858799117,0.48055514859698306,154,0.125531914893617,4.005528912236854,0.015460690468629497,,,,,,,,,False
2023-05-17,470,0.3118258079317511,9.154896414126146,146.55812972792302,30.644855649921666,24.157461624249517,12.650449270759065,11.719934408152694,8.285645470550758,6.9031995014297385,6.74410848464029,6.093449919333246,5.854829957764679,0.4802783631510765,153,0.1276595744680851,4.0276169642797335,0.021122351767000863,,,,,,,,,False
2023-05-18,470,0.31136194093585406,9.170552622013012,146.3401122398514,30.955074613869993,24.244315920809214,12.57458233944683,11.81596527626182,8.285451554870356,6.8794738298514835,6.744095610835065,6.0597174441938595,5.977373011090407,0.48070223487284947,153,0.1127659574468085,4.07144019537023,0.008483418772399401,,,,,,,,,False
2023-05-19,470,0.310963697939901,9.19459618371266,146.15293803175342,30.906134846523525,24.152842833367146,12.53448923985997,11.811193375708473,8.274387204334587,6.86604298750616,6.744983650440819,6.029475305679289,5.948538010643788,0.4799097836749204,151,0.12340425531914893,3.9963760040919043,0.028544209045955633,,,,,,,,,False
2023-05-22,470,0.30614912082886375,9.436884847882682,143.89008678956594,31.111222679148142,24.26593550853622,12.80824157134151,11.954046059267206,8.346901102073172,6.844997031608331,6.77626382610485,6.0491391218662995,6.004253267056949,0.4766585800167214,157,0.14042553191489363,4.071970217744608,0.019089960531688065,0.018429442446804042,94.94690332772106,85.79773815822044,0.018401872227720138,94.6273653372953,85.47822773801377,0.9996354177994172,0.0003645822005827748,False
2023-05-23,470,0.30688826118914403,9.400294878168424,144.23748275889767,31.014354771399574,24.248966713839273,12.82803697476671,11.972149711031134,8.29102480507196,6.81047021663695,6.650221753986699,6.039279940802488,5.940087319319336,0.4772361509147541,156,0.125531914893617,4.020952930587959,0.010688200335707481,,,,,,,,,False
2023-05-24,470,0.2996766646846483,9.786560057192082,140.84803240178474,31.051845655055907,24.63509769064003,12.867924929610663,11.796466474528872,8.377121626635656,6.863321249239821,6.771684952809272,6.12440537272367,6.01316446432416,0.4706369513864259,159,0.12340425531914893,4.066372373708534,0.028607721272059156,,,,,,,,,False
2023-05-25,470,0.2977354520174397,9.875902659900877,139.93566244819664,31.295178331616423,25.122681024197284,13.055344953641441,11.816902022120367,8.874330672698072,7.0321295093681915,6.754457566056428,6.058013164259557,5.947778086213179,0.470693125063345,159,0.125531914893617,4.073521119320981,0.019516399764097445,,,,,,,,,False
2023-05-26,470,0.2982563661632766,9.841290737839895,140.18049209673998,31.32880956793288,25.438976553026688,12.861404098646341,11.723030989975626,8.800802697533062,7.0605384155471835,6.645828906047242,6.060147992598707,6.004448387085197,0.4713461985240884,161,0.12340425531914893,4.098590396835455,0.02968742911581908,,,,,,,,,False
2023-05-30,470,0.2928907896428233,10.135204292983499,137.65867113212693,31.444676568145447,25.836530673866104,13.011027181112183,11.9024053798001,8.885416685397765,7.224612247158867,6.700119914775331,6.133922716047267,6.038608079530968,0.46777300198946975,168,0.10425531914893617,4.230754861101538,0.019271424034840993,0.018995146567327877,94.79552256957294,84.93421391966493,0.01872643123628806,94.42713980393921,84.56609986936225,0.9988470292578362,0.0011529707421638058,False
2023-05-31,470,0.29149279876199763,10.19641994786541,137.00161541813884,32.17832266739842,25.88399548738285,13.154491049305657,11.796247181298135,8.86088365500391,7.293321861561617,6.729644859358345,6.139511640349788,6.038251390985117,0.4681163229862212,166,0.12340425531914893,4.185353260682271,0.010760785736968653,,,,,,,,,False
2023-06-01,470,0.29222871023912983,10.153279108779584,137.347493812391,32.24242526507763,25.831444375758835,13.078271880654937,11.781214349152984,8.834099519424946,7.270811642735856,6.6970801634322985,6.112666296184593,6.074786367324005,0.4686826589000753,164,0.12340425531914893,4.178112713297233,0.009744590119312254,,,,,,,,,False
2023-06-02,470,0.29885618909302153,9.784038348485831,140.46240887372014,31.755371633463767,26.00413844027779,12.750545943835816,11.769771228189342,8.807412774916049,7.351942560058296,6.688422421791076,6.09630963519421,6.040500470928966,0.473919651318057,161,0.12340425531914893,4.120388852475831,0.006823027718550106,,,,,,,,,False
2023-06-05,470,0.2983050795745012,9.811807715047044,140.20338740001557,31.90348369646412,25.97285191392495,12.755114082724926,11.577948087851732,8.896919796439033,7.492304954802,6.703053352645497,6.124457795491157,6.059424593054708,0.4732186918744282,159,0.12340425531914893,4.0803838361633264,0.013319421131424942,,,,,,,,,False
2023-06-06,470,0.29538652874390803,9.96079900557462,138.83166850963676,32.49918188022293,25.88145946768585,12.882805064982739,11.865046594696555,8.956522879789432,7.559707771172098,6.6648720434171675,6.079264557600773,6.043952622205095,0.4722556628026061,162,0.11063829787234042,4.200041569875225,0.01871796035022456,0.018321927662294842,95.44933050853582,85.76559610404283,0.019043481023523455,94.96949091171584,85.28503495386161,0.998940047566985,0.0010599524330150434,False
2023-06-07,470,0.2952758946437865,9.963543871696025,138.7796704825796,32.149873059843785,26.068957613690984,13.51303721287575,11.935161518817104,9.186404785807376,7.7361602070864635,6.637113240028567,6.389232686250367,6.072480247790319,0.47329085082512196,162,0.12340425531914893,4.188376164395349,0.01167717642789094,,,,,,,,,False
2023-06-08,470,0.2955645077045647,9.942407531072112,138.91531862114545,32.268764089190064,25.94562415309316,13.757985503000135,11.951993909069465,9.328504820347025,7.792229585912779,6.651878914724494,6.424628426222591,6.072401817299619,0.47412699207552816,158,0.12340425531914893,4.153463299149868,0.014988885360431883,,,,,,,,,False
2023-06-09,470,0.28999146580358726,10.262225077035787,136.29598892768604,32.5197065938748,25.989207389214656,13.235523662801688,12.077087389558393,9.455306844983784,7.943596029386768,6.7553653611616085,6.498986920950179,6.155044814808504,0.46833513609177774,168,0.07872340425531915,4.315658921229377,0.02024225377670916,,,,,,,,,False
2023-06-12,470,0.2874861081424827,10.39877741232855,135.11847082696687,32.60097551244037,26.516179139275796,13.282193125724186,12.019823631987764,9.498202376466132,7.972253100548716,6.795440160998142,6.577182846225642,6.175674784092002,0.4671013664604149,165,0.12340425531914893,4.209094547106401,0.013183323504060245,,,,,,,,,False
2023-06-13,470,0.28689297566988403,10.43758769565093,134.8396985648455,32.665884357158184,26.329174279529294,13.312322483372652,12.003113117292061,9.4712732377075,7.966885409779277,6.7945662047959985,6.493686288861549,6.183308636542824,0.4662770059621228,165,0.12340425531914893,4.204807178931706,0.022891620922741912,0.017953159024722793,95.36013332202255,85.19148544301677,0.018788977779282887,94.77964739570889,84.61016369794856,0.9988222585334781,0.0011777414665219421,False
2023-06-14,470,0.2861873282486557,10.484029112228379,134.5080442768682,32.64860382758893,26.241303041708466,13.24796348207638,11.983626283661717,9.439683339391316,7.939745012279525,6.842653135891249,6.4742978312389345,6.419501762820221,0.46516923598277377,167,0.12340425531914893,4.2158197343381545,0.007748491584630041,,,,,,,,,False
2023-06-15,470,0.28476935447912705,10.563504959779507,133.84159660518964,32.76234207650599,26.377743767462135,13.262360683862388,12.019670669555792,9.532963218298988,7.924999405641747,6.839022414714523,6.525796752583118,6.449140935697184,0.4643908804310129,171,0.07659574468085106,4.3358968704948095,0.014689470580229552,,,,,,,,,False
2023-06-16,470,0.2832576277609864,10.651962668050077,133.1310850476636,32.78846136688154,26.726958338429796,13.169064176845419,11.924911091562654,9.371565967462889,7.971691260312568,6.8307324667151015,6.572540723486449,6.476464129511879,0.4632776170667724,172,0.07872340425531915,4.35640332005816,0.00904595563217348,,,,,,,,,False
2023-06-20,470,0.2837221115800588,10.631243051776089,133.34939244262762,32.83128434824027,26.38351436594102,13.106461829081324,11.902416754385218,9.297756321924137,7.999320321433212,6.818814273956581,6.589156568493596,6.529885764092809,0.4629214249793095,171,0.07872340425531915,4.340236946483358,0.011940298507462687,,,,,,,,,False
2023-06-21,470,0.2833829974457833,10.651128885065704,133.19000879951818,32.79508788207982,26.48750771975296,13.097391304904669,11.879315322643173,9.36606329886338,7.977400697443882,6.8087795949735535,6.599869364677521,6.526086673921357,0.4626581085721251,171,0.07872340425531915,4.339161998688166,0.012321371864083837,0.01860190194153522,94.63904182129806,84.25269403173661,0.018312024931462265,94.63002320860927,84.2439652960579,0.9997111400711282,0.000288859928871843,False
2023-06-22,470,0.2799985769913971,10.857665507515815,131.5993311859566,32.90023446629052,26.592201153089203,13.485093051185512,11.89011061609311,9.350383850778368,7.867153802376135,6.841667264993389,6.614416083522655,6.500001832541313,0.46056802228215954,171,0.07872340425531915,4.339161998688166,0.011922152157147394,,,,,,,,,False
2023-06-23,470,0.2773251966801385,11.02925664395191,130.3428424396651,32.99232736932105,26.576848448939312,13.491592125554629,11.881748825621814,9.382765077313174,7.874717436989428,6.892688200427917,6.648147416660026,6.498282018771051,0.45805395576404667,171,0.08297872340425531,4.320618246638407,0.004055709295467949,,,,,,,,,False
2023-06-26,470,0.27649748708965094,11.090739848750566,129.953818932136,32.69470521461931,26.562229577841904,13.957516581891515,11.841356075975781,9.358879100003318,7.8647965063527145,6.917278779441496,6.630456407406412,6.475520306628925,0.4574672901754562,172,0.08297872340425531,4.335370640992087,0.0036111237127432745,,,,,,,,,False
2023-06-27,470,0.27920668217965683,10.919806226958023,131.22714062443873,32.72413573832878,26.539029991543217,13.938315913679403,11.39214459578546,8.94706160215464,7.8549759070305765,6.929439577866408,6.572817559524879,6.4568832806654735,0.45919312098675646,173,0.06808510638297872,4.381304318259863,0.005516490495849022,,,,,,,,,False
2023-06-28,470,0.2775029519874078,11.018770557433697,130.42638743408162,33.14482513416221,26.491876270153362,13.966798161825807,11.53515469863169,8.921989033784897,7.872716215459574,7.003244198116547,6.6363544274141,6.151910785065854,0.45864902489118037,173,0.06808510638297872,4.374659857386922,0.00473619743229143,0.018420455774396813,94.6313267518939,83.87163869067321,0.018531112442008824,94.13263733551767,83.37283861762937,0.9993484436954246,0.0006515563045753625,False
2023-06-29,470,0.27809893920403866,10.989637547712572,130.70650142589818,32.933858783275866,26.34781896129876,14.067486419180966,11.62935809448027,8.85522453779463,7.757947940340582,6.9353085881262375,6.66974842710495,6.194908407578328,0.4589043057109235,173,0.07659574468085106,4.35332555671166,0.0025223426938257043,,,,,,,,,False
2023-06-30,470,0.2704484456634984,11.48031156824057,127.11076946184426,33.242806909203445,26.721979279488572,14.276762016170089,11.760548699990604,8.8488861513406,7.887995189666119,7.04502849151749,6.7535698525193535,6.292934776484528,0.45343163056744035,175,0.08085106382978724,4.367630944167691,0.0047815633080796624,,,,,,,,,False
2023-07-03,470,0.27150495359899285,11.407620398784779,127.60732819152662,33.20263721612448,26.75385346920088,14.35037096375482,11.555251156085411,8.735148771736132,7.921507906565314,7.14720529509769,6.811260101659411,6.330685330823162,0.45419029999296223,175,0.08085106382978724,4.379038874751321,0.005652588123213719,,,,,,,,,False
2023-07-05,470,0.271432558969653,11.403415626220871,127.57330271573687,33.39965233703924,26.773928863445008,14.388771406387043,11.655825127163746,8.730001600357127,7.791142214477761,7.106447902995049,6.86659626829558,6.338569047723154,0.4548754903186638,175,0.07872340425531915,4.407442109613512,0.006677856916027764,,,,,,,,,False
2023-07-06,470,0.27154114232296894,11.399924277989763,127.62433689179537,33.48231341633592,26.48798161995225,14.420020027574342,11.706759393555608,8.759155435383327,7.842631861512599,7.140379007248688,6.734031655176194,6.2670015166940445,0.4547264071259863,175,0.07872340425531915,4.398182320818178,0.006596198339608946,0.018504217813495098,94.74163971744343,83.59475236396314,0.018583929178961747,94.36871850625221,83.22175144140644,0.99887022226894,0.0011297777310600443,False
2023-07-07,470,0.27089312446695935,11.422470547871459,127.31976849947088,33.96007880581715,26.64329691956076,14.517372536580357,11.63980311632487,8.774236343481839,7.862464412704444,7.1426744869670635,6.6584781154624615,6.284929667357051,0.45549004229309364,170,0.08085106382978724,4.362383347638828,0.00630585673456426,,,,,,,,,False
2023-07-10,470,0.2714215354568027,11.383428490757465,127.56812166469723,34.000077105928106,26.725348393137804,14.51255803663786,11.579614408784963,8.770447346266177,7.782182525437175,7.123716578161484,6.714278188063072,6.243513161508114,0.456139828955715,170,0.08085106382978724,4.339513029119524,0.004173660572517352,,,,,,,,,False
2023-07-11,470,0.273837325405233,11.217867963584169,128.7035429404595,33.885229468524656,26.85246531520108,14.58597194417974,11.620902017201601,8.728677357110286,7.790706048333657,7.121556807925236,6.701151938123479,6.2147515021990785,0.4588257695437587,169,0.08085106382978724,4.32119354334195,0.0032481967064374177,,,,,,,,,False
2023-07-12,470,0.26981078672799824,11.49968696453433,126.81106976215915,33.67728967130209,26.87830300827232,14.482487379862416,11.698420676308128,8.893006638988926,7.854391767389661,7.128562804607184,6.74956045397567,6.282262481600924,0.45435653297426415,173,0.08085106382978724,4.354496814402387,0.004790636483237309,,,,,,,,,False
2023-07-13,470,0.27008042616375755,11.485046464252358,126.93780029696597,33.804252197488346,26.66500044471455,14.522875048519946,11.233380315191752,8.927513044691619,7.899489885333846,7.156516106592105,6.766687256469332,6.275097271350512,0.45353895383591636,173,0.08297872340425531,4.395812065309055,0.0036383432382162137,0.01860734842507187,95.03834042968793,83.80476704317425,0.018488173933483325,94.88876551887357,83.65531130685147,0.9993220240212356,0.0006779759787644002,False
2023-07-14,470,0.2669398575060711,11.694742803950327,125.46173302785346,34.09972806633877,26.497536822165138,14.685087394036842,11.326282542148665,8.962340248852932,7.935558847109604,7.193267339692797,6.772636307429845,6.278831657263745,0.45121354862243146,175,0.08085106382978724,4.383603569351493,0.0032300503561221248,,,,,,,,,False
2023-07-17,470,0.26508947416076606,11.818287851466405,124.59205285556004,34.383248818375506,26.36367509142356,14.734287005928955,11.373216792594018,8.948828973376152,8.014325707129071,7.22436508026621,6.796056005878947,6.284741313215042,0.4498861288593236,178,0.08085106382978724,4.40731408905681,0.006115320056253686,,,,,,,,,False
2023-07-18,470,0.2656215169779582,11.768495087903977,124.84211297964035,34.702525908433266,26.357109567109894,14.74008718535217,11.184070759719944,9.015958302082563,7.9981112400199805,7.299686016198702,6.77703829219284,6.214483444267775,0.45069341787288436,176,0.08297872340425531,4.392879494940345,0.006414734836456017,,,,,,,,,False
2023-07-19,470,0.26664518246904867,11.674378645868492,125.32323576045289,35.122130418471514,26.434034332950873,14.867582701183121,11.13488056146063,9.04761906905857,8.002047391660877,7.359351669799734,6.746715432683158,6.207553552736918,0.452940135690466,177,0.08085106382978724,4.4200908789389555,0.0058249784512090005,,,,,,,,,False
2023-07-20,470,0.2656764845182069,11.6942472861011,124.86794772355722,35.50391049411649,27.63415754278911,14.832257534354664,10.922937774781062,8.998698946177935,7.968527075055235,7.411830514947766,6.871907909902143,6.182753447312556,0.45481108738212467,176,0.08085106382978724,4.396590788892675,0.0035839041872703353,0.018700857397039763,95.01541674542608,83.56814508644615,0.01837456253911212,94.98191723371379,83.53497186959179,0.9991971596027209,0.0008028403972790699,False
2023-07-21,470,0.26675124519247995,11.611878692329652,125.3730852404656,35.765931271618804,27.633996474315282,14.482600531159047,11.08248236830826,8.997399158222656,7.958245903113474,7.385437057813006,6.8513455358163595,6.195919595834905,0.4560385018848233,175,0.08085106382978724,4.377439876384917,0.0036201968879009208,,,,,,,,,False
2023-07-24,470,0.2651827699683049,11.717998120053517,124.6359018851033,35.78852915516732,27.824579504598937,14.524079678322309,10.758474648322377,8.996159856057922,7.971213528509822,7.478937682358034,6.851643205002203,6.2245107443150935,0.4543224784500304,174,0.08085106382978724,4.372619193593077,0.001996098534682212,,,,,,,,,False
2023-07-25,470,0.2606047345693231,12.036792386734197,122.4842252475818,35.958533460683675,27.857729440647482,14.63261860107746,10.80810409836332,9.209202807505442,8.104369065454478,7.529863252066859,6.878352167925835,6.262645379292124,0.4505132145709656,180,0.08085106382978724,4.408051905941249,0.005561856371637254,,,,,,,,,False
2023-07-26,470,0.2597452061548985,12.127706776153774,122.08024689280228,36.12074389209771,26.568528127046363,14.998228930439497,10.76775623231245,9.258203464129064,8.087675730799006,7.628571619710472,6.888893757444766,6.343235199507332,0.44794788100999644,178,0.08085106382978724,4.390003583514233,0.0024860499931951188,,,,,,,,,False
2023-07-27,470,0.2616598930146968,12.015665959581268,122.98014971690748,36.83569620862431,25.035812680918838,13.66269166366034,10.813285783507034,9.387482176524522,8.045109826795846,7.763642765133781,6.933986088234005,6.492898772296784,0.44537794905025113,178,0.07872340425531915,4.413054597366271,0.006169759107199565,0.018815205417093438,94.87286123560847,83.1000399636248,0.01854128920960503,95.055473813744,83.28292645796782,0.9977487620623513,0.002251237937648698,False
2023-07-28,470,0.26078715142358594,12.086596237274694,122.56996116908539,36.85183288205174,24.783279697655132,13.681038107234162,10.645937638285027,9.384097918086848,8.161155102590989,7.765929907040652,6.961758413275321,6.516229699315929,0.44368521169002434,182,0.08085106382978724,4.469426735912396,0.006523612938347775,,,,,,,,,False
2023-07-31,470,0.2607685768815043,12.091743194850542,122.56123113430701,36.802232157567445,24.731428229273277,13.789495638276907,10.487840889158399,9.40775487382695,8.131605635138538,7.676150210142987,7.053293739310037,6.516908778361579,0.44334516606081503,180,0.08085106382978724,4.434947404498079,0.007530735380846527,,,,,,,,,False
2023-08-01,470,0.259799651815036,12.177430717194383,122.10583635306688,36.54292525771777,24.88968061102704,13.62107320426685,10.15911679471144,9.419761476095356,8.002102813750644,7.660251630594148,7.012227771338592,6.515477197421042,0.4411034728101916,177,0.08085106382978724,4.424582353187004,0.0073492718776935985,,,,,,,,,False
2023-08-02,470,0.2583850582292207,12.266186565678938,121.44097736773372,36.86114871201737,25.03019548399324,13.616844434637322,10.34443043343779,9.344329923876625,7.895336888072234,7.626836693707239,7.024464594581261,6.411101435780416,0.441050205174084,182,0.07872340425531915,4.445204628764085,0.0071678083745406705,,,,,,,,,False
2023-08-03,470,0.25491449403278504,12.506884422981837,119.809812195409,37.255953358575596,25.157058724701464,13.676814358708112,10.295081644502726,9.311275779065934,8.04291035858303,7.665704855574323,6.970302424707064,6.473944823367326,0.4387121708125465,183,0.08085106382978724,4.4741151620970365,0.0043369777253549876,0.01911841951049671,94.7574624585374,82.48637411007785,0.018279082792093077,94.87911243845717,82.60886342671603,0.9989739377350298,0.0010260622649701512,False
2023-08-04,470,0.25360317556485823,12.646526954482404,119.19349251548334,37.17272243374657,23.82016198336524,13.564180496474474,10.18483866197682,9.300409496106711,8.574470423385993,7.827089342641177,7.022317375527475,6.93406604815733,0.4339050980660563,182,0.07872340425531915,4.480397391034833,0.0050446853876514085,,,,,,,,,False
2023-08-07,470,0.25351236798746096,12.66342486790069,119.15081295410667,37.07216133959422,23.62653394086611,13.680332565874963,10.20975447251488,9.318134558419647,8.491978088366949,7.787942961659001,7.020739585494253,6.9390034225055235,0.43348850058075916,189,0.07872340425531915,4.519369161368733,0.004953953636074944,,,,,,,,,False
2023-08-08,470,0.2539751540758235,12.648454649067304,119.36832241563704,36.52189194625036,23.750903885507938,13.73852118176637,10.304545599272004,9.285157573449348,8.440316514829878,7.8796210252047105,6.970908854432778,6.877916270394234,0.43337060644347597,186,0.07872340425531915,4.517323305043522,0.005561856371637254,,,,,,,,,False
2023-08-09,470,0.25387516442889585,12.651404123110817,119.32132728158106,36.646981909677294,23.752424374981686,13.738644573272481,10.099178124487356,9.342661068954293,8.458269899174823,7.951594562511325,7.003071661852668,6.879806885159016,0.4331033111999997,188,0.07872340425531915,4.508522090751336,0.002930635575919793,,,,,,,,,False
2023-08-10,470,0.2522705009172688,12.77718745599175,118.56713543111636,36.71280850362537,23.618910991744443,13.766892500763635,10.09116878539054,9.486921691591967,8.514361101903319,8.01910392681927,7.020730735668617,6.877825229632082,0.4313976940694475,188,0.07872340425531915,4.498700441966102,0.003946831193576192,0.01852753731169149,95.66253166032516,83.11908716793899,0.018404553938679995,94.82556772659504,82.28224621758187,0.998483590024498,0.0015164099755019533,False
2023-08-11,470,0.25364321246128246,12.689598484292441,119.21230985680276,36.09060264825139,24.03875084449799,13.896065821360327,9.877962983277412,9.275458363788125,8.427653743696638,7.953261343391714,6.952764841195034,6.89645766809369,0.4321610471365742,189,0.07872340425531915,4.516053473629786,0.002667513496348047,,,,,,,,,False
2023-08-14,470,0.24670909207825756,13.21890666890648,115.95327327678103,36.60153871152207,24.199201640250465,14.00455054672672,10.019647622206634,9.377835421703487,8.530653200176852,8.011757638802925,7.0099548475538,7.0009015705887006,0.42718768467550416,191,0.07872340425531915,4.521359348127625,0.00364741641337386,,,,,,,,,False
2023-08-15,470,0.2505053906341093,12.916985068772352,117.73753359803138,36.372154621517964,24.190770261975004,13.969651848775461,10.004439922529077,9.314745439118791,8.55977815634569,8.005271114171546,7.005258167342908,6.977608558947084,0.4303713835166572,189,0.07872340425531915,4.5184097856591565,0.0026130744454021687,,,,,,,,,False
2023-08-16,470,0.25157080110651564,12.822378204990198,118.23827652006233,36.29456663855713,24.51252619839363,13.97432090593179,10.033640237525674,9.292359520287992,8.539828835529397,8.10073304964345,7.035043370464374,6.982231260310998,0.43202836276695866,187,0.08085106382978724,4.501415199073609,0.0030485868529691964,,,,,,,,,False
2023-08-17,470,0.2518219916442361,12.79494712114249,118.35633607279095,36.349190768417984,24.47608609351132,14.251271233869893,10.054070285734715,9.392006402533665,8.57891488070273,8.044668832961658,7.064745399790839,6.916121484791173,0.4329509669240954,187,0.08085106382978724,4.506548791167198,0.004473075352719684,0.018062028802716,95.60880408624435,83.04761692794338,0.01869044719249305,94.81018260915606,82.24836703246531,0.9988289961527683,0.0011710038472316775,False
2023-08-18,470,0.25181437965176495,12.799920307011602,118.35275843632954,36.298660905747155,24.44569903455863,14.26924124680443,10.062204574076276,9.421513131608565,8.54527661632561,8.04676506229345,7.056410679974524,6.845609660298303,0.43282673233514046,190,0.08085106382978724,4.530880747069276,0.0038833189674726673,,,,,,,,,False
2023-08-21,470,0.2520486549444565,12.779292366899774,118.46286782389456,36.37731422965837,24.383937546835803,14.218589687097577,10.147078935269317,9.43277252366147,8.597385242082865,7.991765603516239,7.076813729814985,6.869062986779941,0.4331697621760758,189,0.08085106382978724,4.500951718528433,0.004019416594837363,,,,,,,,,False
2023-08-22,470,0.2532284695163592,12.719559666648188,119.01738067268883,35.781118585454905,24.185278728963794,14.228796846246517,10.18839690966242,9.31317212646137,8.625642523657916,8.011402449748466,7.10649735615417,6.882733441471222,0.43276802498514144,186,0.08297872340425531,4.461025321035189,0.005425758744272558,,,,,,,,,False
2023-08-23,470,0.2534191728340161,12.69569287963019,119.10701123198754,35.70762251985734,24.646322453726448,14.231111155213966,10.205579497668772,9.10475456202671,8.595492400932475,8.024000995716086,7.116948911473643,6.883846065255819,0.4338247805499024,188,0.08297872340425531,4.462424130295768,0.005507417320691376,,,,,,,,,False
2023-08-24,470,0.251470406849894,12.82817335615695,118.19109121945016,35.84688572953242,25.112248123670497,14.259129473614003,10.17650693303613,9.260175419057536,8.601745309644052,8.034031708153513,7.120294838697219,6.900565440829949,0.43316140740277287,188,0.08297872340425531,4.491496069615918,0.005906637027627819,0.01884190374097283,94.37586874593974,81.78032389289172,0.018507363803536885,95.29244841578804,82.69723810267745,0.9993948834537597,0.0006051165462402919,False
2023-08-25,470,0.2523017149568228,12.760394904810374,118.58180602970671,35.81790998091131,25.175691738369196,14.31879328945728,10.209893673388837,9.340912723070545,8.501313218426265,8.035836622815953,7.172514789265603,6.928009077723807,0.4342640313017731,187,0.08085106382978724,4.500820192793581,0.004963026811232591,,,,,,,,,False
2023-08-28,470,0.2487843880949297,13.029345853678015,116.92866240461694,35.95152771156485,25.321021994792112,14.462517674902653,10.232817907457932,9.40122969891053,8.540952026968073,8.079530979010412,7.212571816916105,6.948664919169071,0.43169478232624364,187,0.08085106382978724,4.5235703861785455,0.0040012702445220705,,,,,,,,,False
2023-08-29,470,0.25081696758301386,12.87156938081808,117.88397476401653,35.90862384987295,25.322972153338995,14.221967182297284,10.157603935390473,9.329215533831626,8.517993754576596,8.06661467701682,7.215691461646951,6.93605437473176,0.43296838698918344,184,0.08297872340425531,4.470505294203401,0.0025495622192986435,,,,,,,,,False
2023-08-30,470,0.24370111939528621,13.419617900559345,114.53952611578453,36.37929768424357,25.62587536689862,14.434882918499135,10.282121096853333,9.369930516118652,8.530686085086154,8.213249501250834,7.285687675164757,7.014934003222056,0.4282163897495302,185,0.08297872340425531,4.486619601112871,0.0033933675089597606,,,,,,,,,False
2023-08-31,470,0.23547520830398,14.074276876726179,110.67334790287063,37.38088097629603,25.763126954335235,14.59672275554895,10.37620089310077,9.507642866961056,8.644333034683514,8.211817045316652,7.325849726446361,7.053896681819371,0.4229580414513863,191,0.08297872340425531,4.541324954526712,0.0026947330218209864,0.018200441628979037,95.31547505680777,81.4584729467566,0.019005749694760325,94.07606331877943,80.21825590066248,0.9985501167086599,0.0014498832913401039,False
2023-09-01,470,0.23806871571851923,13.971629663669331,111.89229638770402,35.590186844340444,25.130574622171743,14.679349029154077,10.44130545284558,9.305293301707383,8.690910470281555,8.29468384723511,7.169786618547289,7.130635223036033,0.4207100262472679,194,0.08297872340425531,4.561359004321887,0.002740098897609218,,,,,,,,,False
2023-09-05,470,0.23822410152118367,13.947868861039161,111.96532771495635,35.84976257354681,24.929375605127213,14.631547043188625,10.650286398315924,9.28912685345479,8.915374991080697,8.267569448464647,7.178620020632884,7.039219688282683,0.4213325517768827,191,0.08297872340425531,4.550283729067678,0.003710928639477385,,,,,,,,,False
2023-09-06,470,0.23585959763511663,14.2603495028838,110.8540108885048,34.44296803850298,24.605807109121763,14.238646675979108,11.010621483378479,9.34551615002562,9.014919598930259,8.132992689203107,7.2815625000460695,7.079552410973662,0.4152171365861429,192,0.07021276595744681,4.591364362431621,0.005226148890804337,,,,,,,,,False
2023-09-07,470,0.23377958271035335,14.42075863911238,109.87640387386608,35.051165467032135,24.687629985164236,14.058883790078305,10.973760844352057,9.317089496886142,9.06426714679517,8.122404155023112,7.324553597579286,7.042928380524579,0.4141443488521123,196,0.06595744680851064,4.634825005521083,0.005879417502154879,,,,,,,,,False
2023-09-08,470,0.22708314631105553,15.03033016183164,106.72907876619607,35.30831842528727,25.11054342300718,14.170857983250855,11.01880545570451,9.377959429184697,9.019111758282216,8.242978303448051,7.3854632195872405,7.091834903185172,0.4092289447945658,197,0.07021276595744681,4.640440914158303,0.0049720999863902375,0.01831378583499757,95.81350071373166,80.99193991237607,0.018464937504293705,94.44959036804003,79.62787841501516,0.9965247908473911,0.0034752091526089046,False
2023-09-11,470,0.2237485932812574,15.351430561165227,105.16183884219097,35.30118415180023,25.440805389495218,13.98599927197246,11.030588357757154,9.432713166645744,9.121335570855052,8.409241206972458,7.396155298222526,7.093543734810685,0.40621365109194896,199,0.06808510638297872,4.649008649300125,0.0048541487093408334,,,,,,,,,False
2023-09-12,470,0.22245502465921155,15.534807458749246,104.55386158982944,34.04898379767106,26.288075018618837,13.712358488028627,11.047669564691162,9.350032722726043,9.079671523046708,8.48074900839995,7.407501542535071,7.105037866127498,0.40351265629540234,200,0.06808510638297872,4.631417725664761,0.005707027174159597,,,,,,,,,False
2023-09-13,470,0.21022806844311664,16.78544940174527,98.8071921682648,34.61440510908775,26.761752080654922,13.990631703525693,11.267728897456884,9.45226096260423,9.201887104548744,8.67147839489596,7.50411031592955,7.210128137406399,0.39455682969997896,208,0.06595744680851064,4.722492633047302,0.0053803928684843265,,,,,,,,,False
2023-09-14,470,0.21260643174033217,16.55167342811584,99.92502291795611,34.515358371940486,26.259221185953866,14.025590480784818,11.338450845926015,9.419626000973139,9.199206757137723,8.682959675866844,7.413453647936286,7.163214605045101,0.39588009319693895,205,0.06595744680851064,4.715337701308638,0.0039649775438914845,,,,,,,,,False
2023-09-15,470,0.213780956836134,16.568067244097275,100.47704971298296,32.406857560144175,26.193377160573245,14.347573380884235,11.341775586372652,9.450648329567255,9.286180841362459,8.739736655538975,7.401877390457405,7.294327912442469,0.3931204965977814,207,0.06595744680851064,4.703446339133275,0.003819806741369142,0.01865868225903377,95.05428526931031,78.68134029979014,0.019129146410750104,94.37354029498259,78.0001248613107,0.9982882397889578,0.0017117602110422458,False
2023-09-18,470,0.21278363644783582,16.692584003858162,100.00830913048284,32.44425450280917,25.918887133453104,14.361175850090927,11.37311984473276,9.482511122697684,9.340420555887722,8.748387898150481,7.383996716923798,7.316964824891898,0.3917143541735506,209,0.06595744680851064,4.72671713074089,0.004046636120310303,,,,,,,,,False
2023-09-19,470,0.21300389767270866,16.673611604274534,100.11183190617311,32.40576039622656,25.849387313142067,14.346779550011583,11.37079016919326,9.49577954681518,9.315223732285919,8.77465684137036,7.376491802888753,7.332786925175632,0.39166925390371604,209,0.06595744680851064,4.6991787414832,0.0019235131334210407,,,,,,,,,False
2023-09-20,470,0.2087026857188023,17.12511519349764,98.09026228783705,33.05743800155871,25.772785021011558,14.323206049699824,11.474506466071176,9.521541404163582,9.357987082283945,8.829048419002508,7.397252451626268,7.357518137155507,0.38876212303442204,210,0.06595744680851064,4.729203286423886,0.0018690740824751622,,,,,,,,,False
2023-09-21,470,0.21401891838674209,16.54116761745902,100.58889164176875,32.65250907663807,25.97272490517367,14.059962052879852,11.348323415349398,9.392520424129644,9.241044887642461,9.05923667838898,7.349631725858211,7.2902767463869305,0.3928136406208719,209,0.06595744680851064,4.704340208310077,0.0036746359388467992,,,,,,,,,False
2023-09-22,470,0.20959791507961734,17.036218636972798,98.51102008742015,32.83672963641562,25.847414310463,14.152888175928705,11.436538108684509,9.525375492603043,9.316822162965387,9.125040115218878,7.3503334077049365,7.3224402669833495,0.3889033836572595,214,0.06382978723404255,4.751661433114483,0.002241074263938665,0.018443131016542172,95.18944004081297,78.34437618790325,0.018317689664201053,94.29785362891656,77.45291521735918,0.9989926296360431,0.0010073703639569276,False
2023-09-25,470,0.21136079090761745,16.84176803252189,99.33957172658017,32.99269975750361,25.92255230706579,13.160188380221744,11.41082107253482,9.588886616990504,9.332809681246175,9.079673597218878,7.431238587243017,7.183329182787967,0.38899113456150247,214,0.07446808510638298,4.743967196425569,0.003429660209590346,,,,,,,,,False
2023-09-26,470,0.21541154429979054,16.445179307819878,101.24342582090154,32.2012840315404,25.924494372681327,12.980502320116614,11.134295198053692,9.641336178548706,9.283000267027171,9.088990770509916,7.40559656778077,7.2149597237171355,0.3903914930708374,214,0.07446808510638298,4.7633916559582605,0.004908587760286712,,,,,,,,,False
2023-09-27,470,0.21617657609265278,16.41706756638675,101.60299076354681,31.355091072196664,26.07123569038809,13.10838515608153,10.65113362281219,9.817939262870578,9.308449214545064,8.781630610416181,7.451981274950338,7.251418917339344,0.3889124176702665,214,0.07446808510638298,4.7583467861481,0.004436782652089098,,,,,,,,,False
2023-09-28,470,0.21611290705950828,16.420011179437715,101.57306631796888,31.39607218271077,26.12745652594863,13.051996479879032,10.704255288760738,9.793066023369098,9.2637754378621,8.760155084618667,7.506615448735524,7.2550384275381585,0.38904861020269804,211,0.07446808510638298,4.7189274153949725,0.004246245973778524,,,,,,,,,False
2023-09-29,470,0.21555931257141758,16.487534705970052,101.31287690856624,31.26231061785376,25.9906254301251,13.605991675203096,10.620857542926071,9.654471050588528,9.29981262457654,8.761957296575856,7.513277965350615,7.251773861387796,0.38892055781845597,211,0.07446808510638298,4.737353769549237,0.003983123894206778,0.017949983232624263,95.15933732344236,78.8694119468111,0.018345599272983775,95.0117791651623,78.72145817249069,0.9989891932254872,0.001010806774512818,False
2023-10-02,470,0.2178274763872264,16.22330787408168,102.37891390199641,31.59173027123607,25.847799028621967,13.506058055977968,10.529596947046223,9.646323059965939,9.241023411169309,8.672471095296235,7.404800507040665,7.204498988069315,0.39117893235080564,210,0.07446808510638298,4.733140529156356,0.0016785374041645873,,,,,,,,,False
2023-10-03,470,0.2191574129552105,16.054173772384353,103.00398408894893,32.017003268753676,25.860151603548267,13.378663082753803,10.536869508927808,9.73010592249474,9.148216679105053,8.585063082799115,7.323622563776744,7.100468354812608,0.3931844075594308,209,0.07446808510638298,4.70614037420718,0.0019235131334210407,,,,,,,,,False
2023-10-04,470,0.21720226337289386,16.22380314759856,102.0850637852601,31.761769851935515,27.109929925692175,13.307031389411641,10.795928338465544,9.551433624229086,9.070134194354575,8.433033016900954,7.273652398675737,7.075716706003872,0.39374409210801065,209,0.07659574468085106,4.68897426543052,0.0025858549199292294,,,,,,,,,False
2023-10-05,470,0.217132316411764,16.257731584489008,102.05218871352909,31.39700147769631,26.975892471920172,13.273311850957423,10.806918777504691,9.646343844437315,9.099777304838954,8.537220731873974,7.284632870185931,7.084207691610513,0.39256449636512275,207,0.07659574468085106,4.683297500323405,0.0016603910538492946,,,,,,,,,False
2023-10-06,470,0.21817756276530395,16.181163366940506,102.54345449969287,31.005333074201097,26.829639715490067,13.206911480079299,10.772312436016726,9.601569360138885,9.05649872091985,8.453269299470684,7.282976791612199,7.0701783696700655,0.39225032171378726,209,0.07659574468085106,4.700124620798186,0.002368098716145715,0.018590138590694385,95.13529413875881,79.15371819599291,0.01876822192812105,95.00709436190677,79.02534033580343,0.9985651762599622,0.0014348237400377828,False
2023-10-09,470,0.21874352976648972,16.105806571725545,102.80945899025016,31.348608513737243,26.622193012867076,13.148667593687207,11.072241065056367,9.559241647293321,9.011670581443957,8.343269854531275,7.251509304485305,7.023262981454614,0.39361950888425123,211,0.07446808510638298,4.71560726035907,0.0023136596651998366,,,,,,,,,False
2023-10-10,470,0.22052752427662145,15.916445528814071,103.64793641001208,31.219579567828376,26.69958864200676,13.10466059913847,11.064579040239408,9.592596894253724,8.982920496200014,8.429667361820655,7.2284764436904,7.153756813853412,0.39518371118984064,212,0.07446808510638298,4.7148758310332655,0.0009889760921834596,,,,,,,,,False
2023-10-11,470,0.2202979840591171,15.945183977738088,103.54005250778502,31.261215798651584,26.429565564930662,13.290613114770323,11.062404591303565,9.370300593823364,8.931772947520649,8.594196668277661,7.605392593496668,7.210009104930719,0.3948592586754068,206,0.07446808510638298,4.669737325866191,0.0017874155060563445,,,,,,,,,False
2023-10-12,470,0.22297926658535522,15.67576436902328,104.80025529511693,30.818419805276353,26.528538922911725,13.20663063954916,11.200485791358407,9.35089024543681,9.01501343935292,8.58143162320318,7.991322276576627,7.188217720619666,0.39692410734938854,209,0.07446808510638298,4.704323223301044,0.0011432200698634487,,,,,,,,,False
2023-10-13,470,0.2218388093629629,15.743393685270426,104.26424040059254,31.73815983352482,26.37552834551228,13.3503745753261,11.218354856786931,9.212504896200334,9.179698880995039,8.62444396315315,8.013308571054582,7.155429901179908,0.39775884683349516,205,0.07659574468085106,4.667525851155034,0.0013791226239622555,0.018781374639430238,95.16959244631805,79.62925619577116,0.01816085237109143,94.88909520633686,79.3493794780583,0.9991156176088241,0.0008843823911759419,False
2023-10-16,470,0.22108651916678804,15.847615463276167,103.91066400839037,31.16618221568791,26.576804716645203,13.376273702987003,11.300803995753697,9.28425863553911,9.259049185402315,8.692433375719919,7.895219450582367,7.164894002987001,0.3964483588073706,206,0.06382978723404255,4.707313122843544,0.0031574649548609538,,,,,,,,,False
2023-10-17,470,0.2192285246848167,16.02512570948496,103.03740660186384,31.26381835368602,26.784997114318084,13.382483970052657,11.499323291709185,9.379527030434474,9.226029863173835,8.602619886860548,7.924388037630213,7.202738720099174,0.3956766581524039,210,0.06170212765957447,4.725243111972532,0.0025223426938257043,,,,,,,,,False
2023-10-18,470,0.21875843603050357,16.03386777400609,102.8164649343367,31.93686240367221,26.424754935484877,13.768569124232418,11.595684709330826,9.570599878407446,9.220491345712384,8.76645021904106,7.925353259201495,7.280958249451625,0.3968985874618233,204,0.06382978723404255,4.692236701911426,0.0031665381300186,,,,,,,,,False
2023-10-19,470,0.21932281769381387,15.976403333196945,103.08172431609248,31.721359119530508,26.58821191988707,13.786620508129243,11.535025049872399,9.719396969032053,9.200302349818038,8.74417506157758,7.926042332149159,7.269637467954758,0.39726157641172716,206,0.07446808510638298,4.668489119135345,0.0013609762736469628,,,,,,,,,False
2023-10-20,470,0.22216115251562968,15.694144023482988,104.41574168234592,31.627483373583107,26.359327333194745,13.693171554663998,11.456573915264869,9.743397007831197,9.137321490051889,8.654715520452505,7.930754398575035,7.252671288997179,0.39904744225330363,206,0.07446808510638298,4.664426262741975,0.001651317878691648,0.018613563613275933,95.10077960451625,79.61018316993561,0.018604815869191823,94.85884768113199,79.36825999429544,0.9977280931430584,0.0022719068569415635,False
2023-10-23,470,0.21936544607084807,15.971448151267467,103.10175965329859,32.06791740002457,26.180548546714405,13.80914875275063,11.374429412548622,9.817842872529347,9.257881748326174,8.524677094958403,7.988928753240586,7.370855483952705,0.3968804335432698,209,0.06170212765957447,4.7184315641013574,0.002740098897609218,,,,,,,,,False
2023-10-24,470,0.22020167486710923,15.870468313950717,103.49478718754133,32.02407787269841,26.64747690710542,13.610877567589508,11.432306698573175,9.735501218437573,9.286459239466073,8.32732900468092,7.912625777022801,7.285995957377584,0.3983181409223572,206,0.06170212765957447,4.7072537024511405,0.0024588304677221795,,,,,,,,,False
2023-10-25,470,0.22167606585205948,15.693663184604247,104.18775095046794,32.91203070761725,25.951927451818865,13.684347012548976,11.50816170497161,9.712473943316308,9.282362941491908,8.394751052137185,7.5413572402891385,7.268651153884134,0.40051961239877587,206,0.06170212765957447,4.708349604348724,0.00377444086558091,,,,,,,,,False
2023-10-26,470,0.21203910500967085,16.684321314041206,99.6583793545453,33.24309314748426,26.09849592489945,14.492819782525395,11.773856222524635,9.853407710088035,9.327345013332682,8.16824366739124,7.764969557406535,7.465038535885645,0.3941843498552745,205,0.06170212765957447,4.704962039579763,0.005280587941750216,,,,,,,,,False
2023-10-27,470,0.21473611192113484,16.36715161134713,100.92597260293337,33.614173087350714,25.857733454594033,14.309361396971912,11.77433959156824,9.8029193683759,9.268429882723215,8.489183137825727,7.902670671396324,7.352113277731924,0.3967693194328048,208,0.06170212765957447,4.731779622119776,0.005770539400263122,0.01895719227545376,95.01718156894458,78.84580887724313,0.017888445943175145,95.21590019084343,79.04559624547426,0.9956533195959615,0.0043466804040385165,False
2023-10-30,470,0.21615137896870823,16.215098373264937,101.59114811529284,33.44480496441119,25.898691051046114,14.206223987186846,12.115762218632426,9.806047760080114,9.253309246064264,8.569269490084942,7.88472851933433,7.360309220249137,0.3984183624182329,206,0.06170212765957447,4.7269270856357135,0.002731025722451572,,,,,,,,,False
2023-10-31,470,0.21837812182515906,16.00557653033322,102.63771725782479,33.446706427242454,25.37311861674288,14.213272884438688,11.89363705852352,9.830756197378347,9.325875041969352,8.589707296614336,7.906170487017931,7.376518488588964,0.39907330264845164,207,0.06170212765957447,4.73414806205385,0.002667513496348047,,,,,,,,,False
2023-11-01,470,0.21727705171302733,16.12823545137043,102.12021430512283,33.22127745784495,25.57526787780002,14.18163372063691,11.849715958577107,9.802248741224986,9.26766704809258,8.565574180738615,7.9243255424326415,7.359619032614378,0.39776193472336563,206,0.06170212765957447,4.738400607561113,0.002495123168352765,,,,,,,,,False
2023-11-02,470,0.22746581196850027,15.151182245737285,106.90893162519515,32.54483489252886,24.903448401772057,13.77703206163341,11.591596791740148,9.663757471997297,9.067049006679579,8.400094689635011,7.789395634514811,7.558854416252444,0.40367200802738207,202,0.06170212765957447,4.703531147083198,0.0028489769995009755,,,,,,,,,False
2023-11-03,470,0.22977554616011284,14.953093845998442,107.99450669525302,32.293617666743046,24.461529778910002,13.836214462985886,11.561272437545735,9.555958863059056,8.983174424773575,8.309016207268169,7.669270549119105,7.5091689793819585,0.40456838519454835,199,0.06170212765957447,4.688187391432187,0.003665562763689153,0.01874980959990516,94.98136565120032,80.23929754176208,0.01864250597403907,95.08621398926778,80.34425318345541,0.9961988703571707,0.003801129642829304,False
2023-11-06,470,0.22514688754808504,15.410229710753962,105.81903714759997,32.10972770748371,24.8248829578701,13.990655146469663,11.751600941397164,9.554221310664591,9.008699556069413,8.329852783880941,7.70920858065007,7.532450428357583,0.4010551146825971,201,0.06170212765957447,4.69703607884159,0.00402848976999501,,,,,,,,,False
2023-11-07,470,0.22158651023779474,15.77321331510299,104.14565981176352,32.64954655143891,24.420393809700272,13.996433137076405,11.72594175702385,9.56317262400634,9.015815780451929,8.256759552187926,7.695196484738715,7.544653750013328,0.3977403724829851,206,0.06170212765957447,4.7346767909961,0.002767318423082158,,,,,,,,,False
2023-11-08,470,0.2208968398264342,15.851524834508712,103.82151471842408,32.773157907937346,24.14040986197049,13.971981247531911,11.716045453037331,9.579632499846515,9.001099300863283,8.240370730886546,7.688034274147531,7.572168922580216,0.3966449131678748,203,0.06382978723404255,4.721285546562628,0.0027854647733974503,,,,,,,,,False
2023-11-09,470,0.22120227357983718,15.823222002069997,103.96506858252349,32.67713251230542,24.148212216559386,13.893264261266054,11.734578526043144,9.558050181967861,9.105205172253392,8.371131787929059,7.644686867420184,7.51241485723551,0.3966345874440371,202,0.06170212765957447,4.722940971933591,0.0025767817447715827,,,,,,,,,False
2023-11-10,470,0.22305124867247764,15.639270559888521,104.8340868760645,32.768571604862785,23.956423585436966,13.758388980223906,11.58802135706878,9.569956496982655,8.934910639877497,8.318803727795325,7.637957926284453,7.517280421074421,0.3976712604333126,201,0.06170212765957447,4.702797827977543,0.0028308306491856825,0.018441474858950445,94.66480464233683,79.23014385626185,0.019065373286675635,94.24298873102332,78.8077040465206,0.998408523711234,0.0015914762887659917,False
2023-11-13,470,0.22220187694583762,15.758845191446909,104.4348821645437,32.34335538509838,23.87056029107928,13.730779342626022,11.66783551043013,9.690600419201733,8.935174061399739,8.292166080864133,7.681184175108465,7.568659328679812,0.39584555892293083,206,0.06170212765957447,4.722574267464124,0.0022047815633080797,,,,,,,,,False
2023-11-14,470,0.23491616793209186,14.519791618175029,110.41059892808317,31.62380005481426,23.494448158166612,14.66707887062394,11.349966662484952,9.532247776852167,8.820198692778519,8.085046039438275,7.513832381014797,7.366237620939135,0.4075444524982403,200,0.06170212765957447,4.6885096408429785,0.001778342330898698,,,,,,,,,False
2023-11-15,470,0.23651979244680188,14.423673664199196,111.16430244999688,30.3149827335456,23.697370104540223,14.893834301888024,11.496769707062832,9.471838086855183,8.465355437700909,8.22365340605716,7.46873353998374,7.365334093950306,0.40758991339794376,196,0.06595744680851064,4.6386779857111975,0.004364197250827927,,,,,,,,,False
2023-11-16,470,0.2361712795937967,14.463674831877281,111.00050140908442,29.74121624388573,24.373439446177663,14.735705984768785,11.424553496700856,9.503207416262892,8.489823143048035,8.14675227558075,7.450525439691709,7.3651450467371955,0.40696897144812233,193,0.07659574468085106,4.591675981288918,0.005924783377943111,,,,,,,,,False
2023-11-17,470,0.2361981311683608,14.455780038813543,111.01312164912957,29.673253815331222,24.77279233801773,14.491403583899647,11.425500580559657,9.47135211131953,8.47285625935906,8.07485405808576,7.450596163606338,7.358676361483099,0.4071831318445486,198,0.07446808510638298,4.623056434948943,0.00524429524111963,0.01844429185300478,95.23641957412269,80.9983933746245,0.01820774975376777,94.99577691333054,80.7579872559316,0.9969883880024589,0.003011611997541075,False
2023-11-20,470,0.2369527756033167,14.401910518625561,111.36780453355888,30.044583430353825,23.73602890543159,14.595118997305349,11.375772245880604,9.531828235755196,8.451010217981677,8.107226422596488,7.486527522152925,7.3983628901611125,0.40663682577134086,197,0.06595744680851064,4.636976364219595,0.004037562945152656,,,,,,,,,False
2023-11-21,470,0.23681639386031544,14.408627487850723,111.30370511434825,30.063352537620823,23.836999670792242,14.622465565625532,11.398506082224308,9.58400276931096,8.438555756808668,8.136874782243297,7.484229601821819,7.35890664771759,0.4068617637672578,195,0.06595744680851064,4.642076763165405,0.004273465499251463,,,,,,,,,False
2023-11-22,470,0.2287202323011716,15.18475282058356,107.49850918155062,30.053235438974934,24.242175073385013,14.793615402696256,11.250015476344984,9.77567054071671,8.481086891909522,8.170337082509077,7.583477346103619,7.418494106880941,0.39965436292117423,203,0.06595744680851064,4.6800516834466865,0.003910538492945606,,,,,,,,,False
2023-11-24,470,0.22911668966439297,15.141369807224438,107.6848441422647,30.173167820647656,24.070007518478953,14.830203289043265,11.261126878324045,9.800355761107536,8.441764289476799,8.130714478570074,7.604133061841771,7.453013575339667,0.4000411694654439,203,0.06595744680851064,4.686769299412126,0.005126343964070227,,,,,,,,,False
2023-11-27,470,0.22916635369400226,15.148234753804603,107.70818623618106,30.296262391291226,23.668837102328226,14.655107723330154,11.262021750845502,9.871410158443755,8.462929387369464,8.109372626641926,7.63545794582525,7.487537658756396,0.3991285429871833,202,0.06595744680851064,4.686673539557615,0.004935807285759652,0.018191925937949376,94.98067318972757,80.04341286367902,0.01836917835927169,95.02507323759768,80.08763565912781,0.9983832290494088,0.0016167709505912065,False
2023-11-28,470,0.22834038521512265,15.282322926226776,107.31998105110762,29.345152406206267,23.656683677956785,14.616273950558062,11.352170031432948,10.06270586695014,8.493956455679676,8.269359729782357,7.6676733197956475,7.534348070859771,0.3963622576963015,200,0.06595744680851064,4.676510639632785,0.0024406841174068866,,,,,,,,,False
2023-11-29,470,0.22797312210266357,15.315823973839114,107.14736738825187,29.396285418091296,23.656433053717222,14.782574489531942,11.269818308791898,10.043542784510759,8.54960972854603,8.270540433261111,7.734862500150573,7.527588097048798,0.3962818694859239,199,0.06595744680851064,4.673957942667867,0.003103025903915075,,,,,,,,,False
2023-11-30,470,0.22880216715648716,15.230697282405938,107.53701856354897,29.37482683845936,23.590513285401066,14.95521266500818,11.343677829590948,10.025807966188413,8.522514536959271,8.260621959308391,7.739116141346691,7.501879983313989,0.39744946634469897,199,0.06595744680851064,4.667538774245126,0.001959805834051626,,,,,,,,,False
2023-12-01,470,0.23322317360578765,14.83185806868119,109.61489159472018,28.528278372576874,23.463878987343037,15.085733130856873,11.346733029045243,9.987960019688522,8.505728107220973,8.21609012996986,7.719398137319312,7.49991381487745,0.400084074711792,201,0.06595744680851064,4.67367913898272,0.0017964886812139908,,,,,,,,,False
2023-12-04,470,0.23156107040330504,14.993916182612905,108.83370308955332,28.47959242434108,23.505436611775693,15.179865115919142,11.508429798393532,10.031113666966895,8.487865555509083,8.189221401089261,7.765215790711105,7.534217001678372,0.39895112136166566,202,0.06595744680851064,4.696126853290589,0.002776391598239804,0.01814662690152527,94.86721611691979,80.08671437780866,0.01863995356923734,94.97418629494312,80.19319122916428,0.9990374645374366,0.0009625354625634186,False
2023-12-05,470,0.23367209958792068,14.788753431295433,109.82588680632273,28.46036992356605,23.441435936411075,15.30439683610754,11.379692932115603,9.879829611763158,8.507781001157067,8.177076740744596,7.754913750256943,7.549394352496202,0.4008761328394106,200,0.06808510638297872,4.656626047556531,0.0029578551013927324,,,,,,,,,False
2023-12-06,470,0.23068804964759912,15.06183843849335,108.42338333437158,28.33779656081648,24.24452686467118,15.219463885120994,11.362631439570745,9.913536951617868,8.543617206576174,8.200926435396127,7.780188863694214,7.537160434258268,0.39912298315861916,204,0.06595744680851064,4.687801451530131,0.0025041963435104113,,,,,,,,,False
2023-12-07,470,0.23104444510998293,15.026332584207333,108.59088920169194,28.238361172280378,24.265873002465575,15.282927630069796,11.407111161944929,9.928269204085733,8.565128574951377,8.195907334529545,7.842718435799046,7.547547717419395,0.3995428982307504,199,0.06808510638297872,4.645478592617519,0.0030848795535997823,,,,,,,,,False
2023-12-08,470,0.2291664407292569,15.203639977519703,107.70822714275073,28.181010374724718,24.566478152141176,15.333874398352194,11.456358406645208,9.96362852781068,8.617876003633794,8.210496863266856,7.817549036982099,7.584127047442443,0.39839563505237036,200,0.06808510638297872,4.650654742932794,0.0024406841174068866,,,,,,,,,False
2023-12-11,470,0.2300113041324815,15.130333992948962,108.1053129422663,27.832832866431392,24.716328765765663,15.44733950769766,11.421409871368102,9.914536566804017,8.540446642968714,8.191876285662339,7.714920774700869,7.535815217679885,0.39898558287984925,202,0.06595744680851064,4.696750963780595,0.0009436102163952275,0.018173122747051317,95.04524787375603,80.1267520621925,0.018989816216944795,94.54822554992047,79.62891304488704,0.9994904131453226,0.0005095868546773907,False
2023-12-12,470,0.22954006129477428,15.166683725624438,107.88382880854391,27.83735039252075,24.92486957363687,15.526130565237747,11.489047769091155,9.841676549016107,8.557210984113993,8.190144096275793,7.720592830490725,7.545862334031763,0.39927920661495836,202,0.06808510638297872,4.668718856879135,0.0010706346686022773,,,,,,,,,False
2023-12-13,470,0.23599435283950335,14.532899414413281,110.91734583456656,27.997096499800158,24.65272851884086,15.526788840575797,11.403918608800772,9.908391958829753,8.491507506213793,8.144825104542285,7.573064957515012,7.462663160104392,0.40531463468634926,198,0.07021276595744681,4.630132197411648,0.002930635575919793,,,,,,,,,False
2023-12-14,470,0.23327300663911063,14.659128373246965,109.63831312038201,28.2900112831354,26.350556340157613,17.613509075074788,11.311832005313267,9.621492232715186,8.426625212633263,8.156126253532896,7.682870683975668,7.348314028101529,0.4110728123916235,197,0.06808510638297872,4.652599357389966,0.004246245973778524,,,,,,,,,False
2023-12-15,470,0.232502286527023,14.730284188303038,109.27607466770081,28.464744001874347,26.252022704673955,17.594713904077402,11.309935075110275,9.612534312218049,8.37598616633915,8.183143422701212,7.72892893321892,7.359921749237056,0.41042019224135484,201,0.06808510638297872,4.650746346913676,0.004355124075670281,,,,,,,,,False
2023-12-18,470,0.23252058053433305,14.731130153785783,109.28467285113655,28.23656807393337,26.198841019088047,17.99368723900959,11.314020005296715,9.628587317522722,8.289065628753574,8.169961312887624,7.742958141180828,7.345691824884944,0.4106974238052431,203,0.06170212765957447,4.696027730420852,0.006405661661298371,0.018398639501427266,95.38967289334094,80.87266468058806,0.019005556316466398,94.9061126706646,80.38849754109668,0.9971116418838224,0.002888358116177603,False
2023-12-19,470,0.23308647242942454,14.676973643278945,109.55064204182955,28.26851414589882,26.243799165285733,17.874613607302166,11.27446772750666,9.602683286199117,8.302463581736555,8.172266047227573,7.686588603751697,7.32709416446367,0.41108943976132534,201,0.06170212765957447,4.680252856832067,0.006151612756884271,,,,,,,,,False
2023-12-20,470,0.23724866990585275,14.304367332885654,111.5068748557508,28.017864123076368,26.01833415024437,17.90387224986921,11.23166488111428,9.49698146796927,8.266742826488398,8.117464029279004,7.655334802880905,7.251016009390462,0.4142098090639469,200,0.06808510638297872,4.632123560024043,0.0047815633080796624,,,,,,,,,False
2023-12-21,470,0.23892557073452642,14.163249608252396,112.29501824522742,28.007363530374246,25.816173163102658,17.781259065857363,11.201137802121014,9.498607244664278,8.223195802298351,8.093511772746536,7.533868664385579,7.226385773672823,0.41510840809932487,201,0.06808510638297872,4.654953741675998,0.003030440502653904,,,,,,,,,False
2023-12-22,470,0.2394605635175853,14.119418579828512,112.54646485326506,27.88715694800822,25.830111902525072,17.772260341157626,11.181481759005347,9.499019754526437,8.190238557673563,8.100848919450389,7.482639475081632,7.229628654862982,0.4153563314977901,197,0.06808510638297872,4.624890244907547,0.003447806559905639,,,,,,,,,False
2023-12-26,470,0.2384654703986105,14.202478326600856,112.0787710873469,27.8922972760858,25.983157689152605,17.793211743536126,11.194183779407751,9.537888879048229,8.202087361568575,8.130129850051683,7.509567871045391,7.257261135270912,0.414769407607509,196,0.08085106382978724,4.57186390921498,0.007340198702535952,0.01835070892537827,95.12209244440197,81.13972887927434,0.018593584845968698,94.81389950502593,80.83129306397771,0.9993681812105795,0.0006318187894205352,False
2023-12-27,470,0.239479861631539,14.140950191449619,112.5555349668233,27.618211112121603,25.31275576971501,17.94046352665196,11.243325672889831,9.572589961864182,8.189290246884127,8.11614957323951,7.5186558482037205,7.246652285631149,0.4141921086131952,196,0.08085106382978724,4.572397865510833,0.006242344508460736,,,,,,,,,False
2023-12-28,470,0.23950917051173373,14.138976053793565,112.56931014051486,27.455256677667272,25.408321106639246,17.977196554474475,11.275287968649849,9.618227423781107,8.199582559079552,8.151250641099942,7.537463078224088,7.203598401552279,0.41422419669775684,194,0.07659574468085106,4.5799849180955565,0.0026765866715056934,,,,,,,,,False
2023-12-29,470,0.2383922853866572,14.22805664082763,112.04437413172889,27.676147053169448,25.35223083056389,18.071586358900838,11.345653325155105,9.655601517155187,8.227876206406718,8.192291067745915,7.570488999521575,7.230725455016403,0.4138084929776982,196,0.06595744680851064,4.647762465116136,0.001977952184366919,,,,,,,,,False
2024-01-02,470,0.23643684883105778,14.306047948299693,111.12531895059712,29.9975349393574,25.423071226298557,17.89660356778515,11.277853026767836,9.595605896389056,8.213956328676506,8.100632723101898,7.513667401683216,7.303839005399036,0.41642634406554496,198,0.06595744680851064,4.64413227308582,0.003919611668103252,,,,,,,,,False
2024-01-03,470,0.23829305780269322,14.10194083601705,111.99773716726583,30.311658852126865,25.636806042191864,18.183593428517064,11.290472993603526,9.501086875151397,8.205372434703861,8.077816255777208,7.54616742611106,7.257608476394553,0.4200431244334151,196,0.07872340425531915,4.573537543825259,0.0029397087510774395,0.018585602705452915,94.76512677811395,80.88289339719414,0.018269615499223287,95.01130457392918,81.1293871802156,0.9994725402810143,0.0005274597189857122,False
2024-01-04,470,0.2387705861487884,14.07401075805931,112.22217548993055,30.405986253471227,24.855227188931238,18.42597786771077,11.434772857744697,9.561618397922501,8.231250617477361,8.031910260940503,7.553024144526476,7.272756970272017,0.4198811482080606,193,0.11702127659574468,4.520204870446468,0.013800299414780202,,,,,,,,,False
2024-01-05,470,0.2394055744904585,14.026098585243833,112.52062001051547,30.15581452461945,24.923627427490903,18.301096603862753,11.452341027184417,9.538682313654203,8.26108645332932,8.070166839058874,7.569601314457528,7.3271998462453105,0.41990106296526175,198,0.11914893617021277,4.547909019654542,0.013364787007213174,,,,,,,,,False
2024-01-08,470,0.24168937105668895,13.820141507672272,113.59400439664378,30.21896178220736,24.90085176339513,18.280354706440733,11.265781362110147,9.552236014082144,8.260944596418904,8.039619624264585,7.516684360540754,7.321980206830398,0.4218296893846749,197,0.11063829787234042,4.59110866728305,0.010225468402667514,,,,,,,,,False
2024-01-09,470,0.2422385265528064,13.792644048223778,113.85210747981898,29.745476744172848,25.004659367367104,18.12812493479543,11.308579283928452,9.60035077268072,8.252934525235808,8.056404488972554,7.488477491286267,7.353699634048904,0.4213594634257082,199,0.10851063829787234,4.608697759227341,0.0105158100077122,,,,,,,,,False
2024-01-10,470,0.24360770776328275,13.730413296710381,114.49562264874291,28.20243928821903,25.220319443455086,18.218786827158937,11.108050663590792,9.5792040362753,8.290943020121642,8.098253068084736,7.517664233634385,7.421371175552955,0.4196706784492909,194,0.11702127659574468,4.573896359148762,0.01654039831238942,0.017931428220946666,95.567173543991,82.06243652682296,0.018690699086572848,94.94913877260548,81.44364248457181,0.9993613600014791,0.0006386399985208735,False
2024-01-11,470,0.24409993910620525,13.677613007047334,114.72697137991648,28.313154812571955,25.19171306137006,18.387075326374514,11.065830820269927,9.566024005675917,8.325668063030335,8.099292797453607,7.528713038861333,7.433881147212342,0.42060584127766576,195,0.11702127659574468,4.5764208330820395,0.004618246155242027,,,,,,,,,False
2024-01-12,470,0.24358951806709103,13.722184342629259,114.48707349153275,28.44621763146011,24.976320270142658,18.441391984506858,11.140488299120396,9.560631198328839,8.35985023396264,8.102162558984043,7.5578824806221245,7.425116880554693,0.42019466314204856,195,0.11702127659574468,4.5792507774085545,0.0036292700630585675,,,,,,,,,False
2024-01-16,470,0.24570116097096273,13.530122950011156,115.47954565635246,28.695147270988183,25.041098836345284,18.2392471140978,11.090887185746713,9.539831604347139,8.337777117107825,7.98567506460877,7.432052772558259,7.3985599074207435,0.4224381405607031,193,0.1148936170212766,4.535928329384671,0.0065689788141360065,,,,,,,,,False
2024-01-17,470,0.24864510557717823,13.268482242731324,116.86319962127376,28.78421425293801,25.130539844761802,18.19539284332867,11.167041376487948,9.547569304985743,8.330084141340187,7.9747892026431675,7.4635222201291525,7.438405146815101,0.42583061263572386,187,0.1276595744680851,4.428941478491744,0.010797078437599238,,,,,,,,,False
2024-01-18,470,0.24879027569548395,13.226950446126054,116.93142957687746,29.424805837083515,25.13078570644126,18.58778943787207,10.97852223493111,9.744988685530132,8.190835562458947,7.8914254672429855,7.6102165633721395,7.137654792136439,0.4277730484961817,185,0.1276595744680851,4.422333111488511,0.009971419498253413,0.018848197831376833,94.96923972802405,81.9722313597621,0.01826890030163245,95.58835838412787,82.59192931339567,0.9989194503293943,0.0010805496706056683,False
2024-01-19,470,0.25034507032126263,13.081672317638056,117.66218305099346,29.73417916958885,25.21330560392212,18.572407591656777,11.03193931337945,9.688708631496194,8.190093278424238,7.948098898281412,7.675883493501049,7.063817752342901,0.4302425845309375,186,0.12978723404255318,4.418559954515457,0.008900784829651136,,,,,,,,,False
2024-01-22,470,0.24983348996831964,13.1315165281698,117.42174028511022,29.695238015149947,25.087531116611355,18.564021897552696,10.969972327781988,9.671681743762761,8.1507217647951,7.955384032320059,7.661692443456592,7.178669884786187,0.42923085881320466,188,0.12978723404255318,4.42853733775516,0.00914576055890759,,,,,,,,,False
2024-01-23,470,0.24974093255813684,13.13264146164257,117.37823830232432,29.786178667550477,25.11702112223534,18.553689849595777,11.001163545067548,9.770573928423705,8.175134184999745,7.980264864264116,7.700346307296613,7.088986470223706,0.4294389180569648,187,0.125531914893617,4.430922620982402,0.005915710202785465,,,,,,,,,False
2024-01-24,470,0.25066427238130423,13.060284289324617,117.81220801921296,29.39764394328401,25.446546674779338,18.750759140653784,10.884515847401897,9.665757500568656,8.192125375602865,7.944744287881471,7.740029273348431,7.010852857851132,0.43040781622411073,186,0.12340425531914893,4.424050230416987,0.007875516036837091,,,,,,,,,False
2024-01-25,470,0.25395698384147647,12.811569209601368,119.35978240549395,29.71107400901041,24.983606239166413,18.291580783374787,10.68946651583629,9.423889563414598,8.22670372421388,8.012226569348629,7.495893927421856,7.020311241314149,0.4319904467082592,189,0.13191489361702127,4.4194008803067195,0.0053803928684843265,0.018549232898231165,95.18404983348793,82.6078883748298,0.017921725563637105,95.40123682080383,82.8257028694803,0.9981924597976255,0.0018075402023745024,False
2024-01-26,470,0.2550712953624183,12.710896717516823,119.8835088203366,30.207121965850185,24.91322143153851,18.37133436191517,10.89477542707677,9.491527564304615,8.122182425976934,7.606370374528308,7.237456918795545,6.873279670262092,0.43461694043982385,185,0.12978723404255318,4.419585289810362,0.007249466950959489,,,,,,,,,False
2024-01-29,470,0.25477555302825855,12.733171570094624,119.74450992328153,30.329542867792703,24.923625132186245,18.216024312618785,10.882760614373694,9.472488657968078,8.145533991241273,7.568084991747562,7.26715765927645,6.892011428900508,0.4342477932984105,186,0.12978723404255318,4.400711253261607,0.007158735199383024,,,,,,,,,False
2024-01-30,470,0.2535650033139413,12.828121009313698,119.17555155755238,30.422638778208647,24.713630448413078,18.49592631507442,10.786059196830987,9.611681580621717,8.257332465145527,7.564276613780226,7.289765286105213,6.866062424153933,0.43317831126825435,191,0.07659574468085106,4.531265738546318,0.01603230050356122,,,,,,,,,False
2024-01-31,470,0.2573576048805927,12.548530038323642,120.95807429387858,29.807273527491677,24.755039967385873,18.602370871945688,10.713081472196272,9.355687377396809,8.148583173518254,7.5377590937050964,7.1941029486051065,6.7208159676880435,0.43582093645297465,183,0.07659574468085106,4.479286650285181,0.015469763643787143,,,,,,,,,False
2024-02-01,470,0.25882367908625575,12.431546557425815,121.64712917054021,29.516249409140492,25.229617933125226,18.383482800754216,10.60723393343627,9.603236720093822,8.18267213236447,7.485591106523939,7.229629320009953,6.690143591227431,0.43698662392977955,185,0.10212765957446808,4.466630209400764,0.018028399038243433,0.017963497722192467,95.39213109246147,83.20144471639972,0.01846880435080951,94.920926477989,82.72973479529863,0.9966270501952095,0.003372949804790526,False
2024-02-02,470,0.25729336779096273,12.543468713008474,120.9278828617525,29.746273848402605,25.1475882962911,18.387278284344944,10.619353543672077,9.6992689712722,8.151603964454953,7.462951290237172,7.166469433164133,6.765864224823914,0.43580505709460254,187,0.10638297872340426,4.439315813556166,0.017964886812139907,,,,,,,,,False
2024-02-05,470,0.25969695803603976,12.37521487123838,122.05757027693863,29.360681599711853,25.12657537688459,18.315607366095765,10.572204514744719,9.636946451877993,8.094688803962608,7.415024562379262,7.12823865501623,6.662751438777732,0.4370907215625014,190,0.11914893617021277,4.455241233114809,0.018246155242026947,,,,,,,,,False
2024-02-06,470,0.2560136548091309,12.660261112532437,120.32641776029152,29.406632979727753,25.172422945477994,18.317989308030658,10.606212123107127,9.664559566945503,8.09342700000023,7.480076777114699,7.222007953864153,6.792347386276407,0.4336801598226278,192,0.10638297872340426,4.4842285476014485,0.011622737376945061,,,,,,,,,False
2024-02-07,470,0.2541900537517146,12.802622742888834,119.46932526330588,29.3782853533104,25.124072241232273,18.629129949587117,10.622383106879841,9.668754620752043,8.069660367834945,7.5334656879263635,7.208951611680135,6.778110903100184,0.4323897785410967,190,0.07872340425531915,4.5208750596785485,0.007358345052851246,,,,,,,,,False
2024-02-08,470,0.25130291712841124,13.068519950622719,118.11237105035326,29.119414786605656,24.6214125937079,18.459335860702538,10.581930177027342,9.660143770544785,8.170578769771417,7.4544825546574005,7.173620772622307,6.957433404599208,0.42743503078382283,193,0.10638297872340426,4.501778255457166,0.007176881549698317,0.01872976180343827,94.98731585360036,82.15136905830262,0.018348403618432485,95.11861903775304,82.2830536006403,0.9985119214396931,0.0014880785603068603,False
2024-02-09,470,0.2510797632161665,13.092833109862744,118.00748871159826,29.051393893330356,24.55048707612637,18.359811778347325,10.689898759142409,9.66230699332285,8.16907655920122,7.451657912997775,7.114927961044411,6.900127536677823,0.42693421323094616,194,0.07872340425531915,4.525911636514013,0.010397858730662795,,,,,,,,,False
2024-02-12,470,0.25113929148559067,13.075963653902388,118.0354669982276,29.40036322929917,24.45551301761659,18.348889688005205,10.77129553136152,9.67205819705961,8.169881383851532,7.451448662989947,7.209162399826022,6.897097162997718,0.42768410311597893,190,0.07659574468085106,4.507956858412691,0.012675225695232047,,,,,,,,,False
2024-02-13,470,0.2576443658137257,12.574644923710647,121.09285193245105,29.007296893754617,24.23881200860366,18.25487936037204,10.649672291753898,9.434186997897424,8.115551216451813,7.3961306621116645,7.2875084623997095,6.8452060188010035,0.43243300529135176,187,0.07659574468085106,4.494410905582343,0.010633761284761602,,,,,,,,,False
2024-02-14,470,0.25693587256205147,12.640567329363645,120.7598601041642,28.893109796998214,24.144981489828428,18.209057867885537,10.597945271975817,9.417448062349916,8.121323753366518,7.411289754327507,7.253468221486184,6.83736661122204,0.4310743713422387,192,0.07872340425531915,4.533003458634815,0.00706800344780656,,,,,,,,,False
2024-02-15,470,0.2566493899904723,12.674427625534644,120.625213295522,29.024780613131426,23.915560825888964,17.947761132871463,10.52009620591327,9.206088206388774,8.066343713544612,7.474060784605276,7.254167484517802,6.827243861166459,0.42985832356027043,194,0.07872340425531915,4.528217335777786,0.011404981173161547,0.01833189770224697,95.08731566183413,82.65120552858771,0.01852129231458886,95.28096899818915,82.84466947033039,0.9978984313891116,0.0021015686108883935,False
2024-02-16,470,0.25603826333663937,12.722198251536485,120.33798376822051,29.154053956455638,23.974266731001833,17.77863673109141,10.486153554454717,9.143624254118318,8.061681220529,7.497439314873697,7.237960030589518,6.8352748906292256,0.4292150951940938,195,0.08085106382978724,4.522189737676615,0.006178832282357211,,,,,,,,,False
2024-02-20,470,0.2549885237604573,12.804933189768214,119.84460616741492,29.17995610199879,24.05550555884848,17.785023072878545,10.527537450771874,9.14079740235891,8.03502721433658,7.472069507465124,7.229033835719938,6.830874248946212,0.42849495394023956,193,0.07659574468085106,4.518677242272877,0.004110148346413827,,,,,,,,,False
2024-02-21,470,0.25245974441173724,13.011182922976015,118.65607987351649,29.465929577056695,23.782952358711793,17.731511644877862,10.567212240171713,9.120796430544925,8.01419651245784,7.486300996342832,7.203164839538567,6.9810388538106825,0.42596528871135014,197,0.07659574468085106,4.55151259494821,0.005099124438597287,,,,,,,,,False
2024-02-22,470,0.25067233394950533,13.126101571861254,117.81599695626747,30.315451982603435,23.625133914369492,18.185305211704378,10.517147153430244,9.00324607467087,7.938573807958665,7.422360341031996,7.112956453737584,6.92717689951975,0.4265085855710108,195,0.07446808510638298,4.576865834433017,0.006060881005307808,,,,,,,,,False
2024-02-23,470,0.250073476436765,13.189482939515129,117.53453392527956,30.078647881950808,23.57950341780299,18.20175550337928,10.489813438478723,8.982623469503125,7.913576953764165,7.469122936261834,7.060933838459584,6.874924926311051,0.4252856471635986,197,0.07872340425531915,4.574573488848151,0.004663612031030259,0.018961964943202327,94.80770325177645,81.84933182375488,0.01805397404427976,94.9339141584748,81.97645072135217,0.9990894822376215,0.0009105177623784932,False
2024-02-26,470,0.2502177084823586,13.182173124403615,117.60232298670854,30.29975456261956,23.212235284731236,18.07066801618286,10.538937002080669,8.949060755650116,7.915303329906845,7.49737111571471,7.061375776306623,6.85422963609519,0.42494450606877204,198,0.07872340425531915,4.590481374341236,0.0056435149480560725,,,,,,,,,False
2024-02-27,470,0.2477258317817955,13.386237751301577,116.4311409374439,30.47219643218521,23.154958143649186,18.184955450580553,10.598790258722563,9.007701742146285,7.867486021224225,7.551551710730843,7.16678533078084,6.801047856547564,0.42306817281400294,195,0.07872340425531915,4.5654075602473805,0.0063330762600372,,,,,,,,,False
2024-02-28,470,0.24654454820182972,13.489769921001923,115.87593765485994,30.469528118359378,23.13011687058768,18.175313100515407,10.593801984298786,9.012340276090086,7.927381419487812,7.441470130051047,7.245896232245706,6.804930213671025,0.4217972292098324,196,0.07872340425531915,4.572384872902426,0.005262441591434922,,,,,,,,,False
2024-02-29,470,0.24741176216500035,13.442509392956856,116.28352821755013,30.138003969222908,22.862028129044415,18.097496670902476,10.363099723793955,9.053693036490959,7.915445188064558,7.465410068689207,7.275650246193068,6.797223623077066,0.4207322483202425,196,0.10638297872340426,4.510984635729221,0.009481468039740508,,,,,,,,,False
2024-03-01,470,0.24726546008690878,13.45977316298578,116.21476624084713,29.96556930208889,22.92778747574383,18.044589979100433,10.372244599365072,9.344501068239985,8.01187108290975,7.370032379342846,7.187618497327233,6.744734127787133,0.4202658672279689,200,0.10638297872340426,4.539632119182272,0.010896883364333348,0.018861932627479355,95.10463384970214,81.87326421417579,0.01896025201266941,94.5382884012194,81.30682044630785,0.9991101747852471,0.0008898252147528929,False
2024-03-04,470,0.24642092219766867,13.537422916083743,115.81783343290428,29.969766353133064,22.705562174944596,18.075032798537706,10.627243513407034,9.347190239624798,7.9942553182688005,7.363029995005207,7.134527459216026,6.762688026183522,0.4195647622828227,203,0.07234042553191489,4.625246088675617,0.004228099623463231,,,,,,,,,False
2024-03-05,470,0.24696107149670307,13.494547752206966,116.07170360345043,30.06924340102802,22.42937657340206,18.112558554497486,10.595378662281924,9.256717272286117,7.968134083900443,7.32221395819229,7.162425676380561,6.75966620980899,0.4197409804141701,202,0.09148936170212765,4.5632227938844,0.010007712198884,,,,,,,,,False
2024-03-06,470,0.24762890273202615,13.44538953072441,116.38558428405227,30.007835720423948,22.281656620259135,18.10689096122054,10.510824826830827,9.20658435117965,7.965525112648718,7.312426128449301,7.174968189839172,6.754471757404775,0.4197718987506101,199,0.1574468085106383,4.439291907937894,0.019026448305584538,,,,,,,,,False
2024-03-07,470,0.24524896037540525,13.658903204374944,115.26701137644045,29.868338020784282,22.31233021045983,18.11900906764068,10.517409900073904,9.3592398850775,7.9424028097692965,7.340439714487934,7.225565007505279,6.734169469478918,0.41720020973489186,200,0.10212765957446808,4.557329373381109,0.0068411740688654,,,,,,,,,False
2024-03-08,470,0.24313643361692894,13.830878069015805,114.27412379995656,30.210702220779105,22.38773782375054,17.998895278044362,10.551369233825316,9.3604320156529,7.983446756054189,7.429540404441529,7.210992230414873,6.757383624600345,0.4157932518220339,203,0.09787234042553192,4.585496274369927,0.007258540126117135,0.018102828360102356,95.4342881135541,81.82844364979512,0.01853342017316213,94.9879592827569,81.38168422718486,0.999453756433512,0.000546243566488025,False
2024-03-11,470,0.24282333238998272,13.8514376452335,114.12696622329187,30.522232674386206,22.33264549882792,17.75552845055064,10.59364434945254,9.35029129367506,8.008120071649767,7.442050206096241,7.310031032445526,6.852350189390472,0.41559790892874293,202,0.07446808510638298,4.5705896304854985,0.00559814907226784,,,,,,,,,False
2024-03-12,470,0.24210539644756193,13.895446971465454,113.78953633035411,30.905548533902024,22.340221958235798,17.888200285593694,10.586241359025603,9.322802596223301,7.952671483785666,7.479839619299003,7.298214492656375,6.863971729476421,0.41597818822789623,198,0.07446808510638298,4.5369473255765875,0.011069273692328631,,,,,,,,,False
2024-03-13,470,0.2410453070671709,13.99626458811279,113.29129432157032,30.85729719723146,22.318106732760516,17.8438002091446,10.66494750745687,9.347154186876722,7.927373938873598,7.425871825605555,7.289982015548312,6.823126692709208,0.41484137440034846,201,0.1,4.565903057114978,0.01740234995236583,,,,,,,,,False
2024-03-14,470,0.23788965919777008,14.274794650111353,111.80813982295194,30.91227150598352,22.466149259734824,18.03699886540354,10.669890645804358,9.405558747025118,7.983757695721014,7.469626334629015,7.302093891146989,6.82754695197355,0.4125392555316557,204,0.09787234042553192,4.605814603080422,0.0036111237127432745,,,,,,,,,False
2024-03-15,470,0.23672398327560826,14.387641800652615,111.26027213953589,30.925150175740608,22.455105912040015,18.034280824115573,10.611557959277999,9.381258883272157,7.971355128246531,7.461422269790615,7.280232197912619,6.75464046061451,0.4112475893844895,201,0.06808510638297872,4.636038085442342,0.007893662387152384,0.017865189199663928,95.26249506972928,81.09371206315261,0.01847589029121502,94.74338212486217,80.57398841719395,0.999010608438046,0.0009893915619539895,False
2024-03-18,470,0.2365561493248798,14.413523413465567,111.18139018269346,30.90607344027822,22.290928823724894,18.015737707172867,10.586091317693956,9.36309078997046,7.950662383076812,7.448479968556944,7.2768070305055215,6.757142014636985,0.41059621589694356,202,0.08297872340425531,4.597516082746559,0.009091321507961712,,,,,,,,,False
2024-03-19,470,0.23222290432011664,14.806057556903252,109.1447650304548,31.341314270845444,22.300691681021565,18.11926693012805,10.578383973192977,9.442044475097696,8.002663145733225,7.495434950387212,7.341930825702753,6.771512549600303,0.40741366358647424,204,0.06808510638297872,4.6829095218451595,0.006931905820441863,,,,,,,,,False
2024-03-20,470,0.23386320419930343,14.659434170295867,109.9157059736726,31.572804402797274,21.633913330920127,17.97788340958923,10.620002325069237,9.47411750145362,8.000658542830756,7.462656514188525,7.392515422056264,6.78055745751678,0.4079155520043585,206,0.06808510638297872,4.668928344908148,0.009726443768996961,,,,,,,,,False
2024-03-21,470,0.2345192003634844,14.610632648322998,110.22402417083771,31.31500209414328,21.67108889430227,17.94879417425208,10.520956255858575,9.533964510471112,7.99136280887774,7.430699576124866,7.38506959268562,6.798728416507119,0.4078295012540294,207,0.07446808510638298,4.675463948062643,0.010552102708342784,,,,,,,,,False
2024-03-22,470,0.2350807472461505,14.562884636931052,110.4879512056907,31.374248274000756,21.797175885664988,17.46792531113908,10.502027404684657,9.56952721010881,8.043467816533889,7.434245289846767,7.32600771272006,6.756557517352037,0.40772197464080906,209,0.12978723404255318,4.589861102146211,0.01570566619788595,0.018426642848991433,94.80375009772017,80.45751956518627,0.01847255544735967,94.64298652401175,80.29671007887949,0.9994772239711662,0.0005227760288337713,False
2024-03-25,470,0.2324353075940491,14.833154147011356,109.24459456920306,30.718907849125245,22.390696685568635,17.61075610130254,10.418197248161148,9.59964492060306,7.9298358287721715,7.572249414798038,7.383479176279654,6.747715445016512,0.4050705371348099,210,0.07021276595744681,4.693705817207556,0.007920881912625324,,,,,,,,,False
2024-03-26,470,0.23086747166144672,15.009665010283845,108.50771168087996,30.189047195160185,22.560263705128296,17.718331970831233,10.365739316239075,9.736898462677901,7.951289213465769,7.640874849447251,7.3871798237884825,6.813905367735096,0.40285339120901864,211,0.07021276595744681,4.6795861923116835,0.004663612031030259,,,,,,,,,False
2024-03-27,470,0.23561593080766882,14.596066165627178,110.73948747960432,30.077644732392,21.172361488126977,17.690399391812335,10.325531406273093,9.656124606547824,7.936674582397778,7.6246511507383685,7.4034856740010015,6.828036804645725,0.40426686063448675,205,0.06808510638297872,4.660170968508275,0.005353173343011387,,,,,,,,,False
2024-03-28,470,0.2366624774978369,14.480305927373555,111.23136442398334,30.357642444600387,21.35352809263527,17.72141557503912,10.136497005001829,9.380751778801756,7.7311512107929445,7.629977484056288,7.393630377793522,6.859153350353548,0.40595839902395736,206,0.07021276595744681,4.661796281388573,0.004092001996098535,,,,,,,,,False
2024-04-01,470,0.23719278754220663,14.420404335278523,111.4806101448371,30.449634228154377,21.720256211869856,17.49057523812682,10.058408009651009,9.333830908239259,7.796723201483509,7.626793406583213,7.2739805701135065,6.842776866051256,0.4068074124098707,209,0.07021276595744681,4.66449169089117,0.016395227509867077,0.018387292412834537,95.10662016958797,80.90502132943882,0.01892138415187956,94.6350247443041,80.43289181241592,0.9984743023292294,0.0015256976707705983,False
2024-04-02,470,0.2382224653805472,14.342482707704514,111.96455872885718,30.066623754981773,22.22993657009329,16.924439853810288,9.70988069884529,9.280435781900882,7.811910607146343,7.482123994730998,7.251803178481082,6.871505046732195,0.4061605098012507,210,0.07872340425531915,4.66039827956163,0.006523612938347775,,,,,,,,,False
2024-04-03,470,0.23720289717078097,14.421071798873692,111.48536167026703,30.10705148284812,22.679356335297133,16.91106558986422,9.773775082799736,9.251966682182031,7.807041581751134,7.474376475853244,7.227571369402603,6.890697565259599,0.4062906599171836,211,0.07446808510638298,4.677359318533707,0.005289661116907862,,,,,,,,,False
2024-04-04,470,0.23959090237546246,14.184636919940983,112.60772411646735,30.38128474118745,22.728349008728955,17.10750890760974,9.684740366147185,8.661881753388203,7.874665307478104,7.474862722845692,7.13112311812918,6.618339712921298,0.40959490880881,216,0.10212765957446808,4.698852383068891,0.009617565667105204,,,,,,,,,False
2024-04-05,470,0.23667675256672213,14.425559641449627,111.23807370635939,30.980275524465334,22.567621918151513,17.438501186446672,9.768271915163574,8.703799458461308,7.920753278030957,7.490852967951264,7.118494082217071,6.615710940594591,0.40849520053316274,214,0.15106382978723404,4.5981179265559655,0.021730254502563173,,,,,,,,,False
2024-04-08,470,0.23761148464368873,14.384506224418958,111.67739778253369,29.759446123363084,22.812216591629504,17.564648151091458,9.698610059192644,8.732636188966012,7.945089591323328,7.541377779385066,7.157416532418999,6.692787058852398,0.40747301852725615,216,0.11702127659574468,4.652089781609938,0.012421176790817947,0.017998843835136873,95.19780962261551,81.0329160390051,0.017897907443174075,94.83274516376986,80.66795251655141,0.9991292490831494,0.0008707509168506267,False
2024-04-09,470,0.23483924986067367,14.630404876613236,110.37444743451661,29.897003494463505,22.804491337692426,17.93078841364295,9.921901222179091,8.81265200389457,7.876596477886479,7.521580451071947,7.199886159739423,6.6926594347874415,0.40623113170743536,214,0.07446808510638298,4.714055483924505,0.005616295422583133,,,,,,,,,False
2024-04-10,470,0.24116477260921595,14.041887388997598,113.34744312633148,29.531878230983292,22.92843492521412,18.074279513540613,9.830888052251124,8.707028492259493,7.842041249620978,7.441296788555604,7.1432961642541395,6.672149546225025,0.4121551571240865,210,0.17872340425531916,4.475716155021462,0.025550061243932314,,,,,,,,,False
2024-04-11,470,0.23732185151300722,14.404928177240423,111.54127021111339,29.284943671950042,23.069354456390673,18.29353721945527,9.582547503320711,8.821910289645949,7.931639448139966,7.517804123488884,7.226298401865442,6.7285356383410795,0.40802479374942574,211,0.16595744680851063,4.543071127065771,0.020296692827655036,,,,,,,,,False
2024-04-12,470,0.23908728458599185,14.230201246644429,112.37102375541616,29.360612961139015,22.96515239207552,18.527862063059846,9.488245070719934,8.91290294984752,7.9053711737522425,7.568126519547037,7.223094613163354,6.764607913915462,0.41002743881363934,213,0.14893617021276595,4.597792326238034,0.009726443768996961,,,,,,,,,False
2024-04-15,470,0.23856514966625694,14.277086747644814,112.12562034314078,29.497609999002634,23.009867217672646,18.322194846403267,9.616868579042961,8.893816304691036,7.909221524966229,7.539109660627322,7.1914048701444475,6.623629854736745,0.40972800209630267,211,0.15319148936170213,4.570322409212329,0.016159324955768273,0.01813376463496273,94.81830147489266,80.76164611227914,0.018963247007377754,94.67514215966355,80.61765731467761,0.9983542124087988,0.0016457875912011533,False
2024-04-16,470,0.23833268179634265,14.297932946607805,112.01636044428102,29.491172215486422,23.117219799519997,18.189634508249224,9.595763699874585,8.945967612833975,7.925522234959288,7.555754563620286,7.192216866658347,6.613232983850444,0.4093832992923644,213,0.14893617021276595,4.604424616654239,0.020931815088690287,,,,,,,,,False
2024-04-17,470,0.23778053890552672,14.316909145240038,111.75685328559754,30.45763970257196,22.715093588058945,18.222674229973435,9.552077361818558,8.911480752146247,7.973659821768852,7.3996560474184765,7.24197225056448,6.603536182760826,0.4100092301447244,209,0.13191489361702127,4.592346182813107,0.01958898516535862,,,,,,,,,False
2024-04-18,470,0.2369412062361846,14.402185067308604,111.36236693100676,30.25851180827584,22.881879333911574,18.102900437685644,9.542364676584526,9.006915136186855,7.851121702588071,7.594058556483723,7.292698987556617,6.761368666013624,0.40882558124992413,214,0.14468085106382977,4.614855585057512,0.01314703080342966,,,,,,,,,False
2024-04-19,470,0.23892125153286836,14.157218166317744,112.29298822044814,31.594797907756064,23.01000936465406,17.92393165643091,9.686017640481499,8.414781907006901,7.718243071426311,7.534576728290538,7.17711093499347,6.783689822282382,0.41384626551015036,207,0.15531914893617021,4.527394568741499,0.009481468039740508,,,,,,,,,False
2024-04-22,470,0.237038539123756,14.336430662179888,111.4081133881653,31.340709482482023,23.26423680064344,17.966103674540317,9.572901064396433,8.52102915478347,7.802673701258386,7.30585728851003,7.150188456366686,6.901592682956556,0.4118129030004841,209,0.15531914893617021,4.524036159175237,0.006369368960667786,0.018143021011980936,95.01129731460624,80.89376217053812,0.018157040374072862,95.12123041614437,81.00368125271416,0.9986530823520836,0.0013469176479163902,False
2024-04-23,470,0.23686981601360488,14.35356664631795,111.32881352639427,31.615384743188528,22.977337241456546,17.904071916255127,9.443796766770262,8.535361536699314,7.708465273310725,7.325614464168462,7.091376138271075,6.834498756202285,0.4112114982852443,210,0.14042553191489363,4.571131030387607,0.010896883364333348,,,,,,,,,False
2024-04-24,470,0.23488405021005232,14.536043207034528,110.39550359872456,31.707431021802428,22.985216310824356,17.845037804262436,9.481758441781587,8.535718539246107,7.714496272654872,7.658771295639754,7.095443613461451,6.843461570123022,0.4093935046327562,209,0.10212765957446808,4.602526897629595,0.01881776527695867,,,,,,,,,False
2024-04-25,470,0.2350737541807003,14.526764201658017,110.48466446492912,31.615579816666372,22.89828191927201,17.82946088425722,9.456421063028767,8.65755026839577,7.657535573012475,7.4437485696011505,7.223849441741473,6.880406887541386,0.4091157620173479,211,0.15106382978723404,4.565237595015722,0.008828199428389964,,,,,,,,,False
2024-04-26,470,0.22568487097123824,15.386015561747836,106.07188935648196,32.32411040618253,23.559779758087107,18.22964460840004,9.798200323276347,8.835908095169877,7.796174692557047,7.432321996360089,6.90337429853819,6.736806971338134,0.4042204775583574,215,0.13829787234042554,4.595127171899326,0.01126888354579685,,,,,,,,,False
2024-04-29,470,0.22480480261373004,15.46767018845836,105.65825722845312,32.558637803592724,23.602743891076834,18.081649623061978,9.727819484029279,8.912868337713878,7.6102301090104945,7.510590286473502,6.893499113441927,6.8055699747725225,0.40346618729832745,211,0.10425531914893617,4.636479752306802,0.01840947239486458,0.01849024538788277,95.38163937417603,80.12028374294353,0.018730987180142836,94.9170258412665,79.65542946824172,0.996785659075296,0.0032143409247039623,False
2024-04-30,470,0.22785475201354538,15.166045349835665,107.09173344636633,32.516507697220575,23.227061701640267,18.379334787654205,9.717183164787357,8.838320685387197,7.54117395820316,7.463580890238717,6.8398151988502445,6.77685997490762,0.4062379165907845,210,0.1425531914893617,4.575477392370937,0.008501565122714693,,,,,,,,,False
2024-05-01,470,0.22698309414919726,15.265848851300868,106.68205425012272,32.49983295517076,22.708132352381114,18.57048527194995,9.716156464066376,8.55279426408146,7.824963985099464,7.453351540154435,7.236479502729665,6.704365812569444,0.4046311942418956,210,0.14893617021276595,4.568364326176198,0.018182643015923424,,,,,,,,,False
2024-05-02,470,0.2268400418705975,15.321154661880444,106.61481967918081,32.135693386151985,22.43521287708878,18.263047323933232,9.635981263682972,8.483117624489665,7.819190251960228,7.472878825554153,7.224065632007126,6.809565934513675,0.4023079883617826,213,0.14893617021276595,4.603875152287969,0.01048859048223926,,,,,,,,,False
2024-05-03,470,0.22529882836964923,15.47920159200885,105.89044933373512,32.23232514348675,22.442078236327323,18.158636750279854,9.70928577533606,8.477991364587737,7.788015164891441,7.474299295953973,7.141466310416557,6.88025819092853,0.4009207983812024,212,0.12127659574468085,4.656944873399507,0.013945470217302545,,,,,,,,,False
2024-05-06,470,0.22487448911783223,15.529747808971845,105.69100988538116,32.118196477473006,22.446850744882482,18.127557495249828,9.73903313306313,8.467376913615613,7.790717463242937,7.561898769867146,7.152434661752164,6.8799870816483555,0.40026095262989275,211,0.12340425531914893,4.626754876891252,0.018300594292972826,0.01870364603405421,94.7827648053868,79.45918783949874,0.018651755532875482,95.49277454647101,80.16924947108411,0.9971507743160962,0.0028492256839037777,False
2024-05-07,470,0.22441830440342522,15.562417553621794,105.47660306960984,32.32015664122692,22.58014767677984,18.074487239157172,9.720937368119035,8.513442130996168,7.820128484582915,7.571798076452539,7.0789715127811075,6.859669555749277,0.40036666381892094,212,0.07872340425531915,4.703668705646789,0.0178650818854058,,,,,,,,,False
2024-05-08,470,0.20682917663437692,17.454967860982457,97.20971301815715,33.394139015151914,22.888312947647822,17.93264919017923,10.017961273835304,8.728558858265707,7.947733176993268,7.744719260936127,7.344048480190247,6.98757537820069,0.38604845839355617,222,0.07446808510638298,4.798196830482629,0.019162545932949235,,,,,,,,,False
2024-05-09,470,0.20864776519865863,17.25214915453033,98.06444964336956,33.42904782596304,22.795250370407135,17.621724921397245,9.972400278194769,8.680547934683734,7.950154349306737,7.748715161985733,7.250186808152601,6.916613327511867,0.38698483625389735,223,0.07021276595744681,4.795994980298039,0.017719911082883455,,,,,,,,,False
2024-05-10,470,0.2081041001883021,17.342869215079144,97.80892708850197,33.39462354126755,22.267558236959832,17.69743197345353,10.055680641129921,8.746971444951857,7.982951405073937,7.744000637530708,7.243934668298445,6.9154156053465305,0.3855834499602401,225,0.06595744680851064,4.810845181269967,0.012248786462822665,,,,,,,,,False
2024-05-13,470,0.20804646493062062,17.34749196363002,97.78183851739169,33.46397184724799,21.94189818178172,17.949249099252,10.044092023702412,8.823763995663661,7.960878398300493,7.801642791878563,7.276386659358906,6.9085002538096845,0.38549159504122515,225,0.06595744680851064,4.822491047617088,0.013001860000907318,0.018441178649349455,95.09982929454283,77.94194261719409,0.018318125414629315,95.44748914408643,78.28972551997241,0.9972617989365836,0.002738201063416379,False
2024-05-14,470,0.20797699750683202,17.3614490885614,97.74918882821109,33.39828685711346,21.95592701725144,17.97901975023721,9.976827166638078,8.824346137889808,7.960650144472565,7.8456348661826665,7.2558278713033335,6.919452478387395,0.38523244599883233,223,0.06595744680851064,4.784413024767471,0.006850247244023046,,,,,,,,,False
2024-05-15,470,0.20912443080014306,17.22192455573453,98.28848247606723,33.414006063048944,21.98186450066319,17.914057848368792,10.008969908370805,8.877095587216953,7.937230322697668,7.847495369409696,7.238359011884263,6.886163333381104,0.386398682545785,222,0.06595744680851064,4.798380220133337,0.00438234360114322,,,,,,,,,False
2024-05-16,470,0.20828334827910733,17.312991179699832,97.89317369118044,33.63537724942877,21.871740627289803,17.815065514554224,9.980938786809592,9.0234672684461,7.942741309186791,7.842131711028396,7.23837729290507,6.865477872838186,0.385524033764389,222,0.06595744680851064,4.798377694475143,0.0029215624007621465,,,,,,,,,False
2024-05-17,470,0.20760567760254933,17.409141340734802,97.57466847319819,33.53396243692286,21.870241567457526,17.81228641112223,9.933285511409892,9.072162642552659,7.958909832386159,7.813786857424044,7.199845543019722,6.866332863519171,0.3845200944683207,221,0.07234042553191489,4.786277425293148,0.002994147802023318,,,,,,,,,False
2024-05-20,470,0.20688645691682467,17.4868094774907,97.2366347509076,33.66771269674983,21.850993629923803,17.705328402696722,10.188555962198613,9.032961267499882,7.9235764952557215,7.82173186585561,7.19074365961665,6.882428930738833,0.3843600541329289,221,0.07234042553191489,4.785016851648879,0.003338928458013882,0.01870375886844137,95.1353387036342,77.83671192419189,0.01891401750703458,94.9495789585248,77.65074192044389,0.9995943304779482,0.0004056695220517881,False
2024-05-21,470,0.20695700143148407,17.50631488920192,97.26979067279751,33.540357300237716,21.805651972199442,17.46053668254311,10.117179453108626,9.063755366650074,7.921477093678278,7.812316660212946,7.179490913047767,6.847546737767437,0.3833904597465668,224,0.06595744680851064,4.802625926471567,0.002014244884997505,,,,,,,,,False
2024-05-22,470,0.20768931819338082,17.44423375008791,97.61397955088898,33.32437720407076,21.86597913117043,17.132077042629245,10.036698077696212,9.09177651480394,7.945820967759854,7.724285334586294,7.349126740189466,6.8829354703573244,0.38292151277969283,223,0.06595744680851064,4.800116480439083,0.0020686839359433835,,,,,,,,,False
2024-05-23,470,0.21260673783429318,16.89399131478028,99.9251667821178,33.15063770420997,21.79782716000859,16.74348679430805,9.839390230926117,8.997387328992277,7.983730839110677,7.665963438550599,7.234433028745123,6.885771280270579,0.3860776780246182,224,0.09787234042553192,4.755486638083319,0.00681395454339246,,,,,,,,,False
2024-05-24,470,0.20824784220647075,17.39429051696451,97.87648583704126,33.36431708305054,21.845444290259362,16.65215544313355,9.882540691189707,9.0538250575788,7.951217993967643,7.733657053951102,7.377090467450285,6.907178532973862,0.38217221988228595,223,0.07021276595744681,4.791076023072637,0.004845075534183187,,,,,,,,,False
2024-05-28,470,0.20905958143521358,17.27824481569679,98.25800327455039,33.11769477599067,22.681617091553363,16.419440652440713,10.230063149638184,8.988922063360132,7.886152489633602,7.699876466467756,7.339887267628333,6.858426268359635,0.38448259349824104,223,0.06595744680851064,4.804569656130697,0.003148391779703307,0.018318957434186895,95.09013527342894,78.00263108173317,0.01856237403107974,94.70597463729355,77.61822702900089,0.9979951203159865,0.0020048796840135275,False
2024-05-29,470,0.21025080921666467,17.144030425862923,98.81788033183241,33.07973172992635,22.548585676639853,16.4932545371718,10.20852705970113,9.002842360152322,7.861057898742251,7.7040102155514445,7.325567389641291,6.792832477424806,0.3854212326282373,224,0.06808510638297872,4.8035262726105135,0.0029760014517080254,,,,,,,,,False
2024-05-30,470,0.2106874699130647,17.11432127734442,99.02311085914042,33.16518210878101,22.160165338013506,16.156419599547153,10.232448862856412,9.139187346774712,7.77969511136577,7.628621192663265,7.303156434029978,6.855377929854661,0.3845475037624223,225,0.07659574468085106,4.78839243115924,0.002758245247924511,,,,,,,,,False
2024-05-31,470,0.2142350595503475,16.665806115686493,100.69047798866333,33.72774918356515,21.88685325700068,16.40011909208819,10.168433425321652,8.944639324488767,7.7040022983701055,7.540973054673812,7.214138711353395,6.780676116297567,0.38909283605667877,224,0.07446808510638298,4.786212400813553,0.007557954906319466,,,,,,,,,False
2024-06-03,470,0.21441062655746745,16.651753918909055,100.7729944820097,33.47221173100985,21.813605999133504,16.996822704657085,10.095655859455569,8.926557460647606,7.66246374369283,7.495806630308256,7.16735951815968,6.767862800675948,0.38968359739631003,224,0.07446808510638298,4.786630381689209,0.002386245066461008,,,,,,,,,False
2024-06-04,470,0.21356571383075987,16.716569728843215,100.37588550045712,33.81042299434813,22.022034598351542,16.799312253851568,10.218808049187885,8.885135106864368,7.658607811697855,7.501834846769674,7.111715588891505,6.765377759713458,0.38984353914084313,225,0.07446808510638298,4.796602797328789,0.002731025722451572,0.01906171723543047,95.15626634109789,78.63420060885001,0.018171564815909105,95.29694639010826,78.7757708102799,0.9982461938617971,0.0017538061382028625,False
2024-06-05,470,0.21368787578830614,16.662293196343008,100.43330162050387,34.736712877136085,21.30972848982018,16.843260985124846,10.159215359202278,8.870386162022491,7.664230147789323,7.502575982879754,7.102516731365061,6.790278159464781,0.3903877007059304,223,0.07234042553191489,4.814218099590774,0.0034750260853785783,,,,,,,,,False
2024-06-06,470,0.2032195390150603,17.842048899233337,95.51318333707835,35.09505558516145,21.669521968053836,17.12698958115771,10.382110840860612,9.123708274984782,7.829385903350338,7.627699371866499,7.354372728356635,6.96709132920661,0.3825252368347062,223,0.06808510638297872,4.836834188183316,0.00438234360114322,,,,,,,,,False
2024-06-07,470,0.20581925571241913,17.703269150862734,96.73505018483698,34.924031752509705,20.525733646268883,13.93944358325364,10.378582814157127,9.316057300128323,7.903198408592311,7.568658322422575,7.347772875732012,6.920765345792957,0.3755379616617582,220,0.06595744680851064,4.807257712005455,0.00473619743229143,,,,,,,,,False
2024-06-10,470,0.2039504040095333,17.949851180356855,95.85668988448066,34.70479522100362,20.624172727946167,13.977226872210828,10.403700999447954,9.433092336783636,7.900850526097937,7.6223745523699336,7.39798480896873,6.964528905903962,0.3735459270321047,223,0.06808510638297872,4.829949480952708,0.003910538492945606,,,,,,,,,False
2024-06-11,470,0.20429683702605467,17.90872274124649,96.0195134022457,34.73592985166728,20.61815507719693,13.662635981541204,10.579137855962937,9.412899108263101,7.906617812781356,7.597996877643453,7.405571181181482,6.9711583583056935,0.37364972801832774,222,0.06595744680851064,4.842610052257545,0.00425531914893617,0.01832641991410251,95.52967324326029,77.80692091912574,0.018627070637536665,94.4294103158955,76.70635734103752,0.9966984436378004,0.0033015563621996424,False
2024-06-12,470,0.20197868463262753,18.12480553781637,94.92998177733494,35.51700042632558,20.68259392924864,13.813878104366594,10.60010926431885,9.410527998454914,7.834425886058791,7.580580932524617,7.365189580541062,6.974234682324854,0.373496943620414,223,0.06595744680851064,4.838303702950595,0.0031120990790727216,,,,,,,,,False
2024-06-13,470,0.19536186823837295,18.945061094513377,91.8200780720353,35.87767131589389,20.946545497675352,13.659963706560507,10.75572934203391,9.496226293433086,7.83904358252213,7.641197840791258,7.335170585264864,7.036578611699196,0.36821274028552964,227,0.06595744680851064,4.8650421869429294,0.003302635757383296,,,,,,,,,False
2024-06-14,470,0.1941501213872467,19.101582212794657,91.25055705200592,35.816610098905116,21.11637966074278,13.704222856236193,10.804726128307959,9.489367522521452,7.803047266712269,7.6811357070531034,7.344718412999804,7.060645829942151,0.3674308421195702,226,0.06595744680851064,4.8566544563380525,0.002513269518668058,,,,,,,,,False
2024-06-17,470,0.1932016689398266,19.208570253457705,90.8047844017185,35.964696022908896,21.04918176622926,14.10740909883026,10.785493762340817,9.521241152202627,7.767265796586666,7.637914998145559,7.300955461753861,7.042865918606509,0.3674714150043144,229,0.06595744680851064,4.8812892990065775,0.0034750260853785783,,,,,,,,,False
2024-06-18,470,0.19183689710461166,19.403993495200275,90.16334163916747,35.928113875766,21.066516986044178,14.099202058866597,10.801440464449055,9.558710462841837,7.7482158436965065,7.622955783029197,7.289889021140579,7.057545733460493,0.366082159626156,228,0.06595744680851064,4.863301678249876,0.0016966837544798803,0.01830765905493881,95.34173020064368,76.11126594349307,0.01834784821405972,94.70642617245694,75.4759217261472,0.9985969949884359,0.0014030050115640957,False
2024-06-20,470,0.19109863920110065,19.502985181762902,89.81636042451728,36.01985782981626,21.091993584009728,14.056359277869209,10.76116896099207,9.522949826630963,7.814072458758894,7.665380227233318,7.248738867861349,7.027257919595473,0.36541646824937146,228,0.06595744680851064,4.869105043335301,0.002476976818037472,,,,,,,,,False
2024-06-21,470,0.19076615231570287,19.577159989446034,89.66009158838034,35.859161325105845,21.012585469728414,14.017283867890693,10.72934576325936,9.717250709394316,7.80263269601189,7.658290501235312,7.225194659277635,7.012656356513375,0.3644222723709886,228,0.06595744680851064,4.858279186177023,0.002449757292564533,,,,,,,,,False
2024-06-24,470,0.19057245780284607,19.56112184619714,89.56905516733767,36.408256410663824,21.046290665219757,13.87604677456681,10.60354515746068,9.619123121074114,7.797117827361954,7.6050849185488545,7.151620046342296,6.988717367703958,0.36490041313882704,228,0.06595744680851064,4.856406266059238,0.002867123349816268,,,,,,,,,False
2024-06-25,470,0.19270160806225783,19.4809764494477,90.56975578926117,34.35249467910164,21.115789600938996,13.888789046786895,10.674253788600929,9.666707107375194,7.823622237062602,7.624155486587528,7.187918008985819,7.010469815648384,0.3629810274567865,230,0.06595744680851064,4.8624409439618335,0.0031574649548609538,,,,,,,,,False
2024-06-26,470,0.18995070030505015,19.941564069352204,89.27682914337356,34.02340456081701,20.581523111075597,14.065419799562635,10.584706619566898,9.639931446065285,7.864468138299226,7.591526623754948,7.245791755337888,7.002712727740755,0.3585784749667994,236,0.06595744680851064,4.898679677259583,0.0037562945152656174,0.01813009133893689,95.46129296626454,75.69154950587846,0.01860445234224805,95.0597227379704,75.28950491658101,0.9979965807975927,0.0020034192024073194,False
2024-06-27,470,0.1895778163681127,20.018847718823874,89.10157369301297,33.98405236364256,20.433648091993888,13.989285870078188,10.444645630208024,9.630245003828653,7.874036579874877,7.5791614090386386,7.216183917526822,6.9879415286117,0.3573472460615652,238,0.06595744680851064,4.9404204792739765,0.003139318604545661,,,,,,,,,False
2024-06-28,470,0.18871652499950922,20.16163411305746,88.69676674976932,33.891590438276566,20.397074561061807,14.008934371240416,10.388736712977613,9.637372711149418,7.86437662574504,7.567756543250361,7.14087768676223,6.931663885803557,0.35613426134750154,235,0.06595744680851064,4.920925398696987,0.002368098716145715,,,,,,,,,False
2024-07-01,470,0.18773185380959423,20.34450599943539,88.23397129050929,33.756595266523064,20.026107512653176,14.032763757248812,10.364712618810996,9.651414740168837,7.862447191776608,7.597428252048354,7.143806571615921,6.922347852021114,0.3540726605228624,238,0.06595744680851064,4.9598739190320424,0.004173660572517352,,,,,,,,,False
2024-07-02,470,0.1874039863171276,20.3817883679728,88.07987356904997,33.84376324780918,20.06115594828467,14.008113165753443,10.318873262436794,9.680589792125733,7.844237199081198,7.618526814530827,7.107996812042223,6.946580661803835,0.3538548493475192,239,0.06595744680851064,4.955592858474798,0.0040012702445220705,,,,,,,,,False
2024-07-03,470,0.1876108685460025,20.355154045967975,88.17710821662118,33.8197528035393,19.899501834859066,14.099345679311767,10.402236900171612,9.692248370206917,7.834811005518255,7.6154434897454575,7.119858742884762,6.946396318571704,0.35403818177553814,242,0.06595744680851064,4.96976902266548,0.003402440684117407,0.01807913235083511,95.44722053377899,75.26159822400618,0.01855318349354499,94.674539075687,74.48844271477147,0.9991812653555603,0.0008187346444397114,False
2024-07-05,470,0.1871552534239742,20.399533375199873,87.96296910926785,33.644662540532224,20.60887606874072,14.009941855025577,10.495794991005697,9.629123319073091,7.822983915976226,7.654457876064324,7.11797324267264,6.942115652017939,0.3547281799246215,239,0.06595744680851064,4.921112308010019,0.0039286848432608995,,,,,,,,,False
2024-07-08,470,0.18737797707677803,20.378214763950094,88.06764922608568,33.553654015876475,20.612989255034712,14.03675814269338,10.359538751712064,9.616134816572265,7.904064468385939,7.612816158068924,7.130897154789723,6.9513561665051204,0.35453316891787723,242,0.06595744680851064,4.945309923066125,0.004391416776300867,,,,,,,,,False
2024-07-09,470,0.18561057414143692,20.638314476156683,87.23696984647535,33.60114272451253,20.50830185829492,13.999852097776976,10.533873898735926,9.661832970010224,7.966385320257063,7.634732250936597,7.136083749159841,7.06125464378645,0.3529364689910547,242,0.06595744680851064,4.97889453202961,0.0020414644104704443,,,,,,,,,False
2024-07-10,470,0.18508332109175052,20.72538345610315,86.98916091312273,33.575460581643455,20.54386995024649,13.901065058754817,10.515758329321015,9.627067112229183,7.957375244482811,7.632961542602791,7.156738462299497,7.062982043577697,0.352181520921465,243,0.06595744680851064,5.006694025031589,0.0021412693372045545,,,,,,,,,False
2024-07-11,470,0.18920394976418053,20.185571155973047,88.92585638916484,32.89013816763366,20.37553230690302,13.822334747794887,10.453977913815972,9.534708843444642,8.665665130365522,7.723434613261722,7.386568161621877,7.012611092882168,0.35418689260704767,241,0.06170212765957447,4.968642942312795,0.0040738556457832415,0.01903555790990226,94.80213055167467,74.78672778755589,0.018618111695173294,94.81489320832836,74.79990789042431,0.9985169343386164,0.0014830656613835647,False
2024-07-12,470,0.18966742511892073,20.14157081669149,89.14368980589276,32.656049862275886,20.42949010619312,13.873233432815125,10.404785753905728,9.485834995528492,8.640585611014636,7.710962731394709,7.402124031649759,7.037230550590901,0.3542707424703885,241,0.06170212765957447,4.9866013303498775,0.004754343782606724,,,,,,,,,False
2024-07-15,470,0.18865186969980313,20.279729415390968,88.66637875890748,32.52984739831417,20.635072001895736,13.807005949165214,10.56976149792155,9.757108674732134,8.515288881825228,7.760240184572481,7.576260087796163,7.006774284213199,0.35363418214085984,241,0.05531914893617021,5.009744321672072,0.0054166855691149115,,,,,,,,,False
2024-07-16,470,0.1937523675981725,19.567616701658746,91.06361277114107,32.257283084991016,20.633556901560965,13.733637047835852,10.487900307321393,9.35559218386723,8.760163684406741,7.859785592258307,7.568549272055968,7.11120152219017,0.357821255559256,240,0.06170212765957447,4.98525974466521,0.004427709476931452,,,,,,,,,False
2024-07-17,470,0.1910715083708178,19.61351029932677,89.80360893428437,35.78767404828015,19.893784657712253,13.90741439854609,10.418218692020364,9.43654456434487,8.624713014434526,7.76708141867917,7.603021984364451,7.100193717602758,0.36129936325711326,234,0.06170212765957447,4.940627430948513,0.005543710021321962,,,,,,,,,False
2024-07-18,470,0.190824937128431,19.632236806211118,89.68772045036255,35.927093818206714,19.929103945799547,14.025211318058954,10.308227740904858,9.501830106623952,8.519296468333728,7.822047019991549,7.553842057908239,7.064844560119508,0.3614411856879418,234,0.06170212765957447,4.919034656846339,0.002322732840357483,0.01905238722469285,94.94163976023596,75.48117550392858,0.01838378254079881,95.0793189372286,75.61952328560511,0.996394432854114,0.0036055671458860017,False
2024-07-19,470,0.19157670212093691,19.55540711856403,90.04104999684034,35.76591340376778,19.764577934875014,14.01830217931655,10.313074154835007,9.43921382914338,8.488031265999041,7.793117127506125,7.520225588970187,7.003398526139097,0.36149556950986106,234,0.06170212765957447,4.931703058520482,0.0035203919611668105,,,,,,,,,False
2024-07-22,470,0.19157645292273634,19.531038434521182,90.04093287368607,36.00614844969243,19.721526387501342,13.999650625891976,10.281842001996512,9.526819007664894,8.458839181402439,7.785145702402205,7.48883786981951,6.979038214947377,0.361808724125039,235,0.06170212765957447,4.934652620989951,0.004645465680714966,,,,,,,,,False
2024-07-23,470,0.1917377840171747,19.542568435531123,90.1167584880721,35.86367007952667,19.58615474784714,13.38900421528342,10.48281611853339,9.57725950073243,8.431863913837091,7.879841216134703,7.505718658779003,6.9697735903467715,0.36050724180694205,233,0.06170212765957447,4.92754393725316,0.00473619743229143,,,,,,,,,False
2024-07-24,470,0.18832210456797369,19.743859130662116,88.51138914694764,38.27719507172711,19.420197236459167,13.414442703975332,10.558059159314265,9.483946629333147,8.46033445417417,7.928079855165142,7.422821224627276,7.048925222774207,0.3620878368477096,237,0.06170212765957447,4.938698006654514,0.004092001996098535,,,,,,,,,False
2024-07-25,470,0.18487152049345912,20.181391815773527,86.88961463192578,38.28068690579377,19.256460328626666,13.675670126225908,12.320784313457258,9.403590100700786,8.612630839519628,7.823545278904376,7.415781442605178,7.137164351644294,0.3626025878851689,240,0.06170212765957447,4.946275007030655,0.002839903824343329,0.018249801558143784,95.52827374334527,75.51350364650706,0.01787555793000029,95.50536759714674,75.49097174393668,0.9967767956102382,0.003223204389761758,False
2024-07-26,470,0.18827684893038504,19.792413357453622,88.49011899728097,37.43805897829402,19.37157289834046,13.53026677331157,12.236225685481553,9.271278631904384,8.689684845959665,7.946326504511562,7.515775730422807,7.254356583679178,0.36397073049512463,238,0.05531914893617021,4.961147639511196,0.003257269881595064,,,,,,,,,False
2024-07-29,470,0.1851204199220171,20.207979978369437,87.00659736334802,37.48350337546037,19.709951927791394,13.528475872810917,12.385412805992985,9.336078208488733,8.727601726512702,8.012167297061932,7.560074078393098,7.3518548337406315,0.3619445560540505,239,0.05531914893617021,4.99819954567535,0.003992197069364424,,,,,,,,,False
2024-07-30,470,0.18457553674012406,20.26326562583121,86.75050226785831,37.57816151825938,19.76351070483861,13.997952568059628,12.239687699471805,9.291290854294651,8.626930958306318,7.835193535357145,7.612580324529458,7.387600321040954,0.3624038611882717,237,0.05531914893617021,4.990165461190484,0.0038651726171573743,,,,,,,,,False
2024-07-31,470,0.1843608709641629,20.256443552203493,86.64960935315656,37.96489300199926,19.653938215177128,13.894331564280922,11.980348051360878,9.131495751062705,8.845285218746813,7.8031368446177165,7.720866743645275,7.355419325691281,0.3620066386935633,239,0.05531914893617021,4.971706242327944,0.004309758199882049,,,,,,,,,False
2024-08-01,470,0.18285915542544215,20.027158597822318,85.94380304995781,40.57290446438462,21.105299157191162,13.991581063161917,12.184316732790094,9.449770499082366,8.80491446708438,7.999951942066916,7.404002852342834,7.160275126596126,0.3697827754627353,234,0.0574468085106383,4.917537086405929,0.006287710384248968,0.01871937801808792,95.42747179675995,75.56445297634498,0.0189907253939725,94.58980789620321,74.72651772841236,0.9941164465574491,0.005883553442550871,False
2024-08-02,470,0.1872714737735401,19.012469509207477,88.01759267356383,43.50990050568929,21.781731855978776,13.882061743760136,11.997571743583798,9.21220432127911,8.679023662414352,8.000153104473029,7.3831125920890965,7.184635450362073,0.38125289047356564,231,0.0574468085106383,4.896327559664402,0.005425758744272558,,,,,,,,,False
2024-08-05,470,0.20334891542761524,17.203739844976063,95.57399025097916,42.57923291285688,21.00437228346088,13.46065072830047,12.145129449952437,9.017710791426456,8.460885415277094,7.93753497396524,7.20305636419204,7.054378382250833,0.3931135651607443,225,0.08723404255319149,4.80777712791994,0.00914576055890759,,,,,,,,,False
2024-08-06,470,0.1976979863462896,17.832833731847295,92.9180535827561,42.9195234225308,21.040292740953056,13.671761703748356,11.808866901541574,9.032664029905046,8.54565246915718,8.067686686515252,7.44353426253279,7.02096362225654,0.38799680500325506,228,0.0574468085106383,4.880790748466102,0.004454929002404392,,,,,,,,,False
2024-08-07,470,0.19601770450498343,18.035126813872925,92.12832111734221,42.84313127480705,21.142640419707604,13.715201635258662,11.946709816735837,9.004048287411706,8.507581831857113,8.146787094283376,7.3898788201473975,6.987653681564896,0.3867574558805348,228,0.0574468085106383,4.866846416013637,0.00415551422220206,,,,,,,,,False
2024-08-08,470,0.1979822248130984,17.70431375880898,93.05164566215623,43.82168976178848,20.88717412024547,13.530319228308027,11.830626587254347,8.934405471472271,8.414542246737925,8.102716066766446,7.622528211181023,7.171899100002509,0.3896201177867076,226,0.0574468085106383,4.870229213942057,0.0036020505375856282,0.017957461652975914,94.99444484304858,77.47015584739972,0.018495287375456453,94.4482353265915,76.92340850522017,0.9861981008213866,0.013801899178613408,False
2024-08-09,470,0.19744982323465715,17.763955880836512,92.80141692028886,43.868086488125215,20.88264848824022,13.542278124444284,11.820664091029496,8.949519355641911,8.373430966765364,8.053740343247007,7.623768584525659,7.188533247139565,0.38918105130240016,225,0.0574468085106383,4.855752346200676,0.0035203919611668105,,,,,,,,,False
2024-08-12,470,0.19773389135486127,17.728621112226605,92.93492893678481,43.815117262236456,20.95128622224258,13.760083576918799,11.800450526867753,8.86143739204168,8.372038369745349,8.02465469223403,7.622680120458909,7.179227970216756,0.3899188649469157,223,0.05531914893617021,4.864943974238772,0.007394637753481831,,,,,,,,,False
2024-08-13,470,0.19909759867996696,17.569417281674262,93.57587137958444,43.768501875757536,21.114875073001528,13.55975287471517,11.786419498659384,8.881087754154178,8.410897615958117,8.033178528125543,7.64308163207161,7.106234515642519,0.3910753631951449,224,0.05531914893617021,4.869881398485006,0.003139318604545661,,,,,,,,,False
2024-08-14,470,0.20007503957234035,17.510358790833806,94.03526859899995,43.26102141061861,21.096293748673936,13.528591828303114,11.531065977038065,8.926679427134848,8.594159706910744,8.115732405740507,7.69085313550204,7.128182748978592,0.3903239182204973,221,0.0574468085106383,4.849629483011801,0.002259220614253958,,,,,,,,,False
2024-08-15,470,0.20221510365497236,17.190746637873573,95.041098717837,43.94983199593008,21.009856433776342,13.485093345771034,11.41110984561832,8.879925938810372,8.611185371767416,8.110696399014596,7.714931567307414,7.078097616284582,0.39339785178496334,221,0.0574468085106383,4.776773471625187,0.006550832463820714,0.018639942011455177,95.0935575016357,78.08638602540564,0.019270345415954914,94.84319656523903,77.83539468560447,0.9990315217134995,0.0009684782865004848,False
2024-08-16,470,0.20225836199652822,17.22351187529792,95.06143013836828,43.56894021759878,21.054138705513658,13.459831376263885,11.340539384696516,8.880803859805546,8.638900286903576,8.158340456760211,7.729592047304015,7.111356725137464,0.3925210208988109,223,0.05531914893617021,4.820018942700947,0.005543710021321962,,,,,,,,,False
2024-08-19,470,0.20341647751705813,17.081487752531135,95.60574443301729,43.6189822175574,21.05868270351239,13.475974611951912,11.29790454318227,8.957856311086532,8.638918702321373,8.153105179516114,7.739595039336845,7.11989967327091,0.39373891172174746,220,0.05531914893617021,4.810056961369639,0.004391416776300867,,,,,,,,,False
2024-08-20,470,0.2045643511615902,16.915434963713096,96.14524504594738,43.79376894876589,21.393678627507498,13.509837778720684,11.329310647353253,8.893878881014446,8.583978871337303,8.093157946656557,7.713094923171762,7.1117064031347725,0.3961103001027548,218,0.0574468085106383,4.792839063244545,0.0043006850247244025,,,,,,,,,False
2024-08-21,470,0.20479469263917086,16.876741664004797,96.25350554041029,43.85524102997799,21.477739313853455,13.539122871807606,11.24908280145159,8.9132234327312,8.650156310344167,8.117132206546277,7.703680584268221,7.126934625902336,0.3965418969308531,219,0.0574468085106383,4.800095800233086,0.00390146531778796,,,,,,,,,False
2024-08-22,470,0.20474030447454822,16.88277284952997,96.22794310303766,43.78055675190343,21.590664027903763,13.544694874527067,11.276477652167536,8.945925047057088,8.77766186269988,8.097263349577062,7.723161006171686,7.130251559099643,0.396639013637318,218,0.0574468085106383,4.800435086577807,0.003810733566211496,0.018297702662106063,95.29357618222659,78.59724593450906,0.018236578957162235,94.79445669730659,78.098187573294,0.9992596984357389,0.0007403015642610811,False
2024-08-23,470,0.2087914389204364,16.431178235107,98.13197629260509,43.85105673516247,21.567006124594066,13.474692082057231,11.425238640701668,8.926911404175947,8.687183821264904,7.905754576585387,7.723511213104419,7.04277430876435,0.4009573827130225,215,0.05531914893617021,4.778409012852192,0.0019416594837363336,,,,,,,,,False
2024-08-26,470,0.2089288747899821,16.406719987658406,98.19657115129158,44.07526546836314,21.247851496105127,13.518060602198318,11.45941182399202,8.912746221893475,8.70381909198072,7.8169741340935675,7.727623245441932,7.0634411068658105,0.4010577883871281,215,0.0574468085106383,4.78316196072423,0.0011160005443905095,,,,,,,,,False
2024-08-27,470,0.2085534651988843,16.43309197733167,98.0201286434756,44.12470491142395,21.428728128167343,13.438069024704635,11.625283485095682,8.952510515882722,8.645628427951065,7.819146063849065,7.71988741848975,7.078860309580883,0.4013551365805686,214,0.0574468085106383,4.773587398261512,0.003411513859275053,,,,,,,,,False
2024-08-28,470,0.20882092948575118,16.368096552951023,98.14583685830303,44.38089819587336,21.551816449461775,13.484179223389745,11.715989475196558,8.952702407989502,8.649736229995261,7.857903669809782,7.739532567257777,7.0325354868302945,0.40272068128132876,213,0.0574468085106383,4.7647428770668085,0.0034205870344327,,,,,,,,,False
2024-08-29,470,0.2092471608560588,16.327352913759807,98.34616560234764,44.27294798013527,21.669244085672254,13.507101514972927,11.682061140004354,8.934569717469355,8.638236097649756,7.846082591963052,7.73243023278125,7.030952913904787,0.40314366026198384,213,0.0574468085106383,4.759881548423417,0.002622147620559815,0.01800981150942569,95.07166892021175,78.93555335579858,0.01838308929271898,94.92353668094137,78.7870478387449,0.9991145449391483,0.000885455060851692,False
2024-08-30,470,0.21076360990209606,16.192529717504552,99.05889665398516,44.00641814867217,21.541880403132524,13.550955798340125,11.79516739595655,8.788084342310764,8.625011859972831,7.803236019601783,7.736484121990082,7.051555686367795,0.40415599659592866,213,0.0574468085106383,4.763484614016715,0.00377444086558091,,,,,,,,,False
2024-09-03,470,0.21370301742576944,15.748854000393345,100.44041819011161,45.82580792069683,21.026012953250557,13.397628772965838,11.339453643640917,8.7203023205753,8.531711961109307,7.690544032678723,7.648280368640205,6.99226155537827,0.4085730244269485,213,0.0574468085106383,4.755405068958966,0.004500294878192624,,,,,,,,,False
2024-09-04,470,0.21396619021363944,15.71601462310914,100.56410940041053,45.96397864388378,20.879091887428118,13.359379827223194,11.356820518829949,8.725317157465135,8.532497810693808,7.701143219172284,7.636102187671822,6.978873680412154,0.40877314952718213,211,0.06170212765957447,4.720580257720794,0.003538538311482103,,,,,,,,,False
2024-09-05,470,0.21241295043905672,15.906104137309958,99.83408670635669,45.72390929554679,20.682935523530404,13.402861334642214,11.360690251438339,8.733316561093023,8.554585967216536,7.785220306042467,7.644618274721873,6.96433505612653,0.4063925172585413,210,0.0574468085106383,4.7474829317397305,0.0027219525472939256,,,,,,,,,False
2024-09-06,470,0.215786726082496,15.584024122507344,101.41976125877312,45.58796464886167,20.375368972296812,13.457801799329264,11.322991970045425,8.706495263362678,8.510481857111076,7.821897779650951,7.66511618258032,6.95273864808362,0.4088593375517155,211,0.06170212765957447,4.715922003804634,0.0026947330218209864,0.018047722404751804,94.82311199381874,79.43682687498914,0.01813115435099904,95.23961907392714,79.8532505231513,0.9971487812959149,0.0028512187040851122,False
2024-09-09,470,0.21656790611177845,15.513880333970299,101.78691587253587,45.48117497515203,20.376796023842026,13.385046627605078,11.407838227233448,8.72029667736299,8.486894175906386,7.828933987836727,7.6582276000060245,6.957445401493906,0.4094420675029116,210,0.06170212765957447,4.7028224257079545,0.004364197250827927,,,,,,,,,False
2024-09-10,470,0.2150589141684656,15.663684378558374,101.07768965917882,45.39116073669179,20.711488125680532,13.339703395522694,11.392024382063674,8.666990339104812,8.491066015492516,7.902690185308658,7.649772039487621,6.946095541470857,0.40832354531731385,211,0.06170212765957447,4.721813848869369,0.0035476114866397498,,,,,,,,,False
2024-09-11,470,0.21322855949905292,15.791059907428334,100.21742296455486,45.945628079665795,20.82846736851689,13.426291868763233,11.456357910734152,8.618882035893648,8.474306460148476,7.920331862978807,7.623225375171616,6.950028794358238,0.4082429110473084,209,0.05531914893617021,4.751135856706304,0.00412829469672912,,,,,,,,,False
2024-09-12,470,0.21320019479253086,15.795271859481563,100.20409155248947,45.947856524307355,20.83509557837631,13.385644598180267,11.469048461956032,8.621784515750383,8.46580347188197,7.971171992336093,7.581122965846542,6.980479643561071,0.40817390790491376,207,0.05531914893617021,4.7391903271050655,0.0037653676904232636,,,,,,,,,False
2024-09-13,470,0.21407633894209194,15.72290663562732,100.61587930278318,45.799118044409084,20.80758524487748,13.348583504261239,11.502865694755613,8.605017749077136,8.367673362418515,7.971710647709288,7.553561422690661,7.0066336343682,0.40866815274699286,207,0.06170212765957447,4.718068526599787,0.0040012702445220705,0.018282692112492966,95.4008789538449,79.87376596504717,0.018223013390906123,94.36488117391012,78.83782786383398,0.9994905354468412,0.0005094645531588116,False
2024-09-16,470,0.21482845454505914,15.662709419997165,100.9693736361778,45.73718314585301,20.591373541280802,13.25681841736115,11.485433420412644,8.61405834199166,8.36642840021739,7.9853217496111935,7.543710665736152,7.006477830747283,0.4085961322576285,208,0.06170212765957447,4.695426314278875,0.0011795127704940344,,,,,,,,,False
2024-09-17,470,0.21419396155332898,15.662365435131703,100.67116193006464,46.306292632285746,20.93608843584277,13.164664353373759,11.385986538637102,8.596328271574265,8.354154002087274,7.966171215531945,7.522163600788073,6.998409764286861,0.4094982848727744,207,0.0574468085106383,4.725817578486544,0.0029850746268656717,,,,,,,,,False
2024-09-18,470,0.21001558423674546,16.07572739435128,98.70732459127038,46.348729250863315,21.162023078931163,13.257930328849472,11.379123382402534,8.701306392736438,8.358352769258216,7.972062115129614,7.577146059136508,7.020811256796379,0.4060747460262061,212,0.059574468085106386,4.748797237212434,0.003837953091684435,,,,,,,,,False
2024-09-19,470,0.21012201980832998,15.976306649994324,98.75734930991513,47.34202754443159,20.998775562378157,13.22473305656165,11.312364534919826,8.66494401219513,8.289523273771069,7.9793009806570465,7.533946097962479,7.018808808379938,0.40773457448554523,211,0.05531914893617021,4.752069706953097,0.0034568797350632854,,,,,,,,,False
2024-09-20,470,0.2094037265815532,16.10292367405256,98.41975149332998,46.7927563353898,20.86986393880575,13.470454143134393,11.329670858061863,8.696344623561444,8.215526160770505,8.00795761244554,7.575548918888562,7.1793913493466075,0.40613297184834435,212,0.059574468085106386,4.757241586744133,0.003447806559905639,0.018163079746449082,95.70604243763856,79.7943594104211,0.01814711240136613,95.15812718359007,79.2464601237177,0.9976187872487555,0.002381212751244477,False
2024-09-23,470,0.2087627582748813,16.17437230250021,98.11849638919423,46.92112552783155,20.42261568956033,13.384721103330925,11.347955650412771,8.718745997448313,8.247005531122406,8.11225987964198,7.586991800408724,7.208359876009463,0.4046700305538931,212,0.059574468085106386,4.755014998898326,0.003538538311482103,,,,,,,,,False
2024-09-24,470,0.20805371734596687,16.289804374076258,97.78524715260443,46.58099838805397,20.394763483518396,13.428069104198052,11.355423302617154,8.733910857212013,8.286241490035652,8.035666692442897,7.562409628222878,7.067695716089231,0.40328617325742977,212,0.06170212765957447,4.734633560777091,0.004418636301773806,,,,,,,,,False
2024-09-25,470,0.2072017652191918,16.357540525902856,97.38482965302015,46.83013154650216,20.27997039409089,13.41969364813231,11.354790920490128,8.767327320089606,8.304171602560206,8.03916140045666,7.655830073843257,7.096454346302483,0.4027008854515652,214,0.059574468085106386,4.7942093966424615,0.002948781926235086,,,,,,,,,False
2024-09-26,470,0.2047149616142912,16.623717789218407,96.21603195871688,46.636029533149085,20.165825843936595,14.379308239802945,11.139145665156828,9.023629176067706,8.621060411503885,8.188089429544517,7.669583386858108,7.0839270315766765,0.40114115157609,217,0.059574468085106386,4.806198829262508,0.003184684480333893,,,,,,,,,False
2024-09-27,470,0.20490535147647362,16.580980972817777,96.3055151939426,46.75389966932866,20.419706949624747,14.365122462438283,11.122404256100396,9.036893481237929,8.619678995362364,8.110537710880806,7.698491470439161,7.078712642064859,0.4020566990030526,215,0.059574468085106386,4.79758718461615,0.0031665381300186,0.01884572582324797,95.00660873695956,78.61168738979501,0.018548274319247552,95.18203901200295,78.7874151163424,0.9991118448723848,0.0008881551276151978,False
2024-09-30,470,0.2052559961792907,16.542398924501065,96.47031820426662,46.82716591116689,20.299990953337257,14.40859179031959,10.974320365112728,9.141436627896145,8.643487334604671,8.122968566253874,7.4633147145806875,7.08940525179895,0.4020859302642619,216,0.059574468085106386,4.814418714763297,0.0022682937894116044,,,,,,,,,False
2024-10-01,470,0.19942559722118888,17.221169936755782,93.73003069395878,46.4810933225143,20.329944266528273,14.582565162432864,10.781772900224126,9.287821579048156,8.73375152162043,8.4166303154887,7.501578705131504,7.159174173337235,0.39554341775671986,218,0.05319148936170213,4.840059981731287,0.004618246155242027,,,,,,,,,False
2024-10-02,470,0.19961158168914858,17.21171006931413,93.81744339389982,46.374421939768496,20.338459067152016,14.694550172067858,10.678637467569775,9.265376225886259,8.72022777143617,8.385276270144129,7.460692681977993,7.165393864554506,0.3955393873201234,214,0.05319148936170213,4.81656435050825,0.0030485868529691964,,,,,,,,,False
2024-10-03,470,0.19473092937256253,17.685895676250887,91.52353680510438,46.792569453932686,20.996166950632315,14.942607919218823,10.686852082437163,9.308653607146608,8.809594343353984,8.423276824109273,7.433765739583591,7.1648037434055025,0.39349304938579865,218,0.05319148936170213,4.863339369156081,0.003511318786009164,,,,,,,,,False
2024-10-04,470,0.1925713966943336,17.893302075354775,90.5085564463368,47.1352044752617,21.030548445736493,14.755209766754728,10.946068722182574,9.464531757247313,8.838726224026798,8.504925210541055,7.36982409838162,7.1457307123621465,0.3922884848005793,221,0.05319148936170213,4.870533116877334,0.0035839041872703353,0.018250818811651595,95.4972316977592,77.7782502002871,0.01905519561907337,94.38946281210697,76.66967693782745,0.9975276902713999,0.0024723097286001305,False
2024-10-07,470,0.19275708719688994,17.86487282122251,90.59583098253827,47.13282042080253,21.278799512422367,14.708657962820535,10.773223018959136,9.512897660887983,8.875482729058662,8.393575031817965,7.408393681414126,7.132995331653507,0.39253049339902735,219,0.05319148936170213,4.879343708407049,0.0032119040058068322,,,,,,,,,False
2024-10-08,470,0.19266765720320891,17.86437511674031,90.5537988855082,46.87441986118888,22.065200485448855,14.66590212805202,11.010088491570247,9.387727332251067,8.91982548497018,8.389742316638571,7.404786360188486,7.110993208102198,0.39397746776971954,213,0.05319148936170213,4.837917540190928,0.002776391598239804,,,,,,,,,False
2024-10-09,470,0.19312748929539988,17.850907171994486,90.76991996883794,46.541037845644084,22.03237329468768,14.70999512013369,11.199364527698133,9.371301109767966,8.855530502188891,8.340597675383604,7.393702821324632,7.110152288160152,0.3941546611851096,215,0.05319148936170213,4.854062266565748,0.0022682937894116044,,,,,,,,,False
2024-10-10,470,0.1937060595340811,17.89903085273095,91.04184798101812,45.617744426871724,21.89535154513073,14.792482744160903,11.221223761117297,9.297196364863016,8.913042986312732,8.31768664098404,7.428707170736025,7.135149146994877,0.3926992562942527,220,0.05106382978723404,4.887263420430858,0.001433561674908134,,,,,,,,,False
2024-10-11,470,0.19475543315020316,17.776468615360535,91.53505358059547,45.66756199411306,21.855367972917087,14.688288286367648,11.160903180706232,9.27410326745843,8.962399623822723,8.247830158424453,7.424068148754739,7.1756433207878825,0.3934195213078714,219,0.0574468085106383,4.8711696240750175,0.0021412693372045545,0.018635278070749616,94.75647722079034,77.15612876050928,0.019358907400314342,94.80797699774092,77.20690490813028,0.9990427164145793,0.0009572835854206874,False
2024-10-14,470,0.19467295927586603,17.733018095527935,91.49629085965702,45.96262327478031,22.022759159780456,14.733035722820027,11.228185127733138,9.323743757033636,9.036115428030985,8.310669389704913,7.455238617781606,7.215542623532559,0.39455934924419356,218,0.05106382978723404,4.862630323548468,0.0008165857641881777,,,,,,,,,False
2024-10-15,470,0.19531506636330062,17.589303651996318,91.79808119075128,46.48601905624177,21.99045892729942,14.7080100502213,11.320022359746464,9.2676629655979,9.039422471469196,8.665215443211476,7.538523875333272,7.25406218045532,0.3963884927324686,220,0.05531914893617021,4.861974911942202,0.0024134645919339473,,,,,,,,,False
2024-10-16,470,0.19731977255154895,17.362223436973007,92.74029309922798,46.44341521634691,22.11710788873291,14.639089601949621,11.356293653508043,9.29884431625995,9.044147581413286,8.536896103586532,7.455143489811759,7.126942386958694,0.3985025520420543,215,0.05531914893617021,4.845164369882664,0.001560586127115184,,,,,,,,,False
2024-10-17,470,0.19698099659219567,17.424660559278223,92.58106839833198,46.19178194030715,22.1855315199181,14.681557638073667,11.349497431741085,9.32612734718245,9.048490899840083,8.55498529634015,7.452840337405155,7.169654380744976,0.3978498658050467,217,0.05531914893617021,4.8433953557752965,0.002277366964569251,,,,,,,,,False
2024-10-18,470,0.19626299241435352,17.50480264570217,92.24360643474617,46.231756414125314,22.188312820156405,14.686470544838272,11.314810824048951,9.310008208360024,9.06602474089755,8.521046940351757,7.472521012465576,7.157332703745839,0.3971594830593938,217,0.0574468085106383,4.832121439575538,0.0021503425123622012,0.018367752552648,95.02496531166261,77.69805790582215,0.018728237478023015,94.6988908703905,77.37162297962466,0.998358070682538,0.0016419293174619876,False
2024-10-21,470,0.19319715146634484,17.744937101232015,90.80266118918209,47.02048222238838,22.485294132671235,14.797938314977248,11.396623772493928,9.320144731755018,8.978906805209599,8.545883353121946,7.536448455516695,7.0427769073601025,0.3968148928334316,216,0.0574468085106383,4.847257260632944,0.0025949280950868757,,,,,,,,,False
2024-10-22,470,0.19370541041757114,17.70512081155293,91.04154289625842,46.86622454376361,22.544307527774293,14.874514749485403,11.253733225726588,9.675811166172473,8.913632209411954,8.22416456841886,7.5178191696200365,7.162401323095482,0.396979410517039,218,0.0574468085106383,4.855023942217611,0.0021321961620469083,,,,,,,,,False
2024-10-23,470,0.19411121640666484,17.60150529363693,91.23227171113246,47.274375692322394,22.592182281003602,14.985013587837905,11.281976869009132,9.76557388512401,8.89542233418349,8.282474417108482,7.562850667925354,7.264211063867473,0.3986506811517138,222,0.0574468085106383,4.871927704904473,0.002359025540988069,,,,,,,,,False
2024-10-24,470,0.19326342094303456,17.689422561586113,90.83380784322625,47.385537899406245,22.56116599397992,14.990596838855378,11.206323674449077,9.603436163958161,8.895168106163721,8.29225151026992,7.460013509325052,7.247495870718124,0.39782432393599326,221,0.0574468085106383,4.873622196440227,0.004364197250827927,,,,,,,,,False
2024-10-25,470,0.19214380033532627,17.76589196583397,90.30758615760334,47.842009318021454,22.52738847700052,14.976392703621443,11.119263144977424,9.579066300318203,8.820545783259526,8.348029327023193,7.447713944943167,7.324389853513007,0.3973885953217535,219,0.059574468085106386,4.861702622488759,0.002903416050446854,0.01859913503204338,95.01781893383209,77.4254716333014,0.01868060413330161,94.18174513076582,76.58931636113387,0.996603012153301,0.003396987846698951,False
2024-10-28,470,0.1927169048197718,17.72351212609197,90.57694526529272,47.559888354768134,22.5016329987724,15.143813130533866,11.13479760065885,9.650256166761483,8.801455609110485,8.516394147629322,7.505516671438788,7.348498877731301,0.3976959092553745,222,0.06382978723404255,4.863298484199811,0.0035657578369550423,,,,,,,,,False
2024-10-29,470,0.19293005237892052,17.641634166141124,90.67712461809262,48.03324857012075,22.537299875817112,15.038927786373527,11.169356290185139,9.59468007548989,8.777337380347285,8.462901307180971,7.388093527360649,7.306016737453329,0.39884246200125356,219,0.06382978723404255,4.827798606503737,0.0037835140407385566,,,,,,,,,False
2024-10-30,470,0.19090744093376857,17.889212873059325,89.72649723887125,47.904501487921934,22.68907826403673,14.9277277101248,11.008327347312363,9.622045187501854,8.87319558381846,8.48509814693736,7.453055604731335,7.287798997288875,0.3962896426558873,221,0.06382978723404255,4.840438363691829,0.004200880097990292,,,,,,,,,False
2024-10-31,470,0.19169709639596072,17.8893074572517,90.09763530610155,46.95245905367558,23.0998133576934,14.623086266085505,10.842633071105162,9.456229026314258,9.098106009564873,8.459544924466993,7.957822452543416,7.173901145816393,0.39492686607374716,218,0.06170212765957447,4.864255269880788,0.004527514403665563,,,,,,,,,False
2024-11-01,470,0.19114750160819474,17.948503613801197,89.83932575585152,46.880876542548464,23.11715116347976,14.99180781020448,11.063681520739614,9.365316004128758,8.944641350963451,8.389671155220595,8.095756536082732,7.177216011829281,0.3955166867932423,216,0.06382978723404255,4.831033674962045,0.0032119040058068322,0.018684192885723042,94.87438984832582,77.0983495432471,0.0180266706334577,94.76725180782178,76.99186902499532,0.9974872880576006,0.002512711942399437,False
2024-11-04,470,0.19043170414945032,18.056123170705945,89.50290095024164,46.71442963252956,23.080576548912767,14.963197573828921,11.00861810943757,9.461602424147616,8.883555047472347,8.61963473319982,8.120436158100974,7.14336480846816,0.3941908996062777,221,0.06382978723404255,4.853721824491073,0.0019325863085786872,,,,,,,,,False
2024-11-05,470,0.19148410712586175,17.972206359563074,89.99753034915503,46.6399895680501,22.724825349212423,14.873191782302186,10.867779481823977,9.369229889935406,8.839715784915692,8.596475995318906,8.155472258402261,7.062865820885457,0.3938368436820079,222,0.06382978723404255,4.871497904112917,0.0028126842988703896,,,,,,,,,False
2024-11-06,470,0.19841043289869897,16.87846353189019,93.25290346238853,47.691052538955645,24.44715758265165,15.832777761273327,13.313954187498965,8.985000628165984,8.758131308353953,8.403364430384123,7.885584335021811,6.850025737917992,0.4139103096441874,208,0.09787234042553192,4.711104364463863,0.012729664746177925,,,,,,,,,False
2024-11-07,470,0.19664849222032718,17.07135990031605,92.42479134355375,47.235875568560004,25.332379706325632,15.842525957531661,13.165438472588894,9.031471825267706,8.754628468283839,8.352970772260194,7.834014869551217,6.859138622215232,0.4127681086139574,214,0.08936170212765958,4.775799291823558,0.008174930817039423,,,,,,,,,False
2024-11-08,470,0.195736192634505,17.17521844151955,91.99601053821732,47.18923780432824,25.170553043425826,15.688338629447093,13.47469133141758,9.175170754341309,8.817432844280608,8.524657076309552,7.766936139887495,6.852613858271868,0.41174219435497045,215,0.09787234042553192,4.758833657611733,0.01096946876559452,0.017951380356391253,95.63115707654559,78.63372344730416,0.019061961828676255,94.89635247105916,77.89780826034544,0.9863068597557598,0.013693140244240176,False
2024-11-11,470,0.1955826076084309,17.224742877999958,91.92382557596255,46.80219146393462,25.42430722056303,15.607009582934117,13.461715114840674,9.135737895734383,8.770308016310441,8.511265247669378,7.808574925546621,6.960013136686647,0.4111043594856062,215,0.09148936170212765,4.771632290977795,0.00937258993784875,,,,,,,,,False
2024-11-12,470,0.19659930258759498,17.104792929829507,92.40167221616966,46.85814601661015,25.436202814619122,15.56896320584907,13.509991389640689,9.146564868921677,8.81161019996915,8.499679417538816,7.803150433407938,6.974861669410556,0.412287182218912,214,0.09574468085106383,4.749770790385647,0.01046137095676632,,,,,,,,,False
2024-11-13,470,0.19242450462997573,17.640896100840862,90.4395171760886,46.24706490203069,25.461087262210285,15.652276369878455,13.587574021158327,9.188803299719309,8.913713301024735,8.635823228643359,7.835157948451215,7.004386709531991,0.4072074887901411,212,0.09148936170212765,4.738582933711862,0.003801660391053849,,,,,,,,,False
2024-11-14,470,0.19240560098546225,17.635548256303256,90.43063246316726,46.28006650564494,25.345654462813066,15.950789494525871,13.622792081614243,9.346912144794148,8.830925299303516,8.586895348355029,7.793798170136819,6.982506519471062,0.4077232659739689,210,0.09574468085106383,4.715851178774686,0.0036383432382162137,,,,,,,,,False
2024-11-15,470,0.19264980025153788,17.71105589885927,90.54540611822279,45.25808596290683,25.59403343165271,15.47153102517783,13.752760911901724,9.930945094837696,9.215281457578161,8.558919569110557,7.781631326255246,6.956949383132227,0.40557833499970625,212,0.09148936170212765,4.762015668856174,0.002232001088781019,0.019048337352039493,95.24448191744517,77.7070274814854,0.018067522614168132,95.17468258243815,77.63820896121625,0.9973663507950392,0.0026336492049607862,False
2024-11-18,470,0.19016567475801435,18.006727994649626,89.37786713626673,45.1310893625309,25.666742086643303,15.621467515362163,13.808666930264037,9.968156455776867,9.298756330691976,8.574271911488573,7.793775640872095,6.9810504324263025,0.4034166660235472,217,0.0851063829787234,4.807528748909004,0.002368098716145715,,,,,,,,,False
2024-11-19,470,0.19030729529592016,18.034012621621052,89.44442878908245,44.63089728635674,25.904136758767912,15.606044752762692,13.936829423115693,9.703447234339395,9.348529285778612,8.618468115314226,7.784866370102007,6.983952631234157,0.4032390149150757,217,0.09148936170212765,4.796853614315774,0.0029124892256045002,,,,,,,,,False
2024-11-20,470,0.18798787921464186,18.472407150335734,88.3543032308817,43.2765411729696,25.897910609995478,15.682660124041771,14.02321449986691,9.911269154005705,9.264304677403828,8.740868100487848,7.864555197329787,6.9323890265216725,0.39837155242075617,220,0.08936170212765958,4.817458473404821,0.0032209771809644785,,,,,,,,,False
2024-11-21,470,0.18949511184100484,18.292493655114452,89.0627025652723,43.43601736573234,25.657075971624145,15.51976332793798,13.971566982361349,9.895573638170028,9.278393525056641,8.752979274594216,7.807795699587173,6.866936134718357,0.39924920470835756,221,0.08936170212765958,4.817288832375111,0.003729074989792678,,,,,,,,,False
2024-11-22,470,0.18999297403550935,18.276123353183372,89.29669779668936,43.150852100740394,25.5726372649233,15.336411791898968,14.050465353952314,9.864293160318358,9.281815999904973,8.810807579213886,7.794057852620728,6.89353832925122,0.3987384346983072,219,0.09361702127659574,4.803893929127026,0.0020686839359433835,0.01823123818889398,95.26875100120627,77.16438938386952,0.018980396896562352,94.99712314061614,76.89201236457171,0.9977529086381082,0.0022470913618918287,False
2024-11-25,470,0.1892484720082661,18.378628263131912,88.94678184388508,43.046845983058176,25.33097982267566,15.31551610210821,14.628819490450343,9.904814770695658,9.258505209652029,8.780705210470364,7.805640506670885,6.864431630732001,0.3984445600897393,219,0.09148936170212765,4.812455463810764,0.0032844894070680032,,,,,,,,,False
2024-11-26,470,0.18882403176596074,18.420450716215868,88.74729493000154,43.091191440287744,25.29570217879563,15.304655909646772,15.073960248085559,9.753540364146122,9.140853075527136,8.698752487481748,7.799593723356724,6.869515117948758,0.3989634142698239,219,0.09574468085106383,4.794119220591379,0.0026765866715056934,,,,,,,,,False
2024-11-27,470,0.18817304468512097,18.495648918984497,88.44133100200685,43.13094463734831,25.316218377482322,15.25957535661274,15.064947262455865,9.767490445714046,9.159387092427645,8.756187989685447,7.819666769211425,6.905897848458109,0.3983255673104385,217,0.09574468085106383,4.78968965973454,0.0023953182416186544,,,,,,,,,False
2024-11-29,470,0.1890608229783395,18.37996722707805,88.85858679981959,43.222652767385625,25.392654942981615,15.147469721552298,14.671436931674656,9.857389711311285,9.229669698905223,8.754799694163385,7.8428585807575395,6.947556636020996,0.3984953216242845,217,0.09148936170212765,4.795813718941037,0.0036020505375856282,,,,,,,,,False
2024-12-02,470,0.1888159955237062,18.33666084319432,88.74351789614195,43.64405085268304,25.49913617893734,15.619503146522701,14.709995211581688,9.750436315885857,9.231047365962349,8.689582632597173,7.812903381085487,6.917824867775469,0.4004600069912056,217,0.09148936170212765,4.788081989342339,0.001996098534682212,0.018488804646216193,95.30037545427807,77.13404180196123,0.018032107751864927,94.9609333301404,76.79505637471793,0.999528747743926,0.00047125225607402843,False
2024-12-03,470,0.18953873032092772,18.2673253264499,89.08320325083602,43.7553019429845,25.103789592771932,15.68042795956695,14.712944284182498,9.723471653250954,8.892851535027942,8.690605334991233,7.820889327834973,6.89396193626565,0.40071418517094026,219,0.09148936170212765,4.810850547008371,0.0020051717098398584,,,,,,,,,False
2024-12-04,470,0.18850397826912382,18.361791771337757,88.59686978648821,43.76400716481791,25.450696265778063,15.70620110415173,14.885282859624002,9.695850273242733,8.974891715268862,8.68558245777202,7.829469551768941,6.9669073349207995,0.4008575684699146,216,0.08085106382978724,4.812183822514821,0.006596198339608946,,,,,,,,,False
2024-12-05,470,0.18759783398052296,18.4820343251372,88.17098197084579,43.70046418831727,25.46291763146983,15.669570202416734,14.887440846638684,9.74292358206105,8.926652155688076,8.693844869373196,7.835883751086563,6.9819848231608095,0.3997688826376347,218,0.07872340425531915,4.82804638617195,0.0068683935943383385,,,,,,,,,False
2024-12-06,470,0.1874657731082029,18.460367707655507,88.10891336085533,43.83096418611663,25.810514104532857,15.7445847279608,14.862643379783968,9.581943654669622,8.91221077473911,8.710218026587095,7.784034483562458,6.979961553764647,0.4007608931047865,218,0.08085106382978724,4.833425903326465,0.006360295785510139,,,,,,,,,False
2024-12-09,470,0.18650667035861845,18.55251961425151,87.65813506855068,43.537991222563946,25.636232248309923,17.530676801993785,14.812302642610769,9.502037558161254,9.00922191466282,8.685575816149058,7.957521023053829,6.986751143241646,0.4025007191149555,215,0.0851063829787234,4.813410531977549,0.0036201968879009208,0.01794869026527321,95.47504928618143,77.09108765202326,0.018375907375985306,94.72435892749068,76.3399700762218,0.9989898702405922,0.0010101297594078407,False
2024-12-10,470,0.1869880519507774,18.51865707797958,87.88438441686537,43.46088383622212,25.360859868076375,17.513874019078447,14.966657829010005,9.496873881556109,8.983640138186097,8.652789975474711,7.972658501241876,6.963659538881069,0.4025248084452177,219,0.08297872340425531,4.822099477404814,0.006487320237717189,,,,,,,,,False
2024-12-11,470,0.1864652454092403,18.49569888466641,87.63866534234293,44.21239458502977,25.286566595469953,17.516718639232632,15.007463635951531,9.433575754821986,8.93719550027104,8.698071712002202,7.938355893872824,6.913333426350837,0.4035357634000571,220,0.0851063829787234,4.82496479981205,0.0025858549199292294,,,,,,,,,False
2024-12-12,470,0.18647485100688524,18.562684251256393,87.64317997323607,43.88340713103378,24.99904131299693,17.50605320579965,14.808976877147876,9.497093994364691,8.944043293586,8.665732546661095,8.047062267647476,6.881105142528912,0.40178863510683893,220,0.08297872340425531,4.83446228887288,0.004327904550197341,,,,,,,,,False
2024-12-13,470,0.18663499635989025,18.63902934113876,87.71844828914843,43.131004633897874,24.94833267159641,17.436832335648717,14.856823954397228,9.526476351021039,8.971140134923825,8.704908772938643,8.091711726803068,6.961463030952798,0.40019455720146513,219,0.08085106382978724,4.838481736487962,0.001905366783105748,,,,,,,,,False
2024-12-16,470,0.1865757554074972,18.584702330125285,87.6906050415237,43.45548563575892,25.100286706236567,17.517510567510087,14.990419481096787,9.447361282567854,9.0011026523504,8.73530495978618,8.074760381750565,6.942264801486407,0.4016049094300554,219,0.08085106382978724,4.8342254326442315,0.00415551422220206,0.018540058462968932,95.57283752120908,77.15617088802833,0.019071530759562087,94.28099551424715,75.86379740876981,0.99929840205381,0.000701597946189958,False
2024-12-17,470,0.18832965776021782,18.368071803804114,88.51493914730236,43.45565283234275,25.06134215373382,17.564700938484336,14.975617751209555,9.452172386143014,9.024243324500784,8.660440258475147,8.075567412561156,6.957651372771467,0.4033452187724954,218,0.08085106382978724,4.827360293502758,0.0031665381300186,,,,,,,,,False
2024-12-18,470,0.2056603307804016,16.477538809070197,96.66035546678876,43.19616683354131,24.419939830897142,17.141832980390163,14.795710642923972,9.274056752500313,8.762684680373358,8.37293274971184,7.786142537467845,6.753601527430886,0.4174766079883858,210,0.09574468085106383,4.738440507537308,0.007140588849067731,,,,,,,,,False
2024-12-19,470,0.2052916524450427,16.546993999203192,96.48707664917006,42.856457997533255,24.41241335337753,17.211607744673774,14.810627826014523,9.409975544626207,8.602741267877734,8.37025101673893,7.956419332155914,6.762473053183335,0.41654932674631734,212,0.09787234042553192,4.726219031849363,0.006968198521072449,,,,,,,,,False
2024-12-20,470,0.20663415430756887,16.407490549142214,97.11805252455736,42.91064909242223,24.333588048927588,17.115576869080414,14.792864981860667,9.362232807288315,8.572325710671826,8.33214412768865,7.916289755560796,6.7319041334836385,0.4175973010996772,210,0.10212765957446808,4.696047803302606,0.008320101619561766,,,,,,,,,False
2024-12-23,470,0.20671085598213446,16.400294660443304,97.1541023116032,42.93204734102338,24.315530687016206,17.133016582261448,14.667225913031178,9.344677550567763,8.604401015903948,8.316930884284288,7.906859799420281,6.702209176038864,0.4174508996487987,210,0.10212765957446808,4.69288925039431,0.006877466769495985,0.018436320924691506,95.42426940432833,79.21224927894247,0.01857530338405403,95.02452613960915,78.81236703176393,0.9945852529307692,0.005414747069230841,False
2024-12-24,470,0.20850991901377355,16.227390752289644,97.99966193647359,42.890060781638994,23.937446808236487,17.150964877248985,14.668444530782217,9.352065946165428,8.582594547086817,8.322793050089556,7.92667337197624,6.703838957250135,0.41839697645612817,209,0.10212765957446808,4.691984946910235,0.006741369142131289,,,,,,,,,False
2024-12-26,470,0.20902650872611592,16.156865328087576,98.24245910127448,42.96464484390252,23.977308759918174,17.22601216158464,14.70753031911453,9.362609691185039,8.610924643398786,8.346617036377781,7.948769189295772,6.70323562845482,0.41939990465062627,210,0.10212765957446808,4.697161097225509,0.002059610760785737,,,,,,,,,False
2024-12-27,470,0.21050457238122075,15.99696833998726,98.93714901917377,42.989699400947316,24.030519434734636,17.2198428868888,14.746387296013513,9.303699237522135,8.634225510854522,8.32348112519243,7.963406173837264,6.711980288888955,0.42111403837820843,210,0.10212765957446808,4.697161097225509,0.0011795127704940344,,,,,,,,,False
2024-12-30,470,0.21080380540969476,15.940310635702678,99.07778854255653,43.11831295694553,24.130260947726555,17.185365503555666,14.954575429538979,9.29515603336983,8.637039657752704,8.410449744973928,7.954602335162949,6.734552930718431,0.42226873059643244,206,0.10638297872340426,4.66223578640008,0.0028036111237127433,,,,,,,,,False
2024-12-31,470,0.20964276169498983,16.096416981992224,98.5320979966452,42.65456371921739,24.392065318909037,16.840698047390614,15.051940291873175,9.379314352318968,8.643454497522363,8.413752585170874,8.035595779527966,6.7381365364577475,0.42015184122135196,205,0.09361702127659574,4.699576595137245,0.005770539400263122,0.018598952018229278,94.89007057018298,78.98469739786752,0.01869329664211455,94.75502141121886,78.84955389427952,0.9989189800987145,0.001081019901285507,False
2025-01-02,470,0.208680199964656,16.185630118050554,98.0796939833883,42.713004414201976,24.41413178451883,16.779918697300953,15.298223408478922,9.37745235336931,8.589602000478083,8.473148189751422,8.032062977406882,6.739931553453707,0.41975526018699794,209,0.09574468085106383,4.704973010318483,0.005307807467223155,,,,,,,,,False
2025-01-03,470,0.21018911282516275,16.03081049908444,98.7888830278265,42.72127591150863,24.342573576717363,16.819152183306752,15.370461801339811,9.274065144873788,8.577198166385532,8.459705103553997,7.76933967864762,6.731757578009961,0.4213666946823384,204,0.10212765957446808,4.666139612601592,0.004209953273147938,,,,,,,,,False
2025-01-06,470,0.20705339955334526,16.249820259574793,97.31509779007229,43.939603436812234,24.47162939580472,16.56896827304984,15.162586057889486,9.335362758357242,8.637542133747878,8.40984869170471,7.803679151947281,6.781727781552265,0.4201231594758054,207,0.10212765957446808,4.681717272819096,0.007131515673910085,,,,,,,,,False
2025-01-07,470,0.20911539896196651,16.22022053131383,98.28423751212426,42.3022848482741,23.808947609931842,16.58530401502413,14.985501521073155,9.40329772165927,8.877324152817394,8.498633228941147,7.8564289809858145,6.866328262933094,0.41694952235410104,211,0.10425531914893617,4.692470378337443,0.00572517352447489,,,,,,,,,False
2025-01-08,470,0.20817514471165435,16.327978927632515,97.84231801447754,42.17793480203882,23.836247031675256,16.738314712824604,14.930919757088315,9.442317445933456,8.92583974273919,8.497370685078911,7.82402702228554,6.826316336389066,0.41601220067681816,212,0.10212765957446808,4.710420953945423,0.0057886857505784145,0.01829258638925686,95.0598815607329,78.92178519142279,0.018562494208497416,95.49956443450255,79.36119815737318,0.998776544067663,0.0012234559323369698,False
2025-01-10,470,0.2117059505519485,15.898103374248523,99.50179675941581,42.93977919780045,23.721816394124716,16.49001126706559,15.021754543210323,9.315953032200731,8.847303765444142,8.332840067491784,7.717498903109433,6.9787063873059125,0.42058544289705707,204,0.10212765957446808,4.661720294460153,0.007176881549698317,,,,,,,,,False
2025-01-13,470,0.21126038376374257,15.931990617494808,99.29238036895902,42.97044964984856,23.65356377151977,16.824199431478057,14.987390892958256,9.54495398813782,8.882839895882256,8.354812706020805,7.649052004360243,7.007150640348506,0.42069783854205034,204,0.08936170212765958,4.680473551729287,0.007340198702535952,,,,,,,,,False
2025-01-14,470,0.21315407236845574,15.726359972783957,100.18241401317417,43.08543876435624,23.74350398572716,16.81334290209749,14.946438047754121,9.614892960052511,8.726879742049329,8.339507975325342,7.622617392729557,7.055564490387972,0.4229173142832111,200,0.09148936170212765,4.648403098085788,0.006523612938347775,,,,,,,,,False
2025-01-15,470,0.21326866690542617,15.756470284892252,100.2362734455503,42.950549879255504,23.16680827830183,16.7480683531761,15.00584251366747,9.759892396074886,8.602655071168808,8.146190188747786,7.356366884468665,7.097767511998389,0.4215054095105345,197,0.09574468085106383,4.599218518698674,0.006659710565712471,,,,,,,,,False
2025-01-16,470,0.21684029965297658,15.340649231161663,101.914940836899,44.09809983726821,22.8649038305755,16.501294044242222,14.700520215796578,9.7641015839761,8.47032547504735,7.436043206635552,7.169565918122097,6.7097034230871735,0.42570161439315213,191,0.10851063829787234,4.545260415261982,0.006950052170757157,0.01913219865061148,94.86024218523978,79.71730105508048,0.018309697297265223,95.03015652623901,79.88803789743307,0.9950811082519522,0.004918891748047827,False
2025-01-17,470,0.2155268652987265,15.46173122827923,101.29762669040144,44.11694265485214,23.007333270040796,16.646769883425765,14.755230245326421,9.939766104348898,8.438596773797109,7.405895901543499,7.139187345366416,6.757416074351706,0.42515723988095017,195,0.1148936170212766,4.582763848853584,0.006786735017919521,,,,,,,,,False
2025-01-21,470,0.21716558511346598,15.326914655168226,102.067825003329,43.9164567837625,22.899815339099796,16.55971832874532,14.6428133628364,9.821790673258782,8.438012323044465,7.530105357333142,7.114988752826605,6.805582163300215,0.42571623152717664,192,0.1148936170212766,4.581339638890402,0.009826248695731071,,,,,,,,,False
2025-01-22,470,0.21810538740988905,15.167460516748285,102.5095320826479,44.73323436568009,22.70278622005108,16.945588483263542,14.42832543450058,9.920133031438706,8.484363090701102,7.525119710131445,7.077372395255903,6.7966393324326235,0.42833929060881515,188,0.1127659574468085,4.506228779665781,0.010543029533185137,,,,,,,,,False
2025-01-23,470,0.21912874945144967,15.084934549634049,102.99051224218132,44.64535771021694,22.546833364362364,17.080799004520383,14.474164267696304,9.948350332231875,8.14069809180091,7.457530498128331,7.059879480347646,6.810466232465376,0.429229077848888,189,0.1127659574468085,4.502849548486953,0.013346640656897881,,,,,,,,,False
2025-01-24,470,0.2211102254113891,15.151829043611384,103.9218059433529,41.08825786376133,23.07124103303427,17.32546838890623,14.727704930289319,9.89610692476603,8.315556639994501,7.577566782097579,6.95044410372857,6.875042669542332,0.42581803863690215,192,0.1,4.5793731970769285,0.009662931542893436,0.0182916016731802,94.8779785704772,79.92896815060402,0.018352360937877548,95.14945986271917,80.2003886835813,0.9960744746758006,0.00392552532419943,False
2025-01-27,470,0.21109221495268404,15.958806664864479,99.21334102776146,42.509097547847404,22.95269285359008,17.4644262774762,17.184796626759937,10.376070401877811,8.214530123240923,7.731573583820898,7.399585556325525,6.86034259135732,0.4240943709222025,193,0.08936170212765958,4.586581948368563,0.013818445765095496,,,,,,,,,False
2025-01-28,470,0.19467184926255232,17.519005745504252,91.49576915339958,44.2393919400366,23.40365170061585,18.10612027708098,17.485380329937406,10.561274993069649,8.458265854595464,7.847802235980756,7.382579745663032,6.889702830998353,0.4143198157469584,202,0.09574468085106383,4.631540655155725,0.0124121036156603,,,,,,,,,False
2025-01-29,470,0.19279624986162675,17.699860563416607,90.61423743496456,44.594791293331696,23.454640636420045,17.983588266894163,17.40532402070052,10.6087382996756,8.396359622719643,7.904160571749675,7.45052156389986,6.898190404088849,0.4128778333027894,203,0.09361702127659574,4.677935575414125,0.011922152157147394,,,,,,,,,False
2025-01-30,470,0.19336813424441684,17.65233866399138,90.88302309487591,44.55514793715085,23.201114664197597,17.882584446514528,17.49454586855111,10.53268663396888,8.342788186702847,8.250011145432083,7.460413859639573,6.898371960296553,0.41280088513040425,204,0.09574468085106383,4.657284828083204,0.009544980265844032,,,,,,,,,False
2025-01-31,470,0.18928753946881016,18.1175907157399,88.96514355034077,44.42423269278602,23.371515070109446,18.097166594891345,17.640265848179265,10.748408583529905,8.440904421497667,8.316565840666648,7.440349277814415,7.057795769636703,0.4095709016091635,205,0.1,4.649535738057768,0.008301955269246472,0.018477764824741102,95.14721003125837,77.20042909016253,0.018272978122509144,94.94573377006242,76.9991576156688,0.9898284327720728,0.010171567227927225,False
2025-02-03,470,0.18941291577519337,18.08608215271244,89.02407041434088,44.46452258408496,23.318086964811144,18.363132892282035,17.634864114262225,10.976303106324103,8.392021276604199,8.256578439696828,7.463472094045957,7.075659742021514,0.41022271695698137,205,0.10212765957446808,4.655942715401508,0.006623417865081886,,,,,,,,,False
2025-02-04,470,0.1879972083640503,18.253374100761835,88.35868793110362,44.6206777765897,23.157662273618385,18.30725926721558,17.54148829024464,10.940470904506416,8.413273627352051,8.2045804068976,7.483480639889753,7.06340516783274,0.40848037348674887,208,0.10212765957446808,4.6708995181886745,0.006469173887401897,,,,,,,,,False
2025-02-05,470,0.18712056616239928,18.3786686341453,87.94666609632765,44.6810123027322,22.66440474460346,18.346471938241105,17.541943041783153,10.863284141133825,8.423434150832364,8.224277277126166,7.529614174385846,7.092812291902031,0.40676701728444165,207,0.09787234042553192,4.6725154741921155,0.006287710384248968,,,,,,,,,False
2025-02-06,470,0.18528923454088705,18.64005749000083,87.0859402342169,44.39021089642489,22.57466874047814,18.21409001789871,17.591366767889582,11.136687095475576,8.376284111352245,8.116276589943041,7.459245019304891,7.155414341718656,0.40394952480193247,213,0.08723404255319149,4.729097220555386,0.0034387333847479924,,,,,,,,,False
2025-02-07,470,0.18321230650008902,18.978747727030218,86.10978405504184,43.87360433865092,22.556617454604883,18.029834234720973,17.62645672971867,11.177457902130843,8.367666290416231,8.097892278032685,7.482948110445181,7.118326770570789,0.4004176527930581,212,0.08723404255319149,4.7278175838588625,0.004799709658394955,0.018849227146438923,94.93620762528727,76.12182297761069,0.01847912448134133,95.43095708159382,76.61694253658234,0.9980647460555035,0.0019352539444964512,False
2025-02-10,470,0.18188962684110524,19.17211825878976,85.48812461531946,43.63879845088995,22.479232702701726,18.243017544809316,17.667542073694367,11.251369674407218,8.283877514754833,8.03162518700418,7.431418694041689,7.09324452880937,0.39897173486684007,212,0.0851063829787234,4.726936544419734,0.005679807648686658,,,,,,,,,False
2025-02-11,470,0.17960338126149125,19.456105368923996,84.41358919290087,43.75647045623221,22.511255610186865,18.173779373002937,17.658262384224845,11.188246812668186,8.231800069652243,8.01529709216076,7.42287407307381,7.162958319359476,0.39683692982244206,214,0.08936170212765958,4.732186754240348,0.004772490132922016,,,,,,,,,False
2025-02-12,470,0.17952682395832115,19.53379278587644,84.37760726041094,43.38018602360263,22.268530966203034,18.351836904915924,17.559658335984004,11.128921569319623,8.179349198839894,7.968459424530085,7.527537699719055,7.088685164524063,0.3956123818959926,216,0.07659574468085106,4.765801035134457,0.004609172980084381,,,,,,,,,False
2025-02-13,470,0.1800750328916722,19.508229330239217,84.63526545908593,43.19241138551679,22.159412525823537,18.309553829328873,17.421485594816133,11.083532790445759,8.148885116024234,7.929914307219813,7.4662684784623865,7.129859721851148,0.3951449548820666,213,0.07872340425531915,4.748875067712108,0.005843124801524293,,,,,,,,,False
2025-02-14,470,0.17947119225035627,19.613088449999935,84.35146035766743,43.10792873733308,22.05901721130065,18.25125293479457,17.370208893400925,11.159758955248027,8.134162190497314,7.900024595739536,7.518820365875207,7.110384129543442,0.39391461305212055,215,0.07659574468085106,4.776091510448294,0.005625368597740779,0.018713372451865176,95.11610111747667,75.66377048727523,0.018796123250483004,94.90071910104149,75.44830572004143,0.998830085770189,0.0011699142298110532,False
2025-02-18,470,0.17668571029736765,19.993106043331913,83.04228383976277,43.16877000689212,22.149782649865603,18.198462179111754,17.24789381029681,10.884559994475243,8.031797521726556,7.894343117797058,7.496666736316548,7.130085287964803,0.3910791329487853,217,0.07659574468085106,4.790078252290284,0.005389466043641973,,,,,,,,,False
2025-02-19,470,0.1758226305358451,20.16523827599065,82.63663635184719,43.0066152907403,21.86521683374068,18.09871473131276,17.13749254191108,10.968263692378759,8.16086946537128,7.842450423692083,7.488647612945491,7.132437732352585,0.3888184590416,217,0.07659574468085106,4.791367544580712,0.004917660935444359,,,,,,,,,False
2025-02-20,470,0.17550708804120663,20.161857386099364,82.48833137936711,43.41610132032059,21.67531522273294,18.236375938959995,17.1178368363598,10.806678785776711,8.18285274527506,7.784945990411696,7.450204010636437,7.114314655339483,0.38922119297391583,216,0.07446808510638298,4.795762322631608,0.0026765866715056934,,,,,,,,,False
2025-02-21,470,0.17737697340456499,19.7203414919985,83.36717750014554,45.075581746388465,21.280098299092035,17.969292483732964,16.89893040679913,10.691026860598924,8.368413169136087,7.723989533370835,7.539013594571045,6.994660424463304,0.3927469796514003,212,0.08085106382978724,4.751237637031725,0.0037472213401079707,,,,,,,,,False
2025-02-24,470,0.17658400508687788,19.77715298253023,82.99448239083259,45.37276099831672,21.272494604803242,17.97192710824825,16.975214604548437,10.704997396642245,8.354644557018759,7.717853791920738,7.5260940128837195,7.039290589318428,0.3927380419292538,216,0.07446808510638298,4.793148963944994,0.0030939527287574286,0.01863797731671536,95.30330981084741,75.68410285608735,0.01877540565129451,94.89982556799224,75.2804811848976,0.997409768324112,0.0025902316758880106,False
2025-02-25,470,0.17403968815211673,20.0154970693108,81.79865343149484,46.128874892347426,21.156664419408372,17.86244089960847,16.948065163933848,10.66595786494646,8.293542678552186,7.74025485001128,7.507363487060807,7.268982578248589,0.39126531661019787,217,0.07659574468085106,4.792455200829071,0.0038651726171573743,,,,,,,,,False
2025-02-26,470,0.1712828264831123,20.55668535614969,80.50292844706277,44.9210563800583,21.599387753053062,17.536747980879735,17.17686831778338,10.790959377367532,8.391136171709203,7.7719514664085985,7.602245661102493,7.312690856738718,0.386674444423058,219,0.08085106382978724,4.828414246430704,0.0045638071042961486,,,,,,,,,False
2025-02-27,470,0.1707621662033889,20.64074701223052,80.25821811559277,44.704803489075644,21.947501612471008,17.494243299146266,17.142732104177348,10.823888998002854,8.351026698935044,7.753862351948082,7.613760718565445,7.29319305320535,0.3862712736605598,216,0.07872340425531915,4.793781104612279,0.0050809780882819944,,,,,,,,,False
2025-02-28,470,0.17333073402887755,20.312738223729966,81.46544499357245,44.60949339349254,21.849892925288007,17.418232910798302,17.179845792349706,10.749909178675015,8.324855114492273,7.6322322131576295,7.609281215243347,7.364679932908027,0.38834661705425744,215,0.07234042553191489,4.800168668969893,0.00329356258222565,,,,,,,,,False
2025-03-03,470,0.1716360293566711,20.21217564788486,80.66893379763542,46.81343393938434,21.402297648601255,17.649567771415743,17.18120675076548,10.739697582699996,8.44116244884728,7.6347891760386934,7.56585102316214,7.220809042219175,0.39088391469745165,217,0.07234042553191489,4.809224453737853,0.003983123894206778,0.018340033971252712,95.01131252038579,74.95243286788634,0.018512335527329817,95.06670709691619,75.00765514286067,0.9979219323024272,0.002078067697572794,False
2025-03-04,470,0.17604841515672287,19.701242933487052,82.74275512365975,46.399047344824396,21.2954929859995,17.815961697811893,17.00918336482174,10.732528704480039,8.366650994221413,7.546173406348215,7.457648606895535,7.283946110572914,0.39417540535556866,216,0.07446808510638298,4.804222554918534,0.003810733566211496,,,,,,,,,False
2025-03-05,470,0.17692888092073616,19.576424497662497,83.156574032746,46.32348908659053,21.62713599676849,17.776680594374408,17.120698381466,10.683860514212792,8.354114442729536,7.543547102012636,7.433582525716235,7.209052431133664,0.3957544214722243,213,0.07446808510638298,4.763357443307729,0.004944880460917298,,,,,,,,,False
2025-03-06,470,0.17885131996350795,19.345700772612837,84.06012038284874,45.65325344625539,21.925384419752103,18.87550970485941,17.27516546834013,10.565944580969898,8.364033318444154,7.517156740503773,7.331618831455529,7.248010277996514,0.399551986004374,215,0.07659574468085106,4.7625764813103935,0.0038470262668420813,,,,,,,,,False
2025-03-07,470,0.177609287196045,19.48735325166971,83.47636498214115,45.57831175840438,22.06216110732076,18.992989798041666,17.459896745694717,10.467580092286369,8.792329026829357,7.497501988621692,7.343494746719243,7.2540857456826915,0.39908451998213335,217,0.06808510638297872,4.816683013921089,0.00364741641337386,,,,,,,,,False
2025-03-10,470,0.17911601393238621,19.11305200435219,84.1845265482215,46.79045172049025,22.586626742519435,18.680401201976114,17.30100177428798,10.281455483212383,8.993515065569696,7.413711611720543,7.327534641000091,7.230239923404281,0.40328299571807513,215,0.08085106382978724,4.770117004680372,0.007567028081477113,0.018074861317449526,95.10591582501439,76.15390497327714,0.01915979731496334,94.85813573017631,75.90503994244153,0.994854631492784,0.0051453685072160305,False
2025-03-11,470,0.17821044364389738,19.094978861924076,83.75890851263179,47.62248028614397,22.42270915547513,19.025959182065556,17.29926140508469,10.19504972345684,9.035082245769267,7.718752653277546,7.252701044252586,7.144659993530189,0.4045304649817044,211,0.07659574468085106,4.760781263666344,0.005661661298371365,,,,,,,,,False
2025-03-12,470,0.177860587977768,19.007899274113573,83.59447634955094,48.5794859585794,22.261608760781694,19.12321513686541,17.29069010974756,10.134812788594935,9.051630680907042,7.6891506192884,7.220730251715759,7.091071535448209,0.4060627155649469,211,0.07659574468085106,4.763112204784368,0.006060881005307808,,,,,,,,,False
2025-03-13,470,0.17924026606396817,18.863018384790855,84.24292505006503,48.56044268593078,22.090409895260574,19.00464727286826,17.16593724354174,10.058921100524355,9.23958426372343,7.780972301178156,7.145147380395406,7.074499528667175,0.40651991946312,212,0.07234042553191489,4.782647745362787,0.00630585673456426,,,,,,,,,False
2025-03-14,470,0.18452570917534514,18.40941270345239,86.72708331241219,47.43337046724288,21.92932483901188,18.591702674496545,17.20297549080582,10.085766322455957,9.238696404743255,7.742658800784396,7.13387909669496,7.0398879803513355,0.40826480166802,207,0.07446808510638298,4.729794156446138,0.004282538674409109,,,,,,,,,False
2025-03-17,470,0.18781339583444742,18.047479454194995,88.2722960421903,47.38973154469822,21.78768229812935,18.250942132892863,17.26900937636904,10.099893571555036,9.146253763763383,7.731593393372183,7.139700732335641,7.018641430623005,0.41057374764740373,207,0.06808510638297872,4.734533837858724,0.0058249784512090005,0.018411464298504526,95.01272575119386,77.1346482285348,0.018703752319128825,94.6177452950977,76.73937548441802,0.9976970239742847,0.0023029760257152754,False
2025-03-18,470,0.1880866406150952,18.014900544635672,88.40072108909473,47.36738084587313,21.943148513147946,18.13548821774589,17.224802571311706,10.09904943743797,9.149447929224152,7.821634570094272,7.140064037572253,7.014257099674249,0.4107905132705818,207,0.07234042553191489,4.721561259282701,0.004690831556503198,,,,,,,,,False
2025-03-19,470,0.18997257031612835,17.761537998192725,89.28710804858034,47.61314562462218,21.84659807163303,17.990088353631535,17.412519702036583,10.08793918610684,9.136542192532826,7.849095757934824,7.119759123673753,7.0758443896958125,0.4130839570223482,203,0.07446808510638298,4.701990818825748,0.004881368234813773,,,,,,,,,False
2025-03-20,470,0.1897181656298059,17.778110029297977,89.16753784600877,47.689382433769694,21.823860282084667,18.044720840656066,17.441571341413724,10.118649842065675,9.127856043277765,7.846971524808312,7.124281633861072,7.087772903456193,0.41312143137007007,202,0.07446808510638298,4.690525224271296,0.005135417139227873,,,,,,,,,False
2025-03-21,470,0.19107652939536712,17.636802644440426,89.80596881582255,47.84397774652021,21.900520058379673,17.66407075280954,17.05230865717509,10.099453947890296,8.856588425794722,7.865416401513926,7.170871284202611,6.825962652701781,0.41333371495895116,209,0.07659574468085106,4.727134188559223,0.005679807648686658,,,,,,,,,False
2025-03-24,470,0.194847342602145,17.248247156215232,91.57825102300816,47.74414644140957,21.586965339627294,17.563954815256402,16.98123580613137,10.022974137020881,8.804092245110262,7.826579533565942,7.135219734485496,6.776288604838262,0.4158607519690059,204,0.08085106382978724,4.698645593937615,0.0054166855691149115,0.018607795134455343,95.17718466423335,78.10517705548581,0.018467168034822717,95.51816403816144,78.44629705651354,0.9987400550111108,0.00125994498888915,False
2025-03-25,470,0.19481108787785026,17.241559027536105,91.56121130258964,47.82268670623088,21.569491207018448,17.622292243618162,16.952973137620596,9.997750846498011,8.880977708959694,7.846765419764747,7.113403489847879,6.76551118502095,0.4160184140363355,206,0.08085106382978724,4.712851760523707,0.006578051989293654,,,,,,,,,False
2025-03-26,470,0.1946556730275976,17.128276078077352,91.48816632297087,48.92560066130055,21.70814257953498,17.658579753140465,16.58752080759541,9.96522321341373,8.852653268651757,7.86561947489114,7.132931284599372,6.77424308700346,0.41780427686072824,205,0.07872340425531915,4.693439389138859,0.004445855827246745,,,,,,,,,False
2025-03-27,470,0.19454193587943097,17.11285199759237,91.43470986333256,49.12476408136044,21.708874097911572,17.629987135623242,16.650068965696356,9.982976084351808,8.853780743328478,7.872546913987817,7.1355099747358945,6.774663980702131,0.4181880939232429,202,0.07872340425531915,4.6904045011221545,0.003910538492945606,,,,,,,,,False
2025-03-28,470,0.1971887225172862,16.821073123094823,92.67869958312451,49.21826380939392,21.518948718079088,17.49415524606836,16.820477073132633,9.984566422283635,8.820073810582667,7.902413353493397,7.091324743942146,6.756550786039055,0.42070328602084783,202,0.09361702127659574,4.650396772564884,0.006469173887401897,,,,,,,,,False
2025-03-31,470,0.19734204515077808,16.797813694820025,92.75076122086566,49.30023047074833,21.4906080612718,17.528019263947417,16.77728216233861,9.995178867450054,8.864024225071343,7.903818332871975,6.9978642918414735,6.772442880783051,0.42095085357270623,203,0.10212765957446808,4.640997206417685,0.007176881549698317,0.017984107068230948,94.8506234074175,78.23216765068003,0.018186557902834757,95.51404441100085,78.89538620342877,0.999457412017869,0.0005425879821310264,False
2025-04-01,470,0.1967327556829655,16.86964227529666,92.46439517099381,49.208828051902145,21.437882746626393,17.502215048501995,16.897176944249427,9.982050158069974,8.87801172817954,7.975473877333956,7.011916754633731,6.867355355555323,0.4202351020473909,201,0.10212765957446808,4.630607053359116,0.007412784103797124,,,,,,,,,False
2025-04-02,470,0.19837505252350052,16.698556738592757,93.23627468604525,49.43132082529405,21.081135633924973,17.459766669770524,16.51109887743914,9.874154544013852,8.906793762412986,7.964485631396007,7.025189944183111,6.8826234275883245,0.4206799929627105,203,0.08297872340425531,4.696005093741437,0.002649367146032754,,,,,,,,,False
2025-04-03,470,0.23285034848330052,13.489735244560679,109.43966378715126,50.25119292826997,19.229229802357168,16.98671611261393,14.941846419164706,10.659221338457339,8.32188979550094,7.502622318161574,6.648185692449927,6.439881122552882,0.44861414691395113,179,0.12127659574468085,4.451397887271139,0.01451708025223427,,,,,,,,,False
2025-04-04,470,0.2750768642329923,10.624807903750156,129.28612618950643,48.88946044284745,17.575173608373433,16.28213266052584,14.454347594121021,11.119220374011352,8.472967811315204,7.027705206672109,6.751041831634266,5.9726774058876,0.48188774573483845,153,0.13404255319148936,4.095413244210605,0.024914938982897063,,,,,,,,,False
2025-04-07,470,0.2722123404707514,10.719502688153794,127.93980002125312,50.62983283712626,17.487047908115976,16.145068796565976,14.363797329654117,11.073967260660162,8.426384090781411,7.13363966049798,6.739659146966546,5.997748263648288,0.482054355090884,153,0.12127659574468085,4.115946362111552,0.026275915256544026,0.01892246259907766,94.85501702345171,84.38880421316959,0.018396352260236736,94.37172248997888,83.9060357900356,0.9840764059935959,0.015923594006404085,False
2025-04-08,470,0.2745005888693388,10.594121606568036,129.01527676858922,50.30348073496428,17.424852842743476,16.680845954530167,14.237640007693773,10.936352427949544,8.360989208721733,7.085069566564523,6.681277087370822,6.0125530843021995,0.4843874389542999,154,0.15319148936170213,4.07534688676185,0.027627818355033345,,,,,,,,,False
2025-04-09,470,0.3347185131822221,7.7985425397723045,157.31770119564442,46.620535201518805,16.3250392032427,15.585493027805313,12.024107516493533,9.894452213080207,7.698570289347632,6.606004785127912,6.140691362201965,5.49550025774694,0.5273890981802228,126,0.24893617021276596,3.594515529703823,0.06498208047906365,,,,,,,,,False
2025-04-10,470,0.34167650970075725,7.529666456798972,160.5879595593559,46.56686128514774,16.567122127151265,15.232254296891314,11.930133887554604,9.583564733317555,7.7389631527406255,6.560741877209145,6.047446374536891,5.422889358539542,0.5337964492682996,122,0.3617021276595745,3.2943451892620854,0.11915800934537041,,,,,,,,,False
2025-04-11,470,0.3444904158812185,7.422900420056545,161.9104954641727,46.59498269373046,16.50591388760443,15.15369680973679,11.9071144404856,9.76594563641639,7.778868541094822,6.570819453696984,6.008941496214394,5.391278047890321,0.5363238367994254,120,0.30851063829787234,3.3844152673800134,0.08313750396951414,,,,,,,,,False
2025-04-14,470,0.3460139087551193,7.357460811617091,162.62653711490603,47.024886081433465,16.468009891184558,15.098128263482614,11.880282554924612,9.744922287744956,7.773817424529596,6.544493678740206,6.032980474500233,5.389156717014834,0.5385060508636837,121,0.3170212765957447,3.372671124307035,0.09034160504468539,0.01900999299806679,95.17328386669286,88.14282697083281,0.01947021310684932,92.87452028824666,85.84360317227784,0.9950098793597647,0.004990120640235296,False
2025-04-15,470,0.34517093148154143,7.390284507879897,162.23033779632448,46.91165143187652,16.564641955333133,15.164195891688774,11.852794787981765,9.76603909384206,7.778552654916599,6.55155369938061,6.040688716841127,5.4007675204650605,0.5377098337514993,119,0.28936170212765955,3.3828085413914533,0.06886539944653632,,,,,,,,,False
2025-04-16,470,0.3463723191824559,7.34305262432284,162.79499001575425,46.97242650074848,16.55269003836998,15.161673933339197,12.16475868061789,9.74792286192028,7.662093846388117,6.701427054552179,6.004771547129048,5.407117574218742,0.539673487593255,119,0.35319148936170214,3.289874674757688,0.06911037517579277,,,,,,,,,False
2025-04-17,470,0.34635165452425026,7.344386937254741,162.78527762639766,46.98596111526244,16.562958401183515,15.050961808311524,12.169749747783559,9.645636840778838,7.601208336084721,6.679471267420659,6.002963689838014,5.5063346894687974,0.5394785291466779,122,0.3638297872340426,3.300285454422669,0.021467132422991426,,,,,,,,,False
2025-04-21,470,0.35113539451554,7.176841222599394,165.03363542230375,46.67708902737094,16.85707834564132,15.001969568763391,12.042748105504717,9.589067774424425,7.546416275940082,6.636825153311973,6.055026141986346,5.462758648822629,0.5438564265310302,117,0.30851063829787234,3.354703752113941,0.08732023771718914,,,,,,,,,False
2025-04-22,470,0.35609030563510935,7.016783998832367,167.36244364850137,46.13412687504665,16.60388465005983,14.931167524930196,11.96170198036376,9.447969303603099,7.497169351401789,6.587831299345096,5.98581125853805,5.511373229586488,0.5467943078274508,116,0.3382978723404255,3.253582440971276,0.06274100621512499,0.01854097459368474,94.74776097680106,88.06852630901012,0.018386337962877135,94.16644920284152,87.48736917168138,0.9992286904420783,0.0007713095579217066,False
2025-04-23,470,0.3565004794609106,6.998006339194637,167.555225346628,46.439971333937265,16.553722161576026,14.910540467196396,11.902313547093346,9.301768501687057,7.4677836351217035,6.562017009953994,5.9525147087454116,5.541739771445943,0.5475782401200661,115,0.32978723404255317,3.265167086603338,0.06742276459647054,,,,,,,,,False
2025-04-24,470,0.35786460769020473,6.950845482569084,168.1963656143962,46.51561599931928,16.55621563893539,14.85850525377646,11.80632642098611,9.142103355152088,7.381714078536124,6.581850348757138,5.998360811078108,5.702004852893539,0.5487936785689649,114,0.3574468085106383,3.225233591973245,0.024588304677221794,,,,,,,,,False
2025-04-25,470,0.35769651191424595,6.952991878325361,168.1173605996956,46.66791922299201,16.517877775999196,14.936950850123143,11.79506735115164,9.128832460472115,7.497385809555492,6.62737676828789,6.046605728191057,5.747153598271469,0.5490110123403439,113,0.3425531914893617,3.294326349945847,0.019979131697137414,,,,,,,,,False
2025-04-28,470,0.35984305988823523,6.873483360599573,169.1262381474706,47.05052263947428,16.70135398242268,14.898006833470301,11.834022992383549,8.994801342133567,7.5330604512955475,6.526185266630713,6.088085866638411,5.345482486037102,0.5523620097770667,114,0.41914893617021276,3.0581705530709744,0.14091548337340654,,,,,,,,,False
2025-04-29,470,0.36101861927180035,6.8342042348368,169.67875105774615,47.15166469795095,16.596684215075378,14.916650299121493,11.77155994583859,8.639826746810709,7.49200730614203,6.552359130578807,6.0536418426355585,5.353114458374648,0.5534368302462396,115,0.3127659574468085,3.260117410491477,0.035421675815451616,0.018121833217074706,95.37548647944105,88.88417903065897,0.019220878142524805,93.99195601243497,87.49954951872743,0.9990900292502823,0.000909970749717659,False
2025-04-30,470,0.36030723476653,6.854592352230082,169.34440034026903,47.2891602069578,16.496985817269294,14.909819121537694,12.040998487707103,8.743869669864623,7.500146149695704,6.57592047807489,5.905029002045085,5.339245976138113,0.5533646041994489,113,0.38085106382978723,3.1545364462042165,0.1010933176064964,,,,,,,,,False
2025-05-01,470,0.35723230708193127,6.948607208505842,167.8991843285076,47.79208811702867,16.505384394422435,14.806737886452774,12.011188760571184,8.844571867151032,7.3102178546112935,6.593794866296513,5.962798377539404,5.267841225460152,0.551094858482942,115,0.30851063829787234,3.275767837895467,0.05661661298371365,,,,,,,,,False
2025-05-02,470,0.36217239869781237,6.813754083250194,170.2210273879718,47.256185495233765,16.777309007895163,12.508702066429358,9.64213806545224,8.208408841564026,6.770584462514993,6.494444398189945,6.061798532795111,5.538163209022881,0.5455433234531539,118,0.33191489361702126,3.2955711732000856,0.05912988250238171,,,,,,,,,False
2025-05-05,470,0.36420068832993396,6.743612351229778,171.17432351506898,47.50869886432804,16.83640911580921,12.604904578802554,9.314121995809941,8.214911091874,6.7821010933064905,6.21443087390586,5.822425128045887,5.560378387884915,0.5477414001485504,110,0.3702127659574468,3.1262511728326405,0.11011205371319693,,,,,,,,,False
2025-05-06,470,0.36503739776248423,6.71734937338695,171.56757694836762,47.50434200681721,16.689837721126572,12.597579539428544,9.309920953509089,8.227166346740916,6.783184192167001,6.325657740380231,5.904749516632027,5.703764374064082,0.5482324620622319,108,0.2872340425531915,3.217809594161519,0.11852288708433516,0.01801574181961616,95.21272000071401,88.84239228326993,0.019288564435155735,94.18484608645964,87.81324554640003,0.9980889869944594,0.0019110130055406405,False
2025-05-07,470,0.3652074923195285,6.710028326828463,171.64752139017838,47.62274866661669,16.735924398921902,12.630293191074056,9.13870178005736,8.254743071036991,6.800080986913594,6.403179237949849,5.812946310215243,5.68122930820775,0.5484578498443583,111,0.2872340425531915,3.253374266250311,0.14115138592750534,,,,,,,,,False
2025-05-08,470,0.3635571699890489,6.754815698355288,170.87186989485298,47.93285703538956,17.392440641532104,12.55219202986897,9.127954824850338,8.115335561011896,6.787316140903813,6.434074416307346,5.795476703871651,5.63927162223481,0.5486751370776468,112,0.33191489361702126,3.2333837653644446,0.07577915891666288,,,,,,,,,False
2025-05-09,470,0.36380275916080396,6.7439411507379035,170.98729680557778,48.059447915165705,17.374147375740733,12.657519887030336,9.151085702580936,8.155152356228374,6.7952258668363115,6.442941476291944,5.728867701694172,5.610651478372298,0.5494244631619055,109,0.35319148936170214,3.1593514351533503,0.030358844077484917,,,,,,,,,False
2025-05-12,470,0.36467552024993455,6.697532019130708,171.39749451746928,48.515040329827016,19.057119529875607,12.41485585666019,8.937292054298972,8.20138733282988,6.7058549750379015,6.579589534894815,5.787545546253016,5.3991810796335455,0.5538761750811297,110,0.3680851063829787,3.1211777796546647,0.03348908950687293,,,,,,,,,False
2025-05-13,470,0.36468386525417146,6.6813857287761955,171.40141666946062,49.57143949122481,18.729122552893713,12.45102091555015,8.20571589754738,8.036155723012099,6.820450177290504,6.5209132308376905,5.8036753282686275,5.346860077269544,0.553954713886546,109,0.3659574468085106,3.1243017469090213,0.11676269110375176,0.018341129250109695,95.58942295030211,89.25437995752998,0.018987444938210387,94.44037584485835,88.10468653639812,0.9989529634048667,0.0010470365951332772,False
2025-05-14,470,0.36429360906229324,6.691186427837044,171.21799625927775,49.70681441064691,18.77401354466697,12.397014847523625,8.191119587293981,8.02512751922431,6.898103250744361,6.513839543374061,5.784697575282257,5.349668835306433,0.5538020396795944,108,0.4106382978723404,3.029704889583729,0.15155831783332577,,,,,,,,,False
2025-05-15,470,0.3646973412686949,6.652176115691519,171.40775039628664,51.12804307866814,18.61926218826931,12.461386259954253,8.124546880305937,7.981906985862478,6.844376132960615,6.445972533758777,5.762558122998389,5.288135127129101,0.556895720858477,105,0.3638297872340426,3.1099971046206387,0.08116862496030486,,,,,,,,,False
2025-05-16,470,0.3664605169274974,6.590787647521759,172.2364429559238,51.36343874837988,18.71560981952979,12.530010254285461,8.127256644078097,7.919051675125637,6.850281863087366,6.44284687754411,5.772372922900986,5.281036898919403,0.5595165072812702,105,0.37659574468085105,3.0531317305099814,0.03072177108379077,,,,,,,,,False
2025-05-19,470,0.36561042875195726,6.6140057152510385,171.83690151341995,51.49152731245178,18.80661864113226,12.596003835150096,8.1265402196731,7.95416329078509,6.905069519227235,6.461244294902564,5.749017171543382,5.293829806660666,0.5592714713230365,103,0.3382978723404255,3.0588866412840625,0.09505058295150388,,,,,,,,,False
2025-05-20,470,0.365951407502571,6.600502089235692,171.99716152620834,51.6176520514278,18.760666771667594,12.644614628948325,8.184780966485182,7.988199861825962,6.907353578861001,6.447225425462354,5.780818839078686,5.307853557446831,0.5600103743505049,105,0.37659574468085105,2.962704817749668,0.11725264256226467,0.018644732306771078,95.12717120470839,88.8739757906685,0.018519512631635503,94.62248747116509,88.36941727680033,0.9996429054876126,0.0003570945123874125,False
2025-05-21,470,0.37008790492463883,6.478715000931258,173.94131531458027,51.496168467126466,18.364620557833312,12.265417531703957,8.129996532135577,7.898853568760366,6.860545650297487,6.451537171654827,5.785824483450356,5.311536754080177,0.5621223795816586,107,0.3702127659574468,3.065927923027006,0.06260490858776029,,,,,,,,,False
2025-05-22,470,0.3704535457276314,6.465517465969139,174.1131664919867,51.67337553524507,18.175297447781425,12.272292075305693,8.129049242541305,7.852481008126666,6.851257209205679,6.448118073811042,5.7693919331049806,5.294833482780313,0.5624748527507665,106,0.41702127659574467,2.9026428042541155,0.06858413101664927,,,,,,,,,False
2025-05-23,470,0.3700234180439815,6.479162245632101,173.9110064806713,51.63715259727243,18.225469364860963,12.319678444330197,8.114877250188643,7.870775246411673,6.826693074896235,6.453100710354983,5.7159586736334305,5.286069815305257,0.5621450726326033,107,0.4127659574468085,2.986128950564852,0.049975048768316474,,,,,,,,,False
2025-05-27,470,0.3723213098297125,6.415077860691668,174.9910156199649,51.3509236195038,18.212377148150303,12.3387210767456,8.064779503122358,7.850387263258964,6.77541440150277,6.434551128420293,5.666436122525161,5.249391493847939,0.5637400361010361,106,0.4127659574468085,2.974758212574027,0.11163634713968153,,,,,,,,,False
2025-05-28,470,0.37317005515599333,6.394555773624641,175.38992592331687,51.19167614226892,17.896722562486836,12.292368356329419,8.054810520667637,7.771530422419232,6.721870653085512,6.4295438469317965,5.67943357275869,5.299678241149276,0.563458518095893,106,0.46382978723404256,2.7643639403042237,0.09329946014607812,0.01831287778686797,95.55005817962365,89.51035958336813,0.018962016817846365,94.03437815132412,87.99403041603762,0.9996370414884508,0.0003629585115492162,False
2025-05-29,470,0.37331872979297215,6.3876343157306055,175.4598030026969,51.2745600841573,17.994673974125057,12.295265649949187,8.058511801636996,7.768616025568578,6.754096985198954,6.492098722011331,5.688142495553875,5.310615948014452,0.5640059883246074,106,0.37872340425531914,2.9082570302274435,0.12472893889216531,,,,,,,,,False
2025-05-30,470,0.3741334018981167,6.360554963947738,175.84269889211487,51.477935150436636,18.024626696053396,11.968106441344634,8.081990337734913,7.706447455740776,6.748997573215322,6.504368984416571,5.714054863161582,5.3199308509014385,0.5646709734418817,108,0.48723404255319147,2.715966641362071,0.07646872022864401,,,,,,,,,False
2025-06-02,470,0.37413710600435535,6.358223032500884,175.84443982204698,51.56402019619415,18.128439227607686,12.02587946526597,8.053545532371896,7.710835115714172,6.742807413557469,6.4470091877214175,5.742806337784771,5.30504417552024,0.5651411154116739,107,0.4531914893617021,2.7616319713259205,0.11750669146667876,,,,,,,,,False
2025-06-03,470,0.37451422843236487,6.346581452319482,176.02168736321147,51.5522776205237,18.35458878396547,11.803795641508835,8.125588735721593,7.696699101823513,6.739036443972134,6.455955820786324,5.740064670492934,5.339263447655843,0.5656551875424066,107,0.41702127659574467,2.931609696159033,0.08756521344644558,,,,,,,,,False
2025-06-04,470,0.3758257314546903,6.303592919000561,176.63809378370445,51.95047696027764,17.7494326345546,11.996645928193633,8.036679262075063,7.737703232101211,6.8333435525353865,6.484490462097765,5.560534503617357,5.346586064483274,0.5667475075932029,105,0.44680851063829785,2.7585999056143486,0.025468402667513497,0.01811527682937828,95.51788896929548,89.57200650492022,0.019140238740073978,93.20348458646656,87.25657716018061,0.9998734988909805,0.0001265011090194612,False
2025-06-05,470,0.37603087764724286,6.2951162653375805,176.73451249420407,52.09831504539454,17.76593511849859,12.007224636058194,7.960917701819061,7.761927012106712,6.731335270269406,6.467541274339708,5.565064655795965,5.366832366368131,0.5671636276510096,106,0.44680851063829785,2.765222005178946,0.0977906818491131,,,,,,,,,False
2025-06-06,470,0.37719243704193706,6.268605988608807,177.2804454097104,51.65113448016983,17.81386001307505,12.029878163207403,7.957209998355917,7.774566219298634,6.6968949499999555,6.495554260919323,5.559321950440447,5.354179063562857,0.5675160171585503,104,0.40638297872340423,2.911082892091121,0.0919657033979041,,,,,,,,,False
2025-06-09,470,0.37692886873454345,6.273305101745149,177.1565683052354,51.68832024852611,18.23456800742899,12.033816971576467,8.035049931838941,7.7611614028123554,6.690812937019437,6.283784202840863,5.660983983284094,5.374358143955283,0.5684006882225658,105,0.4957446808510638,2.6623539089349277,0.06889261897200925,,,,,,,,,False
2025-06-10,470,0.37613899237336207,6.298824317750847,176.7853264154802,51.48542349297695,18.43400693692319,12.060030701901667,8.03961605973305,7.760322044341413,6.657253494515103,6.248240179500728,5.781177451410295,5.363277063026835,0.5676689438447128,106,0.41702127659574467,2.9035010785758173,0.0854965295105022,,,,,,,,,False
2025-06-11,470,0.3763737208382458,6.294776077992138,176.89564879397545,51.29996419917785,18.511609429979508,12.039598008556855,8.05476993269696,7.781211592200191,6.67460346811745,6.217795825549849,5.78035676171966,5.3611268486288735,0.5676629582220994,105,0.3702127659574468,2.908717781345929,0.08451662659347639,0.019033930154773254,95.0565078369307,89.11907154962203,0.01928388323942789,93.7151330386937,87.77744679830037,0.9997254382196705,0.0002745617803294742,False
2025-06-12,470,0.3758774001680487,6.305914236602274,176.66237807898284,51.50001285421685,18.494090067238773,12.044961325836002,8.091031127555597,7.796501414333251,6.686425163585511,6.186845554033443,5.745436737804207,5.359142879723078,0.567643560540064,105,0.3702127659574468,2.9013630839333517,0.0851063829787234,,,,,,,,,False
2025-06-13,470,0.3677304282048806,6.537404844242701,172.8333012562939,51.993714077266304,18.733296213326234,12.961789781066798,8.094232292259328,7.841957316584157,6.760317588660108,6.3050464190477875,5.811254559033181,5.580421844914739,0.5630134757876862,109,0.3680851063829787,2.9885944456172355,0.14113323957719004,,,,,,,,,False
2025-06-16,470,0.3679049216507074,6.524451992009111,172.9153131758324,52.39038399479588,18.643226269904957,13.040751551558191,8.080005447757662,7.84227150822046,6.861617157042023,6.2672076721649805,5.7997668743554405,5.545949679020091,0.5639780434890408,106,0.3872340425531915,2.9176109287189083,0.11097400535317334,,,,,,,,,False
2025-06-17,470,0.3671984005746476,6.545453406485773,172.58324827008437,52.36959688105175,18.73626553757738,13.150553321982539,8.134157566847886,7.835224991075281,6.816938017990996,6.263891521279174,5.829669898450966,5.633404277876652,0.5637740884628595,105,0.37446808510638296,2.953015221325378,0.13911899469219252,,,,,,,,,False
2025-06-18,470,0.36672972094304057,6.560152390095901,172.362968843229,52.37056551383286,18.74053033808253,13.130463001501898,8.133223936096993,7.853465884491664,6.801370363339268,6.284061108696445,5.8284675166563655,5.62381446456349,0.5632718119845604,105,0.3702127659574468,2.965899850238563,0.13051762464274372,0.017752343496050055,95.54099937702398,89.32982436437506,0.0187339485533125,94.38270215654394,88.17054553883777,0.9995669285789712,0.0004330714210287745,False
2025-06-20,470,0.36573303425398357,6.593314933812248,171.89452609937229,52.273899982322234,18.73349555281719,13.141784087582078,8.16428015050324,7.854246253725325,6.790854418150033,6.2824682931699565,5.831345651077228,5.637984420062409,0.5621446507927597,106,0.37659574468085105,2.966707995193183,0.13333030894161413,,,,,,,,,False
2025-06-23,470,0.36478487538933957,6.621759665735082,171.44889143298957,52.25999745495827,18.603073657841904,13.78895122389503,8.13314901364734,7.9112566536035,6.7597890596276375,6.257193587307661,5.810458304692936,5.613177216135819,0.5622001335815578,108,0.38085106382978723,2.9867884017605615,0.12973733157918613,,,,,,,,,False
2025-06-24,470,0.36379741791243336,6.65284742807384,170.98478641884367,52.272288664382685,18.571555771686718,13.828226764695696,8.158326742754921,7.893257148223179,6.741720040730158,6.294770733487932,5.850802847771175,5.625784835818513,0.5613089028986461,108,0.37872340425531914,3.0100424482918893,0.12726035476114866,,,,,,,,,False
2025-06-25,470,0.3630943061101431,6.670811298030573,170.65432387176725,52.56182511444126,18.520064084388814,13.662573882358263,8.152124132835294,7.862896023135236,6.710743073997646,6.280868917105002,5.858597305949592,5.606914298634589,0.56074661933147,107,0.3680851063829787,2.9631756702096186,0.04131923966792179,,,,,,,,,False
2025-06-26,470,0.3629816738858616,6.678985202375888,170.60138672635497,52.40480279955236,18.42071095659273,13.587510496769472,8.127021225534776,7.862843950766119,6.70142064729985,6.26739930141904,5.848788291528266,5.590464314233862,0.5598753876697963,112,0.33191489361702126,3.103044241756709,0.07610579322233815,0.01863527557775125,94.61163710337206,88.27699829930428,0.019465263516198178,93.35963299876474,87.02416420675851,0.9997928774073623,0.0002071225926376652,False
2025-06-27,470,0.3632238675726684,6.673662585187559,170.71521775915414,52.330101767705074,18.321090895952587,13.543856788890462,8.116856239810453,7.8456681826901855,6.693112000978877,6.249658259746677,5.897529376341221,5.633032705967929,0.55963217755641,108,0.35319148936170214,2.9876043791608446,0.031864991153654224,,,,,,,,,False
2025-06-30,470,0.36267021953937073,6.6877751351260635,170.4550031835043,52.47150445181016,18.378262732965176,13.5981870873903,8.12935357458264,7.875415612556042,6.698327479081292,6.249157203575781,5.895924096078609,5.6193276570268935,0.5596432149579841,111,0.33191489361702126,3.095421110783415,0.0659892029215624,,,,,,,,,False
2025-07-01,470,0.36263891804843007,6.694378493007468,170.44029148276218,51.716229357054004,19.900282925480347,13.513963304268849,8.127022110764388,7.708063234469259,6.684128961870723,6.218833223847712,5.84276135139253,5.582529556561819,0.561059125915595,105,0.3425531914893617,3.05899285333578,0.10507644150070317,,,,,,,,,False
2025-07-02,470,0.3620458044323744,6.709812762350387,170.16152808321596,51.78114731112933,20.27779395328298,13.466867974570253,8.20023279960985,7.604204184192712,6.600008274910731,6.205114083898858,5.85044384959785,5.554181762934766,0.5614629151527838,107,0.3404255319148936,3.047013571508268,0.11511137322506011,,,,,,,,,False
2025-07-03,470,0.36291432714045363,6.681758934170876,170.5697337560132,51.76015136898664,20.293327911416426,13.522162421089888,8.228027009689225,7.6243104984323065,6.616524322839753,6.187173931349994,5.835893141591412,5.548635956183497,0.5624966009940328,105,0.3404255319148936,3.0692695213923726,0.13161547883681896,0.018243082963924438,95.3481148403116,89.01102715031725,0.018539063487276457,94.14957269874218,87.81218902822448,0.9998372511197239,0.0001627488802761201,False
2025-07-07,470,0.36295323349544845,6.683632929148176,170.5880197428608,51.57064277904871,20.603012883802776,13.148291298446424,8.250579568890508,7.649041130853883,6.617341864613355,6.045170585868673,5.793931583926916,5.569857728734639,0.5620437154745727,105,0.3382978723404255,3.041467451093632,0.10723585718822302,,,,,,,,,False
2025-07-08,470,0.36263859346890265,6.692251267998546,170.44013893038425,51.48336627705639,20.919533563210237,13.290997899451888,8.235729808829335,7.688382920657392,6.596466913096664,5.910664529022049,5.882599178801849,5.569986118296715,0.5624888648487917,105,0.3382978723404255,3.0386654118001974,0.1340107970784376,,,,,,,,,False
2025-07-09,470,0.36257550733638155,6.69387669143252,170.41048844809933,51.523539182637634,20.874761477955175,13.328124361788134,8.323898716039636,7.538001101607472,6.598210640623455,5.962073240269554,5.839222916382034,5.549282845014041,0.5626825791202551,108,0.41914893617021276,2.9704780185728903,0.12797713559860274,,,,,,,,,False
2025-07-10,470,0.3619206623186281,6.71515662807967,170.10271128975512,51.45369313257862,20.98196497084505,13.356725328485101,8.339730603128928,7.571175603181159,6.614229153895332,5.965435093730271,5.874157371006579,5.525097737767473,0.5622017560101978,109,0.3127659574468085,3.148528329543554,0.07071632717869618,,,,,,,,,False
2025-07-11,470,0.3624355404412727,6.703393430613424,170.34470400739815,51.203038679998556,20.949883950651632,13.518552968252102,8.256302708997545,7.479461203498833,6.5685192596216915,5.9728607997828265,5.88451160577321,5.5745667574941296,0.5622818772665916,107,0.30425531914893617,3.160272382193731,0.06024588304677222,0.01820917720682459,94.71018142232623,88.35101435494725,0.018838861519244392,93.78612743977477,87.42633068808338,0.9996487215222428,0.0003512784777571776,False
2025-07-14,470,0.3621200905803087,6.712445433255598,170.19644257274507,51.165790131237415,21.179680499168747,13.524679570848324,8.270243826948743,7.47828459524716,6.5600897005289855,5.972132051729689,5.874134053848366,5.573552033421669,0.5624188012786134,109,0.30425531914893617,3.1762357507632086,0.07698589121262986,,,,,,,,,False
2025-07-15,470,0.36309638979950487,6.677863027302916,170.65530320576727,51.38243506672795,21.188169976470874,13.363111202998507,8.19606267048874,7.469945438756346,6.520946212041638,5.99355923548834,5.8182556764164834,5.595433934178068,0.5633725151541561,108,0.30638297872340425,3.158013170242291,0.0730662795445266,,,,,,,,,False
2025-07-16,470,0.3641650399885535,6.64971954626561,171.15756879462015,51.064216800160665,21.316355144290917,13.331418188064951,8.259690050494338,7.013285786443097,6.551234593941481,6.014099876425464,5.771563905322002,5.657235350857551,0.5641047850587894,109,0.3127659574468085,3.1706801490120884,0.0924375085061017,,,,,,,,,False
2025-07-17,470,0.3643323280316256,6.64748353333642,171.236194174864,50.89538534499921,21.32494847045161,13.315112775228691,8.253521459072594,6.991924663023798,6.553643333237608,6.138172008090942,5.776796740380136,5.64522249267004,0.5638833238821619,111,0.35106382978723405,3.1555150106657717,0.09843487728530599,,,,,,,,,False
2025-07-18,470,0.36444139649432145,6.645552770398029,171.28745635233105,50.78597198267907,21.392295588886512,13.295011240971874,8.258124210553994,7.049255630814656,6.555650327555819,6.128286906395898,5.7716504161923,5.685917684287033,0.5638699135647288,111,0.3127659574468085,3.1975489702299025,0.06633398357755296,0.018774932192337453,95.09740295875169,88.79751665265564,0.01856609978822067,93.87253155905168,87.57285408535975,0.9997397873673016,0.0002602126326983756,False
2025-07-21,470,0.37125957123662934,6.490678281842919,174.49199848121577,47.941056688970974,20.74185793599019,13.394015951505853,7.414723075215478,7.098405569007981,6.671116162416077,6.001487609471962,5.805898426510743,5.5800042890145924,0.5616673449636134,112,0.35106382978723405,3.072608596895672,0.04861407249466951,,,,,,,,,False
2025-07-22,470,0.3716484867341945,6.483261955493922,174.6747887650714,47.535329442056536,21.098263089688338,13.349821381317554,7.394180757878946,7.185215415008231,6.710470399182252,5.973608078178772,5.7436525234753635,5.5862658725764875,0.5618135817787505,111,0.3702127659574468,3.0013704370485796,0.04439504604636393,,,,,,,,,False
2025-07-23,470,0.3719541607604075,6.475035537443321,174.81845555739147,47.43987249655051,21.189009609173645,13.295872856447087,7.400222399141202,7.242185994636915,6.679396097949512,5.9800428342669445,5.721456181402873,5.55316904053773,0.5620073040823489,112,0.3574468085106383,3.0760429100672932,0.04143719094497119,,,,,,,,,False
2025-07-24,470,0.371814488217731,6.477012883359617,174.75280946233357,47.520136372647656,21.352851582306457,13.257774604602208,7.418592436405948,7.167182220117939,6.763437195641319,6.0069734241213615,5.735783467856631,5.614654460653268,0.5623450307623316,108,0.3638297872340426,3.012623135161334,0.14791997459510955,,,,,,,,,False
2025-07-25,470,0.3702163816450644,6.526256468865104,174.00169937318026,47.50231962010288,21.324104877812907,13.373764327940005,7.416055682508459,7.130693570477025,6.73586934015502,6.113272765720209,5.854030661114592,5.553183288408705,0.5608892423011584,108,0.3553191489361702,3.04239913264981,0.044576509549516856,0.018997682341436468,94.87677242138986,88.70173465182839,0.019052271561630887,93.8603694660024,87.68527710722073,0.9989972142629859,0.001002785737014067,False
2025-07-28,470,0.37120569977548445,6.48641279912557,174.46667889447764,48.122549570601194,21.013754648224086,13.458390294166474,7.438095760797075,7.174510900536674,6.701440365960617,6.105842099809242,5.841743209703067,5.600054565960738,0.5627648280175883,104,0.40425531914893614,2.9372852122186575,0.08097808828199428,,,,,,,,,False
2025-07-29,470,0.370616035413325,6.504248859556535,174.18953664426277,48.10447804894051,21.06580522315265,13.495895411813304,7.509194488920138,7.239523054560493,6.744689375998284,5.980286121145024,5.9188264249681595,5.5929961236323145,0.562478531525722,106,0.37872340425531914,2.9527930765343857,0.125609036882457,,,,,,,,,False
2025-07-30,470,0.369412183064242,6.546135554251133,173.62372604019373,47.81551282861375,21.141269563662846,13.425855658448192,7.533360199916092,7.176232263018501,6.783413005647536,6.080580485085852,5.876308904055227,5.800402025510622,0.5607228176400736,107,0.3553191489361702,3.039565277015434,0.036755432563625644,,,,,,,,,False
2025-07-31,470,0.36990073092748227,6.536383756183678,173.85334353591662,47.49686877405148,21.270601604062755,13.152382464342317,7.422061206987055,7.136451412678179,6.828197677981981,6.310389352498609,5.864210246189821,5.749313329626301,0.5599899097560856,107,0.3723404255319149,3.0477736321011726,0.04424987524384158,,,,,,,,,False
2025-08-01,470,0.3703501702091852,6.516998445068811,174.06457999831701,47.80527317692308,21.28168736152554,13.11462822145716,7.418962033549515,7.187102774010222,6.875397536767695,6.262727592850251,5.771310224206702,5.729516334487685,0.5610321931739838,106,0.37659574468085105,3.051248521196329,0.12108152247879145,0.018296783825677287,94.87553752767843,88.71059246899313,0.018755218388047896,93.95952597512229,87.79412248187462,0.9990281901830922,0.0009718098169078093,False
2025-08-04,470,0.37233152118214136,6.456997361771477,174.99581495560642,47.86205986261706,21.1120599971155,13.031453994966363,7.347529890743826,7.199600739525335,6.831151726733607,6.2674494460024555,5.809065256672686,5.67637544434909,0.5624445078745728,108,0.425531914893617,2.9471616508575798,0.12271469400716781,,,,,,,,,False
2025-08-05,470,0.3720723572226657,6.469873822778019,174.8740078946529,47.56573129904889,21.19018356616101,12.972884421842902,7.3268968273721855,7.018113956035223,6.76242699828975,6.440129851108151,5.811604768073761,5.686791565141113,0.5615525617214422,107,0.4702127659574468,2.8548711888775378,0.10989429750941342,,,,,,,,,False
2025-08-06,470,0.37126287480389236,6.495458613505954,174.49355115782942,47.533721255246874,21.087635721815303,13.005513609708519,7.413033508320197,7.1891552456599195,6.8388841758744014,6.442483469445225,5.84470083550881,5.501593242876262,0.5607094792615327,107,0.3723404255319149,3.119369649530842,0.10255409880687746,,,,,,,,,False
2025-08-07,470,0.36914647212129675,6.562356115290245,173.4988418970094,47.41985961119792,21.072370569982233,12.969337923860977,7.582509784959071,7.298274631458074,6.815334244499011,6.434720014992624,5.813846189198951,5.581722815211816,0.5586019569936377,107,0.41702127659574467,2.967063537348738,0.06025495622192986,,,,,,,,,False
2025-08-08,470,0.3684059106672132,6.58962749827042,173.15077801359018,47.16647329157709,21.055536432900368,12.949222708145538,7.664104425237843,7.422207208337603,6.839866434211976,6.447895068939846,5.879056410174137,5.570724941968482,0.5574172656839385,109,0.43617021276595747,2.961748958819394,0.07328403574831012,0.01784351712172787,95.50184554100277,89.26278043627784,0.019683517624905597,93.45603483430915,87.21512972908104,0.9992827495578771,0.0007172504421228965,False
2025-08-11,470,0.36872158131087696,6.576082452274847,173.29914321611216,47.32293609139923,21.148780284067392,12.923361986624723,7.680931115973917,7.4492541012430324,6.856692541537203,6.43602545371577,5.903573748706375,5.567994737852256,0.5582450057322924,108,0.4595744680851064,2.86305125532929,0.0572517352447489,,,,,,,,,False
2025-08-12,470,0.37048606647540383,6.520340445489098,174.12845124343977,47.30538528230686,21.313662076180165,12.941924636797093,7.617113850211893,7.307901409243266,6.785335790307607,6.421069074462967,5.886727608764421,5.5529419217610805,0.5602266746573102,108,0.46595744680851064,2.8303353128211737,0.02348137730798893,,,,,,,,,False
2025-08-13,470,0.3716947153059006,6.483018338521974,174.69651619377333,47.18153414667802,21.643550420188404,12.827997050059572,7.598328091446952,7.3050277149465215,6.717102759548683,6.450820783437725,5.871732410795358,5.57087881205924,0.561591331706694,108,0.4531914893617021,2.9006487857475927,0.0970103887855555,,,,,,,,,False
2025-08-14,470,0.3715535748438216,6.500088911132781,174.63018017659618,46.3422329412917,21.72024310946992,12.960855772577304,7.67242499880159,7.391277875755138,6.9248471904362505,6.382677772574861,5.869331190197634,5.4110014264434145,0.5602679510611418,109,0.4702127659574468,2.8325928698447247,0.05352266025495622,,,,,,,,,False
2025-08-15,470,0.3715794646786904,6.504217556798758,174.64234839898455,46.051703352781146,21.69182999913989,12.948271283099814,7.639468280236736,7.347753924664052,6.922455986693258,6.528307457785373,5.860909909977991,5.412719885842715,0.5595183432217916,109,0.46595744680851064,2.847644994116227,0.05399446536315384,0.019220027940571136,94.08025508400014,87.92839696393949,0.01915125065437253,93.83696905581293,87.68517971303848,0.9994946464868585,0.0005053535131415154,False
2025-08-18,470,0.3732937224383085,6.456002325768878,175.44804954600494,45.76607817126772,21.658977682994283,12.961566621783884,7.759133785039516,7.284545754039306,6.924985028886625,6.547681207247055,5.877343925399062,5.401705445024169,0.560837884695937,108,0.40638297872340423,3.000066506340689,0.06787642335435286,,,,,,,,,False
2025-08-19,470,0.373624844079032,6.443700735426719,175.60367671714508,45.95795438903687,21.488664626017716,12.967347436820855,7.654333288485487,7.442451604837719,6.983775737816821,6.524757496821696,5.855305558027044,5.394284075130401,0.5610042052287361,107,0.4106382978723404,2.985341797222172,0.06824842353581635,,,,,,,,,False
2025-08-20,470,0.37420309686216324,6.417879219001719,175.8754555252167,46.40773699219724,21.74336654033381,13.063134050948008,7.7150897076526,7.251341156478528,6.5814645096417586,6.336703231515879,5.7841397676443576,5.407584596005228,0.5634144315241455,108,0.46382978723404256,2.8667681532005083,0.02692918386789457,,,,,,,,,False
2025-08-21,470,0.3735147195753172,6.438729149444675,175.55191820039903,46.4017759850408,21.68267647010213,13.134234657865182,7.748742992212614,7.2661629658939715,6.586081379870333,6.362082326224736,5.811818600441393,5.421409384173805,0.5628071240545103,105,0.46595744680851064,2.826805511576255,0.028290160141541534,,,,,,,,,False
2025-08-22,470,0.37587606290717873,6.382723230495479,176.66174956637394,45.11938481742074,22.326436076028926,13.150434351753926,7.895964495231723,7.318294814443876,6.58776508988617,6.244675297629028,5.854153958770719,5.35153922819201,0.5641573815038498,106,0.4765957446808511,2.785704620694799,0.021639522750986708,0.018337755176785098,94.69592560706997,88.67074068430487,0.019337290632008584,93.58224293008942,87.55605847186911,0.9994332625157406,0.0005667374842593942,False
2025-08-25,470,0.375454856364596,6.386444806728448,176.46378249136006,45.64878385148734,22.423638372865604,13.273615696270461,7.908561565092092,7.276525487770344,6.363609664203617,6.24154291566829,5.686063210042208,5.366270113623255,0.5653582595256927,108,0.4723404255319149,2.8145846245442554,0.05739690604727124,,,,,,,,,False
2025-08-26,470,0.37569475674656094,6.376587445687043,176.57653567088357,45.821693607622635,22.552199613318876,13.042742476275361,7.929553513940036,7.283496695581471,6.360872418690447,6.106283710294967,5.707626431205383,5.349709137042904,0.5657930316639161,109,0.4723404255319149,2.825502899083372,0.06965476568525156,,,,,,,,,False
2025-08-27,470,0.37661550360012547,6.351224811315907,177.009286692059,46.14044758349516,21.637546746207995,13.07262500996966,7.666039795233033,6.857850457375384,6.443143609106831,6.144411090336534,5.764927361614968,5.28282482484254,0.5649488209084358,109,0.4531914893617021,2.8686254163117058,0.04620968107789321,,,,,,,,,False
2025-08-28,470,0.37772724618972153,6.318464022997275,177.53180570916913,46.20335986143583,21.598003375440364,12.939700357247329,7.688392206790262,6.788548302512653,6.316647666071511,6.163619388331663,5.607561474761895,5.317563029057722,0.5658750244895381,107,0.4553191489361702,2.849554088354097,0.04871387742140362,,,,,,,,,False
2025-08-29,470,0.3775044906653456,6.3342284215739575,177.42711061271245,45.713363600445305,21.65772435820783,12.368509020629961,7.752553283899404,6.8634539153517835,6.343504786955956,6.019458597243749,5.684781042819492,5.354350085478452,0.5636580018636063,108,0.4297872340425532,2.9289134159435513,0.05777797940389239,0.018466109900626627,95.37345595896596,89.39826591815672,0.019220708224866576,93.77599828323977,87.8000536441063,0.999646500973437,0.0003534990265630089,False
2025-09-02,470,0.3787955206049627,6.30350496806639,178.03389468433244,45.41264929774654,21.222958593435585,12.41874843422093,7.817115162487891,6.904720909118129,6.39635775018855,5.8310498986504,5.646869343733639,5.369456259851044,0.5636284386643051,110,0.4319148936170213,2.9466897252509447,0.04836002359025541,,,,,,,,,False
2025-09-03,470,0.37927896310977494,6.301055826506311,178.2611126615942,44.7468417376933,20.882754202274633,12.582505178776351,7.82503987559639,6.835446989229479,6.442105877355951,5.854474704284204,5.647058185787651,5.3702842621550895,0.5623367099062444,108,0.4425531914893617,2.898791715403226,0.047679535453431926,,,,,,,,,False
2025-09-04,470,0.37947123566497404,6.297807635676492,178.35148076253773,44.604920114677995,20.923422301735805,12.503271481140207,7.800088854979352,6.841737270344982,6.233609017355951,5.929032912199626,5.66416348515196,5.394293452572351,0.5620918798193004,110,0.44680851063829785,2.8954301189322362,0.03673728621331035,,,,,,,,,False
2025-09-05,470,0.3750229410805157,6.424477968144452,176.26078230784242,44.881582934001926,21.248449841966817,12.548011736557456,7.759851771306057,6.893678050573209,6.343734815314053,6.18720358599159,5.703247303944011,5.3980991462626795,0.5589333587056906,112,0.46382978723404256,2.887787644370187,0.05233407430930454,,,,,,,,,False
2025-09-08,470,0.3735087590571199,6.4694799016769675,175.54911675684627,44.90182974754508,21.3067857825369,12.66824377366278,7.795395107210833,6.896564737895545,6.370648669817757,6.183364590524265,5.7569962273166535,5.406698975319149,0.5579178109953232,112,0.451063829787234,2.8949353824994457,0.03388830921380937,0.018374519719308653,95.2594543110439,89.14510864870475,0.019024183448568273,93.5016744976779,87.38667917160949,0.9995942907634103,0.0004057092365896686,False
2025-09-09,470,0.3728608188218669,6.48860057134717,175.2445848462774,44.951370020889584,21.414186786737865,12.515610399481783,7.801268865853439,6.884954757081108,6.361786390210886,6.176152510676124,5.7237443562911725,5.408925919850933,0.5572915338707237,115,0.4425531914893617,2.9474386660972676,0.03132967381935308,,,,,,,,,False
2025-09-10,470,0.37027352329309277,6.570266412687568,174.0285559477536,44.83288325678987,21.38348786186362,12.72372112835243,7.820690716714365,6.923519333728407,6.401903109744714,6.176705343673543,5.7420088709100385,5.473156286357955,0.5548709338541996,117,0.44680851063829785,2.982811719726311,0.055164904958490225,,,,,,,,,False
2025-09-11,470,0.37100458388368673,6.547244217364901,174.37215442533272,44.880151581860304,21.321493913107446,12.803258147272263,7.771659851765213,6.8924277832680225,6.366976500985519,6.160623206940282,5.7018830102374904,5.419725166170299,0.5556355700411447,115,0.451063829787234,2.9173171228191355,0.05752393049947829,,,,,,,,,False
2025-09-12,470,0.3711424160757541,6.5420938703725655,174.4369355556044,44.89190410858282,21.415651555643777,12.828065288376557,7.709082838263058,6.903713774357609,6.369935099354413,6.177371297828578,5.610218135792029,5.422531673720785,0.5559183815882355,114,0.451063829787234,2.9103407049730707,0.034233089869799935,,,,,,,,,False
2025-09-15,470,0.369175680021796,6.5985968900903575,173.51256961024416,45.22043666334052,21.44754676268422,12.746976074932505,7.716285521002918,7.0002983311549105,6.37009985315604,6.194914367723431,5.596034536755354,5.341812183354525,0.5545613077280942,118,0.3638297872340426,3.1520830805065625,0.07415506056344418,0.01820606067258318,95.08431016596934,88.8366828952282,0.01941249471795827,93.07483368795539,86.82599998316887,0.9993842400205983,0.0006157599794016644,False
2025-09-16,470,0.36863988509190376,6.614481701896179,173.2607459931948,45.20709564455841,21.454224162766323,12.958000005093002,7.878590658528054,6.9639671672858245,6.398542050245336,6.187284192968454,5.615621570858405,5.432650202586274,0.5548056520513628,115,0.4319148936170213,2.9939354211790925,0.024688109603955906,,,,,,,,,False
2025-09-17,470,0.3694986482844704,6.60004729618986,173.66436469370103,44.54937934159949,21.35287568780975,12.764652781967836,7.894867236738991,6.774196113305702,6.403891484588277,6.197880607919089,5.59303120772389,5.4234214673916155,0.5536726377485471,116,0.42127659574468085,3.052092468611237,0.05650773488182189,,,,,,,,,False
2025-09-18,470,0.36888075020263333,6.624000647806563,173.37395259523765,44.35253268285062,21.23788382913728,12.786547680143688,7.873750463812165,6.725690511823475,6.390319029484995,6.180301931672686,5.56126044670777,5.444417578435947,0.5523929090450668,113,0.4340425531914894,2.960963879261017,0.05423036791725264,,,,,,,,,False
2025-09-19,470,0.3678775722983741,6.661746341572439,172.9024589802358,44.03731955746012,21.3515120369783,12.520936415193958,7.886238528482939,6.702455901489604,6.409981167083657,6.149341638404898,5.576459286589579,5.449654773135078,0.5504222670603216,116,0.35319148936170214,3.1799139404546173,0.07589711019371229,,,,,,,,,False
2025-09-22,470,0.3675419704784799,6.677864781625332,172.74472612488557,43.68598888956794,21.433182940341027,12.533357994844174,7.9036957030580055,6.689787941775138,6.374061957707042,6.170499788963091,5.542594589012032,5.466289764883967,0.5495764928780782,115,0.37659574468085105,3.162645016312045,0.07850111146395682,0.01853407492724918,95.06308757469647,88.73423068862236,0.01952229538158669,92.24458938790677,85.91474428137833,0.9998561320195389,0.00014386798046106541,False
2025-09-23,470,0.3670488079176435,6.6907871341205,172.5129397212924,43.836612470334444,21.372954993050627,12.813261864299793,7.8619965471026525,6.659870784047539,6.369617128266478,6.17783211464313,5.646167275351809,5.463995774664031,0.5497824799916595,111,0.39361702127659576,3.092347366097104,0.05625368597740779,,,,,,,,,False
2025-09-24,470,0.3654165325235396,6.744921473694162,171.74577028606365,43.75531479655217,21.32973177124277,13.024763774032948,7.846286878284447,6.712301946801098,6.414188188862699,6.157630132720217,5.5885376721785125,5.480812556131355,0.5483018457578211,114,0.39574468085106385,3.1195646776999943,0.08386335798212584,,,,,,,,,False
2025-09-25,470,0.3528174766972635,7.250369511954412,165.82421404771384,38.626535861202726,22.467034299486897,14.40079676355083,7.833416678996372,7.0750031022398225,6.7274108872365135,6.423715671696687,5.773032341090478,5.731097064147938,0.530110633299895,120,0.26170212765957446,3.438336959629459,0.131742503289026,,,,,,,,,False
2025-09-26,470,0.3145550917327005,8.811276734842584,147.84089311436924,41.089144619726355,20.391416478293877,15.156436937472723,8.2368384778472,7.7415415849402995,7.364114408102955,6.573322938968355,6.299835056985892,6.17392716828277,0.49513772261214767,140,0.21063829787234042,3.8642549018405967,0.10053078074672231,,,,,,,,,False
2025-09-29,470,0.3155379846290925,8.802781616795821,148.30285277567344,39.62575140559446,20.27302998481862,15.223497456601715,8.176642600259981,7.876313216699973,7.449582172761083,6.591527035916645,6.368047877968405,6.197056645714845,0.49276973238925165,141,0.2425531914893617,3.7857143032235006,0.10007712198884,0.018960950630609374,94.96969043840173,86.46348585560439,0.01972873818753963,93.72057952509645,85.21360715474218,0.9945572053302371,0.00544279466976294,False
2025-09-30,470,0.3099465175951712,9.059165084279933,145.67486326973045,40.2943751953604,20.078755259625275,15.277469432216748,8.276759671709973,7.904224972244874,7.4631900629608605,6.7667055632349875,6.5198140592060785,6.104957278719462,0.48851536772051674,140,0.22340425531914893,3.833781015018163,0.11080161502517806,,,,,,,,,False
2025-10-01,470,0.2320315896609783,14.04728605034789,109.05484714065983,43.82105544001938,21.867072173074114,17.596249222687142,9.689678255734002,8.88669844852513,8.30399982233611,7.609896610188944,7.020040211119418,6.796200515575219,0.4298487281535626,181,0.1148936170212766,4.498705607080801,0.14810143809826248,,,,,,,,,False
2025-10-02,470,0.21184518601745464,16.01312956843359,99.5672374282037,42.59327635583091,22.867876812303848,18.781502411585308,9.938199599593329,9.05251917559356,8.582217531243034,7.851900033166913,7.189420312953264,6.948587853997348,0.41222998427131297,192,0.10212765957446808,4.619019169342928,0.07461779249648415,,,,,,,,,False
2025-10-03,470,0.20901597831589494,16.283894608508348,98.23750980847063,42.79188602374495,23.14407330191765,18.646870921424835,9.9964627153224,9.104778451825814,8.617633634454089,7.903971336952605,7.327225186809079,7.004145236545918,0.4102485165337882,194,0.10425531914893617,4.6247990011016835,0.04304314294787461,,,,,,,,,False
2025-10-06,470,0.20681945983912264,16.590809082700122,97.20514612438765,41.965618243263435,23.289358461951615,18.669349485382934,9.968103105387197,9.210805924633608,8.691744659390856,7.883504746322837,7.401611349592477,7.02563731640859,0.40659058600079323,197,0.10425531914893617,4.6483505169347765,0.05592705167173252,0.018204372256374612,95.296400491011,78.89420649589363,0.01847880147369066,94.44222029544558,78.0397518711109,0.9827520487665953,0.017247951233404724,False
2025-10-07,470,0.20683111540050522,16.577108643099212,97.21062423823747,42.198629543634624,23.105843153313007,18.703114102763973,9.98609962434427,9.266538526657662,8.673654439718351,7.839149627232318,7.370411321853865,7.039475755457607,0.40681768226019854,196,0.10212765957446808,4.657945235653279,0.049639341287483554,,,,,,,,,False
2025-10-08,470,0.20355166082630308,16.923854509113017,95.66928058836245,42.44368805678822,23.037582158095667,18.535670243567996,10.155392753587293,9.366387384199278,8.625036567750893,7.863751659577602,7.435834636525108,6.99352233713058,0.403918327234897,202,0.09787234042553192,4.694639005724602,0.006024588304677222,,,,,,,,,False
2025-10-09,470,0.2046516048424846,16.816699554815393,96.18625427596774,42.489104269674414,22.731017625893855,18.3905245911162,10.142437437541787,9.46056383376974,8.654161957493798,7.901382725342375,7.504163786010362,6.831255457064836,0.4041262514897746,198,0.09574468085106383,4.686211759651053,0.002232001088781019,,,,,,,,,False
2025-10-10,470,0.2041676095136969,16.78083618991747,95.95877647143757,44.003378410880515,21.845229903140485,17.842578580531427,10.081808485707656,9.48060395141388,8.673594045215172,7.886510144255512,7.512106165320616,6.79010928505547,0.4036846209610587,199,0.09787234042553192,4.66804820302141,0.0034840992605362246,,,,,,,,,False
2025-10-13,470,0.1969296159991036,17.55183940011632,92.55691951957868,44.50788344949315,21.58989086453854,17.840575857576585,10.32233748403858,9.58074673250185,8.79696404695963,7.9250751813626374,7.6063591398682435,6.906177424883231,0.3974842705855863,203,0.08936170212765958,4.696162829475954,0.005552783196479608,0.018484317880357447,94.9888491598172,77.61545505781963,0.01909373276352666,94.74861579979456,77.37461228291382,0.9868041874565224,0.01319581254347757,False
2025-10-14,470,0.19634298758074323,17.60213605220493,92.28120416294934,44.780945802111134,21.146118606055747,17.878336286918124,10.571128136837263,9.605975745589433,8.806768331241162,7.949514789771786,7.609766644533118,6.924652484421321,0.39714411275504585,202,0.08936170212765958,4.682959681245275,0.007957174613255909,,,,,,,,,False
2025-10-15,470,0.19246146653732982,18.131755589642562,90.45688927254503,44.294570165880785,20.59569462262229,17.996386318203594,11.032591422353349,9.760511423070112,8.865176728810077,8.12893834809681,7.689977632734946,6.97505943182183,0.3922896421310745,211,0.08723404255319149,4.7332028616146635,0.006823027718550106,,,,,,,,,False
2025-10-16,470,0.19322493910895355,18.039351632237423,90.81572138120816,43.90914324236641,21.106680645742497,18.26614783790305,11.43858583927095,9.698342787609437,8.755812185551822,8.055414891600565,7.701177261239645,6.964618274115949,0.39475804031168316,211,0.08723404255319149,4.730010481933913,0.006632491040239532,,,,,,,,,False
2025-10-17,470,0.19275344558680735,18.07694718696532,90.59411942579945,44.06998364617276,21.066038759172066,18.119165931444694,11.698855302978355,9.892398556668788,8.704312497233847,8.047254013296541,7.678381367152336,6.948465862515576,0.3947833256714199,207,0.08723404255319149,4.708003164400219,0.006451027537086603,,,,,,,,,False
2025-10-20,470,0.19454622771735539,17.894115788341335,91.43672702715702,43.80921538898704,21.03062058678718,18.090169581549524,11.643859166473199,9.902213644535232,8.713239161695611,8.06766846131885,7.680873256437701,7.034836713027643,0.3957672164913915,207,0.08723404255319149,4.705053601929752,0.0046000998049267345,0.017975725171862803,95.49891604832648,77.78137076253063,0.01901772164415329,95.09798570804854,77.37939842578041,0.9967286260075292,0.003271373992470794,False
2025-10-21,470,0.195148563367843,17.8918961721059,91.7198247828862,43.249979294387146,21.060082157374787,17.535023719055395,12.0894661066284,9.904733263652911,8.731297332836178,8.306715487867594,7.632521569280357,7.0412863823182406,0.39500931076666373,211,0.08936170212765958,4.739076171898149,0.0050446853876514085,,,,,,,,,False
2025-10-22,470,0.19597753081536765,17.79317891612923,92.10943948322279,43.09967939899005,21.15757439388689,17.863076099331003,12.311312840724117,9.95562970641009,8.845608812177407,8.040548322924934,7.443704280068954,7.194277523143381,0.39689591960884013,211,0.08936170212765958,4.709097674659496,0.005616295422583133,,,,,,,,,False
2025-10-23,470,0.19092799689168158,18.26757007909853,89.73615853909035,44.31908459030353,20.897589050355943,17.91044506412561,12.416331852866701,9.909499801114062,8.83965535408946,8.112076058702396,7.597087212336903,7.21267178152439,0.3942119342483875,212,0.06808510638297872,4.754323416260714,0.006786735017919521,,,,,,,,,False
2025-10-24,470,0.18999593990480568,18.375512292243,89.2980917552587,44.380884781200606,20.903689758833117,17.943017305192818,12.444634652762254,9.888267564078905,8.80213061415516,8.105990360655401,7.590582107870101,7.208201243306417,0.39355386862393077,210,0.06808510638297872,4.7414162821293075,0.006650637390554825,,,,,,,,,False
2025-10-27,470,0.1894707406645144,18.43229168501958,89.05124811232176,44.39290489419254,21.037875357043553,18.064121644042253,12.430412519980393,9.843342893630485,8.54811617995591,8.087905004724762,7.541797873116625,7.234627195694042,0.3935671543140011,209,0.06808510638297872,4.7737560887567465,0.007567028081477113,0.018280385485470736,94.85118536720601,76.59008403736549,0.019071167018890316,94.55980903657161,76.29791692519765,0.9967484595325248,0.0032515404674752224,False
2025-10-28,470,0.19104485851745853,18.230105921160387,89.79108350320553,44.54808148738009,20.631167852236985,18.378064510376888,12.408697556542744,9.708154158242056,8.568588933029556,8.069291940547576,7.517617238345427,7.203899215000415,0.3952278615100899,207,0.07021276595744681,4.725927553383245,0.007893662387152384,,,,,,,,,False
2025-10-29,470,0.19221450465938086,18.062237462856956,90.34081718990899,44.61915435551779,20.41378137011746,18.553292597674332,12.642838737860686,9.933679218772141,8.935985214962534,8.007204090018659,7.660814687837183,7.4428952325963555,0.39695720053421124,197,0.06808510638297872,4.679028186002245,0.008274735743773534,,,,,,,,,False
2025-10-30,470,0.19104647103801514,18.2510232361377,89.79184138786712,44.13448463903684,20.091224352009945,18.374406623672908,12.558087698110263,10.311735420847416,9.484597039895517,8.485540977973773,7.715734705714426,7.553164502990202,0.39351073340573844,201,0.07021276595744681,4.707848219520672,0.005126343964070227,,,,,,,,,False
2025-10-31,470,0.18216772311984158,19.787300448150205,85.61882986632554,40.709862400705944,20.619988643330615,18.589041339769263,12.819489480545009,10.135744869693312,9.739466852471704,8.25925631177204,7.994262504286542,7.595700385281629,0.3794834292142051,212,0.06808510638297872,4.806133262461792,0.004845075534183187,,,,,,,,,False
2025-11-03,470,0.18262334370119992,19.97605589537436,85.83297153956397,38.82718669700513,20.565806776218842,18.401176055440608,12.842503126876025,10.129802571555164,9.911626878743853,8.256561912984303,8.028603568117564,7.66098275631179,0.3754673280746906,217,0.06808510638297872,4.8419548464257325,0.004799709658394955,0.018892558327080467,94.74729858450095,74.93497347450071,0.018373215324239012,94.32515599395973,74.51335022696233,0.9776590120535655,0.022340987946434465,False
2025-11-04,470,0.18045808122875182,20.146027616923675,84.81529817751334,39.95414271252665,20.28794880176021,18.301653770266608,13.241557350328865,10.095693716854424,9.80662914331727,8.313094792881273,7.946566223879279,7.661393311725868,0.37574595917531,214,0.06808510638297872,4.834832430114138,0.004318831375039695,,,,,,,,,False
2025-11-05,470,0.17746126230546955,20.84504466705143,83.40679328357069,37.87811333408324,20.202577584822453,18.222793332610863,13.368011670215418,10.341310827478262,9.891132894443137,8.395779508012705,7.922613148089791,7.723449327108197,0.36825167916021845,218,0.05106382978723404,4.9130814731948895,0.0069046862949689244,,,,,,,,,False
2025-11-06,470,0.17436821247446782,21.386004764415137,81.95305986299988,37.211864004932224,20.26054133929948,18.365021477268115,13.245131342363594,10.345046674246868,10.05248670120992,8.3886554123194,8.0780041027267,7.634252983144103,0.36390557026992193,222,0.05319148936170213,4.953843999318768,0.0070952229732794995,,,,,,,,,False
2025-11-07,470,0.17449778528508533,21.369715331076428,82.0139590839901,37.359425058117324,20.095056499791916,18.43214999191126,13.174054723958932,10.232915410069959,10.030564881119782,8.257987993801784,7.9882707324102755,7.636344865490043,0.3639886071441905,223,0.05319148936170213,4.958578310469944,0.004872295059656127,,,,,,,,,False
2025-11-10,470,0.1741219759565934,21.44357996242218,81.83732869959888,37.31093248731172,20.100578346183887,18.439028506622172,13.15652141175711,10.240860602759334,10.025020912049097,8.229415616595796,7.884468528957812,7.62261959101722,0.3634987009605825,221,0.05106382978723404,4.944855046963559,0.004164587397359706,0.01859485898031223,95.44265794738003,74.15460510193414,0.01796287527835456,95.37590963620795,74.08848877446401,0.9971957590715409,0.0028042409284591008,False
2025-11-11,470,0.16448021609832641,22.759059406061017,77.3057015662134,38.22652377762847,20.678204624640923,18.519263966954096,13.288041677594384,10.407512344401505,10.163191887067887,8.336864671632554,7.983335443447346,7.641131449913655,0.3574845438575134,227,0.05319148936170213,4.981599115326391,0.004346050900512635,,,,,,,,,False
2025-11-12,470,0.1640572340266673,22.866173629062,77.10689999253364,37.965964893368565,20.835498223276723,18.484591633391,13.171103222378553,10.438817305880185,10.14652685398298,8.457377335573739,7.941103624174563,7.628989405297486,0.3565192722658478,230,0.05106382978723404,4.994057572044717,0.0015696593022728304,,,,,,,,,False
2025-11-13,470,0.16524337408280731,22.701804590436886,77.66438581891941,37.68963226895363,21.20538130565521,18.25011809774297,13.34050750010475,10.428514316174846,10.081578415742944,8.397428640142184,7.895687150449265,7.573095180134578,0.35776601061994895,231,0.05531914893617021,4.981819793591924,0.0018690740824751622,,,,,,,,,False
2025-11-14,470,0.15920366707950626,23.626094630418482,74.82572352736796,37.834147457090296,21.427657052779015,18.540131597148413,13.427297518877575,10.496634113442386,10.142261943430956,8.537810182016258,7.9648097161408895,7.603503387612517,0.35330841947502817,235,0.05531914893617021,5.008551231427187,0.0014607812003810733,,,,,,,,,False
2025-11-17,470,0.16064892128256356,23.33271663592531,75.50499300280484,38.25071733433566,21.295172299631762,18.407669927530968,13.609692181037847,10.329933518276597,10.113828708865224,8.522233800170877,7.944880038943297,7.602020322547001,0.3554643505220024,233,0.05531914893617021,5.004193572137417,0.002059610760785737,0.017777609564699245,95.51441166784142,72.32456634363398,0.01873992094359436,95.08030687897,71.88949924338367,0.9972781830964167,0.0027218169035833073,False
2025-11-18,470,0.1596771812497035,23.523306850931906,75.04827518736064,38.04729758926972,21.453320172493733,18.3740113895064,13.595285292642796,10.34966177280873,10.09996548701854,8.54131966284157,7.919721476233571,7.598104535192538,0.35429402049207087,234,0.05531914893617021,5.015416127114992,0.0016876105793222338,,,,,,,,,False
2025-11-19,470,0.15923935149376076,23.696804610625588,74.84249520206757,37.509718342610185,21.385723889503577,18.412561316660227,13.568504395021705,10.371637655244852,10.120126887587917,8.543559049245516,7.870751309305087,7.581690356769891,0.3525936237146026,233,0.05531914893617021,5.0120762453472825,0.001324683573016377,,,,,,,,,False
2025-11-20,470,0.15995765488360492,23.464429060051827,75.1800977952943,38.22886448271355,21.360298097659104,18.255722517618107,13.73456800134769,10.331835335704827,10.150121861286951,8.51814837952794,7.782076510991425,7.45969508102312,0.3548075550949633,234,0.05531914893617021,5.005173010320123,0.0010524883182869845,,,,,,,,,False
2025-11-21,470,0.16566462714663222,22.65557555958668,77.86237475891713,37.55938717168898,21.283599972820127,18.329159182261545,13.664693132098307,10.216223702833837,10.04597402814657,8.423804257613298,7.72049162944676,7.473190566007508,0.35893449833571517,230,0.05531914893617021,4.970991361201561,0.0010524883182869845,,,,,,,,,False
2025-11-24,470,0.1648343666889597,22.73573404608318,77.47215234381108,37.99124738032501,21.428480921877693,17.719262467562544,14.177554944433998,10.143737253023318,10.0347974151553,8.410506692762468,7.672189141976319,7.443610475341607,0.3591248894851282,233,0.05531914893617021,5.006667746787066,0.0013791226239622555,0.01818200015740457,95.23515910096286,72.64607742141123,0.018889254757643987,94.25748880517868,71.66769987102681,0.9983270028056722,0.0016729971943277855,False
2025-11-25,470,0.16763165510454767,22.31722955871489,78.78687789913741,37.82204594278005,21.36079327126884,17.82909197898661,14.202878097773052,10.083019185207585,9.92287102490343,8.390202121929423,7.623693489704324,7.441072253629889,0.36170571742541696,230,0.05531914893617021,4.987383445747211,0.0013519030984893163,,,,,,,,,False
2025-11-26,470,0.16650040766902527,22.505448981509627,78.25519160444188,37.642019338467605,21.44979531393664,17.897198322923543,14.28072365475047,10.161967913424471,9.926425992505886,8.40430473583751,7.660560686429736,7.5118794496044305,0.3606913366691918,230,0.05531914893617021,4.984433883276743,0.001370049448804609,,,,,,,,,False
2025-11-28,470,0.1676429259761308,22.32810233663745,78.79217520878149,37.65472169452349,21.231409341695603,17.885456474043686,14.192721061311067,10.199466650354754,10.016048293119184,8.420939813378766,7.722836195597845,7.495983757630745,0.3611840080433092,230,0.05531914893617021,4.98203283077539,0.001233951821439913,,,,,,,,,False
2025-12-01,470,0.16785985727239697,22.24755319215339,78.89413291802657,37.67329425531683,21.40085469285731,18.056492057291344,14.55272884807503,10.246783758896667,10.068610297966439,8.377827179819015,7.729959507218455,7.4744350098769665,0.3629308569607811,227,0.04680851063829787,4.9709297545445965,0.0030032209771809646,,,,,,,,,False
2025-12-02,470,0.1674540974673659,22.289584862927637,78.70342580966198,37.875177978655955,21.3837397312544,18.02319167546554,14.50992563742996,10.241317865175997,10.026727133805053,8.39630417833403,7.745969511264445,7.448845189478628,0.36275629964354855,227,0.05531914893617021,4.959561986983163,0.001451708025223427,0.01868487463872629,94.97546535184263,72.83464971174362,0.018433019570963233,94.75445214648659,72.61388836145535,0.9986507291359747,0.0013492708640252538,False
2025-12-03,470,0.16809787280935942,22.23706034123615,79.0060002203989,37.75452924602196,21.351448912022526,17.659505420232314,14.505465517640944,10.210401089635567,9.98581164721875,8.355150144543217,7.8337963581193355,7.484670211110802,0.3622913815240781,226,0.05531914893617021,4.955889449889034,0.0009889760921834596,,,,,,,,,False
2025-12-04,470,0.1644114793600445,22.82888365030841,77.27339529922091,38.091061233063584,20.884327806303887,17.34770083987459,14.675083256465578,10.172429171182358,9.994471564795308,8.39261291910056,7.912965599064386,7.500466625383476,0.35802461369133737,230,0.04680851063829787,5.011185226448205,0.002622147620559815,,,,,,,,,False
2025-12-05,470,0.16410931157427183,22.983901555548265,77.13137643990774,37.545434742165966,20.887745956369898,17.08612923245574,14.720652377723855,10.19800479364781,9.95125653870538,8.441965311989234,7.921557630515016,7.420092996644473,0.3561092313800494,229,0.05531914893617021,4.971421947579495,0.0009163906909222882,,,,,,,,,False
2025-12-08,470,0.16374632742248393,23.03775857502461,76.96077388856745,37.70068229474006,20.835096794764212,16.909374050905857,14.739104482274914,10.184986684758018,9.925308635261059,8.256828299527758,7.886902322496281,7.459138328462751,0.3556277266196862,231,0.05531914893617021,4.981859817214948,0.0022047815633080797,,,,,,,,,False
2025-12-09,470,0.16366868701897352,23.06061483921466,76.92428289891757,37.67090210383711,20.77148172111844,16.931387329200604,14.785624763357923,10.21118990605059,9.902051689284226,8.342523184702578,7.870820895311949,7.406765823915033,0.35549718897113114,232,0.04680851063829787,5.0192256136837115,0.001887220432790455,0.01826062874348043,95.59967315915036,72.68446637821118,0.018578205606304923,94.7215601513107,71.8060357935087,0.9971566764093223,0.0028433235906777377,False
2025-12-10,470,0.16563305630089323,22.752099962146318,77.84753646141982,37.62895209297726,20.85515741716287,16.998723737872673,14.571434287087175,10.134284499599339,9.914565757016117,8.344348269954363,7.813968827659071,7.3590841383916885,0.35723788084365915,231,0.05531914893617021,4.986127617301508,0.0005897563852470172,,,,,,,,,False
2025-12-11,470,0.1657392225124026,22.84160026860093,77.89743458082921,37.266536772638474,20.287375624440024,16.928475225611855,14.632280037118864,10.167852999107913,9.91717159487733,8.27911524277036,7.817897350270446,7.3683550023739235,0.35534489838433714,234,0.04680851063829787,5.024871349550493,0.0006169759107199564,,,,,,,,,False
2025-12-12,470,0.16496969831245373,22.850082819414357,77.53575820685325,38.17313315551776,20.047465472956674,16.6898099131511,14.774182902030894,10.150082819549228,9.917142645527779,8.26128423859554,7.824086557857357,7.363542340032651,0.3557879779798079,232,0.05531914893617021,4.986974256813761,0.0007440003629270064,,,,,,,,,False
2025-12-15,470,0.16311174676777507,23.155042997103397,76.66252098085428,38.1520883808562,20.136182689800172,16.517950577975057,14.81942871974512,10.135390875178558,10.025832024420438,8.224269292842738,7.938562815407002,7.370600444164064,0.3538046198919805,234,0.05531914893617021,5.002355428039218,0.000562536859774078,,,,,,,,,False
2025-12-16,470,0.16324346545794083,23.119014067972532,76.72442876523218,37.98834739689262,20.047904132412114,17.258290291524453,14.779401220686887,10.133966341576283,10.05534579270281,8.31778870889884,7.897775130261814,7.3510532321923945,0.35489015278031544,232,0.05106382978723404,4.999269699237377,0.0017874155060563445,0.01790377343349333,95.45907230409871,72.48539792815063,0.018364940576237627,95.05133379735648,72.07719825426565,0.9973653421974745,0.002634657802525475,False
2025-12-17,470,0.16254891801601976,23.126216540801597,76.3979914675293,38.47879731150229,20.26156482259327,17.34807079192862,14.825526146938047,10.127502513288212,10.055281630237735,8.362841990324434,7.865396637560567,7.347927234518644,0.35598287349040747,233,0.05106382978723404,5.005768133913383,0.0007621467132422991,,,,,,,,,False
2025-12-18,470,0.16241805649684277,23.17284165113659,76.3364865535161,38.31287436516709,20.25541394502778,17.486296955146436,14.845049817922062,10.055927077505528,10.022663480074195,8.367076792099589,7.841794753851735,7.308342064950106,0.35582153539740313,232,0.05531914893617021,4.998744601662551,0.0022229279136233727,,,,,,,,,False
2025-12-19,470,0.15970852929192036,23.583996413462703,75.06300876720258,38.87586174419488,19.776021417486966,17.206447677575206,14.864357071401558,10.128472370404845,9.894878431749396,8.656800308574471,7.841299613564014,7.345387806972251,0.3527355248465131,234,0.05106382978723404,5.012859819030487,0.0019325863085786872,,,,,,,,,False
2025-12-22,470,0.16102377860177744,23.488175642218483,75.68117594283541,38.229254382640676,19.416736850921417,17.361874878427464,14.876520138654858,10.199984014366366,9.952954577771246,8.727168001235167,7.939597590907214,7.422966748888271,0.35226715360314853,238,0.05106382978723404,5.039788128713634,0.002250147439096312,,,,,,,,,False
2025-12-23,470,0.16090131954899578,23.507363912630424,75.62362018802801,38.28296730607008,19.277843828600712,17.47928055343387,14.775716148011746,10.22935886645089,9.957606326677961,8.734920042759764,7.949535248727573,7.435285273056243,0.3519987830300946,239,0.04468085106382979,5.058393853765156,0.0030939527287574286,0.01859107781479103,94.86377260793752,71.4987189370413,0.018784707788220428,95.14726392390772,71.78201662303806,0.9989372809628465,0.0010627190371534923,False
2025-12-24,470,0.15924357675099055,23.72281946771769,74.84448107296555,38.524341461097706,19.339274368039444,17.58735445166607,14.814983417665278,10.272344230507343,9.958184620100127,8.771460584151281,7.968067348470926,7.460177773515578,0.3512987973860299,240,0.04468085106382979,5.061733735532865,0.0027219525472939256,,,,,,,,,False
2025-12-26,470,0.15998802219670466,23.62628645243968,75.1943704324512,38.5879155999494,18.492806761535103,17.76893378015355,14.84853634692967,10.30225125268528,9.930820604276395,8.783843663479985,7.997023533668722,7.487762175251196,0.350835240257487,239,0.05106382978723404,5.045501878048516,0.0016422447035340016,,,,,,,,,False
2025-12-29,470,0.16027859432949132,23.53513586768799,75.33093933486091,38.73214122359063,18.46582164695116,17.78446131588874,14.901553861842173,10.344572465865694,9.938443977213554,8.839851125976988,8.002283895097623,7.539854573042405,0.3515211008151779,240,0.05106382978723404,5.044145544547736,0.0007530735380846527,,,,,,,,,False
2025-12-30,470,0.16012988835911396,23.495430303532682,75.26104752878356,38.9575509768102,18.638196906573054,17.852946427531403,14.928313078342944,10.385800076598478,9.755586892245553,8.90552276089215,8.046333835777059,7.579695579036874,0.3524213934426408,240,0.05106382978723404,5.043032250624833,0.000390146531778796,,,,,,,,,False
2025-12-31,470,0.16113358087155827,23.322108720750965,75.73278300963239,38.9752453627266,18.53113388897648,17.89312139801669,14.909240485200135,10.429709853585038,9.76627224462504,8.922032396261937,8.050510907994504,7.574511949856835,0.35327983860543044,240,0.05106382978723404,5.044145544547737,0.0016422447035340016,0.01846204160750861,94.70538448661316,71.52594730512624,0.019119529187541645,94.80727470692209,71.62718003785514,0.9994117278006613,0.0005882721993386575,False
2026-01-02,470,0.16113010541741424,23.27919000051527,75.73114954618467,39.191635927453305,18.507876998756494,17.997394444233695,14.873007563900345,10.409112997947034,9.847833245275247,8.993364426353239,8.048964002355568,7.600355115542385,0.353832052086231,238,0.05106382978723404,5.038246419608801,0.0020686839359433835,,,,,,,,,False
2026-01-05,470,0.1565841974197865,23.95663723271278,73.59457278729965,39.56436237511964,18.574077066076345,17.860378245802497,15.240378178713899,10.412320478180115,9.811289082522123,9.15822264536639,7.9760022075966726,7.654139574089225,0.3507101460702383,239,0.05531914893617021,5.039000135065626,0.0014789275506963662,,,,,,,,,False
2026-01-06,470,0.1571435093451715,23.915017412964502,73.85744939223059,39.066841380049425,19.062811070757213,17.89703749446571,15.33620209970966,10.482267229607292,9.712094843377615,9.082534696592976,7.858986200586344,7.631709856862506,0.3515326413557715,236,0.05531914893617021,5.026126687147538,0.001515220251326952,,,,,,,,,False
2026-01-07,470,0.15876885367349008,23.660782751903863,74.62136122654033,38.920553105542595,19.05534712792986,17.871840449354444,15.23143964426493,10.629284651080324,9.926101950226453,9.04535833107796,7.700825365744695,7.66366465929773,0.35255434373113237,235,0.05106382978723404,5.029290476102057,0.0013065372227010843,,,,,,,,,False
2026-01-08,470,0.16091391949330278,23.239983963650193,75.6295421618523,39.14992935774454,19.0964043439083,18.00757651427122,15.075464138642898,11.126588463555375,9.910242517038073,8.953472906397778,7.673720460465409,7.5790460564631,0.35523173726897717,233,0.05106382978723404,5.014785703328593,0.001497073901011659,0.018509732707755137,95.52652601756438,72.42894624069973,0.01906260525196944,94.06081664892459,70.96268399951573,0.9964438378240025,0.0035561621759975237,False
2026-01-09,470,0.16018571976814738,23.385598063302712,75.28728829102928,38.9810781783966,18.96120866776196,18.028306895920217,15.158835380261271,11.149380967021777,10.01992413090942,8.918105077768569,8.007210080418261,7.598751137560163,0.3540781221561049,234,0.05106382978723404,5.023154455691213,0.002250147439096312,,,,,,,,,False
2026-01-12,470,0.15790764470819102,23.88029067982072,74.21659301284978,38.18525688387335,19.024974030164987,18.34845739441059,14.861383040375161,11.329724459439436,10.140298950065603,9.008416787423545,8.218988732904585,7.635735213659949,0.350290775237604,238,0.05106382978723404,5.062297205393248,0.002758245247924511,,,,,,,,,False
2026-01-13,470,0.15721281069063237,23.975515847614435,73.89002102459722,37.97799000833918,19.506376498338792,18.46138111671544,15.053181374216937,11.390128117505604,10.106694876120846,8.96139639104149,8.402333779875043,7.692278187226794,0.35082755323873943,237,0.05531914893617021,5.040063396469099,0.001959805834051626,,,,,,,,,False
2026-01-14,470,0.15807115740603553,23.705573783112854,74.29344398083668,38.74289194366244,19.62102044152543,18.327752267100692,14.920335677957553,11.421317899786462,10.221997286274473,8.940096417232041,8.110998208713443,7.716838287456538,0.3529903070448571,234,0.05531914893617021,5.027603882682029,0.0021957083881504334,,,,,,,,,False
2026-01-15,470,0.1590890954959436,23.49903920605793,74.77187488309349,38.76067043703668,19.5631995973267,18.649583768362714,14.885932367554371,11.674508619446701,10.248463199313537,8.960350048482852,8.276059614638854,7.766305908785579,0.35453459798590203,232,0.04893617021276596,5.02135471465729,0.002386245066461008,0.01884323387962395,95.63310960826287,72.27431626382126,0.018578891325555034,94.777856759918,71.41932775803045,0.9975434238515222,0.0024565761484778292,False
2026-01-16,470,0.15808151538926613,23.78902535201137,74.29831223295508,38.04672628558792,19.805709066693062,18.42995538290414,14.913452516926377,11.679476871153192,10.251600523893668,9.108636878570103,8.262613071650662,7.770610101058528,0.3521152244363119,233,0.04893617021276596,5.0293410825662725,0.0025495622192986435,,,,,,,,,False
2026-01-20,470,0.1633160210859573,23.04499429865266,76.75852991039991,37.577091000626766,19.34564848571251,18.19064220812441,15.163083639051468,11.43749847991803,10.224439385626361,8.939133713319205,8.209049355756946,7.626275287569791,0.35539360690194705,231,0.059574468085106386,4.990151213964568,0.0027038061969786326,,,,,,,,,False
2026-01-21,470,0.1663636971802178,22.546091390143065,78.19093767470235,37.82736430658706,19.281694620085666,17.941559208121124,14.951529964830602,11.398474730649518,10.16262701780926,8.914465733148688,8.180877860135967,7.537317870464028,0.3578576293070783,232,0.059574468085106386,4.996830744313421,0.0022864401397268974,,,,,,,,,False
2026-01-22,470,0.16520002465021408,22.666245477928793,77.64401158560062,38.15521773011267,19.436768829753166,18.166705021594655,14.731121264113403,11.370769008091113,10.502075644155187,8.966436180604209,7.835167257872303,7.593104919781091,0.35773154134292445,226,0.04468085106382979,4.998604523437155,0.003837953091684435,,,,,,,,,False
2026-01-23,470,0.1635324810819866,23.008700446084998,76.86026610853372,37.670987546250956,19.713352011172983,17.78251765782261,14.703606687857745,11.446998309598417,10.720997493056434,9.118873679544436,7.841717997567182,7.612018704665858,0.35474623406731487,227,0.04468085106382979,4.980248140711149,0.0043369777253549876,0.017617693416718525,95.52430160675976,72.66151594834002,0.018470084943148713,95.07343762959712,72.20979957965096,0.9954288104041775,0.004571189595822478,False
2026-01-26,470,0.16084141025531015,23.4140416151219,75.59546281999579,37.884506348416664,19.793617210764424,17.649815573012933,14.70539411974622,11.46989421949457,10.739036953028712,9.174762307847008,7.971718329736432,7.712412443780947,0.3524016937700766,230,0.04468085106382979,5.010498533170537,0.003402440684117407,,,,,,,,,False
2026-01-27,470,0.16054933862486942,23.439749849598115,75.45818915368861,37.68967799486606,20.51531399213267,17.609831109896852,14.553195283742944,11.488168218285256,10.653569571627921,9.141886535271357,7.971094528791361,7.809048986694652,0.35282171815814295,226,0.04468085106382979,4.978082813136098,0.004391416776300867,,,,,,,,,False
2026-01-28,470,0.1621193951454161,23.09913621411812,76.19611571834554,38.07680690551946,20.50025898466435,17.74626956765232,14.320182338275181,11.488860322849023,10.790551712321703,9.03270313709039,7.968580049045477,7.849783204226994,0.3549779436477807,225,0.04468085106382979,4.9610553309694705,0.003692782289162092,,,,,,,,,False
2026-01-29,470,0.16411828902209658,22.726549836698297,77.1355958403854,38.25554161985747,20.751934534468802,17.55997467981198,14.116518124235949,11.543926217928593,11.04017545086937,9.156777906622565,8.037839822453975,7.688100821478868,0.35706290382714806,217,0.04468085106382979,4.915333701091376,0.001996098534682212,,,,,,,,,False
2026-01-30,466,0.1654587952017633,22.609489851180427,77.10379856402167,37.75719084147575,19.904907971481265,17.052399572803786,14.009545938365363,11.575460245558544,10.974477731743946,8.9780235045096,8.064287570780898,7.508963842845016,0.35585374010332155,223,0.045064377682403435,4.9627258864935495,0.0017998061747196456,0.01866453509497793,93.813218125803,71.35052253472936,0.01897472347334651,93.1716243597077,70.7086185802557,0.9982901558525584,0.0017098441474415749,False
2026-02-02,465,0.16070200617518685,23.287107685291446,74.7264328714619,38.28838161870314,20.21128717648434,16.924417549009597,13.65244065653652,11.18008031140341,11.08761721137488,9.141738312768215,8.06772391477615,7.659540578779004,0.35226442983267836,222,0.043010752688172046,4.960244853456624,0.002521319985168706,,,,,,,,,False
2026-02-03,465,0.15304586282236063,24.26062592782618,71.16632621239768,37.77381644408487,23.60113592975594,16.69480136796318,14.060445702250409,12.50979507243797,11.089065786956262,9.293655580277722,8.259580255632887,7.853258282610586,0.35117532399237017,225,0.043010752688172046,4.998098899906153,0.0034111976269929553,,,,,,,,,False
2026-02-04,465,0.15170213851756142,24.312578010494423,70.54149441066608,38.539441424789985,23.350629332603916,17.843796463320714,13.876576506702218,12.36537631849507,10.828726034637736,9.135319531072756,8.22846893119453,7.682552138821213,0.35301492072706,224,0.04516129032258064,4.997232029031816,0.003096032628846867,,,,,,,,,False
2026-02-05,465,0.14985317535139017,24.582740770552924,69.68172653839642,38.731720889310694,23.098613359055513,17.807636859131513,13.597641106778656,12.43379017309812,11.12968568166444,9.322408853980168,8.678518278719375,8.024515616933233,0.3503598682853179,225,0.047311827956989246,4.98978763416064,0.0034668149796069705,,,,,,,,,False
2026-02-06,465,0.1537290159835307,23.915590975444502,71.48399243234178,39.20408587099179,22.85272740091265,17.608154685057542,13.443364565975882,11.951545466509979,10.981082766222164,9.2117469525598,8.51119913630161,7.927938245057839,0.353961989151139,224,0.047311827956989246,4.987194978890398,0.004597701149425287,0.018489312845520717,95.40175822016887,71.62140694786238,0.019397150282335202,94.31368615223118,70.53242704248788,0.9931382156374273,0.006861784362572676,False
2026-02-09,465,0.15292985002987192,24.10047268509316,71.11238026389043,39.020350827763394,22.696379287863465,17.59139865811221,13.382885999732432,12.136387304823364,10.927659724940959,9.290057534739075,8.486192173130457,7.85532503199721,0.35226536567174616,226,0.047311827956989246,5.0112690227966645,0.0036800148312940303,,,,,,,,,False
2026-02-10,465,0.15124105940077176,24.507241095302774,70.32709262135887,38.541908362248805,22.476450692592287,17.535778648500944,13.261779705503024,12.185815177757945,10.861923041690016,9.323880985709422,8.455672722905982,8.078738104279656,0.348694645226245,227,0.04516129032258064,5.014660773461401,0.0030774935113088617,,,,,,,,,False
2026-02-11,465,0.149434797588617,24.78540273536066,69.48718087870691,38.340494667397664,23.435153332374924,17.362796087649805,13.006695535194275,12.048299391096469,10.901723042843374,9.254384665268134,8.418706589067662,7.886765299866988,0.34759638817488936,227,0.04516129032258064,5.005779313146085,0.0033370411568409346,,,,,,,,,False
2026-02-12,465,0.14993580346829766,24.661154230901182,69.72014861275841,38.669407204803605,23.104684411536994,17.396097232018697,12.813370987647879,11.926330993890854,10.935529698970834,9.1434864152898,8.670286716401229,8.209275358264374,0.3477499106425067,226,0.047311827956989246,5.003768065879992,0.003689284390063033,,,,,,,,,False
